row,offer_text,assigned_itemcode,assigned_itemname,label_provenance,final_verdict,replacement_itemcode,replacement_itemname,justification,verdict_source,adjudicator_verdict,adjudicator_note,n_superior_skus_found,skus_compared,label_defects,runtime_rule_defects,protein_inconsistency,pack_inconsistency,category_unreachable,multi_entity_offer
0,AL KABEER CHICKEN POPCORN 1000GR,CCFA,CHICKEN FRIES BULK,real_flyer_catalogue_forced,INCORRECT,CKPC,CHICKEN POP-CORN,"CKPC (CHICKEN POP-CORN) is superior: covers strictly more of the offer's own wording (['chicken', 'popcorn'] vs ['chicken']). Offer words covered by replacement=['chicken', 'popcorn'] vs assigned=['chicken']; over-specific words replacement=0 vs assigned=2; name similarity 91.1 vs 56.8 (+34.3); protein=1 family=1 pack=unknown; spec '400 Gms x 12 Pkts'. All 237 master SKUs were compared before selecting this replacement.",deterministic,INCORRECT,"Offer product identity is CHICKEN POPCORN; assigned CCFA is CHICKEN FRIES BULK, a different product (POP-CORN is not FRIES). CKPC 'CHICKEN POP-CORN' scores name=91 vs 56.8 for the assigned SKU, prot=1 and cat_ok=1, so it is the correct product line even though no popcorn SKU exists at the stated 1000GR (CKPC=400g, CKPCDA=750g); the fam=0 flag is the known POP-CORN/popcorn normalization artifact and must not be read as agreement with fries.",2,237,,,False,False,False,False
1,ALKABEER SHRIMP BREADED 250 GR,CSB,BREADED SHRIMPS 250,real_flyer_catalogue_forced,CORRECT_BUT_LOW_CONFIDENCE,,,"Assigned SKU accounts for every distinguishing word in the offer (['breaded', 'shrimp']) and introduces none the offer does not state; protein/family/variant compatible, pack unknown; no superior SKU exists among all 237.",deterministic+agent_downgrade,CORRECT_BUT_LOW_CONFIDENCE,"CSB 'BREADED SHRIMPS 250' matches product identity (breaded shrimps) and the offer's declared 250 GR exactly, and no alternative product line is plausible; prot=0 is a tokenizer artifact because all 237 contenders including the exact-name seafood SKUs report prot=0, so it carries no discriminating signal. Confidence is reduced only because pack=unknown (the '250 GR' token did not parse) leaves CSBA BREADED SHRIMPS BULK at a near-tie on name (76 vs 75), making the two separable by offer text but not by pipeline features.",0,237,,,False,False,False,False
2,ALKABEER CHICKEN POPCORN 400GR,CCF,CHICKEN FRIES,real_flyer_catalogue_forced,INCORRECT,CKPC,CHICKEN POP-CORN,"CKPC (CHICKEN POP-CORN) is superior: covers strictly more of the offer's own wording (['chicken', 'popcorn'] vs ['chicken']). Offer words covered by replacement=['chicken', 'popcorn'] vs assigned=['chicken']; over-specific words replacement=0 vs assigned=1; name similarity 91.1 vs 68.1 (+23.0); protein=1 family=1 pack=unknown; spec '400 Gms x 12 Pkts'. All 237 master SKUs were compared before selecting this replacement.",deterministic,INCORRECT,"Offer is CHICKEN POPCORN 400GR; CKPC 'CHICKEN POP-CORN' is 400 Gms x 12 Pkts with name=91 and rank 1 on name, while assigned CCF CHICKEN FRIES is a different product at name=68. Product identity plus exact 400g size agreement makes CKPC objectively better; fam=0 is the documented POP-CORN normalization artifact.",2,237,,,False,False,False,False
3,AL KABEER STUFFED FALAFEL 750GR,CVSF,STUFFED FELAFEL,real_flyer_catalogue_forced,VERIFIED_CORRECT,,,"Best of all 237 SKUs on name similarity (87.7, margin +26.8); no attribute conflict; pack unknown.",deterministic,VERIFIED_CORRECT,"CVSF STUFFED FELAFEL is spec 750 g. x 8, matching the offer's STUFFED FALAFEL 750GR on product identity, the 'stuffed' qualifier and the declared weight; it ranks 1/237 on both name (87.7) and rule (49.2). The nearest contenders (CVF plain FELAFEL 360g, CVFA/CVFAG bulk 1kg) are unstuffed and/or wrong size at name 49-61.",0,237,,,False,False,False,False
4,Al Kabeer Chicken Pop Corn 1000Gm,CCFA,CHICKEN FRIES BULK,real_flyer_catalogue_forced,CORRECT_BUT_LOW_CONFIDENCE,,,"No SKU among all 237 is objectively superior, but the assigned SKU is not a clear winner: offer words unaccounted for ['1000gm', 'popcorn']; name rank 13/237 (61.0).",deterministic,INCORRECT,"Offer product is CHICKEN POP CORN; assigned CCFA is CHICKEN FRIES BULK, a different product, and only matches because its 1 kg spec agrees with the stated 1000Gm. CKPC 'CHICKEN POP-CORN' carries name=81 vs 61 for the assigned SKU and is the correct product line; no popcorn SKU exists at 1kg, so a size gap remains but product identity outranks size per the stated rules.",0,237,,,False,False,False,False
5,ALKABEER CHICKEN POPCORN 400gm,CCF,CHICKEN FRIES,real_flyer_catalogue_forced,INCORRECT,CKPC,CHICKEN POP-CORN,"CKPC (CHICKEN POP-CORN) is superior: covers strictly more of the offer's own wording (['chicken', 'popcorn'] vs ['chicken']). Offer words covered by replacement=['chicken', 'popcorn'] vs assigned=['chicken']; over-specific words replacement=0 vs assigned=1; name similarity 95.6 vs 70.2 (+25.5); protein=1 family=1 pack=compatible; spec '400 Gms x 12 Pkts'. All 237 master SKUs were compared before selecting this replacement.",deterministic,INCORRECT,"CKPC 'CHICKEN POP-CORN' scores name=96 (rank 1/237) with pack=compatible against the offer's 400gm and cat_ok=1, versus assigned CCF CHICKEN FRIES at name=70 with pack=unknown. A contender above the 85 name threshold whose product identity (popcorn) matches while the assigned SKU is fries is decisive.",1,237,,,False,False,False,False
6,AL KABEER ZING CHICKEN NUGGETS NO SPICY 750GR,CKZNNS,ZING CHICKEN NUGGET NON-SPICY,real_flyer_catalogue_forced,CORRECT_BUT_LOW_CONFIDENCE,,,"No SKU among all 237 is objectively superior, but the assigned SKU is not a clear winner: offer words unaccounted for ['750gr']; name rank 5/237 (79.1).",deterministic,VERIFIED_CORRECT,"CKZNNS agrees with the offer on all four discriminating axes: sub-brand ZING (cat2=Chicken-ZNG), product NUGGETS, variant NON-SPICY matching 'NO SPICY', and 8 x 750 GMS matching 750GR. Higher-name contenders fail one axis each: CKN (88) is plain Al Kabeer 270g, CKNHSD (85) is HOT n SPICY, CKNTMP (81) is Tempura and not ZING, CKZN (80) is the ZING regular 270g.",0,237,,,False,False,False,False
7,AL KABEER BREADED SHRIMP 250GM,CSB,BREADED SHRIMPS 250,real_flyer_catalogue_forced,CORRECT_BUT_LOW_CONFIDENCE,,,"No SKU among all 237 is objectively superior, but the assigned SKU is not a clear winner: offer words unaccounted for ['250gm']; name rank 1/237 (89.9).",deterministic,VERIFIED_CORRECT,"CSB 'BREADED SHRIMPS 250' is rank 1/237 on both name (89.9) and rule (49.8) with pack=compatible against the offer's 250GM, matching coating (breaded), protein family (shrimps) and pack size exactly; CSBA differs only by being the 1 Kgs bulk pack, which the stated 250GM rules out. prot=0 is a shrimp/prawn tokenizer artifact - every one of the contenders, including exact-name seafood SKUs, reports prot=0, so no replacement could avoid it.",0,237,,,False,False,False,False
8,AL KABEER PANEER CUBES,VPAN500,PANEER CUBES 500,real_flyer_catalogue_forced,CORRECT_BUT_LOW_CONFIDENCE,,,"Assigned SKU accounts for every distinguishing word in the offer (['cube', 'paneer']) and introduces none the offer does not state; protein/family/variant compatible, pack unknown; no superior SKU exists among all 237.",deterministic+agent_downgrade,CORRECT_BUT_LOW_CONFIDENCE,"The offer 'AL KABEER PANEER CUBES' states no weight, and VPAN500 (500 gm x 10) and VPAN (200 gm x 20) are the same product differing only in that unstated size; VPAN actually scores name=100 vs 95 for the assigned SKU. Product identity is certain (paneer cubes, Veg, TRADING-VEG) but the size cannot be resolved from the offer text, so the assigned label is plausible rather than demonstrably best.",0,237,,,False,False,False,False
9,Al Kabeer Chicken And Cheese Rings 300gm,CFS,FISH FINGERS 300,real_flyer_catalogue_forced,INCORRECT,CKCCR,CHICKEN ‘N’ CHEESE RINGS 300,"CKCCR (CHICKEN ‘N’ CHEESE RINGS 300) is superior: clears a hard rule veto on the assigned SKU while covering every offer word it covered (3/4 tokens). Offer words covered by replacement=['cheese', 'chicken', 'ring'] vs assigned=[]; over-specific words replacement=0 vs assigned=2; name similarity 87.8 vs 36.7 (+51.1); protein=1 family=1 pack=compatible; spec '300 gms x 12 pkts'. All 237 master SKUs were compared before selecting this replacement.",deterministic,INCORRECT,"Offer is Chicken And Cheese Rings 300gm but assigned CFS is FISH FINGERS 300 - protein conflict (prot=0), Seafood vs runtime_category=Chicken, and cat_ok=0 means the deployed candidate generator could never surface this pair. CKCCR 'CHICKEN 'N' CHEESE RINGS 300' matches name (88 vs 36.7), protein (prot=1), 300 gms pack (compatible) and passes the category gate; the MULTI_ENTITY note does not help since fish fingers appear nowhere in the offer.",147,237,protein_contradiction,category_gate_unreachable,True,False,True,True
10,Alkabeer Chicken Pop-Corn 400g,CCF,CHICKEN FRIES,real_flyer_catalogue_forced,INCORRECT,CKPC,CHICKEN POP-CORN,"CKPC (CHICKEN POP-CORN) is superior: covers strictly more of the offer's own wording (['chicken', 'popcorn'] vs ['chicken']). Offer words covered by replacement=['chicken', 'popcorn'] vs assigned=['chicken']; over-specific words replacement=0 vs assigned=1; name similarity 81.2 vs 69.4 (+11.8); protein=1 family=1 pack=compatible; spec '400 Gms x 12 Pkts'. All 237 master SKUs were compared before selecting this replacement.",deterministic,INCORRECT,"Offer 'Chicken Pop-Corn 400g' matches CKPC 'CHICKEN POP-CORN' 400 Gms x 12 Pkts on product identity and size (name=81, pack=compatible), while assigned CCF CHICKEN FRIES is a different product at name=69 with pack=unknown. POP-CORN is not FRIES regardless of the shared Item-Cat-4 family label.",1,237,,,False,False,False,False
11,Al Kabeer Chicken 'n' Cheese Rings 300gm,CFS,FISH FINGERS 300,real_flyer_catalogue_forced,INCORRECT,CKCCR,CHICKEN ‘N’ CHEESE RINGS 300,"CKCCR (CHICKEN ‘N’ CHEESE RINGS 300) is superior: clears a hard rule veto on the assigned SKU while covering every offer word it covered (3/4 tokens). Offer words covered by replacement=['cheese', 'chicken', 'ring'] vs assigned=[]; over-specific words replacement=0 vs assigned=2; name similarity 88.7 vs 37.7 (+51.0); protein=1 family=1 pack=compatible; spec '300 gms x 12 pkts'. All 237 master SKUs were compared before selecting this replacement.",deterministic,INCORRECT,"Assigned CFS FISH FINGERS 300 is a fish product against a chicken-and-cheese-rings offer: prot=0, Seafood cat2 against runtime_category=Chicken, cat_ok=0 (unreachable at inference) and name only 37.7 (rank 145/237). CKCCR 'CHICKEN 'N' CHEESE RINGS 300' is the literal product at name=89, 300 gms compatible, prot=1, cat_ok=1.",139,237,protein_contradiction,category_gate_unreachable,True,False,True,False
12,Al Kabeer Stuffed Falafel 750gm ,CVSF,STUFFED FELAFEL,real_flyer_catalogue_forced,VERIFIED_CORRECT,,,"Best of all 237 SKUs on name similarity (93.3, margin +28.4); no attribute conflict; pack compatible.",deterministic,VERIFIED_CORRECT,"CVSF STUFFED FELAFEL 750 g. x 8 is rank 1/237 on name (93.3) and rule (51.3) with pack=compatible against the offer's 750gm, matching the 'stuffed' variant and weight exactly. All alternatives are either plain felafel at a different size (CVF 360g, CVFA/CVFAG 1kg bulk, all pack=INCOMPATIBLE) or unrelated products below name 50.",0,237,,,False,False,False,False
13,Al Kabeer Chicken Cheese Rings 300gm ,CFS,FISH FINGERS 300,real_flyer_catalogue_forced,INCORRECT,CKCCR,CHICKEN ‘N’ CHEESE RINGS 300,"CKCCR (CHICKEN ‘N’ CHEESE RINGS 300) is superior: clears a hard rule veto on the assigned SKU while covering every offer word it covered (3/4 tokens). Offer words covered by replacement=['cheese', 'chicken', 'ring'] vs assigned=[]; over-specific words replacement=0 vs assigned=2; name similarity 87.8 vs 38.9 (+48.9); protein=1 family=1 pack=compatible; spec '300 gms x 12 pkts'. All 237 master SKUs were compared before selecting this replacement.",deterministic,INCORRECT,"Offer is Chicken Cheese Rings 300gm; assigned CFS FISH FINGERS 300 conflicts on protein (prot=0), is Seafood against runtime_category=Chicken and has cat_ok=0, so the deployed pipeline could never produce it, and its name score is 38.9 (rank 145/237). CKCCR CHICKEN 'N' CHEESE RINGS 300 matches identity and the 300 gms pack at name=88 with prot=1 and cat_ok=1; the RINGS contenders beat the STICKS/NUGGETS variants because product identity is rings.",136,237,protein_contradiction,category_gate_unreachable,True,False,True,False
14,"AL KABEER CHICKEN N' CHEESE RINGS, 300 GRAMS",CFS,FISH FINGERS 300,real_flyer_catalogue_forced,INCORRECT,CKCCR,CHICKEN ‘N’ CHEESE RINGS 300,"CKCCR (CHICKEN ‘N’ CHEESE RINGS 300) is superior: clears a hard rule veto on the assigned SKU while covering every offer word it covered (3/3 tokens). Offer words covered by replacement=['cheese', 'chicken', 'ring'] vs assigned=[]; over-specific words replacement=0 vs assigned=2; name similarity 81.7 vs 42.8 (+38.8); protein=1 family=1 pack=unknown; spec '300 gms x 12 pkts'. All 237 master SKUs were compared before selecting this replacement.",deterministic,INCORRECT,"Assigned CFS FISH FINGERS 300 is fish against a CHICKEN N' CHEESE RINGS offer, with prot=0, cat_ok=0 and a weak name of 42.8 (rank 126/237). CKCCR 'CHICKEN 'N' CHEESE RINGS 300' is the exact product at name=82 (rank 1 among contenders), spec 300 gms matching '300 GRAMS', prot=1 and cat_ok=1; CKCCN nuggets and the CKCCS sticks family are the wrong product form.",128,237,protein_contradiction,category_gate_unreachable,True,False,True,False
15,Al Kabeer Zing Non Spicy Chicken Nuggets 750gm,CKZNNS,ZING CHICKEN NUGGET NON-SPICY,real_flyer_catalogue_forced,CORRECT_BUT_LOW_CONFIDENCE,,,"No SKU among all 237 is objectively superior, but the assigned SKU is not a clear winner: offer words unaccounted for ['750gm']; name rank 8/237 (75.7).",deterministic,VERIFIED_CORRECT,"CKZNNS matches the offer on sub-brand (Zing, cat2=Chicken-ZNG), product (nuggets), variant (Non Spicy) and size (8 X 750 GMS, pack=compatible with 750gm). The higher-name contenders each break one rule: CKN is plain 270g (INCOMPATIBLE), CKZSCKNP and CKZFACKNP are distinct '+ FREE' promo packs, CKNHSD is HOT n SPICY, CKNTMP is Tempura and not Zing.",0,237,,,False,False,False,False
16,Al Kabeer Paneer Cube 200Gm,VPAN,PANEER CUBES,real_flyer_catalogue_forced,VERIFIED_CORRECT,,,"Best of all 237 SKUs on name similarity (97.1, margin +9.4); no attribute conflict; pack compatible.",deterministic,VERIFIED_CORRECT,"VPAN 'PANEER CUBES' 200 gm x 20 Pkts is rank 1/237 on name (97.1) with pack=compatible against the offer's stated 200Gm, and the only same-product alternative VPAN500 is 500 gm with pack=INCOMPATIBLE. All other contenders (beef/mutton cubes, potato bites) are below name 57 and are different proteins or categories.",0,237,,,False,False,False,False
17,Al Kabeer Stuffed Felafel 750gm,CVSF,STUFFED FELAFEL,real_flyer_catalogue_forced,VERIFIED_CORRECT,,,"Best of all 237 SKUs on name similarity (100.0, margin +12.1); no attribute conflict; pack compatible.",deterministic,VERIFIED_CORRECT,"Exact match: CVSF STUFFED FELAFEL, spec 750 g. x 8, name=100.0 and rule=69.5 both rank 1/237, pack=compatible with the offer's 750gm. Runner-up CVF plain FELAFEL (88) lacks the 'stuffed' variant and is 360 Gms with pack=INCOMPATIBLE.",0,237,,,False,False,False,False
18,Al Kabeer Chicken Fries 400gm,CCF,CHICKEN FRIES,real_flyer_catalogue_forced,VERIFIED_CORRECT,,,"Best of all 237 SKUs on name similarity (100.0, margin +5.4); no attribute conflict; pack unknown.",deterministic,VERIFIED_CORRECT,"CCF 'CHICKEN FRIES' spec 12 PKTS X 400 GRM is an exact name match (100.0, rank 1/237) to 'Chicken Fries 400gm' on both product identity and the 400g retail pack. The only close contender CCFA is the same product in the 1 kg BULK pack (pack=INCOMPATIBLE), which the stated 400gm excludes, and CKPC POP-CORN is a different product at name=69.",0,237,,,False,False,False,False
19,Al Kabeer Chicken popcorn 400 grams ,CCF,CHICKEN FRIES,real_flyer_catalogue_forced,INCORRECT,CKPC,CHICKEN POP-CORN,"CKPC (CHICKEN POP-CORN) is superior: covers strictly more of the offer's own wording (['chicken', 'popcorn'] vs ['chicken']). Offer words covered by replacement=['chicken', 'popcorn'] vs assigned=['chicken']; over-specific words replacement=0 vs assigned=1; name similarity 86.3 vs 68.3 (+18.0); protein=1 family=1 pack=unknown; spec '400 Gms x 12 Pkts'. All 237 master SKUs were compared before selecting this replacement.",deterministic,INCORRECT,"Offer is Chicken popcorn 400 grams; CKPC 'CHICKEN POP-CORN' at 400 Gms x 12 Pkts scores name=86 (above the 85 decisive threshold) with prot=1 and cat_ok=1, while assigned CCF CHICKEN FRIES is a different product at name=68. The fam=0 on the popcorn contenders is the documented POP-CORN/popcorn phrase-list artifact and is not evidence against them.",2,237,,,False,False,False,False
20,Al Kabeer Paneer Cubes 200Gm,VPAN,PANEER CUBES,real_flyer_catalogue_forced,VERIFIED_CORRECT,,,"Best of all 237 SKUs on name similarity (100.0, margin +4.8); no attribute conflict; pack compatible.",deterministic,VERIFIED_CORRECT,"VPAN 'PANEER CUBES' is rank 1/237 on both name (100.0) and rule, spec 200 gm x 20 Pkts matches the declared 200Gm exactly (pack=compatible, prot/fam/var all 1, cat_ok=1). The only rival of the same identity, VPAN500, is the 500 g pack and is pack=INCOMPATIBLE with the stated 200 g.",0,237,,,False,False,False,False
21,Al Kabeer Chicken Popcorn 400gm,CCF,CHICKEN FRIES,real_flyer_catalogue_forced,INCORRECT,CKPC,CHICKEN POP-CORN,"CKPC (CHICKEN POP-CORN) is superior: covers strictly more of the offer's own wording (['chicken', 'popcorn'] vs ['chicken']). Offer words covered by replacement=['chicken', 'popcorn'] vs assigned=['chicken']; over-specific words replacement=0 vs assigned=1; name similarity 95.6 vs 70.2 (+25.5); protein=1 family=1 pack=compatible; spec '400 Gms x 12 Pkts'. All 237 master SKUs were compared before selecting this replacement.",deterministic,INCORRECT,"Offer is 'Chicken Popcorn 400gm'; CKPC 'CHICKEN POP-CORN' 400 Gms x 12 Pkts scores name=96 (rank 1) with pack=compatible and identical 400 g size, while the assigned CCF is CHICKEN FRIES (name=70, pack=unknown) - a different product per the explicit rule that POP-CORN is not FRIES. fam=0 here is the known 'pop corn' vs 'popcorn' phrase-list artifact, not evidence against CKPC.",1,237,,,False,False,False,False
22,AL KABEER PANEER CUBES 200G,VPAN,PANEER CUBES,real_flyer_catalogue_forced,VERIFIED_CORRECT,,,"Best of all 237 SKUs on name similarity (100.0, margin +4.8); no attribute conflict; pack compatible.",deterministic,VERIFIED_CORRECT,"Identical case to row 20: VPAN 'PANEER CUBES' 200 gm x 20 Pkts is rank 1/237 on name (100.0) and rule (68.5), pack=compatible with the declared 200G, all flags 1. VPAN500 (same product, 500 g) is size-incompatible with the stated 200 g.",0,237,,,False,False,False,False
23,AL KABEER ZING CHICKEN NUGGETS NON SPICY 750GM,CKZNNS,ZING CHICKEN NUGGET NON-SPICY,real_flyer_catalogue_forced,CORRECT_BUT_LOW_CONFIDENCE,,,"No SKU among all 237 is objectively superior, but the assigned SKU is not a clear winner: offer words unaccounted for ['750gm']; name rank 4/237 (83.0).",deterministic,VERIFIED_CORRECT,"CKZNNS satisfies every discriminator in the offer 'ZING CHICKEN NUGGETS NON SPICY 750GM': ZING sub-brand (Chicken-ZNG), NUGGETS family, NON-SPICY variant and 8 x 750 GMS (pack=compatible). Higher name-score rivals fail a business rule - CKN/CKNTMP/CKNHSD are non-ZING (plain, tempura, hot & spicy) and CKZN is the 270 g regular pack (pack=INCOMPATIBLE).",0,237,,,False,False,False,False
24,Al Kabeer Chickon Pop-Com 1000gm,CCFA,CHICKEN FRIES BULK,real_flyer_catalogue_forced,CORRECT_BUT_LOW_CONFIDENCE,,,"No SKU among all 237 is objectively superior, but the assigned SKU is not a clear winner: offer words unaccounted for ['1000gm', 'com', 'pop']; name rank 38/237 (48.6).",deterministic,CORRECT_BUT_LOW_CONFIDENCE,"Offer 'Chickon Pop-Com 1000gm' (OCR of Chicken Pop-Corn 1000 g) has no 1 kg pop-corn SKU in the master: the only pop-corn items are CKPC 400 g (name=71, pack=INCOMPATIBLE) and CKPCDA 750 g (name=69, pack=INCOMPATIBLE), both below the >=85 identity threshold and both size-conflicting. Assigned CCFA is the 1 kg bulk item inside the same POP-CORN & CHICKEN FRIES family with pack=compatible, so it is defensible but identity-wise it is FRIES, not POP-CORN - genuinely unresolvable.",0,237,,,False,False,False,False
25,Al Kabeer Chicken Pop-Corn 1000g,CCFA,CHICKEN FRIES BULK,real_flyer_catalogue_forced,CORRECT_BUT_LOW_CONFIDENCE,,,"No SKU among all 237 is objectively superior, but the assigned SKU is not a clear winner: offer words unaccounted for ['1000g', 'popcorn']; name rank 13/237 (61.0).",deterministic,CORRECT_BUT_LOW_CONFIDENCE,"Same unresolvable case as row 24 for 'Chicken Pop-Corn 1000g': CKPC (name=81, 400 g) and CKPCDA (name=72, 750 g) are both pack=INCOMPATIBLE with the declared 1000 g and neither reaches the >=85 flip threshold, while assigned CCFA 'CHICKEN FRIES BULK' 1 kg x 5 Pkts is the only pack-compatible member of the POP-CORN & CHICKEN FRIES family. Right size / wrong identity vs right identity / wrong size - no SKU satisfies both.",0,237,,,False,False,False,False
26,ALKABEER ZING CHICKEN NUGGETS NON SPICY 750GM,CKZNNS,ZING CHICKEN NUGGET NON-SPICY,real_flyer_catalogue_forced,CORRECT_BUT_LOW_CONFIDENCE,,,"No SKU among all 237 is objectively superior, but the assigned SKU is not a clear winner: offer words unaccounted for ['750gm']; name rank 4/237 (83.0).",deterministic,VERIFIED_CORRECT,"Duplicate of row 23 with the same slate: CKZNNS matches ZING sub-brand, NUGGETS, NON-SPICY and 750 g (8 x 750 GMS, pack=compatible, all flags 1). Every higher-name contender breaks a hard business rule (non-ZING line, tempura/hot-spicy variant, or 270 g size INCOMPATIBLE).",0,237,,,False,False,False,False
27,Al Kabeer Popcorn Chicken 400Gm,CCF,CHICKEN FRIES,real_flyer_catalogue_forced,INCORRECT,CKPC,CHICKEN POP-CORN,"CKPC (CHICKEN POP-CORN) is superior: covers strictly more of the offer's own wording (['chicken', 'popcorn'] vs ['chicken']). Offer words covered by replacement=['chicken', 'popcorn'] vs assigned=['chicken']; over-specific words replacement=0 vs assigned=1; name similarity 85.7 vs 68.1 (+17.6); protein=1 family=1 pack=compatible; spec '400 Gms x 12 Pkts'. All 237 master SKUs were compared before selecting this replacement.",deterministic,INCORRECT,"Offer 'Popcorn Chicken 400Gm' matches CKPC 'CHICKEN POP-CORN' 400 Gms x 12 Pkts at name=86 (>=85, rank 1) with pack=compatible and exact 400 g agreement; assigned CCF is CHICKEN FRIES (name=68, pack=unknown), a different product identity. fam=0 on both is the documented pop-corn phrase-list artifact.",1,237,,,False,False,False,False
28,AL KABEER CHCIKEN POPCORN 400 Gm,CCF,CHICKEN FRIES,real_flyer_catalogue_forced,INCORRECT,CKPC,CHICKEN POP-CORN,"CKPC (CHICKEN POP-CORN) is superior: covers strictly more of the offer's own wording (['chicken', 'popcorn'] vs ['chicken']). Offer words covered by replacement=['chicken', 'popcorn'] vs assigned=['chicken']; over-specific words replacement=0 vs assigned=1; name similarity 89.1 vs 60.3 (+28.8); protein=1 family=1 pack=compatible; spec '400 Gms x 12 Pkts'. All 237 master SKUs were compared before selecting this replacement.",deterministic,INCORRECT,"Offer 'CHCIKEN POPCORN 400 Gm' matches CKPC 'CHICKEN POP-CORN' 400 Gms x 12 Pkts at name=89 (rank 1, pack=compatible, size identical), whereas assigned CCF CHICKEN FRIES scores name=60 with pack=unknown and is a distinct product (POP-CORN is not FRIES).",1,237,,,False,False,False,False
29,Alkabeer chicken cheese rings 300gm,CFS,FISH FINGERS 300,real_flyer_catalogue_forced,INCORRECT,CKCCR,CHICKEN ‘N’ CHEESE RINGS 300,"CKCCR (CHICKEN ‘N’ CHEESE RINGS 300) is superior: clears a hard rule veto on the assigned SKU while covering every offer word it covered (3/4 tokens). Offer words covered by replacement=['cheese', 'chicken', 'ring'] vs assigned=[]; over-specific words replacement=0 vs assigned=2; name similarity 87.8 vs 38.9 (+48.9); protein=1 family=1 pack=compatible; spec '300 gms x 12 pkts'. All 237 master SKUs were compared before selecting this replacement.",deterministic,INCORRECT,"Assigned CFS 'FISH FINGERS 300' has prot=0 (chicken offer vs fish SKU) and cat_ok=0, so the deployed candidate generator could never surface this pair; name is only 38.9 (rank 145/237). CKCCR 'CHICKEN 'N' CHEESE RINGS 300' is the literal product at name=88, prot=1, cat_ok=1, pack=compatible with the declared 300 gm.",136,237,protein_contradiction,category_gate_unreachable,True,False,True,False
30,Al Kabeer Chicken Pop-Corn (400g),CCF,CHICKEN FRIES,real_flyer_catalogue_forced,INCORRECT,CKPC,CHICKEN POP-CORN,"CKPC (CHICKEN POP-CORN) is superior: covers strictly more of the offer's own wording (['chicken', 'popcorn'] vs ['chicken']). Offer words covered by replacement=['chicken', 'popcorn'] vs assigned=['chicken']; over-specific words replacement=0 vs assigned=1; name similarity 81.2 vs 69.4 (+11.8); protein=1 family=1 pack=compatible; spec '400 Gms x 12 Pkts'. All 237 master SKUs were compared before selecting this replacement.",deterministic,INCORRECT,"Offer 'Chicken Pop-Corn (400g)' matches CKPC 'CHICKEN POP-CORN' 400 Gms x 12 Pkts on identity and size with name=81 (rank 1) and pack=compatible; assigned CCF is CHICKEN FRIES (name=69, pack=unknown). The sub-85 name score is only hyphen tokenisation - product name and declared weight agree token-for-token.",1,237,,,False,False,False,False
31,AL KABEER BREADED SHRIMP 250g,CSB,BREADED SHRIMPS 250,real_flyer_catalogue_forced,CORRECT_BUT_LOW_CONFIDENCE,,,"No SKU among all 237 is objectively superior, but the assigned SKU is not a clear winner: offer words unaccounted for ['250g']; name rank 1/237 (89.9).",deterministic,CORRECT_BUT_LOW_CONFIDENCE,"CSB 'BREADED SHRIMPS 250' is rank 1/237 on both name (89.9) and rule, with BREADED coating, shrimp protein and 250 Gms matching the declared 250 g (pack=compatible, cat_ok=1). prot=0 fires on every one of the 12 contenders including the shrimp SKUs, so it is a systematic feature artifact rather than a real chicken/fish conflict, and no prot=1 alternative exists to replace it.",0,237,,,False,False,False,False
32,AL KABEER PANEER CUBES 500G,VPAN500,PANEER CUBES 500,real_flyer_catalogue_forced,CORRECT_BUT_LOW_CONFIDENCE,,,"No SKU among all 237 is objectively superior, but the assigned SKU is not a clear winner: offer words unaccounted for ['500g']; name rank 2/237 (95.2).",deterministic,VERIFIED_CORRECT,"Offer declares 500G, and VPAN500 'PANEER CUBES 500' is 500 gm x 10 Pkts with pack=compatible, name=95.2, rule rank 1/237. VPAN scores name=100 only because it is the same product line, but its 200 gm spec is pack=INCOMPATIBLE with the stated 500 g, so size resolves the tie in favour of the assigned SKU.",0,237,,,False,False,False,False
33,AL KABEER CHICKEN 'N' CHEESE RINGS 300G,CFS,FISH FINGERS 300,real_flyer_catalogue_forced,INCORRECT,CKCCR,CHICKEN ‘N’ CHEESE RINGS 300,"CKCCR (CHICKEN ‘N’ CHEESE RINGS 300) is superior: clears a hard rule veto on the assigned SKU while covering every offer word it covered (3/4 tokens). Offer words covered by replacement=['cheese', 'chicken', 'ring'] vs assigned=[]; over-specific words replacement=0 vs assigned=2; name similarity 88.7 vs 37.7 (+51.0); protein=1 family=1 pack=compatible; spec '300 gms x 12 pkts'. All 237 master SKUs were compared before selecting this replacement.",deterministic,INCORRECT,"Assigned CFS 'FISH FINGERS 300' is prot=0 (chicken offer, fish SKU) and cat_ok=0 - unreachable by the production candidate generator - and ranks only 145/237 on name (37.7). CKCCR 'CHICKEN 'N' CHEESE RINGS 300' is a near-verbatim match to the offer text at name=89, prot=1, cat_ok=1, pack=compatible with 300G.",139,237,protein_contradiction,category_gate_unreachable,True,False,True,False
34,Al Kabeer Stuffed felafal 750g,CVSF,STUFFED FELAFEL,real_flyer_catalogue_forced,VERIFIED_CORRECT,,,"Best of all 237 SKUs on name similarity (93.3, margin +28.4); no attribute conflict; pack compatible.",deterministic,VERIFIED_CORRECT,"CVSF 'STUFFED FELAFEL' is rank 1/237 on name (93.3) and rule (51.3), spec 750 g. x 8 matches the declared 750g (pack=compatible, all flags 1). The runner-up CVF/CVFA are plain FELAFEL (not stuffed) and both pack=INCOMPATIBLE at 360 g / 1 kg.",0,237,,,False,False,False,False
35,Al Kabeer Chicken Popcorn Catering 1 kg,CCFA,CHICKEN FRIES BULK,real_flyer_catalogue_forced,INCORRECT,CKMBAB,CHICKEN MEAT BALLS CATERING PACK 1 kg x 5 pkts,"CKMBAB (CHICKEN MEAT BALLS CATERING PACK 1 kg x 5 pkts) is superior: covers strictly more of the offer's own wording (['catering', 'chicken'] vs ['chicken']). Offer words covered by replacement=['catering', 'chicken'] vs assigned=['chicken']; over-specific words replacement=2 vs assigned=2; name similarity 64.2 vs 55.1 (+9.2); protein=1 family=1 pack=compatible; spec '1 Kgs x 5 Pkts'. All 237 master SKUs were compared before selecting this replacement.",deterministic,CORRECT_BUT_LOW_CONFIDENCE,"Offer 'Chicken Popcorn Catering 1 kg' demands a 1 kg catering pack, but both pop-corn SKUs are retail (CKPC 400 g name=82 pack=INCOMPATIBLE, CKPCDA 750 g name=72 pack=INCOMPATIBLE) and neither clears the >=85 flip threshold. Assigned CCFA 'CHICKEN FRIES BULK' 1 kg x 5 Pkts is the only pack-compatible catering item in the POP-CORN & CHICKEN FRIES family, so it is the most plausible but identity-wise still FRIES rather than POP-CORN.",1,237,,,False,False,False,False
36,Al Kabeer Popcom Chicken 400Gm,CCF,CHICKEN FRIES,real_flyer_catalogue_forced,INCORRECT,CKPC,CHICKEN POP-CORN,"CKPC (CHICKEN POP-CORN) is superior: covers strictly more of the offer's own wording (['chicken', 'popcorn'] vs ['chicken']). Offer words covered by replacement=['chicken', 'popcorn'] vs assigned=['chicken']; over-specific words replacement=0 vs assigned=1; name similarity 80.0 vs 66.4 (+13.6); protein=1 family=1 pack=compatible; spec '400 Gms x 12 Pkts'. All 237 master SKUs were compared before selecting this replacement.",deterministic,INCORRECT,"Offer 'Popcom Chicken 400Gm' is OCR for Popcorn Chicken 400 g; CKPC 'CHICKEN POP-CORN' 400 Gms x 12 Pkts matches identity and declared weight exactly (name=80 rank 1, pack=compatible), whereas assigned CCF CHICKEN FRIES (name=66, pack=unknown) is the explicitly-different POP-CORN vs FRIES product.",1,237,,,False,False,False,False
37,Al Kabeer Paneer Cubes 500Gm,VPAN500,PANEER CUBES 500,real_flyer_catalogue_forced,CORRECT_BUT_LOW_CONFIDENCE,,,"No SKU among all 237 is objectively superior, but the assigned SKU is not a clear winner: offer words unaccounted for ['500gm']; name rank 2/237 (95.2).",deterministic,VERIFIED_CORRECT,"Declared 500Gm matches VPAN500 'PANEER CUBES 500' (500 gm x 10 Pkts, pack=compatible, name=95.2, rule rank 1/237). VPAN's higher name=100 is defeated on the stated size, since its 200 gm spec is pack=INCOMPATIBLE.",0,237,,,False,False,False,False
38,Al kabeer chicken pop corn 400gm,CCF,CHICKEN FRIES,real_flyer_catalogue_forced,INCORRECT,CKPC,CHICKEN POP-CORN,"CKPC (CHICKEN POP-CORN) is superior: covers strictly more of the offer's own wording (['chicken', 'popcorn'] vs ['chicken']). Offer words covered by replacement=['chicken', 'popcorn'] vs assigned=['chicken']; over-specific words replacement=0 vs assigned=1; name similarity 81.2 vs 69.4 (+11.8); protein=1 family=1 pack=compatible; spec '400 Gms x 12 Pkts'. All 237 master SKUs were compared before selecting this replacement.",deterministic,INCORRECT,"Offer 'chicken pop corn 400gm' matches CKPC 'CHICKEN POP-CORN' 400 Gms x 12 Pkts on product name and declared weight (name=81 rank 1, pack=compatible, prot/var 1); assigned CCF is CHICKEN FRIES with name=69 and pack=unknown, a distinct product line under the same Item-Cat-4 umbrella.",1,237,,,False,False,False,False
39,Al Kabeer Samosas 12's (240 gm),CCSRA,8 CHEESE SPRING ROLLS,real_flyer_catalogue_forced,INCORRECT,CCSAK,12 CHEESE SAMOSAS,CCSAK (12 CHEESE SAMOSAS) is superior: covers strictly more of the offer's own wording (['samosa'] vs []). Offer words covered by replacement=['samosa'] vs assigned=[]; over-specific words replacement=1 vs assigned=3; name similarity 81.4 vs 33.3 (+48.1); protein=1 family=1 pack=compatible; spec '240 Gms x 20 Pkts'. All 237 master SKUs were compared before selecting this replacement.,deterministic,INCORRECT,"Assigned CCSRA is '8 CHEESE SPRING ROLLS' but the offer is 'Samosas 12's (240 gm)' - SAMOSA is not SPRING ROLL, and the assigned SKU ranks 52/237 on name (33.3). CCSAK '12 CHEESE SAMOSAS' 240 Gms x 20 Pkts is the top name contender (81) with the exact 12-piece count and 240 g weight, pack=compatible, cat_ok=1; the filling is unstated in the offer so CCSAK is chosen as the highest-scoring 12's/240 g samosa over CMSA/CKSA/CVSA.",9,237,family_contradiction,,False,False,False,False
40,Al Kabeer Paneer Cubes 500 gm bag,VPAN500,PANEER CUBES 500,real_flyer_catalogue_forced,CORRECT_BUT_LOW_CONFIDENCE,,,"No SKU among all 237 is objectively superior, but the assigned SKU is not a clear winner: offer words unaccounted for ['bag']; name rank 2/237 (85.5).",deterministic,VERIFIED_CORRECT,"Offer states 'Paneer Cubes 500 gm' and VPAN500 is PANEER CUBES 500 with spec 500 gm x 10 Pkts (pack=compatible, prot/fam/var=1, cat_ok=1). The higher-name contender VPAN (95) is the same product in a 200 gm pack and is pack=INCOMPATIBLE with the explicitly stated 500 gm, so the size token decides in favour of the assigned SKU.",0,237,,,False,False,False,False
41,Al Kabeer STUFFED FELAFEL 750 gm,CVSF,STUFFED FELAFEL,real_flyer_catalogue_forced,VERIFIED_CORRECT,,,"Assigned SKU accounts for every distinguishing word in the offer (['falafel', 'stuffed']) and introduces none the offer does not state; protein/family/variant compatible, pack compatible; no superior SKU exists among all 237.",deterministic,VERIFIED_CORRECT,"Exact identity and size agreement: offer 'STUFFED FELAFEL 750 gm' vs CVSF STUFFED FELAFEL, spec 750 g. x 8, name=100.0 and rank 1/237 on both name and rule, pack=compatible, cat_ok=1. Plain FELAFEL variants (CVF 360g, CVFA/CVFAG 1kg bulk) are a different item and all pack=INCOMPATIBLE.",0,237,,,False,False,False,False
42,Al Kabeer Breaded Shrimp 250 gm,CSB,BREADED SHRIMPS 250,real_flyer_catalogue_forced,CORRECT_BUT_LOW_CONFIDENCE,,,"Assigned SKU accounts for every distinguishing word in the offer (['breaded', 'shrimp']) and introduces none the offer does not state; protein/family/variant compatible, pack compatible; no superior SKU exists among all 237.",deterministic+agent_downgrade,CORRECT_BUT_LOW_CONFIDENCE,"Product identity and size match exactly (offer 'Breaded Shrimp 250 gm' vs CSB BREADED SHRIMPS 250, 250 Gms x 20 Pkts, name=90 rank 1/237, pack=compatible, cat_ok=1) and no candidate beats it — CSBA is the 1 kg bulk variant and the rest are fish or chicken. The prot=0 flag is not discriminating here because all 12 contenders (including the shrimp SKUs themselves) score prot=0, indicating an offer-side protein-extraction artifact for the singular token 'Shrimp' rather than a genuine protein conflict; confidence is lowered accordingly.",0,237,,,False,False,False,False
43,Al Kabeer Chicken And Cheese Rings 300g,CFS,FISH FINGERS 300,real_flyer_catalogue_forced,INCORRECT,CKCCR,CHICKEN ‘N’ CHEESE RINGS 300,"CKCCR (CHICKEN ‘N’ CHEESE RINGS 300) is superior: clears a hard rule veto on the assigned SKU while covering every offer word it covered (3/4 tokens). Offer words covered by replacement=['cheese', 'chicken', 'ring'] vs assigned=[]; over-specific words replacement=0 vs assigned=2; name similarity 87.8 vs 36.7 (+51.1); protein=1 family=1 pack=compatible; spec '300 gms x 12 pkts'. All 237 master SKUs were compared before selecting this replacement.",deterministic,INCORRECT,"Assigned CFS is FISH FINGERS (Seafood, STICKS & FINGERS) against a chicken-and-cheese-rings offer: prot=0, cat_ok=0 (unreachable by the deployed candidate generator), name only 36.7 at rank 159/237. CKCCR is literally CHICKEN 'N' CHEESE RINGS 300 with spec 300 gms x 12 pkts matching the offer's 300g, name=88, prot=1, fam=1, pack=compatible, cat_ok=1.",147,237,protein_contradiction,category_gate_unreachable,True,False,True,True
44,Al Kabeer Popcorn Chicken 2x400 gm,CCF,CHICKEN FRIES,real_flyer_catalogue_forced,INCORRECT,CKPC,CHICKEN POP-CORN,"CKPC (CHICKEN POP-CORN) is superior: covers strictly more of the offer's own wording (['chicken', 'popcorn'] vs ['chicken']). Offer words covered by replacement=['chicken', 'popcorn'] vs assigned=['chicken']; over-specific words replacement=0 vs assigned=1; name similarity 81.9 vs 67.6 (+14.4); protein=1 family=1 pack=compatible; spec '400 Gms x 12 Pkts'. All 237 master SKUs were compared before selecting this replacement.",deterministic,INCORRECT,"Offer is 'Popcorn Chicken 2x400 gm'; assigned CCF is CHICKEN FRIES, a different product that only shares the Item-Cat-4 family label 'POP-CORN & CHICKEN FRIES' (POP-CORN is not FRIES). CKPC is CHICKEN POP-CORN with spec 400 Gms x 12 Pkts matching the stated 400 gm unit, name=82 vs 68 for the assigned SKU, prot=1, pack=compatible, cat_ok=1 (its fam=0 is the documented 'pop corn' vs 'popcorn' phrase-list artifact).",2,237,,,False,False,False,False
45,AL KABEER CHICKEN POPCORN 2X400GM,CCF,CHICKEN FRIES,real_flyer_catalogue_forced,INCORRECT,CKPC,CHICKEN POP-CORN,"CKPC (CHICKEN POP-CORN) is superior: covers strictly more of the offer's own wording (['chicken', 'popcorn'] vs ['chicken']). Offer words covered by replacement=['chicken', 'popcorn'] vs assigned=['chicken']; over-specific words replacement=0 vs assigned=1; name similarity 92.9 vs 68.7 (+24.1); protein=1 family=1 pack=compatible; spec '400 Gms x 12 Pkts'. All 237 master SKUs were compared before selecting this replacement.",deterministic,INCORRECT,"Offer 'CHICKEN POPCORN 2X400GM' names popcorn explicitly, yet the assigned CCF is CHICKEN FRIES. CKPC (CHICKEN POP-CORN, 400 Gms x 12 Pkts) scores name=93 versus 69 for CCF, with prot=1, pack=compatible and cat_ok=1, and its 400 gm unit size matches the offer. fam=0 on CKPC is the known POP-CORN normalisation artifact, not a real family conflict.",2,237,,,False,False,False,False
46,Al Kabeer Chicken Popcorn 2x400g,CCF,CHICKEN FRIES,real_flyer_catalogue_forced,INCORRECT,CKPC,CHICKEN POP-CORN,"CKPC (CHICKEN POP-CORN) is superior: covers strictly more of the offer's own wording (['chicken', 'popcorn'] vs ['chicken']). Offer words covered by replacement=['chicken', 'popcorn'] vs assigned=['chicken']; over-specific words replacement=0 vs assigned=1; name similarity 92.9 vs 68.7 (+24.1); protein=1 family=1 pack=compatible; spec '400 Gms x 12 Pkts'. All 237 master SKUs were compared before selecting this replacement.",deterministic,INCORRECT,"Identical case to the other popcorn offers: 'Chicken Popcorn 2x400g' vs assigned CHICKEN FRIES (CCF). CKPC CHICKEN POP-CORN, 400 Gms x 12 Pkts, name=93 vs CCF's 69, prot=1, pack=compatible, cat_ok=1 — same product name and same 400 gm unit as the offer.",2,237,,,False,False,False,False
47,Al Kabeer Chicken Kibbeh 2X400 gm,CCF,CHICKEN FRIES,real_flyer_catalogue_forced,INCORRECT,CKK,CHICKEN KIBBEH 400,"CKK (CHICKEN KIBBEH 400) is superior: covers strictly more of the offer's own wording (['chicken', 'kibbeh'] vs ['chicken']). Offer words covered by replacement=['chicken', 'kibbeh'] vs assigned=['chicken']; over-specific words replacement=0 vs assigned=1; name similarity 90.8 vs 72.4 (+18.4); protein=1 family=1 pack=compatible; spec '400 Gms x 12 Pkts'. All 237 master SKUs were compared before selecting this replacement.",deterministic,INCORRECT,"Offer is 'Chicken Kibbeh 2X400 gm' but the assigned SKU is CHICKEN FRIES (CCF, name 72, fam=0, pack=unknown). CKK is CHICKEN KIBBEH 400 with spec 400 Gms x 12 Pkts, name=91 (rank 1) and rule=68, prot=1, fam=1, var=1, pack=compatible, cat_ok=1 — exact product identity and exact unit size.",1,237,family_contradiction,,False,False,False,False
48,Al Kabeer Chicken Pop-Corn  2x400gm,CCF,CHICKEN FRIES,real_flyer_catalogue_forced,INCORRECT,CKPC,CHICKEN POP-CORN,"CKPC (CHICKEN POP-CORN) is superior: covers strictly more of the offer's own wording (['chicken', 'popcorn'] vs ['chicken']). Offer words covered by replacement=['chicken', 'popcorn'] vs assigned=['chicken']; over-specific words replacement=0 vs assigned=1; name similarity 78.3 vs 68.1 (+10.2); protein=1 family=1 pack=compatible; spec '400 Gms x 12 Pkts'. All 237 master SKUs were compared before selecting this replacement.",deterministic,INCORRECT,"Offer spells 'Chicken Pop-Corn 2x400gm', matching CKPC CHICKEN POP-CORN (400 Gms x 12 Pkts, name=78, prot=1, fam=1, pack=compatible, cat_ok=1) rather than the assigned CCF CHICKEN FRIES (name=68, pack=unknown). Product identity is decisive: pop-corn is a distinct SKU from fries even though they share the Item-Cat-4 family string.",2,237,,,False,False,False,False
49,Al Kabeer Frozen Chicken Franks 340 gm,VFDC,Chicken Frank 340 G  x 24,real_flyer_catalogue_forced,CORRECT_BUT_LOW_CONFIDENCE,,,"No SKU among all 237 is objectively superior, but the assigned SKU is not a clear winner: offer words unaccounted for ['frozen']; name rank 2/237 (67.0).",deterministic,VERIFIED_CORRECT,"Offer 'Frozen Chicken Franks 340 gm' maps exactly to VFDC 'Chicken Frank 340 G x 24' (SAUSAGES family, 340 gm x 24 Pkts, pack=compatible, prot=1, cat_ok=1, rule rank 1/237). The marginally higher-name contender CCF (CHICKEN FRIES, 70) is a different product — 'franks' are sausages, not fries — and CFB BEEF FRANKS is prot=0 with cat_ok=0.",0,237,,,False,False,False,False
50,Alkabeer Stuffed Felafel 750 gm,CVSF,STUFFED FELAFEL,real_flyer_catalogue_forced,VERIFIED_CORRECT,,,"Assigned SKU accounts for every distinguishing word in the offer (['falafel', 'stuffed']) and introduces none the offer does not state; protein/family/variant compatible, pack compatible; no superior SKU exists among all 237.",deterministic,VERIFIED_CORRECT,"'Stuffed Felafel 750 gm' matches CVSF STUFFED FELAFEL, spec 750 g. x 8, with name=100.0 and rank 1/237 on both name and rule, pack=compatible, prot/fam/var=1, cat_ok=1. Plain/bulk FELAFEL codes (CVF, CVFA, CVFAG) are a different item and all pack=INCOMPATIBLE with 750 g.",0,237,,,False,False,False,False
51,Al Kabeer Chicken Samosas 240gm,CCSRA,8 CHEESE SPRING ROLLS,real_flyer_catalogue_forced,INCORRECT,CKSA,12 CHICKEN SAMOSAS,"CKSA (12 CHICKEN SAMOSAS) is superior: covers strictly more of the offer's own wording (['chicken', 'samosa'] vs []). Offer words covered by replacement=['chicken', 'samosa'] vs assigned=[]; over-specific words replacement=0 vs assigned=3; name similarity 97.0 vs 39.8 (+57.2); protein=1 family=1 pack=compatible; spec '240 Gms x 20 Pkts'. All 237 master SKUs were compared before selecting this replacement.",deterministic,INCORRECT,"Assigned CCSRA is 8 CHEESE SPRING ROLLS against a 'Chicken Samosas 240gm' offer — wrong product family (SAMOSA is not SPRING ROLL), wrong filling (cheese vs chicken), name only 39.8 at rank 136/237 and cat_ok=0. CKSA is 12 CHICKEN SAMOSAS with spec 240 Gms x 20 Pkts exactly matching the stated 240 gm, name=97, rule=70 (both rank 1), prot=1, fam=1, pack=compatible.",15,237,family_contradiction,category_gate_unreachable,False,False,True,False
52,Al kabeer SHRIMP BREADED 250 gm,CSB,BREADED SHRIMPS 250,real_flyer_catalogue_forced,CORRECT_BUT_LOW_CONFIDENCE,,,"Assigned SKU accounts for every distinguishing word in the offer (['breaded', 'shrimp']) and introduces none the offer does not state; protein/family/variant compatible, pack compatible; no superior SKU exists among all 237.",deterministic+agent_downgrade,CORRECT_BUT_LOW_CONFIDENCE,"'SHRIMP BREADED 250 gm' matches CSB BREADED SHRIMPS 250 (250 Gms x 20 Pkts) exactly on product and size, name=79 rank 1/237, pack=compatible, cat_ok=1, and every alternative is either the 1 kg bulk shrimp pack or a fish/chicken breaded item. As in the sibling shrimp row, prot=0 is set on all 12 contenders including the shrimp SKUs themselves, so it reflects an offer-side protein-parsing artifact rather than a real conflict, but it lowers confidence.",0,237,,,False,False,False,False
53,Al Kabeer Zing Fish Fillets 750 gm,CZSB,Zing Shrimps,real_flyer_catalogue_forced,INCORRECT,CFZFB,ZING FISH FILLETS MILD SPICY,"CFZFB (ZING FISH FILLETS MILD SPICY) is superior: clears a hard rule veto on the assigned SKU while covering every offer word it covered (3/3 tokens). Offer words covered by replacement=['fillet', 'fish', 'zing'] vs assigned=['zing']; over-specific words replacement=2 vs assigned=1; name similarity 91.9 vs 60.1 (+31.7); protein=1 family=1 pack=compatible; spec '750 g. x 8'. All 237 master SKUs were compared before selecting this replacement.",deterministic,INCORRECT,"Offer is 'Zing Fish Fillets 750 gm' but the assigned CZSB is Zing Shrimps (PRAWNS-SHRIMPS) with prot=0, fam=0 and name only 60.1 at rank 17/237 — a genuine protein conflict (fish vs shrimp). CFZFB is ZING FISH FILLETS MILD SPICY, Seafood-ZING, spec 750 g. x 8, name=92 and rule=68 (both top), prot=1, fam=1, pack=compatible, cat_ok=1: same sub-brand, same protein, same declared weight.",8,237,protein_contradiction|family_contradiction,,True,False,False,False
54,Al Kabeer Strawberries 450g x 2,VMBBD,Mix Berries 350 g. x 20,real_flyer_catalogue_forced,INCORRECT,VSB,STRAWBERRIES,VSB (STRAWBERRIES) is superior: covers strictly more of the offer's own wording (['strawberrie'] vs []). Offer words covered by replacement=['strawberrie'] vs assigned=[]; over-specific words replacement=0 vs assigned=3; name similarity 97.4 vs 52.9 (+44.5); protein=1 family=1 pack=compatible; spec '900 gm x 10 Pkts'. All 237 master SKUs were compared before selecting this replacement.,deterministic,INCORRECT,"Offer 'Strawberries 450g x 2' is a single-fruit item, but the assigned VMBBD is Mix Berries 350 g x 20 (name 52.9, rank 75/237 on rule, pack=unknown). VSB STRAWBERRIES scores name=97 (rank 1), rule=69, pack=compatible with its 900 gm x 10 Pkts spec, which is exactly the 2 x 450 g the offer declares; VSBAPR (AK PRO 1 kg) is the only other strawberry SKU and is a different sub-brand and size.",2,237,,,False,False,False,False
55,AlKabeer breaded chicken fillet 400g 2 pieces,FCD,CREAM DORI FISH FILLETS,real_flyer_catalogue_forced,INCORRECT,CKBCF,BREADED CHICKEN FILLETS,"CKBCF (BREADED CHICKEN FILLETS) is superior: clears a hard rule veto on the assigned SKU while covering every offer word it covered (3/4 tokens). Offer words covered by replacement=['breaded', 'chicken', 'fillet'] vs assigned=['fillet']; over-specific words replacement=0 vs assigned=4; name similarity 91.6 vs 57.7 (+33.8); protein=1 family=0 pack=INCOMPATIBLE; spec '450 Gms x 12 Pkts'. All 237 master SKUs were compared before selecting this replacement.",deterministic,INCORRECT,"Assigned FCD is CREAM DORI FISH FILLETS (Seafood-Commodity, Asstd. Wt.) for a 'breaded chicken fillet' offer: prot=0, fam=0, cat_ok=0 so the deployed generator could never surface it, and name is only 57.7 at rank 41/237. CKBCF BREADED CHICKEN FILLETS is the top name match at 92 with rule=61, prot=1 and cat_ok=1; its 450 Gms x 12 Pkts spec is the closest retail fillet pack to the offer's 400 g (no 400 g breaded chicken fillet SKU exists in the slate; the 400 g CKBB is burgers, not fillets).",20,237,protein_contradiction|family_contradiction,category_gate_unreachable,True,False,True,False
56,Al Kabeer Chicken Pop-Corn 400gm x 2Pcs,CCF,CHICKEN FRIES,real_flyer_catalogue_forced,INCORRECT,CKPC,CHICKEN POP-CORN,"CKPC (CHICKEN POP-CORN) is superior: covers strictly more of the offer's own wording (['chicken', 'popcorn'] vs ['chicken']). Offer words covered by replacement=['chicken', 'popcorn'] vs assigned=['chicken']; over-specific words replacement=0 vs assigned=1; name similarity 73.4 vs 67.8 (+5.6); protein=1 family=1 pack=compatible; spec '400 Gms x 12 Pkts'. All 237 master SKUs were compared before selecting this replacement.",deterministic,INCORRECT,"Offer 'Chicken Pop-Corn 400gm x 2Pcs' names pop-corn explicitly; the assigned CCF is CHICKEN FRIES (name 68, pack=unknown). CKPC CHICKEN POP-CORN has name=73 (rank 1), spec 400 Gms x 12 Pkts matching the 400 gm unit, prot=1, fam=1, var=1, pack=compatible, cat_ok=1.",1,237,,,False,False,False,False
57,Al Kabeer Chicken Pop-Corn 2x400 gm,CCF,CHICKEN FRIES,real_flyer_catalogue_forced,INCORRECT,CKPC,CHICKEN POP-CORN,"CKPC (CHICKEN POP-CORN) is superior: covers strictly more of the offer's own wording (['chicken', 'popcorn'] vs ['chicken']). Offer words covered by replacement=['chicken', 'popcorn'] vs assigned=['chicken']; over-specific words replacement=0 vs assigned=1; name similarity 78.3 vs 68.1 (+10.2); protein=1 family=1 pack=compatible; spec '400 Gms x 12 Pkts'. All 237 master SKUs were compared before selecting this replacement.",deterministic,INCORRECT,"Same pop-corn offer pattern ('Chicken Pop-Corn 2x400 gm') assigned to CHICKEN FRIES. CKPC CHICKEN POP-CORN leads on name (78 vs 68) with a matching 400 Gms unit spec, prot=1, fam=1, pack=compatible, cat_ok=1, and pop-corn versus fries is a product-identity difference that overrides the shared Item-Cat-4 family string on CCF.",2,237,,,False,False,False,False
58,Al Kabeer Frozen Chicken Minced 400 gm,CKCM,CHICKEN MINCE 400,real_flyer_catalogue_forced,CORRECT_BUT_LOW_CONFIDENCE,,,"No SKU among all 237 is objectively superior, but the assigned SKU is not a clear winner: offer words unaccounted for ['frozen']; name rank 1/237 (75.3).",deterministic,VERIFIED_CORRECT,"'Frozen Chicken Minced 400 gm' matches CKCM CHICKEN MINCE 400 (Chicken-Mince, 400 Gms x 20 Pkts) at rank 1/237 on both name (75.3) and rule, with prot=1, fam=1, var=1, pack=compatible, cat_ok=1. The name-tied contender CKCMF is the CHICKEN MINCE (15% FREE) promo pack (400+60 g), a distinct SKU that the plain offer text does not indicate, and it is pack=INCOMPATIBLE.",0,237,,,False,False,False,False
59,Alkabeer Chicken Pop Corn 400 gm,CCF,CHICKEN FRIES,real_flyer_catalogue_forced,INCORRECT,CKPC,CHICKEN POP-CORN,"CKPC (CHICKEN POP-CORN) is superior: covers strictly more of the offer's own wording (['chicken', 'popcorn'] vs ['chicken']). Offer words covered by replacement=['chicken', 'popcorn'] vs assigned=['chicken']; over-specific words replacement=0 vs assigned=1; name similarity 81.2 vs 69.4 (+11.8); protein=1 family=1 pack=compatible; spec '400 Gms x 12 Pkts'. All 237 master SKUs were compared before selecting this replacement.",deterministic,INCORRECT,"Offer 'Chicken Pop Corn 400 gm' is the pop-corn item, not CHICKEN FRIES. CKPC CHICKEN POP-CORN has name=81 versus CCF's 69, spec 400 Gms x 12 Pkts exactly matching the stated 400 gm, prot=1, fam=1, pack=compatible, cat_ok=1, while the assigned CCF is pack=unknown and a different product.",1,237,,,False,False,False,False
60,Al Kabeer Chicken Pop-Corn 400gm X 2,CCF,CHICKEN FRIES,real_flyer_catalogue_forced,INCORRECT,CKPC,CHICKEN POP-CORN,"CKPC (CHICKEN POP-CORN) is superior: covers strictly more of the offer's own wording (['chicken', 'popcorn'] vs ['chicken']). Offer words covered by replacement=['chicken', 'popcorn'] vs assigned=['chicken']; over-specific words replacement=0 vs assigned=1; name similarity 78.3 vs 68.1 (+10.2); protein=1 family=1 pack=compatible; spec '400 Gms x 12 Pkts'. All 237 master SKUs were compared before selecting this replacement.",deterministic,INCORRECT,"Offer is 'Chicken Pop-Corn 400gm'; CKPC is literally CHICKEN POP-CORN at 400 Gms x 12 Pkts (name=78, pack=compatible, cat_ok=1), while the assigned CCF is CHICKEN FRIES - a different product identity that only shares the master's fam4 grouping 'POP-CORN & CHICKEN FRIES'. POP-CORN is not FRIES.",2,237,,,False,False,False,False
61,Al Kabeer Zing Chicken Nuggets Non-Spicy 750GR,CKZNNS,ZING CHICKEN NUGGET NON-SPICY,real_flyer_catalogue_forced,CORRECT_BUT_LOW_CONFIDENCE,,,"No SKU among all 237 is objectively superior, but the assigned SKU is not a clear winner: offer words unaccounted for ['750gr']; name rank 4/237 (80.5).",deterministic,VERIFIED_CORRECT,"Offer 'Zing Chicken Nuggets Non-Spicy 750GR' matches CKZNNS on every distinguishing axis: ZING sub-brand (cat2=Chicken-ZNG), NUGGETS family, NON-SPICY variant, and 750g spec (8 X 750 GMS). Higher-name contenders CKN (270g plain), CKNHSD (hot & spicy) and CKNTMP (tempura) each violate sub-brand or variant.",0,237,,,False,False,False,False
62,Al Kabeer Chicken And Cheese Ring 300gm,CFS,FISH FINGERS 300,real_flyer_catalogue_forced,INCORRECT,CKCCR,CHICKEN ‘N’ CHEESE RINGS 300,"CKCCR (CHICKEN ‘N’ CHEESE RINGS 300) is superior: clears a hard rule veto on the assigned SKU while covering every offer word it covered (3/4 tokens). Offer words covered by replacement=['cheese', 'chicken', 'ring'] vs assigned=[]; over-specific words replacement=0 vs assigned=2; name similarity 82.7 vs 31.6 (+51.1); protein=1 family=1 pack=compatible; spec '300 gms x 12 pkts'. All 237 master SKUs were compared before selecting this replacement.",deterministic,INCORRECT,"Assigned CFS is FISH FINGERS (Seafood) against a chicken-and-cheese offer: prot=0 and cat_ok=0, so the deployed candidate generator could never surface it. CKCCR (CHICKEN 'N' CHEESE RINGS 300, 300 gms, name=83, prot=1, pack=compatible, cat_ok=1) matches product identity and the stated 300gm exactly.",165,237,protein_contradiction,category_gate_unreachable,True,False,True,True
63,Alkabeer Chicken Popcorn 400g,CCF,CHICKEN FRIES,real_flyer_catalogue_forced,INCORRECT,CKPC,CHICKEN POP-CORN,"CKPC (CHICKEN POP-CORN) is superior: covers strictly more of the offer's own wording (['chicken', 'popcorn'] vs ['chicken']). Offer words covered by replacement=['chicken', 'popcorn'] vs assigned=['chicken']; over-specific words replacement=0 vs assigned=1; name similarity 95.6 vs 70.2 (+25.5); protein=1 family=1 pack=compatible; spec '400 Gms x 12 Pkts'. All 237 master SKUs were compared before selecting this replacement.",deterministic,INCORRECT,"Offer 'Chicken Popcorn 400g' has an exact SKU: CKPC CHICKEN POP-CORN 400 Gms x 12 Pkts with name=96 (vs assigned CCF CHICKEN FRIES name=70) and pack=compatible. fam=0 here is the documented 'pop corn' vs 'popcorn' phrase-list artifact, not real disagreement.",1,237,,,False,False,False,False
64,Al Kabeer Chicken Fries (400g),CCF,CHICKEN FRIES,real_flyer_catalogue_forced,VERIFIED_CORRECT,,,"Best of all 237 SKUs on name similarity (100.0, margin +5.4); no attribute conflict; pack unknown.",deterministic,VERIFIED_CORRECT,"Offer 'Chicken Fries (400g)' is a verbatim match to CCF CHICKEN FRIES with name=100.0, rank 1/237 on both name and rule, and spec 12 PKTS X 400 GRM agreeing with the stated 400g; the only close contender CCFA is the 1kg BULK pack, which the retail 400g offer excludes.",0,237,,,False,False,False,False
65,Al Kabeer Paneer Cube 200 GM,VPAN,PANEER CUBES,real_flyer_catalogue_forced,VERIFIED_CORRECT,,,"Assigned SKU accounts for every distinguishing word in the offer (['cube', 'paneer']) and introduces none the offer does not state; protein/family/variant compatible, pack compatible; no superior SKU exists among all 237.",deterministic,VERIFIED_CORRECT,"'Paneer Cube 200 GM' matches VPAN PANEER CUBES, spec 200 gm x 20 Pkts, name=97.1 and rank 1/237 on both name and rule with pack=compatible; the only rival VPAN500 is the 500g pack (pack=INCOMPATIBLE with the stated 200 GM).",0,237,,,False,False,False,False
66,Al Kabeer Chicken Popcorn 400gm x 2Pcs,CCF,CHICKEN FRIES,real_flyer_catalogue_forced,INCORRECT,CKPC,CHICKEN POP-CORN,"CKPC (CHICKEN POP-CORN) is superior: covers strictly more of the offer's own wording (['chicken', 'popcorn'] vs ['chicken']). Offer words covered by replacement=['chicken', 'popcorn'] vs assigned=['chicken']; over-specific words replacement=0 vs assigned=1; name similarity 86.3 vs 66.4 (+19.9); protein=1 family=1 pack=compatible; spec '400 Gms x 12 Pkts'. All 237 master SKUs were compared before selecting this replacement.",deterministic,INCORRECT,"Offer 'Chicken Popcorn 400gm x 2Pcs' names popcorn; CKPC CHICKEN POP-CORN 400 Gms x 12 Pkts scores name=86 with pack=compatible and cat_ok=1, whereas assigned CCF is CHICKEN FRIES (name=66) - a distinct product that merely shares the master fam4 label.",1,237,,,False,False,False,False
67,AL KABEER BREADED CHICKEN FILLET HOT AND SPICY 330GM ZING CHICKEN STRIPS 320GM,CKZS,ZING CHICKEN STRIPS,real_flyer_catalogue_forced,CORRECT_BUT_LOW_CONFIDENCE,,,"No SKU among all 237 is objectively superior, but the assigned SKU is not a clear winner: offer words unaccounted for ['320gm', '330gm', 'breaded', 'fillet', 'hot', 'spicy']; name rank 1/237 (83.6).",deterministic,VERIFIED_CORRECT,"MULTI_ENTITY_OFFER listing two products; the assigned CKZS ZING CHICKEN STRIPS matches the second entity exactly - ZING sub-brand, STRIPS family, and 320 Gms spec against the offer's '320GM' (pack=compatible), ranking 1/237 on name (83.6) and 2/237 on rule.",0,237,,,False,False,False,True
68,Al Kabeer Chicken Popcorn 400 gms,CCF,CHICKEN FRIES,real_flyer_catalogue_forced,INCORRECT,CKPC,CHICKEN POP-CORN,"CKPC (CHICKEN POP-CORN) is superior: covers strictly more of the offer's own wording (['chicken', 'popcorn'] vs ['chicken']). Offer words covered by replacement=['chicken', 'popcorn'] vs assigned=['chicken']; over-specific words replacement=0 vs assigned=1; name similarity 95.6 vs 70.2 (+25.5); protein=1 family=1 pack=compatible; spec '400 Gms x 12 Pkts'. All 237 master SKUs were compared before selecting this replacement.",deterministic,INCORRECT,"'Chicken Popcorn 400 gms' maps to CKPC CHICKEN POP-CORN 400 Gms x 12 Pkts (name=96, pack=compatible, cat_ok=1); assigned CCF is CHICKEN FRIES (name=70, pack=unknown), a different product identity. fam=0 on both is the known 'pop corn'/'popcorn' normalization artifact.",1,237,,,False,False,False,False
69,Al Kabeer Chicken Popcorn 400 gm,CCF,CHICKEN FRIES,real_flyer_catalogue_forced,INCORRECT,CKPC,CHICKEN POP-CORN,"CKPC (CHICKEN POP-CORN) is superior: covers strictly more of the offer's own wording (['chicken', 'popcorn'] vs ['chicken']). Offer words covered by replacement=['chicken', 'popcorn'] vs assigned=['chicken']; over-specific words replacement=0 vs assigned=1; name similarity 95.6 vs 70.2 (+25.5); protein=1 family=1 pack=compatible; spec '400 Gms x 12 Pkts'. All 237 master SKUs were compared before selecting this replacement.",deterministic,INCORRECT,"Identical offer text pattern to rows 63/68: 'Chicken Popcorn 400 gm' is CKPC CHICKEN POP-CORN 400 Gms x 12 Pkts (name=96 vs assigned CCF 70, pack=compatible vs unknown). POP-CORN and FRIES are different products regardless of the shared fam4 grouping.",1,237,,,False,False,False,False
70,Al Kabeer Chicken Cheese Rings 300 gm,CFS,FISH FINGERS 300,real_flyer_catalogue_forced,INCORRECT,CKCCR,CHICKEN ‘N’ CHEESE RINGS 300,"CKCCR (CHICKEN ‘N’ CHEESE RINGS 300) is superior: clears a hard rule veto on the assigned SKU while covering every offer word it covered (3/3 tokens). Offer words covered by replacement=['cheese', 'chicken', 'ring'] vs assigned=[]; over-specific words replacement=0 vs assigned=2; name similarity 87.8 vs 38.9 (+48.9); protein=1 family=1 pack=compatible; spec '300 gms x 12 pkts'. All 237 master SKUs were compared before selecting this replacement.",deterministic,INCORRECT,"Assigned CFS FISH FINGERS is Seafood against a chicken/cheese offer with prot=0 and cat_ok=0 (unreachable at inference, name rank only 145/237). CKCCR CHICKEN 'N' CHEESE RINGS 300 matches product identity and the 300 gm size with name=88, rule=67, prot=1, pack=compatible, cat_ok=1.",136,237,protein_contradiction,category_gate_unreachable,True,False,True,False
71,Al Kabeer STUFFED FALAFEL 750 gm,CVSF,STUFFED FELAFEL,real_flyer_catalogue_forced,VERIFIED_CORRECT,,,"Assigned SKU accounts for every distinguishing word in the offer (['falafel', 'stuffed']) and introduces none the offer does not state; protein/family/variant compatible, pack compatible; no superior SKU exists among all 237.",deterministic,VERIFIED_CORRECT,"'STUFFED FALAFEL 750 gm' maps to CVSF STUFFED FELAFEL, spec 750 g. x 8, name=93.3 and rank 1/237 on both name and rule with pack=compatible; the plain-felafel alternatives (CVF 360g, CVFA/CVFAG 1kg bulk) all fail the 'stuffed' qualifier and the 750g size.",0,237,,,False,False,False,False
72,Al Kabeer ZING CHICKEN NUGGETS NON-SPICY 750 gm,CKZNNS,ZING CHICKEN NUGGET NON-SPICY,real_flyer_catalogue_forced,VERIFIED_CORRECT,,,"Assigned SKU accounts for every distinguishing word in the offer (['chicken', 'nonspicy', 'nugget', 'zing']) and introduces none the offer does not state; protein/family/variant compatible, pack compatible; no superior SKU exists among all 237.",deterministic,VERIFIED_CORRECT,"Offer states ZING, NUGGETS, NON-SPICY and 750 gm - CKZNNS satisfies all four (cat2=Chicken-ZNG, 8 X 750 GMS, pack=compatible). Higher name scores on CKNTMP (Tempura coating), CKNHSD (HOT n SPICY) and CKN (270g plain) each break an explicit distinguishing attribute.",0,237,,,False,False,False,False
73,Alkabeer Paneer Cubes 200 gm,VPAN,PANEER CUBES,real_flyer_catalogue_forced,VERIFIED_CORRECT,,,"Assigned SKU accounts for every distinguishing word in the offer (['cube', 'paneer']) and introduces none the offer does not state; protein/family/variant compatible, pack compatible; no superior SKU exists among all 237.",deterministic,VERIFIED_CORRECT,"'Paneer Cubes 200 gm' is a verbatim match to VPAN PANEER CUBES 200 gm x 20 Pkts: name=100.0, rank 1/237 on name and rule, pack=compatible; VPAN500 is ruled out by its 500g pack (INCOMPATIBLE).",0,237,,,False,False,False,False
74,"AL KABEER CHICKEN POP CORN, 1 kg",CCFA,CHICKEN FRIES BULK,real_flyer_catalogue_forced,CORRECT_BUT_LOW_CONFIDENCE,,,"No SKU among all 237 is objectively superior, but the assigned SKU is not a clear winner: offer words unaccounted for ['popcorn']; name rank 13/237 (61.0).",deterministic,INCORRECT,"Offer names POP CORN, but assigned CCFA is CHICKEN FRIES BULK - product identity beats the size agreement, and the two only share the master fam4 grouping. CKPC CHICKEN POP-CORN is the correct product line (name=81 vs 61, prot/fam/var all 1, cat_ok=1); no popcorn SKU exists at exactly 1 kg, so the size remains approximate (CKPC 400g, CKPCDA 750g), but a popcorn SKU is objectively better than a fries SKU.",0,237,,,False,False,False,False
75,ALKABEER SHRIMP BREADED 250gm,CSB,BREADED SHRIMPS 250,real_flyer_catalogue_forced,CORRECT_BUT_LOW_CONFIDENCE,,,"No SKU among all 237 is objectively superior, but the assigned SKU is not a clear winner: offer words unaccounted for ['250gm']; name rank 1/237 (78.8).",deterministic,CORRECT_BUT_LOW_CONFIDENCE,"CSB BREADED SHRIMPS 250 is a near-verbatim match to 'SHRIMP BREADED 250gm' (name=78.8, rank 1/237 on both name and rule, spec 250 Gms x 20 Pkts, pack=compatible), and no candidate is better - CSBA is the 1kg bulk pack. However prot=0 on every one of the 12 candidates, including the shrimp SKUs, showing an offer-side protein-parse artifact that nonetheless makes this pair unusable as-labelled by the deployed gate.",0,237,,,False,False,False,False
76,Al Kabeer Chicken And Cheese Rings 300 gm,CFS,FISH FINGERS 300,real_flyer_catalogue_forced,INCORRECT,CKCCR,CHICKEN ‘N’ CHEESE RINGS 300,"CKCCR (CHICKEN ‘N’ CHEESE RINGS 300) is superior: clears a hard rule veto on the assigned SKU while covering every offer word it covered (3/3 tokens). Offer words covered by replacement=['cheese', 'chicken', 'ring'] vs assigned=[]; over-specific words replacement=0 vs assigned=2; name similarity 87.8 vs 36.7 (+51.1); protein=1 family=1 pack=compatible; spec '300 gms x 12 pkts'. All 237 master SKUs were compared before selecting this replacement.",deterministic,INCORRECT,"Assigned CFS FISH FINGERS is Seafood for a chicken-and-cheese offer: prot=0, cat_ok=0, name rank 159/237. CKCCR CHICKEN 'N' CHEESE RINGS 300 agrees on protein, product identity (RINGS) and the stated 300 gm, with name=88, rule=62, pack=compatible, cat_ok=1.",147,237,protein_contradiction,category_gate_unreachable,True,False,True,True
77,Al Kabeer Popcorn 400 gm,CCF,CHICKEN FRIES,real_flyer_catalogue_forced,INCORRECT,CKPC,CHICKEN POP-CORN,CKPC (CHICKEN POP-CORN) is superior: covers strictly more of the offer's own wording (['popcorn'] vs []). Offer words covered by replacement=['popcorn'] vs assigned=[]; over-specific words replacement=1 vs assigned=2; name similarity 69.2 vs 22.9 (+46.3); protein=1 family=1 pack=compatible; spec '400 Gms x 12 Pkts'. All 237 master SKUs were compared before selecting this replacement.,deterministic,INCORRECT,"Offer 'Popcorn 400 gm' scores only name=22.9 against assigned CCF CHICKEN FRIES, while CKPC CHICKEN POP-CORN reaches name=69 at exactly 400 Gms x 12 Pkts with pack=compatible and cat_ok=1. The remaining corn SKUs (VECC, VCOB, VSC) are vegetable sweet corn, not the snack the Al Kabeer popcorn line denotes.",1,237,,,False,False,False,False
78,Al Kabeer Chicken Rings 300 Gm,CFS,FISH FINGERS 300,real_flyer_catalogue_forced,INCORRECT,CKCCR,CHICKEN ‘N’ CHEESE RINGS 300,"CKCCR (CHICKEN ‘N’ CHEESE RINGS 300) is superior: clears a hard rule veto on the assigned SKU while covering every offer word it covered (2/2 tokens). Offer words covered by replacement=['chicken', 'ring'] vs assigned=[]; over-specific words replacement=1 vs assigned=2; name similarity 80.6 vs 39.0 (+41.6); protein=1 family=1 pack=compatible; spec '300 gms x 12 pkts'. All 237 master SKUs were compared before selecting this replacement.",deterministic,INCORRECT,"Assigned CFS FISH FINGERS has prot=0 and cat_ok=0 against a chicken offer, so the pipeline could never produce it. CKCCR CHICKEN 'N' CHEESE RINGS 300 is the only RINGS SKU in the master and matches the stated 300 Gm (name=81, rule=62, prot=1, pack=compatible, cat_ok=1); the higher-name CCF is CHICKEN FRIES at 400g, a different product identity.",130,237,protein_contradiction,category_gate_unreachable,True,False,True,False
79,Alkabeer Chicken n Cheese Rings 300 gm,CFS,FISH FINGERS 300,real_flyer_catalogue_forced,INCORRECT,CKCCR,CHICKEN ‘N’ CHEESE RINGS 300,"CKCCR (CHICKEN ‘N’ CHEESE RINGS 300) is superior: clears a hard rule veto on the assigned SKU while covering every offer word it covered (3/3 tokens). Offer words covered by replacement=['cheese', 'chicken', 'ring'] vs assigned=[]; over-specific words replacement=0 vs assigned=2; name similarity 88.7 vs 37.7 (+51.0); protein=1 family=1 pack=compatible; spec '300 gms x 12 pkts'. All 237 master SKUs were compared before selecting this replacement.",deterministic,INCORRECT,"Assigned CFS FISH FINGERS is Seafood with prot=0 and cat_ok=0 (name rank 145/237) for 'Chicken n Cheese Rings 300 gm'. CKCCR CHICKEN 'N' CHEESE RINGS 300 tops the slate at name=89, rule=66, with prot=1, pack=compatible on the stated 300 gm and cat_ok=1; the CKCCS/CKCCN alternatives are STICKS/NUGGETS at conflicting weights.",139,237,protein_contradiction,category_gate_unreachable,True,False,True,False
80,Alkabeer Chicken Popcorn 400 gm,CCF,CHICKEN FRIES,real_flyer_catalogue_forced,INCORRECT,CKPC,CHICKEN POP-CORN,"CKPC (CHICKEN POP-CORN) is superior: covers strictly more of the offer's own wording (['chicken', 'popcorn'] vs ['chicken']). Offer words covered by replacement=['chicken', 'popcorn'] vs assigned=['chicken']; over-specific words replacement=0 vs assigned=1; name similarity 95.6 vs 70.2 (+25.5); protein=1 family=1 pack=compatible; spec '400 Gms x 12 Pkts'. All 237 master SKUs were compared before selecting this replacement.",deterministic,INCORRECT,"Offer is 'Chicken Popcorn 400 gm'; CKPC CHICKEN POP-CORN (400 Gms x 12 Pkts) scores name=96 with pack=compatible and cat_ok=1, versus assigned CCF CHICKEN FRIES at name=70 with pack=unknown. POP-CORN and FRIES are different products, and the 400 g pack matches CKPC exactly.",1,237,,,False,False,False,False
81,Kabeer Chicken Pop Corn 400 gm,CCF,CHICKEN FRIES,real_flyer_catalogue_forced,INCORRECT,CKPC,CHICKEN POP-CORN,"CKPC (CHICKEN POP-CORN) is superior: covers strictly more of the offer's own wording (['chicken', 'popcorn'] vs ['chicken']). Offer words covered by replacement=['chicken', 'popcorn'] vs assigned=['chicken']; over-specific words replacement=0 vs assigned=1; name similarity 72.3 vs 62.4 (+9.9); protein=1 family=1 pack=compatible; spec '400 Gms x 12 Pkts'. All 237 master SKUs were compared before selecting this replacement.",deterministic,INCORRECT,Offer 'Chicken Pop Corn 400 gm' names the POP-CORN product line; CKPC CHICKEN POP-CORN 400 Gms x 12 Pkts leads on name (72 vs 62 for assigned CCF) with pack=compatible and cat_ok=1. CHICKEN FRIES is a distinct product identity.,1,237,,,False,False,False,False
82,Al Kabeer Chicken Pop Corn 400 gm,CCF,CHICKEN FRIES,real_flyer_catalogue_forced,INCORRECT,CKPC,CHICKEN POP-CORN,"CKPC (CHICKEN POP-CORN) is superior: covers strictly more of the offer's own wording (['chicken', 'popcorn'] vs ['chicken']). Offer words covered by replacement=['chicken', 'popcorn'] vs assigned=['chicken']; over-specific words replacement=0 vs assigned=1; name similarity 81.2 vs 69.4 (+11.8); protein=1 family=1 pack=compatible; spec '400 Gms x 12 Pkts'. All 237 master SKUs were compared before selecting this replacement.",deterministic,INCORRECT,"Offer 'Al Kabeer Chicken Pop Corn 400 gm' matches CKPC CHICKEN POP-CORN (400 Gms x 12 Pkts, name=81, pack=compatible, cat_ok=1) far better than assigned CCF CHICKEN FRIES (name=69, pack=unknown). The 750 g variant CKPCDA is excluded by pack=INCOMPATIBLE against the stated 400 gm.",1,237,,,False,False,False,False
83,Al Kabeer Frozen Minced Chicken meat 400 gm,CKCM,CHICKEN MINCE 400,real_flyer_catalogue_forced,CORRECT_BUT_LOW_CONFIDENCE,,,"No SKU among all 237 is objectively superior, but the assigned SKU is not a clear winner: offer words unaccounted for ['frozen', 'meat']; name rank 4/237 (64.8).",deterministic,VERIFIED_CORRECT,"Offer 'Frozen Minced Chicken meat 400 gm' maps to CKCM CHICKEN MINCE 400 (cat2=Chicken-Mince, 400 Gms x 20 Pkts, pack=compatible, rule rank 1/237). Higher-name contenders are different products (CKMB MEAT BALLS, CCF FRIES) or a promo variant (CKCMF 400+60 g '15% FREE', pack=INCOMPATIBLE) that the plain 400 gm offer does not describe.",0,237,,,False,False,False,False
84,"Al Kabeer CHICKEN N’ CHEESE RINGS, 300 gm",CFS,FISH FINGERS 300,real_flyer_catalogue_forced,INCORRECT,CKCCR,CHICKEN ‘N’ CHEESE RINGS 300,"CKCCR (CHICKEN ‘N’ CHEESE RINGS 300) is superior: clears a hard rule veto on the assigned SKU while covering every offer word it covered (3/3 tokens). Offer words covered by replacement=['cheese', 'chicken', 'ring'] vs assigned=[]; over-specific words replacement=0 vs assigned=2; name similarity 88.7 vs 37.7 (+51.0); protein=1 family=1 pack=compatible; spec '300 gms x 12 pkts'. All 237 master SKUs were compared before selecting this replacement.",deterministic,INCORRECT,"Offer is CHICKEN N' CHEESE RINGS 300 gm but the assigned SKU is CFS FISH FINGERS 300 (Seafood) with prot=0 and cat_ok=0, so the deployed generator could never surface it. CKCCR CHICKEN 'N' CHEESE RINGS 300 is a verbatim identity and size match (name=89, rule=66, prot=1, pack=compatible, cat_ok=1); the RINGS/NUGGETS/STICKS contenders are excluded by product identity and INCOMPATIBLE packs.",139,237,protein_contradiction,category_gate_unreachable,True,False,True,False
85,ALKABEER SHRIMP BREADED 250 gm,CSB,BREADED SHRIMPS 250,real_flyer_catalogue_forced,VERIFIED_CORRECT,,,"Assigned SKU accounts for every distinguishing word in the offer (['breaded', 'shrimp']) and introduces none the offer does not state; protein/family/variant compatible, pack compatible; no superior SKU exists among all 237.",deterministic,VERIFIED_CORRECT,"Offer 'SHRIMP BREADED 250 gm' is a verbatim match to CSB BREADED SHRIMPS 250 (250 Gms x 20 Pkts, pack=compatible, cat_ok=1, rank 1/237 on both name and rule); the only alternative shrimp SKU CSBA is BULK 1 kg with pack=INCOMPATIBLE. prot=0 is a scoring artifact here because every one of the 12 contenders, including the exact-name shrimp SKUs, shows prot=0, so it carries no discriminating signal and no better SKU exists among the 237.",0,237,,,False,False,False,False
86,Al Kabeer's Beef cube,BC40,BEEF CUBES,v2_synthetic_by_construction,VERIFIED_CORRECT,,,"Assigned SKU accounts for every distinguishing word in the offer (['beef', 'cube']) and introduces none the offer does not state; protein/family/variant compatible, pack unknown; no superior SKU exists among all 237.",deterministic,VERIFIED_CORRECT,"Offer 'Beef cube' matches BC40 BEEF CUBES exactly (name=95.1, rank 1/237 on both name and rule, prot=1, cat_ok=1); the next contenders are burgers, kebabs and sausages at name<=67, i.e. plainly different products.",0,237,,,False,False,False,False
87,Al Kabeer's Parata tortilla SPICY,VTORS,"TORTILLA WRAPS HOT  N  SPICY 8""",v2_synthetic_by_construction,CORRECT_BUT_LOW_CONFIDENCE,,,"No SKU among all 237 is objectively superior, but the assigned SKU is not a clear winner: offer words unaccounted for ['paratha']; name rank 1/237 (65.8).",deterministic,CORRECT_BUT_LOW_CONFIDENCE,"Offer 'Parata tortilla SPICY' correctly resolves to the spicy tortilla wrap line and VTORS is rank 1/237 on both name (66) and rule (60), but VTOR (same product, HOT N SPICY 10.5"", name=65) is a one-point near-tie and the offer declares no size or diameter, leaving 570 gm 8"" vs 875 gm 10.5"" unresolvable.",0,237,,,False,False,False,False
88,Al Kabeer Paratha tortilla Hot and Spicy,VTORS,"TORTILLA WRAPS HOT  N  SPICY 8""",v2_synthetic_by_construction,CORRECT_BUT_LOW_CONFIDENCE,,,"No SKU among all 237 is objectively superior, but the assigned SKU is not a clear winner: offer words unaccounted for ['hot', 'paratha']; name rank 1/237 (71.6).",deterministic,CORRECT_BUT_LOW_CONFIDENCE,"Offer 'Paratha tortilla Hot and Spicy' matches the HOT N SPICY tortilla wrap variant and VTORS ranks 1/237 on name (72) and rule (62), but the 10.5"" twin VTOR at name=70 is effectively tied and the offer states no size; plain paratha contenders are excluded by the spicy variant.",0,237,,,False,False,False,True
89,Al kabeer PARATHA tortilla Spicy,VTORS,"TORTILLA WRAPS HOT  N  SPICY 8""",v2_synthetic_by_construction,CORRECT_BUT_LOW_CONFIDENCE,,,"No SKU among all 237 is objectively superior, but the assigned SKU is not a clear winner: offer words unaccounted for ['paratha']; name rank 2/237 (66.2).",deterministic,CORRECT_BUT_LOW_CONFIDENCE,"Top name contender VPR PLAIN PARATHA (68) conflicts on variant (offer says Spicy) and lacks 'tortilla', so VTORS (name=66, rule rank 1/237) is the better identity+variant fit; confidence is limited because VTOR HOT N SPICY 10.5"" (name=65) is a size twin and the offer declares no size.",0,237,,,False,False,False,False
90,Alkabeer Paratha tortilla Hot N Spicy,VTORS,"TORTILLA WRAPS HOT  N  SPICY 8""",v2_synthetic_by_construction,CORRECT_BUT_LOW_CONFIDENCE,,,"No SKU among all 237 is objectively superior, but the assigned SKU is not a clear winner: offer words unaccounted for ['paratha']; name rank 1/237 (75.0).",deterministic,CORRECT_BUT_LOW_CONFIDENCE,"Offer 'Paratha tortilla Hot N Spicy' matches VTORS on identity and variant (rank 1/237 on name 75 and rule 68), but VTOR HOT N SPICY 10.5"" at name=74 is a one-point near-tie differing only in a size the offer never states.",0,237,,,False,False,False,False
91,ALKABEEER Parata tortilla Hot n Spicy,VTORS,"TORTILLA WRAPS HOT  N  SPICY 8""",v2_synthetic_by_construction,CORRECT_BUT_LOW_CONFIDENCE,,,"Best of all 237 SKUs on name similarity (74.6, margin +3.9); no attribute conflict; pack unknown.",deterministic+agent_downgrade,CORRECT_BUT_LOW_CONFIDENCE,"VTORS is rank 1/237 on name (75) and rule (59) for 'Parata tortilla Hot n Spicy'; all chicken hot-and-spicy contenders are wrong category with cat_ok=0. Remaining doubt is the 10.5"" twin VTOR (name=71) since the offer gives no size.",0,237,,,False,False,False,False
92,ALKABEEER Paratha tortilla spicy,VTORS,"TORTILLA WRAPS HOT  N  SPICY 8""",v2_synthetic_by_construction,CORRECT_BUT_LOW_CONFIDENCE,,,"No SKU among all 237 is objectively superior, but the assigned SKU is not a clear winner: offer words unaccounted for ['paratha']; name rank 2/237 (61.0).",deterministic,CORRECT_BUT_LOW_CONFIDENCE,"Top name contender VPMR MALABAR PARATHA (64) is neither a tortilla wrap nor spicy, so VTORS (name=61, rule rank 1/237) is the best variant+identity fit for 'Paratha tortilla spicy'; the margin is thin and VTOR 10.5"" (name=54) remains an unstated-size alternative.",0,237,,,False,False,False,False
93,Alkaberer Paratha tortilla Hot & Spicy,VTORS,"TORTILLA WRAPS HOT  N  SPICY 8""",v2_synthetic_by_construction,CORRECT_BUT_LOW_CONFIDENCE,,,"Best of all 237 SKUs on name similarity (70.5, margin +3.8); no attribute conflict; pack unknown.",deterministic+agent_downgrade,CORRECT_BUT_LOW_CONFIDENCE,"'Paratha tortilla Hot & Spicy' matches VTORS on identity and spice variant (rank 1/237, name=70, rule=57), ahead of plain-paratha contenders; VTOR HOT N SPICY 10.5"" at name=67 is the same product in a size the offer does not declare.",0,237,,,False,False,False,False
94,Al-Kabeer Potato fries,VWF,WAFFLE FRIES,v2_synthetic_by_construction,CORRECT_BUT_LOW_CONFIDENCE,,,"No SKU among all 237 is objectively superior, but the assigned SKU is not a clear winner: offer words unaccounted for ['potato']; name rank 2/237 (61.3).",deterministic,CORRECT_BUT_LOW_CONFIDENCE,"Offer 'Potato fries' is generic: assigned VWF WAFFLE FRIES leads all fries SKUs on name (61 vs 52-53 for the FRENCH FRIES family) and is cat_ok=1, and the higher-scoring VPB POTATO BITES (83) is a different product, but the offer names no cut or size, so plain FRENCH FRIES (VFFA/VFA/VFFATC, all differing sizes) would be equally defensible and no evidence resolves the waffle shape.",0,237,,,False,False,False,False
95,Alkabeers paratha tortilla SPICY,VTORS,"TORTILLA WRAPS HOT  N  SPICY 8""",v2_synthetic_by_construction,CORRECT_BUT_LOW_CONFIDENCE,,,"No SKU among all 237 is objectively superior, but the assigned SKU is not a clear winner: offer words unaccounted for ['paratha']; name rank 2/237 (64.1).",deterministic,CORRECT_BUT_LOW_CONFIDENCE,"Top name contender VPR PLAIN PARATHA (67) contradicts the stated SPICY variant, so VTORS (name=64, rule rank 1/237) is the correct spicy tortilla wrap; VTOR 10.5"" (name=63) is a near-tie size twin with no size stated in the offer.",0,237,,,False,False,False,False
96,AlKabeer Parata tortilla Hot N Spicy,VTORS,"TORTILLA WRAPS HOT  N  SPICY 8""",v2_synthetic_by_construction,CORRECT_BUT_LOW_CONFIDENCE,,,"No SKU among all 237 is objectively superior, but the assigned SKU is not a clear winner: offer words unaccounted for ['paratha']; name rank 1/237 (75.6).",deterministic,CORRECT_BUT_LOW_CONFIDENCE,"VTORS ranks 1/237 on name (76) and rule (68) for 'Parata tortilla Hot N Spicy', with correct product line and spice variant; the only real competitor is VTOR HOT N SPICY 10.5"" (name=74), an unstated-size twin.",0,237,,,False,False,False,False
97,AL-KABEEZ Parathas tortilla Not Spicy,VTORP10,TORTILLA WRAPS PLAIN 10.5 INCHES,v2_synthetic_by_construction,CORRECT_BUT_LOW_CONFIDENCE,,,"No SKU among all 237 is objectively superior, but the assigned SKU is not a clear winner: offer words unaccounted for ['nonspicy', 'paratha']; name rank 12/237 (49.2).",deterministic,CORRECT_BUT_LOW_CONFIDENCE,"'Parathas tortilla Not Spicy' correctly excludes the higher-scoring VTORS/VTOR HOT N SPICY entries on variant, leaving the PLAIN tortilla wraps; assigned VTORP10 (10.5"", 875 gm) is however outscored on name by its 8"" twin VTORP (52 vs 49) and the offer declares no size, so the choice between the two plain wraps is unresolvable rather than wrong.",0,237,,,False,False,False,False
98,Al Kabeer's Parathas tortilla N/S,VTORP10,TORTILLA WRAPS PLAIN 10.5 INCHES,v2_synthetic_by_construction,CORRECT_BUT_LOW_CONFIDENCE,,,"No SKU among all 237 is objectively superior, but the assigned SKU is not a clear winner: offer words unaccounted for ['paratha']; name rank 7/237 (54.6).",deterministic,CORRECT_BUT_LOW_CONFIDENCE,"Offer 'Parathas tortilla N/S' (non-spicy) rules out VTORS/VTOR on variant and the plain parathas on identity, so a PLAIN TORTILLA WRAP is right; assigned VTORP10 trails its 8"" twin VTORP on name (55 vs 61) but the offer states no size or diameter, so the two plain wraps cannot be separated.",0,237,,,False,False,False,False
99,Al Kabeer Parata tortilla N/S,VTORP10,TORTILLA WRAPS PLAIN 10.5 INCHES,v2_synthetic_by_construction,CORRECT_BUT_LOW_CONFIDENCE,,,"No SKU among all 237 is objectively superior, but the assigned SKU is not a clear winner: offer words unaccounted for ['paratha']; name rank 5/237 (59.3).",deterministic,CORRECT_BUT_LOW_CONFIDENCE,"'Parata tortilla N/S' points to the plain tortilla wrap line (spicy VTORS/VTOR excluded by the N/S variant); assigned VTORP10 (name=59) is essentially tied with the 8"" plain twin VTORP (name=64) and the offer gives no size, so this is an unresolvable size split within the same product.",0,237,,,False,False,False,False
100,Alkabeers Parata tortilla Not Spicy,VTORP10,TORTILLA WRAPS PLAIN 10.5 INCHES,v2_synthetic_by_construction,CORRECT_BUT_LOW_CONFIDENCE,,,"No SKU among all 237 is objectively superior, but the assigned SKU is not a clear winner: offer words unaccounted for ['nonspicy', 'paratha']; name rank 8/237 (51.3).",deterministic,CORRECT_BUT_LOW_CONFIDENCE,"Offer 'Parata tortilla Not Spicy' matches the plain (non-spicy) tortilla-wrap identity of VTORP10, and prot/fam/var/cat all agree; but its size twin VTORP (TORTILLA WRAPS PLAIN 8"", 570 gm) scores higher on name (57 vs 51) and the offer declares no size or inch measure, so 8"" vs 10.5"" is unresolvable. The higher-scoring VTORS/VTOR are HOT N SPICY and contradict 'Not Spicy'.",0,237,,,False,False,False,False
101,Al Kaber Paratha tortilla Spicy,VTORS,"TORTILLA WRAPS HOT  N  SPICY 8""",v2_synthetic_by_construction,CORRECT_BUT_LOW_CONFIDENCE,,,"No SKU among all 237 is objectively superior, but the assigned SKU is not a clear winner: offer words unaccounted for ['paratha']; name rank 3/237 (61.3).",deterministic,VERIFIED_CORRECT,"Offer explicitly names 'tortilla' and 'Spicy'; VTORS (TORTILLA WRAPS HOT N SPICY 8"") is the top tortilla candidate by name (61) and rank_rule 1/237. The higher-name candidates VPMR (67) and VPR (63) are paratha, not tortilla, and are plain, directly contradicting the stated Spicy variant.",0,237,,,False,False,False,False
102,Al kabeer Parata tortilla Spicy,VTORS,"TORTILLA WRAPS HOT  N  SPICY 8""",v2_synthetic_by_construction,CORRECT_BUT_LOW_CONFIDENCE,,,"No SKU among all 237 is objectively superior, but the assigned SKU is not a clear winner: offer words unaccounted for ['paratha']; name rank 1/237 (68.0).",deterministic,VERIFIED_CORRECT,"VTORS is rank 1/237 on both name (68) and rule (61); product identity (tortilla wrap) and variant (HOT N SPICY vs offer 'Spicy') both agree, with cat_ok=1 and prot=1. All paratha alternatives are plain and lack the tortilla identity.",0,237,,,False,False,False,False
103,Al kbeer Parathas tortilla Hot and Spicy,VTORS,"TORTILLA WRAPS HOT  N  SPICY 8""",v2_synthetic_by_construction,VERIFIED_CORRECT,,,"Best of all 237 SKUs on name similarity (70.0, margin +3.7); no attribute conflict; pack unknown.",deterministic,VERIFIED_CORRECT,"MULTI_ENTITY_OFFER naming parathas and tortilla; VTORS is rank 1/237 on name (70) and rule (58) and matches the 'Hot and Spicy' variant exactly. Only one listed product needs to match, and the spicy tortilla wrap does so; competing chicken SKUs are cat_ok=0.",0,237,,,False,False,False,True
104,Al kabeer Paratha tortilla Hot N Spicy,VTORS,"TORTILLA WRAPS HOT  N  SPICY 8""",v2_synthetic_by_construction,CORRECT_BUT_LOW_CONFIDENCE,,,"No SKU among all 237 is objectively superior, but the assigned SKU is not a clear winner: offer words unaccounted for ['paratha']; name rank 1/237 (75.0).",deterministic,VERIFIED_CORRECT,"VTORS is rank 1/237 on both name (75) and rule (68); 'tortilla' + 'Hot N Spicy' match the SKU name token-for-token, and every higher-context chicken candidate is cat_ok=0 and therefore unreachable at inference.",0,237,,,False,False,False,False
105,Alkabeers paratha tortilla HOT & SPICY,VTORS,"TORTILLA WRAPS HOT  N  SPICY 8""",v2_synthetic_by_construction,CORRECT_BUT_LOW_CONFIDENCE,,,"No SKU among all 237 is objectively superior, but the assigned SKU is not a clear winner: offer words unaccounted for ['paratha']; name rank 1/237 (69.7).",deterministic,VERIFIED_CORRECT,"VTORS is rank 1/237 on name (70) and rule (65); offer 'paratha tortilla HOT & SPICY' agrees on product identity (tortilla wrap), family (PARATHA-WRAPS) and spice variant. Plain paratha candidates conflict with the stated HOT & SPICY.",0,237,,,False,False,False,False
106,ALKABEER Parata tortilla N/S,VTORP10,TORTILLA WRAPS PLAIN 10.5 INCHES,v2_synthetic_by_construction,CORRECT_BUT_LOW_CONFIDENCE,,,"No SKU among all 237 is objectively superior, but the assigned SKU is not a clear winner: offer words unaccounted for ['paratha']; name rank 5/237 (59.3).",deterministic,CORRECT_BUT_LOW_CONFIDENCE,"'N/S' reads as non-spicy, so the plain tortilla wrap identity of VTORP10 is right and beats the spicy VTORS/VTOR on variant. However the size twin VTORP (PLAIN 8"", 570 gm) scores higher on name (64 vs 59) and the offer states no size, leaving 8"" vs 10.5"" unresolvable.",0,237,,,False,False,False,False
107,ALKABEER Paratha tortilla Non-Spicy,VTORP10,TORTILLA WRAPS PLAIN 10.5 INCHES,v2_synthetic_by_construction,CORRECT_BUT_LOW_CONFIDENCE,,,"No SKU among all 237 is objectively superior, but the assigned SKU is not a clear winner: offer words unaccounted for ['nonspicy', 'paratha']; name rank 10/237 (52.3).",deterministic,CORRECT_BUT_LOW_CONFIDENCE,"Offer 'tortilla Non-Spicy' matches the plain tortilla-wrap identity of VTORP10, and the higher-name VPR (66) is paratha not tortilla while VTORS/VTOR (64/62) are HOT N SPICY. But the true twin VTORP (PLAIN 8"") outscores the assigned SKU on name (58 vs 52) with no size stated in the offer.",0,237,,,False,False,False,False
108,ALKABEEER Parata tortilla Hot and Spicy,VTOR,"TORTILLA WRAPS HOT  N  SPICY 10.5""",v2_synthetic_by_construction,CORRECT_BUT_LOW_CONFIDENCE,,,"No SKU among all 237 is objectively superior, but the assigned SKU is not a clear winner: offer words unaccounted for ['hot', 'paratha']; name rank 2/237 (66.6).",deterministic,CORRECT_BUT_LOW_CONFIDENCE,"MULTI_ENTITY_OFFER; identity (tortilla wrap) and variant (Hot and Spicy) both agree with VTOR, cat_ok=1. But the identical-product size twin VTORS (HOT N SPICY 8"", 570 gm) outscores it on name (70 vs 67) and the offer declares no size, so the 8""/10.5"" choice is unsupported by the text.",0,237,,,False,False,False,True
109,Al kbeer Parathas tortilla Hot & Spicy,VTOR,"TORTILLA WRAPS HOT  N  SPICY 10.5""",v2_synthetic_by_construction,CORRECT_BUT_LOW_CONFIDENCE,,,"No SKU among all 237 is objectively superior, but the assigned SKU is not a clear winner: offer words unaccounted for ['paratha']; name rank 2/237 (66.7).",deterministic,CORRECT_BUT_LOW_CONFIDENCE,"Offer 'Parathas tortilla Hot & Spicy' agrees with VTOR on product identity and spice variant, but VTORS (same product, 8""/570 gm) leads on name 70 vs 67. Nothing in the offer states 8"" vs 10.5"" or 570 gm vs 875 gm, so the pack choice is a coin flip and I do not flip the label.",0,237,,,False,False,False,False
110,Al Kabeer's Parathas tortilla spicy,VTOR,"TORTILLA WRAPS HOT  N  SPICY 10.5""",v2_synthetic_by_construction,CORRECT_BUT_LOW_CONFIDENCE,,,"No SKU among all 237 is objectively superior, but the assigned SKU is not a clear winner: offer words unaccounted for ['paratha']; name rank 3/237 (61.5).",deterministic,CORRECT_BUT_LOW_CONFIDENCE,"Offer states 'spicy' and 'tortilla', which rules out the near-tied VPR PLAIN PARATHA (name 63, wrong identity and wrong variant); VTOR is a correct spicy tortilla wrap. Its size twin VTORS is effectively tied on name (63 vs 62) and the offer gives no size, leaving the 8""/10.5"" split unresolved.",0,237,,,False,False,False,False
111,Al Kabeer's PARATHA tortilla Hot N Spicy,VTOR,"TORTILLA WRAPS HOT  N  SPICY 10.5""",v2_synthetic_by_construction,CORRECT_BUT_LOW_CONFIDENCE,,,"No SKU among all 237 is objectively superior, but the assigned SKU is not a clear winner: offer words unaccounted for ['paratha']; name rank 2/237 (71.2).",deterministic,CORRECT_BUT_LOW_CONFIDENCE,"Identity and 'Hot N Spicy' variant agree with VTOR (name 71, rank 2/237), and all chicken contenders are cat_ok=0. The only better-scoring candidate, VTORS (73), is the same product in the 8""/570 gm pack, a distinction the offer never states.",0,237,,,False,False,False,False
112,AlKabeer Parathas tortilla Hot N Spicy,VTOR,"TORTILLA WRAPS HOT  N  SPICY 10.5""",v2_synthetic_by_construction,CORRECT_BUT_LOW_CONFIDENCE,,,"No SKU among all 237 is objectively superior, but the assigned SKU is not a clear winner: offer words unaccounted for ['paratha']; name rank 2/237 (72.5).",deterministic,CORRECT_BUT_LOW_CONFIDENCE,"VTOR matches tortilla-wrap identity and the Hot N Spicy variant (name 72, rule 64). VTORS scores 74 but differs only in size (8""/570 gm vs 10.5""/875 gm x 10), which the offer does not declare, so the label is plausible but not verifiable.",0,237,,,False,False,False,False
113,AL KABEER Paratha tortilla SPICY,VTOR,"TORTILLA WRAPS HOT  N  SPICY 10.5""",v2_synthetic_by_construction,CORRECT_BUT_LOW_CONFIDENCE,,,"No SKU among all 237 is objectively superior, but the assigned SKU is not a clear winner: offer words unaccounted for ['paratha']; name rank 3/237 (65.0).",deterministic,CORRECT_BUT_LOW_CONFIDENCE,"Offer says 'tortilla SPICY', which excludes the top-name VPR PLAIN PARATHA (68) on both identity and variant; VTOR is a valid spicy tortilla wrap. But VTORS is essentially tied (66 vs 65) and differs only in the unstated 8"" vs 10.5"" size.",0,237,,,False,False,False,False
114,Alkabeers Parathas tortilla Hot n Spicy,VTOR,"TORTILLA WRAPS HOT  N  SPICY 10.5""",v2_synthetic_by_construction,CORRECT_BUT_LOW_CONFIDENCE,,,"No SKU among all 237 is objectively superior, but the assigned SKU is not a clear winner: offer words unaccounted for ['paratha']; name rank 2/237 (69.9).",deterministic,CORRECT_BUT_LOW_CONFIDENCE,"Identity (tortilla wrap) and variant (Hot n Spicy) agree with VTOR, but this is the largest twin gap in the chunk: VTORS scores name 76 vs the assigned 70. Since the two differ only in the 8""/570 gm vs 10.5""/875 gm pack that the offer never mentions, I flag low confidence rather than flipping.",0,237,,,False,False,False,False
115,Al-Kabeer paratha tortilla Hot & Spicy,VTOR,"TORTILLA WRAPS HOT  N  SPICY 10.5""",v2_synthetic_by_construction,CORRECT_BUT_LOW_CONFIDENCE,,,"No SKU among all 237 is objectively superior, but the assigned SKU is not a clear winner: offer words unaccounted for ['paratha']; name rank 2/237 (69.6).",deterministic,CORRECT_BUT_LOW_CONFIDENCE,"VTOR matches 'tortilla' and 'Hot & Spicy' with cat_ok=1 and prot=1, and the paratha alternatives (VPR 66, VPRW 61) are plain and non-tortilla. VTORS is within one point on name (71 vs 70) and differs only in an unstated size.",0,237,,,False,False,False,False
116,Al Kabee paratha tortilla Hot & Spicy,VTOR,"TORTILLA WRAPS HOT  N  SPICY 10.5""",v2_synthetic_by_construction,CORRECT_BUT_LOW_CONFIDENCE,,,"No SKU among all 237 is objectively superior, but the assigned SKU is not a clear winner: offer words unaccounted for ['kabee', 'paratha']; name rank 2/237 (67.0).",deterministic,CORRECT_BUT_LOW_CONFIDENCE,Offer 'paratha tortilla Hot & Spicy' agrees with VTOR on identity and spice; VPMR MALABAR PARATHA (62) and VPR (62) fail on tortilla identity and on the spicy variant. The size twin VTORS leads on name 71 vs 67 with no size declared in the offer.,0,237,,,False,False,False,False
117,AL-KABEEZ Parata tortilla Hot N Spicy,VTOR,"TORTILLA WRAPS HOT  N  SPICY 10.5""",v2_synthetic_by_construction,CORRECT_BUT_LOW_CONFIDENCE,,,"No SKU among all 237 is objectively superior, but the assigned SKU is not a clear winner: offer words unaccounted for ['paratha']; name rank 2/237 (70.6).",deterministic,CORRECT_BUT_LOW_CONFIDENCE,"Only the two tortilla-wrap SKUs are reachable here (all chicken contenders are cat_ok=0), and both match 'Hot N Spicy'. VTORS scores name 75 vs the assigned VTOR at 71, but the difference is purely the unstated 8"" vs 10.5"" pack, so the assignment stands with reduced confidence.",0,237,,,False,False,False,False
118,ALKABEER Paratha tortilla Hot & Spicy,VTOR,"TORTILLA WRAPS HOT  N  SPICY 10.5""",v2_synthetic_by_construction,CORRECT_BUT_LOW_CONFIDENCE,,,"No SKU among all 237 is objectively superior, but the assigned SKU is not a clear winner: offer words unaccounted for ['paratha']; name rank 2/237 (69.6).",deterministic,CORRECT_BUT_LOW_CONFIDENCE,"VTOR agrees with the offer on tortilla-wrap identity and Hot & Spicy variant (name 70, rule 62), and plain paratha candidates conflict on variant. VTORS is one point ahead on name (71) as the same product in the 570 gm 8"" pack, a size the offer does not state.",0,237,,,False,False,False,False
119,AL KABBER paratha Paratha,VPMR,MALABAR PARATHA,v2_synthetic_by_construction,CORRECT_BUT_LOW_CONFIDENCE,,,"Best of all 237 SKUs on name similarity (75.7, margin +7.6); no attribute conflict; pack unknown.",deterministic+agent_downgrade,CORRECT_BUT_LOW_CONFIDENCE,"Offer is just 'paratha Paratha' with no sub-type, size or spice qualifier; VPMR is rank 1/237 on both name (76) and rule (55), but MALABAR is a sub-type the offer never names and VPR PLAIN PARATHA (68), VRTP TAY. PARATHA PLAIN (62) and VPRW (60) are equally defensible readings of an unqualified 'paratha'.",0,237,,,False,False,False,False
120,Alkabeer Paratha paratha NonSpicy,VPR,PLAIN PARATHA,v2_synthetic_by_construction,CORRECT_BUT_LOW_CONFIDENCE,,,"No SKU among all 237 is objectively superior, but the assigned SKU is not a clear winner: offer words unaccounted for ['nonspicy']; name rank 2/237 (64.7).",deterministic,VERIFIED_CORRECT,"Offer 'Paratha ... NonSpicy' names no sub-brand, no promo and no filling, so the base Al Kabeer PLAIN PARATHA (VPR, 400 gm x 24) is the correct default; VPR is rank 2/237 on name (65) and rank 2 on rule with prot/fam/var all=1 and cat_ok=1. The only equal-scoring contender VRTP is the TAYEBAT sub-brand, which the offer does not mention.",0,237,,,False,False,False,False
121,Alkaberer Parathas Parathas,VPRW,PARATHA ROLL WHEAT,v2_synthetic_by_construction,CORRECT_BUT_LOW_CONFIDENCE,,,"No SKU among all 237 is objectively superior, but the assigned SKU is not a clear winner: offer words unaccounted for []; name rank 4/237 (50.2).",deterministic,CORRECT_BUT_LOW_CONFIDENCE,"Offer text is just 'Parathas Parathas' with no variant, size or filling cue, so paratha family identity is confirmed but the specific SKU is unresolvable: VPMR (Malabar, name 73) and VPR (Plain, name 57) both outscore the assigned VPRW (Paratha Roll Wheat, name 50) and none of the three distinguishing attributes (wheat / malabar / plain) appears in the offer.",0,237,,,False,False,False,False
122,Alkabeer VEGETABLE Samosa,VPS,PUNJABI SAMOSA,v2_synthetic_by_construction,INCORRECT,CVSA,12 VEGETABLE SAMOSAS,"CVSA (12 VEGETABLE SAMOSAS) is superior: covers strictly more of the offer's own wording (['samosa', 'vegetable'] vs ['samosa']). Offer words covered by replacement=['samosa', 'vegetable'] vs assigned=['samosa']; over-specific words replacement=0 vs assigned=1; name similarity 92.6 vs 57.3 (+35.3); protein=1 family=1 pack=unknown; spec '240 Gms x 20 Pkts'. All 237 master SKUs were compared before selecting this replacement.",deterministic,INCORRECT,"Offer explicitly states 'VEGETABLE Samosa', but assigned VPS is PUNJABI SAMOSA - a different product line. CVSA '12 VEGETABLE SAMOSAS' matches the stated product identity with name 93 vs 57 for VPS, and is the plain retail pack (no AK PRO, no BULK, no TWIN PROMO cue in the offer, ruling out CVSAPR/CVSAA/CVSAP). cat_ok=0 also means the deployed generator could never surface the assigned pair.",4,237,,category_gate_unreachable,False,False,True,False
123,Al Kaber Veg samosas,VPS,PUNJABI SAMOSA,v2_synthetic_by_construction,INCORRECT,CVSA,12 VEGETABLE SAMOSAS,"CVSA (12 VEGETABLE SAMOSAS) is superior: covers strictly more of the offer's own wording (['samosa', 'vegetable'] vs ['samosa']). Offer words covered by replacement=['samosa', 'vegetable'] vs assigned=['samosa']; over-specific words replacement=0 vs assigned=1; name similarity 65.0 vs 56.5 (+8.5); protein=1 family=1 pack=unknown; spec '240 Gms x 20 Pkts'. All 237 master SKUs were compared before selecting this replacement.",deterministic,INCORRECT,"Offer 'Veg samosas' names the vegetable variant, while assigned VPS is PUNJABI SAMOSA, a distinct product; the abbreviation 'Veg' depresses fuzzy scores but CVSA '12 VEGETABLE SAMOSAS' still leads on name (65 vs 56) and matches variant exactly, with no BULK/AK PRO cue to prefer CVSAA/CVSAPR. cat_ok=0 and fam=0 on the assigned row confirm the deployed pipeline could not produce this pair.",3,237,family_contradiction,category_gate_unreachable,False,False,True,False
124,Al-Kabeer PARATHA Paratha NOSPICY,VRTP,TAY. PARATHA PLAIN,v2_synthetic_by_construction,CORRECT_BUT_LOW_CONFIDENCE,,,"No SKU among all 237 is objectively superior, but the assigned SKU is not a clear winner: offer words unaccounted for ['nonspicy']; name rank 1/237 (65.8).",deterministic,CORRECT_BUT_LOW_CONFIDENCE,"Product identity (plain paratha, 400 gm x 24, non-spicy) agrees, but the assigned VRTP is the TAYEBAT sub-brand while the offer carries only the generic 'Al-Kabeer' prefix; VPR (PLAIN PARATHA) ties on name (66 vs 66) and leads on rule (53 vs 51), so the sub-brand choice is a genuine coin-flip on an attribute the offer never states.",0,237,,,False,False,False,False
125,ALKABEER Potato wedge,VSW,SEASONED WEDGES,v2_synthetic_by_construction,CORRECT_BUT_LOW_CONFIDENCE,,,"No SKU among all 237 is objectively superior, but the assigned SKU is not a clear winner: offer words unaccounted for ['potato']; name rank 2/237 (61.7).",deterministic,VERIFIED_CORRECT,"Offer 'Potato wedge' names the wedge form factor, which matches VSW SEASONED WEDGES exactly on product identity (Potato-Spl, rank 2/237 on both name and rule, cat_ok=1). The higher-scoring VPB POTATO BITES only wins on the shared token 'potato' and is a different product shape (bites, not wedges).",0,237,,,False,False,False,False
126,AlKabeer PARATHA tortilla Hot and Spicy,VTOR,"TORTILLA WRAPS HOT  N  SPICY 10.5""",v2_synthetic_by_construction,CORRECT_BUT_LOW_CONFIDENCE,,,"No SKU among all 237 is objectively superior, but the assigned SKU is not a clear winner: offer words unaccounted for ['hot', 'paratha']; name rank 2/237 (69.5).",deterministic,CORRECT_BUT_LOW_CONFIDENCE,"MULTI_ENTITY offer ('PARATHA tortilla Hot and Spicy'); the assigned VTOR matches the tortilla entity on identity and on the stated HOT N SPICY variant, but VTORS is the identical product in the 8"" / 570 gm size with a slightly higher name score (72 vs 70) and the offer states no size, so 8"" vs 10.5"" is unresolvable.",0,237,,,False,False,False,True
127,ALKABEER Parathas tortilla Not Spicy,VTORP,"TORTILLA WRAPS PLAIN 8""",v2_synthetic_by_construction,CORRECT_BUT_LOW_CONFIDENCE,,,"No SKU among all 237 is objectively superior, but the assigned SKU is not a clear winner: offer words unaccounted for ['nonspicy', 'paratha']; name rank 6/237 (56.8).",deterministic,VERIFIED_CORRECT,"Offer states 'tortilla' plus 'Not Spicy', which excludes the two higher-scoring HOT N SPICY wraps (VTORS 66, VTOR 64) on variant, and VTORP TORTILLA WRAPS PLAIN 8"" is the highest-scoring plain tortilla (name 57 vs 52 for VTORP10) with cat_ok=1 and var=1.",0,237,,,False,False,False,False
128,Al Kabeer Parata tortilla No Spicy,VTORP,"TORTILLA WRAPS PLAIN 8""",v2_synthetic_by_construction,CORRECT_BUT_LOW_CONFIDENCE,,,"No SKU among all 237 is objectively superior, but the assigned SKU is not a clear winner: offer words unaccounted for ['nonspicy', 'paratha']; name rank 3/237 (59.7).",deterministic,VERIFIED_CORRECT,"'tortilla' + 'No Spicy' matches the plain tortilla wrap line; the spicy variants VTORS/VTOR are excluded by the explicit non-spicy token, and the assigned VTORP leads all plain tortilla SKUs on name (60 vs 54 for VTORP10) with prot/fam/var=1 and cat_ok=1.",0,237,,,False,False,False,False
129,Al kbeer Parata tortilla NON SPICY,VTORP,"TORTILLA WRAPS PLAIN 8""",v2_synthetic_by_construction,CORRECT_BUT_LOW_CONFIDENCE,,,"No SKU among all 237 is objectively superior, but the assigned SKU is not a clear winner: offer words unaccounted for ['nonspicy', 'paratha']; name rank 5/237 (52.3).",deterministic,VERIFIED_CORRECT,"Offer 'Parata tortilla NON SPICY' matches plain tortilla wraps; VTORP is the top-scoring plain tortilla (name 52 vs 50 for VTORP10) and the higher-scoring VTORS/VTOR are HOT N SPICY, contradicting the explicit non-spicy token. Margin over the 10.5"" sibling is thin but the assigned SKU still leads.",0,237,,,False,False,False,False
130,AL KABEER Parata tortilla No Spicy,VTORP10,TORTILLA WRAPS PLAIN 10.5 INCHES,v2_synthetic_by_construction,CORRECT_BUT_LOW_CONFIDENCE,,,"No SKU among all 237 is objectively superior, but the assigned SKU is not a clear winner: offer words unaccounted for ['nonspicy', 'paratha']; name rank 7/237 (54.3).",deterministic,CORRECT_BUT_LOW_CONFIDENCE,"Plain tortilla wrap identity and the non-spicy variant both agree, but the assigned VTORP10 (10.5"", 875 gm) is outscored on name by its identical-product 8"" sibling VTORP (60 vs 54); the offer declares no size or pack, so the 8"" vs 10.5"" split is unresolvable from the text.",0,237,,,False,False,False,False
131,Al Kabee PARATHA tortilla Non spicy,VTORP10,TORTILLA WRAPS PLAIN 10.5 INCHES,v2_synthetic_by_construction,CORRECT_BUT_LOW_CONFIDENCE,,,"No SKU among all 237 is objectively superior, but the assigned SKU is not a clear winner: offer words unaccounted for ['kabee', 'nonspicy', 'paratha']; name rank 16/237 (49.2).",deterministic,CORRECT_BUT_LOW_CONFIDENCE,"Offer 'PARATHA tortilla Non spicy' supports plain tortilla wraps, but the assigned VTORP10 sits at name rank 16/237 (49) below VTORP (53) and several paratha SKUs; identity is right while the size (8"" vs 10.5"") and the paratha-vs-tortilla emphasis are both unstated in the offer.",0,237,,,False,False,False,False
132,Al Kabeer Parata tortilla non spicy,VTORP10,TORTILLA WRAPS PLAIN 10.5 INCHES,v2_synthetic_by_construction,CORRECT_BUT_LOW_CONFIDENCE,,,"No SKU among all 237 is objectively superior, but the assigned SKU is not a clear winner: offer words unaccounted for ['nonspicy', 'paratha']; name rank 8/237 (53.3).",deterministic,CORRECT_BUT_LOW_CONFIDENCE,"Non-spicy tortilla wrap identity agrees and rules out the HOT N SPICY VTORS/VTOR, but the assigned VTORP10 trails its same-product 8"" sibling VTORP on name (53 vs 58) and the offer states no size, so the pack variant cannot be resolved.",0,237,,,False,False,False,False
133,ALKABEER PARATHA tortilla N/S,VTORP10,TORTILLA WRAPS PLAIN 10.5 INCHES,v2_synthetic_by_construction,CORRECT_BUT_LOW_CONFIDENCE,,,"No SKU among all 237 is objectively superior, but the assigned SKU is not a clear winner: offer words unaccounted for ['paratha']; name rank 7/237 (57.9).",deterministic,CORRECT_BUT_LOW_CONFIDENCE,"'tortilla N/S' maps to the plain tortilla wrap line, but VTORP (8"", name 63) outscores the assigned VTORP10 (58) and the abbreviation 'N/S' plus the co-mentioned 'PARATHA' leave both the size and the intended entity underdetermined; same product, unstated size, so the label is plausible rather than confirmed.",0,237,,,False,False,False,False
134,Al-Kabeer paratha tortilla NonSpicy,VTORP10,TORTILLA WRAPS PLAIN 10.5 INCHES,v2_synthetic_by_construction,CORRECT_BUT_LOW_CONFIDENCE,,,"No SKU among all 237 is objectively superior, but the assigned SKU is not a clear winner: offer words unaccounted for ['nonspicy', 'paratha']; name rank 9/237 (53.3).",deterministic,CORRECT_BUT_LOW_CONFIDENCE,"Assigned VTORP10 matches plain non-spicy tortilla wraps on identity and variant, but sits at name rank 9/237 (53) behind VPR (64), VTORS (61) and its own 8"" sibling VTORP (56); with no size stated the 875 gm 10.5"" pack cannot be confirmed over the 570 gm 8"" pack.",0,237,,,False,False,False,False
135,Alkabeer Paratha tortilla NonSpicy,VTORP10,TORTILLA WRAPS PLAIN 10.5 INCHES,v2_synthetic_by_construction,CORRECT_BUT_LOW_CONFIDENCE,,,"No SKU among all 237 is objectively superior, but the assigned SKU is not a clear winner: offer words unaccounted for ['nonspicy', 'paratha']; name rank 9/237 (53.3).",deterministic,CORRECT_BUT_LOW_CONFIDENCE,"Identical evidence profile to the preceding row: plain non-spicy tortilla wrap identity holds, but the assigned VTORP10 (name 53) is outscored by VTORP (56) and the offer declares no size, making the 8"" vs 10.5"" choice a genuine tie.",0,237,,,False,False,False,False
136,AL KABBER Paratha tortilla Non-Spicy,VTORP10,TORTILLA WRAPS PLAIN 10.5 INCHES,v2_synthetic_by_construction,CORRECT_BUT_LOW_CONFIDENCE,,,"No SKU among all 237 is objectively superior, but the assigned SKU is not a clear winner: offer words unaccounted for ['nonspicy', 'paratha']; name rank 14/237 (48.7).",deterministic,CORRECT_BUT_LOW_CONFIDENCE,"Offer 'Paratha tortilla Non-Spicy' supports plain tortilla wraps, but the assigned VTORP10 is only rank 14/237 on name (49), below VTORP (52), VPMR (63) and VPR (61); the misspelled brand and absent size leave the specific pack undetermined even though variant (non-spicy) and family agree.",0,237,,,False,False,False,False
137,Al Kabeer's Paratha tortilla Not Spicy,VTORP10,TORTILLA WRAPS PLAIN 10.5 INCHES,v2_synthetic_by_construction,CORRECT_BUT_LOW_CONFIDENCE,,,"No SKU among all 237 is objectively superior, but the assigned SKU is not a clear winner: offer words unaccounted for ['nonspicy', 'paratha']; name rank 10/237 (51.5).",deterministic,CORRECT_BUT_LOW_CONFIDENCE,"Plain, non-spicy tortilla wrap identity agrees and excludes the spicy VTORS/VTOR, but the assigned VTORP10 (name 52) trails the same-product 8"" VTORP (56); no size is stated in the offer, so the 875 gm pack cannot be preferred on evidence.",0,237,,,False,False,False,False
138,ALKABEER Parathas tortilla Non-Spicy,VTORP,"TORTILLA WRAPS PLAIN 8""",v2_synthetic_by_construction,CORRECT_BUT_LOW_CONFIDENCE,,,"No SKU among all 237 is objectively superior, but the assigned SKU is not a clear winner: offer words unaccounted for ['nonspicy', 'paratha']; name rank 6/237 (56.8).",deterministic,VERIFIED_CORRECT,"'tortilla' plus explicit 'Non-Spicy' rules out the higher-scoring HOT N SPICY wraps VTORS (65) and VTOR (63) on variant, and the assigned VTORP TORTILLA WRAPS PLAIN 8"" is the best-scoring plain tortilla (name 57 vs 52 for VTORP10) with cat_ok=1.",0,237,,,False,False,False,False
139,Alkabeer PARATHA tortilla N/S,VTORP,"TORTILLA WRAPS PLAIN 8""",v2_synthetic_by_construction,CORRECT_BUT_LOW_CONFIDENCE,,,"No SKU among all 237 is objectively superior, but the assigned SKU is not a clear winner: offer words unaccounted for ['paratha']; name rank 3/237 (62.6).",deterministic,VERIFIED_CORRECT,"Offer 'PARATHA tortilla N/S' names the tortilla entity as non-spicy; assigned VTORP is the top plain tortilla wrap at name 63 (rank 3/237), ahead of VTORP10 (58), while the higher-ranked paratha SKUs (VPR 67, VPRW 66) are a different family member and the spicy VTORS/VTOR contradict 'N/S'.",0,237,,,False,False,False,False
140,Al Kabee paratha tortilla NS,VTORP,"TORTILLA WRAPS PLAIN 8""",v2_synthetic_by_construction,CORRECT_BUT_LOW_CONFIDENCE,,,"No SKU among all 237 is objectively superior, but the assigned SKU is not a clear winner: offer words unaccounted for ['kabee', 'paratha']; name rank 5/237 (54.9).",deterministic,CORRECT_BUT_LOW_CONFIDENCE,"Offer 'paratha tortilla NS' matches VTORP on both tokens (fam4=PARATHA-WRAPS plus 'TORTILLA' in the name) and NS excludes the spicy VTORS/VTOR; but VTORP10 (TORTILLA WRAPS PLAIN 10.5 INCHES) is the identical plain-tortilla product at 875 gm vs 570 gm and the offer states no size (name 55 vs 52, a near-tie).",0,237,,,False,False,False,False
141,AlKabeer paratha tortilla NOSPICY,VTORP,"TORTILLA WRAPS PLAIN 8""",v2_synthetic_by_construction,CORRECT_BUT_LOW_CONFIDENCE,,,"No SKU among all 237 is objectively superior, but the assigned SKU is not a clear winner: offer words unaccounted for ['nonspicy', 'paratha']; name rank 5/237 (57.4).",deterministic,CORRECT_BUT_LOW_CONFIDENCE,"'NOSPICY' rules out the top-name tortilla contenders VTORS (60) and VTOR (58), leaving plain tortilla wraps; assigned VTORP (57) and VTORP10 (54) are the same PLAIN product differing only in 8""/570 gm vs 10.5""/875 gm, a size the offer never states.",0,237,,,False,False,False,False
142,Al Kabeer paratha tortilla Non-Spicy,VTORP,"TORTILLA WRAPS PLAIN 8""",v2_synthetic_by_construction,CORRECT_BUT_LOW_CONFIDENCE,,,"No SKU among all 237 is objectively superior, but the assigned SKU is not a clear winner: offer words unaccounted for ['nonspicy', 'paratha']; name rank 6/237 (57.6).",deterministic,CORRECT_BUT_LOW_CONFIDENCE,"Explicit 'Non-Spicy' conflicts with the highest-name candidates VTORS (64) and VTOR (62), and PLAIN PARATHA (66) lacks the 'tortilla' token entirely; VTORP is the right plain-tortilla identity but is indistinguishable from VTORP10 (52) on the unstated size.",0,237,,,False,False,False,False
143,Al-Kabeer Paratha tortilla NS,VTORP,"TORTILLA WRAPS PLAIN 8""",v2_synthetic_by_construction,CORRECT_BUT_LOW_CONFIDENCE,,,"No SKU among all 237 is objectively superior, but the assigned SKU is not a clear winner: offer words unaccounted for ['paratha']; name rank 3/237 (62.7).",deterministic,CORRECT_BUT_LOW_CONFIDENCE,"VTORP is rank 1 on rule and top among tortilla SKUs on name (63), with NS excluding VTORS/VTOR; however VTORP10 sits at name 61, a two-point near-tie for the same PLAIN tortilla wrap in a size (10.5""/875 gm vs 8""/570 gm) the offer does not declare.",0,237,,,False,False,False,False
144,Al Kabeer's PARATHA tortilla Non-Spicy,VTORP,"TORTILLA WRAPS PLAIN 8""",v2_synthetic_by_construction,CORRECT_BUT_LOW_CONFIDENCE,,,"No SKU among all 237 is objectively superior, but the assigned SKU is not a clear winner: offer words unaccounted for ['nonspicy', 'paratha']; name rank 7/237 (56.1).",deterministic,CORRECT_BUT_LOW_CONFIDENCE,"Offer states Non-Spicy, so the name-66 leader VTORS (HOT N SPICY 8"") and VTOR (64) are variant-excluded despite outscoring the assigned VTORP (56); the residual choice between VTORP and VTORP10 (52) rests on an 8"" vs 10.5"" size the offer never gives.",0,237,,,False,False,False,False
145,Alkabeer Paratha tortilla Not Spicy,VTORP,"TORTILLA WRAPS PLAIN 8""",v2_synthetic_by_construction,CORRECT_BUT_LOW_CONFIDENCE,,,"No SKU among all 237 is objectively superior, but the assigned SKU is not a clear winner: offer words unaccounted for ['nonspicy', 'paratha']; name rank 6/237 (57.6).",deterministic,CORRECT_BUT_LOW_CONFIDENCE,"'Not Spicy' excludes VTORS (65) and VTOR (63); PLAIN PARATHA (66) has no tortilla token. VTORP is the correct plain-tortilla identity but ties on product with VTORP10 (52), differing only in the unstated 570 gm vs 875 gm pack.",0,237,,,False,False,False,False
146,Al Kabee Parathas tortilla NonSpicy,VTORP,"TORTILLA WRAPS PLAIN 8""",v2_synthetic_by_construction,CORRECT_BUT_LOW_CONFIDENCE,,,"No SKU among all 237 is objectively superior, but the assigned SKU is not a clear winner: offer words unaccounted for ['kabee', 'nonspicy', 'paratha']; name rank 5/237 (52.2).",deterministic,CORRECT_BUT_LOW_CONFIDENCE,'NonSpicy' rules out VTORS (62) and VTOR (59); the Zing chicken contenders are cat_ok=0 and unreachable at inference. VTORP (52) and VTORP10 (50) are a two-point near-tie for the same PLAIN tortilla wrap in an unstated size.,0,237,,,False,False,False,False
147,AL KABBER PARATHA tortilla No Spicy,VTORP,"TORTILLA WRAPS PLAIN 8""",v2_synthetic_by_construction,CORRECT_BUT_LOW_CONFIDENCE,,,"No SKU among all 237 is objectively superior, but the assigned SKU is not a clear winner: offer words unaccounted for ['nonspicy', 'paratha']; name rank 8/237 (53.3).",deterministic,CORRECT_BUT_LOW_CONFIDENCE,"Offer says 'No Spicy', excluding VTORS (63) and VTOR (60); MALABAR PARATHA (63) and PLAIN PARATHA (62) carry no tortilla token. Assigned VTORP (53) vs VTORP10 (50) remains an unresolvable 8"" vs 10.5"" size call.",0,237,,,False,False,False,False
148,Alkabeer Paratha tortilla non spicy,VTORP,"TORTILLA WRAPS PLAIN 8""",v2_synthetic_by_construction,CORRECT_BUT_LOW_CONFIDENCE,,,"No SKU among all 237 is objectively superior, but the assigned SKU is not a clear winner: offer words unaccounted for ['nonspicy', 'paratha']; name rank 6/237 (57.6).",deterministic,CORRECT_BUT_LOW_CONFIDENCE,"'non spicy' conflicts with the higher-name VTORS (64) and VTOR (62); paratha-only SKUs lack 'tortilla'. VTORP is the right plain tortilla wrap but the offer gives no weight to separate it from VTORP10 (875 gm, name 52).",0,237,,,False,False,False,False
149,AL-KABEEZ paratha tortilla No Spicy,VTORP,"TORTILLA WRAPS PLAIN 8""",v2_synthetic_by_construction,CORRECT_BUT_LOW_CONFIDENCE,,,"No SKU among all 237 is objectively superior, but the assigned SKU is not a clear winner: offer words unaccounted for ['nonspicy', 'paratha']; name rank 8/237 (53.3).",deterministic,CORRECT_BUT_LOW_CONFIDENCE,"'No Spicy' excludes the name-63 VTORS and name-60 VTOR; the chicken contenders (CKNTMP, CKSTY, BTS) are all cat_ok=0. VTORP (53) beats VTORP10 (50) only marginally, and the 570 gm vs 875 gm distinction is not stated in the offer.",0,237,,,False,False,False,False
150,Alkabheer Chkn Nuggets 750 g,CKNAD,CHICKEN NUGGETS 750 GMS,v2_synthetic_by_construction,VERIFIED_CORRECT,,,"Assigned SKU accounts for every distinguishing word in the offer (['chicken', 'nugget']) and introduces none the offer does not state; protein/family/variant compatible, pack compatible; no superior SKU exists among all 237.",deterministic,VERIFIED_CORRECT,"Offer declares 750 g and CKNAD is CHICKEN NUGGETS 750 GMS with pack=compatible, while every plain-nugget contender (CKN 270 g, CKNA 1 kg, CKN400, CKNAPR 1000 g, CKJCNA) is pack=INCOMPATIBLE; the only other compatible SKUs are +33% FREE promo packs and a Krazee variant, neither of which the offer names.",0,237,,,False,False,False,False
151,Al Kaber Chicken Nuggets 750 GRAMS,CKNAD,CHICKEN NUGGETS 750 GMS,v2_synthetic_by_construction,VERIFIED_CORRECT,,,"Assigned SKU accounts for every distinguishing word in the offer (['chicken', 'nugget']) and introduces none the offer does not state; protein/family/variant compatible, pack unknown; no superior SKU exists among all 237.",deterministic,VERIFIED_CORRECT,"Offer states 750 GRAMS, matching CKNAD's 750 GMS X 8 PKT exactly (name 80, rank 2); the name-89 leader CKN is 270 Gms and directly contradicts the stated weight, and no promo, Krazee, jumbo or AK PRO qualifier appears in the offer.",0,237,,,False,False,False,False
152,AL KABBER A.K PRO Chiken Nuggts,CKNAPR,AK PRO CHICKEN NUGGETS BULK,v2_synthetic_by_construction,CORRECT_BUT_LOW_CONFIDENCE,,,"Best of all 237 SKUs on name similarity (76.1, margin +4.3); no attribute conflict; pack unknown.",deterministic+agent_downgrade,CORRECT_BUT_LOW_CONFIDENCE,"'A.K PRO Chiken Nuggts' correctly selects an AK PRO nugget SKU and CKNAPR is rank 1 on both name (76) and rule; but CKNNAPR (AK PRO Chicken Nuggets 1 kg x 10) has the identical 10 X 1000 GMS spec and name 72, so the two master entries are not separable from this offer text.",0,237,,,False,False,False,False
153,Alkabheer AK Pro CHICKEN Nugget,CKNAPR,AK PRO CHICKEN NUGGETS BULK,v2_synthetic_by_construction,CORRECT_BUT_LOW_CONFIDENCE,,,"Best of all 237 SKUs on name similarity (84.3, margin +9.8); no attribute conflict; pack unknown.",deterministic+agent_downgrade,CORRECT_BUT_LOW_CONFIDENCE,"CKNAPR is rank 1 on name (84) and rule (59) for 'AK Pro CHICKEN Nugget', but CKNNAPR carries the same AK PRO sub-brand, same NUGGETS family and the same 10 X 1000 GMS spec (name 74); the offer contains no token that distinguishes the two duplicate master records.",0,237,,,False,False,False,False
154,ALKABEEER Chckn nuggets spicy,CKNHSA,CHICKEN NUGGETS HOT & SPICY BULK,v2_synthetic_by_construction,INCORRECT,CKNHSD,Chicken Nuggets HOT n SPICY,"CKNHSD (Chicken Nuggets HOT n SPICY) is superior: assigned SKU is over-specific: it adds 1 word(s) the offer never states, the replacement adds none. Offer words covered by replacement=['chicken', 'nugget', 'spicy'] vs assigned=['chicken', 'nugget', 'spicy']; over-specific words replacement=0 vs assigned=1; name similarity 72.8 vs 70.7 (+2.1); protein=1 family=1 pack=unknown; spec '750 g. x 8'. All 237 master SKUs were compared before selecting this replacement.",deterministic,CORRECT_BUT_LOW_CONFIDENCE,"'spicy' correctly points to a hot-and-spicy nugget SKU, but the assigned CKNHSA is the BULK 1 Kgs x 5 pack while the offer names no size and no bulk qualifier; retail CKNHSD (750 g. x 8) outscores it on name (73 vs 71) and is the same product in a pack the offer does not state.",1,237,,,False,False,False,False
155,AL-KABEEZ Chkn nuggets Hot and Spicy,CKNHSA,CHICKEN NUGGETS HOT & SPICY BULK,v2_synthetic_by_construction,CORRECT_BUT_LOW_CONFIDENCE,,,"A stronger single-product SKU exists (CKNHSD Chicken Nuggets HOT n SPICY), but the offer names several products, so the assigned SKU may legitimately cover one of them.",deterministic+multi_entity_exception,CORRECT_BUT_LOW_CONFIDENCE,"'Hot and Spicy' chicken nuggets matches CKNHSA on protein, family and variant, but CKNHSD leads on name 80 vs 74 and is the retail 750 g. x 8 version; the offer gives no weight and no 'bulk' token, leaving the retail-vs-BULK choice unresolved.",1,237,,,False,False,False,True
156,Al Kaber Chicken Nuggts Hot & Spicy,CKNHSD,Chicken Nuggets HOT n SPICY,v2_synthetic_by_construction,VERIFIED_CORRECT,,,"Assigned SKU accounts for every distinguishing word in the offer (['chicken', 'nuggt', 'spicy']) and introduces none the offer does not state; protein/family/variant compatible, pack unknown; no superior SKU exists among all 237.",deterministic,VERIFIED_CORRECT,"'Chicken Nuggts Hot & Spicy' matches CKNHSD on protein, NUGGETS family and the hot-n-spicy variant, ranking 1 of 237 on both name (87) and rule (60); the runner-up CKNHSA is explicitly the BULK pack, a qualifier absent from the offer, and Krazee/Tempura/breaded contenders are excluded by sub-brand, variant or product identity.",0,237,,,False,False,False,False
157,AL KABBER CHICKEN NUGGETS Hot n Spicy,CKNHSD,Chicken Nuggets HOT n SPICY,v2_synthetic_by_construction,VERIFIED_CORRECT,,,"Assigned SKU accounts for every distinguishing word in the offer (['chicken', 'nugget', 'spicy']) and introduces none the offer does not state; protein/family/variant compatible, pack unknown; no superior SKU exists among all 237.",deterministic,VERIFIED_CORRECT,"Offer 'CHICKEN NUGGETS Hot n Spicy' is a near-verbatim match to CKNHSD (name 94.8, rule 69.5, rank 1/237 on both); CKN is plain non-spicy, CKNHSA is the BULK variant the offer does not mention, and CKNKDA adds the Krazee sub-brand.",0,237,,,False,False,False,False
158,Al kbeer Crazy Chicken nuggets,CKNK,KRAZEE CHICKEN NUGGETS 400,v2_synthetic_by_construction,INCORRECT,CKN,CHICKEN NUGGETS,"CKN (CHICKEN NUGGETS) is superior: assigned SKU is over-specific: it adds 1 word(s) the offer never states, the replacement adds none. Offer words covered by replacement=['chicken', 'nugget'] vs assigned=['chicken', 'nugget']; over-specific words replacement=0 vs assigned=1; name similarity 88.9 vs 79.9 (+9.0); protein=1 family=1 pack=unknown; spec '270 Gms x 20 Pkts'. All 237 master SKUs were compared before selecting this replacement.",deterministic,VERIFIED_CORRECT,"'Crazy' maps to the KRAZEE sub-brand, and CKNK is the only base Krazee chicken nugget SKU; the name-89 leader CKN is plain Al Kabeer with no Krazee sub-brand, while CKNKPP/CKNKDAP are +25%/+33% FREE promo packs and CKNKDA is the SPICY variant, none of which the offer states.",1,237,,,False,False,False,False
159,Al Kabee Krazee Chiken NUGGETS,CKNK,KRAZEE CHICKEN NUGGETS 400,v2_synthetic_by_construction,CORRECT_BUT_LOW_CONFIDENCE,,,"No SKU among all 237 is objectively superior, but the assigned SKU is not a clear winner: offer words unaccounted for ['kabee']; name rank 1/237 (82.6).",deterministic,VERIFIED_CORRECT,"'Krazee Chiken NUGGETS' matches CKNK on sub-brand, protein and product identity at rank 1/237 on name (83); the other Krazee nugget SKUs are promo packs (+25% FREE, +33% Free) or the SPICY 750 grm variant, and the offer carries no promo or spice qualifier.",0,237,,,False,False,False,False
160,ALKABEEER Krazee's Chicken Nuggts SPICY,CKNKDA,KRAZEE CHICKEN NUGGETS SPICY 750 GRM,v2_synthetic_by_construction,VERIFIED_CORRECT,,,"Assigned SKU accounts for every distinguishing word in the offer (['chicken', 'krazee', 'nuggt', 'spicy']) and introduces none the offer does not state; protein/family/variant compatible, pack unknown; no superior SKU exists among all 237.",deterministic,,,0,237,,,False,False,False,False
161,Al Kaber Krazee Chkn Nuggets spicy,CKNKDA,KRAZEE CHICKEN NUGGETS SPICY 750 GRM,v2_synthetic_by_construction,VERIFIED_CORRECT,,,"Assigned SKU accounts for every distinguishing word in the offer (['chicken', 'krazee', 'nugget', 'spicy']) and introduces none the offer does not state; protein/family/variant compatible, pack unknown; no superior SKU exists among all 237.",deterministic,,,0,237,,,False,False,False,False
162,Alkabheer A/K Pro chicken Nuggets 1 kg,CKNNAPR,AK PRO Chicken Nuggets 1 kg x 10,v2_synthetic_by_construction,VERIFIED_CORRECT,,,"Assigned SKU accounts for every distinguishing word in the offer (['chicken', 'nugget', 'pro']) and introduces none the offer does not state; protein/family/variant compatible, pack compatible; no superior SKU exists among all 237.",deterministic,,,0,237,,,False,False,False,False
163,Alkabeers AK PRO CHICKEN Nugget,CKNNAPR,AK PRO Chicken Nuggets 1 kg x 10,v2_synthetic_by_construction,VERIFIED_CORRECT,,,"Assigned SKU accounts for every distinguishing word in the offer (['chicken', 'nugget', 'pro']) and introduces none the offer does not state; protein/family/variant compatible, pack unknown; no superior SKU exists among all 237.",deterministic,,,0,237,,,False,False,False,False
164,AL KABBER Tempura Chkn nuggets Non spicy,CKNTMP,Tempura Chicken Nuggets Non Spicy,v2_synthetic_by_construction,VERIFIED_CORRECT,,,"Assigned SKU accounts for every distinguishing word in the offer (['chicken', 'nonspicy', 'nugget', 'tempura']) and introduces none the offer does not state; protein/family/variant compatible, pack unknown; no superior SKU exists among all 237.",deterministic,,,0,237,,,False,False,False,False
165,Alkabeers Tempura Chkn nuggets non spicy,CKNTMP,Tempura Chicken Nuggets Non Spicy,v2_synthetic_by_construction,VERIFIED_CORRECT,,,"Assigned SKU accounts for every distinguishing word in the offer (['chicken', 'nonspicy', 'nugget', 'tempura']) and introduces none the offer does not state; protein/family/variant compatible, pack unknown; no superior SKU exists among all 237.",deterministic,,,0,237,,,False,False,False,False
166,Al Kaber Taybat chicken Nuggets 3X1000GM,CKNTY,TAYEBAT CHICKEN NUGGETS 1 kg x 10 Pkts,v2_synthetic_by_construction,CORRECT_BUT_LOW_CONFIDENCE,,,"No SKU among all 237 is objectively superior, but the assigned SKU is not a clear winner: offer words unaccounted for ['3x1000gm']; name rank 2/237 (77.6).",deterministic,,,0,237,,,False,False,False,False
167,Al kbeer Taybat Chicken nuggets (1 kg),CKNTY,TAYEBAT CHICKEN NUGGETS 1 kg x 10 Pkts,v2_synthetic_by_construction,VERIFIED_CORRECT,,,"Assigned SKU accounts for every distinguishing word in the offer (['chicken', 'nugget', 'taybat']) and introduces none the offer does not state; protein/family/variant compatible, pack compatible; no superior SKU exists among all 237.",deterministic,,,0,237,,,False,False,False,False
168,Alkabheer chicken POP CORN,CKPC,CHICKEN POP-CORN,v2_synthetic_by_construction,VERIFIED_CORRECT,,,"Assigned SKU accounts for every distinguishing word in the offer (['chicken', 'popcorn']) and introduces none the offer does not state; protein/family/variant compatible, pack unknown; no superior SKU exists among all 237.",deterministic,,,0,237,,,False,False,False,False
169,AL-KABEEZ CHICKEN Pop Corn 750gm X 3,CKPCDA,CHICKEN POP-CORN 750 GMS,v2_synthetic_by_construction,CORRECT_BUT_LOW_CONFIDENCE,,,"No SKU among all 237 is objectively superior, but the assigned SKU is not a clear winner: offer words unaccounted for ['750gm']; name rank 3/237 (58.7).",deterministic,,,0,237,,,False,False,False,False
170,Alkabeers chicken popcorn,CKPCDA,CHICKEN POP-CORN 750 GMS,v2_synthetic_by_construction,VERIFIED_CORRECT,,,"Assigned SKU accounts for every distinguishing word in the offer (['chicken', 'popcorn']) and introduces none the offer does not state; protein/family/variant compatible, pack unknown; no superior SKU exists among all 237.",deterministic,,,0,237,,,False,False,False,False
171,AL KABBER AK PRO CHICKEN Strip Non spicy 30gm,CKPSAPR,AK PRO Plain Chicken Strips 30 g. 1 kg x 10,v2_synthetic_by_construction,INCORRECT,CKZSNSAPR,AK PRO Zing Chicken Strips Non Spicy 1 kg x 10,"CKZSNSAPR (AK PRO Zing Chicken Strips Non Spicy 1 kg x 10) is superior: covers strictly more of the offer's own wording (['chicken', 'nonspicy', 'pro', 'strip'] vs ['chicken', 'pro', 'strip']). Offer words covered by replacement=['chicken', 'nonspicy', 'pro', 'strip'] vs assigned=['chicken', 'pro', 'strip']; over-specific words replacement=3 vs assigned=1; name similarity 76.7 vs 61.1 (+15.6); protein=1 family=1 pack=INCOMPATIBLE; spec '1kg X 10pkts'. All 237 master SKUs were compared before selecting this replacement.",deterministic,,,1,237,pack_incompatible,,False,True,False,False
172,Al Kabee A/K Pro Chiken Strip N/S,CKPSAPR,AK PRO Plain Chicken Strips 30 g. 1 kg x 10,v2_synthetic_by_construction,CORRECT_BUT_LOW_CONFIDENCE,,,"No SKU among all 237 is objectively superior, but the assigned SKU is not a clear winner: offer words unaccounted for ['kabee']; name rank 2/237 (64.3).",deterministic,,,0,237,,,False,False,False,False
173,AL KABBER Chckn Samosas,CKSA,12 CHICKEN SAMOSAS,v2_synthetic_by_construction,VERIFIED_CORRECT,,,"Assigned SKU accounts for every distinguishing word in the offer (['chicken', 'samosa']) and introduces none the offer does not state; protein/family/variant compatible, pack unknown; no superior SKU exists among all 237.",deterministic,,,0,237,,,False,False,False,False
174,Al kbeer Chicken samosas,CKSA,12 CHICKEN SAMOSAS,v2_synthetic_by_construction,VERIFIED_CORRECT,,,"Assigned SKU accounts for every distinguishing word in the offer (['chicken', 'samosa']) and introduces none the offer does not state; protein/family/variant compatible, pack unknown; no superior SKU exists among all 237.",deterministic,,,0,237,,category_gate_unreachable,False,False,True,False
175,Alkabheer Chckn samosas,CKSAA,CHICKEN SAMOSAS BULK,v2_synthetic_by_construction,CORRECT_BUT_LOW_CONFIDENCE,,,"No SKU among all 237 is objectively superior, but the assigned SKU is not a clear winner: offer words unaccounted for []; name rank 1/237 (75.9).",deterministic,,,0,237,,,False,False,False,False
176,Alkabeers CHICKEN samosas,CKSAA,CHICKEN SAMOSAS BULK,v2_synthetic_by_construction,INCORRECT,CKSA,12 CHICKEN SAMOSAS,"CKSA (12 CHICKEN SAMOSAS) is superior: assigned SKU is over-specific: it adds 1 word(s) the offer never states, the replacement adds none. Offer words covered by replacement=['chicken', 'samosa'] vs assigned=['chicken', 'samosa']; over-specific words replacement=0 vs assigned=1; name similarity 92.1 vs 89.5 (+2.6); protein=1 family=1 pack=unknown; spec '240 Gms x 20 Pkts'. All 237 master SKUs were compared before selecting this replacement.",deterministic,,,1,237,,category_gate_unreachable,False,False,True,False
177,Alkabheer AK PRO Chckn Samosa,CKSAPR,AK PRO CHICKEN SAMOSA,v2_synthetic_by_construction,VERIFIED_CORRECT,,,"Assigned SKU accounts for every distinguishing word in the offer (['chicken', 'pro', 'samosa']) and introduces none the offer does not state; protein/family/variant compatible, pack unknown; no superior SKU exists among all 237.",deterministic,,,0,237,,,False,False,False,False
178,Al Kaber AK Pro Chicken Samosas,CKSAPR,AK PRO CHICKEN SAMOSA,v2_synthetic_by_construction,CORRECT_BUT_LOW_CONFIDENCE,,,"Assigned SKU carries rule defect(s) ['family_contradiction'], but no SKU among all 237 is objectively superior, so no replacement is justified.",deterministic,,,0,237,family_contradiction,category_gate_unreachable,False,False,True,False
179,Al Kabee Chiken nuggets,CKNA,CHICKEN NUGGETS BULK 1x5,v2_synthetic_by_construction,INCORRECT,CKN,CHICKEN NUGGETS,"CKN (CHICKEN NUGGETS) is superior: assigned SKU is over-specific: it adds 2 word(s) the offer never states, the replacement adds none. Offer words covered by replacement=['chicken', 'nugget'] vs assigned=['chicken', 'nugget']; over-specific words replacement=0 vs assigned=2; name similarity 81.3 vs 70.0 (+11.4); protein=1 family=1 pack=unknown; spec '270 Gms x 20 Pkts'. All 237 master SKUs were compared before selecting this replacement.",deterministic,,,2,237,,,False,False,False,False
180,AL-KABEEZ CHICKEN Spring Roll,CKSR,8 CHICKEN SPRING ROLLS,v2_synthetic_by_construction,VERIFIED_CORRECT,,,"Assigned SKU accounts for every distinguishing word in the offer (['chicken', 'roll', 'spring']) and introduces none the offer does not state; protein/family/variant compatible, pack unknown; no superior SKU exists among all 237.",deterministic,VERIFIED_CORRECT,"Offer 'CHICKEN Spring Roll' matches CKSR (8 CHICKEN SPRING ROLLS) on product identity and protein; it is rank 1/237 on both name (84) and rule (61.9), with prot=1 fam=1 var=1 cat_ok=1. Contenders are either a different protein/filling (CCSRA cheese, name 74) or add unstated qualifiers (CKSRA BULK, CKSRP TWIN PROMO), so the plain retail chicken spring roll is the correct default.",0,237,,,False,False,False,False
181,Al Kabee Chicken Nuggts,CKNA,CHICKEN NUGGETS BULK 1x5,v2_synthetic_by_construction,INCORRECT,CKN,CHICKEN NUGGETS,"CKN (CHICKEN NUGGETS) is superior: assigned SKU is over-specific: it adds 2 word(s) the offer never states, the replacement adds none. Offer words covered by replacement=['chicken', 'nuggt'] vs assigned=['chicken', 'nuggt']; over-specific words replacement=0 vs assigned=2; name similarity 81.3 vs 71.4 (+9.9); protein=1 family=1 pack=unknown; spec '270 Gms x 20 Pkts'. All 237 master SKUs were compared before selecting this replacement.",deterministic,CORRECT_BUT_LOW_CONFIDENCE,"Offer 'Chicken Nuggts' states no size, sub-brand or pack format, while the assigned CKNA is the BULK 1kg x5 variant (name 71) and the plain retail CKN CHICKEN NUGGETS scores 81; the higher-scoring CKNK (83) is ruled out because it is the KRAZEE sub-brand which the offer never names. Assigned and best contender are the same product differing only in an unstated pack format, so the label is plausible but unresolvable.",2,237,,,False,False,False,False
182,Al Kaber Chkn Nuggts,CKN400,CHICKEN NUGGETS (400G),v2_synthetic_by_construction,INCORRECT,CKN,CHICKEN NUGGETS,"CKN (CHICKEN NUGGETS) is superior: assigned SKU is over-specific: it adds 1 word(s) the offer never states, the replacement adds none. Offer words covered by replacement=['chicken', 'nuggt'] vs assigned=['chicken', 'nuggt']; over-specific words replacement=0 vs assigned=1; name similarity 70.1 vs 59.0 (+11.1); protein=1 family=1 pack=unknown; spec '270 Gms x 20 Pkts'. All 237 master SKUs were compared before selecting this replacement.",deterministic,CORRECT_BUT_LOW_CONFIDENCE,"Offer 'Chkn Nuggts' gives no weight, sub-brand or promo cue, yet the assigned CKN400 (400G) ranks only 13/237 on name (59) behind the plain CKN (70) and eleven other nuggets SKUs that differ from it only by declared pack size. Product family (NUGGETS), protein and category all agree, so the assignment is defensible but the specific size is unsupported by the offer text.",2,237,,,False,False,False,False
183,Al kbeer Chiken stick,CKJS,JUMBO CHICKEN STICKS (BULK),v2_synthetic_by_construction,CORRECT_BUT_LOW_CONFIDENCE,,,"No SKU among all 237 is objectively superior, but the assigned SKU is not a clear winner: offer words unaccounted for []; name rank 2/237 (67.8).",deterministic,CORRECT_BUT_LOW_CONFIDENCE,"Offer 'Chiken stick' matches the STICKS & FINGERS family and chicken protein, but the assigned CKJS adds an unstated JUMBO variant and scores name 68 against plain CCKSB CHICKEN STICKS BULK at 72; both are 1kg x5 bulk chicken sticks. The 4-point delta is too weak to flip and no contender reaches the 85 threshold, so the label stands with low confidence over the plain-variant alternative.",0,237,,,False,False,False,False
184,Alkabheer Chckn Kibeh,CKK,CHICKEN KIBBEH 400,v2_synthetic_by_construction,VERIFIED_CORRECT,,,"Assigned SKU accounts for every distinguishing word in the offer (['chicken', 'kibeh']) and introduces none the offer does not state; protein/family/variant compatible, pack unknown; no superior SKU exists among all 237.",deterministic,VERIFIED_CORRECT,"Offer 'Chckn Kibeh' matches CKK CHICKEN KIBBEH 400 on product identity (KOFTA-KIBBEH-FELAFEL family) and protein; it is rank 1/237 on name (66) with prot=1 fam=1 cat_ok=1. The only other kibbeh SKU, CBK BEEF KIBBEH 400 (name 52, cat2=Meat), is excluded by the explicit chicken protein in the offer.",0,237,,,False,False,False,False
185,Alkaberer Chkn Kibeh,CKK,CHICKEN KIBBEH 400,v2_synthetic_by_construction,VERIFIED_CORRECT,,,"Assigned SKU accounts for every distinguishing word in the offer (['chicken', 'kibeh']) and introduces none the offer does not state; protein/family/variant compatible, pack unknown; no superior SKU exists among all 237.",deterministic,VERIFIED_CORRECT,"Same construction as the previous row: 'Chkn Kibeh' maps to CKK CHICKEN KIBBEH 400, rank 1/237 on name (62), 7 points clear of the next contender, with matching protein, family and category. The alternative kibbeh SKU CBK is beef, and all remaining contenders are burgers/fillets/fries, i.e. different product identities.",0,237,,,False,False,False,False
186,Alkaberer chicken BURGERS,CKKB,4 CHICKEN BURGERS,v2_synthetic_by_construction,CORRECT_BUT_LOW_CONFIDENCE,,,"Assigned SKU accounts for every distinguishing word in the offer (['burger', 'chicken']) and introduces none the offer does not state; protein/family/variant compatible, pack unknown; no superior SKU exists among all 237.",deterministic+agent_downgrade,CORRECT_BUT_LOW_CONFIDENCE,"Offer 'chicken BURGERS' names no piece count or weight, and CKKB (4 CHICKEN BURGERS, name 89) is in an exact tie with CKKB8 (8 CHICKEN BURGERS, name 89) and near-tie with CKKB24 (86); all three are the same plain chicken burger product differing only in unstated pack count. Identity, protein and category all agree, so the choice is defensible but arbitrary among the tied retail packs.",0,237,,,False,False,False,False
187,AL-KABEEZ chicken Burgers,CKKB,4 CHICKEN BURGERS,v2_synthetic_by_construction,CORRECT_BUT_LOW_CONFIDENCE,,,"Assigned SKU accounts for every distinguishing word in the offer (['burger', 'chicken']) and introduces none the offer does not state; protein/family/variant compatible, pack unknown; no superior SKU exists among all 237.",deterministic+agent_downgrade,CORRECT_BUT_LOW_CONFIDENCE,"Plain 'chicken Burgers' offer with no count, weight or sub-brand; assigned CKKB scores name 89, exactly tied with CKKB8 (89) and close to CKKB24 (86). The assigned SKU is a plain (non-breaded, non-Tayebat, non-AK PRO) chicken burger which correctly excludes the breaded/sub-brand contenders, but the specific 4-piece 200g pack is not evidenced by the offer.",0,237,,,False,False,False,False
188,Alkabheer CHICKEN burgers,CKKB100B,CHARGRILLED JUMBO CHICKEN BURGERS,v2_synthetic_by_construction,INCORRECT,CKKB,4 CHICKEN BURGERS,"CKKB (4 CHICKEN BURGERS) is superior: assigned SKU is over-specific: it adds 2 word(s) the offer never states, the replacement adds none. Offer words covered by replacement=['burger', 'chicken'] vs assigned=['burger', 'chicken']; over-specific words replacement=0 vs assigned=2; name similarity 89.0 vs 68.6 (+20.4); protein=1 family=1 pack=unknown; spec '200 Gms x 30 Pkts'. All 237 master SKUs were compared before selecting this replacement.",deterministic,INCORRECT,"Offer is plain 'CHICKEN burgers' with no prep or size cue, yet the assigned CKKB100B is CHARGRILLED JUMBO CHICKEN BURGERS - a distinct chargrilled/jumbo product line - scoring only name 68.6 (rank 11/237). The plain CKKB (4 CHICKEN BURGERS) scores 89, well above the 85 threshold, and matches the offer's product identity exactly without importing an unstated chargrilled prep or jumbo variant.",4,237,,,False,False,False,False
189,Al kbeer Chicken BURGERS,CKKB100B,CHARGRILLED JUMBO CHICKEN BURGERS,v2_synthetic_by_construction,INCORRECT,CKKB,4 CHICKEN BURGERS,"CKKB (4 CHICKEN BURGERS) is superior: assigned SKU is over-specific: it adds 2 word(s) the offer never states, the replacement adds none. Offer words covered by replacement=['burger', 'chicken'] vs assigned=['burger', 'chicken']; over-specific words replacement=0 vs assigned=2; name similarity 89.6 vs 72.5 (+17.1); protein=1 family=1 pack=unknown; spec '200 Gms x 30 Pkts'. All 237 master SKUs were compared before selecting this replacement.",deterministic,INCORRECT,"Same defect as the preceding row: plain 'Chicken BURGERS' offer assigned to CKKB100B CHARGRILLED JUMBO CHICKEN BURGERS (name 72.5, rank 13/237) while plain CKKB and CKKB8 both score 90 and CKKB24 scores 87. CHARGRILLED prep and JUMBO variant are business-rule-distinct products that the offer text never mentions, so the plain 4-piece chicken burger SKU is objectively the better label.",4,237,,,False,False,False,False
190,Al Kaber CHICKEN burgers,CKKB24,24 CHICKEN BURGERS,v2_synthetic_by_construction,CORRECT_BUT_LOW_CONFIDENCE,,,"Assigned SKU accounts for every distinguishing word in the offer (['burger', 'chicken']) and introduces none the offer does not state; protein/family/variant compatible, pack unknown; no superior SKU exists among all 237.",deterministic+agent_downgrade,CORRECT_BUT_LOW_CONFIDENCE,"Offer 'CHICKEN burgers' declares no piece count, so CKKB24 (24 CHICKEN BURGERS, 1.2kg x8, name 87) competes with CKKB and CKKB8 at name 90 - the same plain chicken burger product in different pack counts. Protein, family (BURGERS) and category agree and no breaded/sub-brand qualifier is wrongly imported, so the label is plausible but the 24-piece pack is unsupported.",0,237,,,False,False,False,False
191,AL KABBER Chckn BURGERS,CKKB24,24 CHICKEN BURGERS,v2_synthetic_by_construction,CORRECT_BUT_LOW_CONFIDENCE,,,"Assigned SKU accounts for every distinguishing word in the offer (['burger', 'chicken']) and introduces none the offer does not state; protein/family/variant compatible, pack unknown; no superior SKU exists among all 237.",deterministic+agent_downgrade,CORRECT_BUT_LOW_CONFIDENCE,"'Chckn BURGERS' gives no count or weight; assigned CKKB24 scores name 74.7 (rank 3/237) against CKKB/CKKB8 at 77 - a 2-point spread among identical plain chicken burger SKUs differing only in pack count. Same-product/unstated-size situation, so low confidence rather than a flip.",0,237,,,False,False,False,False
192,ALKABEEER Chckn Burgers,CKKB24A,24 CHICKEN BURGERS BULK,v2_synthetic_by_construction,INCORRECT,CKKB,4 CHICKEN BURGERS,"CKKB (4 CHICKEN BURGERS) is superior: assigned SKU is over-specific: it adds 1 word(s) the offer never states, the replacement adds none. Offer words covered by replacement=['burger', 'chicken'] vs assigned=['burger', 'chicken']; over-specific words replacement=0 vs assigned=1; name similarity 76.8 vs 71.6 (+5.2); protein=1 family=1 pack=unknown; spec '200 Gms x 30 Pkts'. All 237 master SKUs were compared before selecting this replacement.",deterministic,CORRECT_BUT_LOW_CONFIDENCE,"Offer 'Chckn Burgers' contains no BULK, count or weight token, while assigned CKKB24A is 24 CHICKEN BURGERS BULK (2kg x5, name 72) versus retail CKKB/CKKB8 at 77; it is nonetheless rank 1/237 on the runtime rule score (47.9). Same plain chicken burger product differing only in unstated pack format, and beef contenders (CBBO, CBBO24) are correctly excluded by protein.",3,237,,,False,False,False,False
193,Al Kaber CHICKEN Burgers,CKKB24A,24 CHICKEN BURGERS BULK,v2_synthetic_by_construction,INCORRECT,CKKB,4 CHICKEN BURGERS,"CKKB (4 CHICKEN BURGERS) is superior: assigned SKU is over-specific: it adds 1 word(s) the offer never states, the replacement adds none. Offer words covered by replacement=['burger', 'chicken'] vs assigned=['burger', 'chicken']; over-specific words replacement=0 vs assigned=1; name similarity 89.6 vs 77.8 (+11.8); protein=1 family=1 pack=unknown; spec '200 Gms x 30 Pkts'. All 237 master SKUs were compared before selecting this replacement.",deterministic,CORRECT_BUT_LOW_CONFIDENCE,"Plain 'CHICKEN Burgers' offer assigned to CKKB24A (24 CHICKEN BURGERS BULK, name 78) while retail CKKB/CKKB8 score 90 and CKKB24 87; all are the same plain chicken burger differing only in count and retail-vs-bulk format, which the offer does not state. Identity/protein/family agree, so the row is defensible but the BULK qualifier is unevidenced.",4,237,,,False,False,False,False
194,AL-KABEEZ AK Pro Chkn BURGERS 50 GM,CKKB50PR,AK PRO Chicken Burger 50 g. 1 kg x 10,v2_synthetic_by_construction,CORRECT_BUT_LOW_CONFIDENCE,,,"Assigned SKU carries rule defect(s) ['pack_incompatible'], but no SKU among all 237 is objectively superior, so no replacement is justified.",deterministic,CORRECT_BUT_LOW_CONFIDENCE,"The offer uniquely names both the AK Pro sub-brand and 50 GM piece weight, and CKKB50PR (AK PRO Chicken Burger 50 g. 1 kg x 10) is the only SKU matching both - the higher-scoring CKB24PR (name 74) is the AK PRO 24-pack at 58g, a different item. However pack=INCOMPATIBLE on the assigned pair (the 50 g piece weight conflicts with the 1 kg pack spec, as it does for every candidate), so the deployed pipeline could not legitimately emit this label.",0,237,pack_incompatible,,False,True,False,False
195,Al Kabee A/K Pro chicken Burgers 50 gm x 3,CKKB50PR,AK PRO Chicken Burger 50 g. 1 kg x 10,v2_synthetic_by_construction,CORRECT_BUT_LOW_CONFIDENCE,,,"Assigned SKU carries rule defect(s) ['pack_incompatible'], but no SKU among all 237 is objectively superior, so no replacement is justified.",deterministic,CORRECT_BUT_LOW_CONFIDENCE,"Offer states 'A/K Pro ... Burgers 50 gm', and CKKB50PR is the only SKU carrying both the AK PRO sub-brand and the 50 g. piece weight; the plain CKKB/CKKB8 at name 84 lack the AK PRO sub-brand required by the offer. Confidence is reduced because pack=INCOMPATIBLE is flagged on the assigned pair (50 gm piece vs 1 kg x 10 pack), making the label unreachable at inference.",0,237,pack_incompatible,,False,True,False,False
196,Alkaberer chicken BURGERS,CKKB8,8 CHICKEN BURGERS,v2_synthetic_by_construction,CORRECT_BUT_LOW_CONFIDENCE,,,"Assigned SKU accounts for every distinguishing word in the offer (['burger', 'chicken']) and introduces none the offer does not state; protein/family/variant compatible, pack unknown; no superior SKU exists among all 237.",deterministic+agent_downgrade,CORRECT_BUT_LOW_CONFIDENCE,"Plain 'chicken BURGERS' offer with no count; assigned CKKB8 (8 CHICKEN BURGERS, name 89, rank 1/237) is in an exact tie with CKKB (89) and near CKKB24 (86). Product identity, protein and BURGERS family agree and no breaded/chargrilled/sub-brand qualifier is imported, but the specific 8-piece 400g pack is arbitrary given the tie.",0,237,,,False,False,False,False
197,AL KABBER Chicken burgers,CKKB8,8 CHICKEN BURGERS,v2_synthetic_by_construction,CORRECT_BUT_LOW_CONFIDENCE,,,"Assigned SKU accounts for every distinguishing word in the offer (['burger', 'chicken']) and introduces none the offer does not state; protein/family/variant compatible, pack unknown; no superior SKU exists among all 237.",deterministic+agent_downgrade,CORRECT_BUT_LOW_CONFIDENCE,"Offer 'Chicken burgers' declares no pack size, and CKKB8 (name 89) ties exactly with CKKB (89) with CKKB24 at 86 - the same plain chicken burger in different counts. The assignment correctly avoids the breaded (CKBB), Tayebat (CKBT/CKBBT) and AK PRO (CKB24PR) variants, so it is plausible but not separable from its tie-mate.",0,237,,,False,False,False,False
198,AL KABBER CHICKEN Burgers 100 g,CKKBJ,JUMBO BREADED CHICKEN BURGER 100G BULK,v2_synthetic_by_construction,INCORRECT,CKKB,4 CHICKEN BURGERS,"CKKB (4 CHICKEN BURGERS) is superior: assigned SKU is over-specific: it adds 4 word(s) the offer never states, the replacement adds none. Offer words covered by replacement=['burger', 'chicken'] vs assigned=['burger', 'chicken']; over-specific words replacement=0 vs assigned=4; name similarity 89.0 vs 64.2 (+24.8); protein=1 family=1 pack=INCOMPATIBLE; spec '200 Gms x 30 Pkts'. All 237 master SKUs were compared before selecting this replacement.",deterministic,CORRECT_BUT_LOW_CONFIDENCE,"The offer's distinguishing token is '100 g', and CKKBJ (JUMBO BREADED CHICKEN BURGER 100G BULK) is the only candidate whose name carries that piece weight, which justifies it over the higher-name plain burgers (CKKB/CKKB8 at 89) that state no gram weight; the offer does not, however, say BREADED or JUMBO. pack=INCOMPATIBLE is flagged on the assigned pair (100 g piece vs 1000 GM x 6 pack), so the deployed pipeline could not legitimately produce it.",4,237,pack_incompatible,,False,True,False,False
199,Al Kaber Chkn BURGERS 100 g,CKKBJ,JUMBO BREADED CHICKEN BURGER 100G BULK,v2_synthetic_by_construction,INCORRECT,CKKB,4 CHICKEN BURGERS,"CKKB (4 CHICKEN BURGERS) is superior: assigned SKU is over-specific: it adds 4 word(s) the offer never states, the replacement adds none. Offer words covered by replacement=['burger', 'chicken'] vs assigned=['burger', 'chicken']; over-specific words replacement=0 vs assigned=4; name similarity 74.5 vs 58.4 (+16.1); protein=1 family=1 pack=INCOMPATIBLE; spec '200 Gms x 30 Pkts'. All 237 master SKUs were compared before selecting this replacement.",deterministic,CORRECT_BUT_LOW_CONFIDENCE,"Same construction: 'Chkn BURGERS 100 g' matches CKKBJ as the only 100G burger SKU in the slate (CKKB100B is the chargrilled jumbo 1kg pack, name 62), even though CKKBJ scores only 58 on name and adds an unstated BREADED/JUMBO qualifier. The row also carries pack=INCOMPATIBLE (100 g vs 1000 GM x 6 PKTS), so the pair is unreachable by the runtime pack gate.",4,237,pack_incompatible,,False,True,False,False
200,Al Kaber Chckn MEAT BALLS,CKMB,CHICKEN MEAT BALLS,v2_synthetic_by_construction,VERIFIED_CORRECT,,,"Assigned SKU accounts for every distinguishing word in the offer (['ball', 'chicken', 'meat']) and introduces none the offer does not state; protein/family/variant compatible, pack unknown; no superior SKU exists among all 237.",deterministic,,,0,237,,,False,False,False,False
201,AL KABBER CHICKEN MEAT BALLS,CKMB,CHICKEN MEAT BALLS,v2_synthetic_by_construction,VERIFIED_CORRECT,,,"Assigned SKU accounts for every distinguishing word in the offer (['ball', 'chicken', 'meat']) and introduces none the offer does not state; protein/family/variant compatible, pack unknown; no superior SKU exists among all 237.",deterministic,,,0,237,,,False,False,False,False
202,Alkabeers CHICKEN Meatballs,CKMBA,CHICKEN MEAT BALLS BULK,v2_synthetic_by_construction,CORRECT_BUT_LOW_CONFIDENCE,,,"No SKU among all 237 is objectively superior, but the assigned SKU is not a clear winner: offer words unaccounted for ['meatball']; name rank 2/237 (71.9).",deterministic,,,0,237,,,False,False,False,False
203,Al Kabee Chicken Meatballs,CKMBA,CHICKEN MEAT BALLS BULK,v2_synthetic_by_construction,CORRECT_BUT_LOW_CONFIDENCE,,,"No SKU among all 237 is objectively superior, but the assigned SKU is not a clear winner: offer words unaccounted for ['kabee', 'meatball']; name rank 2/237 (71.9).",deterministic,,,0,237,,,False,False,False,False
204,AL KABBER Chckn MEAT BALLS,CKMBAB,CHICKEN MEAT BALLS CATERING PACK 1 kg x 5 pkts,v2_synthetic_by_construction,INCORRECT,CKMB,CHICKEN MEAT BALLS,"CKMB (CHICKEN MEAT BALLS) is superior: assigned SKU is over-specific: it adds 1 word(s) the offer never states, the replacement adds none. Offer words covered by replacement=['ball', 'chicken', 'meat'] vs assigned=['ball', 'chicken', 'meat']; over-specific words replacement=0 vs assigned=1; name similarity 79.9 vs 61.3 (+18.6); protein=1 family=1 pack=unknown; spec '300 Gms x 20 Pkts'. All 237 master SKUs were compared before selecting this replacement.",deterministic,,,1,237,,,False,False,False,False
205,Alkaberer Chckn Meat Balls 1000 g. x 2,CKMBAB,CHICKEN MEAT BALLS CATERING PACK 1 kg x 5 pkts,v2_synthetic_by_construction,CORRECT_BUT_LOW_CONFIDENCE,,,"No SKU among all 237 is objectively superior, but the assigned SKU is not a clear winner: offer words unaccounted for []; name rank 6/237 (61.2).",deterministic,,,0,237,,,False,False,False,False
206,AL KABBER chicken breast,CKMCB,TENDER CHICKEN BREAST,v2_synthetic_by_construction,VERIFIED_CORRECT,,,"Best of all 237 SKUs on name similarity (81.7, margin +10.1); no attribute conflict; pack unknown.",deterministic,,,0,237,,,False,False,False,False
207,Alkabheer Chckn breast,CKMCB,TENDER CHICKEN BREAST,v2_synthetic_by_construction,CORRECT_BUT_LOW_CONFIDENCE,,,"No SKU among all 237 is objectively superior, but the assigned SKU is not a clear winner: offer words unaccounted for []; name rank 2/237 (66.0).",deterministic,,,0,237,,,False,False,False,False
208,ALKABEEER CHICKEN breast Spicy,CKMCBA,TENDER CHICKEN BREAST SPICY FLAVOURED,v2_synthetic_by_construction,CORRECT_BUT_LOW_CONFIDENCE,,,"No SKU among all 237 is objectively superior, but the assigned SKU is not a clear winner: offer words unaccounted for []; name rank 2/237 (74.8).",deterministic,,,0,237,,,False,False,False,False
209,Alkabeers chicken breast Hot N Spicy,CKMCBA,TENDER CHICKEN BREAST SPICY FLAVOURED,v2_synthetic_by_construction,CORRECT_BUT_LOW_CONFIDENCE,,,"No SKU among all 237 is objectively superior, but the assigned SKU is not a clear winner: offer words unaccounted for []; name rank 6/237 (75.8).",deterministic,,,0,237,,,False,False,False,False
210,Al Kaber chicken Nugget,CKN,CHICKEN NUGGETS,v2_synthetic_by_construction,VERIFIED_CORRECT,,,"Assigned SKU accounts for every distinguishing word in the offer (['chicken', 'nugget']) and introduces none the offer does not state; protein/family/variant compatible, pack unknown; no superior SKU exists among all 237.",deterministic,,,0,237,,,False,False,False,False
211,Alkabheer CHICKEN nuggets,CKN,CHICKEN NUGGETS,v2_synthetic_by_construction,VERIFIED_CORRECT,,,"Assigned SKU accounts for every distinguishing word in the offer (['chicken', 'nugget']) and introduces none the offer does not state; protein/family/variant compatible, pack unknown; no superior SKU exists among all 237.",deterministic,,,0,237,,,False,False,False,False
212,AL-KABEEZ Chckn Nuggets 400gr,CKN400,CHICKEN NUGGETS (400G),v2_synthetic_by_construction,VERIFIED_CORRECT,,,"Assigned SKU accounts for every distinguishing word in the offer (['400gr', 'chicken', 'nugget']) and introduces none the offer does not state; protein/family/variant compatible, pack unknown; no superior SKU exists among all 237.",deterministic,,,0,237,,,False,False,False,False
213,AL-KABEEZ chicken SPRING ROLLS,CKSR,8 CHICKEN SPRING ROLLS,v2_synthetic_by_construction,VERIFIED_CORRECT,,,"Assigned SKU accounts for every distinguishing word in the offer (['chicken', 'roll', 'spring']) and introduces none the offer does not state; protein/family/variant compatible, pack unknown; no superior SKU exists among all 237.",deterministic,,,0,237,,,False,False,False,False
214,AL KABBER Chkn Spring Rolls 1120 gr,CKSRA,CHICKEN SPRING ROLL BULK (5*1120G),v2_synthetic_by_construction,INCORRECT,CKSR,8 CHICKEN SPRING ROLLS,"CKSR (8 CHICKEN SPRING ROLLS) is superior: assigned SKU is over-specific: it adds 2 word(s) the offer never states, the replacement adds none. Offer words covered by replacement=['chicken', 'roll', 'spring'] vs assigned=['chicken', 'roll', 'spring']; over-specific words replacement=0 vs assigned=2; name similarity 74.5 vs 60.2 (+14.3); protein=1 family=1 pack=unknown; spec '280 Gms x 20 Pkts'. All 237 master SKUs were compared before selecting this replacement.",deterministic,,,1,237,,,False,False,False,False
215,Al kbeer Chckn SPRING ROLLS,CKSRA,CHICKEN SPRING ROLL BULK (5*1120G),v2_synthetic_by_construction,INCORRECT,CKSR,8 CHICKEN SPRING ROLLS,"CKSR (8 CHICKEN SPRING ROLLS) is superior: assigned SKU is over-specific: it adds 2 word(s) the offer never states, the replacement adds none. Offer words covered by replacement=['chicken', 'roll', 'spring'] vs assigned=['chicken', 'roll', 'spring']; over-specific words replacement=0 vs assigned=2; name similarity 82.6 vs 66.2 (+16.4); protein=1 family=1 pack=unknown; spec '280 Gms x 20 Pkts'. All 237 master SKUs were compared before selecting this replacement.",deterministic,,,1,237,,,False,False,False,False
216,Al kbeer ZINGER Chckn Nugget Non spicy,CKZNNS,ZING CHICKEN NUGGET NON-SPICY,v2_synthetic_by_construction,VERIFIED_CORRECT,,,"Assigned SKU accounts for every distinguishing word in the offer (['chicken', 'nonspicy', 'nugget', 'zing']) and introduces none the offer does not state; protein/family/variant compatible, pack unknown; no superior SKU exists among all 237.",deterministic,,,0,237,,,False,False,False,False
217,Al kbeer zing Chkn Nugget Non-Spicy,CKZNNS,ZING CHICKEN NUGGET NON-SPICY,v2_synthetic_by_construction,VERIFIED_CORRECT,,,"Assigned SKU accounts for every distinguishing word in the offer (['chicken', 'nonspicy', 'nugget', 'zing']) and introduces none the offer does not state; protein/family/variant compatible, pack unknown; no superior SKU exists among all 237.",deterministic,,,0,237,,,False,False,False,False
218,Alkabeers Zing CHICKEN Strips,CKZS,ZING CHICKEN STRIPS,v2_synthetic_by_construction,VERIFIED_CORRECT,,,"Assigned SKU accounts for every distinguishing word in the offer (['chicken', 'strip', 'zing']) and introduces none the offer does not state; protein/family/variant compatible, pack unknown; no superior SKU exists among all 237.",deterministic,,,0,237,,,False,False,False,False
219,AL KABBER Zing Chiken Strips,CKZS,ZING CHICKEN STRIPS,v2_synthetic_by_construction,VERIFIED_CORRECT,,,"Assigned SKU accounts for every distinguishing word in the offer (['chicken', 'strip', 'zing']) and introduces none the offer does not state; protein/family/variant compatible, pack unknown; no superior SKU exists among all 237.",deterministic,,,0,237,,,False,False,False,False
220,AL-KABEEZ ZING Chckn Strip Hot N Spicy,CKZSDA,ZING CHICKEN STRIPS SPICY 750 GRM,v2_synthetic_by_construction,VERIFIED_CORRECT,,,"Assigned SKU accounts for every distinguishing word in the offer (['chicken', 'spicy', 'strip', 'zing']) and introduces none the offer does not state; protein/family/variant compatible, pack unknown; no superior SKU exists among all 237.",deterministic,VERIFIED_CORRECT,"Offer 'ZING Chckn Strip Hot N Spicy' agrees with CKZSDA on sub-brand (ZING), family (STRIPS), protein (chicken) and spice variant (SPICY); the higher-name contender CKZSNS is explicitly NON-SPICY and so contradicts 'Hot N Spicy', and CCKSHA is STICKS/non-Zing. prot=1 fam=1 var=1 cat_ok=1.",0,237,,,False,False,False,False
221,AL-KABEEZ ZING Chicken Strips SPICY,CKZSDA,ZING CHICKEN STRIPS SPICY 750 GRM,v2_synthetic_by_construction,VERIFIED_CORRECT,,,"Assigned SKU accounts for every distinguishing word in the offer (['chicken', 'spicy', 'strip', 'zing']) and introduces none the offer does not state; protein/family/variant compatible, pack unknown; no superior SKU exists among all 237.",deterministic,VERIFIED_CORRECT,"Offer explicitly states SPICY, which uniquely selects CKZSDA (ZING CHICKEN STRIPS SPICY) over plain CKZS (name 90) and NON-SPICY CKZSNS; assigned is rank 1/237 on rule and all gates pass (prot=1 fam=1 var=1 cat_ok=1).",0,237,,,False,False,False,False
222,Al Kabee Zinger CHICKEN strips N/S,CKZSNS,ZING CHICKEN STRIPS NON-SPICY,v2_synthetic_by_construction,INCORRECT,CKZS,ZING CHICKEN STRIPS,"CKZS (ZING CHICKEN STRIPS) is superior: assigned SKU is over-specific: it adds 1 word(s) the offer never states, the replacement adds none. Offer words covered by replacement=['chicken', 'strip', 'zing'] vs assigned=['chicken', 'strip', 'zing']; over-specific words replacement=0 vs assigned=1; name similarity 82.0 vs 73.7 (+8.3); protein=1 family=1 pack=unknown; spec '320 Gms x 20 Pkts'. All 237 master SKUs were compared before selecting this replacement.",deterministic,VERIFIED_CORRECT,"'N/S' is the standard abbreviation for NON-SPICY, which matches CKZSNS exactly on sub-brand ZING, family STRIPS and variant; plain CKZS scores higher on name only because it lacks the NON-SPICY tokens the offer's 'N/S' encodes.",1,237,,,False,False,False,False
223,Alkabheer Zing Chkn Strips No Spicy,CKZSNS,ZING CHICKEN STRIPS NON-SPICY,v2_synthetic_by_construction,VERIFIED_CORRECT,,,"Assigned SKU accounts for every distinguishing word in the offer (['chicken', 'nonspicy', 'strip', 'zing']) and introduces none the offer does not state; protein/family/variant compatible, pack unknown; no superior SKU exists among all 237.",deterministic,VERIFIED_CORRECT,"Offer 'Zing Chkn Strips No Spicy' matches CKZSNS on every discriminator (ZING sub-brand, STRIPS family, non-spicy variant) and the assigned SKU is rank 1/237 on both name (80) and rule (56); AK PRO contender CKZSNSAPR is excluded because the offer names no AK PRO line.",0,237,,,False,False,False,False
224,AL KABBER Zinger AK PRO Chkn Strip Non-Spicy 1 kilo,CKZSNSAPR,AK PRO Zing Chicken Strips Non Spicy 1 kg x 10,v2_synthetic_by_construction,VERIFIED_CORRECT,,,"Best of all 237 SKUs on name similarity (73.2, margin +7.9); no attribute conflict; pack unknown.",deterministic,VERIFIED_CORRECT,"Offer names all three discriminators explicitly - AK PRO, Non-Spicy, 1 kilo - and CKZSNSAPR is the only SKU combining AK PRO + Zing strips + non-spicy at 1kg; it is rank 1/237 on both name and rule with a clear 8-point name margin over CKZSNS.",0,237,,,False,False,False,False
225,Al Kabee ZING AK Pro Chkn Strip Non-Spicy,CKZSNSAPR,AK PRO Zing Chicken Strips Non Spicy 1 kg x 10,v2_synthetic_by_construction,VERIFIED_CORRECT,,,"Best of all 237 SKUs on name similarity (77.1, margin +4.7); no attribute conflict; pack unknown.",deterministic,VERIFIED_CORRECT,"Offer states 'ZING AK Pro ... Non-Spicy', matching CKZSNSAPR on sub-brand line (AK PRO), ZING family, STRIPS and non-spicy variant; rank 1/237 on name (77) and rule (59) with all gates passing.",0,237,,,False,False,False,False
226,Alkabheer ZING Chiken STRIPS,CKZSSB,ZING CHICKEN STRIPS -SMOKEY BUFFALO,v2_synthetic_by_construction,INCORRECT,CKZS,ZING CHICKEN STRIPS,"CKZS (ZING CHICKEN STRIPS) is superior: assigned SKU is over-specific: it adds 2 word(s) the offer never states, the replacement adds none. Offer words covered by replacement=['chicken', 'strip', 'zing'] vs assigned=['chicken', 'strip', 'zing']; over-specific words replacement=0 vs assigned=2; name similarity 83.5 vs 70.0 (+13.5); protein=1 family=1 pack=unknown; spec '320 Gms x 20 Pkts'. All 237 master SKUs were compared before selecting this replacement.",deterministic,INCORRECT,"Offer 'ZING Chiken STRIPS' names no flavour variant, yet the assigned CKZSSB adds an unstated SMOKEY BUFFALO variant; CKZS is literally 'ZING CHICKEN STRIPS' (name 84 vs assigned 70, rank 1/237 vs 2/237) and matches the offer token-for-token with no surplus variant term.",1,237,,,False,False,False,False
227,ALKABEEER ZING chicken Strip,CKZSSB,ZING CHICKEN STRIPS -SMOKEY BUFFALO,v2_synthetic_by_construction,INCORRECT,CKZS,ZING CHICKEN STRIPS,"CKZS (ZING CHICKEN STRIPS) is superior: assigned SKU is over-specific: it adds 2 word(s) the offer never states, the replacement adds none. Offer words covered by replacement=['chicken', 'strip', 'zing'] vs assigned=['chicken', 'strip', 'zing']; over-specific words replacement=0 vs assigned=2; name similarity 83.8 vs 70.5 (+13.2); protein=1 family=1 pack=unknown; spec '320 Gms x 20 Pkts'. All 237 master SKUs were compared before selecting this replacement.",deterministic,INCORRECT,"Offer 'ZING chicken Strip' carries no flavour qualifier while assigned CKZSSB is the SMOKEY BUFFALO line; plain CKZS matches the offer name exactly and scores name 84 / rank 1 versus the assigned 70 / rank 3, with CKZSSR (Sriracha, 72) also outscoring the assigned SKU - i.e. the flavoured pick is arbitrary among equals whereas CKZS is the unqualified product.",1,237,,,False,False,False,False
228,Al Kaber Zing CHICKEN STRIPS,CKZSSR,ZING CHICKEN STRIPS SRIRACHA,v2_synthetic_by_construction,INCORRECT,CKZS,ZING CHICKEN STRIPS,"CKZS (ZING CHICKEN STRIPS) is superior: assigned SKU is over-specific: it adds 1 word(s) the offer never states, the replacement adds none. Offer words covered by replacement=['chicken', 'strip', 'zing'] vs assigned=['chicken', 'strip', 'zing']; over-specific words replacement=0 vs assigned=1; name similarity 93.6 vs 78.9 (+14.7); protein=1 family=1 pack=unknown; spec '320 Gms x 20 Pkts'. All 237 master SKUs were compared before selecting this replacement.",deterministic,INCORRECT,"Offer 'Zing CHICKEN STRIPS' states no flavour, but assigned CKZSSR is the SRIRACHA variant; CKZS ('ZING CHICKEN STRIPS') scores name 94 (rank 1/237) and rule 67 (rank 1) against the assigned 79/63, an exact product-identity match well above the >=85 evidentiary threshold.",1,237,,,False,False,False,False
229,Al Kabee ZINGER Chkn Strip,CKZSSR,ZING CHICKEN STRIPS SRIRACHA,v2_synthetic_by_construction,INCORRECT,CKZS,ZING CHICKEN STRIPS,"CKZS (ZING CHICKEN STRIPS) is superior: assigned SKU is over-specific: it adds 1 word(s) the offer never states, the replacement adds none. Offer words covered by replacement=['chicken', 'strip', 'zing'] vs assigned=['chicken', 'strip', 'zing']; over-specific words replacement=0 vs assigned=1; name similarity 72.2 vs 64.7 (+7.5); protein=1 family=1 pack=unknown; spec '320 Gms x 20 Pkts'. All 237 master SKUs were compared before selecting this replacement.",deterministic,INCORRECT,"Offer 'ZINGER Chkn Strip' contains no Sriracha or other flavour token, so the assigned CKZSSR imports a variant not present in the text; CKZS is the plain ZING CHICKEN STRIPS SKU and leads on both signals (name 72/rank 1, rule 47/rank 1 vs assigned 65/43).",1,237,,,False,False,False,False
230,Alkaberer Lamb Kibeh,CLK,LAMB KIBBEH,v2_synthetic_by_construction,CORRECT_BUT_LOW_CONFIDENCE,,,"Assigned SKU accounts for every distinguishing word in the offer (['kibeh', 'lamb']) and introduces none the offer does not state; protein/family/variant compatible, pack unknown; no superior SKU exists among all 237.",deterministic+agent_downgrade,CORRECT_BUT_LOW_CONFIDENCE,"Product identity (LAMB KIBBEH, protein lamb, family KOFTA-KIBBEH-FELAFEL) is unambiguous and prot=1 rules out the beef/chicken kibbeh variants, but CLK (400g retail, name 75) and CLKA (1kg BULK, name 74) are a virtual tie and the offer 'Alkaberer Lamb Kibeh' declares no size or bulk indicator.",0,237,,,False,False,False,False
231,Al Kaber Lamb Kibbeh,CLKA,LAMB KIBBEH BULK,v2_synthetic_by_construction,INCORRECT,CLK,LAMB KIBBEH,"CLK (LAMB KIBBEH) is superior: assigned SKU is over-specific: it adds 1 word(s) the offer never states, the replacement adds none. Offer words covered by replacement=['kibbeh', 'lamb'] vs assigned=['kibbeh', 'lamb']; over-specific words replacement=0 vs assigned=1; name similarity 90.3 vs 80.2 (+10.1); protein=1 family=1 pack=unknown; spec '400 Gms x 12 Pkts'. All 237 master SKUs were compared before selecting this replacement.",deterministic,CORRECT_BUT_LOW_CONFIDENCE,"Assigned CLKA and top contender CLK are the same product differing only in pack (1kg BULK vs 400g retail), which the offer 'Al Kaber Lamb Kibbeh' does not state; CLK actually leads on name (90 vs 80), so BULK is an unsupported assumption rather than a demonstrable error.",1,237,,,False,False,False,False
232,ALKABEEER Lamb Kibeh,CLKA,LAMB KIBBEH BULK,v2_synthetic_by_construction,INCORRECT,CLK,LAMB KIBBEH,"CLK (LAMB KIBBEH) is superior: assigned SKU is over-specific: it adds 1 word(s) the offer never states, the replacement adds none. Offer words covered by replacement=['kibeh', 'lamb'] vs assigned=['kibeh', 'lamb']; over-specific words replacement=0 vs assigned=1; name similarity 74.8 vs 73.8 (+1.0); protein=1 family=1 pack=unknown; spec '400 Gms x 12 Pkts'. All 237 master SKUs were compared before selecting this replacement.",deterministic,CORRECT_BUT_LOW_CONFIDENCE,"Lamb kibbeh identity is solid (prot=1 excludes CBK/CKK), but CLK (75) and the assigned CLKA (74) are within one name point and the offer 'ALKABEEER Lamb Kibeh' gives no weight, count or BULK cue to resolve retail vs catering pack.",1,237,,,False,False,False,False
233,AL KABBER A/K Pro Beef Meatballs 1000 g. x 3,CMBAKAPR,AK PRO Beef Meat Balls 1 kg x 10,v2_synthetic_by_construction,VERIFIED_CORRECT,,,"Best of all 237 SKUs on name similarity (71.8, margin +13.6); no attribute conflict; pack compatible.",deterministic,VERIFIED_CORRECT,"Offer states A/K Pro, Beef, Meatballs and 1000 g. unit weight; CMBAKAPR matches on sub-brand (AK PRO), protein (beef), family (MEAT BALLS) and unit size (1 kg), is rank 1/237 on both name and rule, and is the only pack=compatible AK PRO beef meatball SKU (CBBAGPR and CMBAK are pack=INCOMPATIBLE, CKBMTY is the TAYEBAT line).",0,237,,,False,False,False,False
234,Al Kabee A.K PRO Beef MEAT BALLS (1 kg),CMBAKAPR,AK PRO Beef Meat Balls 1 kg x 10,v2_synthetic_by_construction,CORRECT_BUT_LOW_CONFIDENCE,,,"No SKU among all 237 is objectively superior, but the assigned SKU is not a clear winner: offer words unaccounted for ['kabee']; name rank 2/237 (78.2).",deterministic,VERIFIED_CORRECT,"Offer names A.K PRO, Beef, MEAT BALLS and (1 kg); CMBAKAPR agrees on all four with pack=compatible, while the higher-name contender CMBAK ('MEAT BALLS', 300g x 20) is pack=INCOMPATIBLE with the stated 1 kg and carries no AK PRO sub-brand, and CMBAKA is plain BULK rather than AK PRO.",0,237,,,False,False,False,False
235,Alkabheer Mutton SAMOSAS,CMSA,12 MUTTON SAMOSAS,v2_synthetic_by_construction,CORRECT_BUT_LOW_CONFIDENCE,,,"Assigned SKU accounts for every distinguishing word in the offer (['mutton', 'samosa']) and introduces none the offer does not state; protein/family/variant compatible, pack unknown; no superior SKU exists among all 237.",deterministic+agent_downgrade,CORRECT_BUT_LOW_CONFIDENCE,"CMSA is the best content match (mutton protein, SAMOSA family, name 86 rank 1/237) and no cat_ok=1 alternative is remotely plausible (only MC40 MUTTON CUBES passes the gate, a different product), but cat_ok=0 means the deployed candidate generator can never surface this pair (offer runtime_category=Meat vs SKU cat2=Dough), so the label is unreachable at inference.",0,237,,category_gate_unreachable,False,False,True,False
236,AL KABBER Mutton Samosa,CMSA,12 MUTTON SAMOSAS,v2_synthetic_by_construction,CORRECT_BUT_LOW_CONFIDENCE,,,"Assigned SKU accounts for every distinguishing word in the offer (['mutton', 'samosa']) and introduces none the offer does not state; protein/family/variant compatible, pack unknown; no superior SKU exists among all 237.",deterministic+agent_downgrade,CORRECT_BUT_LOW_CONFIDENCE,"Mutton samosa identity is right (prot=1 excludes the chicken samosa SKUs), but cat_ok=0 makes the pair unproducible by the runtime gate (Meat offer vs Dough SKU), and CMSAA (bulk, name 78) marginally outscores the assigned CMSA (77) with the singular offer text giving no pack cue.",0,237,,category_gate_unreachable,False,False,True,False
237,Al Kaber Mutton Sambosa,CMSAA,MUTTON SAMOSAS BULK,v2_synthetic_by_construction,CORRECT_BUT_LOW_CONFIDENCE,,,"No SKU among all 237 is objectively superior, but the assigned SKU is not a clear winner: offer words unaccounted for []; name rank 1/237 (77.1).",deterministic,CORRECT_BUT_LOW_CONFIDENCE,"'Mutton Sambosa' clearly denotes the mutton samosa pair, and assigned CMSAA leads by one name point (77 vs 76 for CMSA), an unresolvable retail-vs-bulk tie since the offer declares no weight; additionally cat_ok=0 makes the label unreachable by the production category gate.",0,237,,category_gate_unreachable,False,False,True,False
238,Al Kaber Mutton Samosas,CMSAA,MUTTON SAMOSAS BULK,v2_synthetic_by_construction,INCORRECT,CMSA,12 MUTTON SAMOSAS,"CMSA (12 MUTTON SAMOSAS) is superior: assigned SKU is over-specific: it adds 1 word(s) the offer never states, the replacement adds none. Offer words covered by replacement=['mutton', 'samosa'] vs assigned=['mutton', 'samosa']; over-specific words replacement=0 vs assigned=1; name similarity 86.4 vs 83.5 (+2.8); protein=1 family=1 pack=unknown; spec '240 Gms x 20 Pkts'. All 237 master SKUs were compared before selecting this replacement.",deterministic,CORRECT_BUT_LOW_CONFIDENCE,"Assigned CMSAA and top-name contender CMSA (86 vs 84) are the same product differing only in pack (1.2kg BULK vs 240g retail), which the offer 'Mutton Samosas' does not state, so no flip is warranted; cat_ok=0 nonetheless makes this pair unreachable by the deployed generator.",1,237,,category_gate_unreachable,False,False,True,False
239,Al kbeer Beef kebab,CTBK,TURKISH BEEF KEBABS 360,v2_synthetic_by_construction,CORRECT_BUT_LOW_CONFIDENCE,,,"No SKU among all 237 is objectively superior, but the assigned SKU is not a clear winner: offer words unaccounted for []; name rank 4/237 (56.5).",deterministic,CORRECT_BUT_LOW_CONFIDENCE,"Offer 'Beef kebab' names protein and KEBAB family but no product line, and no plain 'BEEF KEBAB' SKU exists - CTBK adds TURKISH/360 while CKBS adds 8/SEEKH, so both add unstated tokens and their rule scores are effectively tied (52 vs 54); CKBS leads on name (70 vs 56) but the offer gives no evidence to prefer Seekh over Turkish, making this a genuine near-tie on a flagged MULTI_ENTITY_OFFER.",0,237,,,False,False,False,False
240,Al Kaber Beef kebab,CTBK,TURKISH BEEF KEBABS 360,v2_synthetic_by_construction,CORRECT_BUT_LOW_CONFIDENCE,,,"No SKU among all 237 is objectively superior, but the assigned SKU is not a clear winner: offer words unaccounted for []; name rank 4/237 (56.5).",deterministic,CORRECT_BUT_LOW_CONFIDENCE,"Offer 'Beef kebab' is unqualified; no master SKU is named plainly 'BEEF KEBAB'. Assigned CTBK literally contains 'BEEF KEBABS' (prot=1, fam=1, cat_ok=1, rank_rule 2/237), but CKBS '8 BEEF SEEKH KEBAB' scores higher on name (69 vs 56) and is an equally defensible beef kebab; the offer gives no size or seekh/Turkish qualifier to break the tie.",0,237,,,False,False,False,False
241,AL KABBER CHEESE stick,CVJCS,JALAPENO & CHEESE STICKS 250,v2_synthetic_by_construction,CORRECT_BUT_LOW_CONFIDENCE,,,"No SKU among all 237 is objectively superior, but the assigned SKU is not a clear winner: offer words unaccounted for []; name rank 4/237 (69.8).",deterministic,CORRECT_BUT_LOW_CONFIDENCE,"Offer 'CHEESE stick' names no flavour line, and no SKU is named plainly 'CHEESE STICKS'. Assigned CVJCS (name 70) is within 2 points of CCMSA (71), CCMS (70) and CKCCS (72), so jalapeno vs mozzarella vs chicken&cheese is unresolvable from the text; the label does assert an unstated jalapeno variant.",0,237,,,False,False,False,False
242,Alkaberer Cheese stick,CVJCS,JALAPENO & CHEESE STICKS 250,v2_synthetic_by_construction,CORRECT_BUT_LOW_CONFIDENCE,,,"No SKU among all 237 is objectively superior, but the assigned SKU is not a clear winner: offer words unaccounted for []; name rank 4/237 (65.8).",deterministic,CORRECT_BUT_LOW_CONFIDENCE,"Same unqualified 'Cheese stick' text as row 241; assigned CVJCS (name 66) is tied with CKCCS (66) and one point below CCMS/CCMSA (67). All are Dough/Chicken cheese-stick SKUs with prot=1, fam=1, cat_ok=1; the jalapeno flavour is not stated in the offer, so the choice is a near-tie rather than a demonstrable error.",0,237,,,False,False,False,False
243,Al kbeer Veg Sambosa,CVPS,FROZEN PUNJABI SAMOSA,v2_synthetic_by_construction,INCORRECT,CVSA,12 VEGETABLE SAMOSAS,"CVSA (12 VEGETABLE SAMOSAS) is superior: covers strictly more of the offer's own wording (['samosa', 'vegetable'] vs ['samosa']). Offer words covered by replacement=['samosa', 'vegetable'] vs assigned=['samosa']; over-specific words replacement=0 vs assigned=4; name similarity 59.6 vs 49.3 (+10.3); protein=1 family=1 pack=unknown; spec '240 Gms x 20 Pkts'. All 237 master SKUs were compared before selecting this replacement.",deterministic,INCORRECT,"Offer says 'Veg Sambosa' (vegetable samosa) but assigned CVPS is FROZEN PUNJABI SAMOSA, a distinct product line, and it is the WORST scorer on the slate (name 49, rank 16/237). CVSA '12 VEGETABLE SAMOSAS' is an exact product-identity match (name 60) with no unstated sub-brand (unlike CVSAPR AK PRO) and retail pack; cat_ok=0 across the whole slate makes the pair unreachable at inference.",4,237,,category_gate_unreachable,False,False,True,False
244,AL-KABEEZ Veg Samosa,CVSA,12 VEGETABLE SAMOSAS,v2_synthetic_by_construction,VERIFIED_CORRECT,,,"Assigned SKU accounts for every distinguishing word in the offer (['samosa', 'vegetable']) and introduces none the offer does not state; protein/family/variant compatible, pack unknown; no superior SKU exists among all 237.",deterministic,VERIFIED_CORRECT,"Offer 'Veg Samosa' matches CVSA '12 VEGETABLE SAMOSAS' exactly on product identity with no sub-brand qualifier; it is rank_name 2/237 and rank_rule 4/237, beaten on name only by CVSAPR which asserts an unstated AK PRO sub-brand. Note cat_ok=0 for every candidate in this Veg runtime category, so the pair cannot be surfaced by the deployed generator.",0,237,,category_gate_unreachable,False,False,True,False
245,Alkabeers Zing Chkn Nuggets,CKZN,ZING CHICKEN NUGGETS REGULAR,v2_synthetic_by_construction,CORRECT_BUT_LOW_CONFIDENCE,,,"No SKU among all 237 is objectively superior, but the assigned SKU is not a clear winner: offer words unaccounted for []; name rank 1/237 (79.4).",deterministic,VERIFIED_CORRECT,"Offer 'Zing Chkn Nuggets' matches CKZN ZING CHICKEN NUGGETS REGULAR on sub-brand (ZING), protein (chicken) and product identity (nuggets); it is rank 1/237 on both name (79) and rule (58) with prot=1, fam=1, var=1, cat_ok=1.",0,237,,,False,False,False,False
246,AL-KABEEZ Zinger CHICKEN Nuggets,CKZN,ZING CHICKEN NUGGETS REGULAR,v2_synthetic_by_construction,CORRECT_BUT_LOW_CONFIDENCE,,,"No SKU among all 237 is objectively superior, but the assigned SKU is not a clear winner: offer words unaccounted for []; name rank 4/237 (74.4).",deterministic,VERIFIED_CORRECT,"Offer explicitly says 'Zinger', which selects the ZING sub-brand line, so CKZN (Chicken-ZNG, name 74, cat_ok=1) is right even though plain CKN scores higher on name (88) purely because it is a token subset; sub-brand is a hard SKU discriminator and CKN carries no Zing designation.",0,237,,,False,False,False,False
247,AL KABBER ZINGER Chiken lollipop,CKZLA,ZING CHICKEN LOLLIPOP BULK (5*1KG),v2_synthetic_by_construction,INCORRECT,CKZL,ZING CHICKEN LOLLIPOP 420,"CKZL (ZING CHICKEN LOLLIPOP 420) is superior: assigned SKU is over-specific: it adds 2 word(s) the offer never states, the replacement adds none. Offer words covered by replacement=['chicken', 'lollipop', 'zing'] vs assigned=['chicken', 'lollipop', 'zing']; over-specific words replacement=0 vs assigned=2; name similarity 77.5 vs 69.6 (+7.9); protein=1 family=1 pack=unknown; spec '420 Gms x 12 Pkts'. All 237 master SKUs were compared before selecting this replacement.",deterministic,CORRECT_BUT_LOW_CONFIDENCE,"Product identity, protein and sub-brand all agree (ZINGER chicken lollipop -> Chicken-ZNG LOLIPOP), but the offer states no weight and CKZL 'ZING CHICKEN LOLLIPOP 420' outscores the assigned bulk SKU on name (78 vs 70). Assigned and contender are the same product differing only in retail 420g vs 5x1kg bulk, which the offer cannot resolve.",1,237,,,False,False,False,False
248,Al Kaber Zinger chicken lollipop 1 kg,CKZLA,ZING CHICKEN LOLLIPOP BULK (5*1KG),v2_synthetic_by_construction,CORRECT_BUT_LOW_CONFIDENCE,,,"No SKU among all 237 is objectively superior, but the assigned SKU is not a clear winner: offer words unaccounted for []; name rank 2/237 (73.9).",deterministic,VERIFIED_CORRECT,"Offer declares '1 kg', and CKZLA (1 Kgs x 5 Pkts) is the only Zing lollipop SKU with pack=compatible; the higher-name contender CKZL 420 is pack=INCOMPATIBLE against the stated weight. Assigned is rank_rule 1/237 with prot=1, fam=1, var=1, cat_ok=1.",0,237,,,False,False,False,False
249,Al kbeer Tayebat Chkn strips N/S,CKSTY,TAYEBAT BREADED CHICKEN STRIPS NON SPICY 1 kg x 10 Pkts,v2_synthetic_by_construction,VERIFIED_CORRECT,,,"Best of all 237 SKUs on name similarity (64.3, margin +4.8); no attribute conflict; pack unknown.",deterministic,VERIFIED_CORRECT,"Offer 'Tayebat Chkn strips N/S' matches CKSTY TAYEBAT BREADED CHICKEN STRIPS NON SPICY on all three discriminators: sub-brand TAYEBAT, family STRIPS, and non-spicy variant. It is rank_name 1/237 (64) and rank_rule 3/237 with prot=1, fam=1, var=1, cat_ok=1; the nearest contenders are Tayebat nuggets/burgers (fam=0) or Zing strips (wrong sub-brand).",0,237,,,False,False,False,False
250,Alkaberer TAYEBAT chicken STRIPS Not Spicy 3 x 1000g,CKSTY,TAYEBAT BREADED CHICKEN STRIPS NON SPICY 1 kg x 10 Pkts,v2_synthetic_by_construction,VERIFIED_CORRECT,,,"Best of all 237 SKUs on name similarity (77.7, margin +4.7); no attribute conflict; pack compatible.",deterministic,VERIFIED_CORRECT,"Offer states TAYEBAT + STRIPS + 'Not Spicy' + 3 x 1000g, and CKSTY (1 kg x 10 Pkts) matches sub-brand, family, variant and pack=compatible; it ranks 1/237 on both name (78) and rule (63). Every Zing strips alternative is either the wrong sub-brand or pack=INCOMPATIBLE, and the Tayebat fillet/nugget/burger SKUs have fam=0.",0,237,,,False,False,False,False
251,AL-KABEEZ Chckn breast,CKTCB,TENDER CHICKEN BREAST TRAY PACK,v2_synthetic_by_construction,CORRECT_BUT_LOW_CONFIDENCE,,,"No SKU among all 237 is objectively superior, but the assigned SKU is not a clear winner: offer words unaccounted for []; name rank 2/237 (63.5).",deterministic,CORRECT_BUT_LOW_CONFIDENCE,"Offer 'Chckn breast' matches the TENDER CHICKEN BREAST line (Chicken-Commodity, TRADING-CHICKEN) and assigned CKTCB is rank_name 2/237, but CKMCB 'TENDER CHICKEN BREAST' scores higher (74 vs 64) and is the same product differing only in pack (450g tray vs 1kg x 5), which the offer does not state.",0,237,,,False,False,False,False
252,Alkabheer Chiken breast,CKTCB,TENDER CHICKEN BREAST TRAY PACK,v2_synthetic_by_construction,CORRECT_BUT_LOW_CONFIDENCE,,,"No SKU among all 237 is objectively superior, but the assigned SKU is not a clear winner: offer words unaccounted for []; name rank 10/237 (59.1).",deterministic,CORRECT_BUT_LOW_CONFIDENCE,"Same 'Chiken breast' text with no size; assigned CKTCB drops to rank_name 10/237 (59) behind VCB10A BONELESS CHICKEN BREAST (71) and CKMCB TENDER CHICKEN BREAST (69). All three are Chicken-Commodity breast SKUs differing by pack/prep the offer never specifies, so the assignment is plausible but weakly supported.",0,237,,,False,False,False,False
253,Al kbeer Chkn kebab,CKTCK,TURKISH CHICKEN KEBAB,v2_synthetic_by_construction,CORRECT_BUT_LOW_CONFIDENCE,,,"No SKU among all 237 is objectively superior, but the assigned SKU is not a clear winner: offer words unaccounted for []; name rank 4/237 (58.9).",deterministic,CORRECT_BUT_LOW_CONFIDENCE,"Offer 'Chkn kebab' is unqualified; CKTCK TURKISH CHICKEN KEBAB is the only SKU literally containing 'CHICKEN KEBAB' (rank_rule 3/237, prot=1, fam=1, cat_ok=1), but CKCS '8 CHICKEN SEEKH KEBAB' (63) and CKCSB (60) edge it on name (59) and are equally defensible chicken kebabs without a distinguishing token in the offer.",0,237,,,False,False,False,False
254,AL-KABEEZ Chkn kebab,CKTCK,TURKISH CHICKEN KEBAB,v2_synthetic_by_construction,CORRECT_BUT_LOW_CONFIDENCE,,,"No SKU among all 237 is objectively superior, but the assigned SKU is not a clear winner: offer words unaccounted for []; name rank 3/237 (57.3).",deterministic,CORRECT_BUT_LOW_CONFIDENCE,"Identical situation to row 253: 'Chkn kebab' with no seekh/Turkish qualifier. Assigned CKTCK holds the exact phrase 'CHICKEN KEBAB' and rank_rule 3/237, yet CKCS (63) and CKCSB (60) outscore it on name (57); the near-tie among same-family chicken kebab SKUs is unresolvable from the offer text.",0,237,,,False,False,False,False
255,Alkaberer Chiken tikka,CKTCT,TANDOORI CHICKEN TIKKA,v2_synthetic_by_construction,CORRECT_BUT_LOW_CONFIDENCE,,,"No SKU among all 237 is objectively superior, but the assigned SKU is not a clear winner: offer words unaccounted for []; name rank 3/237 (62.3).",deterministic,CORRECT_BUT_LOW_CONFIDENCE,"Product identity is right (chicken tikka -> TIKKA-TAWOOK, prot=1, fam=1, cat_ok=1), but assigned CKTCT (62) sits below its own bulk twin CKTCTB (64) and below an irrelevant CHICKEN STICKS BULK (66). Retail 240g vs 1kg bulk is unresolvable because the offer states no size, and the low rule rank (35/237) makes the evidence thin.",0,237,,,False,False,False,False
256,AL KABBER CHICKEN tikka,CKTCT,TANDOORI CHICKEN TIKKA,v2_synthetic_by_construction,VERIFIED_CORRECT,,,"Best of all 237 SKUs on name similarity (75.5, margin +3.7); no attribute conflict; pack unknown.",deterministic,VERIFIED_CORRECT,"Offer 'CHICKEN tikka' matches CKTCT TANDOORI CHICKEN TIKKA on protein and product identity; it is rank 1/237 on both name (76) and rule (54) with prot=1, fam=1, var=1, cat_ok=1, ahead of its bulk twin CKTCTB (72) and of the distinct CHICKEN TIKKA MAKHANI ready-meal.",0,237,,,False,False,False,False
257,Alkaberer chicken tikka,CKTCTB,TANDOORI CHICKEN TIKKA BULK,v2_synthetic_by_construction,CORRECT_BUT_LOW_CONFIDENCE,,,"No SKU among all 237 is objectively superior, but the assigned SKU is not a clear winner: offer words unaccounted for []; name rank 3/237 (69.1).",deterministic,CORRECT_BUT_LOW_CONFIDENCE,"Assigned CKTCTB is rank_rule 1/237 and matches chicken tikka identity, but retail CKTCT edges it on name (71 vs 69) and the offer declares no weight, so retail 240g vs 1 Kgs x 5 bulk is a coin-flip between two SKUs that differ only in pack size.",0,237,,,False,False,False,False
258,Al Kaber Chiken tikka,CKTCTB,TANDOORI CHICKEN TIKKA BULK,v2_synthetic_by_construction,CORRECT_BUT_LOW_CONFIDENCE,,,"No SKU among all 237 is objectively superior, but the assigned SKU is not a clear winner: offer words unaccounted for []; name rank 2/237 (71.0).",deterministic,CORRECT_BUT_LOW_CONFIDENCE,"Offer 'Chiken tikka' gives no size; assigned bulk CKTCTB (name 71) and retail CKTCT (72) are effectively tied and are the same product in different packs, so the bulk choice is defensible but unsupported by any evidence in the offer text.",0,237,,,False,False,False,False
259,ALKABEEER Chckn nuggets,CKTN,TANDOORI CHICKEN NUGGETS 270,v2_synthetic_by_construction,INCORRECT,CKN,CHICKEN NUGGETS,"CKN (CHICKEN NUGGETS) is superior: assigned SKU is over-specific: it adds 1 word(s) the offer never states, the replacement adds none. Offer words covered by replacement=['chicken', 'nugget'] vs assigned=['chicken', 'nugget']; over-specific words replacement=0 vs assigned=1; name similarity 76.6 vs 59.8 (+16.8); protein=1 family=1 pack=unknown; spec '270 Gms x 20 Pkts'. All 237 master SKUs were compared before selecting this replacement.",deterministic,INCORRECT,"Offer 'Chckn nuggets' carries no tandoori/flavour qualifier, yet the label asserts CKTN TANDOORI CHICKEN NUGGETS 270 (name 60, rank_name only 14/237). CKN 'CHICKEN NUGGETS' is an exact plain-identity match with the identical 270 Gms x 20 Pkts spec and a far higher name score (77), with prot=1, fam=1, var=1, cat_ok=1.",2,237,,,False,False,False,False
260,Al kbeer Chckn Nugget,CKTN,TANDOORI CHICKEN NUGGETS 270,v2_synthetic_by_construction,INCORRECT,CKN,CHICKEN NUGGETS,"CKN (CHICKEN NUGGETS) is superior: assigned SKU is over-specific: it adds 1 word(s) the offer never states, the replacement adds none. Offer words covered by replacement=['chicken', 'nugget'] vs assigned=['chicken', 'nugget']; over-specific words replacement=0 vs assigned=1; name similarity 74.1 vs 57.6 (+16.5); protein=1 family=1 pack=unknown; spec '270 Gms x 20 Pkts'. All 237 master SKUs were compared before selecting this replacement.",deterministic,INCORRECT,"Offer is plain 'Chckn Nugget' with no flavour qualifier, but assigned CKTN is TANDOORI CHICKEN NUGGETS. CKN (CHICKEN NUGGETS) is the plain equivalent with the identical spec 270 Gms x 20 Pkts and scores name=74 vs 58 for the assigned (assigned ranks only 20/237 on name), so the unstated TANDOORI variant is the sole differentiator and CKN is objectively better.",2,237,,,False,False,False,False
261,Alkabeers Zinger Chckn fillets,CKZF,ZING CHICKEN FILLETS 465,v2_synthetic_by_construction,VERIFIED_CORRECT,,,"Assigned SKU accounts for every distinguishing word in the offer (['chicken', 'fillet', 'zing']) and introduces none the offer does not state; protein/family/variant compatible, pack unknown; no superior SKU exists among all 237.",deterministic,VERIFIED_CORRECT,"Offer 'Zinger Chckn fillets' matches ZING CHICKEN FILLETS 465 on sub-brand (ZING), protein (chicken) and family (FILLETS); assigned is rank 1/237 on both name (80.7) and rule (50.7) with prot=1 fam=1 var=1 cat_ok=1, and no size is stated so the retail 465 g base SKU is the natural default.",0,237,,,False,False,False,False
262,Al Kabee Zing Chicken FILLETS,CKZF,ZING CHICKEN FILLETS 465,v2_synthetic_by_construction,VERIFIED_CORRECT,,,"Best of all 237 SKUs on name similarity (87.0, margin +4.1); no attribute conflict; pack unknown.",deterministic,VERIFIED_CORRECT,"Offer 'Zing Chicken FILLETS' with runtime_category=Chicken maps to CKZF ZING CHICKEN FILLETS 465, rank 1/237 on both name (87.0) and rule (64.1), with sub-brand, protein and family all agreeing and no size/spice qualifier in the offer to prefer any bulk or spicy sibling.",0,237,,,False,False,False,False
263,AL-KABEEZ Chiken stick,CKJS,JUMBO CHICKEN STICKS (BULK),v2_synthetic_by_construction,CORRECT_BUT_LOW_CONFIDENCE,,,"No SKU among all 237 is objectively superior, but the assigned SKU is not a clear winner: offer words unaccounted for []; name rank 2/237 (66.3).",deterministic,INCORRECT,"Offer is plain 'Chiken stick' with no JUMBO qualifier, yet assigned CKJS is JUMBO CHICKEN STICKS (BULK). CCKSB (CHICKEN STICKS BULK) is the plain equivalent at the identical 1 Kgs x 5 Pkts spec and outscores the assigned on name (71 vs 66), so the only distinguishing attribute (JUMBO) is absent from the offer.",0,237,,,False,False,False,False
264,Alkabeers Zinger Chckn fillets,CKZFA,ZING CHICKEN FILLETS BULK (5*1 KG),v2_synthetic_by_construction,INCORRECT,CKZF,ZING CHICKEN FILLETS 465,"CKZF (ZING CHICKEN FILLETS 465) is superior: assigned SKU is over-specific: it adds 1 word(s) the offer never states, the replacement adds none. Offer words covered by replacement=['chicken', 'fillet', 'zing'] vs assigned=['chicken', 'fillet', 'zing']; over-specific words replacement=0 vs assigned=1; name similarity 80.7 vs 73.8 (+6.9); protein=1 family=1 pack=unknown; spec '465 Gms x 12 Pkts'. All 237 master SKUs were compared before selecting this replacement.",deterministic,CORRECT_BUT_LOW_CONFIDENCE,"Assigned CKZFA (ZING CHICKEN FILLETS BULK 5*1 KG) is the right product line but the offer states no size and no bulk/catering cue; CKZF 465 g leads on name (81 vs 74, assigned rank 6/237). Assigned and leader are the same product differing only in an undeclared pack size, so retail-vs-bulk is unresolvable from the text.",2,237,,,False,False,False,False
265,Alkabeers Zinger Chkn fillets,CKZFA5,ZING CHICKEN FILLET BULK 5-OUNCE,v2_synthetic_by_construction,INCORRECT,CKZF,ZING CHICKEN FILLETS 465,"CKZF (ZING CHICKEN FILLETS 465) is superior: assigned SKU is over-specific: it adds 1 word(s) the offer never states, the replacement adds none. Offer words covered by replacement=['chicken', 'fillet', 'zing'] vs assigned=['chicken', 'fillet', 'zing']; over-specific words replacement=0 vs assigned=1; name similarity 78.0 vs 66.9 (+11.1); protein=1 family=1 pack=unknown; spec '465 Gms x 12 Pkts'. All 237 master SKUs were compared before selecting this replacement.",deterministic,CORRECT_BUT_LOW_CONFIDENCE,"Offer 'Zinger Chkn fillets' declares neither BULK nor a 5-OUNCE portion, yet assigned CKZFA5 carries both qualifiers; CKZF (78) and CKZFDATS (78) beat it on name (assigned 67, rank 7/237). Same Zing chicken fillet product line, so only the undeclared pack/portion separates them.",2,237,,,False,False,False,False
266,Alkaberer ZING chicken Fillets,CKZFA5,ZING CHICKEN FILLET BULK 5-OUNCE,v2_synthetic_by_construction,INCORRECT,CKZF,ZING CHICKEN FILLETS 465,"CKZF (ZING CHICKEN FILLETS 465) is superior: assigned SKU is over-specific: it adds 1 word(s) the offer never states, the replacement adds none. Offer words covered by replacement=['chicken', 'fillet', 'zing'] vs assigned=['chicken', 'fillet', 'zing']; over-specific words replacement=0 vs assigned=1; name similarity 86.5 vs 73.2 (+13.4); protein=1 family=1 pack=unknown; spec '465 Gms x 12 Pkts'. All 237 master SKUs were compared before selecting this replacement.",deterministic,CORRECT_BUT_LOW_CONFIDENCE,"Assigned CKZFA5 (ZING CHICKEN FILLET BULK 5-OUNCE) shares sub-brand, protein and family with the offer, but the offer gives no size, and CKZF 465 leads strongly on name (86 vs 73, assigned rank 7/237). The difference is an undeclared bulk/portion spec on an otherwise identical product line.",2,237,,,False,False,False,False
267,Al kbeer Zinger Chiken fillets 2X700GM,CKZFBC,Butter Chicken Zing Fillets 700 g. x 8,v2_synthetic_by_construction,INCORRECT,CKZFDA5,Zing Chicken Fillets 5-Ounce,"CKZFDA5 (Zing Chicken Fillets 5-Ounce) is superior: assigned SKU is over-specific: it adds 1 word(s) the offer never states, the replacement adds none. Offer words covered by replacement=['chicken', 'fillet', 'zing'] vs assigned=['chicken', 'fillet', 'zing']; over-specific words replacement=0 vs assigned=1; name similarity 70.6 vs 64.9 (+5.7); protein=1 family=1 pack=compatible; spec '750 GMS X 8 PKT'. All 237 master SKUs were compared before selecting this replacement.",deterministic,CORRECT_BUT_LOW_CONFIDENCE,"Offer declares 2X700GM and CKZFBC is the only 700 g Zing fillet SKU (pack=compatible), while the higher-name CKZF 465 and CKZFA 1 kg are both pack=INCOMPATIBLE. However the assigned SKU's 'Butter Chicken' flavour is nowhere in the offer, and the 750 g Zing fillets also pass the 10% tolerance, leaving a genuine tie between exact weight and plain flavour.",1,237,,,False,False,False,False
268,Alkabeers ZING Chkn fillets 700 grams,CKZFBC,Butter Chicken Zing Fillets 700 g. x 8,v2_synthetic_by_construction,INCORRECT,CKZF,ZING CHICKEN FILLETS 465,"CKZF (ZING CHICKEN FILLETS 465) is superior: assigned SKU is over-specific: it adds 1 word(s) the offer never states, the replacement adds none. Offer words covered by replacement=['chicken', 'fillet', 'zing'] vs assigned=['chicken', 'fillet', 'zing']; over-specific words replacement=0 vs assigned=1; name similarity 73.5 vs 63.2 (+10.3); protein=1 family=1 pack=unknown; spec '465 Gms x 12 Pkts'. All 237 master SKUs were compared before selecting this replacement.",deterministic,CORRECT_BUT_LOW_CONFIDENCE,"Offer states 700 grams and CKZFBC is the only 700 g. x 8 Zing fillet SKU, which justifies the label over the 750 g siblings that lead on name (CKZFDA 79, CKZFDATS 78 vs assigned 63, rank 11/237). The unstated 'Butter Chicken' flavour on the assigned SKU keeps this genuinely ambiguous.",2,237,,,False,False,False,False
269,Al Kabee ZINGER Chckn Fillets HOT & SPICY,CKZFDA,ZING CHICKEN FILLETS SPICY 750 GRM,v2_synthetic_by_construction,CORRECT_BUT_LOW_CONFIDENCE,,,"No SKU among all 237 is objectively superior, but the assigned SKU is not a clear winner: offer words unaccounted for ['kabee']; name rank 3/237 (72.5).",deterministic,VERIFIED_CORRECT,"Offer names ZINGER (Zing sub-brand), chicken, fillets and HOT & SPICY; CKZFDA is ZING CHICKEN FILLETS SPICY, matching sub-brand, family and spice variant. The higher-name contender CKBCFH is the BREADED line (different sub-brand/coating) and CKZFNS is explicitly NON-SPICY, so both are excluded by the offer's own wording.",0,237,,,False,False,False,False
270,Al kbeer ZINGER Chiken Fillet spicy,CKZFDA,ZING CHICKEN FILLETS SPICY 750 GRM,v2_synthetic_by_construction,CORRECT_BUT_LOW_CONFIDENCE,,,"Assigned SKU carries rule defect(s) ['family_contradiction'], but no SKU among all 237 is objectively superior, so no replacement is justified.",deterministic,VERIFIED_CORRECT,"Offer 'ZINGER Chiken Fillet spicy' agrees with CKZFDA on sub-brand (ZING), protein, family (FILLETS) and spice variant; assigned is joint top on name (78.8) and rank 2/237 on rule. The tied contender CKZFNS is NON-SPICY, directly contradicted by the offer. fam=0 here is the known family-flag artifact, not a real conflict.",0,237,family_contradiction,,False,False,False,False
271,AL-KABEEZ Zing CHICKEN Fillet,CKZFDA5,Zing Chicken Fillets 5-Ounce,v2_synthetic_by_construction,CORRECT_BUT_LOW_CONFIDENCE,,,"Assigned SKU carries rule defect(s) ['family_contradiction'], but no SKU among all 237 is objectively superior, so no replacement is justified.",deterministic,CORRECT_BUT_LOW_CONFIDENCE,"Offer 'Zing CHICKEN Fillet' carries no portion or size cue, yet assigned CKZFDA5 is the 5-Ounce 750 g variant; CKZF 465 leads on name (80 vs 74, assigned rank 6/237). Same Zing chicken fillet product, differing only by an undeclared portion/pack, so the choice is not resolvable from the text.",0,237,family_contradiction,,False,False,False,False
272,ALKABEEER zing Chkn FILLETS,CKZFDA5,Zing Chicken Fillets 5-Ounce,v2_synthetic_by_construction,CORRECT_BUT_LOW_CONFIDENCE,,,"Assigned SKU accounts for every distinguishing word in the offer (['chicken', 'fillet', 'zing']) and introduces none the offer does not state; protein/family/variant compatible, pack unknown; no superior SKU exists among all 237.",deterministic+agent_downgrade,CORRECT_BUT_LOW_CONFIDENCE,"Assigned CKZFDA5 matches sub-brand, protein and family and ranks 2/237 on name (70.2), but the offer states no 5-Ounce portion or 750 g size and CKZF 465 leads at name=75. Undeclared size/portion is the only separator between the two.",0,237,,,False,False,False,False
273,AL KABBER ZING Chicken Fillet,CKZFDATS,Zing Chicken Fillets Tamiya,v2_synthetic_by_construction,INCORRECT,CKZF,ZING CHICKEN FILLETS 465,"CKZF (ZING CHICKEN FILLETS 465) is superior: assigned SKU is over-specific: it adds 1 word(s) the offer never states, the replacement adds none. Offer words covered by replacement=['chicken', 'fillet', 'zing'] vs assigned=['chicken', 'fillet', 'zing']; over-specific words replacement=0 vs assigned=1; name similarity 79.8 vs 77.5 (+2.2); protein=1 family=0 pack=unknown; spec '465 Gms x 12 Pkts'. All 237 master SKUs were compared before selecting this replacement.",deterministic,CORRECT_BUT_LOW_CONFIDENCE,"Assigned CKZFDATS matches ZING + chicken + FILLETS and is rank 2/237 on name (77.5), only 2.5 points behind CKZF (80). The 'Tamiya' descriptor is absent from the offer, but the plain alternative also changes the size (465 g vs 750 g) that the offer never states, so the delta is too weak to flip.",1,237,family_contradiction,,False,False,False,False
274,Al kbeer ZING Chiken fillets,CKZFDATS,Zing Chicken Fillets Tamiya,v2_synthetic_by_construction,INCORRECT,CKZF,ZING CHICKEN FILLETS 465,"CKZF (ZING CHICKEN FILLETS 465) is superior: assigned SKU is over-specific: it adds 1 word(s) the offer never states, the replacement adds none. Offer words covered by replacement=['chicken', 'fillet', 'zing'] vs assigned=['chicken', 'fillet', 'zing']; over-specific words replacement=0 vs assigned=1; name similarity 80.7 vs 76.0 (+4.7); protein=1 family=1 pack=unknown; spec '465 Gms x 12 Pkts'. All 237 master SKUs were compared before selecting this replacement.",deterministic,CORRECT_BUT_LOW_CONFIDENCE,"Offer 'ZING Chiken fillets' agrees with CKZFDATS on sub-brand, protein and family (name 76.0, rank 2/237), but the 'Tamiya' qualifier is unstated and CKZF leads at 81 while also differing in size (465 g vs 750 g) that the offer omits. Near-tie with several 750 g Zing fillet siblings.",1,237,,,False,False,False,False
275,Al Kabee ZINGER Chiken Filets Non Spicy,CKZFNS,ZING CHICKEN FILLET NON-SPICY,v2_synthetic_by_construction,CORRECT_BUT_LOW_CONFIDENCE,,,"No SKU among all 237 is objectively superior, but the assigned SKU is not a clear winner: offer words unaccounted for ['kabee']; name rank 1/237 (79.7).",deterministic,VERIFIED_CORRECT,"Offer explicitly says ZINGER, chicken, fillets and 'Non Spicy'; CKZFNS is ZING CHICKEN FILLET NON-SPICY and is rank 1/237 on both name (79.7) and rule (57.4). The spice variant, sub-brand and family all agree and the spicy siblings are ruled out by the offer text.",0,237,,,False,False,False,False
276,Alkabheer ZINGER chicken fillets NOSPICY,CKZFNS,ZING CHICKEN FILLET NON-SPICY,v2_synthetic_by_construction,VERIFIED_CORRECT,,,"Assigned SKU accounts for every distinguishing word in the offer (['chicken', 'fillet', 'nonspicy', 'zing']) and introduces none the offer does not state; protein/family/variant compatible, pack unknown; no superior SKU exists among all 237.",deterministic,VERIFIED_CORRECT,"Offer 'ZINGER chicken fillets NOSPICY' matches CKZFNS on sub-brand, protein, family and the non-spicy variant; assigned is rank 1/237 on both name (82.1) and rule (57.9), ahead of the spicy and breaded alternatives.",0,237,,,False,False,False,False
277,AL-KABEEZ Zinger Chkn lollipop,CKZL,ZING CHICKEN LOLLIPOP 420,v2_synthetic_by_construction,VERIFIED_CORRECT,,,"Assigned SKU accounts for every distinguishing word in the offer (['chicken', 'lollipop', 'zing']) and introduces none the offer does not state; protein/family/variant compatible, pack unknown; no superior SKU exists among all 237.",deterministic,VERIFIED_CORRECT,"Offer names Zinger chicken lollipop and CKZL is ZING CHICKEN LOLLIPOP 420, rank 1/237 on both name (72.7) and rule (45.8). The only other lollipop SKU is the bulk CKZLA (name 65) and the offer gives no bulk/1 kg cue, so the retail 420 g base SKU is correct.",0,237,,,False,False,False,False
278,Alkabeers Zinger Chkn lollipop,CKZL,ZING CHICKEN LOLLIPOP 420,v2_synthetic_by_construction,VERIFIED_CORRECT,,,"Assigned SKU accounts for every distinguishing word in the offer (['chicken', 'lollipop', 'zing']) and introduces none the offer does not state; protein/family/variant compatible, pack unknown; no superior SKU exists among all 237.",deterministic,VERIFIED_CORRECT,"Offer 'Zinger Chkn lollipop' matches CKZL on sub-brand (ZING), protein and product identity (LOLIPOP), rank 1/237 on name (79.0) and rule (47.1), clearly ahead of the bulk CKZLA (71) with no bulk indicator in the offer.",0,237,,,False,False,False,False
279,Alkaberer ZING chicken FILLETS (1 kg),CKZFA,ZING CHICKEN FILLETS BULK (5*1 KG),v2_synthetic_by_construction,CORRECT_BUT_LOW_CONFIDENCE,,,"No SKU among all 237 is objectively superior, but the assigned SKU is not a clear winner: offer words unaccounted for []; name rank 5/237 (77.3).",deterministic,VERIFIED_CORRECT,"Offer declares '(1 kg)' and CKZFA is the plain ZING CHICKEN FILLETS BULK 5*1 KG at exactly 1 Kgs x 5 Pkts with pack=compatible, while every higher-name contender (CKZF 465, CKZFDA5 750, CKZFDATS 750, CKBCF 450) is pack=INCOMPATIBLE. Assigned is also rank 1/237 on rule with cat_ok=1.",0,237,,,False,False,False,False
280,AL-KABEEZ chicken nuggets,CKJCNA,JUMBO CHICKEN NUGGETS,v2_synthetic_by_construction,INCORRECT,CKN,CHICKEN NUGGETS,"CKN (CHICKEN NUGGETS) is superior: assigned SKU is over-specific: it adds 1 word(s) the offer never states, the replacement adds none. Offer words covered by replacement=['chicken', 'nugget'] vs assigned=['chicken', 'nugget']; over-specific words replacement=0 vs assigned=1; name similarity 91.7 vs 81.2 (+10.4); protein=1 family=1 pack=unknown; spec '270 Gms x 20 Pkts'. All 237 master SKUs were compared before selecting this replacement.",deterministic,INCORRECT,"Offer 'AL-KABEEZ chicken nuggets' states no JUMBO qualifier, yet the assigned SKU is the JUMBO product line (1 kg x 5 catering pack). Plain CKN 'CHICKEN NUGGETS' is an exact product-identity match and outranks the assigned SKU on both signals (name 92 vs 81, rule 62 vs 61), meeting the >=85 name threshold on an identity-matching contender.",1,237,,,False,False,False,False
281,ALKABEEER Chiken Nuggts,CKJCNA,JUMBO CHICKEN NUGGETS,v2_synthetic_by_construction,INCORRECT,CKN,CHICKEN NUGGETS,"CKN (CHICKEN NUGGETS) is superior: assigned SKU is over-specific: it adds 1 word(s) the offer never states, the replacement adds none. Offer words covered by replacement=['chicken', 'nuggt'] vs assigned=['chicken', 'nuggt']; over-specific words replacement=0 vs assigned=1; name similarity 76.6 vs 66.1 (+10.5); protein=1 family=1 pack=unknown; spec '270 Gms x 20 Pkts'. All 237 master SKUs were compared before selecting this replacement.",deterministic,INCORRECT,"Offer 'ALKABEEER Chiken Nuggts' contains no 'jumbo' token, but the assigned CKJCNA is the JUMBO line. Plain CKN 'CHICKEN NUGGETS' matches the stated product exactly and beats the assigned SKU on both name (77 vs 66, rank 1 vs 6) and rule (42 vs 39), so the unqualified base SKU is objectively the better label for an unqualified offer.",1,237,,,False,False,False,False
282,AL-KABEEZ Tayebat CHICKEN fillets Non Spicy,CKFNSTY,TAYEBAT BREADED CHICKEN FILLETS NON SPICY 1 kg x 10 Pkts,v2_synthetic_by_construction,VERIFIED_CORRECT,,,"Best of all 237 SKUs on name similarity (80.1, margin +4.7); no attribute conflict; pack unknown.",deterministic,VERIFIED_CORRECT,"Every discriminating token in 'Tayebat CHICKEN fillets Non Spicy' is present in CKFNSTY (TAYEBAT sub-brand, chicken fillets family, NON-SPICY variant); it is rank 1/237 on both name (80) and rule (65), and the nearest contenders differ on spice (CKBCFH hot n spicy) or sub-brand (ZING).",0,237,,,False,False,False,False
283,Al Kaber Chckn fries,CCF,CHICKEN FRIES,v2_synthetic_by_construction,CORRECT_BUT_LOW_CONFIDENCE,,,"Assigned SKU accounts for every distinguishing word in the offer (['chicken', 'frie']) and introduces none the offer does not state; protein/family/variant compatible, pack unknown; no superior SKU exists among all 237.",deterministic+agent_downgrade,CORRECT_BUT_LOW_CONFIDENCE,"CCF 'CHICKEN FRIES' is the exact product-identity match for 'Chckn fries' and ranks 1/237 on name (75), and no better SKU exists (the cat_ok=1 alternatives VFAPR/VFFA/VWF are potato french fries, a different product). However cat_ok=0: the offer was routed to runtime_category=Potato, so the deployed candidate generator could never surface this chicken pair, and retail CCF vs bulk CCFA (71) is unresolved because the offer states no size.",0,237,,category_gate_unreachable,False,False,True,False
284,Alkabheer Chkn fries,CCF,CHICKEN FRIES,v2_synthetic_by_construction,CORRECT_BUT_LOW_CONFIDENCE,,,"Assigned SKU accounts for every distinguishing word in the offer (['chicken', 'frie']) and introduces none the offer does not state; protein/family/variant compatible, pack unknown; no superior SKU exists among all 237.",deterministic+agent_downgrade,CORRECT_BUT_LOW_CONFIDENCE,"Product identity 'Chkn fries' -> CHICKEN FRIES is right, but CCF and CCFA are dead-tied on name (69 vs 69) with CCFA ahead on rule (39 vs 36) and the offer declares no pack size, so retail-vs-bulk is unresolvable. cat_ok=0 (runtime_category=Potato) additionally makes the pair unreachable by the deployed pipeline.",0,237,,category_gate_unreachable,False,False,True,False
285,Alkaberer Chiken fries,CCFA,CHICKEN FRIES BULK,v2_synthetic_by_construction,INCORRECT,CCF,CHICKEN FRIES,"CCF (CHICKEN FRIES) is superior: assigned SKU is over-specific: it adds 1 word(s) the offer never states, the replacement adds none. Offer words covered by replacement=['chicken', 'frie'] vs assigned=['chicken', 'frie']; over-specific words replacement=0 vs assigned=1; name similarity 77.7 vs 76.7 (+1.0); protein=1 family=1 pack=unknown; spec '12 PKTS X 400 GRM'. All 237 master SKUs were compared before selecting this replacement.",deterministic,CORRECT_BUT_LOW_CONFIDENCE,"Assigned CCFA (BULK) and CCF (400g retail) are the same product differing only in a pack the offer 'Alkaberer Chiken fries' never states, and they are near-tied on name (77 vs 78) with CCFA ahead on rule (42 vs 38). cat_ok=0 from the Potato category routing means the deployed generator could never produce this pair.",1,237,,category_gate_unreachable,False,False,True,False
286,Al kbeer chicken fries,CCFA,CHICKEN FRIES BULK,v2_synthetic_by_construction,INCORRECT,CCF,CHICKEN FRIES,"CCF (CHICKEN FRIES) is superior: assigned SKU is over-specific: it adds 1 word(s) the offer never states, the replacement adds none. Offer words covered by replacement=['chicken', 'frie'] vs assigned=['chicken', 'frie']; over-specific words replacement=0 vs assigned=1; name similarity 91.4 vs 80.9 (+10.5); protein=1 family=1 pack=unknown; spec '12 PKTS X 400 GRM'. All 237 master SKUs were compared before selecting this replacement.",deterministic,CORRECT_BUT_LOW_CONFIDENCE,"Chicken-fries identity is confirmed (prot=1, fam=1, cat_ok=1), but the offer 'Al kbeer chicken fries' declares no size and the retail SKU CCF outscores the assigned bulk CCFA on name (91 vs 81) with rule tied at 57; per the same-product/undeclared-size rule this is a bulk-vs-retail ambiguity rather than a wrong label.",1,237,,,False,False,False,False
287,Al kbeer CHICKEN stick,CCKSB,CHICKEN STICKS BULK,v2_synthetic_by_construction,VERIFIED_CORRECT,,,"Best of all 237 SKUs on name similarity (77.5, margin +6.8); no attribute conflict; pack unknown.",deterministic,VERIFIED_CORRECT,"CCKSB 'CHICKEN STICKS BULK' is rank 1/237 on name (78) for 'CHICKEN stick', with matching protein and STICKS family; the only closer-named alternatives add qualifiers absent from the offer (JUMBO, HOT & SPICY, & CHEESE) and no plain non-bulk chicken-sticks SKU exists in the slate.",0,237,,,False,False,False,False
288,AL KABBER chicken stick Hot & Spicy,CCKSHA,CHICKEN STICK BULK HOT & SPICY,v2_synthetic_by_construction,VERIFIED_CORRECT,,,"Best of all 237 SKUs on name similarity (84.3, margin +11.6); no attribute conflict; pack unknown.",deterministic,VERIFIED_CORRECT,"Offer explicitly states 'chicken stick Hot & Spicy'; CCKSHA matches product identity, protein and the HOT & SPICY variant, and is rank 1/237 on both name (84) and rule (63), clearly ahead of the cheese-containing (CKCCNS 73) and nugget (CKNHSD 72) contenders.",0,237,,,False,False,False,False
289,Alkaberer chicken stick SPICY,CCKSHA,CHICKEN STICK BULK HOT & SPICY,v2_synthetic_by_construction,CORRECT_BUT_LOW_CONFIDENCE,,,"No SKU among all 237 is objectively superior, but the assigned SKU is not a clear winner: offer words unaccounted for []; name rank 1/237 (73.0).",deterministic,VERIFIED_CORRECT,"'chicken stick SPICY' matches CCKSHA on protein, STICKS family and the spicy variant; it is rank 1/237 on rule (60) and tied top on name (73) with CKCCSHA, which is excluded because the offer never mentions cheese.",0,237,,,False,False,False,False
290,Alkabheer cheese stick,CCMS,MOZZERELLA CHEESE STICKS,v2_synthetic_by_construction,CORRECT_BUT_LOW_CONFIDENCE,,,"No SKU among all 237 is objectively superior, but the assigned SKU is not a clear winner: offer words unaccounted for []; name rank 4/237 (65.4).",deterministic,CORRECT_BUT_LOW_CONFIDENCE,"'cheese stick' maps to the mozzarella cheese sticks line (chicken-and-cheese variants are excluded since no chicken is named), but CCMS (250g x24) and CCMSA (1kg x5) are the identical product at two pack sizes and are effectively tied (name 65 vs 67, rule 37 vs 37) with the offer declaring no weight.",0,237,,,False,False,False,False
291,Alkabeers cheese stick,CCMS,MOZZERELLA CHEESE STICKS,v2_synthetic_by_construction,CORRECT_BUT_LOW_CONFIDENCE,,,"No SKU among all 237 is objectively superior, but the assigned SKU is not a clear winner: offer words unaccounted for []; name rank 2/237 (76.6).",deterministic,CORRECT_BUT_LOW_CONFIDENCE,"Assigned CCMS is exactly tied with CCMSA on both signals (name 77/77, rule 45/45) and the two differ only in pack size, which 'Alkabeers cheese stick' does not state; CKCCS scores marginally higher (78) but is chicken & cheese, a different product the offer does not name.",0,237,,,False,False,False,False
292,Alkaberer cheese stick,CCMSA,MOZZARELLA CHEESE STICKS,v2_synthetic_by_construction,CORRECT_BUT_LOW_CONFIDENCE,,,"No SKU among all 237 is objectively superior, but the assigned SKU is not a clear winner: offer words unaccounted for []; name rank 1/237 (66.9).",deterministic,CORRECT_BUT_LOW_CONFIDENCE,"Mozzarella cheese sticks identity is correct, but CCMSA (1000g x5) and CCMS (250g x24) are perfectly tied (name 67/67, rule 36/36) and the offer 'Alkaberer cheese stick' gives no weight or bulk cue to separate them.",0,237,,,False,False,False,False
293,Alkabheer Cheese SAMOSAS,CCSAK,12 CHEESE SAMOSAS,v2_synthetic_by_construction,CORRECT_BUT_LOW_CONFIDENCE,,,"Assigned SKU accounts for every distinguishing word in the offer (['cheese', 'samosa']) and introduces none the offer does not state; protein/family/variant compatible, pack unknown; no superior SKU exists among all 237.",deterministic+agent_downgrade,CORRECT_BUT_LOW_CONFIDENCE,"CCSAK '12 CHEESE SAMOSAS' is rank 1/237 on name (86) and matches the plain (non-Kiri, non-AK-PRO) cheese samosa identity, but CCSAKA 'CHEESE SAMOSAS BULK' is a near-tie (name 83, higher rule 61 vs 58) and is the same product in a catering pack that the offer neither states nor excludes.",0,237,,,False,False,False,False
294,Alkabheer CHEESE Samosa,CCSAKA,CHEESE SAMOSAS BULK,v2_synthetic_by_construction,CORRECT_BUT_LOW_CONFIDENCE,,,"No SKU among all 237 is objectively superior, but the assigned SKU is not a clear winner: offer words unaccounted for []; name rank 2/237 (77.9).",deterministic,CORRECT_BUT_LOW_CONFIDENCE,"Plain 'CHEESE Samosa' correctly excludes chicken/vegetable variants, but the four cheese-samosa SKUs are bunched within 2 name points (CCSK 79, assigned CCSAKA 78, CCSAKPR 78, CCSAK 77); the offer names neither KIRI nor AK PRO nor a pack size, so bulk-vs-retail for the plain line is genuinely unresolvable.",0,237,,,False,False,False,False
295,Alkabeers Cheese samosas,CCSAKA,CHEESE SAMOSAS BULK,v2_synthetic_by_construction,INCORRECT,CCSAK,12 CHEESE SAMOSAS,"CCSAK (12 CHEESE SAMOSAS) is superior: assigned SKU is over-specific: it adds 1 word(s) the offer never states, the replacement adds none. Offer words covered by replacement=['cheese', 'samosa'] vs assigned=['cheese', 'samosa']; over-specific words replacement=0 vs assigned=1; name similarity 91.7 vs 88.9 (+2.8); protein=1 family=1 pack=unknown; spec '240 Gms x 20 Pkts'. All 237 master SKUs were compared before selecting this replacement.",deterministic,CORRECT_BUT_LOW_CONFIDENCE,"Cheese-samosa identity is solid (rule rank 2, name 89), but CCSAK '12 CHEESE SAMOSAS' edges the assigned bulk SKU on both signals (name 92 vs 89, rule 68 vs 67) and the two differ only in the pack size that 'Alkabeers Cheese samosas' never declares.",1,237,,,False,False,False,False
296,ALKABEEER A/K Pro Cheese Sambosa,CCSAKPR,A.K PRO CHEESE SAMOSA,v2_synthetic_by_construction,VERIFIED_CORRECT,,,"Assigned SKU accounts for every distinguishing word in the offer (['cheese', 'pro', 'samosa']) and introduces none the offer does not state; protein/family/variant compatible, pack unknown; no superior SKU exists among all 237.",deterministic,VERIFIED_CORRECT,"The offer explicitly carries the 'A/K Pro' sub-brand plus cheese samosa ('Sambosa'), matching CCSAKPR on sub-brand, filling and SAMOSA family; it is rank 1/237 on both name (81) and rule (61), ahead of AK PRO CHICKEN SAMOSA (69, wrong protein) and the non-AK-PRO cheese samosas.",0,237,,,False,False,False,False
297,Alkabheer AK Pro cheese SAMOSAS,CCSAKPR,A.K PRO CHEESE SAMOSA,v2_synthetic_by_construction,CORRECT_BUT_LOW_CONFIDENCE,,,"Assigned SKU carries rule defect(s) ['family_contradiction'], but no SKU among all 237 is objectively superior, so no replacement is justified.",deterministic,VERIFIED_CORRECT,"'AK Pro cheese SAMOSAS' names the AK PRO sub-brand explicitly, which only CCSAKPR (cheese) and CKSAPR (chicken) carry; cheese wins on filling and it is rank 1/237 on both name (83) and rule (62). The fam=0 flag is the known family-phrase artifact, not a real family conflict, since fam4=SAMOSA agrees with the offer text.",0,237,family_contradiction,,False,False,False,False
298,Al Kaber CHEESE Samosa,CCSK,KIRI CHEESE SAMOSA,v2_synthetic_by_construction,CORRECT_BUT_LOW_CONFIDENCE,,,"Best of all 237 SKUs on name similarity (84.9, margin +4.4); no attribute conflict; pack unknown.",deterministic+agent_downgrade,CORRECT_BUT_LOW_CONFIDENCE,"CCSK is rank 1/237 on both name (85) and rule (59) for 'CHEESE Samosa', but the offer never says KIRI, and the plain-line CCSAK/CCSAKA (both name 78, rule 58/59) are only marginally behind, so an unstated sub-brand is being assumed on a near-tie.",0,237,,,False,False,False,False
299,Al kbeer cheese Samosas,CCSK,KIRI CHEESE SAMOSA,v2_synthetic_by_construction,INCORRECT,CCSAK,12 CHEESE SAMOSAS,"CCSAK (12 CHEESE SAMOSAS) is superior: assigned SKU is over-specific: it adds 1 word(s) the offer never states, the replacement adds none. Offer words covered by replacement=['cheese', 'samosa'] vs assigned=['cheese', 'samosa']; over-specific words replacement=0 vs assigned=1; name similarity 86.4 vs 81.4 (+4.9); protein=1 family=1 pack=unknown; spec '240 Gms x 20 Pkts'. All 237 master SKUs were compared before selecting this replacement.",deterministic,INCORRECT,"The offer 'Al kbeer cheese Samosas' carries no KIRI sub-brand, yet the assigned CCSK is the Kiri line. The plain-identity CCSAK '12 CHEESE SAMOSAS' matches the offer exactly and beats the assigned SKU on both signals (name 86 vs 81, rule 60 vs 54), clearing the >=85 identity-matching-contender threshold; CCSAKA (82) also outranks the assigned SKU.",1,237,family_contradiction,,False,False,False,False
300,Alkabheer Cheese Samosa 240 g,CCSKJP,Kiri Cheese & Jalapeño Samosas 240 g. X 20,v2_synthetic_by_construction,INCORRECT,CCSAK,12 CHEESE SAMOSAS,"CCSAK (12 CHEESE SAMOSAS) is superior: assigned SKU is over-specific: it adds 2 word(s) the offer never states, the replacement adds none. Offer words covered by replacement=['cheese', 'samosa'] vs assigned=['cheese', 'samosa']; over-specific words replacement=0 vs assigned=2; name similarity 76.8 vs 53.4 (+23.4); protein=1 family=1 pack=compatible; spec '240 Gms x 20 Pkts'. All 237 master SKUs were compared before selecting this replacement.",deterministic,INCORRECT,"Offer is plain 'Cheese Samosa 240 g' with no flavour qualifier, but the assigned CCSKJP is the Kiri Cheese & JALAPENO variant (assigned name=53, rank 10/237). CCSAK '12 CHEESE SAMOSAS' 240 Gms x 20 Pkts is plain cheese samosa at exactly the stated 240 g (name=77, pack=compatible, cat_ok=1), so it matches product identity and size without inventing a jalapeno flavour.",1,237,,,False,False,False,False
301,Al Kaber Cheese SAMOSAS,CCSKJP,Kiri Cheese & Jalapeño Samosas 240 g. X 20,v2_synthetic_by_construction,INCORRECT,CCSAK,12 CHEESE SAMOSAS,"CCSAK (12 CHEESE SAMOSAS) is superior: assigned SKU is over-specific: it adds 2 word(s) the offer never states, the replacement adds none. Offer words covered by replacement=['cheese', 'samosa'] vs assigned=['cheese', 'samosa']; over-specific words replacement=0 vs assigned=2; name similarity 86.4 vs 64.2 (+22.1); protein=1 family=1 pack=unknown; spec '240 Gms x 20 Pkts'. All 237 master SKUs were compared before selecting this replacement.",deterministic,INCORRECT,"Offer 'Cheese SAMOSAS' names no flavour or sub-brand, yet assigned CCSKJP is Kiri Cheese & Jalapeno (name=64). Contender CCSAK '12 CHEESE SAMOSAS' scores name=86 (rank 1) with identical product identity, prot=1 fam=1 var=1 cat_ok=1 — a >=85 name score on an exactly matching plain-cheese-samosa SKU beats a flavoured variant.",1,237,,,False,False,False,False
302,Al Kabee CHEESE Samosa,CCSKZR,Kiri Cheese & Zaatar Samosas 240 g. X 20,v2_synthetic_by_construction,INCORRECT,CCSAK,12 CHEESE SAMOSAS,"CCSAK (12 CHEESE SAMOSAS) is superior: assigned SKU is over-specific: it adds 2 word(s) the offer never states, the replacement adds none. Offer words covered by replacement=['cheese', 'samosa'] vs assigned=['cheese', 'samosa']; over-specific words replacement=0 vs assigned=2; name similarity 78.0 vs 54.1 (+23.9); protein=1 family=1 pack=unknown; spec '240 Gms x 20 Pkts'. All 237 master SKUs were compared before selecting this replacement.",deterministic,INCORRECT,"Offer 'CHEESE Samosa' carries no zaatar/sub-brand token, but assigned CCSKZR is the Kiri Cheese & ZAATAR variant (name=54, rank 16/237). Plain CCSAK '12 CHEESE SAMOSAS' scores name=78 with no unstated flavour variant and is a reachable Dough/SAMOSA pair (cat_ok=1), making it objectively the better label.",1,237,,,False,False,False,False
303,Al Kaber Cheese samosas 3 x 240g,CCSKZR,Kiri Cheese & Zaatar Samosas 240 g. X 20,v2_synthetic_by_construction,INCORRECT,CCSAK,12 CHEESE SAMOSAS,"CCSAK (12 CHEESE SAMOSAS) is superior: assigned SKU is over-specific: it adds 2 word(s) the offer never states, the replacement adds none. Offer words covered by replacement=['cheese', 'samosa'] vs assigned=['cheese', 'samosa']; over-specific words replacement=0 vs assigned=2; name similarity 83.3 vs 67.9 (+15.5); protein=1 family=1 pack=compatible; spec '240 Gms x 20 Pkts'. All 237 master SKUs were compared before selecting this replacement.",deterministic,INCORRECT,"Offer 'Cheese samosas 3 x 240g' states only plain cheese samosa at 240 g; assigned CCSKZR adds an unstated ZAATAR flavour (name=68). CCSAK '12 CHEESE SAMOSAS' 240 Gms x 20 Pkts scores name=83 (rank 1), is pack=compatible with the declared 240 g, and matches the product identity exactly.",1,237,,,False,False,False,False
304,Al Kaber cheese spring rolls,CCSRA,8 CHEESE SPRING ROLLS,v2_synthetic_by_construction,VERIFIED_CORRECT,,,"Assigned SKU accounts for every distinguishing word in the offer (['cheese', 'roll', 'spring']) and introduces none the offer does not state; protein/family/variant compatible, pack unknown; no superior SKU exists among all 237.",deterministic,VERIFIED_CORRECT,"Offer 'cheese spring rolls' maps to CCSRA '8 CHEESE SPRING ROLLS' with name=91 and rule=63, both rank 1/237, fam4=SPRING ROLL, prot/fam/var all 1 and cat_ok=1; the next contenders are chicken or vegetable spring rolls, which conflict on filling.",0,237,,,False,False,False,False
305,AL KABBER CHEESE spring rolls,CCSRA,8 CHEESE SPRING ROLLS,v2_synthetic_by_construction,VERIFIED_CORRECT,,,"Assigned SKU accounts for every distinguishing word in the offer (['cheese', 'roll', 'spring']) and introduces none the offer does not state; protein/family/variant compatible, pack unknown; no superior SKU exists among all 237.",deterministic,VERIFIED_CORRECT,"Same construction as row 304: 'CHEESE spring rolls' vs CCSRA '8 CHEESE SPRING ROLLS', name=91 rank 1/237 and rule rank 1/237, cat_ok=1; runner-up CKSR is chicken-filled (name=74) so the cheese identity decides it.",0,237,,,False,False,False,False
306,Al Kaber Beef frank,CFB,BEEF FRANKS,v2_synthetic_by_construction,VERIFIED_CORRECT,,,"Assigned SKU accounts for every distinguishing word in the offer (['beef', 'frank']) and introduces none the offer does not state; protein/family/variant compatible, pack unknown; no superior SKU exists among all 237.",deterministic,VERIFIED_CORRECT,"Offer 'Beef frank' matches CFB 'BEEF FRANKS' (fam4=SAUSAGES) at name=76 and rule=48, both rank 1/237, prot=1 beef-to-beef, cat_ok=1; every other contender is a burger/kebab/cube, a different product family.",0,237,,,False,False,False,False
307,Al Kabee Beef frank,CFB,BEEF FRANKS,v2_synthetic_by_construction,VERIFIED_CORRECT,,,"Best of all 237 SKUs on name similarity (76.2, margin +19.4); no attribute conflict; pack unknown.",deterministic,VERIFIED_CORRECT,"'Beef frank' again resolves to CFB 'BEEF FRANKS', name=76 rank 1/237, prot=1 and cat_ok=1; the only other frank in the slate is VFDC Chicken Frank, which has prot=0 (protein conflict) and cat_ok=0, so it is unreachable and wrong on protein.",0,237,,,False,False,False,False
308,Al kbeer fish Filets,CFBF,BREADED FISH FILLET,v2_synthetic_by_construction,CORRECT_BUT_LOW_CONFIDENCE,,,"No SKU among all 237 is objectively superior, but the assigned SKU is not a clear winner: offer words unaccounted for []; name rank 2/237 (67.7).",deterministic,CORRECT_BUT_LOW_CONFIDENCE,"Offer 'fish Filets' states no coating, sub-brand or size, so several fillet SKUs are defensible: FSAPR scores higher (name=75) but carries the AK PRO sub-brand absent from the offer, and FCD/FSFT/CFZFB add CREAM DORI/TABARRUK/ZING qualifiers. Assigned CFBF (BREADED FISH FILLET, name=68, rank 2/237, prot=1, cat_ok=1) is the plain retail Al Kabeer fish fillet and remains the most plausible, though 'breaded' is unstated.",0,237,,,False,False,False,False
309,Alkabeers FISH Fillets,CFBF,BREADED FISH FILLET,v2_synthetic_by_construction,CORRECT_BUT_LOW_CONFIDENCE,,,"No SKU among all 237 is objectively superior, but the assigned SKU is not a clear winner: offer words unaccounted for []; name rank 4/237 (75.2).",deterministic,CORRECT_BUT_LOW_CONFIDENCE,"Assigned CFBF has name=75 but three contenders score higher (FCD=84 CREAM DORI, CFZFB=84 ZING MILD SPICY, FSAPR=81 AK PRO); each of those adds a sub-brand or fish-type qualifier the offer 'FISH Fillets' never mentions, so the plain breaded retail fillet stays the best defensible pick — but the near-tie and the unstated 'breaded' coating make this genuinely ambiguous.",0,237,,,False,False,False,False
310,Al Kabee fish FILLETS,CFBFA,BREADED FISH FILLET BULK,v2_synthetic_by_construction,CORRECT_BUT_LOW_CONFIDENCE,,,"No SKU among all 237 is objectively superior, but the assigned SKU is not a clear winner: offer words unaccounted for ['kabee']; name rank 5/237 (66.5).",deterministic,CORRECT_BUT_LOW_CONFIDENCE,"Offer 'fish FILLETS' declares no weight, yet assigned CFBFA is the BULK 1 Kg x 5 catering pack while the retail sibling CFBF (330 g x 20) scores higher (name=72 vs 66). Same product identity differing only in a pack size the offer does not state, so the label is plausible but unresolvable.",0,237,,,False,False,False,False
311,Al kbeer Fish Fillet,CFBFA,BREADED FISH FILLET BULK,v2_synthetic_by_construction,CORRECT_BUT_LOW_CONFIDENCE,,,"No SKU among all 237 is objectively superior, but the assigned SKU is not a clear winner: offer words unaccounted for []; name rank 3/237 (70.5).",deterministic,CORRECT_BUT_LOW_CONFIDENCE,"Offer 'Fish Fillet' (singular, no weight) is assigned the BULK pack CFBFA (name=70) while retail CFBF scores 76 and AK PRO FSAPR scores 81; retail-vs-bulk cannot be resolved from the offer text, so bulk is defensible but weakly supported.",0,237,,,False,False,False,False
312,ALKABEEER Chkn rice,CCCTM,CHICKEN TIKKA MAKHANI & PILAU RICE,v2_synthetic_by_construction,CORRECT_BUT_LOW_CONFIDENCE,,,"No SKU among all 237 is objectively superior, but the assigned SKU is not a clear winner: offer words unaccounted for []; name rank 65/237 (42.4).",deterministic,CORRECT_BUT_LOW_CONFIDENCE,"Offer 'Chkn rice' is heavily abbreviated and the assigned CCCTM ranks only 65/237 on name (42.4), but it is the only chicken SKU whose name actually contains RICE ('CHICKEN TIKKA MAKHANI & PILAU RICE'); every higher-scoring contender (chicken fries, mince, burgers) is a different product entirely. CHICKEN BIRYANI 400 is a competing rice dish, so the choice is genuinely ambiguous.",0,237,,,False,False,False,False
313,ALKABEEER chicken rice,CCCTM,CHICKEN TIKKA MAKHANI & PILAU RICE,v2_synthetic_by_construction,CORRECT_BUT_LOW_CONFIDENCE,,,"No SKU among all 237 is objectively superior, but the assigned SKU is not a clear winner: offer words unaccounted for []; name rank 31/237 (57.8).",deterministic,CORRECT_BUT_LOW_CONFIDENCE,"'chicken rice' gives assigned CCCTM rule rank 1/237 and it is the only READY2EAT chicken SKU naming RICE; higher name scores belong to CHICKEN FRIES (74) and CHICKEN MINCE (66), which are not rice products. Ambiguity with CHICKEN BIRYANI 400 (also chicken-with-rice) keeps confidence low.",0,237,,,False,False,False,False
314,ALKABEEER Chckn biryani,CCCB,CHICKEN BIRYANI 400,v2_synthetic_by_construction,VERIFIED_CORRECT,,,"Assigned SKU accounts for every distinguishing word in the offer (['biryani', 'chicken']) and introduces none the offer does not state; protein/family/variant compatible, pack unknown; no superior SKU exists among all 237.",deterministic,VERIFIED_CORRECT,"Offer 'Chckn biryani' matches CCCB 'CHICKEN BIRYANI 400' at name=71.5 and rule=41.3, both rank 1/237, prot=1 chicken-to-chicken, cat_ok=1; no other master SKU is a biryani, and the runner-ups are chicken breast/burger items.",0,237,,,False,False,False,False
315,ALKABEEER Chicken biryani,CCCB,CHICKEN BIRYANI 400,v2_synthetic_by_construction,VERIFIED_CORRECT,,,"Assigned SKU accounts for every distinguishing word in the offer (['biryani', 'chicken']) and introduces none the offer does not state; protein/family/variant compatible, pack unknown; no superior SKU exists among all 237.",deterministic,VERIFIED_CORRECT,"'Chicken biryani' matches CCCB 'CHICKEN BIRYANI 400' with name=83.1 and rule=57.3, both rank 1/237 and a 22-point name gap over the next contender; unique biryani product in the master, cat_ok=1.",0,237,,,False,False,False,False
316,AL KABBER Beef cube,BC40,BEEF CUBES,v2_synthetic_by_construction,VERIFIED_CORRECT,,,"Assigned SKU accounts for every distinguishing word in the offer (['beef', 'cube']) and introduces none the offer does not state; protein/family/variant compatible, pack unknown; no superior SKU exists among all 237.",deterministic,VERIFIED_CORRECT,"Offer 'Beef cube' matches BC40 'BEEF CUBES' exactly on both protein and cut, name=73 and rule=44.5, both rank 1/237, cat_ok=1; the other cube SKUs (VPAN/VPAN500 PANEER CUBES) are vegetarian and have cat_ok=0.",0,237,,,False,False,False,False
317,Alkaberer Beef cube,BC40,BEEF CUBES,v2_synthetic_by_construction,VERIFIED_CORRECT,,,"Assigned SKU accounts for every distinguishing word in the offer (['beef', 'cube']) and introduces none the offer does not state; protein/family/variant compatible, pack unknown; no superior SKU exists among all 237.",deterministic,VERIFIED_CORRECT,"'Beef cube' again resolves to BC40 'BEEF CUBES' with name=73 rank 1/237 and a 15-point lead over the next contender (AK PRO BEEF BURGER); prot=1, cat_ok=1, and no other beef-cube SKU exists.",0,237,,,False,False,False,False
318,Al kbeer Beef fillets,BF,BEEF TENDERLOIN/FILLET,v2_synthetic_by_construction,CORRECT_BUT_LOW_CONFIDENCE,,,"Assigned SKU carries rule defect(s) ['family_contradiction'], but no SKU among all 237 is objectively superior, so no replacement is justified.",deterministic,VERIFIED_CORRECT,"Offer 'Beef fillets' matches BF 'BEEF TENDERLOIN/FILLET' on both protein and cut; every contender scoring higher on name (breaded chicken fillets 63/59, breaded fish fillet 60, AK PRO fish fillet 58) has prot=0 and cat_ok=0, i.e. protein-conflicting and unreachable at inference. The flagged fam=0 / family_contradiction is a taxonomy artifact (master fam4=MEAT-INDIAN-TRD rather than FILLETS), not a real product-family conflict; the only other beef commodity, BTS BEEF TOPSIDE, is a different cut.",0,237,family_contradiction,,False,False,False,False
319,Al Kabee Beef Fillets,BF,BEEF TENDERLOIN/FILLET,v2_synthetic_by_construction,CORRECT_BUT_LOW_CONFIDENCE,,,"Assigned SKU carries rule defect(s) ['family_contradiction'], but no SKU among all 237 is objectively superior, so no replacement is justified.",deterministic,VERIFIED_CORRECT,"Same as row 318: 'Beef Fillets' vs BF 'BEEF TENDERLOIN/FILLET', the only beef fillet/tenderloin SKU, prot=1 and cat_ok=1. All higher-name contenders are chicken or fish fillets with prot=0 and cat_ok=0; fam=0 reflects the MEAT-INDIAN-TRD family label, not a product mismatch.",0,237,family_contradiction,,False,False,False,False
320,ALKABEEER FISH finger,CFS,FISH FINGERS 300,v2_synthetic_by_construction,VERIFIED_CORRECT,,,"Assigned SKU accounts for every distinguishing word in the offer (['finger', 'fish']) and introduces none the offer does not state; protein/family/variant compatible, pack unknown; no superior SKU exists among all 237.",deterministic,VERIFIED_CORRECT,"Offer 'FISH finger' matches CFS FISH FINGERS 300 on exact product identity (fingers, not sticks/fillets); name=70.4 is rank 1/237, prot=1, fam=1, cat_ok=1, and the nearest contenders (BREADED FISH FILLET 62, FISH STICKS BULK 45) are different product forms.",0,237,,,False,False,False,False
321,Al kbeer Beef tenderloin,BTS,BEEF TOPSIDE ALK,v2_synthetic_by_construction,INCORRECT,BF,BEEF TENDERLOIN/FILLET,"BF (BEEF TENDERLOIN/FILLET) is superior: covers strictly more of the offer's own wording (['beef', 'tenderloin'] vs ['beef']). Offer words covered by replacement=['beef', 'tenderloin'] vs assigned=['beef']; over-specific words replacement=1 vs assigned=2; name similarity 70.5 vs 57.7 (+12.8); protein=1 family=1 pack=unknown; spec '20 KGS'. All 237 master SKUs were compared before selecting this replacement.",deterministic,INCORRECT,"Offer literally says 'Beef tenderloin' and candidate BF is 'BEEF TENDERLOIN/FILLET' (name=70, rule=48, same Meat-Commodity cat2, same 20 KGS spec), while the assigned BTS is BEEF TOPSIDE — a different primal cut (name=58). Exact product-identity token match beats the assigned SKU on every signal.",1,237,,,False,False,False,False
322,Al Kaber AK Pro Beef BURGERS,CBBAGPR,AK PRO BEEF BURGER 24,v2_synthetic_by_construction,VERIFIED_CORRECT,,,"Assigned SKU accounts for every distinguishing word in the offer (['beef', 'burger', 'pro']) and introduces none the offer does not state; protein/family/variant compatible, pack unknown; no superior SKU exists among all 237.",deterministic,VERIFIED_CORRECT,"Offer states sub-brand 'AK Pro' plus 'Beef BURGERS'; CBBAGPR is the only AK PRO beef burger SKU (name=80.3, rule rank 1/237, prot=1, cat_ok=1). Higher-name contenders CBBO/CBBO24 are plain Al Kabeer burgers lacking the AK PRO sub-brand, and CKB24PR is AK PRO but chicken (prot=0, cat_ok=0).",0,237,,,False,False,False,False
323,Al Kaber Beef BURGERS,CBBG100,CHAR.JUMBO BEEF BURGERS BULK(100G)6*1 KG,v2_synthetic_by_construction,INCORRECT,CBBO,4 BEEF BURGERS,"CBBO (4 BEEF BURGERS) is superior: assigned SKU is over-specific: it adds 5 word(s) the offer never states, the replacement adds none. Offer words covered by replacement=['beef', 'burger'] vs assigned=['beef', 'burger']; over-specific words replacement=0 vs assigned=5; name similarity 87.6 vs 64.4 (+23.2); protein=1 family=1 pack=unknown; spec '200 Gms x 30 Pkt'. All 237 master SKUs were compared before selecting this replacement.",deterministic,CORRECT_BUT_LOW_CONFIDENCE,"Offer 'Al Kaber Beef BURGERS' states no size, prep or sub-brand, so it is unresolvable among seven beef-burger SKUs; the assigned CBBG100 carries CHARGRILLED/JUMBO/BULK/100G tokens that the offer never states and ranks only 7th on name (64) behind plain CBBO (88) and CBBO24 (85). Protein, family, category all agree, and the row is flagged MULTI_ENTITY_OFFER, so it is defensible but weakly supported.",3,237,,,False,False,False,False
324,ALKABEEER Beef Burgers 100gm,CBBG100,CHAR.JUMBO BEEF BURGERS BULK(100G)6*1 KG,v2_synthetic_by_construction,CORRECT_BUT_LOW_CONFIDENCE,,,"Assigned SKU carries rule defect(s) ['pack_incompatible'], but no SKU among all 237 is objectively superior, so no replacement is justified.",deterministic,VERIFIED_CORRECT,"Offer declares '100gm' and CBBG100 is the only beef burger SKU whose name carries a 100 g patty ('CHAR.JUMBO BEEF BURGERS BULK(100G)'); all other burger candidates are 56 g or unspecified. The pack=INCOMPATIBLE flag is a patty-weight-vs-case-weight parsing artifact that fires identically on every candidate in the slate, so it does not discriminate.",0,237,pack_incompatible,,False,True,False,False
325,Alkabeers Beef burgers,CBBO,4 BEEF BURGERS,v2_synthetic_by_construction,VERIFIED_CORRECT,,,"Assigned SKU accounts for every distinguishing word in the offer (['beef', 'burger']) and introduces none the offer does not state; protein/family/variant compatible, pack unknown; no superior SKU exists among all 237.",deterministic,VERIFIED_CORRECT,"Assigned CBBO is rank 1/237 on both signals (name=91.6, rule=67.0) with prot=1, fam=1, var=1, cat_ok=1, and is the plain unqualified beef-burger SKU that best fits the equally unqualified offer 'Alkabeers Beef burgers'; sibling SKUs all add BULK/TAYEBAT/AK PRO/CHARGRILLED tokens the offer lacks.",0,237,,,False,False,False,False
326,Alkabeers Beef Burger,CBBO,4 BEEF BURGERS,v2_synthetic_by_construction,CORRECT_BUT_LOW_CONFIDENCE,,,"Assigned SKU carries rule defect(s) ['family_contradiction'], but no SKU among all 237 is objectively superior, so no replacement is justified.",deterministic,VERIFIED_CORRECT,"Assigned CBBO leads name at 90.0 (rank 1/237) for the plain offer 'Alkabheer Beef Burger', with prot=1 and cat_ok=1. The fam=0 family_contradiction is the documented flag artifact (singular 'burger' vs the phrase list) and is weak evidence; product identity, protein and category all plainly agree.",0,237,family_contradiction,,False,False,False,False
327,Al Kaber Beef BURGERS,CBBO24,24 BEEF BURGERS,v2_synthetic_by_construction,CORRECT_BUT_LOW_CONFIDENCE,,,"Assigned SKU accounts for every distinguishing word in the offer (['beef', 'burger']) and introduces none the offer does not state; protein/family/variant compatible, pack unknown; no superior SKU exists among all 237.",deterministic+agent_downgrade,CORRECT_BUT_LOW_CONFIDENCE,"Offer 'Al Kaber Beef BURGERS' declares no count or weight, so 24-count CBBO24 (name=85) versus 4-count CBBO (name=88) versus CBBOA bulk is an unresolvable size choice among the same product; assigned is a near-tie at rank 2/237 on both signals with prot/fam/var/cat all consistent, and the row is a MULTI_ENTITY_OFFER.",0,237,,,False,False,False,False
328,Al Kaber Beef burgers,CBBOA,BEEF BURGERS BULK,v2_synthetic_by_construction,INCORRECT,CBBO,4 BEEF BURGERS,"CBBO (4 BEEF BURGERS) is superior: assigned SKU is over-specific: it adds 1 word(s) the offer never states, the replacement adds none. Offer words covered by replacement=['beef', 'burger'] vs assigned=['beef', 'burger']; over-specific words replacement=0 vs assigned=1; name similarity 87.6 vs 76.2 (+11.4); protein=1 family=1 pack=unknown; spec '200 Gms x 30 Pkt'. All 237 master SKUs were compared before selecting this replacement.",deterministic,CORRECT_BUT_LOW_CONFIDENCE,"Assigned CBBOA is BEEF BURGERS BULK (2 Kgs x 5) but the offer 'Al Kaber Beef burgers' states neither bulk nor any weight; it ranks 4th on name (76) behind CBBO (88), CBBO24 (85) and CBBUR (77), which are the same product in different pack formats. Protein, family and category agree, so the label is plausible but the pack tier is unsupported by the offer text.",3,237,,,False,False,False,False
329,Alkabheer Beef Burgers,CBBOA,BEEF BURGERS BULK,v2_synthetic_by_construction,INCORRECT,CBBO,4 BEEF BURGERS,"CBBO (4 BEEF BURGERS) is superior: assigned SKU is over-specific: it adds 1 word(s) the offer never states, the replacement adds none. Offer words covered by replacement=['beef', 'burger'] vs assigned=['beef', 'burger']; over-specific words replacement=0 vs assigned=1; name similarity 86.9 vs 77.4 (+9.5); protein=1 family=1 pack=unknown; spec '200 Gms x 30 Pkt'. All 237 master SKUs were compared before selecting this replacement.",deterministic,CORRECT_BUT_LOW_CONFIDENCE,"Same situation as the sibling row: offer 'Alkabheer Beef Burgers' gives no weight or bulk indicator, yet CBBOA is the 2 Kgs x 5 BULK pack, ranking 3rd on name (77) against CBBO (87) and CBBO24 (84). All discriminating flags (prot=1, fam=1, var=1, cat_ok=1) agree, so it is defensible but the retail-vs-bulk distinction is unresolvable.",2,237,,,False,False,False,False
330,Al Kabee Tayebat Beef BURGERS,CBBOT,TAYEBAT BEEF BURGERS ONION BULK,v2_synthetic_by_construction,CORRECT_BUT_LOW_CONFIDENCE,,,"No SKU among all 237 is objectively superior, but the assigned SKU is not a clear winner: offer words unaccounted for ['kabee']; name rank 3/237 (77.8).",deterministic,VERIFIED_CORRECT,"Offer names sub-brand 'Tayebat' plus 'Beef BURGERS'; CBBOT (TAYEBAT BEEF BURGERS ONION BULK) is the only Tayebat beef burger SKU (rule rank 1/237 at 62.7, prot=1, cat_ok=1). The higher-name plain CBBO/CBBO24 lack the Tayebat sub-brand, and the other Tayebat burger SKUs (CKBT, CKBBT, CKBTY) are chicken with prot=0 and cat_ok=0.",0,237,,,False,False,False,False
331,Alkaberer Tayebat Beef burgers,CBBOT,TAYEBAT BEEF BURGERS ONION BULK,v2_synthetic_by_construction,CORRECT_BUT_LOW_CONFIDENCE,,,"No SKU among all 237 is objectively superior, but the assigned SKU is not a clear winner: offer words unaccounted for []; name rank 3/237 (76.3).",deterministic,VERIFIED_CORRECT,"Offer 'Tayebat Beef burgers' pins both sub-brand and protein; CBBOT is the unique TAYEBAT + beef burger SKU (rule rank 1/237 at 61.7, name 76.3, prot=1, cat_ok=1). Tayebat alternatives in the slate are all chicken (prot=0, cat_ok=0) and plain-brand alternatives lack the Tayebat token.",0,237,,,False,False,False,False
332,Alkabheer Beef Burger,CBBUR,BEEF BURGERS 56 g.,v2_synthetic_by_construction,CORRECT_BUT_LOW_CONFIDENCE,,,"Assigned SKU carries rule defect(s) ['family_contradiction'], but no SKU among all 237 is objectively superior, so no replacement is justified.",deterministic,CORRECT_BUT_LOW_CONFIDENCE,"Offer 'Alkabheer Beef Burger' declares no weight, but assigned CBBUR is the 56 g. variant and ranks only 5th on name (66) behind CBBO (76), CBBO24 (74), CBBOA (72) and CBBAGPR (72) — all the same product in other pack/size formats. fam=0 is the known flag artifact; protein and category agree, so the label is plausible but the size is unresolvable.",0,237,family_contradiction,,False,False,False,False
333,Al Kaber Beef burgers 2X56GM,CBBUR,BEEF BURGERS 56 g.,v2_synthetic_by_construction,CORRECT_BUT_LOW_CONFIDENCE,,,"Assigned SKU carries rule defect(s) ['pack_incompatible'], but no SKU among all 237 is objectively superior, so no replacement is justified.",deterministic,VERIFIED_CORRECT,"Offer declares '2X56GM' and CBBUR is the only SKU whose name carries the 56 g. patty weight ('BEEF BURGERS 56 g.', 840 g. x 9 = 15 x 56 g); no other beef burger candidate states 56 g. The pack=INCOMPATIBLE flag fires on every candidate in the slate (patty weight compared against case weight), so it is a parsing artifact rather than a genuine conflict for this pair.",0,237,pack_incompatible,,False,True,False,False
334,Alkaberer Beef KIBBEH,CBK,BEEF KIBBEH 400,v2_synthetic_by_construction,VERIFIED_CORRECT,,,"Assigned SKU accounts for every distinguishing word in the offer (['beef', 'kibbeh']) and introduces none the offer does not state; protein/family/variant compatible, pack unknown; no superior SKU exists among all 237.",deterministic,VERIFIED_CORRECT,"Offer 'Beef KIBBEH' matches CBK (BEEF KIBBEH 400) on both product identity and protein: rank 1/237 on name (78.6) and rule (51.0), prot=1, fam=1, cat_ok=1. The nearest contenders CLK/CLKA are lamb kibbeh (prot=0) and CKK is chicken kibbeh (prot=0, cat_ok=0).",0,237,,,False,False,False,False
335,ALKABEEER Beef kibbeh,CBK,BEEF KIBBEH 400,v2_synthetic_by_construction,VERIFIED_CORRECT,,,"Assigned SKU accounts for every distinguishing word in the offer (['beef', 'kibbeh']) and introduces none the offer does not state; protein/family/variant compatible, pack unknown; no superior SKU exists among all 237.",deterministic,VERIFIED_CORRECT,"Identical evidence to the sibling row: 'Beef kibbeh' maps to CBK (BEEF KIBBEH 400), rank 1/237 on name (78.6) and rule (51.0) with prot=1, fam=1, cat_ok=1; lamb (CLK, CLKA) and chicken (CKK) kibbeh variants all fail the protein gate.",0,237,,,False,False,False,False
336,Alkaberer A.K PRO Beef BURGERS,CBBAGPR,AK PRO BEEF BURGER 24,v2_synthetic_by_construction,VERIFIED_CORRECT,,,"Assigned SKU accounts for every distinguishing word in the offer (['beef', 'burger', 'pro']) and introduces none the offer does not state; protein/family/variant compatible, pack unknown; no superior SKU exists among all 237.",deterministic,VERIFIED_CORRECT,"Offer names 'A.K PRO' plus 'Beef BURGERS' and CBBAGPR is the only AK PRO beef burger SKU (rule rank 1/237 at 61.3, name 78.9, prot=1, cat_ok=1). Higher-name CBBO/CBBO24 are plain-brand, and the other AK PRO burger SKUs (CKB24PR, CKBBADPR, CKKB50PR) are chicken with prot=0 and cat_ok=0.",0,237,,,False,False,False,False
337,Al Kaber fish finger,CFS,FISH FINGERS 300,v2_synthetic_by_construction,VERIFIED_CORRECT,,,"Assigned SKU accounts for every distinguishing word in the offer (['finger', 'fish']) and introduces none the offer does not state; protein/family/variant compatible, pack unknown; no superior SKU exists among all 237.",deterministic,VERIFIED_CORRECT,"Offer 'fish finger' matches CFS FISH FINGERS 300 exactly on product identity; name=71.6 is rank 1/237 with prot=1, fam=1, cat_ok=1. All contenders are different forms (fillets, fish milk, fish sticks) or wrong category (french/waffle fries with cat_ok=0).",0,237,,,False,False,False,False
338,Al Kabee fish stick,CFSA,FISH STICKS BULK,v2_synthetic_by_construction,VERIFIED_CORRECT,,,"Best of all 237 SKUs on name similarity (73.3, margin +13.9); no attribute conflict; pack unknown.",deterministic,VERIFIED_CORRECT,"Offer 'fish stick' matches CFSA FISH STICKS BULK, the only fish-sticks SKU in the slate; rank 1/237 on both name (73.3) and rule (40.3), prot=1, fam=1, cat_ok=1. Stick contenders CCKSB/CKCCS/CKCCSA are chicken and CCMS/CCMSA are cheese, all with cat_ok=0.",0,237,,,False,False,False,False
339,Alkaberer Beef kebab,CKBS,8 BEEF SEEKH KEBAB,v2_synthetic_by_construction,VERIFIED_CORRECT,,,"Best of all 237 SKUs on name similarity (68.4, margin +12.8); no attribute conflict; pack unknown.",deterministic,VERIFIED_CORRECT,"Offer 'Beef kebab' matches CKBS (8 BEEF SEEKH KEBAB) on protein and product family (KEBAB), rank 1/237 on both name (68.4) and rule (50.8) with prot=1, fam=1, cat_ok=1. The only other beef kebab, CTBK TURKISH BEEF KEBABS, trails by 13 name points and adds an unstated 'Turkish' qualifier; chicken seekh kebab variants fail the protein gate (prot=0, cat_ok=0).",0,237,,,False,False,False,False
340,Al kbeer Beef kebab,CKBS,8 BEEF SEEKH KEBAB,v2_synthetic_by_construction,VERIFIED_CORRECT,,,"Best of all 237 SKUs on name similarity (70.3, margin +12.8); no attribute conflict; pack unknown.",deterministic,VERIFIED_CORRECT,"Offer 'Beef kebab' matches CKBS (8 BEEF SEEKH KEBAB) on protein (beef) and family (KEBAB), and CKBS ranks 1/237 on both name (70.3) and rule (53.5) with prot=1 fam=1 var=1 cat_ok=1. The only rival beef-kebab SKU, CTBK (TURKISH BEEF KEBABS), adds an unstated sub-line and trails by 14 name points.",0,237,,,False,False,False,False
341,Alkaberer Taybat chicken BURGERS,CKBT,TAYEBAT CHICKEN BURGER,v2_synthetic_by_construction,VERIFIED_CORRECT,,,"Assigned SKU accounts for every distinguishing word in the offer (['burger', 'chicken', 'taybat']) and introduces none the offer does not state; protein/family/variant compatible, pack unknown; no superior SKU exists among all 237.",deterministic,VERIFIED_CORRECT,"Offer explicitly names the TAYEBAT sub-brand plus 'chicken BURGERS'; CKBT (TAYEBAT CHICKEN BURGER) is the highest-scoring Tayebat plain chicken burger (name 83.7, rule 62.0 = rank 1/237). The higher-name contenders CKKB/CKKB8 (85) are plain Al Kabeer burgers lacking the Tayebat sub-brand, so they lose on sub-brand.",0,237,,,False,False,False,False
342,ALKABEEER Taybat Chicken BURGERS,CKBT,TAYEBAT CHICKEN BURGER,v2_synthetic_by_construction,VERIFIED_CORRECT,,,"Assigned SKU accounts for every distinguishing word in the offer (['burger', 'chicken', 'taybat']) and introduces none the offer does not state; protein/family/variant compatible, pack unknown; no superior SKU exists among all 237.",deterministic,VERIFIED_CORRECT,"Same offer content as row 341 ('Taybat Chicken BURGERS'); CKBT matches sub-brand TAYEBAT, protein chicken and family BURGERS, and leads the rule ranking 1/237 (59.8) with name 83.7. Contenders at name 85 (CKKB, CKKB8) are non-Tayebat SKUs, and CKBBT/CKBB add unstated BREADED coating.",0,237,,,False,False,False,False
343,Alkabheer TAYEBAT CHICKEN Burger 1kg,CKBTY,TAYEBAT CHICKEN BURGERS 1 kg x 10 Pkts,v2_synthetic_by_construction,CORRECT_BUT_LOW_CONFIDENCE,,,"Assigned SKU carries rule defect(s) ['family_contradiction'], but no SKU among all 237 is objectively superior, so no replacement is justified.",deterministic,CORRECT_BUT_LOW_CONFIDENCE,"Assigned CKBTY (TAYEBAT CHICKEN BURGERS 1 kg x 10) is pack-compatible with the stated 1kg, but CKBT (TAYEBAT CHICKEN BURGER 1 Kgs x 9) is the same product at the same 1kg unit weight and scores far higher (name 94 vs 71, rule 68 vs 52). The two differ only in carton count, which the offer does not state, so the assignment is defensible but genuinely ambiguous; fam=0 here is the known artifact, not real evidence.",0,237,family_contradiction,,False,False,False,False
344,ALKABEEER Tayebat Chckn Burger,CKBTY,TAYEBAT CHICKEN BURGERS 1 kg x 10 Pkts,v2_synthetic_by_construction,CORRECT_BUT_LOW_CONFIDENCE,,,"Assigned SKU carries rule defect(s) ['family_contradiction'], but no SKU among all 237 is objectively superior, so no replacement is justified.",deterministic,CORRECT_BUT_LOW_CONFIDENCE,"Offer 'Tayebat Chckn Burger' states no size; assigned CKBTY (1 kg x 10) and top contender CKBT (1 Kgs x 9, name 83 vs 67) are the same Tayebat plain chicken burger product differing only in an unstated carton count, so the label is plausible but not clearly the best of the pair.",0,237,family_contradiction,,False,False,False,False
345,Al Kaber CHICKEN nuggets,CKCCN,CHICKEN  N CHEESE NUGGETS,v2_synthetic_by_construction,INCORRECT,CKN,CHICKEN NUGGETS,"CKN (CHICKEN NUGGETS) is superior: assigned SKU is over-specific: it adds 1 word(s) the offer never states, the replacement adds none. Offer words covered by replacement=['chicken', 'nugget'] vs assigned=['chicken', 'nugget']; over-specific words replacement=0 vs assigned=1; name similarity 92.3 vs 70.4 (+21.9); protein=1 family=1 pack=unknown; spec '270 Gms x 20 Pkts'. All 237 master SKUs were compared before selecting this replacement.",deterministic,INCORRECT,"Offer is plain 'CHICKEN nuggets' with no cheese mention, yet the assigned CKCCN is CHICKEN 'N' CHEESE NUGGETS - a different product. CKN (CHICKEN NUGGETS) is an exact identity match, scores name 92 vs 70.4 (rank 1/237 vs 19/237) and rule 62 vs 57.8, with prot=1 fam=1 var=1 cat_ok=1.",2,237,,,False,False,False,False
346,Alkaberer CHICKEN NUGGETS,CKCCN,CHICKEN  N CHEESE NUGGETS,v2_synthetic_by_construction,INCORRECT,CKN,CHICKEN NUGGETS,"CKN (CHICKEN NUGGETS) is superior: assigned SKU is over-specific: it adds 1 word(s) the offer never states, the replacement adds none. Offer words covered by replacement=['chicken', 'nugget'] vs assigned=['chicken', 'nugget']; over-specific words replacement=0 vs assigned=1; name similarity 91.7 vs 75.1 (+16.5); protein=1 family=1 pack=unknown; spec '270 Gms x 20 Pkts'. All 237 master SKUs were compared before selecting this replacement.",deterministic,INCORRECT,"Same defect as row 345: offer 'CHICKEN NUGGETS' names no cheese, but the assigned CKCCN adds cheese. CKN (CHICKEN NUGGETS) matches the offer verbatim and leads at name 92 (rank 1/237) and rule 60 versus the assigned 75/55.7, so it is objectively the better label.",1,237,,,False,False,False,False
347,Alkabeers CHICKEN stick spicy,CKCCNS,CHICKEN & CHEESE STICKS HOT & SPICY,v2_synthetic_by_construction,CORRECT_BUT_LOW_CONFIDENCE,,,"No SKU among all 237 is objectively superior, but the assigned SKU is not a clear winner: offer words unaccounted for []; name rank 4/237 (72.0).",deterministic,INCORRECT,"Offer 'CHICKEN stick spicy' names no cheese, but assigned CKCCNS is CHICKEN & CHEESE STICKS HOT & SPICY. CCKSHA (CHICKEN STICK BULK HOT & SPICY) matches product identity and the spicy variant exactly and leads both signals decisively (name 84 vs 72, rule 66 vs 55, rank 1/237 on both); its only extra attribute is a pack format the offer does not state, and product identity outranks pack.",0,237,,,False,False,False,False
348,Al Kabee Chkn stick HOT & SPICY,CKCCNS,CHICKEN & CHEESE STICKS HOT & SPICY,v2_synthetic_by_construction,CORRECT_BUT_LOW_CONFIDENCE,,,"No SKU among all 237 is objectively superior, but the assigned SKU is not a clear winner: offer words unaccounted for ['kabee']; name rank 2/237 (69.1).",deterministic,INCORRECT,"Offer 'Chkn stick HOT & SPICY' contains no cheese token, so CCKSHA (CHICKEN STICK BULK HOT & SPICY) is the correct identity plus exact variant match and ranks 1/237 on both name (73 vs 69) and rule (54 vs 42.3), while the assigned CKCCNS adds a cheese ingredient that the offer never mentions.",0,237,,,False,False,False,False
349,Al Kabee CHICKEN ring,CKCCR,CHICKEN ‘N’ CHEESE RINGS 300,v2_synthetic_by_construction,CORRECT_BUT_LOW_CONFIDENCE,,,"No SKU among all 237 is objectively superior, but the assigned SKU is not a clear winner: offer words unaccounted for ['kabee']; name rank 29/237 (58.8).",deterministic,VERIFIED_CORRECT,"CKCCR (CHICKEN 'N' CHEESE RINGS) is the only RINGS product in the master, so it is the sole identity match for 'CHICKEN ring'; every higher-name contender is a different family (KRAZEE nuggets 71, CHICKEN FRIES 70, spring rolls 67). The low name score is a tokenisation artifact of the 'N' CHEESE punctuation, not evidence against the pair (prot=1, cat_ok=1).",0,237,,,False,False,False,False
350,Alkabheer Chckn ring,CKCCR,CHICKEN ‘N’ CHEESE RINGS 300,v2_synthetic_by_construction,CORRECT_BUT_LOW_CONFIDENCE,,,"No SKU among all 237 is objectively superior, but the assigned SKU is not a clear winner: offer words unaccounted for []; name rank 4/237 (55.6).",deterministic,VERIFIED_CORRECT,"Offer 'Chckn ring' again has no ring alternative in the slate - contenders are burgers, fries, wings and strips - so CKCCR (CHICKEN 'N' CHEESE RINGS 300) remains the only product-identity match, and it sits within 4 name points of the leaders (56 vs 60) with prot=1 fam=1 cat_ok=1.",0,237,,,False,False,False,False
351,Al kbeer Chckn stick,CKCCS,CHICKEN & CHEESE STICKS,v2_synthetic_by_construction,CORRECT_BUT_LOW_CONFIDENCE,,,"No SKU among all 237 is objectively superior, but the assigned SKU is not a clear winner: offer words unaccounted for []; name rank 9/237 (56.0).",deterministic,INCORRECT,"Offer 'Chckn stick' names no cheese, yet the assigned CKCCS is CHICKEN & CHEESE STICKS. CCKSB (CHICKEN STICKS BULK) is the plain chicken-stick SKU and leads both text signals (name 69 vs 56, rule 44 vs 36.8, rank 1/237 on name); the only unstated attribute it adds is BULK packing, which is subordinate to product identity.",0,237,,,False,False,False,False
352,Al Kaber chicken stick,CKCCS,CHICKEN & CHEESE STICKS,v2_synthetic_by_construction,CORRECT_BUT_LOW_CONFIDENCE,,,"No SKU among all 237 is objectively superior, but the assigned SKU is not a clear winner: offer words unaccounted for []; name rank 9/237 (64.1).",deterministic,INCORRECT,Offer 'chicken stick' contains no cheese term while the assigned CKCCS (CHICKEN & CHEESE STICKS) does; CCKSB (CHICKEN STICKS BULK) matches identity exactly and beats the assigned by 14 name points (78 vs 64) at rank 1/237 with prot=1 fam=1 var=1 cat_ok=1.,0,237,,,False,False,False,False
353,AL KABBER Chiken stick,CKCCSA,CHICKEN & CHEESE STICKS BULK,v2_synthetic_by_construction,CORRECT_BUT_LOW_CONFIDENCE,,,"No SKU among all 237 is objectively superior, but the assigned SKU is not a clear winner: offer words unaccounted for []; name rank 21/237 (55.5).",deterministic,INCORRECT,"Assigned CKCCSA (CHICKEN & CHEESE STICKS BULK, 1 Kgs x 5) and CCKSB (CHICKEN STICKS BULK, 1 Kgs x 5) have identical pack and category, so the only difference is the cheese component that the offer 'Chiken stick' never mentions; CCKSB leads on name 71 vs 56 (rank 1/237) and rule 44 vs 38.4, making it objectively the better label.",0,237,,,False,False,False,False
354,Alkaberer chicken stick,CKCCSA,CHICKEN & CHEESE STICKS BULK,v2_synthetic_by_construction,CORRECT_BUT_LOW_CONFIDENCE,,,"No SKU among all 237 is objectively superior, but the assigned SKU is not a clear winner: offer words unaccounted for []; name rank 5/237 (66.3).",deterministic,INCORRECT,"Same pair as row 353 with identical 1 Kgs x 5 packing: for offer 'chicken stick', CCKSB (CHICKEN STICKS BULK) is the exact identity match at name 78 vs the assigned CKCCSA at 66, and the assigned's cheese component appears nowhere in the offer text.",0,237,,,False,False,False,False
355,AL KABBER Chkn stick Spicy,CKCCSHA,CHICKEN & CHEESE STICKS SPICY BULK,v2_synthetic_by_construction,CORRECT_BUT_LOW_CONFIDENCE,,,"No SKU among all 237 is objectively superior, but the assigned SKU is not a clear winner: offer words unaccounted for []; name rank 2/237 (64.0).",deterministic,INCORRECT,"Offer 'Chkn stick Spicy' has no cheese token; CCKSHA (CHICKEN STICK BULK HOT & SPICY) shares the assigned SKU's exact pack (1 kg x 5 Pkts) and spicy variant but without the extra cheese ingredient, ties on name (64) and leads on rule (48 vs 42.0), so identity is the sole discriminator and it favours CCKSHA.",0,237,,,False,False,False,False
356,Alkabheer Chkn stick Hot N Spicy,CKCCSHA,CHICKEN & CHEESE STICKS SPICY BULK,v2_synthetic_by_construction,CORRECT_BUT_LOW_CONFIDENCE,,,"No SKU among all 237 is objectively superior, but the assigned SKU is not a clear winner: offer words unaccounted for []; name rank 4/237 (63.0).",deterministic,INCORRECT,"Offer 'Chkn stick Hot N Spicy' matches CCKSHA (CHICKEN STICK BULK HOT & SPICY) on identity, variant and pack (1 kg x 5, same as the assigned), and CCKSHA leads by 13 name points (76 vs 63, rank 1/237) plus rule 54 vs 47.8; the assigned CKCCSHA adds a cheese component absent from the offer.",0,237,,,False,False,False,False
357,Al Kabee Chiken kofta,CKCK,CHICKEN KOFTA 300,v2_synthetic_by_construction,CORRECT_BUT_LOW_CONFIDENCE,,,"Best of all 237 SKUs on name similarity (73.2, margin +9.1); no attribute conflict; pack unknown.",deterministic+agent_downgrade,CORRECT_BUT_LOW_CONFIDENCE,"CKCK (CHICKEN KOFTA 300) is the exact product match for 'Chiken kofta' (name 73.2, rank 1/237, prot=1 fam=1) and no better SKU exists - the nearest reachable alternative CKB (ARABIC KOFTA) is a Meat/beef item. However cat_ok=0 because runtime_category was resolved to Meat, so the deployed candidate generator can never surface this pair, making the label unreachable at inference.",0,237,,category_gate_unreachable,False,False,True,False
358,Alkabheer CHICKEN kofta,CKCK,CHICKEN KOFTA 300,v2_synthetic_by_construction,VERIFIED_CORRECT,,,"Assigned SKU accounts for every distinguishing word in the offer (['chicken', 'kofta']) and introduces none the offer does not state; protein/family/variant compatible, pack unknown; no superior SKU exists among all 237.",deterministic,VERIFIED_CORRECT,"Offer 'CHICKEN kofta' maps exactly to CKCK (CHICKEN KOFTA 300): rank 1/237 on both name (81.1) and rule (52.8), prot=1 fam=1 var=1 cat_ok=1, and the next contender CKB (ARABIC KOFTA) is a Meat-category beef item with cat_ok=0.",0,237,,,False,False,False,False
359,AL-KABEEZ Chicken Burger,CKCKB,CHICKEN BURGERS 56 g,v2_synthetic_by_construction,CORRECT_BUT_LOW_CONFIDENCE,,,"Assigned SKU carries rule defect(s) ['family_contradiction'], but no SKU among all 237 is objectively superior, so no replacement is justified.",deterministic,CORRECT_BUT_LOW_CONFIDENCE,"Offer 'Chicken Burger' states no count, weight or sub-brand, and the assigned CKCKB (CHICKEN BURGERS 56 g) sits in a tight cluster of the same plain product differing only in unstated pack size (CKKB 80, CKKB8 80, CKKB24 78 vs assigned 75.9). No contender is a different product identity, so no flip is warranted, but the choice among the pack variants is unresolvable from the text.",0,237,family_contradiction,,False,False,False,False
360,AL KABBER chicken Burgers,CKCKB,CHICKEN BURGERS 56 g,v2_synthetic_by_construction,CORRECT_BUT_LOW_CONFIDENCE,,,"Assigned SKU accounts for every distinguishing word in the offer (['burger', 'chicken']) and introduces none the offer does not state; protein/family/variant compatible, pack unknown; no superior SKU exists among all 237.",deterministic+agent_downgrade,CORRECT_BUT_LOW_CONFIDENCE,"Offer 'chicken Burgers' states no count or weight; assigned CKCKB (CHICKEN BURGERS 56 g, 840 g x 9) is the same product as the higher-name contenders CKKB/CKKB8 (name 89) and CKKB24 (86), differing only in piece/pack size the offer never declares. prot/fam/var all agree, cat_ok=1, so the label is plausible but the size choice is arbitrary.",0,237,,,False,False,False,False
361,AL KABBER chicken mince,CKCM,CHICKEN MINCE 400,v2_synthetic_by_construction,VERIFIED_CORRECT,,,"Assigned SKU accounts for every distinguishing word in the offer (['chicken', 'mince']) and introduces none the offer does not state; protein/family/variant compatible, pack unknown; no superior SKU exists among all 237.",deterministic,VERIFIED_CORRECT,"Offer 'chicken mince' maps to CKCM (CHICKEN MINCE 400), rank 1/237 on both name (81) and rule (55), unique product identity in cat2=Chicken-Mince. The only close relative CKCMF is the '15% FREE' promo pack, a distinct SKU the plain offer does not indicate.",0,237,,,False,False,False,False
362,Alkabeers Chiken mince,CKCM,CHICKEN MINCE 400,v2_synthetic_by_construction,VERIFIED_CORRECT,,,"Assigned SKU accounts for every distinguishing word in the offer (['chicken', 'mince']) and introduces none the offer does not state; protein/family/variant compatible, pack unknown; no superior SKU exists among all 237.",deterministic,VERIFIED_CORRECT,"Misspelled 'Chiken mince' still resolves to CKCM at rank 1/237 name (81) and rule (43), 8 points clear of the next contender; all other candidates (fries, nuggets, meat balls) are different product identities. Promo variant CKCMF is excluded because the offer declares no free-quantity uplift.",0,237,,,False,False,False,False
363,Al Kaber Chckn kebab,CKCS,8 CHICKEN SEEKH KEBAB,v2_synthetic_by_construction,CORRECT_BUT_LOW_CONFIDENCE,,,"No SKU among all 237 is objectively superior, but the assigned SKU is not a clear winner: offer words unaccounted for []; name rank 2/237 (62.3).",deterministic,CORRECT_BUT_LOW_CONFIDENCE,"Generic 'Chckn kebab' sits in a three-way tie: CKTCK TURKISH CHICKEN KEBAB (name 63), assigned CKCS 8 CHICKEN SEEKH KEBAB (62) and CKCSB SEEKH KEBAB BULK (61, rule 50 > assigned 46). Assigning the plain retail seekh kebab is the most defensible default since the offer names neither 'Turkish' nor a bulk/catering pack, but the evidence gap is under 2 points.",0,237,,,False,False,False,False
364,AL KABBER Chiken kebab,CKCS,8 CHICKEN SEEKH KEBAB,v2_synthetic_by_construction,CORRECT_BUT_LOW_CONFIDENCE,,,"No SKU among all 237 is objectively superior, but the assigned SKU is not a clear winner: offer words unaccounted for []; name rank 1/237 (68.9).",deterministic,CORRECT_BUT_LOW_CONFIDENCE,"CKCS leads on name (69, rank 1/237) and product identity for 'Chiken kebab', but CKTCK (67) and CKCSB (63, rule 51 vs assigned 48) are within noise; the offer declares neither the Turkish line nor retail-vs-bulk size, so the specific kebab SKU is not resolvable from the text.",0,237,,,False,False,False,False
365,Alkabheer CHICKEN kebab,CKCSB,CHICKEN SEEKH KEBAB BULK,v2_synthetic_by_construction,CORRECT_BUT_LOW_CONFIDENCE,,,"No SKU among all 237 is objectively superior, but the assigned SKU is not a clear winner: offer words unaccounted for []; name rank 3/237 (68.9).",deterministic,CORRECT_BUT_LOW_CONFIDENCE,"Offer 'CHICKEN kebab' carries no bulk/catering signal, yet the assigned SKU is the BULK pack CKCSB (1 kg x 5); the retail sibling CKCS scores higher on name (73 vs 69). Same product identity differing only in an undeclared pack size, so the label is retained but weak (assigned wins only on the diluted rule score, 58 vs 54).",0,237,,,False,False,False,False
366,AL KABBER Chckn kebab,CKCSB,CHICKEN SEEKH KEBAB BULK,v2_synthetic_by_construction,CORRECT_BUT_LOW_CONFIDENCE,,,"No SKU among all 237 is objectively superior, but the assigned SKU is not a clear winner: offer words unaccounted for []; name rank 3/237 (59.8).",deterministic,CORRECT_BUT_LOW_CONFIDENCE,"Same pattern as row 365: garbled 'Chckn kebab' with no size cue assigned to CKCSB BULK while retail CKCS scores higher on name (66 vs 60) and CKTCK (64) is also close. Retail/bulk cannot be resolved from the offer text, so no flip is justified but confidence is low.",0,237,,,False,False,False,False
367,ALKABEEER Taybat Chicken Filets NON SPICY 1 kg,CKFNSTY,TAYEBAT BREADED CHICKEN FILLETS NON SPICY 1 kg x 10 Pkts,v2_synthetic_by_construction,CORRECT_BUT_LOW_CONFIDENCE,,,"No SKU among all 237 is objectively superior, but the assigned SKU is not a clear winner: offer words unaccounted for []; name rank 2/237 (73.3).",deterministic,VERIFIED_CORRECT,"Every declared attribute agrees: Tayebat sub-brand, chicken fillets, NON SPICY, 1 kg (pack=compatible, rank 1/237 rule). Higher-name contender CKBCFH is HOT N SPICY at 330 g (pack INCOMPATIBLE, spice conflict) and CKZFNS is the ZING sub-brand, so both are excluded on business rules.",0,237,,,False,False,False,False
368,Al kbeer Tayebat Beef Meat Ball 1 KG,CKBMTY,TAYEBAT BEEF MEAT BALLS 1 kg x 10 Pkts,v2_synthetic_by_construction,VERIFIED_CORRECT,,,"Assigned SKU accounts for every distinguishing word in the offer (['ball', 'beef', 'meat', 'tayebat']) and introduces none the offer does not state; protein/family/variant compatible, pack compatible; no superior SKU exists among all 237.",deterministic,VERIFIED_CORRECT,"CKBMTY matches on sub-brand (Tayebat), protein (beef), product (meat balls) and declared size (1 kg, pack=compatible), and is rank 1/237 on both name (76) and rule (57). Nearest rival CMBAKAPR is the AK PRO line and CMBAK is a 300 g retail pack with pack=INCOMPATIBLE.",0,237,,,False,False,False,False
369,Alkaberer Taybat Beef Meatballs,CKBMTY,TAYEBAT BEEF MEAT BALLS 1 kg x 10 Pkts,v2_synthetic_by_construction,VERIFIED_CORRECT,,,"Best of all 237 SKUs on name similarity (65.5, margin +7.9); no attribute conflict; pack unknown.",deterministic,VERIFIED_CORRECT,"'Taybat Beef Meatballs' matches CKBMTY on sub-brand, protein and product family; rank 1/237 name (66), 8 points above plain MEAT BALLS (CMBAK) which lacks the Tayebat sub-brand. Chicken meat-ball candidates carry prot=0/cat_ok=0 and are excluded.",0,237,,,False,False,False,False
370,Al Kaber Chckn Fillets,CKBCFS,BREADED CHICKEN FILLETS BULK,v2_synthetic_by_construction,CORRECT_BUT_LOW_CONFIDENCE,,,"No SKU among all 237 is objectively superior, but the assigned SKU is not a clear winner: offer words unaccounted for []; name rank 3/237 (66.9).",deterministic,CORRECT_BUT_LOW_CONFIDENCE,"Offer 'Chckn Fillets' declares no size or sub-brand; assigned CKBCFS is the BULK 1 kg x 5 pack while the retail base CKBCF (450 g) scores higher on name (70 vs 67). Same breaded-chicken-fillet product identity separated only by an undeclared pack size, and ZING/AK PRO rivals are excluded by sub-brand.",0,237,,,False,False,False,False
371,AL-KABEEZ chicken Fillets,CKBCFS,BREADED CHICKEN FILLETS BULK,v2_synthetic_by_construction,CORRECT_BUT_LOW_CONFIDENCE,,,"No SKU among all 237 is objectively superior, but the assigned SKU is not a clear winner: offer words unaccounted for []; name rank 4/237 (74.0).",deterministic,CORRECT_BUT_LOW_CONFIDENCE,"Same retail-vs-bulk ambiguity: CKBCF (BREADED CHICKEN FILLETS 450 g) leads on name 80 vs assigned CKBCFS 74, and the offer states no weight. Sub-branded rivals CKZF/CKZFA (ZING) and CKBCFFAPR (AK PRO) are ruled out because the offer names no sub-brand, so the assigned SKU is plausible but the size is unresolved.",0,237,,,False,False,False,False
372,Al Kabee Zing FISH Fillet Hot N Spicy,CFZFB,ZING FISH FILLETS MILD SPICY,v2_synthetic_by_construction,CORRECT_BUT_LOW_CONFIDENCE,,,"Assigned SKU carries rule defect(s) ['family_contradiction'], but no SKU among all 237 is objectively superior, so no replacement is justified.",deterministic,CORRECT_BUT_LOW_CONFIDENCE,"CFZFB is the only ZING fish fillet SKU on the slate and is rank 1/237 on both name (75) and rule (57); all chicken ZING rivals carry prot=0 and cat_ok=0. However the offer says HOT N SPICY while the SKU is MILD SPICY, a genuine spice-level difference with no hot-and-spicy zing fish alternative available; fam=0 here despite both sides being FILLETS.",0,237,family_contradiction,,False,False,False,False
373,AL KABBER Zinger Fish fillets SPICY,CFZFB,ZING FISH FILLETS MILD SPICY,v2_synthetic_by_construction,VERIFIED_CORRECT,,,"Best of all 237 SKUs on name similarity (80.8, margin +14.7); no attribute conflict; pack unknown.",deterministic,VERIFIED_CORRECT,"'Zinger Fish fillets SPICY' aligns with CFZFB (ZING FISH FILLETS MILD SPICY) on sub-brand, protein, family and spice direction; rank 1/237 name (81), 15 points clear of the next candidate, and every closer-scoring zing rival is chicken (prot=0, cat_ok=0).",0,237,,,False,False,False,False
374,AL-KABEEZ AK Pro Chicken BURGERS,CKB24PR,AK PRO CHICKEN BURGER 24,v2_synthetic_by_construction,VERIFIED_CORRECT,,,"Assigned SKU accounts for every distinguishing word in the offer (['burger', 'chicken', 'pro']) and introduces none the offer does not state; protein/family/variant compatible, pack unknown; no superior SKU exists among all 237.",deterministic,VERIFIED_CORRECT,"Offer explicitly names the AK Pro sub-brand, so the plain-line burgers scoring higher on name (CKKB/CKKB8 at 85) are excluded; assigned CKB24PR is rank 1/237 on rule (66) and the highest-scoring AK PRO plain chicken burger (name 82 vs CKKB50PR 72, CKBBADPR 65 which is breaded).",0,237,,,False,False,False,False
375,ALKABEEER AK PRO CHICKEN Burgers,CKB24PR,AK PRO CHICKEN BURGER 24,v2_synthetic_by_construction,VERIFIED_CORRECT,,,"Assigned SKU accounts for every distinguishing word in the offer (['burger', 'chicken', 'pro']) and introduces none the offer does not state; protein/family/variant compatible, pack unknown; no superior SKU exists among all 237.",deterministic,VERIFIED_CORRECT,"Same construction as row 374: 'AK PRO CHICKEN Burgers' matches CKB24PR on sub-brand, protein and family, rank 1/237 rule (68) and top AK PRO name (83 vs 69 for CKKB50PR and 69 for the breaded CKBBADPR); higher-name plain SKUs lack the stated AK PRO sub-brand.",0,237,,,False,False,False,False
376,Alkaberer Chicken Burgers,CKBB,8 BREADED CHICKEN BURGERS,v2_synthetic_by_construction,INCORRECT,CKKB,4 CHICKEN BURGERS,"CKKB (4 CHICKEN BURGERS) is superior: assigned SKU is over-specific: it adds 1 word(s) the offer never states, the replacement adds none. Offer words covered by replacement=['burger', 'chicken'] vs assigned=['burger', 'chicken']; over-specific words replacement=0 vs assigned=1; name similarity 89.0 vs 78.2 (+10.8); protein=1 family=1 pack=unknown; spec '200 Gms x 30 Pkts'. All 237 master SKUs were compared before selecting this replacement.",deterministic,INCORRECT,"Offer 'Chicken Burgers' states no coating, but the assigned CKBB is 8 BREADED CHICKEN BURGERS; breaded and plain are distinct products by business rule. Plain CKKB8 (8 CHICKEN BURGERS, 400 Gms x 20) matches the offer's product identity exactly and scores name 89 (>=85) versus the assigned 78, with the same 400 g pack size as CKBB.",4,237,,,False,False,False,False
377,Al kbeer Chckn Burger,CKBB,8 BREADED CHICKEN BURGERS,v2_synthetic_by_construction,INCORRECT,CKKB,4 CHICKEN BURGERS,"CKKB (4 CHICKEN BURGERS) is superior: assigned SKU is over-specific: it adds 1 word(s) the offer never states, the replacement adds none. Offer words covered by replacement=['burger', 'chicken'] vs assigned=['burger', 'chicken']; over-specific words replacement=0 vs assigned=1; name similarity 74.5 vs 65.0 (+9.5); protein=1 family=0 pack=unknown; spec '200 Gms x 30 Pkts'. All 237 master SKUs were compared before selecting this replacement.",deterministic,INCORRECT,"Assigned CKBB again adds a BREADED coating absent from the offer 'Chckn Burger' and ranks only 8/237 on name (65) with fam=0 flagged. Plain CKKB8 (8 CHICKEN BURGERS 400 Gms) shares the assigned SKU's pack size, carries no unstated coating attribute, and scores higher on both name (74) and rule (44 vs 40).",4,237,family_contradiction,,False,False,False,False
378,Al Kaber Chckn Burger 3 x 50 gm,CKBBA50,BREADED CHICKEN BURGERS 50GM CAT,v2_synthetic_by_construction,INCORRECT,CKKB,4 CHICKEN BURGERS,"CKKB (4 CHICKEN BURGERS) is superior: assigned SKU is over-specific: it adds 3 word(s) the offer never states, the replacement adds none. Offer words covered by replacement=['burger', 'chicken'] vs assigned=['burger', 'chicken']; over-specific words replacement=0 vs assigned=3; name similarity 70.4 vs 57.1 (+13.3); protein=1 family=0 pack=INCOMPATIBLE; spec '200 Gms x 30 Pkts'. All 237 master SKUs were compared before selecting this replacement.",deterministic,CORRECT_BUT_LOW_CONFIDENCE,"The offer's declared '3 x 50 gm' (150 g) matches no SKU in the catalogue - every candidate returns pack=INCOMPATIBLE - so no replacement can repair the label. CKBBA50 is the only slate SKU whose name encodes the stated 50 g piece weight, which is the single concrete anchor, though its BREADED/catering attributes are not stated in the offer (rank 19/237 name, fam=0).",4,237,pack_incompatible|family_contradiction,,False,True,False,False
379,Alkabeers Chckn burgers (50g),CKBBA50,BREADED CHICKEN BURGERS 50GM CAT,v2_synthetic_by_construction,CORRECT_BUT_LOW_CONFIDENCE,,,"Assigned SKU carries rule defect(s) ['pack_incompatible'], but no SKU among all 237 is objectively superior, so no replacement is justified.",deterministic,CORRECT_BUT_LOW_CONFIDENCE,"Offer declares '(50g)' against a 1 Kgs x 5 spec, so pack=INCOMPATIBLE for the assigned SKU and for every candidate on the slate; the label is unreachable at inference. CKBBA50 is retained because it is the only candidate naming 50GM explicitly, but the plain 50 g-per-piece burgers CKKB8/CKKB (name 83 vs assigned 68) are equally consistent with the text and the offer never says 'breaded' or catering.",0,237,pack_incompatible,,False,True,False,False
380,Alkabeers Chiken Burgers,CKBBAD,Breaded Chicken Burger Bag (56 g.),v2_synthetic_by_construction,INCORRECT,CKKB,4 CHICKEN BURGERS,"CKKB (4 CHICKEN BURGERS) is superior: assigned SKU is over-specific: it adds 2 word(s) the offer never states, the replacement adds none. Offer words covered by replacement=['burger', 'chicken'] vs assigned=['burger', 'chicken']; over-specific words replacement=0 vs assigned=2; name similarity 87.8 vs 66.5 (+21.3); protein=1 family=1 pack=unknown; spec '200 Gms x 30 Pkts'. All 237 master SKUs were compared before selecting this replacement.",deterministic,INCORRECT,"Offer 'Alkabeers Chiken Burgers' is a plain, generic chicken-burger text with no coating, format or size token, yet the assigned CKBBAD is the BREADED bag/56 g format (name=66.5, only rank 17/237). Four plain 'CHICKEN BURGERS' SKUs beat it decisively on the undiluted name signal (CKKB8=88, CKKB=88, CKKB24=86, CKCKB=86); CKKB8 (8 CHICKEN BURGERS, 400 Gms x 20) is the top-scoring plain retail burger with prot=1, fam=1, cat_ok=1, and the offer never says 'breaded', so the breaded/bag coating attribute is unsupported.",4,237,,,False,False,False,False
381,Alkabeers chicken Burger (56 gm),CKBBAD,Breaded Chicken Burger Bag (56 g.),v2_synthetic_by_construction,CORRECT_BUT_LOW_CONFIDENCE,,,"Assigned SKU carries rule defect(s) ['pack_incompatible'], but no SKU among all 237 is objectively superior, so no replacement is justified.",deterministic,CORRECT_BUT_LOW_CONFIDENCE,"Offer states '(56 gm)' and the assigned CKBBAD is literally 'Breaded Chicken Burger Bag (56 g.)' (name=82.4, matching parenthetical piece weight and the same 840 g x 9 case), but its plain twin CKCKB 'CHICKEN BURGERS 56 g' shares the identical 840 g x 9 spec and scores higher on name (87) while the offer never says 'breaded' - a genuine breaded-vs-plain near-tie (4.6 name points). The pack=INCOMPATIBLE flag is a unit-vs-case parsing artifact (56 g piece weight vs 840 g case) since every candidate including the 56 g-named CKCKB is flagged INCOMPATIBLE.",0,237,pack_incompatible,,False,True,False,False
382,ALKABEEER AK PRO Chicken Burgers,CKBBADPR,AK PRO Breaded Chicken Burger Bag 840 g. x 8,v2_synthetic_by_construction,INCORRECT,CKB24PR,AK PRO CHICKEN BURGER 24,"CKB24PR (AK PRO CHICKEN BURGER 24) is superior: assigned SKU is over-specific: it adds 2 word(s) the offer never states, the replacement adds none. Offer words covered by replacement=['burger', 'chicken', 'pro'] vs assigned=['burger', 'chicken', 'pro']; over-specific words replacement=0 vs assigned=2; name similarity 82.8 vs 68.6 (+14.3); protein=1 family=1 pack=unknown; spec '1.392 kg x 6 Pkts'. All 237 master SKUs were compared before selecting this replacement.",deterministic,CORRECT_BUT_LOW_CONFIDENCE,"Offer 'AK PRO Chicken Burgers' fixes protein, family and sub-brand but states no size, and three AK PRO chicken burger SKUs are each defensible: CKB24PR (1.392 kg x 6, name=83), CKKB50PR (1 kg x 10, name=69) and the assigned CKBBADPR (840 gm x 8, name=68.6, rule rank 1st-tier 3/237). Assigned matches sub-brand and family with prot=1 fam=1 var=1 cat_ok=1, but the choice between AK PRO burger pack formats is unresolvable from the text and CKBBADPR additionally asserts 'breaded', which the offer does not.",2,237,,,False,False,False,False
383,ALKABEEER A/K Pro CHICKEN Burgers (840 gm),CKBBADPR,AK PRO Breaded Chicken Burger Bag 840 g. x 8,v2_synthetic_by_construction,CORRECT_BUT_LOW_CONFIDENCE,,,"No SKU among all 237 is objectively superior, but the assigned SKU is not a clear winner: offer words unaccounted for []; name rank 9/237 (69.3).",deterministic,VERIFIED_CORRECT,"Offer 'A/K Pro CHICKEN Burgers (840 gm)' pins both the AK PRO sub-brand and 840 gm, and CKBBADPR (AK PRO Breaded Chicken Burger Bag, 840 gm x 8) is the only AK PRO burger with a compatible declared weight (pack=compatible, rule rank 1/237); every rival AK PRO burger (CKB24PR 1.392 kg, CKKB50PR 1 kg) is pack=INCOMPATIBLE, and the higher-name plain CKKB8/CKKB lack the AK PRO sub-brand.",0,237,,,False,False,False,False
384,Alkaberer Chckn Burger spicy,CKBBS,8 BREADED CHICKEN BURGER HOT & SPICY,v2_synthetic_by_construction,CORRECT_BUT_LOW_CONFIDENCE,,,"No SKU among all 237 is objectively superior, but the assigned SKU is not a clear winner: offer words unaccounted for []; name rank 1/237 (68.9).",deterministic,VERIFIED_CORRECT,"Offer 'Chckn Burger spicy' names the spice variant, and CKBBS (8 BREADED CHICKEN BURGER HOT & SPICY) is the only chicken-burger SKU in the master carrying a spicy variant; it is rank_name 1/237 with prot=1 fam=1 var=1 cat_ok=1, while all plain burger contenders (CKKB8, CKKB, CKKB24, CKCKB) carry var=0 against this offer.",0,237,,,False,False,False,False
385,Alkaberer Chicken burgers SPICY,CKBBS,8 BREADED CHICKEN BURGER HOT & SPICY,v2_synthetic_by_construction,CORRECT_BUT_LOW_CONFIDENCE,,,"No SKU among all 237 is objectively superior, but the assigned SKU is not a clear winner: offer words unaccounted for []; name rank 7/237 (72.5).",deterministic,VERIFIED_CORRECT,"Offer 'Chicken burgers SPICY' states spice, and CKBBS is the only HOT & SPICY chicken burger SKU (rule rank 1/237, name=72.5, var=1). The higher-name contenders CKKB/CKKB8 (85) and CKCKB (78) are plain non-spicy burgers, and the business rule makes SPICY vs plain non-interchangeable, so the name delta is explained by the missing spice token on those SKUs.",0,237,,,False,False,False,False
386,Alkaberer Fish stick,CFSA,FISH STICKS BULK,v2_synthetic_by_construction,VERIFIED_CORRECT,,,"Best of all 237 SKUs on name similarity (73.8, margin +15.0); no attribute conflict; pack unknown.",deterministic,VERIFIED_CORRECT,"Offer 'Fish stick' matches CFSA (FISH STICKS BULK) as the single fish-stick SKU in the master: rank 1/237 on both name (73.8) and rule, prot=1, fam=1, cat_ok=1. The only other 'STICKS' contenders are chicken (CCKSB, CKCCS, CKCCSA) with prot=0 and cat_ok=0, and no non-bulk fish-stick SKU exists to compete on the unstated pack size.",0,237,,,False,False,False,False
387,Alkabeers Tayebat CHICKEN burgers,CKBBT,TAYEBAT BREADED CHICKEN BURGERS BULK,v2_synthetic_by_construction,INCORRECT,CKBT,TAYEBAT CHICKEN BURGER,"CKBT (TAYEBAT CHICKEN BURGER) is superior: assigned SKU is over-specific: it adds 2 word(s) the offer never states, the replacement adds none. Offer words covered by replacement=['burger', 'chicken', 'tayebat'] vs assigned=['burger', 'chicken', 'tayebat']; over-specific words replacement=0 vs assigned=2; name similarity 95.7 vs 82.4 (+13.3); protein=1 family=1 pack=unknown; spec '1 Kgs x 9 Pkts'. All 237 master SKUs were compared before selecting this replacement.",deterministic,INCORRECT,"Offer 'Tayebat CHICKEN burgers' states sub-brand plus plain product only, while the assigned CKBBT adds two attributes the offer never mentions (BREADED and BULK) and scores name=82.4 at rank 6/237. CKBT 'TAYEBAT CHICKEN BURGER' is a near-verbatim match at name=96 and rule=75, both the top of the slate, with prot=1 fam=1 var=1 cat_ok=1, so the plain Tayebat burger objectively beats the breaded bulk variant.",2,237,,,False,False,False,False
388,Alkabeers TAYEBAT Chicken Burger,CKBBTY,TAYEBAT BREADED CHICKEN BURGERS 840 g. x 8 Pkts,v2_synthetic_by_construction,INCORRECT,CKBT,TAYEBAT CHICKEN BURGER,"CKBT (TAYEBAT CHICKEN BURGER) is superior: assigned SKU is over-specific: it adds 1 word(s) the offer never states, the replacement adds none. Offer words covered by replacement=['burger', 'chicken', 'tayebat'] vs assigned=['burger', 'chicken', 'tayebat']; over-specific words replacement=0 vs assigned=1; name similarity 98.6 vs 73.2 (+25.4); protein=1 family=1 pack=unknown; spec '1 Kgs x 9 Pkts'. All 237 master SKUs were compared before selecting this replacement.",deterministic,INCORRECT,"Offer 'TAYEBAT Chicken Burger' (singular, no coating, no size) is an essentially verbatim match to CKBT 'TAYEBAT CHICKEN BURGER' which scores name=99 and rule=74 with fam=1, the top of the slate. The assigned CKBBTY is the BREADED 840 g. x 8 variant at name=73.2 with fam=0 (flagged family_contradiction), asserting both a coating and a pack size absent from the offer text.",2,237,family_contradiction,,False,False,False,False
389,ALKABEEER TAYEBAT Chicken Burger 840g,CKBBTY,TAYEBAT BREADED CHICKEN BURGERS 840 g. x 8 Pkts,v2_synthetic_by_construction,CORRECT_BUT_LOW_CONFIDENCE,,,"Assigned SKU carries rule defect(s) ['family_contradiction'], but no SKU among all 237 is objectively superior, so no replacement is justified.",deterministic,VERIFIED_CORRECT,"Offer 'TAYEBAT Chicken Burger 840g' declares 840 g, and CKBBTY (TAYEBAT BREADED CHICKEN BURGERS, 840 g. x 8) is the only Tayebat burger with pack=compatible; the otherwise higher-name CKBT (name=94) is 1 Kgs x 9 and CKBTY is 1 kg x 10, both pack=INCOMPATIBLE, so the stated size decisively selects the assigned SKU. fam=0 is a flag artifact - product identity, protein and category all agree.",0,237,family_contradiction,,False,False,False,False
390,Alkabheer Chkn Fillet,CKBCF,BREADED CHICKEN FILLETS,v2_synthetic_by_construction,CORRECT_BUT_LOW_CONFIDENCE,,,"Assigned SKU carries rule defect(s) ['family_contradiction'], but no SKU among all 237 is objectively superior, so no replacement is justified.",deterministic,VERIFIED_CORRECT,"Offer 'Chkn Fillet' carries no sub-brand, spice or bulk token, and CKBCF (BREADED CHICKEN FILLETS, 450 Gms x 12) is the base plain-brand retail fillet, ranked 1/237 on name (68.2) with prot=1, var=1, cat_ok=1. Every close contender adds an unstated qualifier: CKBCFFAPR (AK PRO), CKBCFS (BULK), CKBCFH (HOT N SPICY), CKZF (ZING), or is fish (CFBF).",0,237,family_contradiction,,False,False,False,False
391,AL-KABEEZ Chckn Fillets,CKBCF,BREADED CHICKEN FILLETS,v2_synthetic_by_construction,CORRECT_BUT_LOW_CONFIDENCE,,,"No SKU among all 237 is objectively superior, but the assigned SKU is not a clear winner: offer words unaccounted for []; name rank 1/237 (71.1).",deterministic,VERIFIED_CORRECT,"Offer 'Chckn Fillets' is generic plain-brand text and CKBCF is rank 1/237 on name (71.1) with prot=1 fam=1 var=1 cat_ok=1. The next contenders all add qualifiers the offer omits - CKZF/CKZFA/CKZFDA5 are ZING sub-brand, CKBCFS is BULK, CKBCFFAPR is AK PRO, CKBCFH is HOT N SPICY - so the base retail breaded chicken fillet is the correct default.",0,237,,,False,False,False,False
392,Alkabheer A/K Pro Chicken fillets,CKBCFFAPR,AK PRO Breaded Chicken Fillets,v2_synthetic_by_construction,VERIFIED_CORRECT,,,"Best of all 237 SKUs on name similarity (80.6, margin +4.0); no attribute conflict; pack unknown.",deterministic,VERIFIED_CORRECT,"Offer 'A/K Pro Chicken fillets' names the AK PRO sub-brand and CKBCFFAPR (AK PRO Breaded Chicken Fillets) is the only AK PRO chicken-fillet SKU; it ranks 1/237 on both name (80.6) and rule (62.9) with prot=1 fam=1 var=1 cat_ok=1. Other AK PRO items on the slate are a different product identity (CKNAPR nuggets, CKB24PR burgers, fam=0).",0,237,,,False,False,False,False
393,Alkabheer AK Pro CHICKEN fillets,CKBCFFAPR,AK PRO Breaded Chicken Fillets,v2_synthetic_by_construction,VERIFIED_CORRECT,,,"Best of all 237 SKUs on name similarity (84.4, margin +7.4); no attribute conflict; pack unknown.",deterministic,VERIFIED_CORRECT,"Offer 'AK Pro CHICKEN fillets' matches CKBCFFAPR on sub-brand, protein and family; it is rank 1/237 on both name (84.4) and rule (67.3), well clear of CKBCF (77) which lacks AK PRO and of CKNAPR (72, nuggets, fam=0). No competing AK PRO chicken-fillet SKU exists.",0,237,,,False,False,False,False
394,Alkabheer Chicken fillets Hot & Spicy,CKBCFH,BREADED CHICKEN FILLETS HOT N SPICY,v2_synthetic_by_construction,VERIFIED_CORRECT,,,"Best of all 237 SKUs on name similarity (84.7, margin +3.5); no attribute conflict; pack unknown.",deterministic,VERIFIED_CORRECT,"Offer 'Chicken fillets Hot & Spicy' matches CKBCFH (BREADED CHICKEN FILLETS HOT N SPICY) verbatim on product identity and spice variant, rank 1/237 on name (84.7) with prot=1 fam=1 var=1 cat_ok=1. The offer declares no BULK, ZING or size token, so the 330 Gms x 20 retail SKU is the correct default over CKBCFHA (BULK, 81), CKBCFHDA (750 g, 72) and CKZFDA (ZING, 72).",0,237,,,False,False,False,False
395,Alkaberer chicken FILLETS HOT & SPICY,CKBCFH,BREADED CHICKEN FILLETS HOT N SPICY,v2_synthetic_by_construction,VERIFIED_CORRECT,,,"Best of all 237 SKUs on name similarity (84.7, margin +3.5); no attribute conflict; pack unknown.",deterministic,VERIFIED_CORRECT,"Offer 'chicken FILLETS HOT & SPICY' is an exact identity plus spice match to CKBCFH, which ranks 1/237 on both name (84.7) and rule (64.6). No bulk, sub-brand or size qualifier appears in the offer, so the base retail spicy breaded fillet beats CKBCFHA (BULK), CKBCFHDA (750 GMS) and the ZING-branded CKZFDA.",0,237,,,False,False,False,False
396,AL KABBER chicken fillets Hot N Spicy,CKBCFHA,BREADED CHICKEN FILLETS HOT N SPICY BULK,v2_synthetic_by_construction,CORRECT_BUT_LOW_CONFIDENCE,,,"No SKU among all 237 is objectively superior, but the assigned SKU is not a clear winner: offer words unaccounted for []; name rank 2/237 (81.9).",deterministic,CORRECT_BUT_LOW_CONFIDENCE,"Product identity, protein and spice all agree (assigned CKBCFHA = BREADED CHICKEN FILLETS HOT N SPICY BULK, prot=1 fam=1 var=1 cat_ok=1, rule rank 1/237), but the offer 'chicken fillets Hot N Spicy' contains no BULK or size token while the assigned is the 1 Kgs x 5 catering pack; the retail CKBCFH (330 Gms x 20) outscores it on name 86 vs 81.9. Same product differing only in an unstated pack size, so the label is plausible but unresolvable.",0,237,,,False,False,False,False
397,Alkabheer CHICKEN Fillet Hot n Spicy,CKBCFHA,BREADED CHICKEN FILLETS HOT N SPICY BULK,v2_synthetic_by_construction,CORRECT_BUT_LOW_CONFIDENCE,,,"Assigned SKU carries rule defect(s) ['family_contradiction'], but no SKU among all 237 is objectively superior, so no replacement is justified.",deterministic,CORRECT_BUT_LOW_CONFIDENCE,"Offer 'CHICKEN Fillet Hot n Spicy' agrees with CKBCFHA on protein, product identity and spice (rule rank 1/237) but states neither BULK nor any weight, while the assigned is the 1 Kgs x 5 catering pack and the retail twin CKBCFH leads on name 86 vs 80.8. The distinction is purely retail-vs-bulk pack, which the offer text cannot resolve; fam=0 here is a flag artifact since both are FILLETS.",0,237,family_contradiction,,False,False,False,False
398,Al Kaber chicken Fillet Hot N Spicy,CKBCFHDA,BREADED CHICKEN FILLET SPICY 750 GMS,v2_synthetic_by_construction,CORRECT_BUT_LOW_CONFIDENCE,,,"No SKU among all 237 is objectively superior, but the assigned SKU is not a clear winner: offer words unaccounted for []; name rank 5/237 (70.2).",deterministic,CORRECT_BUT_LOW_CONFIDENCE,"Offer 'chicken Fillet Hot N Spicy' declares no weight, so the assigned CKBCFHDA (BREADED CHICKEN FILLET SPICY 750 GMS) competes with CKBCFH (330 Gms x 20, name=83) and CKBCFHA (1 Kgs x 5, name=79) which are the same plain-brand breaded spicy chicken fillet at different pack sizes; assigned sits at name=70.2 rank 5/237 with prot=1 fam=1 var=1. Correct product line and spice variant, but the size selection is arbitrary from this text.",0,237,,,False,False,False,False
399,AL KABBER CHICKEN Filets Spicy,CKBCFHDA,BREADED CHICKEN FILLET SPICY 750 GMS,v2_synthetic_by_construction,CORRECT_BUT_LOW_CONFIDENCE,,,"No SKU among all 237 is objectively superior, but the assigned SKU is not a clear winner: offer words unaccounted for []; name rank 5/237 (69.7).",deterministic,CORRECT_BUT_LOW_CONFIDENCE,"Offer 'CHICKEN Filets Spicy' names no sub-brand, so the higher-name CKZFDA (73) and the other Zing entries are excluded by the ZING sub-brand rule, correctly leaving a plain-brand spicy breaded fillet; the assigned CKBCFHDA (750 GMS X 8, name=69.7, prot=1 fam=1 var=1 cat_ok=1) is defensible but is a near-tie with CKBCFH (330 Gms x 20, 72) and CKBCFHA (1 Kgs x 5, 70) since the offer declares no weight.",0,237,,,False,False,False,False
400,Al Kabee Chiken Filets Non-Spicy 3 x 750g,CKBCFNSA,BREADED CHICKEN FILLET NON-SPICY 750 GMS,v2_synthetic_by_construction,CORRECT_BUT_LOW_CONFIDENCE,,,"No SKU among all 237 is objectively superior, but the assigned SKU is not a clear winner: offer words unaccounted for ['750g', 'kabee']; name rank 7/237 (69.1).",deterministic,VERIFIED_CORRECT,"Offer states chicken fillets, non-spicy, 750g with no sub-brand or promo marker; CKBCFNSA is exactly BREADED CHICKEN FILLET NON-SPICY 750 GMS with pack=compatible, prot/fam/var all 1. Higher-name contenders are either a +33% promo pack (CKBCFNSAP) or ZING sub-brand (CKZFNS), neither of which the offer text supports.",0,237,,,False,False,False,False
401,AL KABBER Chkn Filets Not Spicy,CKBCFNSA,BREADED CHICKEN FILLET NON-SPICY 750 GMS,v2_synthetic_by_construction,CORRECT_BUT_LOW_CONFIDENCE,,,"No SKU among all 237 is objectively superior, but the assigned SKU is not a clear winner: offer words unaccounted for []; name rank 8/237 (62.0).",deterministic,VERIFIED_CORRECT,"Offer says 'Chkn Filets Not Spicy' with no sub-brand, no promo and no size; CKBCFNSA is the only plain (non-ZING, non-TAYEBAT, non-promo) breaded chicken fillet non-spicy SKU. The higher-name contenders CKBCFH/CKBCFHA are HOT N SPICY (variant conflict with 'Not Spicy') and CKBCFNSAP is a +33% promo pack.",0,237,,,False,False,False,False
402,Alkabheer Tayebat Chicken BURGERS,CKBBT,TAYEBAT BREADED CHICKEN BURGERS BULK,v2_synthetic_by_construction,INCORRECT,CKBT,TAYEBAT CHICKEN BURGER,"CKBT (TAYEBAT CHICKEN BURGER) is superior: assigned SKU is over-specific: it adds 2 word(s) the offer never states, the replacement adds none. Offer words covered by replacement=['burger', 'chicken', 'tayebat'] vs assigned=['burger', 'chicken', 'tayebat']; over-specific words replacement=0 vs assigned=2; name similarity 87.0 vs 77.4 (+9.6); protein=1 family=1 pack=unknown; spec '1 Kgs x 9 Pkts'. All 237 master SKUs were compared before selecting this replacement.",deterministic,INCORRECT,"Offer is 'Tayebat Chicken BURGERS' with no BREADED and no BULK/size marker, while assigned CKBBT is TAYEBAT BREADED CHICKEN BURGERS BULK (900g x 9). Contender CKBT 'TAYEBAT CHICKEN BURGER' matches the offer tokens exactly and beats the assigned on both signals (name 87 vs 77, rule 69 vs 65); coating (breaded vs plain) and retail-vs-bulk are distinct SKUs per business rules.",1,237,,,False,False,False,False
403,ALKABEEER VEGETABLE Samosas,CVSA,12 VEGETABLE SAMOSAS,v2_synthetic_by_construction,CORRECT_BUT_LOW_CONFIDENCE,,,"Assigned SKU accounts for every distinguishing word in the offer (['samosa', 'vegetable']) and introduces none the offer does not state; protein/family/variant compatible, pack unknown; no superior SKU exists among all 237.",deterministic+agent_downgrade,CORRECT_BUT_LOW_CONFIDENCE,"CVSA (12 VEGETABLE SAMOSAS) is the best semantic match (name 88, rank 1/237) and product identity agrees, but cat_ok=0 (runtime_category=Veg vs master cat2=Dough) makes the pair unreachable by the deployed candidate generator, and every candidate shares cat=0 so no replacement is reachable; the offer also states no size, leaving CVSA (240g retail) vs CVSAA (1.2kg bulk) unresolved.",0,237,,category_gate_unreachable,False,False,True,False
404,AL-KABEEZ zing CHICKEN STRIPS,CKZSSR,ZING CHICKEN STRIPS SRIRACHA,v2_synthetic_by_construction,INCORRECT,CKZS,ZING CHICKEN STRIPS,"CKZS (ZING CHICKEN STRIPS) is superior: assigned SKU is over-specific: it adds 1 word(s) the offer never states, the replacement adds none. Offer words covered by replacement=['chicken', 'strip', 'zing'] vs assigned=['chicken', 'strip', 'zing']; over-specific words replacement=0 vs assigned=1; name similarity 93.1 vs 78.5 (+14.6); protein=1 family=1 pack=unknown; spec '320 Gms x 20 Pkts'. All 237 master SKUs were compared before selecting this replacement.",deterministic,INCORRECT,"Offer is plain 'zing CHICKEN STRIPS' with no flavour qualifier, but assigned CKZSSR is the SRIRACHA flavour variant. Base SKU CKZS 'ZING CHICKEN STRIPS' scores name 93 (rank 1) vs 78 for the assigned and rule 65 vs 61, with identical product identity; flavour/spice variants are distinct SKUs.",1,237,,,False,False,False,False
405,AL-KABEEZ Lamb KIBBEH,CLK,LAMB KIBBEH,v2_synthetic_by_construction,VERIFIED_CORRECT,,,"Assigned SKU accounts for every distinguishing word in the offer (['kibbeh', 'lamb']) and introduces none the offer does not state; protein/family/variant compatible, pack unknown; no superior SKU exists among all 237.",deterministic,VERIFIED_CORRECT,"Offer 'Lamb KIBBEH' matches CLK (LAMB KIBBEH) exactly: name 90 and rule both rank 1/237, prot=1 against lamb, and the offer carries no BULK or catering marker that would favour CLKA (name 80). Beef/chicken kibbeh contenders all have prot=0.",0,237,,,False,False,False,False
406,Al Kabee Lamb KIBBEH,CLKA,LAMB KIBBEH BULK,v2_synthetic_by_construction,INCORRECT,CLK,LAMB KIBBEH,"CLK (LAMB KIBBEH) is superior: assigned SKU is over-specific: it adds 1 word(s) the offer never states, the replacement adds none. Offer words covered by replacement=['kibbeh', 'lamb'] vs assigned=['kibbeh', 'lamb']; over-specific words replacement=0 vs assigned=1; name similarity 90.3 vs 80.2 (+10.1); protein=1 family=1 pack=unknown; spec '400 Gms x 12 Pkts'. All 237 master SKUs were compared before selecting this replacement.",deterministic,CORRECT_BUT_LOW_CONFIDENCE,"Assigned CLKA (LAMB KIBBEH BULK) and top contender CLK (LAMB KIBBEH, name 90 vs 80) are the same product differing only in retail vs bulk pack, and the offer 'Al Kabee Lamb KIBBEH' states no size or bulk indicator, so the choice is unresolvable from the text rather than objectively wrong.",1,237,,,False,False,False,False
407,ALKABEEER AK PRO Beef Meat Ball 3x1000gm,CMBAKAPR,AK PRO Beef Meat Balls 1 kg x 10,v2_synthetic_by_construction,VERIFIED_CORRECT,,,"Best of all 237 SKUs on name similarity (77.1, margin +14.1); no attribute conflict; pack compatible.",deterministic,VERIFIED_CORRECT,"Offer names AK PRO, beef, meat ball and 3x1000gm; CMBAKAPR (AK PRO Beef Meat Balls 1 kg x 10) agrees on sub-brand, protein, product family and size with pack=compatible, ranking 1/237 on both name (77) and rule (59). Contenders CMBAK (300g) and CBBAGPR (burgers) are pack-INCOMPATIBLE or a different family.",0,237,,,False,False,False,False
408,Al Kabeer A.K PRO Beef Meat Balls 1 kilo,CMBAKAPR,AK PRO Beef Meat Balls 1 kg x 10,v2_synthetic_by_construction,CORRECT_BUT_LOW_CONFIDENCE,,,"No SKU among all 237 is objectively superior, but the assigned SKU is not a clear winner: offer words unaccounted for ['kilo']; name rank 2/237 (82.6).",deterministic,VERIFIED_CORRECT,"Offer states A.K PRO, Beef Meat Balls, 1 kilo; CMBAKAPR matches sub-brand, protein, family and the 1 kg unit (rule 62, rank 1/237). The marginally higher-name CMBAK (84 vs 83) is plain MEAT BALLS 300g with no AK PRO sub-brand and the wrong unit size.",0,237,,,False,False,False,False
409,Al Kaber AK PRO Beef Meat Ball 1 kilo,CMBAKAPR,AK PRO Beef Meat Balls 1 kg x 10,v2_synthetic_by_construction,VERIFIED_CORRECT,,,"Best of all 237 SKUs on name similarity (74.2, margin +11.2); no attribute conflict; pack unknown.",deterministic,VERIFIED_CORRECT,"CMBAKAPR ranks 1/237 on both name (74) and rule (59) and agrees on every stated attribute of 'AK PRO Beef Meat Ball 1 kilo': AK PRO sub-brand, beef protein, MEAT BALLS family and 1 kg unit. Next contender CBBAGPR is a burger, not meat balls.",0,237,,,False,False,False,False
410,Al-Kabeer AK Pro Beef MEAT BALLS 1 KG,CMBAKAPR,AK PRO Beef Meat Balls 1 kg x 10,v2_synthetic_by_construction,VERIFIED_CORRECT,,,"Assigned SKU accounts for every distinguishing word in the offer (['ball', 'beef', 'meat', 'pro']) and introduces none the offer does not state; protein/family/variant compatible, pack compatible; no superior SKU exists among all 237.",deterministic,VERIFIED_CORRECT,"Near-exact textual match: CMBAKAPR scores name 94 and rule 71, both rank 1/237, with pack=compatible for the stated 1 KG, plus matching AK PRO sub-brand and beef protein. Runner-up CMBAK (300g) is pack=INCOMPATIBLE and lacks the AK PRO line.",0,237,,,False,False,False,False
411,Al kabeer AK PRO Beef Meat Balls 1 kilo,CMBAKAPR,AK PRO Beef Meat Balls 1 kg x 10,v2_synthetic_by_construction,VERIFIED_CORRECT,,,"Best of all 237 SKUs on name similarity (87.7, margin +3.0); no attribute conflict; pack unknown.",deterministic,VERIFIED_CORRECT,"Offer 'AK PRO Beef Meat Balls 1 kilo' maps to CMBAKAPR with name 88 and rule 66, both rank 1/237, agreeing on sub-brand, protein, family and 1 kg unit; the CMBAK contender is the non-AK-PRO 300g retail item.",0,237,,,False,False,False,False
412,Al Kabeer A/K Pro Beef MEAT BALLS 1kg,CMBAKAPR,AK PRO Beef Meat Balls 1 kg x 10,v2_synthetic_by_construction,VERIFIED_CORRECT,,,"Best of all 237 SKUs on name similarity (90.6, margin +3.8); no attribute conflict; pack compatible.",deterministic,VERIFIED_CORRECT,"CMBAKAPR is rank 1/237 on name (91) and rule (66) with pack=compatible for the stated 1kg, matching A/K Pro sub-brand, beef protein and MEAT BALLS family. CMBAK (300g) is pack=INCOMPATIBLE and CKBMTY is the TAYEBAT sub-brand.",0,237,,,False,False,False,False
413,Al Kabee A.K PRO Beef Meat Ball 1 Kg,CMBAKAPR,AK PRO Beef Meat Balls 1 kg x 10,v2_synthetic_by_construction,VERIFIED_CORRECT,,,"Best of all 237 SKUs on name similarity (76.7, margin +11.4); no attribute conflict; pack compatible.",deterministic,VERIFIED_CORRECT,"Offer states A.K PRO, Beef, Meat Ball, 1 Kg; CMBAKAPR agrees on all four and is rank 1/237 on name (77) and rule (61) with pack=compatible. The nearest alternatives are either pack-INCOMPATIBLE (CMBAK 300g) or a different sub-brand (CKBMTY TAYEBAT).",0,237,,,False,False,False,False
414,Alkabeer A/K Pro Beef Meatballs 1 kg,CMBAKAPR,AK PRO Beef Meat Balls 1 kg x 10,v2_synthetic_by_construction,VERIFIED_CORRECT,,,"Best of all 237 SKUs on name similarity (73.8, margin +11.0); no attribute conflict; pack compatible.",deterministic,VERIFIED_CORRECT,"Despite the diluted rule score, CMBAKAPR is rank 1/237 on both name (74) and rule (46) and matches A/K Pro sub-brand, beef protein, meatball family and the stated 1 kg with pack=compatible; contenders CBBAGPR (burgers) and CMBAK (300g) are pack=INCOMPATIBLE and a different item.",0,237,,,False,False,False,False
415,ALKABEER ZING CHICKEN strips,CKZSSB,ZING CHICKEN STRIPS -SMOKEY BUFFALO,v2_synthetic_by_construction,INCORRECT,CKZS,ZING CHICKEN STRIPS,"CKZS (ZING CHICKEN STRIPS) is superior: assigned SKU is over-specific: it adds 2 word(s) the offer never states, the replacement adds none. Offer words covered by replacement=['chicken', 'strip', 'zing'] vs assigned=['chicken', 'strip', 'zing']; over-specific words replacement=0 vs assigned=2; name similarity 100.0 vs 90.1 (+9.9); protein=1 family=1 pack=unknown; spec '320 Gms x 20 Pkts'. All 237 master SKUs were compared before selecting this replacement.",deterministic,INCORRECT,"Offer is plain 'ZING CHICKEN strips' with no flavour qualifier, yet assigned CKZSSB is the SMOKEY BUFFALO flavour. Base SKU CKZS 'ZING CHICKEN STRIPS' scores a perfect name 100 (rank 1) vs 90 and rule 73 vs 67, matching the offer tokens exactly; flavour variants are separate SKUs.",1,237,,,False,False,False,False
416,Al kabeer Zing Chiken Strip,CKZSSR,ZING CHICKEN STRIPS SRIRACHA,v2_synthetic_by_construction,INCORRECT,CKZS,ZING CHICKEN STRIPS,"CKZS (ZING CHICKEN STRIPS) is superior: assigned SKU is over-specific: it adds 1 word(s) the offer never states, the replacement adds none. Offer words covered by replacement=['chicken', 'strip', 'zing'] vs assigned=['chicken', 'strip', 'zing']; over-specific words replacement=0 vs assigned=1; name similarity 94.3 vs 81.7 (+12.6); protein=1 family=1 pack=unknown; spec '320 Gms x 20 Pkts'. All 237 master SKUs were compared before selecting this replacement.",deterministic,INCORRECT,"Offer 'Zing Chiken Strip' carries no flavour cue, but assigned CKZSSR adds SRIRACHA. CKZS (ZING CHICKEN STRIPS) is the literal base product with name 94 vs 82 and rule 50 vs 43, so it is the objectively better match.",1,237,,,False,False,False,False
417,AlKabeer Zinger CHICKEN Strip,CKZSSR,ZING CHICKEN STRIPS SRIRACHA,v2_synthetic_by_construction,INCORRECT,CKZS,ZING CHICKEN STRIPS,"CKZS (ZING CHICKEN STRIPS) is superior: assigned SKU is over-specific: it adds 1 word(s) the offer never states, the replacement adds none. Offer words covered by replacement=['chicken', 'strip', 'zing'] vs assigned=['chicken', 'strip', 'zing']; over-specific words replacement=0 vs assigned=1; name similarity 91.4 vs 81.6 (+9.8); protein=1 family=1 pack=unknown; spec '320 Gms x 20 Pkts'. All 237 master SKUs were compared before selecting this replacement.",deterministic,INCORRECT,"Offer 'Zinger CHICKEN Strip' names no flavour, while assigned CKZSSR is the SRIRACHA variant. Base CKZS ZING CHICKEN STRIPS leads on both signals (name 91 vs 82, rule 50 vs 44) with identical product identity, making the flavoured SKU an unjustified variant addition.",1,237,,,False,False,False,False
418,AlKabeer ZING Chkn strips,CKZSSR,ZING CHICKEN STRIPS SRIRACHA,v2_synthetic_by_construction,INCORRECT,CKZS,ZING CHICKEN STRIPS,"CKZS (ZING CHICKEN STRIPS) is superior: assigned SKU is over-specific: it adds 1 word(s) the offer never states, the replacement adds none. Offer words covered by replacement=['chicken', 'strip', 'zing'] vs assigned=['chicken', 'strip', 'zing']; over-specific words replacement=0 vs assigned=1; name similarity 88.0 vs 78.5 (+9.5); protein=1 family=1 pack=unknown; spec '320 Gms x 20 Pkts'. All 237 master SKUs were compared before selecting this replacement.",deterministic,INCORRECT,"Offer 'ZING Chkn strips' is the unflavoured base item; assigned CKZSSR is SRIRACHA. CKZS scores name 88 (rank 1) vs 78 and rule 61 vs 58 and matches the offer wording exactly, so the flavour variant is not supported by any offer token.",1,237,,,False,False,False,False
419,Al Kabeer Zing CHICKEN Strip,CKZSSR,ZING CHICKEN STRIPS SRIRACHA,v2_synthetic_by_construction,INCORRECT,CKZS,ZING CHICKEN STRIPS,"CKZS (ZING CHICKEN STRIPS) is superior: assigned SKU is over-specific: it adds 1 word(s) the offer never states, the replacement adds none. Offer words covered by replacement=['chicken', 'strip', 'zing'] vs assigned=['chicken', 'strip', 'zing']; over-specific words replacement=0 vs assigned=1; name similarity 98.2 vs 86.1 (+12.1); protein=1 family=1 pack=unknown; spec '320 Gms x 20 Pkts'. All 237 master SKUs were compared before selecting this replacement.",deterministic,INCORRECT,"Offer 'Zing CHICKEN Strip' has no flavour or spice qualifier, but assigned CKZSSR is SRIRACHA. Base CKZS ZING CHICKEN STRIPS scores name 98 (rank 1) vs 86 and rule 62 vs 59 with the same product identity, which is decisive under the rule that flavour variants are distinct SKUs.",1,237,,,False,False,False,False
420,Al Kabeer's ZING CHICKEN Strip,CKZSSR,ZING CHICKEN STRIPS SRIRACHA,v2_synthetic_by_construction,INCORRECT,CKZS,ZING CHICKEN STRIPS,"CKZS (ZING CHICKEN STRIPS) is superior: assigned SKU is over-specific: it adds 1 word(s) the offer never states, the replacement adds none. Offer words covered by replacement=['chicken', 'strip', 'zing'] vs assigned=['chicken', 'strip', 'zing']; over-specific words replacement=0 vs assigned=1; name similarity 94.0 vs 87.1 (+6.8); protein=1 family=1 pack=unknown; spec '320 Gms x 20 Pkts'. All 237 master SKUs were compared before selecting this replacement.",deterministic,INCORRECT,"Offer 'ZING CHICKEN Strip' names no flavour; assigned CKZSSR adds the SRIRACHA flavour line, a distinct SKU. Plain CKZS (ZING CHICKEN STRIPS) matches the offer text exactly and scores name=94 (rank 1/237) vs assigned 87.",1,237,,,False,False,False,False
421,Al Kabee Zinger Chiken Strips,CKZSSR,ZING CHICKEN STRIPS SRIRACHA,v2_synthetic_by_construction,INCORRECT,CKZS,ZING CHICKEN STRIPS,"CKZS (ZING CHICKEN STRIPS) is superior: assigned SKU is over-specific: it adds 1 word(s) the offer never states, the replacement adds none. Offer words covered by replacement=['chicken', 'strip', 'zing'] vs assigned=['chicken', 'strip', 'zing']; over-specific words replacement=0 vs assigned=1; name similarity 79.8 vs 71.8 (+8.0); protein=1 family=1 pack=unknown; spec '320 Gms x 20 Pkts'. All 237 master SKUs were compared before selecting this replacement.",deterministic,INCORRECT,"Offer 'Zinger Chiken Strips' is a misspelling of plain zing chicken strips with no flavour qualifier; CKZS is top on both name (80 vs 72) and rule (53 vs 48), while assigned CKZSSR carries an unstated SRIRACHA flavour variant.",1,237,,,False,False,False,False
422,Al kabeer ZING chicken STRIPS,CKZSSR,ZING CHICKEN STRIPS SRIRACHA,v2_synthetic_by_construction,INCORRECT,CKZS,ZING CHICKEN STRIPS,"CKZS (ZING CHICKEN STRIPS) is superior: assigned SKU is over-specific: it adds 1 word(s) the offer never states, the replacement adds none. Offer words covered by replacement=['chicken', 'strip', 'zing'] vs assigned=['chicken', 'strip', 'zing']; over-specific words replacement=0 vs assigned=1; name similarity 100.0 vs 93.6 (+6.4); protein=1 family=1 pack=unknown; spec '320 Gms x 20 Pkts'. All 237 master SKUs were compared before selecting this replacement.",deterministic,INCORRECT,"Offer 'ZING chicken STRIPS' is an exact token match for CKZS, which scores name=100 / rule=73 (rank 1/237); assigned CKZSSR (name=94) adds the SRIRACHA flavour that the offer never mentions.",1,237,,,False,False,False,False
423,Al Kaber zing Chckn Strips,CKZSSR,ZING CHICKEN STRIPS SRIRACHA,v2_synthetic_by_construction,INCORRECT,CKZS,ZING CHICKEN STRIPS,"CKZS (ZING CHICKEN STRIPS) is superior: assigned SKU is over-specific: it adds 1 word(s) the offer never states, the replacement adds none. Offer words covered by replacement=['chicken', 'strip', 'zing'] vs assigned=['chicken', 'strip', 'zing']; over-specific words replacement=0 vs assigned=1; name similarity 81.9 vs 72.1 (+9.8); protein=1 family=1 pack=unknown; spec '320 Gms x 20 Pkts'. All 237 master SKUs were compared before selecting this replacement.",deterministic,INCORRECT,"Offer 'zing Chckn Strips' contains no flavour token; CKZS leads on name (82 vs 72) and rule (55 vs 51). Sriracha is a separate flavour SKU, so the plain strips SKU is objectively the better match.",1,237,,,False,False,False,False
424,Al kabeer A.K PRO Beef Meat Ball 1kg,CMBAKAPR,AK PRO Beef Meat Balls 1 kg x 10,v2_synthetic_by_construction,VERIFIED_CORRECT,,,"Best of all 237 SKUs on name similarity (86.9, margin +17.5); no attribute conflict; pack compatible.",deterministic,VERIFIED_CORRECT,"Offer states sub-brand (A.K PRO), protein (Beef), product (Meat Ball) and size (1kg); CMBAKAPR matches all four, ranks 1/237 on both name (87) and rule, with prot=1, fam=1, pack=compatible and cat_ok=1. Rivals CMBAK (300g, INCOMPATIBLE) and CKBMTY (TAYEBAT sub-brand) fail on size or sub-brand.",0,237,,,False,False,False,False
425,AL KABEER AK PRO Beef MEAT BALLS 1kg,CMBAKAPR,AK PRO Beef Meat Balls 1 kg x 10,v2_synthetic_by_construction,VERIFIED_CORRECT,,,"Best of all 237 SKUs on name similarity (93.8, margin +6.3); no attribute conflict; pack compatible.",deterministic,VERIFIED_CORRECT,"Offer 'AK PRO Beef MEAT BALLS 1kg' aligns exactly with CMBAKAPR on sub-brand, protein, family and declared 1 kg pack (pack=compatible); rank 1/237 on name (94) and rule (71). The nearest rival CMBAK is 300g (pack=INCOMPATIBLE) and CKBMTY is TAYEBAT sub-brand.",0,237,,,False,False,False,False
426,Al-Kabeer Vegetable Samosas,CVSA,12 VEGETABLE SAMOSAS,v2_synthetic_by_construction,CORRECT_BUT_LOW_CONFIDENCE,,,"Assigned SKU accounts for every distinguishing word in the offer (['samosa', 'vegetable']) and introduces none the offer does not state; protein/family/variant compatible, pack unknown; no superior SKU exists among all 237.",deterministic+agent_downgrade,CORRECT_BUT_LOW_CONFIDENCE,"Product identity (vegetable samosa) is unambiguous and CVSA is rank 1/237 on name (97), but the offer declares no size and bulk CVSAA scores a near-tie at 96, so retail-vs-bulk is unresolvable; cat_ok=0 also means the deployed candidate generator could never surface this Dough SKU under runtime_category=Veg.",0,237,,category_gate_unreachable,False,False,True,False
427,AlKabeer Veg Samosa,CVSA,12 VEGETABLE SAMOSAS,v2_synthetic_by_construction,CORRECT_BUT_LOW_CONFIDENCE,,,"Assigned SKU accounts for every distinguishing word in the offer (['samosa', 'vegetable']) and introduces none the offer does not state; protein/family/variant compatible, pack unknown; no superior SKU exists among all 237.",deterministic+agent_downgrade,CORRECT_BUT_LOW_CONFIDENCE,"Offer 'Veg Samosa' has no sub-brand or size token, so the plain CVSA is the right default over the name-leading CVSAPR (AK PRO, unstated) and over bulk CVSAA (68) — but the choice among plain/bulk/promo packs is not decidable from the text, and cat_ok=0 makes the pair unreachable at inference.",0,237,,category_gate_unreachable,False,False,True,False
428,AL KABEER Veg Samosas,CVSAA,VEGETABLE SAMOSAS BULK,v2_synthetic_by_construction,INCORRECT,CVSA,12 VEGETABLE SAMOSAS,"CVSA (12 VEGETABLE SAMOSAS) is superior: assigned SKU is over-specific: it adds 1 word(s) the offer never states, the replacement adds none. Offer words covered by replacement=['samosa', 'vegetable'] vs assigned=['samosa', 'vegetable']; over-specific words replacement=0 vs assigned=1; name similarity 79.6 vs 75.4 (+4.2); protein=1 family=1 pack=unknown; spec '240 Gms x 20 Pkts'. All 237 master SKUs were compared before selecting this replacement.",deterministic,CORRECT_BUT_LOW_CONFIDENCE,"Assigned CVSAA (bulk 1.2kg) and top contender CVSA (retail 240g, name 80 vs 75) are the same product differing only in a pack size the offer never states, so no objective flip is warranted; cat_ok=0 makes the pair unreachable by the deployed pipeline.",1,237,,category_gate_unreachable,False,False,True,False
429,AL KABEER Vegetable samosas,CVSAA,VEGETABLE SAMOSAS BULK,v2_synthetic_by_construction,INCORRECT,CVSA,12 VEGETABLE SAMOSAS,"CVSA (12 VEGETABLE SAMOSAS) is superior: assigned SKU is over-specific: it adds 1 word(s) the offer never states, the replacement adds none. Offer words covered by replacement=['samosa', 'vegetable'] vs assigned=['samosa', 'vegetable']; over-specific words replacement=0 vs assigned=1; name similarity 97.3 vs 95.7 (+1.6); protein=1 family=1 pack=unknown; spec '240 Gms x 20 Pkts'. All 237 master SKUs were compared before selecting this replacement.",deterministic,CORRECT_BUT_LOW_CONFIDENCE,"Vegetable-samosa identity is certain, but CVSAA (96) and CVSA (97) are a virtual tie separated only by retail-vs-bulk packaging that the offer does not declare; cat_ok=0 means the production candidate generator could never produce this Dough pair for runtime_category=Veg.",1,237,,category_gate_unreachable,False,False,True,False
430,AL KABBER A/K Pro VEGETABLE SAMOSAS,CVSAPR,AK PRO VEGETABLE SAMOSA,v2_synthetic_by_construction,CORRECT_BUT_LOW_CONFIDENCE,,,"Assigned SKU carries rule defect(s) ['family_contradiction'], but no SKU among all 237 is objectively superior, so no replacement is justified.",deterministic,VERIFIED_CORRECT,"Offer explicitly carries the 'A/K Pro' sub-brand plus VEGETABLE SAMOSAS, so CVSAPR is the only SKU matching both product and sub-brand; it is rank 1/237 on name (85) and rule (63), beating plain CVSA/CVSAA which lack the PRO line. fam=0 is the known family-flag artifact. cat_ok=0 still makes the pair unreachable at inference.",0,237,family_contradiction,category_gate_unreachable,False,False,True,False
431,Al Kabeer A/K Pro VEGETABLE samosas,CVSAPR,AK PRO VEGETABLE SAMOSA,v2_synthetic_by_construction,CORRECT_BUT_LOW_CONFIDENCE,,,"Assigned SKU carries rule defect(s) ['family_contradiction'], but no SKU among all 237 is objectively superior, so no replacement is justified.",deterministic,VERIFIED_CORRECT,"'A/K Pro VEGETABLE samosas' matches CVSAPR on both sub-brand and product identity; name=96 rank 1/237 versus plain CVSA 89 and CVSAA 85, which are the wrong sub-brand. fam=0 is the documented family-flag artifact; cat_ok=0 flags pipeline unreachability, not a wrong product.",0,237,family_contradiction,category_gate_unreachable,False,False,True,False
432,ALKABEER A/K Pro vegetable Samosas,CVSAPR,AK PRO VEGETABLE SAMOSA,v2_synthetic_by_construction,CORRECT_BUT_LOW_CONFIDENCE,,,"Assigned SKU carries rule defect(s) ['family_contradiction'], but no SKU among all 237 is objectively superior, so no replacement is justified.",deterministic,VERIFIED_CORRECT,"Identical evidence to the other A/K Pro veg-samosa offers: explicit PRO sub-brand plus vegetable samosa gives CVSAPR name=96 rank 1/237, ahead of the non-PRO CVSA (89) and CVSAA (85). cat_ok=0 means the deployed gate could never surface this Dough SKU for runtime_category=Veg.",0,237,family_contradiction,category_gate_unreachable,False,False,True,False
433,Al Kabeer's A.K PRO Veg Samosa,CVSAPR,AK PRO VEGETABLE SAMOSA,v2_synthetic_by_construction,VERIFIED_CORRECT,,,"Assigned SKU accounts for every distinguishing word in the offer (['pro', 'samosa', 'vegetable']) and introduces none the offer does not state; protein/family/variant compatible, pack unknown; no superior SKU exists among all 237.",deterministic,VERIFIED_CORRECT,"Offer names 'A.K PRO' and 'Veg Samosa'; CVSAPR is rank 1/237 on name (76) and rule (56) and is the only AK PRO vegetable samosa — the other PRO samosas are cheese (CCSAKPR 71) and chicken (CKSAPR 70), wrong fillings. cat_ok=0 is a pipeline gate failure only.",0,237,,category_gate_unreachable,False,False,True,False
434,Alkaberer VEGETABLE Samosas,CVPS,FROZEN PUNJABI SAMOSA,v2_synthetic_by_construction,INCORRECT,CVSA,12 VEGETABLE SAMOSAS,"CVSA (12 VEGETABLE SAMOSAS) is superior: covers strictly more of the offer's own wording (['samosa', 'vegetable'] vs ['samosa']). Offer words covered by replacement=['samosa', 'vegetable'] vs assigned=['samosa']; over-specific words replacement=0 vs assigned=4; name similarity 87.7 vs 44.0 (+43.7); protein=1 family=1 pack=unknown; spec '240 Gms x 20 Pkts'. All 237 master SKUs were compared before selecting this replacement.",deterministic,INCORRECT,"Offer is 'VEGETABLE Samosas' but the assigned CVPS is FROZEN PUNJABI SAMOSA, a different product line, ranked only 28/237 with name=44. CVSA (12 VEGETABLE SAMOSAS) matches the product identity directly at name=88 rank 1/237, far above the assigned SKU.",4,237,family_contradiction,category_gate_unreachable,False,False,True,False
435,Al-Kabeer A/K Pro Beef Meatballs 1kg,CMBAKAPR,AK PRO Beef Meat Balls 1 kg x 10,v2_synthetic_by_construction,VERIFIED_CORRECT,,,"Best of all 237 SKUs on name similarity (73.8, margin +11.0); no attribute conflict; pack compatible.",deterministic,VERIFIED_CORRECT,"Offer gives sub-brand (A/K Pro), protein (Beef), family (Meatballs) and 1kg size; CMBAKAPR matches all of them, is rank 1/237 on name (74) and rule (46), with pack=compatible and cat_ok=1. TAYEBAT CKBMTY loses on sub-brand and CMBAK/CBBAGPR are pack=INCOMPATIBLE.",0,237,,,False,False,False,False
436,AlKabeer Mutton Samosa,CMSA,12 MUTTON SAMOSAS,v2_synthetic_by_construction,CORRECT_BUT_LOW_CONFIDENCE,,,"Assigned SKU accounts for every distinguishing word in the offer (['mutton', 'samosa']) and introduces none the offer does not state; protein/family/variant compatible, pack unknown; no superior SKU exists among all 237.",deterministic+agent_downgrade,CORRECT_BUT_LOW_CONFIDENCE,"Mutton-samosa identity is solid (CMSA rank 1/237, name 91, prot=1 while chicken samosas score prot=0), but the offer declares no size and bulk CMSAA is a near-tie at 88 — the same offer text is labelled CMSAA in row 438. cat_ok=0 also makes the pair unreachable at inference.",0,237,,category_gate_unreachable,False,False,True,False
437,Al-Kabeer Mutton Samosas,CMSA,12 MUTTON SAMOSAS,v2_synthetic_by_construction,CORRECT_BUT_LOW_CONFIDENCE,,,"Assigned SKU accounts for every distinguishing word in the offer (['mutton', 'samosa']) and introduces none the offer does not state; protein/family/variant compatible, pack unknown; no superior SKU exists among all 237.",deterministic+agent_downgrade,CORRECT_BUT_LOW_CONFIDENCE,"CMSA is rank 1/237 (name 97) and protein-consistent for 'Mutton Samosas', but bulk CMSAA at 95 is effectively tied and the offer states no pack size, leaving retail-vs-bulk unresolvable; cat_ok=0 means the deployed gate could never surface this Dough SKU for runtime_category=Meat.",0,237,,category_gate_unreachable,False,False,True,False
438,AlKabeer Mutton Samosa,CMSAA,MUTTON SAMOSAS BULK,v2_synthetic_by_construction,INCORRECT,CMSA,12 MUTTON SAMOSAS,"CMSA (12 MUTTON SAMOSAS) is superior: assigned SKU is over-specific: it adds 1 word(s) the offer never states, the replacement adds none. Offer words covered by replacement=['mutton', 'samosa'] vs assigned=['mutton', 'samosa']; over-specific words replacement=0 vs assigned=1; name similarity 91.1 vs 87.5 (+3.6); protein=1 family=1 pack=unknown; spec '240 Gms x 20 Pkts'. All 237 master SKUs were compared before selecting this replacement.",deterministic,CORRECT_BUT_LOW_CONFIDENCE,"Assigned CMSAA (bulk 1.2kg) and leading CMSA (retail 240g, name 91 vs 88) are the same mutton samosa differing only in a pack size the offer never states, so a flip is unjustified; cat_ok=0 marks the pair as unreachable by the production candidate generator.",1,237,,category_gate_unreachable,False,False,True,False
439,Alkabeer Mutton samosas,CMSAA,MUTTON SAMOSAS BULK,v2_synthetic_by_construction,INCORRECT,CMSA,12 MUTTON SAMOSAS,"CMSA (12 MUTTON SAMOSAS) is superior: assigned SKU is over-specific: it adds 1 word(s) the offer never states, the replacement adds none. Offer words covered by replacement=['mutton', 'samosa'] vs assigned=['mutton', 'samosa']; over-specific words replacement=0 vs assigned=1; name similarity 96.8 vs 94.9 (+1.8); protein=1 family=1 pack=unknown; spec '240 Gms x 20 Pkts'. All 237 master SKUs were compared before selecting this replacement.",deterministic,CORRECT_BUT_LOW_CONFIDENCE,"Offer 'Mutton samosas' matches CMSAA on product and protein (name 95), but retail CMSA at 97 is a virtual tie and the offer declares no size; cat_ok=0 additionally means the deployed pipeline could never generate this Dough candidate under runtime_category=Meat.",1,237,,category_gate_unreachable,False,False,True,False
440,ALKABEER Beef kebab,CTBK,TURKISH BEEF KEBABS 360,v2_synthetic_by_construction,CORRECT_BUT_LOW_CONFIDENCE,,,"No SKU among all 237 is objectively superior, but the assigned SKU is not a clear winner: offer words unaccounted for []; name rank 2/237 (73.7).",deterministic,CORRECT_BUT_LOW_CONFIDENCE,"Offer 'ALKABEER Beef kebab' names no kebab sub-type, so CTBK (TURKISH BEEF KEBABS 360) and CKBS (8 BEEF SEEKH KEBAB, name 84 vs 74) are both beef/Meat/KEBAB SKUs and equally defensible; the 10-point name edge comes only from CTBK carrying the extra 'TURKISH' token, not from any offer evidence, and the row is flagged MULTI_ENTITY_OFFER.",0,237,,,False,False,False,False
441,AL KABEER Beef kebab,CTBK,TURKISH BEEF KEBABS 360,v2_synthetic_by_construction,CORRECT_BUT_LOW_CONFIDENCE,,,"No SKU among all 237 is objectively superior, but the assigned SKU is not a clear winner: offer words unaccounted for []; name rank 2/237 (73.7).",deterministic,CORRECT_BUT_LOW_CONFIDENCE,"Same vague offer 'AL KABEER Beef kebab' with no sub-type token; assigned CTBK is prot=1/fam=1/cat_ok=1 and a genuine beef kebab, but CKBS (8 BEEF SEEKH KEBAB, name 84) is an equally valid reading and the offer states neither 'Turkish' nor 'seekh' nor any size.",0,237,,,False,False,False,False
442,Al kabeer cheese stick,CVJCS,JALAPENO & CHEESE STICKS 250,v2_synthetic_by_construction,CORRECT_BUT_LOW_CONFIDENCE,,,"No SKU among all 237 is objectively superior, but the assigned SKU is not a clear winner: offer words unaccounted for []; name rank 4/237 (75.6).",deterministic,CORRECT_BUT_LOW_CONFIDENCE,"Offer 'Al kabeer cheese stick' is a plain cheese-stick request; assigned CVJCS (JALAPENO & CHEESE STICKS 250, Dough, name 76) is in a near-tie with CCMS/CCMSA MOZZARELLA CHEESE STICKS (78) and CKCCS CHICKEN & CHEESE STICKS (79), and the offer names no flavour, protein or size to break the tie.",0,237,,,False,False,False,False
443,AlKabeer CHEESE stick,CVJCS,JALAPENO & CHEESE STICKS 250,v2_synthetic_by_construction,CORRECT_BUT_LOW_CONFIDENCE,,,"No SKU among all 237 is objectively superior, but the assigned SKU is not a clear winner: offer words unaccounted for []; name rank 4/237 (75.6).",deterministic,CORRECT_BUT_LOW_CONFIDENCE,"Identical vague offer 'AlKabeer CHEESE stick' and identical slate: CVJCS at name 76 sits within 3 points of MOZZARELLA CHEESE STICKS (78) and CHICKEN & CHEESE STICKS (79), so the jalapeno variant is plausible but unconfirmed by any offer token.",0,237,,,False,False,False,False
444,Al kabeer vegetable Samosa,CVPS,FROZEN PUNJABI SAMOSA,v2_synthetic_by_construction,INCORRECT,CVSA,12 VEGETABLE SAMOSAS,"CVSA (12 VEGETABLE SAMOSAS) is superior: covers strictly more of the offer's own wording (['samosa', 'vegetable'] vs ['samosa']). Offer words covered by replacement=['samosa', 'vegetable'] vs assigned=['samosa']; over-specific words replacement=0 vs assigned=4; name similarity 92.6 vs 52.1 (+40.5); protein=1 family=1 pack=unknown; spec '240 Gms x 20 Pkts'. All 237 master SKUs were compared before selecting this replacement.",deterministic,INCORRECT,"Offer explicitly says 'vegetable Samosa' but assigned CVPS is FROZEN PUNJABI SAMOSA (name 52, rank 13/237) — a different samosa line. CVSA '12 VEGETABLE SAMOSAS' matches the stated product identity exactly at name 93 with no unstated sub-brand (unlike CVSAPR AK PRO at 94). Both assigned and replacement have cat_ok=0, so the pair is unreachable at inference as labelled.",4,237,,category_gate_unreachable,False,False,True,False
445,Al kbeer ZING chicken strips,CKZSSB,ZING CHICKEN STRIPS -SMOKEY BUFFALO,v2_synthetic_by_construction,INCORRECT,CKZS,ZING CHICKEN STRIPS,"CKZS (ZING CHICKEN STRIPS) is superior: assigned SKU is over-specific: it adds 2 word(s) the offer never states, the replacement adds none. Offer words covered by replacement=['chicken', 'strip', 'zing'] vs assigned=['chicken', 'strip', 'zing']; over-specific words replacement=0 vs assigned=2; name similarity 93.6 vs 77.2 (+16.4); protein=1 family=1 pack=unknown; spec '320 Gms x 20 Pkts'. All 237 master SKUs were compared before selecting this replacement.",deterministic,INCORRECT,"Offer 'ZING chicken strips' states no flavour, yet assigned CKZSSB is the SMOKEY BUFFALO variant (name 77). CKZS 'ZING CHICKEN STRIPS' is the plain product with an exact identity match and name 94 (rank 1/237), well above the 85 threshold, with prot=1 fam=1 var=1 cat_ok=1.",1,237,,,False,False,False,False
446,Al kbeer ZING Chicken STRIPS Non-Spicy,CKZSNS,ZING CHICKEN STRIPS NON-SPICY,v2_synthetic_by_construction,VERIFIED_CORRECT,,,"Assigned SKU accounts for every distinguishing word in the offer (['chicken', 'nonspicy', 'strip', 'zing']) and introduces none the offer does not state; protein/family/variant compatible, pack unknown; no superior SKU exists among all 237.",deterministic,VERIFIED_CORRECT,"Offer states ZING + chicken + STRIPS + 'Non-Spicy'; assigned CKZSNS (ZING CHICKEN STRIPS NON-SPICY, Chicken-ZNG, STRIPS) matches every stated token at name 88, and the plain CKZS (89) lacks the explicitly stated non-spicy variant.",0,237,,,False,False,False,False
447,Al Kabeer Zing Chkn STRIPS NOSPICY,CKZSNS,ZING CHICKEN STRIPS NON-SPICY,v2_synthetic_by_construction,VERIFIED_CORRECT,,,"Assigned SKU accounts for every distinguishing word in the offer (['chicken', 'nonspicy', 'strip', 'zing']) and introduces none the offer does not state; protein/family/variant compatible, pack unknown; no superior SKU exists among all 237.",deterministic,VERIFIED_CORRECT,"'NOSPICY' in the offer pins the non-spicy variant; CKZSNS is rank 1/237 on both name (88) and rule (56) with prot=1 fam=1 var=1 cat_ok=1, beating the spicy (CKZSDA) and plain (CKZS) siblings.",0,237,,,False,False,False,False
448,Alkabheer zing CHICKEN Strip NS,CKZSNS,ZING CHICKEN STRIPS NON-SPICY,v2_synthetic_by_construction,INCORRECT,CKZS,ZING CHICKEN STRIPS,"CKZS (ZING CHICKEN STRIPS) is superior: assigned SKU is over-specific: it adds 1 word(s) the offer never states, the replacement adds none. Offer words covered by replacement=['chicken', 'strip', 'zing'] vs assigned=['chicken', 'strip', 'zing']; over-specific words replacement=0 vs assigned=1; name similarity 81.4 vs 74.7 (+6.7); protein=1 family=1 pack=unknown; spec '320 Gms x 20 Pkts'. All 237 master SKUs were compared before selecting this replacement.",deterministic,VERIFIED_CORRECT,"Offer suffix 'NS' is the non-spicy abbreviation (same family uses N/S, NOSPICY, Non-Spicy), so CKZSNS is the correct variant; the higher-scoring CKZS (81) is the plain line and CKZSSR/CKZSDA are flavoured/spicy, all contradicted by the NS token.",1,237,,,False,False,False,False
449,Al Kabeer's ZING Chkn Strips NS,CKZSNS,ZING CHICKEN STRIPS NON-SPICY,v2_synthetic_by_construction,INCORRECT,CKZS,ZING CHICKEN STRIPS,"CKZS (ZING CHICKEN STRIPS) is superior: assigned SKU is over-specific: it adds 1 word(s) the offer never states, the replacement adds none. Offer words covered by replacement=['chicken', 'strip', 'zing'] vs assigned=['chicken', 'strip', 'zing']; over-specific words replacement=0 vs assigned=1; name similarity 82.2 vs 79.2 (+2.9); protein=1 family=1 pack=unknown; spec '320 Gms x 20 Pkts'. All 237 master SKUs were compared before selecting this replacement.",deterministic,VERIFIED_CORRECT,"'ZING Chkn Strips NS' matches CKZSNS on brand line (Chicken-ZNG), family (STRIPS) and the non-spicy variant; CKZS's 3-point name lead (82 vs 79) reflects only its shorter plain name and ignores the explicit NS qualifier.",1,237,,,False,False,False,False
450,Al Kabeer ZINGER Chiken Strips N/S,CKZSNS,ZING CHICKEN STRIPS NON-SPICY,v2_synthetic_by_construction,INCORRECT,CKZS,ZING CHICKEN STRIPS,"CKZS (ZING CHICKEN STRIPS) is superior: assigned SKU is over-specific: it adds 1 word(s) the offer never states, the replacement adds none. Offer words covered by replacement=['chicken', 'strip', 'zing'] vs assigned=['chicken', 'strip', 'zing']; over-specific words replacement=0 vs assigned=1; name similarity 85.6 vs 82.5 (+3.2); protein=1 family=1 pack=unknown; spec '320 Gms x 20 Pkts'. All 237 master SKUs were compared before selecting this replacement.",deterministic,VERIFIED_CORRECT,"'ZINGER Chiken Strips N/S' gives Zing line, STRIPS family and an explicit N/S (non-spicy) marker; CKZSNS matches all three at name 82 with cat_ok=1, while CKZS (86) is plain and CKZSDA is spicy.",1,237,,,False,False,False,False
451,Al kabeer Zing Chicken strips NOSPICY,CKZSNS,ZING CHICKEN STRIPS NON-SPICY,v2_synthetic_by_construction,VERIFIED_CORRECT,,,"Assigned SKU accounts for every distinguishing word in the offer (['chicken', 'nonspicy', 'strip', 'zing']) and introduces none the offer does not state; protein/family/variant compatible, pack unknown; no superior SKU exists among all 237.",deterministic,VERIFIED_CORRECT,"CKZSNS is rank 1/237 on name (95) for offer 'Zing Chicken strips NOSPICY', with exact agreement on sub-brand ZING, STRIPS family and the non-spicy variant; prot=1 fam=1 var=1 cat_ok=1.",0,237,,,False,False,False,False
452,Al kabeer zing CHICKEN Strip Non-Spicy,CKZSNS,ZING CHICKEN STRIPS NON-SPICY,v2_synthetic_by_construction,VERIFIED_CORRECT,,,"Assigned SKU accounts for every distinguishing word in the offer (['chicken', 'nonspicy', 'strip', 'zing']) and introduces none the offer does not state; protein/family/variant compatible, pack unknown; no superior SKU exists among all 237.",deterministic,VERIFIED_CORRECT,"Offer 'zing CHICKEN Strip Non-Spicy' matches CKZSNS token-for-token; name 94 rank 1/237, ahead of the AK PRO variant (CKZSNSAPR 87, sub-brand not stated) and the spicy CKZSDA (85).",0,237,,,False,False,False,False
453,ALKABEER zing Chkn strips Not Spicy,CKZSNS,ZING CHICKEN STRIPS NON-SPICY,v2_synthetic_by_construction,VERIFIED_CORRECT,,,"Assigned SKU accounts for every distinguishing word in the offer (['chicken', 'nonspicy', 'strip', 'zing']) and introduces none the offer does not state; protein/family/variant compatible, pack unknown; no superior SKU exists among all 237.",deterministic,VERIFIED_CORRECT,"'Not Spicy' in the offer maps to the NON-SPICY SKU; CKZSNS leads name at 85 (rank 1/237) over the spicy CKZSDA (81) and plain CKZS (79), with STRIPS family and Chicken-ZNG line both agreeing.",0,237,,,False,False,False,False
454,Al kabeer Zinger Chiken STRIPS Non spicy,CKZSNS,ZING CHICKEN STRIPS NON-SPICY,v2_synthetic_by_construction,VERIFIED_CORRECT,,,"Assigned SKU accounts for every distinguishing word in the offer (['chicken', 'nonspicy', 'strip', 'zing']) and introduces none the offer does not state; protein/family/variant compatible, pack unknown; no superior SKU exists among all 237.",deterministic,VERIFIED_CORRECT,"Offer 'Zinger Chiken STRIPS Non spicy' agrees with CKZSNS on line, family and variant; name 90.9 and rule 61.2 are both rank 1/237, and the runner-up CKZSDA is explicitly the spicy version.",0,237,,,False,False,False,False
455,AL-KABEEZ Zing Chkn Strip NS,CKZSNS,ZING CHICKEN STRIPS NON-SPICY,v2_synthetic_by_construction,INCORRECT,CKZS,ZING CHICKEN STRIPS,"CKZS (ZING CHICKEN STRIPS) is superior: assigned SKU is over-specific: it adds 1 word(s) the offer never states, the replacement adds none. Offer words covered by replacement=['chicken', 'strip', 'zing'] vs assigned=['chicken', 'strip', 'zing']; over-specific words replacement=0 vs assigned=1; name similarity 74.2 vs 65.2 (+9.0); protein=1 family=1 pack=unknown; spec '320 Gms x 20 Pkts'. All 237 master SKUs were compared before selecting this replacement.",deterministic,VERIFIED_CORRECT,"Despite the garbled brand 'AL-KABEEZ', the product tokens Zing + Chkn + Strip + NS resolve to CKZSNS; the higher plain CKZS score (74 vs 65) comes from its shorter name and ignores the explicit NS (non-spicy) qualifier, and no other STRIPS SKU is non-spicy.",1,237,,,False,False,False,False
456,AlKabeer Zing Chckn Strips Non Spicy,CKZSNS,ZING CHICKEN STRIPS NON-SPICY,v2_synthetic_by_construction,VERIFIED_CORRECT,,,"Assigned SKU accounts for every distinguishing word in the offer (['chicken', 'nonspicy', 'strip', 'zing']) and introduces none the offer does not state; protein/family/variant compatible, pack unknown; no superior SKU exists among all 237.",deterministic,VERIFIED_CORRECT,"'Zing Chckn Strips Non Spicy' matches CKZSNS exactly (name 92, rank 1/237); CKZSNSAPR (85) differs only by the AK PRO sub-brand and 1kg pack, neither stated in the offer.",0,237,,,False,False,False,False
457,Alkabeers zing Chckn strips NOSPICY,CKZSNS,ZING CHICKEN STRIPS NON-SPICY,v2_synthetic_by_construction,VERIFIED_CORRECT,,,"Assigned SKU accounts for every distinguishing word in the offer (['chicken', 'nonspicy', 'strip', 'zing']) and introduces none the offer does not state; protein/family/variant compatible, pack unknown; no superior SKU exists among all 237.",deterministic,VERIFIED_CORRECT,"CKZSNS is rank 1/237 on both name (88) and rule (61) for 'zing Chckn strips NOSPICY', agreeing on Chicken-ZNG line, STRIPS family and non-spicy variant; the spicy CKZSDA (81) is excluded by the offer.",0,237,,,False,False,False,False
458,Alkabeer ZING CHICKEN Strip NS,CKZSNS,ZING CHICKEN STRIPS NON-SPICY,v2_synthetic_by_construction,INCORRECT,CKZS,ZING CHICKEN STRIPS,"CKZS (ZING CHICKEN STRIPS) is superior: assigned SKU is over-specific: it adds 1 word(s) the offer never states, the replacement adds none. Offer words covered by replacement=['chicken', 'strip', 'zing'] vs assigned=['chicken', 'strip', 'zing']; over-specific words replacement=0 vs assigned=1; name similarity 92.4 vs 87.7 (+4.7); protein=1 family=1 pack=unknown; spec '320 Gms x 20 Pkts'. All 237 master SKUs were compared before selecting this replacement.",deterministic,VERIFIED_CORRECT,"Offer 'ZING CHICKEN Strip NS' carries the non-spicy abbreviation, so CKZSNS (name 88) is preferred over the plain CKZS (92) whose only advantage is a shorter name string; family STRIPS and Chicken-ZNG line both agree, cat_ok=1.",1,237,,,False,False,False,False
459,Alkabeers zing Chiken strips NonSpicy,CKZSNS,ZING CHICKEN STRIPS NON-SPICY,v2_synthetic_by_construction,VERIFIED_CORRECT,,,"Assigned SKU accounts for every distinguishing word in the offer (['chicken', 'nonspicy', 'strip', 'zing']) and introduces none the offer does not state; protein/family/variant compatible, pack unknown; no superior SKU exists among all 237.",deterministic,VERIFIED_CORRECT,"'zing Chiken strips NonSpicy' matches CKZSNS on every stated attribute; name 94 and rule 64 are both rank 1/237, ahead of plain CKZS (82) and spicy CKZSDA (81).",0,237,,,False,False,False,False
460,Al Kabeer Zing CHICKEN STRIPS Non-Spicy,CKZSNS,ZING CHICKEN STRIPS NON-SPICY,v2_synthetic_by_construction,VERIFIED_CORRECT,,,"Assigned SKU accounts for every distinguishing word in the offer (['chicken', 'nonspicy', 'strip', 'zing']) and introduces none the offer does not state; protein/family/variant compatible, pack unknown; no superior SKU exists among all 237.",deterministic,VERIFIED_CORRECT,"Offer 'Al Kabeer Zing CHICKEN STRIPS Non-Spicy' matches CKZSNS (ZING CHICKEN STRIPS NON-SPICY) token-for-token: sub-brand ZING, family STRIPS, protein chicken, spice variant NON-SPICY. name=96.6 rank 1/237, prot=1 fam=1 var=1 cat_ok=1; offer states no AK PRO or 1kg so the CKZSNSAPR contender is excluded.",0,237,,,False,False,False,False
461,AL-KABEEZ Zinger chicken Strip Non spicy,CKZSNS,ZING CHICKEN STRIPS NON-SPICY,v2_synthetic_by_construction,VERIFIED_CORRECT,,,"Assigned SKU accounts for every distinguishing word in the offer (['chicken', 'nonspicy', 'strip', 'zing']) and introduces none the offer does not state; protein/family/variant compatible, pack unknown; no superior SKU exists among all 237.",deterministic,VERIFIED_CORRECT,"Offer 'Zinger chicken Strip Non spicy' agrees with CKZSNS on all four discriminators (ZING line, STRIPS family, chicken, NON-SPICY). name=82.1 and rule=60.7 both rank 1/237; nearest contender CKZSNSAPR (77) requires an 'AK PRO' token absent from the offer.",0,237,,,False,False,False,False
462,Alkabeers Zing CHICKEN Strip Non spicy,CKZSNS,ZING CHICKEN STRIPS NON-SPICY,v2_synthetic_by_construction,VERIFIED_CORRECT,,,"Assigned SKU accounts for every distinguishing word in the offer (['chicken', 'nonspicy', 'strip', 'zing']) and introduces none the offer does not state; protein/family/variant compatible, pack unknown; no superior SKU exists among all 237.",deterministic,VERIFIED_CORRECT,"Offer 'Alkabeers Zing CHICKEN Strip Non spicy' maps exactly onto CKZSNS; name=92.6 rank 1/237 with a 6.6-point margin over AK PRO variant, and the spicy variant CKZSDA is excluded by the explicit 'Non spicy' token. prot=1 fam=1 var=1 cat_ok=1.",0,237,,,False,False,False,False
463,Alkabeer Zinger Chiken strips Not Spicy,CKZSNS,ZING CHICKEN STRIPS NON-SPICY,v2_synthetic_by_construction,VERIFIED_CORRECT,,,"Assigned SKU accounts for every distinguishing word in the offer (['chicken', 'nonspicy', 'strip', 'zing']) and introduces none the offer does not state; protein/family/variant compatible, pack unknown; no superior SKU exists among all 237.",deterministic,VERIFIED_CORRECT,"Offer 'Zinger Chiken strips Not Spicy' (misspellings aside) names ZING + STRIPS + chicken + not-spicy, all satisfied by CKZSNS at name=87.5 rank 1/237; CKZSDA (SPICY, 82) is ruled out by the negated spice token and CKZNNS is NUGGET not STRIPS.",0,237,,,False,False,False,False
464,Al-Kabeer Zinger CHICKEN Strips Non Spicy,CKZSNS,ZING CHICKEN STRIPS NON-SPICY,v2_synthetic_by_construction,VERIFIED_CORRECT,,,"Assigned SKU accounts for every distinguishing word in the offer (['chicken', 'nonspicy', 'strip', 'zing']) and introduces none the offer does not state; protein/family/variant compatible, pack unknown; no superior SKU exists among all 237.",deterministic,VERIFIED_CORRECT,"Offer 'Al-Kabeer Zinger CHICKEN Strips Non Spicy' agrees with CKZSNS on line, family, protein and spice variant; name=92.1 rank 1/237, 7 points clear of the AK PRO 1kg SKU which the offer gives no size or sub-brand evidence for.",0,237,,,False,False,False,False
465,ALKABEER zing Chckn Strips No Spicy,CKZSNS,ZING CHICKEN STRIPS NON-SPICY,v2_synthetic_by_construction,VERIFIED_CORRECT,,,"Assigned SKU accounts for every distinguishing word in the offer (['chicken', 'nonspicy', 'strip', 'zing']) and introduces none the offer does not state; protein/family/variant compatible, pack unknown; no superior SKU exists among all 237.",deterministic,VERIFIED_CORRECT,"Offer 'ALKABEER zing Chckn Strips No Spicy' resolves to CKZSNS: ZING sub-brand, STRIPS family, chicken protein, negated spice. name=88.8 rank 1/237 versus 84 for the SPICY SKU CKZSDA, which the 'No Spicy' token directly contradicts.",0,237,,,False,False,False,False
466,Alkabheer zing Chckn Strip NON SPICY,CKZSNS,ZING CHICKEN STRIPS NON-SPICY,v2_synthetic_by_construction,VERIFIED_CORRECT,,,"Assigned SKU accounts for every distinguishing word in the offer (['chicken', 'nonspicy', 'strip', 'zing']) and introduces none the offer does not state; protein/family/variant compatible, pack unknown; no superior SKU exists among all 237.",deterministic,VERIFIED_CORRECT,"Offer 'Alkabheer zing Chckn Strip NON SPICY' matches CKZSNS on all discriminators; name=81.6 and rule=57.1 both rank 1/237, 6.6 points above the AK PRO 1kg contender, and the offer declares no pack size that would favour the 1kg SKU.",0,237,,,False,False,False,False
467,Al-Kabeer ZING Chkn STRIPS NON SPICY,CKZSNS,ZING CHICKEN STRIPS NON-SPICY,v2_synthetic_by_construction,VERIFIED_CORRECT,,,"Assigned SKU accounts for every distinguishing word in the offer (['chicken', 'nonspicy', 'strip', 'zing']) and introduces none the offer does not state; protein/family/variant compatible, pack unknown; no superior SKU exists among all 237.",deterministic,VERIFIED_CORRECT,"Offer 'Al-Kabeer ZING Chkn STRIPS NON SPICY' agrees with CKZSNS exactly (ZING, STRIPS, chicken, NON-SPICY); name=88.8 rank 1/237. The promo SKU CKZSCKNP (81) is excluded because the offer contains no '+ free' promo language.",0,237,,,False,False,False,False
468,Al Kaber zing Chkn Strip Non spicy,CKZSNS,ZING CHICKEN STRIPS NON-SPICY,v2_synthetic_by_construction,VERIFIED_CORRECT,,,"Assigned SKU accounts for every distinguishing word in the offer (['chicken', 'nonspicy', 'strip', 'zing']) and introduces none the offer does not state; protein/family/variant compatible, pack unknown; no superior SKU exists among all 237.",deterministic,VERIFIED_CORRECT,"Offer 'Al Kaber zing Chkn Strip Non spicy' maps to CKZSNS on line/family/protein/spice; name=80.4 and rule=58.3 both rank 1/237. Margin over CKZSNSAPR is only 3 points but that SKU needs the unstated 'AK PRO' sub-brand and 1kg size, so the plain retail SKU wins.",0,237,,,False,False,False,False
469,Al Kabeer zing Chckn strips Not Spicy,CKZSNS,ZING CHICKEN STRIPS NON-SPICY,v2_synthetic_by_construction,VERIFIED_CORRECT,,,"Assigned SKU accounts for every distinguishing word in the offer (['chicken', 'nonspicy', 'strip', 'zing']) and introduces none the offer does not state; protein/family/variant compatible, pack unknown; no superior SKU exists among all 237.",deterministic,VERIFIED_CORRECT,"Offer 'Al Kabeer zing Chckn strips Not Spicy' matches CKZSNS on all four business discriminators; name=87.9 rank 1/237 with prot=1 fam=1 var=1 cat_ok=1, and the SPICY SKU CKZSDA (83) is contradicted by the explicit negation.",0,237,,,False,False,False,False
470,AlKabeer Zinger Chkn STRIPS,CKZSSB,ZING CHICKEN STRIPS -SMOKEY BUFFALO,v2_synthetic_by_construction,INCORRECT,CKZS,ZING CHICKEN STRIPS,"CKZS (ZING CHICKEN STRIPS) is superior: assigned SKU is over-specific: it adds 2 word(s) the offer never states, the replacement adds none. Offer words covered by replacement=['chicken', 'strip', 'zing'] vs assigned=['chicken', 'strip', 'zing']; over-specific words replacement=0 vs assigned=2; name similarity 85.4 vs 68.0 (+17.4); protein=1 family=1 pack=unknown; spec '320 Gms x 20 Pkts'. All 237 master SKUs were compared before selecting this replacement.",deterministic,INCORRECT,"Offer 'AlKabeer Zinger Chkn STRIPS' carries no flavour qualifier, yet the assigned CKZSSB is the SMOKEY BUFFALO flavour line. CKZS is literally named 'ZING CHICKEN STRIPS' - an exact identity match - and scores name=85 rank 1/237 versus 68 rank 5/237 for the assigned SKU. A specific flavour variant cannot outrank the plain base product when the offer names no flavour.",1,237,,,False,False,False,False
471,ALKABEER ZING Chckn strips,CKZSSB,ZING CHICKEN STRIPS -SMOKEY BUFFALO,v2_synthetic_by_construction,INCORRECT,CKZS,ZING CHICKEN STRIPS,"CKZS (ZING CHICKEN STRIPS) is superior: assigned SKU is over-specific: it adds 2 word(s) the offer never states, the replacement adds none. Offer words covered by replacement=['chicken', 'strip', 'zing'] vs assigned=['chicken', 'strip', 'zing']; over-specific words replacement=0 vs assigned=2; name similarity 92.4 vs 77.4 (+15.0); protein=1 family=1 pack=unknown; spec '320 Gms x 20 Pkts'. All 237 master SKUs were compared before selecting this replacement.",deterministic,INCORRECT,Offer 'ALKABEER ZING Chckn strips' is the plain base product; CKZS (ZING CHICKEN STRIPS) matches it verbatim at name=92 rank 1/237 while the assigned SMOKEY BUFFALO SKU CKZSSB sits at 77 rank 5/237. The 'SMOKEY BUFFALO' flavour token is entirely absent from the offer text.,1,237,,,False,False,False,False
472,Al Kabeer's ZINGER Chkn Strip,CKZSSB,ZING CHICKEN STRIPS -SMOKEY BUFFALO,v2_synthetic_by_construction,INCORRECT,CKZS,ZING CHICKEN STRIPS,"CKZS (ZING CHICKEN STRIPS) is superior: assigned SKU is over-specific: it adds 2 word(s) the offer never states, the replacement adds none. Offer words covered by replacement=['chicken', 'strip', 'zing'] vs assigned=['chicken', 'strip', 'zing']; over-specific words replacement=0 vs assigned=2; name similarity 80.4 vs 64.1 (+16.3); protein=1 family=1 pack=unknown; spec '320 Gms x 20 Pkts'. All 237 master SKUs were compared before selecting this replacement.",deterministic,INCORRECT,"Offer ""Al Kabeer's ZINGER Chkn Strip"" states no flavour, so the plain SKU CKZS (name=80, rank 1/237, rule=48) beats the assigned SMOKEY BUFFALO SKU CKZSSB (name=64, rank 5/237, rule=36.4 rank 11/237) by 16 name points. Assigning a named flavour variant to an unflavoured offer is a variant mismatch.",1,237,,,False,False,False,False
473,Al-Kabeer zing Chkn strips,CKZSSB,ZING CHICKEN STRIPS -SMOKEY BUFFALO,v2_synthetic_by_construction,INCORRECT,CKZS,ZING CHICKEN STRIPS,"CKZS (ZING CHICKEN STRIPS) is superior: assigned SKU is over-specific: it adds 2 word(s) the offer never states, the replacement adds none. Offer words covered by replacement=['chicken', 'strip', 'zing'] vs assigned=['chicken', 'strip', 'zing']; over-specific words replacement=0 vs assigned=2; name similarity 88.0 vs 75.2 (+12.9); protein=1 family=1 pack=unknown; spec '320 Gms x 20 Pkts'. All 237 master SKUs were compared before selecting this replacement.",deterministic,INCORRECT,Offer 'Al-Kabeer zing Chkn strips' contains ZING + chicken + STRIPS and nothing else; CKZS is exactly that product at name=88 rank 1/237 versus 75 for the assigned SMOKEY BUFFALO SKU. No smokey/buffalo evidence exists anywhere in the offer to justify the flavoured variant.,1,237,,,False,False,False,False
474,Al Kabeer's Zinger CHICKEN strips,CKZSSB,ZING CHICKEN STRIPS -SMOKEY BUFFALO,v2_synthetic_by_construction,INCORRECT,CKZS,ZING CHICKEN STRIPS,"CKZS (ZING CHICKEN STRIPS) is superior: assigned SKU is over-specific: it adds 2 word(s) the offer never states, the replacement adds none. Offer words covered by replacement=['chicken', 'strip', 'zing'] vs assigned=['chicken', 'strip', 'zing']; over-specific words replacement=0 vs assigned=2; name similarity 90.1 vs 77.2 (+12.9); protein=1 family=1 pack=unknown; spec '320 Gms x 20 Pkts'. All 237 master SKUs were compared before selecting this replacement.",deterministic,INCORRECT,"Offer ""Al Kabeer's Zinger CHICKEN strips"" names the base product only; CKZS (ZING CHICKEN STRIPS) scores name=90 rank 1/237 while the assigned CKZSSB (SMOKEY BUFFALO) scores 77 at rank 5/237. Per the business rules, flavour lines are distinct SKUs and must not absorb an unflavoured offer.",1,237,,,False,False,False,False
475,ALKABEER ZINGER Chiken Strips,CKZSSB,ZING CHICKEN STRIPS -SMOKEY BUFFALO,v2_synthetic_by_construction,INCORRECT,CKZS,ZING CHICKEN STRIPS,"CKZS (ZING CHICKEN STRIPS) is superior: assigned SKU is over-specific: it adds 2 word(s) the offer never states, the replacement adds none. Offer words covered by replacement=['chicken', 'strip', 'zing'] vs assigned=['chicken', 'strip', 'zing']; over-specific words replacement=0 vs assigned=2; name similarity 91.4 vs 74.4 (+17.0); protein=1 family=1 pack=unknown; spec '320 Gms x 20 Pkts'. All 237 master SKUs were compared before selecting this replacement.",deterministic,INCORRECT,"Offer 'ALKABEER ZINGER Chiken Strips' has no flavour qualifier; CKZS matches product identity exactly at name=91 rank 1/237 against 74 (rank 5/237) for the assigned SMOKEY BUFFALO SKU, whose rule score also ranks only 9/237. The 17-point name gap on an identical-identity contender is decisive.",1,237,,,False,False,False,False
476,Al kabeer Zing Chckn Strips,CKZSSB,ZING CHICKEN STRIPS -SMOKEY BUFFALO,v2_synthetic_by_construction,INCORRECT,CKZS,ZING CHICKEN STRIPS,"CKZS (ZING CHICKEN STRIPS) is superior: assigned SKU is over-specific: it adds 2 word(s) the offer never states, the replacement adds none. Offer words covered by replacement=['chicken', 'strip', 'zing'] vs assigned=['chicken', 'strip', 'zing']; over-specific words replacement=0 vs assigned=2; name similarity 92.4 vs 77.4 (+15.0); protein=1 family=1 pack=unknown; spec '320 Gms x 20 Pkts'. All 237 master SKUs were compared before selecting this replacement.",deterministic,INCORRECT,"Offer 'Al kabeer Zing Chckn Strips' is plain ZING CHICKEN STRIPS; CKZS scores name=92 rank 1/237 versus 77 for the assigned CKZSSB SMOKEY BUFFALO SKU. The offer supplies zero evidence for the smokey buffalo flavour line, which is a separate sellable SKU.",1,237,,,False,False,False,False
477,Alkabeer Zing Chkn Strip,CKZSSB,ZING CHICKEN STRIPS -SMOKEY BUFFALO,v2_synthetic_by_construction,INCORRECT,CKZS,ZING CHICKEN STRIPS,"CKZS (ZING CHICKEN STRIPS) is superior: assigned SKU is over-specific: it adds 2 word(s) the offer never states, the replacement adds none. Offer words covered by replacement=['chicken', 'strip', 'zing'] vs assigned=['chicken', 'strip', 'zing']; over-specific words replacement=0 vs assigned=2; name similarity 85.5 vs 66.7 (+18.8); protein=1 family=1 pack=unknown; spec '320 Gms x 20 Pkts'. All 237 master SKUs were compared before selecting this replacement.",deterministic,INCORRECT,Offer 'Alkabeer Zing Chkn Strip' names the base product only; CKZS matches at name=86 rank 1/237 while the assigned SMOKEY BUFFALO SKU CKZSSB scores 67 at rank 5/237 (rule rank 11/237). A flavour-specific SKU cannot be the best match for an offer that names no flavour.,1,237,,,False,False,False,False
478,ALKABEER zing AK PRO Chckn strips non spicy 1 Kg,CKZSNSAPR,AK PRO Zing Chicken Strips Non Spicy 1 kg x 10,v2_synthetic_by_construction,CORRECT_BUT_LOW_CONFIDENCE,,,"No SKU among all 237 is objectively superior, but the assigned SKU is not a clear winner: offer words unaccounted for []; name rank 1/237 (84.9).",deterministic,VERIFIED_CORRECT,"Offer explicitly states 'AK PRO', 'non spicy' and '1 Kg', all three of which are satisfied only by CKZSNSAPR (AK PRO Zing Chicken Strips Non Spicy 1kg X 10pkts): name=84.9 and rule=68.4 both rank 1/237 with pack=compatible, while every 750g/320g contender is flagged pack=INCOMPATIBLE.",0,237,,,False,False,False,False
479,Alkabeer ZINGER AK PRO Chiken Strips NOSPICY 1 kilo,CKZSNSAPR,AK PRO Zing Chicken Strips Non Spicy 1 kg x 10,v2_synthetic_by_construction,CORRECT_BUT_LOW_CONFIDENCE,,,"No SKU among all 237 is objectively superior, but the assigned SKU is not a clear winner: offer words unaccounted for ['kilo']; name rank 2/237 (76.3).",deterministic,VERIFIED_CORRECT,"Although name ties at 76 with CKZSNS, the offer's explicit 'AK PRO' sub-brand token and '1 kilo' size both point uniquely to CKZSNSAPR (1kg X 10pkts); CKZSNS is the 750g retail pack, so the stated size and sub-brand break the tie decisively in favour of the assigned SKU.",0,237,,,False,False,False,False
480,Al-Kabeer ZING AK Pro CHICKEN strips NS 1 Kg,CKZSNSAPR,AK PRO Zing Chicken Strips Non Spicy 1 kg x 10,v2_synthetic_by_construction,CORRECT_BUT_LOW_CONFIDENCE,,,"No SKU among all 237 is objectively superior, but the assigned SKU is not a clear winner: offer words unaccounted for []; name rank 2/237 (83.3).",deterministic,VERIFIED_CORRECT,"Offer states ZING + AK Pro + CHICKEN strips + NS + 1 Kg, and CKZSNSAPR matches every stated attribute (sub-brand Zing/AK PRO, family STRIPS, non-spicy variant, 1kg X 10pkts, pack=compatible, cat_ok=1). The higher-name contender CKZS (87) is plain ZING CHICKEN STRIPS 320g with pack INCOMPATIBLE and carries neither AK PRO nor non-spicy.",0,237,,,False,False,False,False
481,AL KABEER ZINGER A/K Pro Chckn Strips NON SPICY 1 Kg,CKZSNSAPR,AK PRO Zing Chicken Strips Non Spicy 1 kg x 10,v2_synthetic_by_construction,CORRECT_BUT_LOW_CONFIDENCE,,,"No SKU among all 237 is objectively superior, but the assigned SKU is not a clear winner: offer words unaccounted for []; name rank 1/237 (82.7).",deterministic,VERIFIED_CORRECT,"CKZSNSAPR ranks 1/237 on both name (82.7) and rule and matches ZINGER->Zing, A/K Pro->AK PRO, Chckn Strips->Chicken Strips, NON SPICY and 1 Kg (pack=compatible). Nearest contender CKZSNS lacks the AK PRO sub-brand and is 750g (pack INCOMPATIBLE against the stated 1 Kg).",0,237,,,False,False,False,False
482,Alkabeer Zing AK PRO Chicken strips Not Spicy 1 kilo,CKZSNSAPR,AK PRO Zing Chicken Strips Non Spicy 1 kg x 10,v2_synthetic_by_construction,VERIFIED_CORRECT,,,"Best of all 237 SKUs on name similarity (84.1, margin +3.3); no attribute conflict; pack unknown.",deterministic,VERIFIED_CORRECT,"Offer 'Zing AK PRO Chicken strips Not Spicy 1 kilo' aligns attribute-for-attribute with CKZSNSAPR, which ranks 1/237 on name (84.1) and rule with prot/fam/var all 1 and cat_ok=1. pack is only 'unknown' because '1 kilo' is unparsable, not a conflict; every rival Zing strips SKU is 750g/700g/320g and lacks AK PRO.",0,237,,,False,False,False,False
483,ALKABEER Zing AK PRO CHICKEN STRIPS Not Spicy 1 Kg,CKZSNSAPR,AK PRO Zing Chicken Strips Non Spicy 1 kg x 10,v2_synthetic_by_construction,VERIFIED_CORRECT,,,"Best of all 237 SKUs on name similarity (87.6, margin +3.8); no attribute conflict; pack compatible.",deterministic,VERIFIED_CORRECT,"CKZSNSAPR is top-ranked on name (87.6) and rule (70.7) with pack=compatible against the stated 1 Kg; it uniquely carries all four stated tokens (Zing, AK PRO, strips, Not Spicy). CKZSNS and CKZS are both pack INCOMPATIBLE and carry no AK PRO sub-brand.",0,237,,,False,False,False,False
484,Alkabeers ZINGER AK PRO CHICKEN STRIPS Not Spicy 1 kilo,CKZSNSAPR,AK PRO Zing Chicken Strips Non Spicy 1 kg x 10,v2_synthetic_by_construction,VERIFIED_CORRECT,,,"Best of all 237 SKUs on name similarity (80.1, margin +5.1); no attribute conflict; pack unknown.",deterministic,VERIFIED_CORRECT,"Assigned CKZSNSAPR ranks 1/237 on both name (80.1) and rule for an offer stating ZINGER + AK PRO + CHICKEN STRIPS + Not Spicy + 1 kilo; it is the only master SKU combining the Zing line, AK PRO sub-brand, STRIPS family and non-spicy variant at 1 kg.",0,237,,,False,False,False,False
485,Al-Kabeer ZINGER AK Pro Chckn Strips N/S 1kg,CKZSNSAPR,AK PRO Zing Chicken Strips Non Spicy 1 kg x 10,v2_synthetic_by_construction,CORRECT_BUT_LOW_CONFIDENCE,,,"No SKU among all 237 is objectively superior, but the assigned SKU is not a clear winner: offer words unaccounted for []; name rank 1/237 (73.3).",deterministic,VERIFIED_CORRECT,"N/S expands to non-spicy, and CKZSNSAPR matches Zinger/AK Pro/Chckn Strips/non-spicy/1kg with pack=compatible and rank 1/237 on name and rule. Contenders CKZSDA (spicy) and CKZSNS/CKZS (750g and 320g, pack INCOMPATIBLE) each violate a stated attribute.",0,237,,,False,False,False,False
486,Al kabeer Zinger AK Pro Chckn Strips Non spicy (1 kg),CKZSNSAPR,AK PRO Zing Chicken Strips Non Spicy 1 kg x 10,v2_synthetic_by_construction,CORRECT_BUT_LOW_CONFIDENCE,,,"No SKU among all 237 is objectively superior, but the assigned SKU is not a clear winner: offer words unaccounted for []; name rank 1/237 (82.1).",deterministic,VERIFIED_CORRECT,CKZSNSAPR and CKZSNS tie on name (82) but only the assigned SKU carries the AK Pro sub-brand stated in the offer and is pack=compatible with the stated (1 kg); CKZSNS is 8 X 750 GMS and pack INCOMPATIBLE.,0,237,,,False,False,False,False
487,Al kbeer Paratha Parathas 270 GM,VPCR,Chocolate Paratha 270 g. x 24,v2_synthetic_by_construction,CORRECT_BUT_LOW_CONFIDENCE,,,"No SKU among all 237 is objectively superior, but the assigned SKU is not a clear winner: offer words unaccounted for []; name rank 9/237 (47.1).",deterministic,CORRECT_BUT_LOW_CONFIDENCE,"The offer names no paratha flavour, and the only discriminator is the declared 270 GM, which matches VPCR (270 Gms x 24) alone; every higher-name paratha (VPMR 68, VPR 67, VRTP 60, VPRW 59) is 400g or 1200g and pack INCOMPATIBLE. The label rests entirely on the weight since 'Chocolate' is absent from the offer text, so a plain-paratha reading is not fully excluded.",0,237,,,False,False,False,False
488,AlKabeer AK PRO VEGETABLE Sambosa,CVSAPR,AK PRO VEGETABLE SAMOSA,v2_synthetic_by_construction,CORRECT_BUT_LOW_CONFIDENCE,,,"Assigned SKU accounts for every distinguishing word in the offer (['pro', 'samosa', 'vegetable']) and introduces none the offer does not state; protein/family/variant compatible, pack unknown; no superior SKU exists among all 237.",deterministic+agent_downgrade,CORRECT_BUT_LOW_CONFIDENCE,"Product identity is essentially exact: 'AK PRO VEGETABLE Sambosa' vs CVSAPR 'AK PRO VEGETABLE SAMOSA' scores name=97 and rank 1/237, and no other SKU carries both AK PRO and vegetable samosa (CVSAA is the unbranded bulk twin, CVSAP a twin promo pack). However cat_ok=0 (runtime_category=Veg vs master cat2=Dough, flagged DEFECTS=category_gate_fail), so the deployed candidate generator could never surface this pair; the row is a defective training label despite the correct SKU choice.",0,237,,category_gate_unreachable,False,False,True,False
489,Alkaberer AK Pro Potato fries,VFAPR,AK PRO FRENCH FRIES BULK,v2_synthetic_by_construction,CORRECT_BUT_LOW_CONFIDENCE,,,"No SKU among all 237 is objectively superior, but the assigned SKU is not a clear winner: offer words unaccounted for ['potato']; name rank 2/237 (63.8).",deterministic,VERIFIED_CORRECT,"Offer states only brand + AK Pro + potato fries, and VFAPR (AK PRO FRENCH FRIES BULK) is the plain AK PRO fries SKU, top by name (63.8) and rule among all fries SKUs; the two rival AK PRO fries add attributes the offer never states (VF6APR '6x6 MM', VF6SAPR 'Salted & Coated'). The higher-name VPB is POTATO BITES, a different product identity, and CCF/FSAPR are chicken/fish with cat_ok=0.",0,237,,,False,False,False,False
490,Al kabeer AK Pro Potato fries,VFAPR,AK PRO FRENCH FRIES BULK,v2_synthetic_by_construction,CORRECT_BUT_LOW_CONFIDENCE,,,"No SKU among all 237 is objectively superior, but the assigned SKU is not a clear winner: offer words unaccounted for ['potato']; name rank 2/237 (67.4).",deterministic,VERIFIED_CORRECT,"VFAPR leads all french-fries candidates on name (67.4) and rule (55.6) and matches the two stated attributes exactly (AK Pro sub-brand, potato fries). VPB (72) is Potato Bites, a distinct product, and the higher-spec AK PRO variants introduce unstated cut/coating modifiers.",0,237,,,False,False,False,False
491,ALKABEEER AK Pro Potato fries,VFAPR,AK PRO FRENCH FRIES BULK,v2_synthetic_by_construction,CORRECT_BUT_LOW_CONFIDENCE,,,"No SKU among all 237 is objectively superior, but the assigned SKU is not a clear winner: offer words unaccounted for ['potato']; name rank 2/237 (62.5).",deterministic,VERIFIED_CORRECT,"For the plain offer 'AK Pro Potato fries', VFAPR is the plain AK PRO french fries SKU and outranks VF6APR (62 vs 52 name, 52 vs 45 rule) with cat_ok=1; VPB at name 68 is POTATO BITES, a different product identity that cannot outrank an exact fries match.",0,237,,,False,False,False,False
492,ALKABEER A/K Pro Potato fries,VFAPR,AK PRO FRENCH FRIES BULK,v2_synthetic_by_construction,CORRECT_BUT_LOW_CONFIDENCE,,,"No SKU among all 237 is objectively superior, but the assigned SKU is not a clear winner: offer words unaccounted for ['potato']; name rank 2/237 (60.1).",deterministic,VERIFIED_CORRECT,"VFAPR matches A/K Pro + potato fries with cat_ok=1 and leads the fries slate on name (60.1) and rule (48.7); rivals either differ in product identity (VPB Potato Bites, CSPCAPR prawn crispies with prot=0/cat_ok=0) or add unstated cut/coating attributes.",0,237,,,False,False,False,False
493,Alkabeer AK PRO Potato fries,VFAPR,AK PRO FRENCH FRIES BULK,v2_synthetic_by_construction,CORRECT_BUT_LOW_CONFIDENCE,,,"No SKU among all 237 is objectively superior, but the assigned SKU is not a clear winner: offer words unaccounted for ['potato']; name rank 2/237 (67.4).",deterministic,VERIFIED_CORRECT,"Identical offer semantics to rows 490/492: VFAPR is top-scoring fries SKU (name 67.4, rule 55.6, cat_ok=1) and the only AK PRO fries entry with no extra unstated modifier. VPB (name 72) is Potato Bites, a different product family.",0,237,,,False,False,False,False
494,AL KABEER A.K PRO Potato fries,VFAPR,AK PRO FRENCH FRIES BULK,v2_synthetic_by_construction,CORRECT_BUT_LOW_CONFIDENCE,,,"No SKU among all 237 is objectively superior, but the assigned SKU is not a clear winner: offer words unaccounted for ['potato']; name rank 2/237 (60.1).",deterministic,VERIFIED_CORRECT,"'A.K PRO Potato fries' maps directly to VFAPR (AK PRO FRENCH FRIES BULK), which leads the fries candidates on name (60.1) and rule (48.7) with cat_ok=1; the alternatives are either a different product (VPB bites, CSPCAPR prawns prot=0) or add unstated 6x6 MM / Salted & Coated specs.",0,237,,,False,False,False,False
495,Al Kabee A.K PRO Potato fries,VFAPR,AK PRO FRENCH FRIES BULK,v2_synthetic_by_construction,CORRECT_BUT_LOW_CONFIDENCE,,,"No SKU among all 237 is objectively superior, but the assigned SKU is not a clear winner: offer words unaccounted for ['kabee', 'potato']; name rank 2/237 (56.2).",deterministic,VERIFIED_CORRECT,"Despite a noisier brand token ('Al Kabee'), VFAPR still matches both stated attributes (A.K PRO sub-brand, potato fries) and is the highest-scoring fries SKU with cat_ok=1 (name 56.2 vs VF6APR 49, VFFA 48); VPB at 66 is Potato Bites and CSPCAPR/FSAPR are prot=0, cat_ok=0.",0,237,,,False,False,False,False
496,AL KABEER Potato fries,VFA,FRENCH FRIES 2.5x4,v2_synthetic_by_construction,CORRECT_BUT_LOW_CONFIDENCE,,,"No SKU among all 237 is objectively superior, but the assigned SKU is not a clear winner: offer words unaccounted for ['potato']; name rank 12/237 (47.4).",deterministic,CORRECT_BUT_LOW_CONFIDENCE,"The offer carries no sub-brand and no size, which correctly rules out the AK PRO fries SKUs, leaving the plain Al Kabeer french fries family; within it VFA (2.5 kg x 4) and VFFA (FRENCH FRIES 1, 1 kg x 10) are the same product differing only in a pack size the offer never states, and VFFA actually scores slightly higher on name (52 vs 47, rank 12/237 for the assigned). Per the size-not-stated rule this is unresolvable rather than wrong.",0,237,,,False,False,False,False
497,Al Kabeer's A/K Pro Potato fries 2.5 kg,VF6APR,AK PRO French Fries 2.5 kg x 4 (6x6 MM),v2_synthetic_by_construction,CORRECT_BUT_LOW_CONFIDENCE,,,"No SKU among all 237 is objectively superior, but the assigned SKU is not a clear winner: offer words unaccounted for ['potato']; name rank 3/237 (56.9).",deterministic,CORRECT_BUT_LOW_CONFIDENCE,"VF6APR and VFAPR are an exact name tie (57 each) and both are AK PRO french fries at 2.5 kg x 4 with pack=compatible against the stated 2.5 kg; VFAPR even leads on rule (47 vs 43). The offer states nothing about the 6x6 MM cut, so the choice between the two is genuinely undetermined by the text.",0,237,,,False,False,False,False
498,Alkabeer AK PRO Potato fries (2.5 kg),VF6SAPR,AK PRO French Fries Salted & Coated 2.5 kg x 4 (6x6 MM),v2_synthetic_by_construction,CORRECT_BUT_LOW_CONFIDENCE,,,"No SKU among all 237 is objectively superior, but the assigned SKU is not a clear winner: offer words unaccounted for ['potato']; name rank 4/237 (61.4).",deterministic,CORRECT_BUT_LOW_CONFIDENCE,"Assigned VF6SAPR is the 'Salted & Coated' variant, an attribute absent from the plain offer, and it is outscored by the plain VFAPR (name 67 vs 61, rule 56 vs 49) and by VF6APR (64), all three being AK PRO french fries with 2.5 kg units and pack=compatible. The 6-point name delta among same-line variants is too weak to flip, but the unstated coating makes the label only marginally the best choice.",0,237,,,False,False,False,False
499,Al kabeer A.K PRO Potato fries (2.5 kg),VF6SAPR,AK PRO French Fries Salted & Coated 2.5 kg x 4 (6x6 MM),v2_synthetic_by_construction,CORRECT_BUT_LOW_CONFIDENCE,,,"No SKU among all 237 is objectively superior, but the assigned SKU is not a clear winner: offer words unaccounted for ['potato']; name rank 6/237 (56.2).",deterministic,CORRECT_BUT_LOW_CONFIDENCE,"Near three-way tie among AK PRO 2.5 kg fries: VFAPR 60, VF6APR 59, assigned VF6SAPR 56, all pack=compatible with the stated (2.5 kg) and cat_ok=1. The offer gives no coating or cut token, so the 'Salted & Coated' variant is defensible but not distinguishable from the plain SKU on the offer text alone.",0,237,,,False,False,False,False
500,AL-KABEEZ AK PRO Potato fries 2.5kg,VF6SAPR,AK PRO French Fries Salted & Coated 2.5 kg x 4 (6x6 MM),v2_synthetic_by_construction,CORRECT_BUT_LOW_CONFIDENCE,,,"No SKU among all 237 is objectively superior, but the assigned SKU is not a clear winner: offer words unaccounted for ['5kg', 'potato']; name rank 7/237 (51.9).",deterministic,CORRECT_BUT_LOW_CONFIDENCE,"Offer 'AK PRO Potato fries 2.5kg' matches three genuinely distinct AK PRO french-fry SKUs that all carry a 2.5 kg unit weight (VFAPR bulk name=60, VF6APR 6x6mm name=53, assigned VF6SAPR salted&coated name=52); the offer states no coating, cut or bulk indicator, so nothing objectively favours one over the others. Assigned is protein/family/pack compatible and cat_ok=1, so it remains defensible but sits below VFAPR on the undiluted name signal.",0,237,,,False,False,False,False
501,Alkabeers A/K Pro Potato fries 2.5 Kg,VF6SAPR,AK PRO French Fries Salted & Coated 2.5 kg x 4 (6x6 MM),v2_synthetic_by_construction,CORRECT_BUT_LOW_CONFIDENCE,,,"No SKU among all 237 is objectively superior, but the assigned SKU is not a clear winner: offer words unaccounted for ['potato']; name rank 7/237 (54.3).",deterministic,CORRECT_BUT_LOW_CONFIDENCE,"Same three-way AK PRO 2.5 kg fries ambiguity: VFAPR and VF6APR both name=57 vs assigned VF6SAPR name=54, all pack=compatible and cat_ok=1. The offer 'A/K Pro Potato fries 2.5 Kg' declares no coating (salted & coated), cut (6x6 mm) or bulk attribute, so the deciding attribute is simply absent from the text.",0,237,,,False,False,False,False
502,Al kbeer A/K Pro Potato fries 2.5 Kg,VF6SAPR,AK PRO French Fries Salted & Coated 2.5 kg x 4 (6x6 MM),v2_synthetic_by_construction,CORRECT_BUT_LOW_CONFIDENCE,,,"No SKU among all 237 is objectively superior, but the assigned SKU is not a clear winner: offer words unaccounted for ['potato']; name rank 11/237 (48.1).",deterministic,CORRECT_BUT_LOW_CONFIDENCE,"Assigned VF6SAPR is only name=48 (rank 11) while the sibling VFAPR AK PRO FRENCH FRIES BULK scores 56 on the same 2.5 kg spec; both are compatible on pack, protein, family and cat gate. Since the offer text gives no coating/cut/bulk discriminator, the assigned SKU is plausible but not demonstrably the best of the three AK PRO fries.",0,237,,,False,False,False,False
503,AL KABEER A.K PRO Potato fries 2500 gm x 3,VF6SAPR,AK PRO French Fries Salted & Coated 2.5 kg x 4 (6x6 MM),v2_synthetic_by_construction,CORRECT_BUT_LOW_CONFIDENCE,,,"No SKU among all 237 is objectively superior, but the assigned SKU is not a clear winner: offer words unaccounted for ['potato']; name rank 4/237 (58.3).",deterministic,CORRECT_BUT_LOW_CONFIDENCE,"Offer '2500 gm x 3' fixes the unit weight at 2.5 kg but the pack count of 3 matches none of the masters (x6, x4, x4). Assigned VF6SAPR (name=58) is effectively tied with VFAPR (58) and below VF6APR (62), all AK PRO 2.5 kg fries with pack=compatible and cat_ok=1, so the choice among the line variants is unresolvable from the text.",0,237,,,False,False,False,False
504,Al kbeer AK Pro Potato fries 2.5 kg,VF6SAPR,AK PRO French Fries Salted & Coated 2.5 kg x 4 (6x6 MM),v2_synthetic_by_construction,CORRECT_BUT_LOW_CONFIDENCE,,,"No SKU among all 237 is objectively superior, but the assigned SKU is not a clear winner: offer words unaccounted for ['potato']; name rank 7/237 (52.9).",deterministic,CORRECT_BUT_LOW_CONFIDENCE,"Assigned VF6SAPR name=53 versus sibling VFAPR name=60 on the identical 2.5 kg AK PRO french-fry spec; both compatible on prot/fam/var/pack with cat_ok=1. The offer 'AK Pro Potato fries 2.5 kg' names no coating or cut, so the salted & coated variant is asserted without textual support but no rival is objectively better either.",0,237,,,False,False,False,False
505,Al Kabeer A/K Pro Potato fries 3 x 2500g,VF6SAPR,AK PRO French Fries Salted & Coated 2.5 kg x 4 (6x6 MM),v2_synthetic_by_construction,CORRECT_BUT_LOW_CONFIDENCE,,,"No SKU among all 237 is objectively superior, but the assigned SKU is not a clear winner: offer words unaccounted for ['2500g', 'potato']; name rank 4/237 (58.3).",deterministic,CORRECT_BUT_LOW_CONFIDENCE,"Offer '3 x 2500g' confirms only the 2.5 kg unit; assigned VF6SAPR (name=58) is behind VF6APR (62) and level with VFAPR (58), all three AK PRO 2.5 kg fries with pack=compatible and cat_ok=1. No coating/cut token in the offer resolves the tie, so this is a genuine near-tie rather than a wrong label.",0,237,,,False,False,False,False
506,AL KABBER AK Pro Potato fries,VFAPR,AK PRO FRENCH FRIES BULK,v2_synthetic_by_construction,CORRECT_BUT_LOW_CONFIDENCE,,,"No SKU among all 237 is objectively superior, but the assigned SKU is not a clear winner: offer words unaccounted for ['potato']; name rank 2/237 (60.0).",deterministic,CORRECT_BUT_LOW_CONFIDENCE,"Offer 'AK Pro Potato fries' states no weight at all; assigned VFAPR is the top-ranked reachable SKU on both signals (rule 49.3 rank 1/237, name 60 rank 2/237) and is the plainest AK PRO french-fry master, but its 'BULK' attribute and the rival 6x6 MM and salted & coated variants are all undeclared in the offer, leaving the line variant unresolved. VPB POTATO BITES (name=66) is correctly not preferred because bites are a different product from fries.",0,237,,,False,False,False,False
507,Al-Kabeer Chkn frank 300 g,VKCCSC,Chicken Cocktail  Frank 300 G  x 24,v2_synthetic_by_construction,CORRECT_BUT_LOW_CONFIDENCE,,,"No SKU among all 237 is objectively superior, but the assigned SKU is not a clear winner: offer words unaccounted for []; name rank 4/237 (57.7).",deterministic,VERIFIED_CORRECT,"Offer declares chicken frank at 300 g and assigned VKCCSC is Chicken Cocktail Frank 300 G x 24 (cat2=Chicken, fam4=SAUSAGES) with pack=compatible, prot=1, cat_ok=1. The higher-name contender VFDC (Chicken Frank 340 G, name=72) is pack=INCOMPATIBLE against the stated 300 g, so declared size decisively selects the assigned SKU.",0,237,,,False,False,False,False
508,Al kabeer Chiken frank 300 gm,VKCCSC,Chicken Cocktail  Frank 300 G  x 24,v2_synthetic_by_construction,CORRECT_BUT_LOW_CONFIDENCE,,,"No SKU among all 237 is objectively superior, but the assigned SKU is not a clear winner: offer words unaccounted for []; name rank 12/237 (60.7).",deterministic,VERIFIED_CORRECT,"Offer 'Chiken frank 300 gm' matches assigned VKCCSC (Chicken Cocktail Frank 300 G x 24) exactly on declared weight, protein and the SAUSAGES family, pack=compatible and cat_ok=1. All higher-name rivals are either a different product (CHICKEN FRIES, KOFTA, NUGGETS, POP-CORN) or size-conflicting (VFDC 340 g INCOMPATIBLE, CFB is beef).",0,237,,,False,False,False,False
509,Al-Kabeer Blueberries pulp,VMP,MANGO PULP NEW,v2_synthetic_by_construction,CORRECT_BUT_LOW_CONFIDENCE,,,"No SKU among all 237 is objectively superior, but the assigned SKU is not a clear winner: offer words unaccounted for ['blueberrie']; name rank 10/237 (45.7).",deterministic,INCORRECT,"The offer names blueberries but assigned VMP is MANGO PULP (name=46, rank 10) - a different fruit, which is a product-identity conflict that outweighs the shared 'pulp' token. VBLUD BLUEBERRIES 350GM is the top text match (name=78, rule=60, rank 1, cat2=Fruits, cat_ok=1) and matches the plural fruit noun exactly; no blueberry-pulp master exists, so the blueberry SKU is the best available of the 237.",0,237,,,False,False,False,False
510,Al Kabeer Strawberries slices,VMS,MANGO SLICES,v2_synthetic_by_construction,CORRECT_BUT_LOW_CONFIDENCE,,,"No SKU among all 237 is objectively superior, but the assigned SKU is not a clear winner: offer words unaccounted for ['strawberrie']; name rank 3/237 (59.7).",deterministic,INCORRECT,"Offer says strawberries; assigned VMS is MANGO SLICES (name=60), a different fruit. VSB STRAWBERRIES scores name=92 / rule=63 (rank 1/237), same cat2=Fruits and fam4 slice/pulp family with cat_ok=1, so fruit identity decisively favours VSB. VSBAPR is rejected because the offer carries no AK PRO sub-brand token.",0,237,,,False,False,False,False
511,Al Kabeer's cheese cube,VPAN,PANEER CUBES,v2_synthetic_by_construction,CORRECT_BUT_LOW_CONFIDENCE,,,"No SKU among all 237 is objectively superior, but the assigned SKU is not a clear winner: offer words unaccounted for ['cheese']; name rank 19/237 (50.0).",deterministic,CORRECT_BUT_LOW_CONFIDENCE,"'Cheese cube' maps to paneer (Indian cheese) cubes, and VPAN PANEER CUBES is the only cube-form cheese product among the candidates - the higher-name rivals are either beef (BC40 BEEF CUBES, name=72, wrong protein/product) or cheese sticks/samosas/spring rolls, which are different product identities. Confidence is limited because the offer declares no weight and the sibling VPAN500 (PANEER CUBES 500 g) is equally defensible.",0,237,,,False,False,False,False
512,AlKabeer Cheese cube,VPAN,PANEER CUBES,v2_synthetic_by_construction,CORRECT_BUT_LOW_CONFIDENCE,,,"No SKU among all 237 is objectively superior, but the assigned SKU is not a clear winner: offer words unaccounted for ['cheese']; name rank 19/237 (52.3).",deterministic,CORRECT_BUT_LOW_CONFIDENCE,"Assigned VPAN PANEER CUBES is the only cheese-in-cube-form master; all higher-scoring candidates (BC40 beef cubes name=70, cheese samosas/sticks/spring rolls 59-67) fail on product identity. The offer states no pack weight, so VPAN 200 g versus VPAN500 500 g cannot be separated, and the assigned SKU ranks only 19/237 on name.",0,237,,,False,False,False,False
513,Al kabeer cheese cube,VPAN500,PANEER CUBES 500,v2_synthetic_by_construction,CORRECT_BUT_LOW_CONFIDENCE,,,"No SKU among all 237 is objectively superior, but the assigned SKU is not a clear winner: offer words unaccounted for ['cheese']; name rank 23/237 (45.9).",deterministic,CORRECT_BUT_LOW_CONFIDENCE,"Same offer wording as row 512 but assigned to the 500 g paneer variant; paneer cubes remains the only cheese-cube product identity in the master list, so the label is plausible. However the offer declares no size, VPAN 200 g is equally valid, and the assigned SKU is weak on both signals (rule rank 58/237, name rank 23/237).",0,237,,,False,False,False,False
514,AL KABBER Cheese cube,VPAN500,PANEER CUBES 500,v2_synthetic_by_construction,CORRECT_BUT_LOW_CONFIDENCE,,,"No SKU among all 237 is objectively superior, but the assigned SKU is not a clear winner: offer words unaccounted for ['cheese']; name rank 9/237 (51.9).",deterministic,CORRECT_BUT_LOW_CONFIDENCE,"Assigned VPAN500 (name=52) is edged by its own sibling VPAN 200 g (name=56) and by BC40 BEEF CUBES (56, wrong protein/product). Since VPAN and VPAN500 are the same product differing only in a pack size the offer never states, the label is retained rather than flipped, but confidence is low.",0,237,,,False,False,False,False
515,Al kabeer Potato bites,VPB,POTATO BITES,v2_synthetic_by_construction,VERIFIED_CORRECT,,,"Assigned SKU accounts for every distinguishing word in the offer (['bite', 'potato']) and introduces none the offer does not state; protein/family/variant compatible, pack unknown; no superior SKU exists among all 237.",deterministic,VERIFIED_CORRECT,"Offer 'Potato bites' is an exact product-identity match to VPB POTATO BITES with name=100 and rule=68.8, rank 1/237 on both signals, prot/fam/var all 1 and cat_ok=1. The next contender (MUTTON CUBES, name=60) is a different protein and product.",0,237,,,False,False,False,False
516,Alkabeer Potato hashbrown,VHBPA,HASH BROWN,v2_synthetic_by_construction,INCORRECT,VPB,POTATO BITES,VPB (POTATO BITES) is superior: covers strictly more of the offer's own wording (['potato'] vs []). Offer words covered by replacement=['potato'] vs assigned=[]; over-specific words replacement=1 vs assigned=2; name similarity 65.8 vs 67.5 (-1.6); protein=1 family=1 pack=unknown; spec '1 Kgs x 10 Pkts'. All 237 master SKUs were compared before selecting this replacement.,deterministic,CORRECT_BUT_LOW_CONFIDENCE,"Assigned VHBPA HASH BROWN is the top name match (68, rank 1/237) and the correct Potato-Spl product identity for 'Potato hashbrown', but the sibling VHBP HASH BROWNS (name=65, 2.5 kg x 4) is a near-tie and the offer declares no weight, so the pack variant is unresolvable from the text.",1,237,,,False,False,False,False
517,Al Kabeer Chkn frank 400gm X 2,VFKJC,Chicken jumbo Hot Dogs 400 g x  24,v2_synthetic_by_construction,INCORRECT,CKN400,CHICKEN NUGGETS (400G),"CKN400 (CHICKEN NUGGETS (400G)) is superior: covers strictly more of the offer's own wording (['400gm', 'chicken'] vs ['chicken']). Offer words covered by replacement=['400gm', 'chicken'] vs assigned=['chicken']; over-specific words replacement=1 vs assigned=3; name similarity 42.6 vs 37.4 (+5.2); protein=1 family=1 pack=compatible; spec '400 Gms x 12 Pkts'. All 237 master SKUs were compared before selecting this replacement.",deterministic,CORRECT_BUT_LOW_CONFIDENCE,"The offer declares 400 gm and assigned VFKJC (Chicken jumbo Hot Dogs 400 g, cat2=Chicken, fam4=SAUSAGES) is the only chicken frankfurter master compatible at that unit weight - the two high-name rivals VFDC (340 g, name=75) and VKCCSC (300 g, name=62) are both pack=INCOMPATIBLE with the stated 400 g. Confidence is low because the assigned SKU is only name=37.4 (rank 92/237) and adds an unstated 'jumbo' variant, the match resting almost entirely on the size and sausage-family evidence.",1,237,,,False,False,False,False
518,Alkabeer Chkn frank 340 gr,VFDC,Chicken Frank 340 G  x 24,v2_synthetic_by_construction,VERIFIED_CORRECT,,,"Assigned SKU accounts for every distinguishing word in the offer (['chicken', 'frank']) and introduces none the offer does not state; protein/family/variant compatible, pack unknown; no superior SKU exists among all 237.",deterministic,VERIFIED_CORRECT,"Offer 'Chkn frank 340 gr' matches VFDC Chicken Frank 340 G x 24 on product identity, protein and declared weight, ranking 1/237 on both name (69) and rule (41.6) with cat_ok=1. All rivals are different products (chicken fries, nuggets, kofta) or a different size/protein (VKCCSC 300 g cocktail, CFB beef).",0,237,,,False,False,False,False
519,Alkabeer chicken frank (340g),VFDC,Chicken Frank 340 G  x 24,v2_synthetic_by_construction,VERIFIED_CORRECT,,,"Best of all 237 SKUs on name similarity (90.1, margin +9.8); no attribute conflict; pack compatible.",deterministic,VERIFIED_CORRECT,"Exact match: 'chicken frank (340g)' vs VFDC Chicken Frank 340 G x 24, name=90 and rule=64.9 both rank 1/237, pack=compatible, prot=1, cat_ok=1. The nearest rival VKCCSC is the 300 g cocktail frank and is pack=INCOMPATIBLE with the stated 340 g.",0,237,,,False,False,False,False
520,ALKABEER Potato fries,VFFA,FRENCH FRIES 1,v2_synthetic_by_construction,CORRECT_BUT_LOW_CONFIDENCE,,,"No SKU among all 237 is objectively superior, but the assigned SKU is not a clear winner: offer words unaccounted for ['potato']; name rank 5/237 (52.4).",deterministic,VERIFIED_CORRECT,"Offer 'ALKABEER Potato fries' is plain with no size, cut, or sub-brand qualifier, so the plain retail SKU VFFA (FRENCH FRIES 1, 1 kg x 10) is the correct default; it is the top-ranked genuine fries SKU (rule rank 2/237, name 52 vs 49 for Thin Cut and 47 for the 2.5kg bulk), prot/fam/var all agree and cat_ok=1. The higher-name contender VPB (83) is POTATO BITES, a different product identity, so it cannot displace it.",0,237,,,False,False,False,False
521,Al kabeer Potato fries 1 Kg,VFFATC,Thin Cut French Fries 1 kg x 10 pkts,v2_synthetic_by_construction,CORRECT_BUT_LOW_CONFIDENCE,,,"No SKU among all 237 is objectively superior, but the assigned SKU is not a clear winner: offer words unaccounted for ['potato']; name rank 8/237 (48.8).",deterministic,CORRECT_BUT_LOW_CONFIDENCE,"Offer 'Potato fries 1 Kg' states no cut, yet the assigned VFFATC carries an unstated 'Thin Cut' qualifier; the plain VFFA (FRENCH FRIES 1) is the same 1 kg x 10 Potato pack and scores higher on both signals (name 52 vs 49, rule 43 vs 38). The delta is too small to flip, and both are 1 kg fries with pack=compatible and cat_ok=1, so the assignment stays but is a genuine near-tie.",0,237,,,False,False,False,False
522,ALKABEER Potato fries 1 Kg,VFFATC,Thin Cut French Fries 1 kg x 10 pkts,v2_synthetic_by_construction,CORRECT_BUT_LOW_CONFIDENCE,,,"No SKU among all 237 is objectively superior, but the assigned SKU is not a clear winner: offer words unaccounted for ['potato']; name rank 8/237 (48.8).",deterministic,CORRECT_BUT_LOW_CONFIDENCE,"Identical situation to row 521: 'ALKABEER Potato fries 1 Kg' contains no cut descriptor while the assigned VFFATC is the Thin Cut line, and the plain VFFA at the same 1 kg x 10 spec outscores it (name 52 vs 49, rule 43 vs 38). Product identity (potato/french fries), pack compatibility and cat_ok=1 all hold for the assigned SKU, so it is plausible but ambiguous against VFFA.",0,237,,,False,False,False,False
523,AL KABEER chicken frank,VFKJ,CHICKEN JUMBO HOT DOGS,v2_synthetic_by_construction,INCORRECT,VFDC,Chicken Frank 340 G  x 24,"VFDC (Chicken Frank 340 G  x 24) is superior: covers strictly more of the offer's own wording (['chicken', 'frank'] vs ['chicken']). Offer words covered by replacement=['chicken', 'frank'] vs assigned=['chicken']; over-specific words replacement=0 vs assigned=3; name similarity 90.1 vs 64.0 (+26.1); protein=1 family=1 pack=unknown; spec '340 gm x 24 Pkts'. All 237 master SKUs were compared before selecting this replacement.",deterministic,INCORRECT,"The offer literally says 'chicken frank' and VFDC is literally 'Chicken Frank 340 G x 24' with name=90 (rank 1/237), prot=1, fam=1, cat_ok=1, whereas the assigned VFKJ is CHICKEN JUMBO HOT DOGS - a jumbo-variant SKU whose qualifier appears nowhere in the offer and which ranks only 47/237 on name (64). Offer declares no weight, so no size evidence protects the assigned SKU; VFDC is the exact product-name match.",2,237,,,False,False,False,False
524,AL-KABEEZ CHICKEN frank 400 grams,VFKJC,Chicken jumbo Hot Dogs 400 g x  24,v2_synthetic_by_construction,INCORRECT,VFDC,Chicken Frank 340 G  x 24,"VFDC (Chicken Frank 340 G  x 24) is superior: covers strictly more of the offer's own wording (['chicken', 'frank'] vs ['chicken']). Offer words covered by replacement=['chicken', 'frank'] vs assigned=['chicken']; over-specific words replacement=0 vs assigned=3; name similarity 67.5 vs 44.0 (+23.5); protein=1 family=1 pack=unknown; spec '340 gm x 24 Pkts'. All 237 master SKUs were compared before selecting this replacement.",deterministic,CORRECT_BUT_LOW_CONFIDENCE,"Offer states 400 grams, which rules out the top name contender VFDC (Chicken Frank 340 G, ~18% off, outside the 10% tolerance), leaving the 400 g jumbo hot dog SKUs as the only weight-compatible sausage-family options; the assigned VFKJC is one of them. Evidence is weak because the offer word 'frank' does not support the unstated 'jumbo' qualifier (name only 44, rank 115/237) and VFKJC is nearly indistinguishable from its 400 g twin VFKJ on this text.",2,237,,,False,False,False,False
525,AL KABEER A.K PRO Potato fries 2500gm X 2,VF6APR,AK PRO French Fries 2.5 kg x 4 (6x6 MM),v2_synthetic_by_construction,CORRECT_BUT_LOW_CONFIDENCE,,,"No SKU among all 237 is objectively superior, but the assigned SKU is not a clear winner: offer words unaccounted for ['2500gm', 'potato']; name rank 2/237 (61.9).",deterministic,CORRECT_BUT_LOW_CONFIDENCE,"Sub-brand (AK PRO), product (potato/french fries) and unit weight (2500gm vs 2.5 kg, pack=compatible) all agree, and VF6APR is rank 1-2 on both signals. Ambiguity is real: VFAPR (AK PRO FRENCH FRIES BULK, 2.5 kg x 4) and VF6SAPR are the same AK PRO 2.5 kg fries family, the offer names no cut size (6x6 MM) or 'bulk', and VFAPR actually leads on rule (53 vs 48) while the offer's 'X 2' matches neither carton count.",0,237,,,False,False,False,False
526,ALKABEER FISH fillets,FCD,CREAM DORI FISH FILLETS,v2_synthetic_by_construction,CORRECT_BUT_LOW_CONFIDENCE,,,"No SKU among all 237 is objectively superior, but the assigned SKU is not a clear winner: offer words unaccounted for []; name rank 1/237 (89.5).",deterministic,VERIFIED_CORRECT,"Generic 'FISH fillets' with no size, no sub-brand and no coating; FCD (CREAM DORI FISH FILLETS) is name rank 1/237 (90), rule rank 4/237, prot=1, fam=1, cat_ok=1, and its 'Asstd. Wt.' spec imposes no size conflict on a weightless offer. Higher-context contenders all carry qualifiers absent from the offer (CFZFB=ZING MILD SPICY, FSAPR=AK PRO, CFBF=BREADED), so none of them beats the plain fillet SKU.",0,237,,,False,False,False,False
527,ALKABEER FISH Filets,FCD,CREAM DORI FISH FILLETS,v2_synthetic_by_construction,CORRECT_BUT_LOW_CONFIDENCE,,,"No SKU among all 237 is objectively superior, but the assigned SKU is not a clear winner: offer words unaccounted for []; name rank 3/237 (73.4).",deterministic,CORRECT_BUT_LOW_CONFIDENCE,"Assigned FCD is a plain fish-fillet SKU with prot=1, fam=1, cat_ok=1 and an 'Asstd. Wt.' spec that fits the size-less offer, and the two higher-name contenders carry unstated qualifiers (FSAPR=AK PRO 76, CFBF=BREADED 75). Confidence is low because the assigned sits only 3rd on name (73) and the equally plain FFW1 (WHITE FISH FILLET, 72) is essentially tied, with nothing in 'ALKABEER FISH Filets' to separate the two fillet lines.",0,237,,,False,False,False,False
528,ALKABEER Fish FILLETS 1 KG,FFW1,WHITE FISH FILLET 1KG,v2_synthetic_by_construction,CORRECT_BUT_LOW_CONFIDENCE,,,"No SKU among all 237 is objectively superior, but the assigned SKU is not a clear winner: offer words unaccounted for []; name rank 5/237 (75.0).",deterministic,VERIFIED_CORRECT,"Offer declares 1 KG and FFW1 (WHITE FISH FILLET 1KG, 1kg X 10 Pkts) is the only plain, unqualified fish-fillet SKU with pack=compatible; it is rule rank 1/237. Every higher-name contender is excluded on hard grounds - CFZFB, FSAPR, CFBF and FSFT are all pack=INCOMPATIBLE with 1 kg, and FCD has no declared weight while CFBFA adds an unstated BREADED qualifier.",0,237,,,False,False,False,False
529,Al Kabeer's FISH Filets 2x1000gm,FFW1,WHITE FISH FILLET 1KG,v2_synthetic_by_construction,CORRECT_BUT_LOW_CONFIDENCE,,,"No SKU among all 237 is objectively superior, but the assigned SKU is not a clear winner: offer words unaccounted for ['2x1000gm']; name rank 4/237 (67.4).",deterministic,VERIFIED_CORRECT,"'2x1000gm' declares a 1 kg unit, matching FFW1 (1kg X 10 Pkts, pack=compatible, rule rank 3/237, name rank 4/237), and the offer carries no sub-brand or coating wording. The weight-compatible alternatives are all disqualified by unstated qualifiers or unit size: FSAPR is AK PRO 2 KGS, FSFT is TABARRUK 2kg, CFBFA is BREADED, while CFZFB, CFBF and CFS are pack=INCOMPATIBLE.",0,237,,,False,False,False,False
530,Alkabeer AK PRO fish Fillet,FSAPR,AK PRO FISH FILLET,v2_synthetic_by_construction,VERIFIED_CORRECT,,,"Assigned SKU accounts for every distinguishing word in the offer (['fillet', 'fish', 'pro']) and introduces none the offer does not state; protein/family/variant compatible, pack unknown; no superior SKU exists among all 237.",deterministic,VERIFIED_CORRECT,"Offer 'Alkabeer AK PRO fish Fillet' matches FSAPR (AK PRO FISH FILLET) exactly: name=100.0 and rule=75.0, both rank 1/237, with prot=1, fam=1, var=1, cat_ok=1. Sub-brand (AK PRO), protein (fish) and product identity (fillet) all agree, and the next contenders are plain or BREADED fillets lacking the AK PRO sub-brand.",0,237,,,False,False,False,False
531,Al Kabeer A/K Pro Fish Fillet,FSAPR,AK PRO FISH FILLET,v2_synthetic_by_construction,VERIFIED_CORRECT,,,"Assigned SKU accounts for every distinguishing word in the offer (['fillet', 'fish', 'pro']) and introduces none the offer does not state; protein/family/variant compatible, pack unknown; no superior SKU exists among all 237.",deterministic,VERIFIED_CORRECT,"'A/K Pro Fish Fillet' resolves to FSAPR (AK PRO FISH FILLET) with name=95.4 and rule=70.1, both rank 1/237, prot=1, fam=1, cat_ok=1. The 21-point name gap over the next candidate (CFBF BREADED FISH FILLET, 74) plus exact sub-brand and product-identity agreement leaves no better SKU among the 237.",0,237,,,False,False,False,False
532,Al Kaber AK Pro fish Filets,FSAPR,AK PRO FISH FILLET,v2_synthetic_by_construction,VERIFIED_CORRECT,,,"Assigned SKU accounts for every distinguishing word in the offer (['fillet', 'fish', 'pro']) and introduces none the offer does not state; protein/family/variant compatible, pack unknown; no superior SKU exists among all 237.",deterministic,VERIFIED_CORRECT,"Despite the misspellings ('Al Kaber', 'Filets'), FSAPR (AK PRO FISH FILLET) is rank 1/237 on both name (82) and rule (61.5), 19 points clear of the next candidate, with the AK PRO sub-brand, fish protein and fillet identity all explicitly present in the offer and cat_ok=1.",0,237,,,False,False,False,False
533,Al Kabeer Veg Spring Roll 1120 g,CVSRA,VEGETABLE SPRING ROLLS BULK (5*1120G),v2_synthetic_by_construction,CORRECT_BUT_LOW_CONFIDENCE,,,"No SKU among all 237 is objectively superior, but the assigned SKU is not a clear winner: offer words unaccounted for []; name rank 5/237 (67.4).",deterministic,VERIFIED_CORRECT,"Offer declares 1120 g, which exactly matches CVSRA (VEGETABLE SPRING ROLLS BULK 5*1120G, pack=compatible, rule rank 1/237); the higher-name contenders CVSR (81) and CVSRP (66) are the 280 g and 560 g retail/twin-promo packs and are pack=INCOMPATIBLE. The only other 1120 g spring roll, CKSRA, is CHICKEN, contradicting the 'Veg' in the offer.",0,237,,,False,False,False,False
534,Alkaberer AK PRO Veg Samosas,CVSAPR,AK PRO VEGETABLE SAMOSA,v2_synthetic_by_construction,CORRECT_BUT_LOW_CONFIDENCE,,,"Assigned SKU carries rule defect(s) ['family_contradiction'], but no SKU among all 237 is objectively superior, so no replacement is justified.",deterministic,CORRECT_BUT_LOW_CONFIDENCE,"On identity the assignment is right - 'AK PRO Veg Samosas' maps to CVSAPR (AK PRO VEGETABLE SAMOSA), rank 1/237 on both name (72) and rule, with sub-brand, vegetable filling and samosa family all agreeing, and no candidate is objectively better (CCSAKPR is cheese, CKSAPR is chicken, CVSAA/CVSA lack the AK PRO sub-brand). But cat_ok=0: the runtime category gate (Veg vs master Dough) means the deployed candidate generator can never surface this pair, so the row is unreachable as a training label.",0,237,family_contradiction,category_gate_unreachable,False,False,True,False
535,Al kabeer AK PRO vegetable Sambosa,CVSAPR,AK PRO VEGETABLE SAMOSA,v2_synthetic_by_construction,CORRECT_BUT_LOW_CONFIDENCE,,,"Assigned SKU accounts for every distinguishing word in the offer (['pro', 'samosa', 'vegetable']) and introduces none the offer does not state; protein/family/variant compatible, pack unknown; no superior SKU exists among all 237.",deterministic+agent_downgrade,CORRECT_BUT_LOW_CONFIDENCE,"CVSAPR is the unambiguous semantic match for 'AK PRO vegetable Sambosa' - name=97.1 and rule=64.5, both rank 1/237, prot=1, fam=1, var=1, and the vegetable-samosa alternatives (CVSAP twin promo, CVSA 240 g retail, CVSAA bulk) all lack the AK PRO sub-brand. Confidence is capped because cat_ok=0 (runtime_category=Veg vs master cat2=Dough), so the production candidate generator could never produce this pair at inference.",0,237,,category_gate_unreachable,False,False,True,False
536,AlKabeer AK Pro Vegetable Samosas,CVSAPR,AK PRO VEGETABLE SAMOSA,v2_synthetic_by_construction,CORRECT_BUT_LOW_CONFIDENCE,,,"Assigned SKU carries rule defect(s) ['family_contradiction'], but no SKU among all 237 is objectively superior, so no replacement is justified.",deterministic,CORRECT_BUT_LOW_CONFIDENCE,"'AK Pro Vegetable Samosas' matches CVSAPR almost verbatim (name=98.6, rule=65.5, both rank 1/237); CVSA and CVSAA score high only because they share 'vegetable samosa' but lack the AK PRO sub-brand, so no replacement is better. The row is still defective: cat_ok=0 from the Veg-vs-Dough category gate makes the label unreachable by the deployed pipeline.",0,237,family_contradiction,category_gate_unreachable,False,False,True,False
537,ALKABEER A/K Pro Veg Samosas,CVSAPR,AK PRO VEGETABLE SAMOSA,v2_synthetic_by_construction,CORRECT_BUT_LOW_CONFIDENCE,,,"Assigned SKU carries rule defect(s) ['family_contradiction'], but no SKU among all 237 is objectively superior, so no replacement is justified.",deterministic,CORRECT_BUT_LOW_CONFIDENCE,"CVSAPR is rank 1/237 on name (77) and rule (50.6) for 'A/K Pro Veg Samosas', beating the other AK PRO samosas on filling (CKSAPR is chicken 70, CCSAKPR is cheese 68) and the other vegetable samosas on sub-brand (CVSA/CVSAA 63). Verdict is capped at low confidence because cat_ok=0 (Veg vs Dough gate) renders the pair unreachable at inference, and the assigned name margin over the wrong-protein AK PRO variants is only 7 points.",0,237,family_contradiction,category_gate_unreachable,False,False,True,False
538,AlKabeer AK Pro FISH fillets,FSAPR,AK PRO FISH FILLET,v2_synthetic_by_construction,VERIFIED_CORRECT,,,"Assigned SKU accounts for every distinguishing word in the offer (['fillet', 'fish', 'pro']) and introduces none the offer does not state; protein/family/variant compatible, pack unknown; no superior SKU exists among all 237.",deterministic,VERIFIED_CORRECT,"'AK Pro FISH fillets' matches FSAPR (AK PRO FISH FILLET) with name=98.2 and rule=76.0, both rank 1/237, prot=1, fam=1, cat_ok=1. It leads the next fish candidate (FCD, 76) by 22 points, and the AK PRO chicken fillet lookalike CKBCFFAPR is excluded by prot=0 and cat_ok=0.",0,237,,,False,False,False,False
539,Al Kabeer A/K Pro vegetable Sambosa,CVSAPR,AK PRO VEGETABLE SAMOSA,v2_synthetic_by_construction,CORRECT_BUT_LOW_CONFIDENCE,,,"Assigned SKU accounts for every distinguishing word in the offer (['pro', 'samosa', 'vegetable']) and introduces none the offer does not state; protein/family/variant compatible, pack unknown; no superior SKU exists among all 237.",deterministic+agent_downgrade,CORRECT_BUT_LOW_CONFIDENCE,"CVSAPR is the best match for 'A/K Pro vegetable Sambosa' - name=95.8 and rule=59.5, both rank 1/237, with sub-brand, vegetable filling and samosa family all agreeing and prot/fam/var=1; the 16-point-lower CVSA/CVSAP/CVSAA are the non-AK-PRO vegetable samosa packs. Confidence is limited because cat_ok=0 (runtime_category=Veg vs master cat2=Dough) means the deployed candidate generator can never surface this pair.",0,237,,category_gate_unreachable,False,False,True,False
540,AL KABBER vegetable SPRING ROLLS,CVSR,8 VEGETABLE SPRING ROLLS,v2_synthetic_by_construction,VERIFIED_CORRECT,,,"Assigned SKU accounts for every distinguishing word in the offer (['roll', 'spring', 'vegetable']) and introduces none the offer does not state; protein/family/variant compatible, pack unknown; no superior SKU exists among all 237.",deterministic,VERIFIED_CORRECT,"Offer 'vegetable SPRING ROLLS' matches CVSR (8 VEGETABLE SPRING ROLLS) exactly on protein/veg identity and product family; name=92 and rank 1/237 on both name and rule, prot/fam/var all 1, cat_ok=1. Offer states no weight, so the bulk (CVSRA) and twin-promo (CVSRP) variants have no textual support.",0,237,,,False,False,False,False
541,Alkabheer VEGETABLE Spring Roll,CVSR,8 VEGETABLE SPRING ROLLS,v2_synthetic_by_construction,VERIFIED_CORRECT,,,"Assigned SKU accounts for every distinguishing word in the offer (['roll', 'spring', 'vegetable']) and introduces none the offer does not state; protein/family/variant compatible, pack unknown; no superior SKU exists among all 237.",deterministic,VERIFIED_CORRECT,"Offer 'VEGETABLE Spring Roll' maps to CVSR at name=85, rank 1/237 on both name and rule, with fam=1 and cat_ok=1. No weight, 'BULK', or 'TWIN PROMO' token in the offer, so the retail CVSR is the correct default over CVSRA/CVSRP (both 74).",0,237,,,False,False,False,False
542,Al Kabeer's VEGETABLE Spring Roll 1120 grams,CVSRA,VEGETABLE SPRING ROLLS BULK (5*1120G),v2_synthetic_by_construction,INCORRECT,CVSR,8 VEGETABLE SPRING ROLLS,"CVSR (8 VEGETABLE SPRING ROLLS) is superior: assigned SKU is over-specific: it adds 2 word(s) the offer never states, the replacement adds none. Offer words covered by replacement=['roll', 'spring', 'vegetable'] vs assigned=['roll', 'spring', 'vegetable']; over-specific words replacement=0 vs assigned=2; name similarity 89.1 vs 77.2 (+11.8); protein=1 family=1 pack=unknown; spec '280 Gms x 20 Pkts'. All 237 master SKUs were compared before selecting this replacement.",deterministic,VERIFIED_CORRECT,"Offer explicitly declares '1120 grams', which matches CVSRA's 1.12 kg x 5 pkts spec exactly; the higher-name contender CVSR (89) is a 280 Gms retail pack whose stated weight conflicts with the offer. Declared size overrides the raw name delta here.",1,237,,,False,False,False,False
543,AL KABEER AK Pro Potato fries (2.5 kg),VF6APR,AK PRO French Fries 2.5 kg x 4 (6x6 MM),v2_synthetic_by_construction,CORRECT_BUT_LOW_CONFIDENCE,,,"No SKU among all 237 is objectively superior, but the assigned SKU is not a clear winner: offer words unaccounted for ['potato']; name rank 3/237 (63.7).",deterministic,CORRECT_BUT_LOW_CONFIDENCE,"Assigned VF6APR is AK PRO french fries at 2.5 kg x 4 (pack=compatible, cat_ok=1), but VFAPR 'AK PRO FRENCH FRIES BULK' has the identical 2.5 kg x 4 spec and outscores it on both name (67 vs 64) and rule (56 vs 51). The two are the same AK PRO fries product differing only by the 6x6 MM cut, which the offer never states, so this is a genuine near-tie rather than a wrong label. Higher-name VPB (POTATO BITES, 72) is a different product and pack=INCOMPATIBLE.",0,237,,,False,False,False,False
544,AlKabeer AK PRO Potato fries 2.5 kilo,VF6APR,AK PRO French Fries 2.5 kg x 4 (6x6 MM),v2_synthetic_by_construction,CORRECT_BUT_LOW_CONFIDENCE,,,"No SKU among all 237 is objectively superior, but the assigned SKU is not a clear winner: offer words unaccounted for ['kilo', 'potato']; name rank 4/237 (59.3).",deterministic,CORRECT_BUT_LOW_CONFIDENCE,"Same AK PRO 2.5 kg fries ambiguity: VFAPR (name 61, rule 51, spec 2.5 kg x 4 Pkts) edges assigned VF6APR (name 59, rule 47) and both fit '2.5 kilo'. The offer gives no cut size or 'BULK' token to separate them, so the assignment is defensible but unresolvable from the text.",0,237,,,False,False,False,False
545,Alkabeer A/K Pro Potato fries 2.5 Kg,VF6APR,AK PRO French Fries 2.5 kg x 4 (6x6 MM),v2_synthetic_by_construction,CORRECT_BUT_LOW_CONFIDENCE,,,"No SKU among all 237 is objectively superior, but the assigned SKU is not a clear winner: offer words unaccounted for ['potato']; name rank 4/237 (58.7).",deterministic,CORRECT_BUT_LOW_CONFIDENCE,"VF6APR is a legitimate AK PRO fries SKU with pack=compatible and cat_ok=1, but the co-specced VFAPR (2.5 kg x 4 Pkts) scores name 60 / rule 49 against 59 / 44. Nothing in 'A/K Pro Potato fries 2.5 Kg' distinguishes the 6x6 MM cut from the plain bulk cut.",0,237,,,False,False,False,False
546,ALKABEEER A/K Pro Potato fries (2.5 kg),VF6APR,AK PRO French Fries 2.5 kg x 4 (6x6 MM),v2_synthetic_by_construction,CORRECT_BUT_LOW_CONFIDENCE,,,"No SKU among all 237 is objectively superior, but the assigned SKU is not a clear winner: offer words unaccounted for ['potato']; name rank 10/237 (50.5).",deterministic,CORRECT_BUT_LOW_CONFIDENCE,"Assigned VF6APR ranks only 10/237 on name (50) while VFAPR, with the same 2.5 kg x 4 spec and same AK PRO sub-brand, scores 57 name / 49 rule. Both are pack=compatible with the stated 2.5 kg; the offer text cannot resolve cut spec, so this stays a near-tie rather than an objective error.",0,237,,,False,False,False,False
547,AL KABBER A.K PRO Potato fries 2.5 kilo,VF6APR,AK PRO French Fries 2.5 kg x 4 (6x6 MM),v2_synthetic_by_construction,CORRECT_BUT_LOW_CONFIDENCE,,,"No SKU among all 237 is objectively superior, but the assigned SKU is not a clear winner: offer words unaccounted for ['kilo', 'potato']; name rank 8/237 (46.7).",deterministic,CORRECT_BUT_LOW_CONFIDENCE,"Weakest of the fries rows: assigned VF6APR is rank 34/237 on rule and 8/237 on name (47), with VFAPR ahead at 55 name / 45 rule on an identical 2.5 kg x 4 AK PRO spec. Product line (AK PRO), category (Potato-Commodity) and size all agree, so the assignment is plausible but the choice between the two AK PRO fries SKUs is unsupported by the offer.",0,237,,,False,False,False,False
548,AL-KABEEZ AK Pro Potato fries 2.5kg,VF6APR,AK PRO French Fries 2.5 kg x 4 (6x6 MM),v2_synthetic_by_construction,CORRECT_BUT_LOW_CONFIDENCE,,,"No SKU among all 237 is objectively superior, but the assigned SKU is not a clear winner: offer words unaccounted for ['5kg', 'potato']; name rank 6/237 (53.3).",deterministic,CORRECT_BUT_LOW_CONFIDENCE,"VF6APR matches AK PRO + potato fries + 2.5 kg (pack=compatible, cat_ok=1), but VFAPR with the same 2.5 kg x 4 Pkts spec leads on name (60 vs 53) and rule (49 vs 44). Only the unstated 6x6 MM cut separates them.",0,237,,,False,False,False,False
549,Alkaberer A/K Pro Potato fries (2.5 kg),VF6APR,AK PRO French Fries 2.5 kg x 4 (6x6 MM),v2_synthetic_by_construction,CORRECT_BUT_LOW_CONFIDENCE,,,"No SKU among all 237 is objectively superior, but the assigned SKU is not a clear winner: offer words unaccounted for ['potato']; name rank 5/237 (52.5).",deterministic,CORRECT_BUT_LOW_CONFIDENCE,"Assigned VF6APR (name 52, rank 5/237) is a valid AK PRO 2.5 kg fries SKU, but VFAPR scores 59 name / 51 rule on the identical 2.5 kg x 4 pack. Plain-line VFA (FRENCH FRIES 2.5x4) is excluded by the offer's explicit 'A/K Pro' sub-brand, so the residual ambiguity is only VF6APR vs VFAPR.",0,237,,,False,False,False,False
550,Al Kabeer Chiken breast,VCB10A,BONELESS CHICKEN BREAST 10,v2_synthetic_by_construction,CORRECT_BUT_LOW_CONFIDENCE,,,"No SKU among all 237 is objectively superior, but the assigned SKU is not a clear winner: offer words unaccounted for []; name rank 2/237 (75.2).",deterministic,CORRECT_BUT_LOW_CONFIDENCE,"Offer is a bare, misspelled 'Chiken breast' with no cut, weight or line qualifier. Assigned VCB10A (BONELESS CHICKEN BREAST 10, name 75) and CKMCB (TENDER CHICKEN BREAST, name 82) are both Chicken-Commodity breast SKUs with prot=1 and cat_ok=1; the 7-point name gap is too small to flip, and neither 'boneless' nor 'tender' appears in the offer.",0,237,,,False,False,False,False
551,Al kabeer AK Pro FISH Fillets,FSAPR,AK PRO FISH FILLET,v2_synthetic_by_construction,VERIFIED_CORRECT,,,"Assigned SKU accounts for every distinguishing word in the offer (['fillet', 'fish', 'pro']) and introduces none the offer does not state; protein/family/variant compatible, pack unknown; no superior SKU exists among all 237.",deterministic,VERIFIED_CORRECT,"Offer names both the sub-brand ('AK Pro') and the product ('FISH Fillets'); FSAPR is AK PRO FISH FILLET at name=98, rank 1/237 on name and rule, prot=1, cat_ok=1. Every contender differs by coating (CFBF/CFBFA breaded), sub-brand (CFZFB ZING, FSFT TABARRUK) or protein (CKBCFFAPR chicken, prot=0).",0,237,,,False,False,False,False
552,AL KABBER AK Pro fish Filets,FSAPR,AK PRO FISH FILLET,v2_synthetic_by_construction,VERIFIED_CORRECT,,,"Assigned SKU accounts for every distinguishing word in the offer (['fillet', 'fish', 'pro']) and introduces none the offer does not state; protein/family/variant compatible, pack unknown; no superior SKU exists among all 237.",deterministic,VERIFIED_CORRECT,"'AK Pro fish Filets' matches FSAPR on sub-brand, protein and product identity; name=81 and rank 1/237 on both signals, with a 19-point margin over the next fish-fillet SKU (FCD, 62). Chicken-fillet contenders carry prot=0 and cat_ok=0.",0,237,,,False,False,False,False
553,Al kabeer A.K PRO fish Filets,FSAPR,AK PRO FISH FILLET,v2_synthetic_by_construction,VERIFIED_CORRECT,,,"Assigned SKU accounts for every distinguishing word in the offer (['fillet', 'fish', 'pro']) and introduces none the offer does not state; protein/family/variant compatible, pack unknown; no superior SKU exists among all 237.",deterministic,VERIFIED_CORRECT,"'A.K PRO fish Filets' maps to FSAPR at name=89, rank 1/237, prot=1, fam=1, cat_ok=1, 22 points clear of FCD (67). Sub-brand token 'A.K PRO' rules out the plain, ZING and TABARRUK fillet lines.",0,237,,,False,False,False,False
554,ALKABEEER A.K PRO fish FILLETS,FSAPR,AK PRO FISH FILLET,v2_synthetic_by_construction,VERIFIED_CORRECT,,,"Assigned SKU accounts for every distinguishing word in the offer (['fillet', 'fish', 'pro']) and introduces none the offer does not state; protein/family/variant compatible, pack unknown; no superior SKU exists among all 237.",deterministic,VERIFIED_CORRECT,"'A.K PRO fish FILLETS' matches FSAPR exactly on sub-brand, protein and family (FILLETS); name=82 and rule=64 both rank 1/237. The nearest chicken-side contender CKBCFFAPR has prot=0 and cat_ok=0, so it is unreachable and protein-conflicting.",0,237,,,False,False,False,False
555,Al Kabeer's AK Pro Fish Fillet,FSAPR,AK PRO FISH FILLET,v2_synthetic_by_construction,VERIFIED_CORRECT,,,"Assigned SKU accounts for every distinguishing word in the offer (['fillet', 'fish', 'pro']) and introduces none the offer does not state; protein/family/variant compatible, pack unknown; no superior SKU exists among all 237.",deterministic,VERIFIED_CORRECT,"'AK Pro Fish Fillet' matches FSAPR at name=98, rank 1/237 on name and rule, with prot=1 and cat_ok=1; 25 points clear of the next fish-fillet SKU. All AK PRO chicken contenders show prot=0.",0,237,,,False,False,False,False
556,Al kabeer Fish FILLETS,FSFT,TABARRUK SUTCHI FISH FILLET,v2_synthetic_by_construction,CORRECT_BUT_LOW_CONFIDENCE,,,"No SKU among all 237 is objectively superior, but the assigned SKU is not a clear winner: offer words unaccounted for []; name rank 7/237 (71.2).",deterministic,INCORRECT,"Offer is plain-line 'Al kabeer Fish FILLETS' with no sub-brand token, yet assigned FSFT is the TABARRUK sub-brand line and ranks only 7/237 on name (71). FCD (CREAM DORI FISH FILLETS) is the same Seafood-Commodity fish-fillet identity with no conflicting sub-brand, scores name=90 (rank 1/237) and rule=66, and its 'Asstd. Wt.' spec creates no size conflict with the size-less offer. TABARRUK is a distinct product line from plain Al Kabeer under the stated business rules.",0,237,,,False,False,False,False
557,AlKabeer Mutton cube,MC40,MUTTON CUBES,v2_synthetic_by_construction,VERIFIED_CORRECT,,,"Best of all 237 SKUs on name similarity (97.1, margin +27.9); no attribute conflict; pack unknown.",deterministic,VERIFIED_CORRECT,"'Mutton cube' matches MC40 (MUTTON CUBES) on protein and exact product identity; name=97 and rule both rank 1/237, prot=1, cat_ok=1. BEEF CUBES (BC40) is protein-conflicting (prot=0) and PANEER CUBES is a different category.",0,237,,,False,False,False,False
558,Al Kabeer Mutton cube,MC40,MUTTON CUBES,v2_synthetic_by_construction,VERIFIED_CORRECT,,,"Best of all 237 SKUs on name similarity (97.1, margin +27.9); no attribute conflict; pack unknown.",deterministic,VERIFIED_CORRECT,"Identical to row 557: 'Al Kabeer Mutton cube' matches MC40 at name=97, rank 1/237 on name and rule, prot=1, cat_ok=1, 28 points clear of MRC (MUTTON RIB CHOPS). Protein-conflicting BC40 (prot=0) is the only cube alternative.",0,237,,,False,False,False,False
559,Al Kaber Vegetable samosas,CVSAA,VEGETABLE SAMOSAS BULK,v2_synthetic_by_construction,INCORRECT,CVSA,12 VEGETABLE SAMOSAS,"CVSA (12 VEGETABLE SAMOSAS) is superior: assigned SKU is over-specific: it adds 1 word(s) the offer never states, the replacement adds none. Offer words covered by replacement=['samosa', 'vegetable'] vs assigned=['samosa', 'vegetable']; over-specific words replacement=0 vs assigned=1; name similarity 88.3 vs 85.9 (+2.4); protein=1 family=1 pack=unknown; spec '240 Gms x 20 Pkts'. All 237 master SKUs were compared before selecting this replacement.",deterministic,CORRECT_BUT_LOW_CONFIDENCE,"Product identity is right (vegetable samosa, name=86, rule rank 1/237), but two defects limit confidence: cat_ok=0 because the offer's runtime category 'Veg' cannot gate to the master's 'Dough' category, so the deployed pipeline could never surface this pair; and the offer states no weight, leaving retail CVSA (12 VEGETABLE SAMOSAS, name 88) and bulk CVSAA (1.2 Kgs x 4, name 86) an unresolvable near-tie. No flip is warranted since CVSA is equally gate-blocked and the only cat_ok=1 candidate (VVMV9 MIXED VEGETABLES) is a different product.",1,237,,category_gate_unreachable,False,False,True,False
560,Al kbeer A.K PRO VEGETABLE SAMOSAS,CVSAPR,AK PRO VEGETABLE SAMOSA,v2_synthetic_by_construction,CORRECT_BUT_LOW_CONFIDENCE,,,"Assigned SKU carries rule defect(s) ['family_contradiction'], but no SKU among all 237 is objectively superior, so no replacement is justified.",deterministic,CORRECT_BUT_LOW_CONFIDENCE,"Offer 'A.K PRO VEGETABLE SAMOSAS' matches CVSAPR (AK PRO VEGETABLE SAMOSA) on sub-brand plus product identity, and it is rank 1/237 on both name (86) and rule (64); the non-PRO alternatives CVSA/CVSAA are the same food but wrong sub-brand. Confidence is reduced only because cat_ok=0 (runtime_category=Veg vs master cat2=Dough), so the deployed candidate generator could never surface this pair - and every Dough contender shares that gate failure, so no reachable better SKU exists.",0,237,family_contradiction,category_gate_unreachable,False,False,True,False
561,Al Kabeer Popcorn Chicken 2 x 400 gm,CKPC,CHICKEN POP-CORN,v2_rule_generated_v1,VERIFIED_CORRECT,,,"Assigned SKU accounts for every distinguishing word in the offer (['chicken', 'popcorn']) and introduces none the offer does not state; protein/family/variant compatible, pack compatible; no superior SKU exists among all 237.",deterministic,VERIFIED_CORRECT,"Offer 'Popcorn Chicken 2 x 400 gm' matches CKPC (CHICKEN POP-CORN, 400 Gms x 12 Pkts) on product identity and declared 400 g pack (pack=compatible, cat_ok=1, rank 1/237 name=82). The only other popcorn SKU, CKPCDA, is the 750 g pack. fam=0 is the documented POP-CORN normalization artifact, not real disagreement.",0,237,,,False,False,False,False
562,Al Kabeer Chicken Popcorn 400g,CKPC,CHICKEN POP-CORN,v2_rule_generated_v1,VERIFIED_CORRECT,,,"Best of all 237 SKUs on name similarity (95.6, margin +13.2); no attribute conflict; pack compatible.",deterministic,VERIFIED_CORRECT,"Offer 'Chicken Popcorn 400g' matches CKPC exactly: name=96 rank 1/237, spec 400 Gms x 12 Pkts, pack=compatible, cat_ok=1. The 750 g sibling CKPCDA is pack=INCOMPATIBLE against the stated 400 g. fam=0 is the known POP-CORN phrase-list artifact.",0,237,,,False,False,False,False
563,AL KABEER CHICKEN POPCORN 750GM,CKPCDA,CHICKEN POP-CORN 750 GMS,v2_rule_generated_v1,CORRECT_BUT_LOW_CONFIDENCE,,,"No SKU among all 237 is objectively superior, but the assigned SKU is not a clear winner: offer words unaccounted for ['750gm']; name rank 2/237 (82.4).",deterministic,VERIFIED_CORRECT,"Offer states 750GM, and CKPCDA is the 750 GMS X 8 PKT popcorn SKU (pack=compatible, cat_ok=1). The higher-name contender CKPC (96) is the 400 g pack and is pack=INCOMPATIBLE with the stated 750 g, so size disambiguates decisively in favour of the assigned SKU.",0,237,,,False,False,False,False
564,AL KABEER ZING CHICKEN STRIPS/POP CORN/FILLET 750 GM,CKZFNS,ZING CHICKEN FILLET NON-SPICY,v2_rule_generated_v1,CORRECT_BUT_LOW_CONFIDENCE,,,"No SKU among all 237 is objectively superior, but the assigned SKU is not a clear winner: offer words unaccounted for ['popcorn', 'strip']; name rank 5/237 (72.6).",deterministic,CORRECT_BUT_LOW_CONFIDENCE,"MULTI_ENTITY_OFFER (strips / pop corn / fillet 750 gm); CKZFNS (ZING CHICKEN FILLET NON-SPICY, 8 X 750 GMS) legitimately covers the 'FILLET 750 GM' entity with prot=1, fam=1, pack=compatible, cat_ok=1. Confidence is limited because the offer never states spicy vs non-spicy, and the spicy 750 g fillet CKZFDA (66) plus Tamiya/5-Ounce 750 g fillets are equally pack-compatible near-ties.",0,237,,,False,False,False,False
565,AL KABEER ZING CHICKEN STRIPS/POP CORN/FILLET 750 GM,CKZSDA,ZING CHICKEN STRIPS SPICY 750 GRM,v2_rule_generated_v1,CORRECT_BUT_LOW_CONFIDENCE,,,"No SKU among all 237 is objectively superior, but the assigned SKU is not a clear winner: offer words unaccounted for ['fillet', 'popcorn']; name rank 4/237 (72.8).",deterministic,CORRECT_BUT_LOW_CONFIDENCE,"Same MULTI_ENTITY_OFFER assigned to the strips entity: CKZSDA (ZING CHICKEN STRIPS SPICY 750 GRM) matches product identity and the stated 750 gm (pack=compatible, cat_ok=1), and the top-name contender CKZS (90) is the 320 g pack, pack=INCOMPATIBLE. Ambiguity remains because the offer does not state spice level and CKZSNS (non-spicy, 8 X 750 GMS, name=79) is an equally compatible 750 g strips SKU.",0,237,,,False,False,False,False
566,Al Kabeer Chicken And Cheese Rings 300gm,CKCCR,CHICKEN ‘N’ CHEESE RINGS 300,v2_rule_generated_v1,VERIFIED_CORRECT,,,"Best of all 237 SKUs on name similarity (87.8, margin +6.9); no attribute conflict; pack compatible.",deterministic,VERIFIED_CORRECT,"Offer 'Chicken And Cheese Rings 300gm' matches CKCCR (CHICKEN 'N' CHEESE RINGS 300, 300 gms x 12 pkts) on exact product identity and weight: name=88 rank 1/237, prot=1, fam=1, pack=compatible, cat_ok=1. Contenders CKCCN (nuggets) and the CKCCS stick variants are different product identities and all pack=INCOMPATIBLE with 300 g.",0,237,,,False,False,False,True
567,Al Kabeer ZingChckn Strp/Flt NoSpicy750+250 gm,CKZSSR,ZING CHICKEN STRIPS SRIRACHA,v2_rule_generated_v1,CORRECT_BUT_LOW_CONFIDENCE,,,"Assigned SKU carries rule defect(s) ['pack_incompatible'], but no SKU among all 237 is objectively superior, so no replacement is justified.",deterministic,INCORRECT,"The offer explicitly says 'NoSpicy', but the assigned CKZSSR is the SRIRACHA (spiced flavour) 700 GM strips SKU - a direct variant contradiction, and it ranks only 145/237 on rule with pack=INCOMPATIBLE. CKZSNS (ZING CHICKEN STRIPS NON-SPICY, 8 X 750 GMS) is the top-name contender (68 vs 58), matches the stated strips + non-spicy + 750 g base weight, and beats the assigned SKU on the one attribute the offer states unambiguously.",0,237,pack_incompatible,,False,True,False,False
568,AL KABEER CHICKEN KRAZEE NUGGETS 400GM/BREADED CHICKEN FILLET 450GM,CKNK,KRAZEE CHICKEN NUGGETS 400,v2_rule_generated_v1,CORRECT_BUT_LOW_CONFIDENCE,,,"No SKU among all 237 is objectively superior, but the assigned SKU is not a clear winner: offer words unaccounted for ['400gm', '450gm', 'breaded', 'fillet']; name rank 15/237 (70.6).",deterministic,VERIFIED_CORRECT,"The offer lists two products; CKNK (KRAZEE CHICKEN NUGGETS 400, 400 Gms x 12 Pkts) matches the first entity 'CHICKEN KRAZEE NUGGETS 400GM' exactly on sub-brand (KRAZEE), product identity (nuggets) and weight (pack=compatible, cat_ok=1). Its lower name rank (15/237) is driven by the second entity, BREADED CHICKEN FILLET 450GM, which is a different SKU (CKBCF) and does not invalidate this positive label.",0,237,,,False,False,False,False
569,Al Kabeer Chicken Nuggets 750 gm,CKNAD,CHICKEN NUGGETS 750 GMS,v2_rule_generated_v1,VERIFIED_CORRECT,,,"Assigned SKU accounts for every distinguishing word in the offer (['chicken', 'nugget']) and introduces none the offer does not state; protein/family/variant compatible, pack compatible; no superior SKU exists among all 237.",deterministic,VERIFIED_CORRECT,"Offer 'Chicken Nuggets 750 gm' maps to CKNAD (CHICKEN NUGGETS 750 GMS, 750 GMS X 8 PKT): plain product line, exact stated weight, pack=compatible, cat_ok=1, name=93. Higher-name contenders CKN (270 g), CKN400, CKJCNA and CKNA are all pack=INCOMPATIBLE, and the other 750 g options add unstated attributes (HOT n SPICY, +33% Free, Tempura, Krazee).",0,237,,,False,False,False,False
570,Al Kabeer Zing Chicken Strips/Fillet/Pop Corn (750+250) gm,CKZSDA,ZING CHICKEN STRIPS SPICY 750 GRM,v2_rule_generated_v1,INCORRECT,CKZS,ZING CHICKEN STRIPS,"CKZS (ZING CHICKEN STRIPS) is superior: assigned SKU is over-specific: it adds 1 word(s) the offer never states, the replacement adds none. Offer words covered by replacement=['chicken', 'strip', 'zing'] vs assigned=['chicken', 'strip', 'zing']; over-specific words replacement=0 vs assigned=1; name similarity 90.1 vs 72.4 (+17.8); protein=1 family=1 pack=unknown; spec '320 Gms x 20 Pkts'. All 237 master SKUs were compared before selecting this replacement.",deterministic,CORRECT_BUT_LOW_CONFIDENCE,"Offer lists Strips/Fillet/Pop Corn at (750+250) gm; CKZSDA (ZING CHICKEN STRIPS SPICY 750 GRM) plausibly covers the strips entity at the 750 g base weight with prot=1, fam=1, cat_ok=1. Confidence is low because (750+250) denotes a +33%-free promo pack that has no matching zing-strips promo SKU in the slate, spice level is unstated, and CKZSNS (name=78) outranks the assigned SKU (72) on name.",1,237,,,False,False,False,False
571,Al Kabeer Zing Chicken Strips 320 gm,CKZS,ZING CHICKEN STRIPS,v2_rule_generated_v1,VERIFIED_CORRECT,,,"Assigned SKU accounts for every distinguishing word in the offer (['chicken', 'strip', 'zing']) and introduces none the offer does not state; protein/family/variant compatible, pack compatible; no superior SKU exists among all 237.",deterministic,VERIFIED_CORRECT,"Offer 'Zing Chicken Strips 320 gm' is an exact match to CKZS (ZING CHICKEN STRIPS, 320 Gms x 20 Pkts): name=100 rank 1/237, pack=compatible, cat_ok=1. Every other strips variant (Sriracha 700 g, Non-Spicy 750 g, Spicy 750 g, Smokey Buffalo 700 g, AK PRO 1 kg) is pack=INCOMPATIBLE with the stated 320 g.",0,237,,,False,False,False,False
572,Al Kabeer Chicken Breast Tender 1 kg,CKMCB,TENDER CHICKEN BREAST,v2_rule_generated_v1,VERIFIED_CORRECT,,,"Assigned SKU accounts for every distinguishing word in the offer (['breast', 'chicken', 'tender']) and introduces none the offer does not state; protein/family/variant compatible, pack compatible; no superior SKU exists among all 237.",deterministic,VERIFIED_CORRECT,"Offer 'Chicken Breast Tender 1 kg' matches CKMCB (TENDER CHICKEN BREAST, 1 Kgs x 5 Pkts) on product identity and weight: name=93 and rule=72, both rank 1/237, pack=compatible, cat_ok=1. The close siblings CKTCB (450 g tray) and CKMCBA (2 kg spicy flavoured) are both pack=INCOMPATIBLE with 1 kg.",0,237,,,False,False,False,False
573,Al Kabeer Zing Chicken Strips 320gm,CKZS,ZING CHICKEN STRIPS,v2_rule_generated_v1,VERIFIED_CORRECT,,,"Best of all 237 SKUs on name similarity (100.0, margin +6.4); no attribute conflict; pack compatible.",deterministic,VERIFIED_CORRECT,"Identical to row 571: 'Zing Chicken Strips 320gm' matches CKZS (320 Gms x 20 Pkts) with name=100, rank 1/237 on both name and rule, pack=compatible, cat_ok=1, while all other zing-strips size variants are pack=INCOMPATIBLE.",0,237,,,False,False,False,False
574,AL KABEER ZING CHICKEN STRIPS SMOKED BUFFALO/SPICY SRIRACHA FLAVOR 700GM,CKZSSR,ZING CHICKEN STRIPS SRIRACHA,v2_rule_generated_v1,CORRECT_BUT_LOW_CONFIDENCE,,,"No SKU among all 237 is objectively superior, but the assigned SKU is not a clear winner: offer words unaccounted for ['700gm', 'buffalo', 'flavor', 'smoked', 'spicy']; name rank 1/237 (84.1).",deterministic,VERIFIED_CORRECT,"MULTI_ENTITY_OFFER naming both Smoked Buffalo and Spicy Sriracha at 700GM; CKZSSR (ZING CHICKEN STRIPS SRIRACHA, 700 GM X 8 PKT) matches the Sriracha entity by name and the stated 700 g exactly (name=84 rank 1/237, pack=compatible, cat_ok=1). The sibling CKZSSB covers the other listed entity, so matching only one of the two is expected for a multi-entity offer.",0,237,,,False,False,False,False
575,AL KABEER CHICKEN FRIES 1000GM,CCFA,CHICKEN FRIES BULK,v2_rule_generated_v1,CORRECT_BUT_LOW_CONFIDENCE,,,"No SKU among all 237 is objectively superior, but the assigned SKU is not a clear winner: offer words unaccounted for ['1000gm']; name rank 2/237 (94.6).",deterministic,VERIFIED_CORRECT,"Offer states 1000GM, and CCFA (CHICKEN FRIES BULK, 1 kg x 5 Pkts) is the 1 kg chicken-fries SKU with pack=compatible, cat_ok=1, name=95. The higher-name contender CCF is the 400 g retail pack, and retail vs bulk at a stated 1 kg resolves decisively to CCFA.",0,237,,,False,False,False,False
576,Al Kabeer zing chicken strips or nuggets or fries 320 gm 2 pcs,CKZS,ZING CHICKEN STRIPS,v2_rule_generated_v1,VERIFIED_CORRECT,,,"Best of all 237 SKUs on name similarity (87.1, margin +9.6); no attribute conflict; pack compatible.",deterministic,VERIFIED_CORRECT,"MULTI_ENTITY_OFFER (strips or nuggets or fries) at 320 gm; CKZS (ZING CHICKEN STRIPS, 320 Gms x 20 Pkts) matches the first entity and is the only candidate whose weight equals the stated 320 g (pack=compatible, cat_ok=1, name=87 rank 1/237). The nugget and fries alternatives are pack=INCOMPATIBLE or unknown.",0,237,,,False,False,False,True
577,Al Kabeer Chicken Fries 400 gm,CCF,CHICKEN FRIES,v2_rule_generated_v1,VERIFIED_CORRECT,,,"Assigned SKU accounts for every distinguishing word in the offer (['chicken', 'frie']) and introduces none the offer does not state; protein/family/variant compatible, pack unknown; no superior SKU exists among all 237.",deterministic,VERIFIED_CORRECT,"Offer 'Chicken Fries 400 gm' matches CCF (CHICKEN FRIES, 12 PKTS X 400 GRM) exactly on product identity and weight, name=100 rank 1/237, prot=1, fam=1, cat_ok=1. The bulk sibling CCFA is 1 kg and pack=INCOMPATIBLE with the stated 400 g; pack=unknown here only reflects the unparsed '12 PKTS X 400 GRM' spec ordering.",0,237,,,False,False,False,False
578,Al Kabeer Chicken Seekh Kebabs (320g),CKCS,8 CHICKEN SEEKH KEBAB,v2_rule_generated_v1,VERIFIED_CORRECT,,,"Best of all 237 SKUs on name similarity (94.3, margin +4.2); no attribute conflict; pack compatible.",deterministic,VERIFIED_CORRECT,"Offer 'Chicken Seekh Kebabs (320g)' matches CKCS (8 CHICKEN SEEKH KEBAB, 320 Gms x 24 Pkts) on protein, product identity and weight: name=94 and rule=63, both rank 1/237, pack=compatible, cat_ok=1. CKCSB is the 1 kg bulk pack (INCOMPATIBLE) and CKBS is the beef version (prot=0, cat_ok=0).",0,237,,,False,False,False,False
579,Al Kabeer Turkish Chicken Kebabs 360 gm,CKTCK,TURKISH CHICKEN KEBAB,v2_rule_generated_v1,VERIFIED_CORRECT,,,"Best of all 237 SKUs on name similarity (98.4, margin +22.8); no attribute conflict; pack compatible.",deterministic,VERIFIED_CORRECT,"Offer 'Turkish Chicken Kebabs 360 gm' matches CKTCK (TURKISH CHICKEN KEBAB, 360gms x 20 Pkts) on sub-line, protein and exact weight: name=98, rule=66, both rank 1/237, pack=compatible, cat_ok=1. The nearest contender CTBK is the beef version (prot=0, cat_ok=0) and is excluded on protein.",0,237,,,False,False,False,False
580,Al Kabeer Chicken Fries 1kg,CCFA,CHICKEN FRIES BULK,v2_rule_generated_v1,CORRECT_BUT_LOW_CONFIDENCE,,,"No SKU among all 237 is objectively superior, but the assigned SKU is not a clear winner: offer words unaccounted for ['1kg']; name rank 2/237 (94.6).",deterministic,VERIFIED_CORRECT,"Offer 'Chicken Fries 1kg' matches CCFA (CHICKEN FRIES BULK, 1 kg x 5 Pkts) on product identity, protein and declared weight (pack=compatible, name=94.6, rank_rule 1/237). The higher-name contender CCF is the 400g retail pack, so the stated 1kg decides in favour of the bulk SKU.",0,237,,,False,False,False,False
581,Al Kabeer Chicken and Cheese/spicy Fingers 1 kg,CCKSHA,CHICKEN STICK BULK HOT & SPICY,v2_rule_generated_v1,INCORRECT,CKCCSHA,CHICKEN & CHEESE STICKS SPICY BULK,"CKCCSHA (CHICKEN & CHEESE STICKS SPICY BULK) is superior: covers strictly more of the offer's own wording (['cheese', 'chicken', 'spicy'] vs ['chicken', 'spicy']). Offer words covered by replacement=['cheese', 'chicken', 'spicy'] vs assigned=['chicken', 'spicy']; over-specific words replacement=2 vs assigned=2; name similarity 71.4 vs 57.1 (+14.3); protein=1 family=1 pack=compatible; spec '1 kg x 5 Pkts'. All 237 master SKUs were compared before selecting this replacement.",deterministic,INCORRECT,"Offer explicitly reads 'Chicken and Cheese/spicy Fingers 1 kg', but the assigned CCKSHA is a plain chicken stick bulk with no cheese component. CKCCSHA (CHICKEN & CHEESE STICKS SPICY BULK, 1 kg x 5 Pkts) matches cheese identity, spicy variant and the 1 kg pack, and beats the assignment on both signals (name 71 vs 57.1, rule 69 vs 60.8).",1,237,,,False,False,False,True
582,Al Kabeer Zing Chicken Strips 700 gm,CKZSDA,ZING CHICKEN STRIPS SPICY 750 GRM,v2_rule_generated_v1,CORRECT_BUT_LOW_CONFIDENCE,,,"No SKU among all 237 is objectively superior, but the assigned SKU is not a clear winner: offer words unaccounted for []; name rank 4/237 (91.0).",deterministic,CORRECT_BUT_LOW_CONFIDENCE,"Offer 'Zing Chicken Strips 700 gm' names no spice variant, so CKZSDA (spicy 750g, pack compatible within tolerance) is near-tied with CKZSNS (non-spicy 750g, name 93) and with the exact-700g flavoured variants CKZSSR/CKZSSB whose flavours the offer never mentions. Assigned is the defensible default Zing strip but the variant is unresolved.",0,237,,,False,False,False,False
583,Al Kabeer Zing Chicken Strips Regular or Hot 750 gm,CKZSDA,ZING CHICKEN STRIPS SPICY 750 GRM,v2_rule_generated_v1,CORRECT_BUT_LOW_CONFIDENCE,,,"No SKU among all 237 is objectively superior, but the assigned SKU is not a clear winner: offer words unaccounted for ['hot', 'regular']; name rank 5/237 (72.2).",deterministic,VERIFIED_CORRECT,"Multi-entity offer 'Regular or Hot 750 gm' lists both spice variants; CKZSDA (ZING CHICKEN STRIPS SPICY 750 GRM) is the 'Hot' entity with exact 750g spec, Zing sub-brand and STRIPS family all agreeing (pack=compatible, cat_ok=1).",0,237,,,False,False,False,True
584,Al Kabeer Chicken Franks 3x340 gm,VFDC,Chicken Frank 340 G  x 24,v2_rule_generated_v1,CORRECT_BUT_LOW_CONFIDENCE,,,"No SKU among all 237 is objectively superior, but the assigned SKU is not a clear winner: offer words unaccounted for ['3x340']; name rank 1/237 (81.1).",deterministic,VERIFIED_CORRECT,"VFDC (Chicken Frank 340 G x 24) matches protein, SAUSAGES family and the exact 340g unit weight of 'Chicken Franks 3x340 gm'; it ranks 1/237 on both name (81.1) and rule. The beef contender CFB is protein-conflicting and cat_ok=0, and VKCCSC is a 300g cocktail frank.",0,237,,,False,False,False,False
585,Al Kabeer Zing Chicken Strips Regular/ Spicy 750 gm,CKZSDA,ZING CHICKEN STRIPS SPICY 750 GRM,v2_rule_generated_v1,CORRECT_BUT_LOW_CONFIDENCE,,,"No SKU among all 237 is objectively superior, but the assigned SKU is not a clear winner: offer words unaccounted for ['regular']; name rank 2/237 (85.8).",deterministic,VERIFIED_CORRECT,Offer 'Zing Chicken Strips Regular/ Spicy 750 gm' names the spicy variant explicitly and CKZSDA is ZING CHICKEN STRIPS SPICY at exactly 750 GMS; it is rank 1/237 on rule with pack=compatible. Higher-name CKZS is the 320g pack (pack INCOMPATIBLE).,0,237,,,False,False,False,False
586,Al Kabeer Chicken Kibbeh 400 gm,CKK,CHICKEN KIBBEH 400,v2_rule_generated_v1,VERIFIED_CORRECT,,,"Assigned SKU accounts for every distinguishing word in the offer (['chicken', 'kibbeh']) and introduces none the offer does not state; protein/family/variant compatible, pack compatible; no superior SKU exists among all 237.",deterministic,VERIFIED_CORRECT,"CKK (CHICKEN KIBBEH 400) is an exact identity, protein and size match for 'Chicken Kibbeh 400 gm', ranking 1/237 on both name (95.8) and rule with pack=compatible; no other kibbeh SKU appears in the chicken slate.",0,237,,,False,False,False,False
587,Al Kabeer Hot & Spicy Chicken Nuggets 1Kg,CKNHSA,CHICKEN NUGGETS HOT & SPICY BULK,v2_rule_generated_v1,CORRECT_BUT_LOW_CONFIDENCE,,,"No SKU among all 237 is objectively superior, but the assigned SKU is not a clear winner: offer words unaccounted for ['1kg']; name rank 3/237 (87.6).",deterministic,VERIFIED_CORRECT,"CKNHSA (CHICKEN NUGGETS HOT & SPICY BULK, 1 Kgs x 5) matches the offer's nugget identity, HOT & SPICY variant and 1Kg declaration (pack=compatible, rule rank 1/237). The higher-name CKN (270g) and CKNHSD (750g) are both pack INCOMPATIBLE with the stated 1Kg.",0,237,,,False,False,False,False
588,Al Kabeer Krazee Chicken Nuggets 2x400 gm,CKNK,KRAZEE CHICKEN NUGGETS 400,v2_rule_generated_v1,CORRECT_BUT_LOW_CONFIDENCE,,,"No SKU among all 237 is objectively superior, but the assigned SKU is not a clear winner: offer words unaccounted for ['2x400']; name rank 12/237 (85.9).",deterministic,VERIFIED_CORRECT,"Only CKNK carries the KRAZEE sub-brand at the offer's 400 gm unit size (400 Gms x 12 Pkts, pack=compatible); all higher-name contenders are plain/AK PRO/Jumbo nuggets that fail the sub-brand test, and no Krazee 2x400 twin SKU exists in the master (CKNKDAP is a 750+250 promo).",0,237,,,False,False,False,False
589,Al Kabeer Meat Balls Chicken 300 gm,CKMB,CHICKEN MEAT BALLS,v2_rule_generated_v1,VERIFIED_CORRECT,,,"Assigned SKU accounts for every distinguishing word in the offer (['ball', 'chicken', 'meat']) and introduces none the offer does not state; protein/family/variant compatible, pack compatible; no superior SKU exists among all 237.",deterministic,VERIFIED_CORRECT,"CKMB (CHICKEN MEAT BALLS, 300 Gms x 20 Pkts) matches protein, MEAT BALLS family and the exact 300 gm size, rank 1/237 on name and rule. The equally-named CMBAK is the beef Meat variant and is unreachable at inference (cat_ok=0).",0,237,,,False,False,False,False
590,ALKABEER CHICKEN KOFTA/VEGETABLE SAMOSA/SPRING ROLL/ROLLS 240/300/280 gm,CKSR,8 CHICKEN SPRING ROLLS,v2_rule_generated_v1,CORRECT_BUT_LOW_CONFIDENCE,,,"No SKU among all 237 is objectively superior, but the assigned SKU is not a clear winner: offer words unaccounted for ['kofta', 'samosa', 'vegetable']; name rank 3/237 (72.5).",deterministic,CORRECT_BUT_LOW_CONFIDENCE,"Multi-entity offer lists kofta / vegetable samosa / spring roll / rolls at 240/300/280 gm; CKSR (8 CHICKEN SPRING ROLLS, 280 Gms x 20) legitimately covers the 280g spring-roll entity, but CVSR (8 VEGETABLE SPRING ROLLS, same 280g, name 77 vs 72) is equally defensible since 'VEGETABLE' may qualify the spring roll too. The chicken/vegetable split is unresolvable from the text.",0,237,,,False,False,False,False
591,Al Kabeer Chicken Nuggets /Kofta (270 gm),CKN,CHICKEN NUGGETS,v2_rule_generated_v1,VERIFIED_CORRECT,,,"Best of all 237 SKUs on name similarity (94.4, margin +11.7); no attribute conflict; pack compatible.",deterministic,VERIFIED_CORRECT,"CKN (CHICKEN NUGGETS, 270 Gms x 20 Pkts) matches the nugget entity of this nuggets/kofta offer at the exact stated 270 gm, ranking 1/237 on both name (94.4) and rule with pack=compatible; every other nugget contender is a different size or sub-brand and pack INCOMPATIBLE.",0,237,,,False,False,False,False
592,Al Kabeer Chicken Kofta 300 gm,CKCK,CHICKEN KOFTA 300,v2_rule_generated_v1,VERIFIED_CORRECT,,,"Assigned SKU accounts for every distinguishing word in the offer (['chicken', 'kofta']) and introduces none the offer does not state; protein/family/variant compatible, pack compatible; no superior SKU exists among all 237.",deterministic,VERIFIED_CORRECT,"CKCK (CHICKEN KOFTA 300) is an exact product-identity and size match for 'Chicken Kofta 300 gm' (name 95.6, rank 1/237 on both signals, pack=compatible); the next contenders are fries, nuggets and kibbeh, i.e. different products.",0,237,,,False,False,False,False
593,Al KABEER ZING CHICKEN LOLLYPOP CRATERING 1KG,CKZLA,ZING CHICKEN LOLLIPOP BULK (5*1KG),v2_rule_generated_v1,CORRECT_BUT_LOW_CONFIDENCE,,,"No SKU among all 237 is objectively superior, but the assigned SKU is not a clear winner: offer words unaccounted for ['cratering']; name rank 3/237 (69.5).",deterministic,VERIFIED_CORRECT,"Offer says 'CRATERING 1KG', and CKZLA (ZING CHICKEN LOLLIPOP BULK 5*1KG) is the only Zing lollipop SKU in the catering/bulk 1 kg format (pack=compatible, rule rank 1/237). The higher-name CKZL is the 420g retail pack and is pack INCOMPATIBLE.",0,237,,,False,False,False,False
594,Al Kabeer Zing Chicken Lollipop 420gm,CKZL,ZING CHICKEN LOLLIPOP 420,v2_rule_generated_v1,VERIFIED_CORRECT,,,"Best of all 237 SKUs on name similarity (97.1, margin +5.0); no attribute conflict; pack compatible.",deterministic,VERIFIED_CORRECT,"CKZL (ZING CHICKEN LOLLIPOP 420) matches sub-brand, product identity and the exact 420 gm size, rank 1/237 on name (97.1) and rule; the bulk sibling CKZLA is 1 kg and pack INCOMPATIBLE.",0,237,,,False,False,False,False
595,Al Kabeer Chicken/Beef Meat Ball 1 kg,CKMBA,CHICKEN MEAT BALLS BULK,v2_rule_generated_v1,VERIFIED_CORRECT,,,"Best of all 237 SKUs on name similarity (85.4, margin +4.2); no attribute conflict; pack compatible.",deterministic,VERIFIED_CORRECT,"For 'Chicken/Beef Meat Ball 1 kg', CKMBA (CHICKEN MEAT BALLS BULK, 1 Kgs x 6 Pkts) covers the chicken entity at the stated 1 kg (pack=compatible, rank 1/237 on name and rule). The beef equivalents CMBAK/CMBAKA/CMBAKAPR are all cat_ok=0 and unreachable at inference.",0,237,,,False,False,False,False
596,Al Kabeer Punjabi Samosa 900 gm,CVPS,FROZEN PUNJABI SAMOSA,v2_rule_generated_v1,CORRECT_BUT_LOW_CONFIDENCE,,,"No SKU among all 237 is objectively superior, but the assigned SKU is not a clear winner: offer words unaccounted for []; name rank 2/237 (93.3).",deterministic,VERIFIED_CORRECT,"Offer declares 900 gm and CVPS (FROZEN PUNJABI SAMOSA, 900GM X 10PKT) matches exactly (pack=compatible, rule rank 1/237); the name-100 contender VPS is the 450 GMS pack and is pack INCOMPATIBLE, so size decides.",0,237,,,False,False,False,False
597,Al Kabeer Beef Cocktail Sausages 400Gm,CKBCS,BEEF COCKTAIL SAUSAGES,v2_rule_generated_v1,VERIFIED_CORRECT,,,"Best of all 237 SKUs on name similarity (100.0, margin +37.2); no attribute conflict; pack compatible.",deterministic,VERIFIED_CORRECT,"CKBCS (BEEF COCKTAIL SAUSAGES, 400 Gms x 20 Pkts) is a perfect match on protein, SAUSAGES family and the 400Gm size, scoring name=100 and rank 1/237 on both signals; the next contender is 47 points lower.",0,237,,,False,False,False,False
598,Al Kabeer Tandoori Chicken Tikka/Shish Tawook/Chicken Seekh Kebab 1 kg,CKCSB,CHICKEN SEEKH KEBAB BULK,v2_rule_generated_v1,CORRECT_BUT_LOW_CONFIDENCE,,,"No SKU among all 237 is objectively superior, but the assigned SKU is not a clear winner: offer words unaccounted for ['shish', 'tandoori', 'tawook', 'tikka']; name rank 5/237 (76.6).",deterministic,CORRECT_BUT_LOW_CONFIDENCE,"Multi-entity offer names Tandoori Chicken Tikka / Shish Tawook / Chicken Seekh Kebab at 1 kg; CKCSB (CHICKEN SEEKH KEBAB BULK, 1 kg x 5) validly covers the third entity, but CKTCTB (Tandoori Chicken Tikka Bulk 1kg, name 80) and CKSTA (Shish Tawook Bulk 1kg) are equally defensible 1 kg matches for the other two entities.",0,237,,,False,False,False,False
599,Al Kabeer Chicken Seekh Kebabs 320 gm,CKCS,8 CHICKEN SEEKH KEBAB,v2_rule_generated_v1,VERIFIED_CORRECT,,,"Assigned SKU accounts for every distinguishing word in the offer (['chicken', 'kebab', 'seekh']) and introduces none the offer does not state; protein/family/variant compatible, pack compatible; no superior SKU exists among all 237.",deterministic,VERIFIED_CORRECT,"CKCS (8 CHICKEN SEEKH KEBAB, 320 Gms x 24 Pkts) matches protein, KEBAB family and the exact 320 gm size, rank 1/237 on name (94.3) and rule with pack=compatible. CKCSB is the 1 kg bulk version (INCOMPATIBLE) and CKBS is the beef variant with prot=0, cat_ok=0.",0,237,,,False,False,False,False
600,Al Kabeer Shish Tawook 240 gm,CKST,SHISH TAWOOK,v2_rule_generated_v1,VERIFIED_CORRECT,,,"Assigned SKU accounts for every distinguishing word in the offer (['shish', 'tawook']) and introduces none the offer does not state; protein/family/variant compatible, pack compatible; no superior SKU exists among all 237.",deterministic,VERIFIED_CORRECT,"Offer 'Shish Tawook 240 gm' matches CKST SHISH TAWOOK exactly on identity and spec (240 Gms x 20 Pkts), name=100.0 rank 1/237, prot/fam/var all 1, pack compatible, cat_ok=1. The only rival CKSTA is the 1 kg BULK variant with pack INCOMPATIBLE against the stated 240 g.",0,237,,,False,False,False,False
601,Al Kabeer Chicken Spring Rolls 1120g,CKSRA,CHICKEN SPRING ROLL BULK (5*1120G),v2_rule_generated_v1,CORRECT_BUT_LOW_CONFIDENCE,,,"No SKU among all 237 is objectively superior, but the assigned SKU is not a clear winner: offer words unaccounted for []; name rank 3/237 (83.4).",deterministic,VERIFIED_CORRECT,"Offer explicitly states 1120g, which matches CKSRA CHICKEN SPRING ROLL BULK (5*1120G) spec 1.12 kg exactly (pack compatible). Higher-name contenders CKSR (280 g) and CKSRP (560 g twin promo) are the same product line but both pack INCOMPATIBLE with the stated 1120 g.",0,237,,,False,False,False,False
602,AL KABEER CHEESE SPRING ROLLS 240GM/ VEGETABLE SPRING ROLLS 280GM /CHICKEN SPRING ROLLS 280GM,CVSR,8 VEGETABLE SPRING ROLLS,v2_rule_generated_v1,CORRECT_BUT_LOW_CONFIDENCE,,,"No SKU among all 237 is objectively superior, but the assigned SKU is not a clear winner: offer words unaccounted for ['240gm', '280gm', 'cheese', 'chicken']; name rank 1/237 (81.5).",deterministic,VERIFIED_CORRECT,"MULTI_ENTITY offer lists 'VEGETABLE SPRING ROLLS 280GM'; assigned CVSR 8 VEGETABLE SPRING ROLLS spec 280 Gms x 20 Pkts matches that entity exactly on identity and size, name=81.5 rank 1/237, pack compatible, cat_ok=1.",0,237,,,False,False,False,False
603,AL KABEER CHEESE SPRING ROLLS 240GM/ VEGETABLE SPRING ROLLS 280GM /CHICKEN SPRING ROLLS 280GM,CKSR,8 CHICKEN SPRING ROLLS,v2_rule_generated_v1,CORRECT_BUT_LOW_CONFIDENCE,,,"No SKU among all 237 is objectively superior, but the assigned SKU is not a clear winner: offer words unaccounted for ['240gm', '280gm', 'cheese', 'vegetable']; name rank 2/237 (80.8).",deterministic,VERIFIED_CORRECT,"Same MULTI_ENTITY offer; assigned CKSR 8 CHICKEN SPRING ROLLS 280 Gms x 20 Pkts matches the 'CHICKEN SPRING ROLLS 2[80]GM' entity on protein, family and size, pack compatible, cat_ok=1. Only the veg twin CVSR outranks it, and that pairing is already taken by row 602.",0,237,,,False,False,False,False
604,Al Kabeer Samosa Vegetable 480gm,CVSAP,VEGETABLE SAMOSA TWIN PROMO PACK,v2_rule_generated_v1,CORRECT_BUT_LOW_CONFIDENCE,,,"No SKU among all 237 is objectively superior, but the assigned SKU is not a clear winner: offer words unaccounted for ['480gm']; name rank 4/237 (79.6).",deterministic,CORRECT_BUT_LOW_CONFIDENCE,"CVSAP VEGETABLE SAMOSA TWIN PROMO PACK 480 Gms x 10 Pkts is the only vegetable-samosa SKU whose weight matches the stated 480gm (all higher-name rivals CVSAPR/CVSA/CVSAA are pack INCOMPATIBLE at 1.2 kg / 240 g), so no better replacement exists; however cat_ok=0 (offer runtime_category=Veg vs master Dough) means the deployed candidate generator could never surface this pair.",0,237,,category_gate_unreachable,False,False,True,False
605,"Al Kabeer Assorted (Chicken Spring Rolls 1120g, Vegetable & Chicken Samosas 1200g)",CVSAA,VEGETABLE SAMOSAS BULK,v2_rule_generated_v1,CORRECT_BUT_LOW_CONFIDENCE,,,"No SKU among all 237 is objectively superior, but the assigned SKU is not a clear winner: offer words unaccounted for ['1120g', '1200g', 'assorted', 'chicken', 'roll', 'spring']; name rank 6/237 (66.7).",deterministic,VERIFIED_CORRECT,"MULTI_ENTITY offer names 'Vegetable & Chicken Samosas 1200g'; assigned CVSAA VEGETABLE SAMOSAS BULK spec 1.2 Kgs x 4 Pkts matches that entity on identity and weight (pack compatible, fam=1, cat_ok=1). Higher-name rivals CKSR/CVSR/CKSA are all pack INCOMPATIBLE with 1120/1200 g.",0,237,,,False,False,False,False
606,Al Kabeer Kiri Cheese Samosas 240 gm,CCSK,KIRI CHEESE SAMOSA,v2_rule_generated_v1,CORRECT_BUT_LOW_CONFIDENCE,,,"Assigned SKU carries rule defect(s) ['family_contradiction'], but no SKU among all 237 is objectively superior, so no replacement is justified.",deterministic,VERIFIED_CORRECT,"Offer 'Kiri Cheese Samosas 240 gm' matches CCSK KIRI CHEESE SAMOSA 20 X 240 GMS on sub-brand (Kiri), product identity and size; name=98.2 rank 1/237, pack compatible, cat_ok=1. fam=0 is the known family-flag artifact, not a real contradiction; plain CCSAK lacks the Kiri qualifier.",0,237,family_contradiction,,False,False,False,False
607,ALKABEER VEGETABLE SAMOSA/SPRING ROLL/ROLLS 240/280 gm,CVSR,8 VEGETABLE SPRING ROLLS,v2_rule_generated_v1,VERIFIED_CORRECT,,,"Best of all 237 SKUs on name similarity (81.9, margin +3.8); no attribute conflict; pack compatible.",deterministic,VERIFIED_CORRECT,"MULTI_ENTITY offer 'VEGETABLE SAMOSA/SPRING ROLL/ROLLS 240/280 gm'; assigned CVSR 8 VEGETABLE SPRING ROLLS 280 Gms x 20 Pkts matches the spring-roll entity at the stated 280 g, name=81.9 rank 1/237, pack compatible, cat_ok=1.",0,237,,,False,False,False,False
608,ALKABEER SAMOSAS PUNJABI 1 kg,CVPS,FROZEN PUNJABI SAMOSA,v2_rule_generated_v1,CORRECT_BUT_LOW_CONFIDENCE,,,"Assigned SKU carries rule defect(s) ['family_contradiction'], but no SKU among all 237 is objectively superior, so no replacement is justified.",deterministic,VERIFIED_CORRECT,"Offer states 1 kg; CVPS FROZEN PUNJABI SAMOSA 900GM X 10PKT is the Punjabi-samosa SKU whose weight is compatible with 1 kg, while the higher-name VPS (450 GMS) is pack INCOMPATIBLE. Same product family, size decides. fam=0 is the known flag artifact.",0,237,family_contradiction,,False,False,False,False
609,"Al Kabeer MUTTON, PUNJABI SAMOSA OR CHEESE SPRING ROLLS, 240 - 450 gm",CCSK,KIRI CHEESE SAMOSA,v2_rule_generated_v1,CORRECT_BUT_LOW_CONFIDENCE,,,"Assigned SKU carries rule defect(s) ['pack_incompatible'], but no SKU among all 237 is objectively superior, so no replacement is justified.",deterministic,INCORRECT,"The offer lists MUTTON [samosa], PUNJABI SAMOSA or CHEESE SPRING ROLLS at 240-450 gm - Kiri Cheese Samosa is not one of the listed products, and the assigned CCSK is pack=INCOMPATIBLE. VPS PUNJABI SAMOSA is explicitly named in the offer text, has name=83 (vs 65.5 assigned), spec 450 GMS X 10 PKTS matching the stated 450 gm upper bound, pack compatible and cat_ok=1.",0,237,pack_incompatible,,False,True,False,True
610,Al Kabeer Punjabi Samosas 450 gm,VPS,PUNJABI SAMOSA,v2_rule_generated_v1,CORRECT_BUT_LOW_CONFIDENCE,,,"Assigned SKU carries rule defect(s) ['family_contradiction'], but no SKU among all 237 is objectively superior, so no replacement is justified.",deterministic,VERIFIED_CORRECT,"Offer 'Punjabi Samosas 450 gm' matches VPS PUNJABI SAMOSA 450 GMS X 10 PKTS exactly on identity and weight; name=97.7 rank 1/237, pack compatible, cat_ok=1. The only close rival CVPS is the 900 g pack and is pack INCOMPATIBLE.",0,237,family_contradiction,,False,False,False,False
611,Al Kabeer Chicken Spring Rolls 280 gm,CKSR,8 CHICKEN SPRING ROLLS,v2_rule_generated_v1,VERIFIED_CORRECT,,,"Assigned SKU accounts for every distinguishing word in the offer (['chicken', 'roll', 'spring']) and introduces none the offer does not state; protein/family/variant compatible, pack compatible; no superior SKU exists among all 237.",deterministic,VERIFIED_CORRECT,"Offer 'Chicken Spring Rolls 280 gm' matches CKSR 8 CHICKEN SPRING ROLLS 280 Gms x 20 Pkts exactly; name=98.4 rank 1/237, pack compatible, cat_ok=1. Twin promo (560 g) and bulk (1.12 kg) variants are both pack INCOMPATIBLE.",0,237,,,False,False,False,False
612,Al Kabeer White Fish Fillets 1000 gm,FFW1,WHITE FISH FILLET 1KG,v2_rule_generated_v1,VERIFIED_CORRECT,,,"Best of all 237 SKUs on name similarity (90.5, margin +15.2); no attribute conflict; pack compatible.",deterministic,VERIFIED_CORRECT,"Offer 'White Fish Fillets 1000 gm' matches FFW1 WHITE FISH FILLET 1KG on product identity and exact weight; name=90.5 rank 1/237, pack compatible, prot=1, cat_ok=1. All fish-fillet rivals differ in prep (breaded/zing) or size (2 kg, 750 g).",0,237,,,False,False,False,False
613,Al Kabeer White Fish Fillets 900 gm,FFW1,WHITE FISH FILLET 1KG,v2_rule_generated_v1,CORRECT_BUT_LOW_CONFIDENCE,,,"Best of all 237 SKUs on name similarity (90.5, margin +15.2); no attribute conflict; pack compatible.",deterministic+agent_downgrade,CORRECT_BUT_LOW_CONFIDENCE,"Product identity (plain white fish fillet, Seafood-Commodity) matches FFW1 and no 900 g white-fish-fillet SKU exists anywhere in the slate, so it is the best available; but the offer states 900 gm against a 1 kg master spec (only just inside the 10% tolerance), and the identical FFW1 label is also used for the 1000 gm offer in row 612.",0,237,,,False,False,False,False
614,Al Kabeer Zing Fish Fillet Non Spicy / Shrimps Non-Spicy 750gm,CZSB,Zing Shrimps,v2_rule_generated_v1,CORRECT_BUT_LOW_CONFIDENCE,,,"No SKU among all 237 is objectively superior, but the assigned SKU is not a clear winner: offer words unaccounted for ['750gm', 'fillet', 'fish', 'nonspicy']; name rank 2/237 (72.6).",deterministic,VERIFIED_CORRECT,"MULTI_ENTITY offer lists 'Shrimps Non-Spicy 750gm'; CZSB Zing Shrimps 750 gm x 8 Pkts is the only Zing shrimp SKU, matching sub-brand, protein and stated weight (prot=1, fam=1, pack compatible, cat_ok=1). The higher-name CFZFB covers the other entity but is MILD SPICY, conflicting with the offer's 'Non Spicy'.",0,237,,,False,False,False,True
615,Al Kabeer Zing Shrimps,CZSB,Zing Shrimps,v2_rule_generated_v1,VERIFIED_CORRECT,,,"Assigned SKU accounts for every distinguishing word in the offer (['shrimp', 'zing']) and introduces none the offer does not state; protein/family/variant compatible, pack unknown; no superior SKU exists among all 237.",deterministic,VERIFIED_CORRECT,"Offer 'Zing Shrimps' matches CZSB Zing Shrimps verbatim; name=100.0 rank 1/237, prot/fam/var=1, cat_ok=1. Next contenders are Tabarruk cooking shrimps or Zing chicken items (prot=0), both clearly different products.",0,237,,,False,False,False,False
616,AL KABEER ZING SHRIMPS SPICY 750GM,CZSB,Zing Shrimps,v2_rule_generated_v1,VERIFIED_CORRECT,,,"Best of all 237 SKUs on name similarity (93.3, margin +25.3); no attribute conflict; pack compatible.",deterministic,VERIFIED_CORRECT,"Offer 'ZING SHRIMPS SPICY 750GM' matches CZSB Zing Shrimps 750 gm x 8 Pkts on sub-brand, protein and stated weight (name=93.3 rank 1/237, pack compatible, cat_ok=1); no non-spicy or alternative Zing shrimp SKU exists, so the spicy qualifier cannot separate SKUs. All higher-scoring rivals are Zing chicken (prot=0, cat_ok=0).",0,237,,,False,False,False,False
617,Al Kabeer Cheese Spring Roll 2x240 gm / Chicken Spring Roll 560 gm,CCSRA,8 CHEESE SPRING ROLLS,v2_rule_generated_v1,CORRECT_BUT_LOW_CONFIDENCE,,,"No SKU among all 237 is objectively superior, but the assigned SKU is not a clear winner: offer words unaccounted for ['2x240', 'chicken']; name rank 2/237 (77.4).",deterministic,VERIFIED_CORRECT,"MULTI_ENTITY offer names 'Cheese Spring Roll 2x240 gm'; CCSRA 8 CHEESE SPRING ROLLS 240 Gms x 20 Pkts is the sole cheese spring-roll SKU in the master and its 240 g unit matches the stated unit weight (pack compatible, cat_ok=1, rule rank 1/237). No cheese twin-promo SKU exists as an alternative.",0,237,,,False,False,False,True
618,Al Kabeer Chicken Samosas 24's 480gm / Vegetable Samosas 24pc 480gm / Vegetable Spring Rolls 16pc 560gm / Chicken Spring Rolls 16pcs 560gm,CVSRP,8 VEGETABLE SPRING ROLLS TWIN PROMO PACK,v2_rule_generated_v1,CORRECT_BUT_LOW_CONFIDENCE,,,"Assigned SKU carries rule defect(s) ['family_contradiction'], but no SKU among all 237 is objectively superior, so no replacement is justified.",deterministic,CORRECT_BUT_LOW_CONFIDENCE,"MULTI_ENTITY offer whose third entity ('Vegetable Spring Ro...') is truncated with no readable weight; assigned CVSRP is pack compatible and consistent with the twin-promo pattern of the other two 480 g entities, but CKSAP (chicken samosas 480 g) and CVSAP (vegetable samosas 480 g) each match their entity's stated weight exactly, so several SKUs are equally defensible here.",0,237,family_contradiction,,False,False,False,True
619,Al Kabeer Chicken Spring Rolls 560 gm,CKSRP,8 CHICKEN SPRING ROLLS TWIN PROMO PACK,v2_rule_generated_v1,CORRECT_BUT_LOW_CONFIDENCE,,,"No SKU among all 237 is objectively superior, but the assigned SKU is not a clear winner: offer words unaccounted for []; name rank 2/237 (89.7).",deterministic,VERIFIED_CORRECT,"Offer states 560 gm, which matches CKSRP 8 CHICKEN SPRING ROLLS TWIN PROMO PACK spec 560 Gms x 10 Pkts exactly (pack compatible, cat_ok=1). The higher-name CKSR is the 280 g base pack and is pack INCOMPATIBLE; promo packs are distinct SKUs from the base item.",0,237,,,False,False,False,False
620,Al Kabeer Strawberries 900 gm,VSB,STRAWBERRIES,v2_rule_generated_v1,VERIFIED_CORRECT,,,"Assigned SKU accounts for every distinguishing word in the offer (['strawberrie']) and introduces none the offer does not state; protein/family/variant compatible, pack compatible; no superior SKU exists among all 237.",deterministic,VERIFIED_CORRECT,"Offer 'Strawberries 900 gm' matches VSB (STRAWBERRIES, 900 gm x 10 Pkts) exactly: name=100, rank 1/237 on both name and rule, pack=compatible. The only near contender VSBAPR is the AK PRO sub-brand at 1 kg, which the offer neither names nor sizes to.",0,237,,,False,False,False,False
621,Al Kabeer Sweet Corn 1 kg,VSC10,SWEET CORN BULK,v2_rule_generated_v1,CORRECT_BUT_LOW_CONFIDENCE,,,"No SKU among all 237 is objectively superior, but the assigned SKU is not a clear winner: offer words unaccounted for []; name rank 2/237 (93.3).",deterministic,VERIFIED_CORRECT,"Offer states 1 kg, and VSC10 (SWEET CORN BULK, 1 kg x 10 Pkts) is pack=compatible while the equally-named VSC (SWEET CORN 400) is pack=INCOMPATIBLE. Declared size is the decisive discriminator between these two same-product SKUs.",0,237,,,False,False,False,False
622,Al Kabeer Sweet Corn 400 gm,VSC,SWEET CORN 400,v2_rule_generated_v1,VERIFIED_CORRECT,,,"Assigned SKU accounts for every distinguishing word in the offer (['corn', 'sweet']) and introduces none the offer does not state; protein/family/variant compatible, pack compatible; no superior SKU exists among all 237.",deterministic,VERIFIED_CORRECT,"Offer states 400 gm and VSC (SWEET CORN 400, 400 gm x 20 Pkts) is pack=compatible, name=94 rank 1/237; the bulk twin VSC10 is pack=INCOMPATIBLE at 1 kg. Mirror-image of row 621 and consistent with it.",0,237,,,False,False,False,False
623,AL KABEER TORTILLA WRAPS PLAIN 8INC 12PCS,VTORP,"TORTILLA WRAPS PLAIN 8""",v2_rule_generated_v1,VERIFIED_CORRECT,,,"Best of all 237 SKUs on name similarity (90.3, margin +6.1); no attribute conflict; pack unknown.",deterministic,VERIFIED_CORRECT,"Offer 'TORTILLA WRAPS PLAIN 8INC' matches VTORP (TORTILLA WRAPS PLAIN 8"") on product identity, PLAIN variant, and the 8-inch size; the 10.5-inch variant VTORP10 (name 84) and the HOT N SPICY variants VTORS/VTOR are excluded by explicit size and spice tokens in the offer.",0,237,,,False,False,False,False
624,Al Kabeer mutton Samosa 2X240 gm,CMSA,12 MUTTON SAMOSAS,v2_rule_generated_v1,CORRECT_BUT_LOW_CONFIDENCE,,,"No SKU among all 237 is objectively superior, but the assigned SKU is not a clear winner: offer words unaccounted for ['2x240']; name rank 1/237 (84.1).",deterministic,CORRECT_BUT_LOW_CONFIDENCE,"CMSA (12 MUTTON SAMOSAS, 240 Gms x 20) is the only SKU matching both the mutton protein and the 240 gm pack (name=84, rank 1/237, pack=compatible), and no better product exists on the slate - the cat_ok=1 alternatives MC40/MRC are mutton cubes and rib chops, not samosas. However cat_ok=0 (runtime_category=Meat vs SKU cat2=Dough) means the deployed candidate generator could never surface this pair, so the label is unreachable at inference.",0,237,,category_gate_unreachable,False,False,True,False
625,Al Kabeer Hash Browns 2.5 kg,VHBP,HASH BROWNS,v2_rule_generated_v1,VERIFIED_CORRECT,,,"Assigned SKU accounts for every distinguishing word in the offer (['brown', 'hash']) and introduces none the offer does not state; protein/family/variant compatible, pack compatible; no superior SKU exists among all 237.",deterministic,VERIFIED_CORRECT,"Offer '2.5 kg' matches VHBP (HASH BROWNS, 2.5 kg x 4 Pkts) with name=100 and pack=compatible; the near-identical VHBPA (HASH BROWN, 10 x 1 KG, name 97) is pack=INCOMPATIBLE at the stated weight.",0,237,,,False,False,False,False
626,Al Kabeer Hash Browns 2500 gm,VHBP,HASH BROWNS,v2_rule_generated_v1,VERIFIED_CORRECT,,,"Assigned SKU accounts for every distinguishing word in the offer (['brown', 'hash']) and introduces none the offer does not state; protein/family/variant compatible, pack compatible; no superior SKU exists among all 237.",deterministic,VERIFIED_CORRECT,"'2500 gm' is the same declared weight as VHBP's 2.5 kg x 4 Pkts spec (name=100, pack=compatible), while the 1 kg sibling VHBPA is pack=INCOMPATIBLE. Consistent with row 625.",0,237,,,False,False,False,False
627,AL KABEER JUMBO HOT DOG 400G,CFBJ,JUMBO HOTDOGS,v2_rule_generated_v1,INCORRECT,VFKJ,CHICKEN JUMBO HOT DOGS,"VFKJ (CHICKEN JUMBO HOT DOGS) is superior: covers strictly more of the offer's own wording (['dog', 'hot', 'jumbo'] vs ['jumbo']). Offer words covered by replacement=['dog', 'hot', 'jumbo'] vs assigned=['jumbo']; over-specific words replacement=1 vs assigned=1; name similarity 69.4 vs 61.9 (+7.5); protein=1 family=1 pack=compatible; spec '400 gm x 20 Pkts'. All 237 master SKUs were compared before selecting this replacement.",deterministic,CORRECT_BUT_LOW_CONFIDENCE,"The offer names no protein, so plain CFBJ (JUMBO HOTDOGS, Meat, 400 Gms x 20) is a defensible reading, and its 400 g pack is compatible. But VFKJ (CHICKEN JUMBO HOT DOGS, 400 gm x 20, name 69 vs assigned 62) is an equally sized near-tie and the assigned SKU ranks only 3rd on name and 4th on rule, so the protein is genuinely unresolvable from the offer text.",2,237,,,False,False,False,False
628,ALKABEER LAMB KIBBEH 1000GM,CLKA,LAMB KIBBEH BULK,v2_rule_generated_v1,CORRECT_BUT_LOW_CONFIDENCE,,,"No SKU among all 237 is objectively superior, but the assigned SKU is not a clear winner: offer words unaccounted for ['1000gm']; name rank 2/237 (93.8).",deterministic,VERIFIED_CORRECT,"Offer '1000GM' matches CLKA (LAMB KIBBEH BULK, 1 Kgs x 5 Pkts) pack=compatible; the higher-name-scoring CLK (LAMB KIBBEH, name 100) is the 400 g retail pack and is pack=INCOMPATIBLE with the stated 1 kg. Lamb protein agrees, and the beef/chicken kibbeh siblings carry prot=0.",0,237,,,False,False,False,False
629,Al Kabeer LAMB KIBBEH 400 gm,CLK,LAMB KIBBEH,v2_rule_generated_v1,VERIFIED_CORRECT,,,"Assigned SKU accounts for every distinguishing word in the offer (['kibbeh', 'lamb']) and introduces none the offer does not state; protein/family/variant compatible, pack compatible; no superior SKU exists among all 237.",deterministic,VERIFIED_CORRECT,"Offer '400 gm' matches CLK (LAMB KIBBEH, 400 Gms x 12 Pkts) at name=100, rank 1/237, pack=compatible; the bulk CLKA is INCOMPATIBLE and the same-size CBK/CKK are beef and chicken with prot=0. Exact complement of row 628.",0,237,,,False,False,False,False
630,Al Kabeer Arabic Kofta Meat 300 gm,CKB,ARABIC KOFTA,v2_rule_generated_v1,VERIFIED_CORRECT,,,"Best of all 237 SKUs on name similarity (94.3, margin +38.9); no attribute conflict; pack compatible.",deterministic,VERIFIED_CORRECT,"CKB (ARABIC KOFTA, cat2=Meat, 300 Gms x 20 Pkts) matches product identity, the 'Meat' qualifier, and the 300 gm pack; name=94 rank 1/237, pack=compatible, and the nearest contenders (MEAT BALLS at 55, CHICKEN KOFTA at 53) are a different product or a different protein.",0,237,,,False,False,False,False
631,Al Kabeer Chicken Mince 400gm,CKCM,CHICKEN MINCE 400,v2_rule_generated_v1,VERIFIED_CORRECT,,,"Best of all 237 SKUs on name similarity (95.6, margin +6.1); no attribute conflict; pack compatible.",deterministic,VERIFIED_CORRECT,"CKCM (CHICKEN MINCE 400, 400 Gms x 20 Pkts) matches product identity, protein and the stated 400 gm at name=96, rank 1/237, pack=compatible. The only close rival CKCMF is the '(15% FREE)' promo pack at 400+60 g, which per business rules is a distinct SKU and is pack=INCOMPATIBLE here.",0,237,,,False,False,False,False
632,AL Kabeer green peas\ mix veg 400gm,VVMV,MIXED VEGETABLES 400,v2_rule_generated_v1,CORRECT_BUT_LOW_CONFIDENCE,,,"No SKU among all 237 is objectively superior, but the assigned SKU is not a clear winner: offer words unaccounted for ['400gm', 'green', 'mix', 'pea']; name rank 5/237 (48.9).",deterministic,CORRECT_BUT_LOW_CONFIDENCE,"MULTI_ENTITY offer ('green peas \ mix veg 400gm'): VVMV (MIXED VEGETABLES 400, 400 gm x 20 Pkts, pack=compatible) legitimately covers the 'mix veg' entity, so it is not wrong. But VVGP (GREEN PEAS, same 400 gm pack) scores name 90 vs the assigned 48.9 and covers the other listed entity equally well, making the choice a defensible near-tie rather than a settled one.",0,237,,,False,False,False,False
633,Al Kabeer Green Peas/Mix Vegetable 2x400 gm,VVMV,MIXED VEGETABLES 400,v2_rule_generated_v1,CORRECT_BUT_LOW_CONFIDENCE,,,"No SKU among all 237 is objectively superior, but the assigned SKU is not a clear winner: offer words unaccounted for ['2x400', 'green', 'mix', 'pea']; name rank 3/237 (70.1).",deterministic,CORRECT_BUT_LOW_CONFIDENCE,"MULTI_ENTITY offer ('Green Peas/Mix Vegetable 2x400 gm'): VVMV (MIXED VEGETABLES 400, 400 gm x 20 Pkts) matches the 'Mix Vegetable' entity and the 400 gm unit size, pack=compatible. VVGP (GREEN PEAS 400, name 85 vs assigned 70) is an equally valid match for the other listed entity, so the label is defensible but ambiguous by construction.",0,237,,,False,False,False,False
634,Al Kabeer Hash Browns 1 kg,VHBPA,HASH BROWN,v2_rule_generated_v1,VERIFIED_CORRECT,,,"Assigned SKU accounts for every distinguishing word in the offer (['brown', 'hash']) and introduces none the offer does not state; protein/family/variant compatible, pack compatible; no superior SKU exists among all 237.",deterministic,VERIFIED_CORRECT,"Offer '1 kg' matches VHBPA (HASH BROWN, 10 x 1 KG) pack=compatible, while the top-name sibling VHBP (HASH BROWNS, name 100) is the 2.5 kg pack and pack=INCOMPATIBLE. Declared weight correctly resolves the two hash-brown SKUs, and this row is consistent with rows 625/626 in the opposite direction.",0,237,,,False,False,False,False
635,Al Kabeer Tandoori Chicken Tikka 2x240 gm,CKTCT,TANDOORI CHICKEN TIKKA,v2_rule_generated_v1,VERIFIED_CORRECT,,,"Best of all 237 SKUs on name similarity (98.6, margin +5.3); no attribute conflict; pack compatible.",deterministic,VERIFIED_CORRECT,"CKTCT (TANDOORI CHICKEN TIKKA, 240 Gms x 20 Pkts) matches the offer's exact product name and its 2x240 gm unit size: name=99, rule rank 1/237, pack=compatible. The bulk twin CKTCTB (1 kg) is pack=INCOMPATIBLE.",0,237,,,False,False,False,False
636,Al Kabeer Felafel 360 gm,CVF,FELAFEL,v2_rule_generated_v1,VERIFIED_CORRECT,,,"Assigned SKU accounts for every distinguishing word in the offer (['falafel']) and introduces none the offer does not state; protein/family/variant compatible, pack compatible; no superior SKU exists among all 237.",deterministic,VERIFIED_CORRECT,"CVF (FELAFEL, 360 Gms x 20 Pkts) matches the offer's plain 'Felafel' identity and the stated 360 gm at name=100, rank 1/237, pack=compatible. The qualified variants (BULK, STUFFED, GREEN BULK) all add tokens absent from the offer and are pack=INCOMPATIBLE.",0,237,,,False,False,False,False
637,Al Kabeer Stuffed Felafel 750g,CVSF,STUFFED FELAFEL,v2_rule_generated_v1,VERIFIED_CORRECT,,,"Best of all 237 SKUs on name similarity (100.0, margin +12.1); no attribute conflict; pack compatible.",deterministic,VERIFIED_CORRECT,"Offer explicitly says 'Stuffed Felafel 750g', matching CVSF (STUFFED FELAFEL, 750 g. x 8) on both the STUFFED variant and the pack size: name=100, rank 1/237, pack=compatible; plain CVF at 360 g is pack=INCOMPATIBLE.",0,237,,,False,False,False,False
638,AL KABEER FISH STICK CAT 1KG,CFSA,FISH STICKS BULK,v2_rule_generated_v1,VERIFIED_CORRECT,,,"Best of all 237 SKUs on name similarity (77.1, margin +12.5); no attribute conflict; pack compatible.",deterministic,VERIFIED_CORRECT,"'FISH STICK CAT 1KG' - fish protein, sticks identity, catering/bulk pack at 1 kg - maps to CFSA (FISH STICKS BULK, Seafood, 1 Kgs x 5 Pkts): name=77 rank 1/237, pack=compatible, prot=1. The higher-scoring chicken stick SKUs all carry prot=0 and the fish fillet SKUs are a different product form.",0,237,,,False,False,False,False
639,Al Kabeer Fish Fingers 300 gm,CFS,FISH FINGERS 300,v2_rule_generated_v1,VERIFIED_CORRECT,,,"Assigned SKU accounts for every distinguishing word in the offer (['finger', 'fish']) and introduces none the offer does not state; protein/family/variant compatible, pack compatible; no superior SKU exists among all 237.",deterministic,VERIFIED_CORRECT,"CFS (FISH FINGERS 300, Seafood, 300 Gms x 20 Pkts) matches product identity, protein and declared 300 gm: name=95, rank 1/237 on both name and rule, pack=compatible. All contenders are fillets, milk or sticks - different products - and CFSA (fish sticks bulk) is pack=INCOMPATIBLE.",0,237,,,False,False,False,False
640,Al Kabeer French Fries 1 kg,VFFA,FRENCH FRIES 1,v2_rule_generated_v1,VERIFIED_CORRECT,,,"Assigned SKU accounts for every distinguishing word in the offer (['french', 'frie']) and introduces none the offer does not state; protein/family/variant compatible, pack compatible; no superior SKU exists among all 237.",deterministic,VERIFIED_CORRECT,"Offer 'French Fries 1 kg' matches VFFA FRENCH FRIES 1 (1 kg x 10 Pkts) exactly: name=97 and rank 1/237 on both name and rule, pack compatible, cat_ok=1. All larger contenders (VFA/VFAPR 2.5 kg, VF6APR) are pack INCOMPATIBLE with the stated 1 kg, and VFFATC is the distinct Thin Cut line not named in the offer.",0,237,,,False,False,False,False
641,Al Kabeer Green Peas2x400gm+Paneer 200gm,VVGP,GREEN PEAS,v2_rule_generated_v1,CORRECT_BUT_LOW_CONFIDENCE,,,"Best of all 237 SKUs on name similarity (89.7, margin +12.3); no attribute conflict; pack compatible.",deterministic+agent_downgrade,CORRECT_BUT_LOW_CONFIDENCE,"Offer is a bundle ('Green Peas 2x400gm + Paneer 200gm'); VVGP GREEN PEAS 400 gm x 20 matches the lead component exactly (name=90, rank 1/237, pack compatible), but VPAN PANEER CUBES 200 gm x 20 matches the second component just as exactly, and no combined promo SKU exists in the slate, so the choice between the two bundle entities is arbitrary.",0,237,,,False,False,False,False
642,Alkabeer Tandoori Chicken Tikka 1000 gm,CKTCTB,TANDOORI CHICKEN TIKKA BULK,v2_rule_generated_v1,CORRECT_BUT_LOW_CONFIDENCE,,,"No SKU among all 237 is objectively superior, but the assigned SKU is not a clear winner: offer words unaccounted for []; name rank 2/237 (96.6).",deterministic,VERIFIED_CORRECT,"Offer declares 1000 gm, which matches CKTCTB TANDOORI CHICKEN TIKKA BULK (1 Kgs x 5 Pkts, pack compatible, name=97). The higher-name CKTCT (name=100) is the 240 Gms retail pack and is pack INCOMPATIBLE with the stated 1 kg, so the bulk SKU is the correct size variant of the same product.",0,237,,,False,False,False,False
643,AL KABEER GREEN PEAS/MIX VEGETABLE 900GM,VVMV9,MIXED VEGETABLES 900,v2_rule_generated_v1,CORRECT_BUT_LOW_CONFIDENCE,,,"No SKU among all 237 is objectively superior, but the assigned SKU is not a clear winner: offer words unaccounted for ['900gm', 'green', 'mix', 'pea']; name rank 3/237 (71.7).",deterministic,CORRECT_BUT_LOW_CONFIDENCE,"Multi-entity slash offer 'GREEN PEAS/MIX VEGETABLE 900GM'; VVMV9 MIXED VEGETABLES 900 (900 gm x 10, pack compatible) matches the second entity at the stated weight, but VVGP9 GREEN PEAS 900 is an equally exact match for the first entity with a higher name score (75 vs 72), making this a genuine near-tie decided only by which listed entity is picked.",0,237,,,False,False,False,False
644,"Al Kabeer Assorted (Chicken Spring Rolls 1120g, Vegetable & Chicken Samosas 1200g)",CKSAA,CHICKEN SAMOSAS BULK,v2_rule_generated_v1,CORRECT_BUT_LOW_CONFIDENCE,,,"No SKU among all 237 is objectively superior, but the assigned SKU is not a clear winner: offer words unaccounted for ['1120g', '1200g', 'assorted', 'roll', 'spring', 'vegetable']; name rank 4/237 (72.3).",deterministic,VERIFIED_CORRECT,"MULTI_ENTITY_OFFER explicitly lists 'Chicken Samosas 1200g'; CKSAA CHICKEN SAMOSAS BULK is exactly 1.2 Kgs x 4 Pkts with pack compatible, prot/fam/var all 1 and cat_ok=1. Higher-name contenders CKSR and CKSA are the 280/240 Gms retail packs and are pack INCOMPATIBLE with the 1200g stated for the samosa entity.",0,237,,,False,False,False,False
645,Al Kabeer Chicken Samosa 240gm,CKSA,12 CHICKEN SAMOSAS,v2_rule_generated_v1,CORRECT_BUT_LOW_CONFIDENCE,,,"No SKU among all 237 is objectively superior, but the assigned SKU is not a clear winner: offer words unaccounted for ['240gm']; name rank 2/237 (91.7).",deterministic,CORRECT_BUT_LOW_CONFIDENCE,"Product identity and size are exact (offer 'Chicken Samosa 240gm' vs CKSA 12 CHICKEN SAMOSAS 240 Gms x 20, name=92, pack compatible) and no better SKU exists among 237, but cat_ok=0 (runtime_category=Chicken vs SKU cat2=Dough) means the deployed candidate generator could never surface this pair, so the label is product-correct yet unreachable.",0,237,,category_gate_unreachable,False,False,True,False
646,ALKABEER VEGETABLE SAMOSA/SPRING ROLL/ROLLS 240/280 gm,CKSR,8 CHICKEN SPRING ROLLS,v2_rule_generated_v1,INCORRECT,CVSR,8 VEGETABLE SPRING ROLLS,"CVSR (8 VEGETABLE SPRING ROLLS) is superior: covers strictly more of the offer's own wording (['roll', 'spring', 'vegetable'] vs ['roll', 'spring']). Offer words covered by replacement=['roll', 'spring', 'vegetable'] vs assigned=['roll', 'spring']; over-specific words replacement=0 vs assigned=1; name similarity 81.9 vs 60.7 (+21.3); protein=1 family=1 pack=compatible; spec '280 Gms x 20 Pkts'. All 237 master SKUs were compared before selecting this replacement.",deterministic,INCORRECT,"The offer names only vegetable items ('VEGETABLE SAMOSA/SPRING ROLL/ROLLS 240/280 gm') yet the assigned CKSR is CHICKEN spring rolls (name=61, rank 9/237). CVSR 8 VEGETABLE SPRING ROLLS is 280 Gms x 20 with name=82, rule=71, pack compatible and cat_ok=1 - it matches both the stated protein-free vegetable identity and the 280 gm size, so the multi-entity exemption does not apply because no listed entity is chicken.",1,237,,,False,False,False,False
647,AL KABEER MUTTON/CHEESE SAMOSA 240GM,CMSA,12 MUTTON SAMOSAS,v2_rule_generated_v1,CORRECT_BUT_LOW_CONFIDENCE,,,"No SKU among all 237 is objectively superior, but the assigned SKU is not a clear winner: offer words unaccounted for ['240gm', 'cheese']; name rank 6/237 (70.7).",deterministic,CORRECT_BUT_LOW_CONFIDENCE,"Multi-entity offer 'MUTTON/CHEESE SAMOSA 240GM'; CMSA 12 MUTTON SAMOSAS 240 Gms x 20 matches the mutton entity at the exact stated size (pack compatible) and the cheese alternatives (CCSAK, CCSK) are equally defensible for the other entity, but cat_ok=0 (runtime_category=Meat vs Dough SKU) makes the pair unreachable by the deployed generator.",0,237,,category_gate_unreachable,False,False,True,False
648,"AL KABEER CHICKEN OR VEGETABLE SPRING ROLLS, MUTTON SAMOSAS, 240 - 280 gm",CVSR,8 VEGETABLE SPRING ROLLS,v2_rule_generated_v1,CORRECT_BUT_LOW_CONFIDENCE,,,"Assigned SKU carries rule defect(s) ['family_contradiction'], but no SKU among all 237 is objectively superior, so no replacement is justified.",deterministic,VERIFIED_CORRECT,"MULTI_ENTITY_OFFER lists 'CHICKEN OR VEGETABLE SPRING ROLLS, MUTTON SAMOSAS, 240 - 280 gm'; CVSR 8 VEGETABLE SPRING ROLLS is 280 Gms x 20, pack compatible, cat_ok=1 and ranks 1/237 on both name (85) and rule, matching one listed entity exactly. fam=0 is the known family-flag artifact and the product names plainly agree.",0,237,family_contradiction,,False,False,False,True
649,Al Kabeer Paneer Cubes 200 gm,VPAN,PANEER CUBES,v2_rule_generated_v1,VERIFIED_CORRECT,,,"Assigned SKU accounts for every distinguishing word in the offer (['cube', 'paneer']) and introduces none the offer does not state; protein/family/variant compatible, pack compatible; no superior SKU exists among all 237.",deterministic,VERIFIED_CORRECT,"Offer 'Paneer Cubes 200 gm' matches VPAN PANEER CUBES (200 gm x 20 Pkts) with name=100, rank 1/237 and pack compatible; the only close contender VPAN500 is the 500 gm pack and is pack INCOMPATIBLE with the stated 200 gm.",0,237,,,False,False,False,False
650,Al Kabeer Paneer Cubes 500 gm,VPAN500,PANEER CUBES 500,v2_rule_generated_v1,VERIFIED_CORRECT,,,"Assigned SKU accounts for every distinguishing word in the offer (['cube', 'paneer']) and introduces none the offer does not state; protein/family/variant compatible, pack compatible; no superior SKU exists among all 237.",deterministic,VERIFIED_CORRECT,"Offer 'Paneer Cubes 500 gm' matches VPAN500 PANEER CUBES 500 (500 gm x 10 Pkts, name=95, pack compatible). The name=100 contender VPAN is the 200 gm pack and is pack INCOMPATIBLE, so the declared weight decides correctly between the two size variants.",0,237,,,False,False,False,False
651,Al Kabeer Chocolate Paratha (270 gm),VPCR,Chocolate Paratha 270 g. x 24,v2_rule_generated_v1,VERIFIED_CORRECT,,,"Assigned SKU accounts for every distinguishing word in the offer (['chocolate', 'paratha']) and introduces none the offer does not state; protein/family/variant compatible, pack compatible; no superior SKU exists among all 237.",deterministic,VERIFIED_CORRECT,"Offer 'Chocolate Paratha (270 gm)' matches VPCR Chocolate Paratha 270 g. x 24 on both flavour line and size (name=91, rank 1/237 on name and rule, pack compatible, cat_ok=1); all other paratha SKUs are plain/malabar/wheat 400 gm variants with INCOMPATIBLE packs.",0,237,,,False,False,False,False
652,Al Kabeer Malabar Paratha 400 gm,VPMR,MALABAR PARATHA,v2_rule_generated_v1,VERIFIED_CORRECT,,,"Best of all 237 SKUs on name similarity (100.0, margin +33.4); no attribute conflict; pack compatible.",deterministic,VERIFIED_CORRECT,"Offer 'Malabar Paratha 400 gm' matches VPMR MALABAR PARATHA (400G. X 24Pkts.) with name=100, rank 1/237 and pack compatible; the next contenders are PLAIN/TAYEBAT/WHEAT paratha lines, which are distinct sub-brands or preparations not named in the offer.",0,237,,,False,False,False,False
653,Al Kabeer Large Prawns 450 Gm,CSJ,JUMBO PRAWNS,v2_rule_generated_v1,CORRECT_BUT_LOW_CONFIDENCE,,,"No SKU among all 237 is objectively superior, but the assigned SKU is not a clear winner: offer words unaccounted for ['large']; name rank 3/237 (66.2).",deterministic,CORRECT_BUT_LOW_CONFIDENCE,"The declared 450 Gm matches only CSJ JUMBO PRAWNS (1 lb = 454 g x 10 Pkts, pack compatible) - every other prawn SKU is 400 Gms and pack INCOMPATIBLE - but the offer word 'Large' textually favours CSL PRAWNS LARGE 400 (name=84 vs assigned 66), so weight evidence and name evidence point at different prawn size grades.",0,237,,,False,False,False,False
654,AL KABEER POTATO BITES 1000GM,VPB,POTATO BITES,v2_rule_generated_v1,VERIFIED_CORRECT,,,"Best of all 237 SKUs on name similarity (100.0, margin +39.9); no attribute conflict; pack compatible.",deterministic,VERIFIED_CORRECT,"Offer 'POTATO BITES 1000GM' matches VPB POTATO BITES (1 Kgs x 10 Pkts) with name=100, rank 1/237 on name and rule, pack compatible, cat_ok=1; the nearest contender (MUTTON CUBES, name=60) is a different protein and product entirely.",0,237,,,False,False,False,False
655,Al Kabeer Potato Bites 1000 gm,VPB,POTATO BITES,v2_rule_generated_v1,VERIFIED_CORRECT,,,"Assigned SKU accounts for every distinguishing word in the offer (['bite', 'potato']) and introduces none the offer does not state; protein/family/variant compatible, pack compatible; no superior SKU exists among all 237.",deterministic,VERIFIED_CORRECT,"Duplicate wording of the previous row: 'Potato Bites 1000 gm' matches VPB POTATO BITES (1 Kgs x 10 Pkts) exactly - name=100, rank 1/237, pack compatible, cat_ok=1 - with a 40-point gap to the next contender.",0,237,,,False,False,False,False
656,Al Kabeer Seasoned Wedges 750 gm,VSW,SEASONED WEDGES,v2_rule_generated_v1,VERIFIED_CORRECT,,,"Assigned SKU accounts for every distinguishing word in the offer (['seasoned', 'wedge']) and introduces none the offer does not state; protein/family/variant compatible, pack compatible; no superior SKU exists among all 237.",deterministic,VERIFIED_CORRECT,"Offer 'Seasoned Wedges 750 gm' matches VSW SEASONED WEDGES (750 gm x 12 Pkts) with name=100, rank 1/237, pack compatible and cat_ok=1; the next-best candidate scores only 45 and is an unrelated chicken product, so the match is unambiguous.",0,237,,,False,False,False,False
657,ALKABEEER Vegetable Samosas,CVSAA,VEGETABLE SAMOSAS BULK,v2_synthetic_by_construction,INCORRECT,CVSA,12 VEGETABLE SAMOSAS,"CVSA (12 VEGETABLE SAMOSAS) is superior: assigned SKU is over-specific: it adds 1 word(s) the offer never states, the replacement adds none. Offer words covered by replacement=['samosa', 'vegetable'] vs assigned=['samosa', 'vegetable']; over-specific words replacement=0 vs assigned=1; name similarity 87.7 vs 85.3 (+2.4); protein=1 family=1 pack=unknown; spec '240 Gms x 20 Pkts'. All 237 master SKUs were compared before selecting this replacement.",deterministic,CORRECT_BUT_LOW_CONFIDENCE,"Offer 'Vegetable Samosas' declares no weight (pack=unknown), so the assigned CVSAA bulk 1.2 Kgs x 4 cannot be separated from the retail CVSA 240 Gms x 20, which actually scores higher on name (88 vs 85); additionally cat_ok=0 (runtime_category=Veg vs Dough SKU) makes the pair unreachable at inference.",1,237,,category_gate_unreachable,False,False,True,False
658,Al Kabeer Turkish Beef Kebabs 360gm,CTBK,TURKISH BEEF KEBABS 360,v2_rule_generated_v1,VERIFIED_CORRECT,,,"Assigned SKU accounts for every distinguishing word in the offer (['360gm', 'beef', 'kebab', 'turkish']) and introduces none the offer does not state; protein/family/variant compatible, pack compatible; no superior SKU exists among all 237.",deterministic,VERIFIED_CORRECT,"Offer 'Turkish Beef Kebabs 360gm' matches CTBK TURKISH BEEF KEBABS 360 (360GM X 20 PKT) on protein, product line and exact size: name=97, rank 1/237 on name and rule, pack compatible, cat_ok=1. The next contender CKTCK is the chicken version with prot=0 and cat_ok=0.",0,237,,,False,False,False,False
659,Al Kabeer Beef Kibbeh 400gm,CBK,BEEF KIBBEH 400,v2_rule_generated_v1,VERIFIED_CORRECT,,,"Best of all 237 SKUs on name similarity (94.9, margin +24.4); no attribute conflict; pack compatible.",deterministic,VERIFIED_CORRECT,"Offer 'Beef Kibbeh 400gm' matches CBK BEEF KIBBEH 400 (400 Gms x 12 Pkts) exactly - name=95, rank 1/237, pack compatible, cat_ok=1 - while the lamb and chicken kibbeh contenders (CLK, CLKA, CKK) all carry prot=0 against the stated beef.",0,237,,,False,False,False,False
660,Al Kabeer Breaded Fish Fillet 1 Kilo,CFBFA,BREADED FISH FILLET BULK,v2_rule_generated_v1,INCORRECT,CFBF,BREADED FISH FILLET,"CFBF (BREADED FISH FILLET) is superior: assigned SKU is over-specific: it adds 1 word(s) the offer never states, the replacement adds none. Offer words covered by replacement=['breaded', 'fillet', 'fish'] vs assigned=['breaded', 'fillet', 'fish']; over-specific words replacement=0 vs assigned=1; name similarity 96.1 vs 87.0 (+9.2); protein=1 family=1 pack=unknown; spec '330 Gms x 20 Pkts'. All 237 master SKUs were compared before selecting this replacement.",deterministic,VERIFIED_CORRECT,"Offer states '1 Kilo' and CFBFA is BREADED FISH FILLET BULK at 1 Kgs x 5 Pkts — exact identity (breaded fish fillet) plus exact declared size; the higher-name CFBF (96) is the 330 Gms retail pack, a different pack SKU that contradicts the stated 1 Kilo. prot=1 fam=1 var=1 cat_ok=1.",1,237,,,False,False,False,False
661,Al Kabeer Breaded Fish Fillets 330 gm,CFBF,BREADED FISH FILLET,v2_rule_generated_v1,VERIFIED_CORRECT,,,"Assigned SKU accounts for every distinguishing word in the offer (['breaded', 'fillet', 'fish']) and introduces none the offer does not state; protein/family/variant compatible, pack compatible; no superior SKU exists among all 237.",deterministic,VERIFIED_CORRECT,"CFBF (BREADED FISH FILLET, 330 Gms x 20 Pkts) is rank 1/237 on both name (98.3) and rule (73.8) with pack=compatible against the stated 330 gm; the bulk variant CFBFA is pack=INCOMPATIBLE and all chicken contenders are prot=0/cat_ok=0.",0,237,,,False,False,False,False
662,Al Kabeer Breaded Shrimps 1000 gm,CSBA,BREADED SHRIMPS BULK,v2_rule_generated_v1,CORRECT_BUT_LOW_CONFIDENCE,,,"No SKU among all 237 is objectively superior, but the assigned SKU is not a clear winner: offer words unaccounted for []; name rank 2/237 (95.2).",deterministic,VERIFIED_CORRECT,"Offer declares 1000 gm; CSBA (BREADED SHRIMPS BULK, 1 Kgs x 5 Pkts) is pack=compatible with name 95, while the near-tied CSB (name 96) is the 250 Gms pack and pack=INCOMPATIBLE. Protein (shrimps) and family PRAWNS-SHRIMPS both agree.",0,237,,,False,False,False,False
663,Alkabeer Seekh Beef Kebab 320 Gm,CKBS,8 BEEF SEEKH KEBAB,v2_rule_generated_v1,VERIFIED_CORRECT,,,"Assigned SKU accounts for every distinguishing word in the offer (['beef', 'kebab', 'seekh']) and introduces none the offer does not state; protein/family/variant compatible, pack compatible; no superior SKU exists among all 237.",deterministic,VERIFIED_CORRECT,"CKBS (8 BEEF SEEKH KEBAB, 320 Gms x 24 Pkts) is rank 1/237 on name (91.9) and rule, with prot=1 (beef vs beef), fam=1, and pack=compatible against the stated 320 Gm; the chicken seekh kebab twin CKCS is prot=0 and cat_ok=0.",0,237,,,False,False,False,False
664,Al Kabeer Jumbo Beef / Chicken Burgers 1kg,CKKBJ,JUMBO BREADED CHICKEN BURGER 100G BULK,v2_rule_generated_v1,CORRECT_BUT_LOW_CONFIDENCE,,,"No SKU among all 237 is objectively superior, but the assigned SKU is not a clear winner: offer words unaccounted for ['1kg', 'beef']; name rank 22/237 (69.7).",deterministic,CORRECT_BUT_LOW_CONFIDENCE,"MULTI_ENTITY_OFFER ('Jumbo Beef / Chicken Burgers 1kg'); assigned CKKBJ (JUMBO BREADED CHICKEN BURGER 100G BULK, 1000 GM X 6 PKTS) matches jumbo + chicken + 1kg with pack=compatible, but CKKB100B (CHARGRILLED JUMBO CHICKEN BURGERS, 1 kg x 6, name 77) is an equally defensible jumbo 1kg SKU since the offer states neither 'breaded' nor 'chargrilled'. Higher-name contenders (CKKB8, CKKB, CKKB24) are all pack=INCOMPATIBLE and non-jumbo.",0,237,,,False,False,False,True
665,Al Kabeer Burger Beef Onion 24'S,CBBO24,24 BEEF BURGERS,v2_rule_generated_v1,INCORRECT,CBBOT,TAYEBAT BEEF BURGERS ONION BULK,"CBBOT (TAYEBAT BEEF BURGERS ONION BULK) is superior: covers strictly more of the offer's own wording (['beef', 'burger', 'onion'] vs ['beef', 'burger']). Offer words covered by replacement=['beef', 'burger', 'onion'] vs assigned=['beef', 'burger']; over-specific words replacement=2 vs assigned=0; name similarity 71.4 vs 66.1 (+5.3); protein=1 family=0 pack=unknown; spec '1 Kgs x 9 Pkts'. All 237 master SKUs were compared before selecting this replacement.",deterministic,VERIFIED_CORRECT,"Offer's ""24'S"" piece count is decisive and CBBO24 is literally '24 BEEF BURGERS' (1.2 Kgs x 8 Pkts) with prot=1 and cat_ok=1; the higher-name contenders introduce unstated sub-brands (CBBOT = TAYEBAT, CBBAGPR = AK PRO) or the wrong count (CBBO = 4 burgers, CBBOA = bulk). fam=0 here is the known family-flag artifact, not a real contradiction.",1,237,family_contradiction,,False,False,False,False
666,Al Kabeer Chicken /Beef Burger 200 gm,CKKB,4 CHICKEN BURGERS,v2_rule_generated_v1,CORRECT_BUT_LOW_CONFIDENCE,,,"Assigned SKU carries rule defect(s) ['family_contradiction'], but no SKU among all 237 is objectively superior, so no replacement is justified.",deterministic,VERIFIED_CORRECT,"Multi-entity 'Chicken /Beef Burger 200 gm' with runtime_category=Chicken; CKKB (4 CHICKEN BURGERS, 200 Gms x 30 Pkts) is the only chicken burger SKU with pack=compatible at the stated 200 gm — every other chicken burger contender (CKBB 400g, CKKB8 400g, CKCKB 840g, CKKB24 1.2kg, CKBT 1kg) is pack=INCOMPATIBLE. fam=0 is the known artifact.",0,237,family_contradiction,,False,False,False,False
667,Al Kabeer Beef Franks 454gm,CFB,BEEF FRANKS,v2_rule_generated_v1,VERIFIED_CORRECT,,,"Best of all 237 SKUs on name similarity (100.0, margin +39.7); no attribute conflict; pack compatible.",deterministic,VERIFIED_CORRECT,"CFB (BEEF FRANKS, 454 Gms x 20 Pkts) scores name=100.0, rank 1/237 on both metrics, prot=1, fam=1, pack=compatible against the stated 454gm; the next contender is 40 points behind and a different product (BEEF CUBES).",0,237,,,False,False,False,False
668,Alkabheer Potato hashbrown,VHBPA,HASH BROWN,v2_synthetic_by_construction,INCORRECT,VPB,POTATO BITES,VPB (POTATO BITES) is superior: covers strictly more of the offer's own wording (['potato'] vs []). Offer words covered by replacement=['potato'] vs assigned=[]; over-specific words replacement=1 vs assigned=2; name similarity 62.0 vs 57.5 (+4.5); protein=1 family=1 pack=unknown; spec '1 Kgs x 10 Pkts'. All 237 master SKUs were compared before selecting this replacement.,deterministic,CORRECT_BUT_LOW_CONFIDENCE,"Product identity (hashbrown) matches VHBPA (HASH BROWN) and cat_ok=1, but VHBP (HASH BROWNS, 2.5 kg x 4, name 55) is the same product in a different pack and the offer declares no weight, so the size is unresolvable. VPB (POTATO BITES) has a higher name (62) only via the shared 'Potato' token and is a different product.",1,237,,,False,False,False,False
669,Al Kaber Potato hashbrown,VHBPA,HASH BROWN,v2_synthetic_by_construction,INCORRECT,VPB,POTATO BITES,VPB (POTATO BITES) is superior: covers strictly more of the offer's own wording (['potato'] vs []). Offer words covered by replacement=['potato'] vs assigned=[]; over-specific words replacement=1 vs assigned=2; name similarity 60.7 vs 58.2 (+2.4); protein=1 family=1 pack=unknown; spec '1 Kgs x 10 Pkts'. All 237 master SKUs were compared before selecting this replacement.,deterministic,CORRECT_BUT_LOW_CONFIDENCE,"Same offer content as row 668: VHBPA (HASH BROWN) matches the hashbrown identity and is rank 1/237 on rule, but VHBP (HASH BROWNS, 2.5 kg x 4, name 56) is the same product at a different pack size and the offer states no weight, leaving the pack choice genuinely undetermined.",1,237,,,False,False,False,False
670,AL KABBER CHICKEN frank 300gm X 2,VKCCSC,Chicken Cocktail  Frank 300 G  x 24,v2_synthetic_by_construction,CORRECT_BUT_LOW_CONFIDENCE,,,"No SKU among all 237 is objectively superior, but the assigned SKU is not a clear winner: offer words unaccounted for ['300gm']; name rank 3/237 (63.6).",deterministic,VERIFIED_CORRECT,"Offer declares 300gm; VKCCSC (Chicken Cocktail Frank 300 G x 24) is pack=compatible and in fam4=SAUSAGES, while the higher-name VFDC (Chicken Frank 340 G) is pack=INCOMPATIBLE — a 340g vs 300g conflict is a genuine different-SKU distinction under the size rule.",0,237,,,False,False,False,False
671,Al Kaber Chiken frank (300 gm),VKCCSC,Chicken Cocktail  Frank 300 G  x 24,v2_synthetic_by_construction,CORRECT_BUT_LOW_CONFIDENCE,,,"No SKU among all 237 is objectively superior, but the assigned SKU is not a clear winner: offer words unaccounted for []; name rank 19/237 (54.5).",deterministic,VERIFIED_CORRECT,"Offer explicitly states (300 gm); VKCCSC (Chicken Cocktail Frank 300 G x 24) is the only chicken frank SKU with pack=compatible, whereas VFDC (Chicken Frank 340 G, name 65) is pack=INCOMPATIBLE. The depressed name score (54.5) is driven by the 'Chiken'/'Al Kaber' misspellings, not by an identity disagreement.",0,237,,,False,False,False,False
672,Alkabheer Strawberries pulp,VMP,MANGO PULP NEW,v2_synthetic_by_construction,CORRECT_BUT_LOW_CONFIDENCE,,,"No SKU among all 237 is objectively superior, but the assigned SKU is not a clear winner: offer words unaccounted for ['strawberrie']; name rank 17/237 (43.7).",deterministic,INCORRECT,"The offer is 'Strawberries pulp' but the assigned VMP is MANGO PULP — a different fruit, i.e. a product identity mismatch; VSB (STRAWBERRIES, Fruits, cat_ok=1) scores name=87 versus the assigned 43.7 (rank 17/237) and matches the named fruit exactly. VSBAPR is rejected because the AK PRO sub-brand is not in the offer.",0,237,,,False,False,False,False
673,Alkaberer Mango pulp,VMP,MANGO PULP NEW,v2_synthetic_by_construction,VERIFIED_CORRECT,,,"Assigned SKU accounts for every distinguishing word in the offer (['mango', 'pulp']) and introduces none the offer does not state; protein/family/variant compatible, pack unknown; no superior SKU exists among all 237.",deterministic,VERIFIED_CORRECT,"VMP (MANGO PULP NEW) is rank 1/237 on both name (75.2) and rule (50.4) for the offer 'Mango pulp', with exact fruit and form agreement; the runner-up VMS is MANGO SLICES, a different form, 20 name points behind.",0,237,,,False,False,False,False
674,AL KABBER Blueberries slices,VMS,MANGO SLICES,v2_synthetic_by_construction,CORRECT_BUT_LOW_CONFIDENCE,,,"No SKU among all 237 is objectively superior, but the assigned SKU is not a clear winner: offer words unaccounted for ['blueberrie']; name rank 2/237 (60.1).",deterministic,INCORRECT,"The offer names Blueberries but the assigned VMS is MANGO SLICES — wrong fruit entirely; VBLUD (BLUEBERRIES 350GM, Fruits, cat_ok=1) leads the slate at name=68 versus the assigned 60.1 and matches the stated fruit. VBLU (BLUEBERRY, name 58) is the same fruit but scores lower.",0,237,,,False,False,False,False
675,Al kbeer Blueberries slices,VMS,MANGO SLICES,v2_synthetic_by_construction,CORRECT_BUT_LOW_CONFIDENCE,,,"No SKU among all 237 is objectively superior, but the assigned SKU is not a clear winner: offer words unaccounted for ['blueberrie']; name rank 2/237 (60.5).",deterministic,INCORRECT,"Same defect as row 674: offer is 'Blueberries slices' yet the assigned VMS is MANGO SLICES, a different fruit; VBLUD (BLUEBERRIES 350GM) tops the slate at name=68 against the assigned 60.5 and is in the same Fruits category with cat_ok=1.",0,237,,,False,False,False,False
676,AL KABBER cheese cube,VPAN,PANEER CUBES,v2_synthetic_by_construction,CORRECT_BUT_LOW_CONFIDENCE,,,"No SKU among all 237 is objectively superior, but the assigned SKU is not a clear winner: offer words unaccounted for ['cheese']; name rank 2/237 (55.7).",deterministic,CORRECT_BUT_LOW_CONFIDENCE,"PANEER CUBES is the only cheese-in-cube SKU on the slate (BC40 at the same name=56 is BEEF cubes; every other cheese contender is a samosa/stick/nugget, a different product), so VPAN is the right identity — but the offer declares no weight and VPAN500 (PANEER CUBES 500, name 52) is the same product in another pack, leaving the size unresolved.",0,237,,,False,False,False,False
677,Alkabeers Cheese cube,VPAN,PANEER CUBES,v2_synthetic_by_construction,CORRECT_BUT_LOW_CONFIDENCE,,,"No SKU among all 237 is objectively superior, but the assigned SKU is not a clear winner: offer words unaccounted for ['cheese']; name rank 19/237 (50.0).",deterministic,CORRECT_BUT_LOW_CONFIDENCE,"VPAN sits at rank 19/237 (name 50) below BC40 (72, but BEEF cubes) and several cheese samosa/stick SKUs (different products), so PANEER CUBES is still the best identity for 'Cheese cube' — yet the assignment rests on a weak name signal with no size in the offer to separate it from VPAN500.",0,237,,,False,False,False,False
678,Alkabeers cheese cube,VPAN500,PANEER CUBES 500,v2_synthetic_by_construction,CORRECT_BUT_LOW_CONFIDENCE,,,"No SKU among all 237 is objectively superior, but the assigned SKU is not a clear winner: offer words unaccounted for ['cheese']; name rank 22/237 (47.0).",deterministic,CORRECT_BUT_LOW_CONFIDENCE,"VPAN500 (PANEER CUBES 500) is the only paneer/cheese-cube SKU present on this slate and is therefore the most plausible choice, but the offer text is identical to rows 676/677 which were labelled VPAN (200 gm) — the same offer maps to two different pack sizes and the offer declares no weight to arbitrate. name=47 at rank 22/237 is weak.",0,237,,,False,False,False,False
679,Alkaberer Potato bites,VPB,POTATO BITES,v2_synthetic_by_construction,VERIFIED_CORRECT,,,"Assigned SKU accounts for every distinguishing word in the offer (['bite', 'potato']) and introduces none the offer does not state; protein/family/variant compatible, pack unknown; no superior SKU exists among all 237.",deterministic,VERIFIED_CORRECT,"VPB (POTATO BITES) is rank 1/237 on both name (90.2) and rule (55.6) for the offer 'Potato bites', with exact product identity, cat2=Potato-Spl matching runtime_category=Potato and cat_ok=1; the next contender is 37 points behind and unrelated (MALABAR PARATHA).",0,237,,,False,False,False,False
680,AL-KABEEZ Potato bites,VPB,POTATO BITES,v2_synthetic_by_construction,VERIFIED_CORRECT,,,"Assigned SKU accounts for every distinguishing word in the offer (['bite', 'potato']) and introduces none the offer does not state; protein/family/variant compatible, pack unknown; no superior SKU exists among all 237.",deterministic,VERIFIED_CORRECT,"Offer 'Potato bites' matches VPB POTATO BITES verbatim; name=90 and rule=57 are both rank 1/237, cat2=Potato-Spl agrees with runtime_category=Potato, cat_ok=1, prot/fam/var all compatible. No other potato SKU in the slate is a 'bites' product.",0,237,,,False,False,False,False
681,Al kbeer paratha Parata 270gr,VPCR,Chocolate Paratha 270 g. x 24,v2_synthetic_by_construction,CORRECT_BUT_LOW_CONFIDENCE,,,"No SKU among all 237 is objectively superior, but the assigned SKU is not a clear winner: offer words unaccounted for ['270gr']; name rank 9/237 (46.8).",deterministic,CORRECT_BUT_LOW_CONFIDENCE,"The offer states '270gr' and VPCR (270 Gms x 24) is the only paratha SKU at 270 g - every other paratha in the slate is 400 g or 1200 g - so the declared size uniquely selects the assigned SKU. Confidence is limited because the text carries no chocolate/sweet token and plain-paratha contenders outscore it on name (VPMR 67, VPR 61 vs 47).",0,237,,,False,False,False,False
682,Alkabheer Parathas paratha,VPCR,Chocolate Paratha 270 g. x 24,v2_synthetic_by_construction,CORRECT_BUT_LOW_CONFIDENCE,,,"No SKU among all 237 is objectively superior, but the assigned SKU is not a clear winner: offer words unaccounted for []; name rank 7/237 (47.3).",deterministic,INCORRECT,"Offer text is unqualified ('Parathas paratha') with no size, flavour or sub-brand token, yet the assigned VPCR is a Chocolate Paratha - a distinct sweet variant. VPR PLAIN PARATHA is the plain-identity default, is in the same Dough/PARATHA family with cat_ok=1, and outscores the assigned SKU on the most reliable signal (name 66 vs 47, rule 51 vs 41).",0,237,,,False,False,False,False
683,AL-KABEEZ Paratha Paratha,VPMR,MALABAR PARATHA,v2_synthetic_by_construction,CORRECT_BUT_LOW_CONFIDENCE,,,"Best of all 237 SKUs on name similarity (73.6, margin +5.5); no attribute conflict; pack unknown.",deterministic+agent_downgrade,CORRECT_BUT_LOW_CONFIDENCE,"VPMR MALABAR PARATHA is rank 1/237 on both name (74) and rule (54) with cat_ok=1 and no contradicting flags, but the offer 'Paratha Paratha' is vague - no size, style or sub-brand stated - so VPR (68), VRTP (62) and VPRW (60) are each nearly as defensible; the Malabar style is not asserted anywhere in the text.",0,237,,,False,False,False,False
684,Alkabheer paratha PARATHA,VPMR,MALABAR PARATHA,v2_synthetic_by_construction,CORRECT_BUT_LOW_CONFIDENCE,,,"Best of all 237 SKUs on name similarity (75.7, margin +7.6); no attribute conflict; pack unknown.",deterministic+agent_downgrade,CORRECT_BUT_LOW_CONFIDENCE,"Same vague construction ('paratha PARATHA'): assigned VPMR leads on name (76, rank 1/237) and rule (54, rank 1/237) with cat_ok=1 and all compatibility flags green, but the Malabar variant is unstated and VPR (68) / VRTP (61) / VPRW (60) remain plausible alternates for an unqualified paratha.",0,237,,,False,False,False,False
685,AL KABBER Parata Paratha Non spicy,VPR,PLAIN PARATHA,v2_synthetic_by_construction,CORRECT_BUT_LOW_CONFIDENCE,,,"No SKU among all 237 is objectively superior, but the assigned SKU is not a clear winner: offer words unaccounted for ['nonspicy']; name rank 2/237 (60.6).",deterministic,VERIFIED_CORRECT,"Offer 'Parata Paratha Non spicy' describes an unflavoured paratha; VPR PLAIN PARATHA is the plain/non-spicy paratha SKU, cat2=Dough matches runtime_category=Dough, cat_ok=1, rule rank 1/237 and name 61 essentially tied with VPMR (65) whose Malabar style is not stated. The 'non spicy' token supports plain over any spiced or flavoured line.",0,237,,,False,False,False,False
686,Al Kaber PARATHA Parathas Non Spicy,VPR,PLAIN PARATHA,v2_synthetic_by_construction,CORRECT_BUT_LOW_CONFIDENCE,,,"No SKU among all 237 is objectively superior, but the assigned SKU is not a clear winner: offer words unaccounted for ['nonspicy']; name rank 2/237 (61.7).",deterministic,VERIFIED_CORRECT,"Offer 'PARATHA Parathas Non Spicy' maps to the plain paratha line; VPR PLAIN PARATHA has name 62 / rule 52 (rank 2/237 both), cat_ok=1, prot/fam/var compatible, and 'non spicy' aligns with the plain variant rather than the Malabar or tortilla hot-n-spicy SKUs.",0,237,,,False,False,False,False
687,Alkabeers Parata Parata,VPRW,PARATHA ROLL WHEAT,v2_synthetic_by_construction,CORRECT_BUT_LOW_CONFIDENCE,,,"No SKU among all 237 is objectively superior, but the assigned SKU is not a clear winner: offer words unaccounted for []; name rank 4/237 (60.4).",deterministic,CORRECT_BUT_LOW_CONFIDENCE,"Offer 'Parata Parata' is vague with no size, grain or style token, so the whole paratha cluster is bunched (VPR 69, VPMR 64, VRTP 63, assigned VPRW 60, VPRP 60). VPRW is a genuine paratha in Dough with cat_ok=1, but the 'wheat roll' variant is not asserted in the text and it sits only rank 4/237.",0,237,,,False,False,False,False
688,ALKABEEER paratha Parata,VPRW,PARATHA ROLL WHEAT,v2_synthetic_by_construction,CORRECT_BUT_LOW_CONFIDENCE,,,"No SKU among all 237 is objectively superior, but the assigned SKU is not a clear winner: offer words unaccounted for []; name rank 4/237 (57.8).",deterministic,CORRECT_BUT_LOW_CONFIDENCE,"Same unqualified 'paratha Parata' text; assigned VPRW is family-correct (Dough / PARATHA-WRAPS, cat_ok=1, all flags compatible) but ranks 4/237 on name (58) behind VPMR (72) and VPR (65), and the wheat-roll variant is unstated - a near-tie among plain paratha SKUs rather than a clear error.",0,237,,,False,False,False,False
689,AL KABBER vegetable Samosa,VPS,PUNJABI SAMOSA,v2_synthetic_by_construction,INCORRECT,CVSA,12 VEGETABLE SAMOSAS,"CVSA (12 VEGETABLE SAMOSAS) is superior: covers strictly more of the offer's own wording (['samosa', 'vegetable'] vs ['samosa']). Offer words covered by replacement=['samosa', 'vegetable'] vs assigned=['samosa']; over-specific words replacement=0 vs assigned=1; name similarity 79.9 vs 59.0 (+20.9); protein=1 family=1 pack=unknown; spec '240 Gms x 20 Pkts'. All 237 master SKUs were compared before selecting this replacement.",deterministic,INCORRECT,"The offer explicitly names 'vegetable Samosa' but VPS is PUNJABI SAMOSA - a different samosa line - and it scores name 59 / rule 38 (rank 6 and 9 of 237). CVSA '12 VEGETABLE SAMOSAS' matches the stated product identity literally at name 80 / rule 60, with no sub-brand (AK PRO) or BULK token in the offer to justify CVSAPR or CVSAA. The assigned pair also has cat_ok=0, so the deployed candidate generator could never surface it.",4,237,,category_gate_unreachable,False,False,True,False
690,AL KABBER vegetable SAMOSAS,VPS,PUNJABI SAMOSA,v2_synthetic_by_construction,INCORRECT,CVSA,12 VEGETABLE SAMOSAS,"CVSA (12 VEGETABLE SAMOSAS) is superior: covers strictly more of the offer's own wording (['samosa', 'vegetable'] vs ['samosa']). Offer words covered by replacement=['samosa', 'vegetable'] vs assigned=['samosa']; over-specific words replacement=0 vs assigned=1; name similarity 87.7 vs 52.3 (+35.4); protein=1 family=1 pack=unknown; spec '240 Gms x 20 Pkts'. All 237 master SKUs were compared before selecting this replacement.",deterministic,INCORRECT,"Offer 'vegetable SAMOSAS' matches CVSA '12 VEGETABLE SAMOSAS' almost exactly (name 88, rule 62, fam=1), whereas assigned VPS PUNJABI SAMOSA is a different product line scoring name 52 / rank 15 of 237 with fam=0 (family contradiction) and cat_ok=0, making the label unreachable at inference. No bulk or AK PRO token in the offer favours CVSAA/CVSAPR over the plain retail CVSA.",4,237,family_contradiction,category_gate_unreachable,False,False,True,False
691,Al Kabee Parata paratha Non-Spicy,VRTP,TAY. PARATHA PLAIN,v2_synthetic_by_construction,CORRECT_BUT_LOW_CONFIDENCE,,,"No SKU among all 237 is objectively superior, but the assigned SKU is not a clear winner: offer words unaccounted for ['kabee', 'nonspicy']; name rank 3/237 (59.4).",deterministic,CORRECT_BUT_LOW_CONFIDENCE,"VRTP is a plain paratha consistent with 'Parata paratha Non-Spicy' (Dough, cat_ok=1, all flags compatible), but it belongs to the TAYEBAT sub-brand which the offer never mentions, and it is in a virtual tie with the non-sub-branded VPR PLAIN PARATHA (name 61 vs 59) and VPMR (65). The sub-brand choice is unsupported by the text.",0,237,,,False,False,False,False
692,AL-KABEEZ Paratha paratha Non spicy,VRTP,TAY. PARATHA PLAIN,v2_synthetic_by_construction,CORRECT_BUT_LOW_CONFIDENCE,,,"No SKU among all 237 is objectively superior, but the assigned SKU is not a clear winner: offer words unaccounted for ['nonspicy']; name rank 3/237 (57.8).",deterministic,CORRECT_BUT_LOW_CONFIDENCE,"Same situation: assigned VRTP (TAY. PARATHA PLAIN) is family- and variant-consistent with 'Paratha paratha Non spicy' and cat_ok=1, but the TAYEBAT sub-brand is absent from the offer and VPR PLAIN PARATHA (name 62) and VPMR (64) edge it out on the strongest text signal (58, rank 3/237).",0,237,,,False,False,False,False
693,Alkabheer Potato wedge,VSW,SEASONED WEDGES,v2_synthetic_by_construction,CORRECT_BUT_LOW_CONFIDENCE,,,"No SKU among all 237 is objectively superior, but the assigned SKU is not a clear winner: offer words unaccounted for ['potato']; name rank 2/237 (54.7).",deterministic,VERIFIED_CORRECT,"The offer says 'Potato wedge' and VSW SEASONED WEDGES is the only wedges SKU in the master; product identity beats the slightly higher name score of VPB POTATO BITES (62 vs 55), which is a different potato product. cat2=Potato-Spl agrees with runtime_category=Potato and cat_ok=1.",0,237,,,False,False,False,False
694,Al Kabee Potato wedge,VSW,SEASONED WEDGES,v2_synthetic_by_construction,CORRECT_BUT_LOW_CONFIDENCE,,,"No SKU among all 237 is objectively superior, but the assigned SKU is not a clear winner: offer words unaccounted for ['kabee', 'potato']; name rank 3/237 (55.6).",deterministic,VERIFIED_CORRECT,"'Potato wedge' maps to VSW SEASONED WEDGES on exact product identity (wedges), the sole wedges SKU; the higher-scoring VPB POTATO BITES is a distinct product, and BTS BEEF TOPSIDE has cat_ok=0. Assigned pair is Potato-Spl with cat_ok=1 and all compatibility flags green.",0,237,,,False,False,False,False
695,Alkaberer paratha tortilla Spicy,VTOR,"TORTILLA WRAPS HOT  N  SPICY 10.5""",v2_synthetic_by_construction,CORRECT_BUT_LOW_CONFIDENCE,,,"No SKU among all 237 is objectively superior, but the assigned SKU is not a clear winner: offer words unaccounted for ['paratha']; name rank 8/237 (53.6).",deterministic,CORRECT_BUT_LOW_CONFIDENCE,"Offer 'tortilla Spicy' correctly selects a hot-n-spicy tortilla wrap and the assigned VTOR is rank 2/237 on rule with cat_ok=1, but VTOR (10.5"", 875 g) and VTORS (8"", 570 g) are the same product differing only in a size the offer never states, and VTORS leads on name (61 vs 54).",0,237,,,False,False,False,False
696,Al Kabee Parata tortilla Hot & Spicy,VTOR,"TORTILLA WRAPS HOT  N  SPICY 10.5""",v2_synthetic_by_construction,CORRECT_BUT_LOW_CONFIDENCE,,,"No SKU among all 237 is objectively superior, but the assigned SKU is not a clear winner: offer words unaccounted for ['kabee', 'paratha']; name rank 2/237 (67.3).",deterministic,CORRECT_BUT_LOW_CONFIDENCE,"'tortilla Hot & Spicy' matches the hot-n-spicy tortilla wrap line exactly (VTOR name 67 / rule 56, rank 2/237, cat_ok=1), but the offer declares no size, leaving VTORS 8"" (name 71) and VTOR 10.5"" as an unresolvable size tie between identical products.",0,237,,,False,False,False,False
697,ALKABEEER Chkn frank,VFKJC,Chicken jumbo Hot Dogs 400 g x  24,v2_synthetic_by_construction,INCORRECT,VFDC,Chicken Frank 340 G  x 24,"VFDC (Chicken Frank 340 G  x 24) is superior: covers strictly more of the offer's own wording (['chicken', 'frank'] vs ['chicken']). Offer words covered by replacement=['chicken', 'frank'] vs assigned=['chicken']; over-specific words replacement=0 vs assigned=3; name similarity 53.5 vs 27.0 (+26.5); protein=1 family=1 pack=unknown; spec '340 gm x 24 Pkts'. All 237 master SKUs were compared before selecting this replacement.",deterministic,INCORRECT,"Offer 'Chkn frank' names a chicken frank with no size and no 'jumbo' token, yet the assigned VFKJC (Chicken jumbo Hot Dogs 400 g x 24) ranks 219/237 on name (27) and 228/237 on rule. VFDC 'Chicken Frank 340 G x 24' is a literal product-name match at name 54 / rule 34 with cat_ok=1 and correct chicken protein, and it beats the beef-protein CFB BEEF FRANKS on protein grounds.",2,237,,,False,False,False,False
698,Al Kaber Chckn frank 400g,VFKJC,Chicken jumbo Hot Dogs 400 g x  24,v2_synthetic_by_construction,INCORRECT,CKN400,CHICKEN NUGGETS (400G),"CKN400 (CHICKEN NUGGETS (400G)) is superior: covers strictly more of the offer's own wording (['400g', 'chicken'] vs ['chicken']). Offer words covered by replacement=['400g', 'chicken'] vs assigned=['chicken']; over-specific words replacement=1 vs assigned=3; name similarity 44.7 vs 36.9 (+7.7); protein=1 family=1 pack=compatible; spec '400 Gms x 12 Pkts'. All 237 master SKUs were compared before selecting this replacement.",deterministic,VERIFIED_CORRECT,"The offer declares 400 g, which is pack=compatible with the assigned VFKJC (400 g x 24 / 400 gm x 20 Pkts) while making the otherwise better-named VFDC Chicken Frank 340 g pack=INCOMPATIBLE, as it does for VKCCSC 300 g. Chicken frank and chicken hot dog are the same SAUSAGES family and protein, and the assigned SKU is the only chicken frank/hot-dog item at the stated 400 g with cat_ok=1.",1,237,,,False,False,False,False
699,Al Kaber Chkn frank,VFKJ,CHICKEN JUMBO HOT DOGS,v2_synthetic_by_construction,INCORRECT,VFDC,Chicken Frank 340 G  x 24,"VFDC (Chicken Frank 340 G  x 24) is superior: covers strictly more of the offer's own wording (['chicken', 'frank'] vs ['chicken']). Offer words covered by replacement=['chicken', 'frank'] vs assigned=['chicken']; over-specific words replacement=0 vs assigned=3; name similarity 58.0 vs 35.1 (+22.9); protein=1 family=1 pack=unknown; spec '340 gm x 24 Pkts'. All 237 master SKUs were compared before selecting this replacement.",deterministic,INCORRECT,"Offer 'Chkn frank' states neither a size nor 'jumbo', so the unqualified VFDC 'Chicken Frank 340 G x 24' is the literal identity match (name 58, rule 39, cat_ok=1, chicken protein), while assigned VFKJ CHICKEN JUMBO HOT DOGS adds an unstated jumbo variant and sits at name 35 / rank 160 of 237 and rule rank 83/237.",2,237,,,False,False,False,False
700,AL-KABEEZ CHICKEN frank,VFKJ,CHICKEN JUMBO HOT DOGS,v2_synthetic_by_construction,INCORRECT,VFDC,Chicken Frank 340 G  x 24,"VFDC (Chicken Frank 340 G  x 24) is superior: covers strictly more of the offer's own wording (['chicken', 'frank'] vs ['chicken']). Offer words covered by replacement=['chicken', 'frank'] vs assigned=['chicken']; over-specific words replacement=0 vs assigned=3; name similarity 69.4 vs 46.3 (+23.1); protein=1 family=1 pack=unknown; spec '340 gm x 24 Pkts'. All 237 master SKUs were compared before selecting this replacement.",deterministic,INCORRECT,"Offer literally says ""CHICKEN frank""; master contains VFDC ""Chicken Frank 340 G x 24"" (name=69, exact product-identity match), while assigned VFKJ is CHICKEN JUMBO HOT DOGS with name=46.3 and rank_name=114/237 and adds an unstated JUMBO variant plus a different item identity (hot dogs, not franks).",2,237,,,False,False,False,False
701,AL KABBER AK Pro vegetable Sambosa,CVSAPR,AK PRO VEGETABLE SAMOSA,v2_synthetic_by_construction,CORRECT_BUT_LOW_CONFIDENCE,,,"Assigned SKU accounts for every distinguishing word in the offer (['pro', 'samosa', 'vegetable']) and introduces none the offer does not state; protein/family/variant compatible, pack unknown; no superior SKU exists among all 237.",deterministic+agent_downgrade,CORRECT_BUT_LOW_CONFIDENCE,"Semantically the assignment is exact - ""AK Pro vegetable Sambosa"" vs AK PRO VEGETABLE SAMOSA, name=86.1 and rank 1/237 on both signals, and no competing SKU is better (next is generic VEGETABLE SAMOSAS BULK at 73). However cat_ok=0 (runtime_category=Veg vs master cat2=Dough) means the deployed candidate generator could never surface this pair, so the label is unreachable at inference; the only cat_ok=1 candidate, VVMV9 MIXED VEGETABLES 900, is not a defensible replacement.",0,237,,category_gate_unreachable,False,False,True,False
702,AL KABBER Veg spring rolls,CVSR,8 VEGETABLE SPRING ROLLS,v2_synthetic_by_construction,VERIFIED_CORRECT,,,"Assigned SKU accounts for every distinguishing word in the offer (['roll', 'spring', 'vegetable']) and introduces none the offer does not state; protein/family/variant compatible, pack unknown; no superior SKU exists among all 237.",deterministic,VERIFIED_CORRECT,"Offer ""Veg spring rolls"" matches CVSR 8 VEGETABLE SPRING ROLLS on both protein/base (vegetable, not the cheese CCSRA=72 or chicken CKSR=71 near-ties) and family SPRING ROLL; assigned is rank 1/237 on both name (73.0) and rule, with no size stated so the plain retail pack is the correct default over the BULK/TWIN PROMO variants.",0,237,,,False,False,False,False
703,AL-KABEEZ Veg spring rolls,CVSR,8 VEGETABLE SPRING ROLLS,v2_synthetic_by_construction,VERIFIED_CORRECT,,,"Assigned SKU accounts for every distinguishing word in the offer (['roll', 'spring', 'vegetable']) and introduces none the offer does not state; protein/family/variant compatible, pack unknown; no superior SKU exists among all 237.",deterministic,VERIFIED_CORRECT,"Same offer semantics as row 702 (""Veg spring rolls""); CVSR is tied top on name (73) with CCSRA but CCSRA is CHEESE, a different filling, and CKSR is CHICKEN - only CVSR matches the stated vegetable base with fam=1, cat_ok=1, and no size in the offer to favour the BULK or TWIN PROMO SKUs.",0,237,,,False,False,False,False
704,AL KABBER vegetable Spring Rolls 1120gm,CVSRA,VEGETABLE SPRING ROLLS BULK (5*1120G),v2_synthetic_by_construction,CORRECT_BUT_LOW_CONFIDENCE,,,"No SKU among all 237 is objectively superior, but the assigned SKU is not a clear winner: offer words unaccounted for []; name rank 3/237 (78.5).",deterministic,VERIFIED_CORRECT,"Offer explicitly states 1120gm, which matches CVSRA VEGETABLE SPRING ROLLS BULK (5*1120G) with pack=compatible; the higher-name contenders CVSR (92) and CVSRP (79) are both pack=INCOMPATIBLE at 280g and 560g, so the declared weight decisively selects the bulk SKU.",0,237,,,False,False,False,False
705,AL KABBER VEGETABLE Spring Roll 1120gr,CVSRA,VEGETABLE SPRING ROLLS BULK (5*1120G),v2_synthetic_by_construction,CORRECT_BUT_LOW_CONFIDENCE,,,"No SKU among all 237 is objectively superior, but the assigned SKU is not a clear winner: offer words unaccounted for []; name rank 2/237 (72.7).",deterministic,VERIFIED_CORRECT,"Offer states 1120gr, matching the 1.12 kg pack of CVSRA VEGETABLE SPRING ROLLS BULK (5*1120G) exactly; CVSR (280 Gms) and CVSRP (560 Gms) have higher raw name scores only because the bulk SKU's name carries extra tokens, and their declared weights conflict with the offer.",0,237,,,False,False,False,False
706,Al kbeer fish Fillets,FCD,CREAM DORI FISH FILLETS,v2_synthetic_by_construction,CORRECT_BUT_LOW_CONFIDENCE,,,"No SKU among all 237 is objectively superior, but the assigned SKU is not a clear winner: offer words unaccounted for []; name rank 2/237 (71.5).",deterministic,CORRECT_BUT_LOW_CONFIDENCE,"Offer ""fish Fillets"" is generic - no sub-brand, coating or size - so it is genuinely ambiguous among the plain commodity fillet SKUs FCD (72), FFW1 (68) and FSFT (64); the top-name contender FSAPR (78) carries the AK PRO sub-brand that the offer never states, and CFBF/CFBFA add an unstated BREADED coating, so assigned FCD is defensible but not uniquely determined.",0,237,,,False,False,False,False
707,AL-KABEEZ fish FILLETS,FCD,CREAM DORI FISH FILLETS,v2_synthetic_by_construction,CORRECT_BUT_LOW_CONFIDENCE,,,"No SKU among all 237 is objectively superior, but the assigned SKU is not a clear winner: offer words unaccounted for []; name rank 3/237 (69.0).",deterministic,CORRECT_BUT_LOW_CONFIDENCE,"Identical generic offer shape (""fish FILLETS"", no size/coating/sub-brand); FCD sits at name=69 within 3 points of FSAPR (72, AK PRO sub-brand not in offer), CFBF (70, BREADED not in offer) and FFW1 (68) - a near-tie among plain fish fillet SKUs where FCD is plausible but not objectively best.",0,237,,,False,False,False,False
708,Alkabheer Fish Fillets 1 kilo,FFW1,WHITE FISH FILLET 1KG,v2_synthetic_by_construction,CORRECT_BUT_LOW_CONFIDENCE,,,"No SKU among all 237 is objectively superior, but the assigned SKU is not a clear winner: offer words unaccounted for ['kilo']; name rank 3/237 (67.1).",deterministic,VERIFIED_CORRECT,"Offer declares ""1 kilo"", which matches FFW1 WHITE FISH FILLET 1KG (1kg X 10 Pkts) precisely; the higher-name contenders FSAPR and FSFT are 2 kg packs and also add the unstated AK PRO / TABARRUK sub-brands, and CFBF is a 330g breaded item, so the stated size resolves the ambiguity to FFW1.",0,237,,,False,False,False,False
709,AL KABBER FISH Fillet,FFW1,WHITE FISH FILLET 1KG,v2_synthetic_by_construction,CORRECT_BUT_LOW_CONFIDENCE,,,"No SKU among all 237 is objectively superior, but the assigned SKU is not a clear winner: offer words unaccounted for []; name rank 3/237 (69.9).",deterministic,CORRECT_BUT_LOW_CONFIDENCE,"Offer ""FISH Fillet"" states no size, coating or sub-brand; FFW1 (70) is essentially tied with FSFT (68) and beaten on raw name by FSAPR (79, AK PRO not stated) and CFBF (74, BREADED not stated). FFW1 is the most neutral plain white fish fillet and thus plausible, but the choice among commodity fillet SKUs is unresolvable from the text.",0,237,,,False,False,False,False
710,AL KABBER A.K PRO FISH FILLETS,FSAPR,AK PRO FISH FILLET,v2_synthetic_by_construction,VERIFIED_CORRECT,,,"Assigned SKU accounts for every distinguishing word in the offer (['fillet', 'fish', 'pro']) and introduces none the offer does not state; protein/family/variant compatible, pack unknown; no superior SKU exists among all 237.",deterministic,VERIFIED_CORRECT,"Offer explicitly names the sub-brand ""A.K PRO"" together with FISH FILLETS, matching FSAPR AK PRO FISH FILLET; assigned is rank 1/237 on both name (78.7) and rule (64.5) with prot=1, fam=1, cat_ok=1, and the next fish-fillet contender FCD (68) lacks the stated AK PRO line.",0,237,,,False,False,False,False
711,ALKABEEER AK Pro Fish fillets,FSAPR,AK PRO FISH FILLET,v2_synthetic_by_construction,VERIFIED_CORRECT,,,"Assigned SKU accounts for every distinguishing word in the offer (['fillet', 'fish', 'pro']) and introduces none the offer does not state; protein/family/variant compatible, pack unknown; no superior SKU exists among all 237.",deterministic,VERIFIED_CORRECT,"Offer states ""AK Pro Fish fillets"", an exact sub-brand plus product-identity match to FSAPR AK PRO FISH FILLET; rank 1/237 on both signals with name=84.4, a 14-point margin over the next fish fillet FCD (70), and the other AK PRO items (french fries, breaded chicken) are different products/proteins.",0,237,,,False,False,False,False
712,AL KABBER FISH FILLETS,FSFT,TABARRUK SUTCHI FISH FILLET,v2_synthetic_by_construction,CORRECT_BUT_LOW_CONFIDENCE,,,"No SKU among all 237 is objectively superior, but the assigned SKU is not a clear winner: offer words unaccounted for []; name rank 5/237 (65.7).",deterministic,CORRECT_BUT_LOW_CONFIDENCE,"Offer ""FISH FILLETS"" is generic with no size or coating, and the assigned FSFT carries the TABARRUK SUTCHI sub-brand/species that the offer never mentions; it ranks only 5/237 on name (65.7) in a tight band with FSAPR (77, AK PRO), FCD (70), CFBF (69, breaded) and FFW1 (68). Every alternative also introduces an unstated qualifier, so FSFT remains defensible but weakly supported.",0,237,,,False,False,False,False
713,Al Kabee FISH Fillet,FSFT,TABARRUK SUTCHI FISH FILLET,v2_synthetic_by_construction,CORRECT_BUT_LOW_CONFIDENCE,,,"No SKU among all 237 is objectively superior, but the assigned SKU is not a clear winner: offer words unaccounted for ['kabee']; name rank 5/237 (68.5).",deterministic,CORRECT_BUT_LOW_CONFIDENCE,"Generic ""FISH Fillet"" offer with no size, coating or brand; FSFT (68.5, rank 5/237) trails CFBF (77, adds unstated BREADED), FSAPR (76, adds unstated AK PRO), CFBFA (70) and FFW1 (70), and the assigned SKU itself adds the unstated TABARRUK SUTCHI qualifier - a genuine near-tie among commodity fish fillet SKUs rather than a clear error.",0,237,,,False,False,False,False
714,Alkabeers Mutton cube,MC40,MUTTON CUBES,v2_synthetic_by_construction,VERIFIED_CORRECT,,,"Best of all 237 SKUs on name similarity (93.2, margin +28.0); no attribute conflict; pack unknown.",deterministic,VERIFIED_CORRECT,"Offer ""Mutton cube"" maps directly onto MC40 MUTTON CUBES: name=93.2 and rank 1/237 on both signals, correct protein (mutton, vs BC40 BEEF CUBES which is prot=0), correct form (cubes, vs MRC RIB CHOPS at 65), and cat_ok=1 in Meat-Commodity.",0,237,,,False,False,False,False
715,Al Kaber Parata tortilla NON SPICY,VTORP,"TORTILLA WRAPS PLAIN 8""",v2_synthetic_by_construction,CORRECT_BUT_LOW_CONFIDENCE,,,"No SKU among all 237 is objectively superior, but the assigned SKU is not a clear winner: offer words unaccounted for ['nonspicy', 'paratha']; name rank 4/237 (53.4).",deterministic,CORRECT_BUT_LOW_CONFIDENCE,"The offer's ""NON SPICY"" correctly rules out the higher-name VTORS and VTOR HOT N SPICY wraps, leaving the PLAIN tortilla line, but the offer states no diameter so VTORP (8"", 570 gm, name 53) and VTORP10 (10.5"", 875 gm, name 50) are near-indistinguishable; the mixed wording ""Parata tortilla"" also leaves VRTP/VPR paratha SKUs partially in play.",0,237,,,False,False,False,False
716,AL KABBER Mutton cube,MC40,MUTTON CUBES,v2_synthetic_by_construction,VERIFIED_CORRECT,,,"Best of all 237 SKUs on name similarity (76.3, margin +21.8); no attribute conflict; pack unknown.",deterministic,VERIFIED_CORRECT,"Offer ""Mutton cube"" matches MC40 MUTTON CUBES on protein and form; assigned is rank 1/237 on both name (76.3) and rule (44.2) with a 22-point name margin over the next candidate, and the cube alternatives are PANEER (Veg, cat_ok=0) or BEEF CUBES (prot=0, wrong protein).",0,237,,,False,False,False,False
717,AL-KABEEZ chicken breast,VCB10A,BONELESS CHICKEN BREAST 10,v2_synthetic_by_construction,CORRECT_BUT_LOW_CONFIDENCE,,,"No SKU among all 237 is objectively superior, but the assigned SKU is not a clear winner: offer words unaccounted for []; name rank 2/237 (72.2).",deterministic,CORRECT_BUT_LOW_CONFIDENCE,"Offer ""chicken breast"" is a bare commodity phrase with no size, tenderness or spice qualifier; assigned VCB10A BONELESS CHICKEN BREAST 10 (name 72, 2 kg x 5) is a near-tie with CKMCB TENDER CHICKEN BREAST (name 81, 1 Kgs x 5) and CKTCB tray pack (72) - all the same Chicken-Commodity breast product differing in an unstated descriptor/size, so the 9-point name delta is too weak to flip.",0,237,,,False,False,False,False
718,AL KABBER AK PRO Potato fries 2.5 kilo,VF6APR,AK PRO French Fries 2.5 kg x 4 (6x6 MM),v2_synthetic_by_construction,CORRECT_BUT_LOW_CONFIDENCE,,,"No SKU among all 237 is objectively superior, but the assigned SKU is not a clear winner: offer words unaccounted for ['kilo', 'potato']; name rank 9/237 (49.3).",deterministic,CORRECT_BUT_LOW_CONFIDENCE,"Offer ""AK PRO Potato fries 2.5 kilo"" matches VF6APR on sub-brand and pack (2.5 kg x 4), but VFAPR AK PRO FRENCH FRIES BULK has the identical 2.5 kg x 4 spec and a higher name score (60 vs 49, assigned only rank 9/237); the offer states neither the 6x6 mm cut nor BULK, so the two AK PRO french fry SKUs are not separable from the text.",0,237,,,False,False,False,False
719,AL-KABEEZ AK Pro Potato fries 2.5 kg,VF6APR,AK PRO French Fries 2.5 kg x 4 (6x6 MM),v2_synthetic_by_construction,CORRECT_BUT_LOW_CONFIDENCE,,,"No SKU among all 237 is objectively superior, but the assigned SKU is not a clear winner: offer words unaccounted for ['potato']; name rank 6/237 (53.3).",deterministic,CORRECT_BUT_LOW_CONFIDENCE,"Same ambiguity as row 718: VF6APR (2.5 kg x 4, pack=compatible) is a plausible fit for ""AK Pro Potato fries 2.5 kg"", but VFAPR AK PRO FRENCH FRIES BULK is also pack=compatible with the same 2.5 kg x 4 spec and scores higher on name (60 vs 53), and VF6SAPR (salted & coated, 2.5 Kgs x 6) is likewise compatible - the offer gives no cut, coating or bulk indicator to choose between them.",0,237,,,False,False,False,False
720,ALKABEEER A.K PRO Potato fries (2.5 kg),VF6SAPR,AK PRO French Fries Salted & Coated 2.5 kg x 4 (6x6 MM),v2_synthetic_by_construction,CORRECT_BUT_LOW_CONFIDENCE,,,"No SKU among all 237 is objectively superior, but the assigned SKU is not a clear winner: offer words unaccounted for ['potato']; name rank 12/237 (49.8).",deterministic,CORRECT_BUT_LOW_CONFIDENCE,"Offer 'A.K PRO Potato fries (2.5 kg)' agrees with the assigned SKU on sub-brand (AK PRO), product identity (fries) and declared 2.5 kg (pack=compatible, cat_ok=1), but three AK PRO 2.5 kg fries SKUs are indistinguishable from this text: VFAPR (name=57), VF6APR (name=50) and the assigned VF6SAPR (name=50). The offer never states 'Salted & Coated', 'Bulk' or '6x6 MM', so the choice among them is unresolvable; VPB (name=68) is excluded because POTATO BITES is a different product identity.",0,237,,,False,False,False,False
721,Alkabeers A.K PRO Potato fries 2.5 kilo,VF6SAPR,AK PRO French Fries Salted & Coated 2.5 kg x 4 (6x6 MM),v2_synthetic_by_construction,CORRECT_BUT_LOW_CONFIDENCE,,,"No SKU among all 237 is objectively superior, but the assigned SKU is not a clear winner: offer words unaccounted for ['kilo', 'potato']; name rank 9/237 (49.7).",deterministic,CORRECT_BUT_LOW_CONFIDENCE,"Same construction as row 720: 'A.K PRO Potato fries 2.5 kilo' matches AK PRO + fries + 2.5 kg, but VFAPR (name=55) and VF6APR (name=52) are equally defensible AK PRO 2.5 kg fries and outscore the assigned VF6SAPR (name=50). No text supports the 'Salted & Coated' qualifier, and pack is 'unknown' so size cannot break the tie.",0,237,,,False,False,False,False
722,ALKABEEER Potato fries,VFA,FRENCH FRIES 2.5x4,v2_synthetic_by_construction,CORRECT_BUT_LOW_CONFIDENCE,,,"No SKU among all 237 is objectively superior, but the assigned SKU is not a clear winner: offer words unaccounted for ['potato']; name rank 29/237 (42.8).",deterministic,CORRECT_BUT_LOW_CONFIDENCE,"Offer is bare 'Potato fries' with no sub-brand, cut or size, so plain Al Kabeer FRENCH FRIES (assigned VFA, Potato, 2.5 kg x 4) is a defensible reading, but VFFA (FRENCH FRIES 1, 1 kg x 10, name=50) is the same product differing only in an unstated size; VPB (name=72) is higher only on token overlap and is POTATO BITES, a different product identity. Size is unresolvable (pack=unknown) and the row is flagged MULTI_ENTITY_OFFER.",0,237,,,False,False,False,False
723,Al kbeer AK PRO Potato fries,VFAPR,AK PRO FRENCH FRIES BULK,v2_synthetic_by_construction,CORRECT_BUT_LOW_CONFIDENCE,,,"No SKU among all 237 is objectively superior, but the assigned SKU is not a clear winner: offer words unaccounted for ['potato']; name rank 2/237 (60.3).",deterministic,VERIFIED_CORRECT,"Offer 'AK PRO Potato fries' names the AK PRO sub-brand and the fries identity; assigned VFAPR (AK PRO FRENCH FRIES BULK) is the plainest AK PRO fries SKU and ranks 1/237 on rule (50.2) and 2/237 on name (60.3), ahead of the other AK PRO fries variants VF6APR (54) and VF6SAPR (53) which carry unstated 6x6 MM / Salted & Coated qualifiers. prot=1 fam=1 var=1 cat_ok=1.",0,237,,,False,False,False,False
724,Al kbeer A/K Pro Potato fries,VFAPR,AK PRO FRENCH FRIES BULK,v2_synthetic_by_construction,CORRECT_BUT_LOW_CONFIDENCE,,,"No SKU among all 237 is objectively superior, but the assigned SKU is not a clear winner: offer words unaccounted for ['potato']; name rank 2/237 (56.2).",deterministic,VERIFIED_CORRECT,"Offer 'A/K Pro Potato fries' again gives sub-brand AK PRO plus fries with no cut or coating qualifier; assigned VFAPR is the top-scoring AK PRO fries SKU (name=56, rank_name 2/237, rank_rule 3/237) and beats the qualifier-bearing VF6APR (49) and VF6SAPR. Higher-scoring VPB is POTATO BITES, a different product.",0,237,,,False,False,False,False
725,AL KABBER chicken frank,VFDC,Chicken Frank 340 G  x 24,v2_synthetic_by_construction,VERIFIED_CORRECT,,,"Assigned SKU accounts for every distinguishing word in the offer (['chicken', 'frank']) and introduces none the offer does not state; protein/family/variant compatible, pack unknown; no superior SKU exists among all 237.",deterministic,VERIFIED_CORRECT,"Offer 'chicken frank' matches assigned VFDC (Chicken Frank 340 G x 24) exactly on product identity and protein; it is rank 1/237 on both name (69.4) and rule (54.7). The only other frank SKU, VKCCSC (Chicken Cocktail Frank 300 g, name=61), is a distinct cocktail-frank product the offer does not mention.",0,237,,,False,False,False,False
726,Al kbeer CHICKEN frank,VFDC,Chicken Frank 340 G  x 24,v2_synthetic_by_construction,VERIFIED_CORRECT,,,"Assigned SKU accounts for every distinguishing word in the offer (['chicken', 'frank']) and introduces none the offer does not state; protein/family/variant compatible, pack unknown; no superior SKU exists among all 237.",deterministic,VERIFIED_CORRECT,"Offer 'CHICKEN frank' maps to assigned VFDC (Chicken Frank 340 G x 24), rank 1/237 on name (71.3) and rule (54.9), prot=1 fam=1 var=1 cat_ok=1. Runner-ups CCF/CCFA are CHICKEN FRIES (different product) and VKCCSC is the distinct cocktail frank.",0,237,,,False,False,False,False
727,ALKABEEER Potato fries,VFFA,FRENCH FRIES 1,v2_synthetic_by_construction,CORRECT_BUT_LOW_CONFIDENCE,,,"No SKU among all 237 is objectively superior, but the assigned SKU is not a clear winner: offer words unaccounted for ['potato']; name rank 8/237 (50.5).",deterministic,CORRECT_BUT_LOW_CONFIDENCE,"Bare 'Potato fries' offer (MULTI_ENTITY_OFFER) with no size or cut; assigned VFFA (FRENCH FRIES 1, 1 kg x 10) is a plain Al Kabeer french-fries SKU and is defensible, but VFA (FRENCH FRIES 2.5x4) is the same product differing only in an unstated size, and pack=unknown cannot resolve it. VPB (name=72) is excluded as POTATO BITES is a different product identity.",0,237,,,False,False,False,False
728,Alkaberer Potato fries,VFFA,FRENCH FRIES 1,v2_synthetic_by_construction,CORRECT_BUT_LOW_CONFIDENCE,,,"No SKU among all 237 is objectively superior, but the assigned SKU is not a clear winner: offer words unaccounted for ['potato']; name rank 6/237 (52.4).",deterministic,CORRECT_BUT_LOW_CONFIDENCE,"Offer 'Potato fries' states no sub-brand, cut or weight; assigned VFFA (FRENCH FRIES 1) is the plain-Al-Kabeer fries reading (name=52.4, rank_name 6/237) and correctly avoids the AK PRO line (VFAPR) the offer never names, but it is separated from sibling VFA only by an unstated size, so the label is not verifiable from the text.",0,237,,,False,False,False,False
729,Alkabeers Potato fries (1 kg),VFFATC,Thin Cut French Fries 1 kg x 10 pkts,v2_synthetic_by_construction,CORRECT_BUT_LOW_CONFIDENCE,,,"No SKU among all 237 is objectively superior, but the assigned SKU is not a clear winner: offer words unaccounted for ['potato']; name rank 11/237 (47.5).",deterministic,CORRECT_BUT_LOW_CONFIDENCE,"Offer 'Potato fries (1 kg)' fixes the size, and assigned VFFATC (Thin Cut French Fries 1 kg x 10) is pack=compatible, but VFFA (FRENCH FRIES 1, identical 1 kg x 10 spec, name=49 vs assigned 48) is a virtual tie and the offer never says 'thin cut'. VPB scores higher (79) only on token overlap and is POTATO BITES, a different product, so it is not a valid replacement.",0,237,,,False,False,False,False
730,AL-KABEEZ Potato fries,VFFATC,Thin Cut French Fries 1 kg x 10 pkts,v2_synthetic_by_construction,CORRECT_BUT_LOW_CONFIDENCE,,,"No SKU among all 237 is objectively superior, but the assigned SKU is not a clear winner: offer words unaccounted for ['potato']; name rank 43/237 (40.0).",deterministic,CORRECT_BUT_LOW_CONFIDENCE,"Offer is a degenerate 'Potato fries' with a corrupted brand token; the assigned VFFATC is the weakest listed contender (name=40.0, rank_name 43/237, rank_rule 88/237) and adds an unstated 'Thin Cut' qualifier, while the plain VFFA (same 1 kg x 10 spec, name=49) is at least as good. The delta is only text-score noise on a size-less, cut-less offer, so the assignment is plausible but unverifiable rather than objectively wrong.",0,237,,,False,False,False,False
731,Al kbeer chicken breast,VCB10A,BONELESS CHICKEN BREAST 10,v2_synthetic_by_construction,CORRECT_BUT_LOW_CONFIDENCE,,,"No SKU among all 237 is objectively superior, but the assigned SKU is not a clear winner: offer words unaccounted for []; name rank 3/237 (73.7).",deterministic,CORRECT_BUT_LOW_CONFIDENCE,"Offer 'chicken breast' matches assigned VCB10A (BONELESS CHICKEN BREAST 10, 2 kg x 5) on protein, product identity and Chicken-Commodity category, but CKMCB (TENDER CHICKEN BREAST, name=85 vs 74) is the same product line differing only in the 'boneless'/'tender' descriptor and an unstated size (1 kg x 5 vs 2 kg x 5). The offer supplies no qualifier or weight to arbitrate, so this is a genuine near-tie.",0,237,,,False,False,False,False
732,Alkabheer Parata tortilla non spicy,VTORP10,TORTILLA WRAPS PLAIN 10.5 INCHES,v2_synthetic_by_construction,CORRECT_BUT_LOW_CONFIDENCE,,,"No SKU among all 237 is objectively superior, but the assigned SKU is not a clear winner: offer words unaccounted for ['nonspicy', 'paratha']; name rank 10/237 (49.2).",deterministic,CORRECT_BUT_LOW_CONFIDENCE,"'non spicy' rules out the higher-scoring VTORS (64) and VTOR (61) HOT N SPICY wraps, so assigned VTORP10 (TORTILLA WRAPS PLAIN 10.5 INCHES) has the correct variant, family (PARATHA-WRAPS) and Dough category. However VTORP (TORTILLA WRAPS PLAIN 8"", name=53 vs 49) is the identical plain product differing only in a size the offer never states.",0,237,,,False,False,False,False
733,Al kbeer paratha tortilla Hot & Spicy,VTORS,"TORTILLA WRAPS HOT  N  SPICY 8""",v2_synthetic_by_construction,CORRECT_BUT_LOW_CONFIDENCE,,,"Best of all 237 SKUs on name similarity (70.9, margin +3.9); no attribute conflict; pack unknown.",deterministic+agent_downgrade,CORRECT_BUT_LOW_CONFIDENCE,"Offer 'paratha tortilla Hot & Spicy' matches assigned VTORS (TORTILLA WRAPS HOT N SPICY 8"") on product identity, PARATHA-WRAPS family and the hot-and-spicy variant, and it ranks 1/237 on both name (70.9) and rule (58.5). The only reservation is VTOR (same HOT N SPICY wrap at 10.5"", name=67), which the size-less offer cannot exclude.",0,237,,,False,False,False,False
734,Al Kabee Parathas tortilla Hot & Spicy,VTORS,"TORTILLA WRAPS HOT  N  SPICY 8""",v2_synthetic_by_construction,CORRECT_BUT_LOW_CONFIDENCE,,,"Best of all 237 SKUs on name similarity (70.5, margin +3.8); no attribute conflict; pack unknown.",deterministic+agent_downgrade,CORRECT_BUT_LOW_CONFIDENCE,"Same as row 733: assigned VTORS is rank 1/237 on name (70.5) and rule (58.6) with matching spicy variant and wraps identity, but VTOR (HOT N SPICY 10.5"", name=67) differs only by an inch size the offer 'Parathas tortilla Hot & Spicy' does not declare, leaving the 8"" vs 10.5"" choice unresolved.",0,237,,,False,False,False,False
735,Al Kaber Potato fries,VWF,WAFFLE FRIES,v2_synthetic_by_construction,CORRECT_BUT_LOW_CONFIDENCE,,,"No SKU among all 237 is objectively superior, but the assigned SKU is not a clear winner: offer words unaccounted for ['potato']; name rank 2/237 (58.0).",deterministic,CORRECT_BUT_LOW_CONFIDENCE,"Offer 'Potato fries' gives no cut, size or sub-brand; assigned VWF (WAFFLE FRIES, Potato-Spl) is a potato-fry product and is the best-scoring true fries SKU here (name=58.0, rank_name 2/237, ahead of VFFA 49 and VFAPR 55 which carries an unstated AK PRO sub-brand). The 'waffle' cut is nonetheless not stated in the offer, and VPB (70) is POTATO BITES, a different product, so no contender is objectively better.",0,237,,,False,False,False,False
736,Al kbeer Potato fries,VWF,WAFFLE FRIES,v2_synthetic_by_construction,CORRECT_BUT_LOW_CONFIDENCE,,,"No SKU among all 237 is objectively superior, but the assigned SKU is not a clear winner: offer words unaccounted for ['potato']; name rank 2/237 (56.0).",deterministic,CORRECT_BUT_LOW_CONFIDENCE,"Identical situation to row 735: bare 'Potato fries' offer, assigned VWF (WAFFLE FRIES) holds rank_name 2/237 (56.0) with prot=1 fam=1 var=1 cat_ok=1 and outscores the plain VFFA (49), but the waffle cut is an unstated variant and the plain french-fries SKUs remain equally defensible.",0,237,,,False,False,False,False
737,AL KABEER Fish Fingers 300 GMS,CFS,FISH FINGERS 300,v2_synthetic_by_construction,VERIFIED_CORRECT,,,"Assigned SKU accounts for every distinguishing word in the offer (['finger', 'fish']) and introduces none the offer does not state; protein/family/variant compatible, pack compatible; no superior SKU exists among all 237.",deterministic,VERIFIED_CORRECT,"Offer 'Fish Fingers 300 GMS' matches assigned CFS (FISH FINGERS 300, 300 Gms x 20 Pkts) on product identity, Seafood category, STICKS & FINGERS family and declared weight (pack=compatible); it is rank 1/237 on name (95.2) and rule (65.2). Every fish-fillet contender is a different product and mostly pack=INCOMPATIBLE.",0,237,,,False,False,False,False
738,Al Kabeer Fish Fingers 300g,CFS,FISH FINGERS 300,v2_synthetic_by_construction,VERIFIED_CORRECT,,,"Best of all 237 SKUs on name similarity (95.2, margin +33.9); no attribute conflict; pack compatible.",deterministic,VERIFIED_CORRECT,"Offer 'Fish Fingers 300g' is an exact identity plus weight match to assigned CFS (FISH FINGERS 300, 300 Gms x 20), name=95.2 rank 1/237, pack=compatible, cat_ok=1. The next contenders (FISH MILK, fish fillets) are different products and their weights conflict with 300 g.",0,237,,,False,False,False,False
739,Al kabeer Fish Sticks 300g,CFS,FISH FINGERS 300,v2_synthetic_by_construction,CORRECT_BUT_LOW_CONFIDENCE,,,"No SKU among all 237 is objectively superior, but the assigned SKU is not a clear winner: offer words unaccounted for ['300g', 'stick']; name rank 13/237 (54.8).",deterministic,VERIFIED_CORRECT,"The literal-name rival CFSA (FISH STICKS BULK, name=94) is a 1 Kgs x 5 catering pack and is pack=INCOMPATIBLE with the offer's declared 300 g, and retail vs BULK are distinct SKUs by business rule; assigned CFS (FISH FINGERS 300) is in the same STICKS & FINGERS family and Seafood category, is rank 1/237 on rule (64.1) and is the only 300 g pack=compatible member of that family in the slate.",0,237,,,False,False,False,False
740,Al Kabeer's Fish Sticks 300gm,CFS,FISH FINGERS 300,v2_synthetic_by_construction,CORRECT_BUT_LOW_CONFIDENCE,,,"No SKU among all 237 is objectively superior, but the assigned SKU is not a clear winner: offer words unaccounted for ['300gm', 'stick']; name rank 13/237 (52.2).",deterministic,VERIFIED_CORRECT,"Offer states 300gm; CFS is the 300 Gms x 20 Pkts item in the same fam4 STICKS & FINGERS with pack=compatible, prot=1, cat_ok=1. The higher-name contender CFSA (name=86) is the 1 Kg BULK pack and is pack=INCOMPATIBLE with the declared 300gm, so size is decisive.",0,237,,,False,False,False,False
741,Al Kabeer's Fish Sticks Bulk 1 Kg,CFSA,FISH STICKS BULK,v2_synthetic_by_construction,VERIFIED_CORRECT,,,"Assigned SKU accounts for every distinguishing word in the offer (['bulk', 'fish', 'stick']) and introduces none the offer does not state; protein/family/variant compatible, pack compatible; no superior SKU exists among all 237.",deterministic,VERIFIED_CORRECT,"Exact identity, sub-line and size agreement: offer 'Fish Sticks Bulk 1 Kg' vs CFSA FISH STICKS BULK 1 Kgs x 5 Pkts, name=98 and rule=69 both rank 1/237, prot=1, pack=compatible, cat_ok=1. All higher-adjacent contenders are Chicken SKUs with prot=0 and cat_ok=0.",0,237,,,False,False,False,False
742,Al kabeer Fish Fingers Bulk 1 KG,CFSA,FISH STICKS BULK,v2_synthetic_by_construction,CORRECT_BUT_LOW_CONFIDENCE,,,"No SKU among all 237 is objectively superior, but the assigned SKU is not a clear winner: offer words unaccounted for ['finger']; name rank 3/237 (69.4).",deterministic,VERIFIED_CORRECT,"Offer declares Bulk 1 KG; CFSA is the only Seafood STICKS & FINGERS SKU at 1 Kgs x 5 Pkts (pack=compatible, fam=1, cat_ok=1). CFS scores higher on name (85) only because of the literal word 'Fingers', but it is the 300 Gms retail pack and is pack=INCOMPATIBLE; no separate FISH FINGERS BULK SKU exists.",0,237,,,False,False,False,False
743,AlKabeer Chicken Pop Corn,CKPC,CHICKEN POP-CORN,v2_synthetic_by_construction,VERIFIED_CORRECT,,,"Assigned SKU accounts for every distinguishing word in the offer (['chicken', 'popcorn']) and introduces none the offer does not state; protein/family/variant compatible, pack unknown; no superior SKU exists among all 237.",deterministic,VERIFIED_CORRECT,"Product identity matches exactly and CKPC is the plain-named base SKU (no size token in its name), matching an offer that declares no weight; name=81 ranks 1/237 with prot=1, fam=1, cat_ok=1. The 750 GMS variant CKPCDA is lower (72) and would require a size the offer never states.",0,237,,,False,False,False,False
744,Al-Kabeer Chicken Popcorn,CKPC,CHICKEN POP-CORN,v2_synthetic_by_construction,VERIFIED_CORRECT,,,"Assigned SKU accounts for every distinguishing word in the offer (['chicken', 'popcorn']) and introduces none the offer does not state; protein/family/variant compatible, pack unknown; no superior SKU exists among all 237.",deterministic,VERIFIED_CORRECT,"CKPC CHICKEN POP-CORN is a near-literal match to 'Chicken Popcorn' at name=95.6, rank 1/237, prot=1, cat_ok=1, and the offer states no weight so the base 400g SKU is the right default. fam=0 here is the documented POP-CORN/popcorn phrase-list artifact, not a genuine family conflict.",0,237,,,False,False,False,False
745,Al Kabeer's Chicken Popcorn,CKPC,CHICKEN POP-CORN,v2_synthetic_by_construction,VERIFIED_CORRECT,,,"Assigned SKU accounts for every distinguishing word in the offer (['chicken', 'popcorn']) and introduces none the offer does not state; protein/family/variant compatible, pack unknown; no superior SKU exists among all 237.",deterministic,VERIFIED_CORRECT,"Same construction as row 744: CKPC leads name at 92.9 rank 1/237 versus 79 for the 750g variant, prot=1, cat_ok=1, and no weight is declared so the base SKU is correct. fam=0 is the known POP-CORN normalization artifact.",0,237,,,False,False,False,False
746,ALKABEER Chicken Popcorn 750 grams,CKPCDA,CHICKEN POP-CORN 750 GMS,v2_synthetic_by_construction,VERIFIED_CORRECT,,,"Assigned SKU accounts for every distinguishing word in the offer (['chicken', 'popcorn']) and introduces none the offer does not state; protein/family/variant compatible, pack unknown; no superior SKU exists among all 237.",deterministic,VERIFIED_CORRECT,"Offer declares 750 grams and CKPCDA is spec 750 GMS X 8 PKT, an exact gramamge match; CKPC's marginally higher name (86 vs 84) comes only from being the shorter base string and it is the 400 Gms pack, which contradicts the stated size. prot=1, cat_ok=1; fam=0 is the POP-CORN artifact.",0,237,,,False,False,False,False
747,Al Kabeer Chicken Popcorn 750 gm,CKPCDA,CHICKEN POP-CORN 750 GMS,v2_synthetic_by_construction,VERIFIED_CORRECT,,,"Assigned SKU accounts for every distinguishing word in the offer (['chicken', 'popcorn']) and introduces none the offer does not state; protein/family/variant compatible, pack compatible; no superior SKU exists among all 237.",deterministic,VERIFIED_CORRECT,"Weight parsed here and confirms the split: CKPCDA is pack=compatible with the stated 750 gm while CKPC is pack=INCOMPATIBLE despite name=96. Identity (CHICKEN POP-CORN) and cat_ok=1 both hold, so the 750 GMS SKU is the correct one.",0,237,,,False,False,False,False
748,ALKABEEER paratha tortilla Non-Spicy,VTORP10,TORTILLA WRAPS PLAIN 10.5 INCHES,v2_synthetic_by_construction,CORRECT_BUT_LOW_CONFIDENCE,,,"No SKU among all 237 is objectively superior, but the assigned SKU is not a clear winner: offer words unaccounted for ['nonspicy', 'paratha']; name rank 13/237 (48.7).",deterministic,CORRECT_BUT_LOW_CONFIDENCE,"The offer's 'Non-Spicy' correctly rules out the higher-scoring VTORS/VTOR HOT N SPICY wraps, and fam4 PARATHA-WRAPS reconciles the odd 'paratha tortilla' wording, so a PLAIN TORTILLA WRAP is the right family and variant. But the offer declares no size and the two plain wraps, VTORP (8"", 570 gm, name=52) and the assigned VTORP10 (10.5"", 875 gm, name=49), are a near tie with VTORP actually scoring higher, so the size choice is unsupported.",0,237,,,False,False,False,False
749,Al-Kabeer Chicken Pop Corn 750 grams,CKPCDA,CHICKEN POP-CORN 750 GMS,v2_synthetic_by_construction,VERIFIED_CORRECT,,,"Assigned SKU accounts for every distinguishing word in the offer (['chicken', 'popcorn']) and introduces none the offer does not state; protein/family/variant compatible, pack unknown; no superior SKU exists among all 237.",deterministic,VERIFIED_CORRECT,"Offer states 750 grams and CKPCDA is exactly 750 GMS X 8 PKT; the 1-point name lead of CKPC (73 vs 72) is noise from string length and CKPC is the 400 Gms pack, contradicting the declared weight. prot=1, fam=1, cat_ok=1.",0,237,,,False,False,False,False
750,Al-Kabeer Chicken Meatballs,CKMB,CHICKEN MEAT BALLS,v2_synthetic_by_construction,VERIFIED_CORRECT,,,"Best of all 237 SKUs on name similarity (79.0, margin +6.0); no attribute conflict; pack unknown.",deterministic,VERIFIED_CORRECT,"CKMB CHICKEN MEAT BALLS is rank 1/237 on both name (79) and rule (46) with prot=1, fam4=MEAT BALLS, cat_ok=1. The offer names no size or catering/bulk wording, so the 300 Gms retail base beats CKMBA (bulk 1 Kg) and CKMBAB (catering pack).",0,237,,,False,False,False,False
751,AlKabeer Punjabi Samosa,CVPS,FROZEN PUNJABI SAMOSA,v2_synthetic_by_construction,INCORRECT,VPS,PUNJABI SAMOSA,"VPS (PUNJABI SAMOSA) is superior: assigned SKU is over-specific: it adds 3 word(s) the offer never states, the replacement adds none. Offer words covered by replacement=['punjabi', 'samosa'] vs assigned=['punjabi', 'samosa']; over-specific words replacement=0 vs assigned=3; name similarity 100.0 vs 93.3 (+6.7); protein=1 family=1 pack=unknown; spec '450 GMS X 10 PKTS'. All 237 master SKUs were compared before selecting this replacement.",deterministic,CORRECT_BUT_LOW_CONFIDENCE,"Assigned CVPS is genuinely a Punjabi samosa (Dough, fam4=SAMOSA, cat_ok=1), so identity is right, but VPS PUNJABI SAMOSA is a literal 100/100 name match and also leads on rule (71 vs 68). The two differ only in pack size (450 GMS vs 900GM), which the offer never states, so the choice between them is unresolvable rather than wrong.",1,237,,,False,False,False,False
752,Alkabeer Panjabi Samosa,CVPS,FROZEN PUNJABI SAMOSA,v2_synthetic_by_construction,INCORRECT,VPS,PUNJABI SAMOSA,"VPS (PUNJABI SAMOSA) is superior: assigned SKU is over-specific: it adds 3 word(s) the offer never states, the replacement adds none. Offer words covered by replacement=['panjabi', 'samosa'] vs assigned=['panjabi', 'samosa']; over-specific words replacement=0 vs assigned=3; name similarity 92.9 vs 80.5 (+12.4); protein=1 family=1 pack=unknown; spec '450 GMS X 10 PKTS'. All 237 master SKUs were compared before selecting this replacement.",deterministic,CORRECT_BUT_LOW_CONFIDENCE,"Same product family and correct identity (Dough / SAMOSA / Punjabi, cat_ok=1), but VPS outscores the assigned CVPS on both name (93 vs 80) and rule (51 vs 48) and the only real difference is 450 GMS vs 900GM pack size, which 'Alkabeer Panjabi Samosa' does not declare.",1,237,,,False,False,False,False
753,AL KABEER Panjabi Samosa,CVPS,FROZEN PUNJABI SAMOSA,v2_synthetic_by_construction,INCORRECT,VPS,PUNJABI SAMOSA,"VPS (PUNJABI SAMOSA) is superior: assigned SKU is over-specific: it adds 3 word(s) the offer never states, the replacement adds none. Offer words covered by replacement=['panjabi', 'samosa'] vs assigned=['panjabi', 'samosa']; over-specific words replacement=0 vs assigned=3; name similarity 92.9 vs 80.5 (+12.4); protein=1 family=1 pack=unknown; spec '450 GMS X 10 PKTS'. All 237 master SKUs were compared before selecting this replacement.",deterministic,CORRECT_BUT_LOW_CONFIDENCE,"Identical slate to row 752: CVPS is a correct Punjabi samosa match on identity and category (cat_ok=1), but VPS leads name 93 vs 80 and the pair differs only by the unstated 450 GMS vs 900GM pack, so the size selection is arbitrary.",1,237,,,False,False,False,False
754,AL KABEER Punjabi Sambosa,CVPS,FROZEN PUNJABI SAMOSA,v2_synthetic_by_construction,INCORRECT,VPS,PUNJABI SAMOSA,"VPS (PUNJABI SAMOSA) is superior: assigned SKU is over-specific: it adds 3 word(s) the offer never states, the replacement adds none. Offer words covered by replacement=['punjabi', 'samosa'] vs assigned=['punjabi', 'samosa']; over-specific words replacement=0 vs assigned=3; name similarity 95.3 vs 84.0 (+11.3); protein=1 family=1 pack=unknown; spec '450 GMS X 10 PKTS'. All 237 master SKUs were compared before selecting this replacement.",deterministic,CORRECT_BUT_LOW_CONFIDENCE,"'Sambosa' is a spelling variant of samosa and both VPS (name=95) and the assigned CVPS (name=84) are Punjabi samosa SKUs; every other candidate is a different filling (mutton/chicken/cheese/vegetable) and scores 60 or below. The unresolved point is purely the 450 GMS vs 900GM pack, which the offer does not state.",1,237,,,False,False,False,False
755,Alkabeer Punjabi Sambosa,CVPS,FROZEN PUNJABI SAMOSA,v2_synthetic_by_construction,INCORRECT,VPS,PUNJABI SAMOSA,"VPS (PUNJABI SAMOSA) is superior: assigned SKU is over-specific: it adds 3 word(s) the offer never states, the replacement adds none. Offer words covered by replacement=['punjabi', 'samosa'] vs assigned=['punjabi', 'samosa']; over-specific words replacement=0 vs assigned=3; name similarity 95.3 vs 84.0 (+11.3); protein=1 family=1 pack=unknown; spec '450 GMS X 10 PKTS'. All 237 master SKUs were compared before selecting this replacement.",deterministic,CORRECT_BUT_LOW_CONFIDENCE,"Same as row 754: correct product identity (Punjabi samosa, Dough, fam4=SAMOSA, cat_ok=1) with all other fillings far behind, but VPS leads on name 95 vs 84 and differs from the assigned CVPS only in the unstated 450 GMS vs 900GM pack size.",1,237,,,False,False,False,False
756,AlKabeer Chicken Pop Corn 750 g,CKPCDA,CHICKEN POP-CORN 750 GMS,v2_synthetic_by_construction,VERIFIED_CORRECT,,,"Assigned SKU accounts for every distinguishing word in the offer (['chicken', 'popcorn']) and introduces none the offer does not state; protein/family/variant compatible, pack compatible; no superior SKU exists among all 237.",deterministic,VERIFIED_CORRECT,"Offer declares 750 g; CKPCDA (750 GMS X 8 PKT) is pack=compatible while the higher-name CKPC (81) is the 400 Gms pack and is pack=INCOMPATIBLE. Identity CHICKEN POP-CORN, prot=1, fam=1, cat_ok=1 all agree.",0,237,,,False,False,False,False
757,Al Kabeer Krazee Chicken Nuggets 400 gm x 2 / Breaded Chicken Fillets 450 gm x 2,CKNK,KRAZEE CHICKEN NUGGETS 400,v2_rule_generated_v1,CORRECT_BUT_LOW_CONFIDENCE,,,"No SKU among all 237 is objectively superior, but the assigned SKU is not a clear winner: offer words unaccounted for ['breaded', 'fillet']; name rank 19/237 (69.1).",deterministic,VERIFIED_CORRECT,"MULTI_ENTITY_OFFER: the assigned CKNK matches the first listed entity exactly on product identity (NUGGETS), sub-brand (KRAZEE) and gramamge (400 gm vs spec 400 Gms x 12 Pkts), with prot=1, fam=1, pack=compatible, cat_ok=1. The higher-scoring CKBCF only matches the second listed entity, which is expected in a multi-entity offer and is not grounds to flip.",0,237,,,False,False,False,True
758,Al Kabeer Spicy Breaded Chicken Fillets 330gm x 2/ Tandoori Chicken Tikka 240gm x 2 / Chicken Seekh Kebab 320gm x 2,CKBCFH,BREADED CHICKEN FILLETS HOT N SPICY,v2_rule_generated_v1,CORRECT_BUT_LOW_CONFIDENCE,,,"No SKU among all 237 is objectively superior, but the assigned SKU is not a clear winner: offer words unaccounted for ['240gm', '320gm', '330gm', 'kebab', 'seekh', 'tandoori', 'tikka']; name rank 5/237 (74.2).",deterministic,VERIFIED_CORRECT,"MULTI_ENTITY_OFFER whose first entity is 'Spicy Breaded Chicken Fillets 330gm'; CKBCFH is BREADED CHICKEN FILLETS HOT N SPICY at exactly 330 Gms x 20 Pkts, pack=compatible, rule rank 1/237. The spicier/plain and bulk alternatives either lose the spice variant (CKBCF) or are pack=INCOMPATIBLE 1 Kg bulk packs (CKBCFS, CKBCFHA).",0,237,,,False,False,False,True
759,Al Kabeer Spicy Breaded Chicken Fillets 330gm x 2/ Tandoori Chicken Tikka 240gm x 2 / Chicken Seekh Kebab 320gm x 2,CKCS,8 CHICKEN SEEKH KEBAB,v2_rule_generated_v1,CORRECT_BUT_LOW_CONFIDENCE,,,"No SKU among all 237 is objectively superior, but the assigned SKU is not a clear winner: offer words unaccounted for ['240gm', '320gm', '330gm', 'breaded', 'fillet', 'spicy', 'tandoori', 'tikka']; name rank 3/237 (76.9).",deterministic,VERIFIED_CORRECT,"MULTI_ENTITY_OFFER: CKCS 8 CHICKEN SEEKH KEBAB matches the third listed entity with pack=compatible at 320 Gms and name=77, well above the generic chicken-kebab baseline (CKTCK TURKISH CHICKEN KEBAB only 59), which shows the seekh-kebab tokens are present in the full offer string. Its bulk twin CKCSB is pack=INCOMPATIBLE, and the other high scorers correspond to the offer's first and second entities.",0,237,,,False,False,False,True
760,Al Kabeer Breaded Chicken Fillets 450 gm,CKBCF,BREADED CHICKEN FILLETS,v2_rule_generated_v1,VERIFIED_CORRECT,,,"Assigned SKU accounts for every distinguishing word in the offer (['breaded', 'chicken', 'fillet']) and introduces none the offer does not state; protein/family/variant compatible, pack compatible; no superior SKU exists among all 237.",deterministic,VERIFIED_CORRECT,"Offer 'Breaded Chicken Fillets 450 gm' matches CKBCF (BREADED CHICKEN FILLETS, 450 Gms x 12 Pkts) exactly: name=100 rank 1/237, prot/fam/var all 1, pack compatible, cat_ok=1. All higher-tier contenders (BULK 1kg, AK PRO 10x1kg, HOT N SPICY 330g) are pack INCOMPATIBLE with the stated 450 g.",0,237,,,False,False,False,False
761,AL KABEER CHICKEN POPCORN 400GM ZING CHICKEN FILLET 464GM,CKZF,ZING CHICKEN FILLETS 465,v2_rule_generated_v1,CORRECT_BUT_LOW_CONFIDENCE,,,"Assigned SKU carries rule defect(s) ['family_contradiction'], but no SKU among all 237 is objectively superior, so no replacement is justified.",deterministic,VERIFIED_CORRECT,"Offer lists two entities (CHICKEN POPCORN 400GM and ZING CHICKEN FILLET 464GM); the assigned CKZF (ZING CHICKEN FILLETS 465, 465 Gms x 12 Pkts) matches the second entity exactly on sub-brand (ZING), product identity (fillets) and declared weight (464 vs 465, compatible). fam=0 here is the known POP-CORN phrase-list artifact, not a real family conflict; CKPC would be defensible for the other listed entity but a multi-entity label only needs to match one.",0,237,family_contradiction,,False,False,False,False
762,AL KABEER BREADED CHICKEN FILLET HOT AND SPICY 360 Gm,CKBCFH,BREADED CHICKEN FILLETS HOT N SPICY,v2_rule_generated_v1,CORRECT_BUT_LOW_CONFIDENCE,,,"Assigned SKU carries rule defect(s) ['family_contradiction'], but no SKU among all 237 is objectively superior, so no replacement is justified.",deterministic,VERIFIED_CORRECT,"Offer states HOT AND SPICY breaded chicken fillet at 360 g; CKBCFH (BREADED CHICKEN FILLETS HOT N SPICY, 330 Gms x 20 Pkts) is rank 1/237 on both name (91.5) and rule, prot=1, var=1, pack compatible within tolerance. Every other spicy variant (CKBCFHA 1kg bulk, CKBCFHDA 750g) is pack INCOMPATIBLE, and plain CKBCF ignores the explicit spice claim.",0,237,family_contradiction,,False,False,False,True
763,AL KABEER BREADED CHICKEN FILLET HOT AND SPICY 750GM,CKBCFHDA,BREADED CHICKEN FILLET SPICY 750 GMS,v2_rule_generated_v1,CORRECT_BUT_LOW_CONFIDENCE,,,"No SKU among all 237 is objectively superior, but the assigned SKU is not a clear winner: offer words unaccounted for ['750gm', 'hot']; name rank 3/237 (86.1).",deterministic,VERIFIED_CORRECT,"Offer declares HOT AND SPICY breaded chicken fillet at 750GM; CKBCFHDA (BREADED CHICKEN FILLET SPICY 750 GMS, 750 GMS X 8 PKT) is the only spicy breaded-fillet SKU with pack=compatible (fam=1, var=1, cat_ok=1). Higher name-score rivals CKBCFH (330g) and CKBCFHA (1kg bulk) are pack INCOMPATIBLE, and the 750g non-spicy CKBCFNSA contradicts the stated spice level.",0,237,,,False,False,False,True
764,Al Kabeer Zing Chicken Fillets 1000 gm,CKZFA5,ZING CHICKEN FILLET BULK 5-OUNCE,v2_rule_generated_v1,CORRECT_BUT_LOW_CONFIDENCE,,,"No SKU among all 237 is objectively superior, but the assigned SKU is not a clear winner: offer words unaccounted for []; name rank 10/237 (81.8).",deterministic,CORRECT_BUT_LOW_CONFIDENCE,"Offer 'Zing Chicken Fillets 1000 gm' is a genuine near-tie between CKZFA5 (ZING CHICKEN FILLET BULK 5-OUNCE, 5 PKTS X 1000 GRM, name=82, pack unknown) and CKZFA (ZING CHICKEN FILLETS BULK 5*1 KG, name=91, pack compatible) — the same zing fillet bulk product at the same 5 x 1 kg configuration, differing only in the 5-ounce piece-format qualifier that the offer never states. Assigned is defensible but not clearly the best.",0,237,,,False,False,False,False
765,Al Kabeer Spicy Breaded Chicken Fillets 330gm x 2/ Strips 320gm x 2/ Breaded Chicken Fillet/Nuggets 750gn,CKBCFH,BREADED CHICKEN FILLETS HOT N SPICY,v2_rule_generated_v1,CORRECT_BUT_LOW_CONFIDENCE,,,"No SKU among all 237 is objectively superior, but the assigned SKU is not a clear winner: offer words unaccounted for ['320gm', '330gm', '750gn', 'nugget', 'strip']; name rank 3/237 (75.5).",deterministic,VERIFIED_CORRECT,"Multi-entity offer whose first entity is 'Spicy Breaded Chicken Fillets 330gm x 2'; assigned CKBCFH (BREADED CHICKEN FILLETS HOT N SPICY, 330 Gms x 20 Pkts) matches that entity on product identity, spice variant and declared 330 g (pack compatible, fam=1, var=1, cat_ok=1). All higher-name rivals (CKBCF 450g, CKBCFS 1kg, CKBCFHDA 750g) are pack INCOMPATIBLE with 330 g.",0,237,,,False,False,False,False
766,Al Kabeer Zing Chicken Fillets 465gm,CKZF,ZING CHICKEN FILLETS 465,v2_rule_generated_v1,CORRECT_BUT_LOW_CONFIDENCE,,,"No SKU among all 237 is objectively superior, but the assigned SKU is not a clear winner: offer words unaccounted for ['465gm']; name rank 1/237 (97.0).",deterministic,VERIFIED_CORRECT,"Offer 'Zing Chicken Fillets 465gm' matches CKZF (ZING CHICKEN FILLETS 465, 465 Gms x 12 Pkts) on sub-brand, product identity and exact declared weight; name=97 rank 1/237, rule rank 1/237, prot/fam/var=1, pack compatible. Every other zing fillet SKU (750g, 1kg bulk, promo packs) is pack INCOMPATIBLE.",0,237,,,False,False,False,False
767,Al Kabeer Breaded Chicken Fillets (330g),CKBCFH,BREADED CHICKEN FILLETS HOT N SPICY,v2_rule_generated_v1,CORRECT_BUT_LOW_CONFIDENCE,,,"No SKU among all 237 is objectively superior, but the assigned SKU is not a clear winner: offer words unaccounted for ['330g']; name rank 4/237 (93.1).",deterministic,CORRECT_BUT_LOW_CONFIDENCE,"Offer says plain 'Breaded Chicken Fillets (330g)' with no spice claim, yet the only 330 g breaded chicken fillet SKU is CKBCFH (HOT N SPICY, 330 Gms x 20 Pkts, pack compatible); the name-100 plain CKBCF is 450 g and pack INCOMPATIBLE. Size evidence supports the assignment but the unstated HOT N SPICY variant leaves it genuinely ambiguous against plain CKBCF.",0,237,,,False,False,False,False
768,Al Kabeer - Breaded Chicken Fillets 360 gm,CKBCFH,BREADED CHICKEN FILLETS HOT N SPICY,v2_rule_generated_v1,CORRECT_BUT_LOW_CONFIDENCE,,,"No SKU among all 237 is objectively superior, but the assigned SKU is not a clear winner: offer words unaccounted for []; name rank 4/237 (93.1).",deterministic,CORRECT_BUT_LOW_CONFIDENCE,"Offer 'Breaded Chicken Fillets 360 gm' carries no spice descriptor; CKBCFH (330 Gms x 20 Pkts) is the only breaded chicken fillet SKU whose weight is compatible with 360 g (all others 450g/750g/1kg are INCOMPATIBLE), but the assigned SKU adds a HOT N SPICY variant the offer never states, so the match rests on weight alone.",0,237,,,False,False,False,False
769,Al Kabeer Zing Chicken Fillets 465 gm,CKZF,ZING CHICKEN FILLETS 465,v2_rule_generated_v1,VERIFIED_CORRECT,,,"Assigned SKU accounts for every distinguishing word in the offer (['chicken', 'fillet', 'zing']) and introduces none the offer does not state; protein/family/variant compatible, pack compatible; no superior SKU exists among all 237.",deterministic,VERIFIED_CORRECT,"Offer 'Zing Chicken Fillets 465 gm' matches CKZF (ZING CHICKEN FILLETS 465, 465 Gms x 12 Pkts) exactly on sub-brand, family and declared weight; name=97 and rule are both rank 1/237, pack compatible, cat_ok=1, while all other zing fillet SKUs are pack INCOMPATIBLE.",0,237,,,False,False,False,False
770,Al Kabeer Butter Chicken Zing Fillet 700 gm,CKZFBC,Butter Chicken Zing Fillets 700 g. x 8,v2_rule_generated_v1,CORRECT_BUT_LOW_CONFIDENCE,,,"Assigned SKU carries rule defect(s) ['family_contradiction'], but no SKU among all 237 is objectively superior, so no replacement is justified.",deterministic,VERIFIED_CORRECT,"Offer 'Butter Chicken Zing Fillet 700 gm' matches CKZFBC (Butter Chicken Zing Fillets 700 g. x 8) on the distinguishing 'Butter Chicken' line, the ZING sub-brand and the exact 700 g weight; name=88.6 and rule are both rank 1/237, pack compatible. No other candidate carries the Butter Chicken identity. fam=0 is the known phrase-list artifact.",0,237,family_contradiction,,False,False,False,False
771,Al Kabeer Breaded Chicken Fillets 750 gm,CKBCFHDA,BREADED CHICKEN FILLET SPICY 750 GMS,v2_rule_generated_v1,CORRECT_BUT_LOW_CONFIDENCE,,,"No SKU among all 237 is objectively superior, but the assigned SKU is not a clear winner: offer words unaccounted for []; name rank 8/237 (84.9).",deterministic,CORRECT_BUT_LOW_CONFIDENCE,"Offer 'Breaded Chicken Fillets 750 gm' states no spice level, and the 750 g slot has two near-tied SKUs: assigned CKBCFHDA (SPICY 750 GMS, name=85, pack compatible) vs CKBCFNSA (NON-SPICY 750 GMS, name=83, pack compatible). Weight rules out the name-100 CKBCF (450g, INCOMPATIBLE), but spicy vs non-spicy is unresolvable from the offer text.",0,237,,,False,False,False,False
772,Al Kabeer Chicken Fillets 330gm x 2 / Strips 320gm x 2 / Breaded Chicken Fillet/Nuggets 750gm,CKBCFHDA,BREADED CHICKEN FILLET SPICY 750 GMS,v2_rule_generated_v1,CORRECT_BUT_LOW_CONFIDENCE,,,"No SKU among all 237 is objectively superior, but the assigned SKU is not a clear winner: offer words unaccounted for ['320gm', '330gm', '750gm', 'nugget', 'strip']; name rank 7/237 (70.6).",deterministic,CORRECT_BUT_LOW_CONFIDENCE,"MULTI_ENTITY_OFFER (fillets 330g, strips 320g, breaded fillet/nuggets 750g); assigned CKBCFHDA (BREADED CHICKEN FILLET SPICY 750 GMS) plausibly covers the 'Breaded Chicken Fillet ... 750' entity with pack compatible and cat_ok=1, but CKBCFNSA (NON-SPICY 750 GMS, also compatible) is equally defensible since the offer states no spice level, and other listed entities map to different SKUs.",0,237,,,False,False,False,True
773,Al Kabeer Butter Zing Chicken Fillet 700 gm,CKZFBC,Butter Chicken Zing Fillets 700 g. x 8,v2_rule_generated_v1,CORRECT_BUT_LOW_CONFIDENCE,,,"Assigned SKU carries rule defect(s) ['family_contradiction'], but no SKU among all 237 is objectively superior, so no replacement is justified.",deterministic,VERIFIED_CORRECT,Offer 'Butter Zing Chicken Fillet 700 gm' names the Butter Chicken zing line at 700 g; CKZFBC (Butter Chicken Zing Fillets 700 g. x 8) is the only SKU with that product identity and it is pack compatible on the exact 700 g. Slightly higher name scores for CKZF (83) and CKZFDA5 (82) come from generic zing-fillet tokens and both miss the 'Butter' identifier and the 700 g size.,0,237,family_contradiction,,False,False,False,False
774,Al Kabeer Zing Chicken Fillet Spicy 750gm+250gm,CKZFDA,ZING CHICKEN FILLETS SPICY 750 GRM,v2_rule_generated_v1,CORRECT_BUT_LOW_CONFIDENCE,,,"Assigned SKU carries rule defect(s) ['family_contradiction'], but no SKU among all 237 is objectively superior, so no replacement is justified.",deterministic,CORRECT_BUT_LOW_CONFIDENCE,"Offer is a promo pack 'Zing Chicken Fillet Spicy 750gm+250gm' (+33% free), and no zing spicy 750+250 promo SKU exists in the slate (the 750+250 promo CKBCFNSAP is breaded and non-spicy; CKZFACKNP is 1kg+750g). Assigned CKZFDA (ZING CHICKEN FILLETS SPICY 750 GRM) is the correct base product on sub-brand, spice and 750 g and beats the higher-name CKZFNS (non-spicy), but it is the base rather than the promo SKU.",0,237,family_contradiction,,False,False,False,False
775,Al Kabeer Zing chicken Fillets,CKZFDA,ZING CHICKEN FILLETS SPICY 750 GRM,v2_rule_generated_v1,INCORRECT,CKZF,ZING CHICKEN FILLETS 465,"CKZF (ZING CHICKEN FILLETS 465) is superior: assigned SKU is over-specific: it adds 1 word(s) the offer never states, the replacement adds none. Offer words covered by replacement=['chicken', 'fillet', 'zing'] vs assigned=['chicken', 'fillet', 'zing']; over-specific words replacement=0 vs assigned=1; name similarity 97.0 vs 91.4 (+5.6); protein=1 family=1 pack=unknown; spec '465 Gms x 12 Pkts'. All 237 master SKUs were compared before selecting this replacement.",deterministic,CORRECT_BUT_LOW_CONFIDENCE,"Offer 'Al Kabeer Zing chicken Fillets' states no size and no spice level, so pack is unknown for every candidate and eleven zing fillet SKUs sit between name 81 and 97. Assigned CKZFDA (SPICY 750 GRM, name=91) is plausible but the plain base CKZF (ZING CHICKEN FILLETS 465) scores higher (97) and carries no unstated spice qualifier — the offer text cannot discriminate.",2,237,,,False,False,False,False
776,AL KABEER BREADED CHICKEN FILLET HOT & SPICY 2X330GM,CKBCFH,BREADED CHICKEN FILLETS HOT N SPICY,v2_rule_generated_v1,CORRECT_BUT_LOW_CONFIDENCE,,,"Assigned SKU carries rule defect(s) ['family_contradiction'], but no SKU among all 237 is objectively superior, so no replacement is justified.",deterministic,VERIFIED_CORRECT,"Offer 'BREADED CHICKEN FILLET HOT & SPICY 2X330GM' matches CKBCFH (BREADED CHICKEN FILLETS HOT N SPICY, 330 Gms x 20 Pkts) on product identity, spice variant and the exact 330 g unit weight; name=93.2 and rule are both rank 1/237, pack compatible, cat_ok=1. All other hot-and-spicy variants (1kg bulk, 750g) are pack INCOMPATIBLE.",0,237,family_contradiction,,False,False,False,False
777,Al Kabeer Chicken Boneless Breast 2Kg,VCB10A,BONELESS CHICKEN BREAST 10,v2_rule_generated_v1,VERIFIED_CORRECT,,,"Best of all 237 SKUs on name similarity (88.0, margin +19.7); no attribute conflict; pack compatible.",deterministic,VERIFIED_CORRECT,"Offer 'Chicken Boneless Breast 2Kg' matches VCB10A (BONELESS CHICKEN BREAST 10, 2 kg x 5 Pkts) on product identity and the exact 2 kg pack; name=88 and rule are both rank 1/237, pack compatible, cat_ok=1, and the next contender (CKMCB TENDER CHICKEN BREAST 1kg) trails by 20 name points and is pack INCOMPATIBLE.",0,237,,,False,False,False,False
778,ALKABEER TENDER CHICKEN BREAST 450GM,CKTCB,TENDER CHICKEN BREAST TRAY PACK,v2_rule_generated_v1,CORRECT_BUT_LOW_CONFIDENCE,,,"No SKU among all 237 is objectively superior, but the assigned SKU is not a clear winner: offer words unaccounted for ['450gm']; name rank 2/237 (93.6).",deterministic,VERIFIED_CORRECT,"Offer 'TENDER CHICKEN BREAST 450GM' matches CKTCB (TENDER CHICKEN BREAST TRAY PACK, 450 GMS X 10 PKTS) on product identity and exact declared weight (name=94, pack compatible, cat_ok=1). The name-100 CKMCB is the 1 kg pack and CKMCBA the 2 kg spicy-flavoured pack — both pack INCOMPATIBLE with 450 g.",0,237,,,False,False,False,False
779,Al Kabeer Jumbo Breaded Chicken Burger 1 kg,CKKBJ,JUMBO BREADED CHICKEN BURGER 100G BULK,v2_rule_generated_v1,CORRECT_BUT_LOW_CONFIDENCE,,,"No SKU among all 237 is objectively superior, but the assigned SKU is not a clear winner: offer words unaccounted for []; name rank 4/237 (91.1).",deterministic,VERIFIED_CORRECT,"Offer 'Jumbo Breaded Chicken Burger 1 kg' matches CKKBJ (JUMBO BREADED CHICKEN BURGER 100G BULK, 1000 GM X 6 PKTS) on the distinguishing JUMBO variant and the 1 kg pack (name=91, rule rank 1/237, var=1, pack compatible). Higher name-score rivals CKBB (400g), CKBBAD/CKBBS (840g/400g) are pack INCOMPATIBLE, and the 1 kg CKBBA50 is a 50 g non-jumbo burger.",0,237,,,False,False,False,False
780,Al Kabeer Jumbo Chicken Burgers 1000 gm,CKKBJ,JUMBO BREADED CHICKEN BURGER 100G BULK,v2_rule_generated_v1,CORRECT_BUT_LOW_CONFIDENCE,,,"No SKU among all 237 is objectively superior, but the assigned SKU is not a clear winner: offer words unaccounted for []; name rank 20/237 (69.9).",deterministic,CORRECT_BUT_LOW_CONFIDENCE,"CKKBJ is a JUMBO chicken burger at 1000 GM x 6 PKTS, matching the offer's 'Jumbo' descriptor and stated 1000 gm exactly (pack=compatible, prot=1, fam=1, cat_ok=1), while all higher-name contenders (CKKB8 400g, CKKB 200g, CKKB24 1.2kg, CKCKB 840g) are pack=INCOMPATIBLE. Confidence is reduced by a genuine near-tie with CKKB100B (CHARGRILLED JUMBO CHICKEN BURGERS, 1 kg x 6 pkts, name=88): the offer states neither BREADED nor CHARGRILLED, so the prep attribute is unresolvable from the text; assigned wins only because 'chargrilled' is a marked variant the offer never claims.",0,237,,,False,False,False,False
781,Al Kabeer Zing Fish Fillets (750 gm),CFZFB,ZING FISH FILLETS MILD SPICY,v2_rule_generated_v1,VERIFIED_CORRECT,,,"Best of all 237 SKUs on name similarity (91.9, margin +14.2); no attribute conflict; pack compatible.",deterministic,VERIFIED_CORRECT,"Offer 'Zing Fish Fillets (750 gm)' matches CFZFB (ZING FISH FILLETS MILD SPICY, Seafood-ZING, 750 g. x 8) on sub-brand (ZING), protein (fish, prot=1), family (FILLETS) and declared weight (pack=compatible); it ranks 1/237 on both name (92) and rule (68.5). Every Zing-fillet contender close behind is chicken (CKZFDATS, CKZFDA, CKZF) with prot=0 and cat_ok=0, so they are unreachable protein conflicts.",0,237,,,False,False,False,False
782,Al Kabeer Mozzarella Cheese Sticks 1 kg,CCMSA,MOZZARELLA CHEESE STICKS,v2_rule_generated_v1,VERIFIED_CORRECT,,,"Best of all 237 SKUs on name similarity (100.0, margin +4.2); no attribute conflict; pack compatible.",deterministic,VERIFIED_CORRECT,"CCMSA (MOZZARELLA CHEESE STICKS, 1000G X 5 Pkts) is an exact name match (name=100, rank 1/237) and its 1 kg spec matches the offer's stated 1 kg (pack=compatible). The only identity rival CCMS is the same product at 250 GMS X24 PKTS and is pack=INCOMPATIBLE with 1 kg, so the size decides cleanly.",0,237,,,False,False,False,False
783,Al Kabeer Tandoori Chicken Tikka/Cheese Stick (240 gm),CKTCT,TANDOORI CHICKEN TIKKA,v2_rule_generated_v1,VERIFIED_CORRECT,,,"Best of all 237 SKUs on name similarity (92.4, margin +7.1); no attribute conflict; pack compatible.",deterministic,VERIFIED_CORRECT,"MULTI_ENTITY_OFFER ('Tandoori Chicken Tikka' / 'Cheese Stick'); the assigned SKU only needs to match one listed item, and CKTCT (TANDOORI CHICKEN TIKKA, 240 Gms x 20 Pkts) matches the first entity verbatim including the stated 240 gm (name=92.4, rank 1/237, pack=compatible). The bulk twin CKTCTB (1 Kgs) is pack=INCOMPATIBLE with 240 gm.",0,237,,,False,False,False,False
784,Al Kabeer Mozzarella Cheese Sticks 250 gm,CCMS,MOZZERELLA CHEESE STICKS,v2_rule_generated_v1,CORRECT_BUT_LOW_CONFIDENCE,,,"No SKU among all 237 is objectively superior, but the assigned SKU is not a clear winner: offer words unaccounted for []; name rank 2/237 (95.8).",deterministic,VERIFIED_CORRECT,"CCMS (MOZZERELLA CHEESE STICKS, 250 GMS X24 PKTS) matches product identity (name=95.8) and the offer's stated 250 gm (pack=compatible). The nominally higher-scoring CCMSA (name=100) is the identical product in a 1000G pack and is pack=INCOMPATIBLE with 250 gm, so size correctly breaks the tie toward the assigned SKU.",0,237,,,False,False,False,False
785,Al Kabeer Jalapeno & Cheese Sticks,CVJCS,JALAPENO & CHEESE STICKS 250,v2_rule_generated_v1,VERIFIED_CORRECT,,,"Assigned SKU accounts for every distinguishing word in the offer (['cheese', 'jalapeno', 'stick']) and introduces none the offer does not state; protein/family/variant compatible, pack unknown; no superior SKU exists among all 237.",deterministic,VERIFIED_CORRECT,"CVJCS (JALAPENO & CHEESE STICKS 250) is the only jalapeno-cheese stick SKU in the master and takes rank 1/237 on both name (93.0) and rule (69.5); the offer declares no weight so pack=unknown is non-informative rather than conflicting, and next contenders are mozzarella or chicken-cheese sticks (different flavour/protein identity, name<=78).",0,237,,,False,False,False,False
786,Al Kabeer Tender Chicken Breast 1 kg,CKMCB,TENDER CHICKEN BREAST,v2_rule_generated_v1,VERIFIED_CORRECT,,,"Assigned SKU accounts for every distinguishing word in the offer (['breast', 'chicken', 'tender']) and introduces none the offer does not state; protein/family/variant compatible, pack compatible; no superior SKU exists among all 237.",deterministic,VERIFIED_CORRECT,"CKMCB (TENDER CHICKEN BREAST, 1 Kgs x 5 Pkts) is an exact name match (100, rank 1/237) and its 1 kg spec equals the offer's stated 1 kg (pack=compatible). The near-identity rivals are excluded on size/variant: CKTCB is the 450 GMS TRAY PACK (INCOMPATIBLE) and CKMCBA is SPICY FLAVOURED 2 KG (INCOMPATIBLE).",0,237,,,False,False,False,False
787,Al Kabeer Tender Chicken Breast 1000 gm,CKMCB,TENDER CHICKEN BREAST,v2_rule_generated_v1,VERIFIED_CORRECT,,,"Assigned SKU accounts for every distinguishing word in the offer (['breast', 'chicken', 'tender']) and introduces none the offer does not state; protein/family/variant compatible, pack compatible; no superior SKU exists among all 237.",deterministic,VERIFIED_CORRECT,"Same product and pack as row 786 with the weight written as 1000 gm: CKMCB (TENDER CHICKEN BREAST, 1 Kgs x 5 Pkts) is an exact name match (100, rank 1/237) with pack=compatible, while CKTCB (450 GMS tray) and CKMCBA (2 KG spicy) are both pack=INCOMPATIBLE and add unstated variant/format attributes.",0,237,,,False,False,False,False
788,Al Kabeer Breaded Shrimps 250 gm,CSB,BREADED SHRIMPS 250,v2_rule_generated_v1,VERIFIED_CORRECT,,,"Assigned SKU accounts for every distinguishing word in the offer (['breaded', 'shrimp']) and introduces none the offer does not state; protein/family/variant compatible, pack compatible; no superior SKU exists among all 237.",deterministic,VERIFIED_CORRECT,"CSB (BREADED SHRIMPS 250, 250 Gms x 20 Pkts) matches protein (shrimps), coating (breaded) and the stated 250 gm exactly (name=96.1, rank 1/237, pack=compatible). Its only identity rival CSBA is the 1 Kgs BULK pack (pack=INCOMPATIBLE), and all remaining contenders are fish or chicken with prot=0.",0,237,,,False,False,False,False
789,Al Kabeer Hot/Spicy Chicken & Cheese Sticks 250 gm,CKCCNS,CHICKEN & CHEESE STICKS HOT & SPICY,v2_rule_generated_v1,CORRECT_BUT_LOW_CONFIDENCE,,,"No SKU among all 237 is objectively superior, but the assigned SKU is not a clear winner: offer words unaccounted for ['hot']; name rank 1/237 (90.6).",deterministic,VERIFIED_CORRECT,"CKCCNS (CHICKEN & CHEESE STICKS HOT & SPICY, 250 gm x 20 Pkts) matches product identity, the HOT/SPICY variant, and the stated 250 gm (name=90.6 and rule=73.0, both rank 1/237, pack=compatible). The plain CKCCS (name=90) lacks the spicy variant the offer states, and the spicy bulk CKCCSHA (1 kg) is pack=INCOMPATIBLE.",0,237,,,False,False,False,False
790,Al Kabeer Chicken & Cheese Sticks 250 gm,CKCCS,CHICKEN & CHEESE STICKS,v2_rule_generated_v1,VERIFIED_CORRECT,,,"Assigned SKU accounts for every distinguishing word in the offer (['cheese', 'chicken', 'stick']) and introduces none the offer does not state; protein/family/variant compatible, pack compatible; no superior SKU exists among all 237.",deterministic,VERIFIED_CORRECT,"Offer names the plain (unspiced, non-promo) product at 250 gm and CKCCS (CHICKEN & CHEESE STICKS, 250 Gms x 20 Pkts) matches on all three axes (name=95.3, rank 1/237, pack=compatible). Contenders each add an attribute the offer does not state: CKCCSA/CKCCSHA are 1 kg BULK (INCOMPATIBLE), CKCCNS adds HOT & SPICY, CKCCSP is a TWIN PROMO PACK.",0,237,,,False,False,False,False
791,Al Kabeer Chicken & Cheese Rings 300 gm,CKCCR,CHICKEN ‘N’ CHEESE RINGS 300,v2_rule_generated_v1,VERIFIED_CORRECT,,,"Assigned SKU accounts for every distinguishing word in the offer (['cheese', 'chicken', 'ring']) and introduces none the offer does not state; protein/family/variant compatible, pack compatible; no superior SKU exists among all 237.",deterministic,VERIFIED_CORRECT,"CKCCR (CHICKEN 'N' CHEESE RINGS 300, 300 gms x 12 pkts) is the only RINGS SKU and matches the offer's stated 300 gm (name=87.8, rule=66.8, both rank 1/237, pack=compatible). Every rival is a different product identity (NUGGETS, STICKS) and additionally pack=INCOMPATIBLE at 300 gm.",0,237,,,False,False,False,False
792,Al Kabeer Zing Chicken Strips (320g)/ Cheese Stick/Nuggets-Frozen,CKZS,ZING CHICKEN STRIPS,v2_rule_generated_v1,VERIFIED_CORRECT,,,"Best of all 237 SKUs on name similarity (85.9, margin +8.8); no attribute conflict; pack compatible.",deterministic,VERIFIED_CORRECT,"MULTI_ENTITY_OFFER ('Zing Chicken Strips (320g)' / 'Cheese Stick' / 'Nuggets'); the assigned SKU need only match one entity, and CKZS (ZING CHICKEN STRIPS, 320 Gms x 20 Pkts) matches the first entity on sub-brand, product form and the parenthetical 320 g exactly (name=85.9, rule=59.3, both rank 1/237, pack=compatible). All other Zing strips SKUs (CKZSSR 700g, CKZSNS 750g, CKZSDA 750g) are pack=INCOMPATIBLE with 320 g.",0,237,,,False,False,False,False
793,ALKABEER CHICKEN BURGER 1.2KG,CKKB24,24 CHICKEN BURGERS,v2_rule_generated_v1,CORRECT_BUT_LOW_CONFIDENCE,,,"Assigned SKU carries rule defect(s) ['family_contradiction'], but no SKU among all 237 is objectively superior, so no replacement is justified.",deterministic,VERIFIED_CORRECT,"CKKB24 (24 CHICKEN BURGERS, 1.2 Kgs x 8 Pkts) is the only chicken-burger SKU whose weight equals the offer's stated 1.2 KG (pack=compatible); the higher-name rivals CKKB8 (400g), CKKB (200g), CKBT (1 kg) and CKB24PR (AK PRO 1.392 kg) are all pack=INCOMPATIBLE and CKB24PR also injects an unstated AK PRO sub-brand. The row's fam=0 is the known family-flag artifact, not a real family conflict, since both sides are BURGERS.",0,237,family_contradiction,,False,False,False,False
794,Al Kabeer Jumbo Chicken Burgers 1000g,CKKBJ,JUMBO BREADED CHICKEN BURGER 100G BULK,v2_rule_generated_v1,CORRECT_BUT_LOW_CONFIDENCE,,,"No SKU among all 237 is objectively superior, but the assigned SKU is not a clear winner: offer words unaccounted for []; name rank 20/237 (69.9).",deterministic,CORRECT_BUT_LOW_CONFIDENCE,"Identical situation to row 780: CKKBJ (JUMBO BREADED CHICKEN BURGER 100G BULK, 1000 GM X 6 PKTS) is the only non-chargrilled jumbo burger at the offer's stated 1000 g (pack=compatible, prot=1, fam=1, cat_ok=1) and all higher-name burger SKUs are pack=INCOMPATIBLE. Confidence is limited because CKKB100B (CHARGRILLED JUMBO CHICKEN BURGERS, 1 kg x 6 pkts, name=88) is also a jumbo 1 kg x 6 pack and the offer states neither BREADED nor CHARGRILLED.",0,237,,,False,False,False,False
795,Al Kabeer Chicken Burger 1200 gm,CKKB24,24 CHICKEN BURGERS,v2_rule_generated_v1,CORRECT_BUT_LOW_CONFIDENCE,,,"Assigned SKU carries rule defect(s) ['family_contradiction'], but no SKU among all 237 is objectively superior, so no replacement is justified.",deterministic,VERIFIED_CORRECT,"Same offer content as row 793 with the weight written as 1200 gm: CKKB24 (1.2 Kgs x 8 Pkts) is the unique chicken-burger SKU at that weight (pack=compatible) while CKKB8, CKKB, CKBT, CKB24PR, CKCKB and CKKBJ are all pack=INCOMPATIBLE. fam=0 is the documented family-flag artifact; both sides are fam4=BURGERS.",0,237,family_contradiction,,False,False,False,False
796,Al Kabeer's ZING chicken STRIPS Non Spicy,CKZSNS,ZING CHICKEN STRIPS NON-SPICY,v2_synthetic_by_construction,VERIFIED_CORRECT,,,"Assigned SKU accounts for every distinguishing word in the offer (['chicken', 'nonspicy', 'strip', 'zing']) and introduces none the offer does not state; protein/family/variant compatible, pack unknown; no superior SKU exists among all 237.",deterministic,VERIFIED_CORRECT,"CKZSNS (ZING CHICKEN STRIPS NON-SPICY) matches sub-brand ZING, product form STRIPS and the NON-SPICY variant explicitly stated in the offer, ranking 1/237 on name (94.4). The closest rivals each add an unstated attribute: CKZS is the plain (non-declared-spice) strip, CKZSNSAPR injects the AK PRO sub-brand, CKZSDA is SPICY, and CKZSCKNP is a '+ Free Chicken Nuggets' promo pack.",0,237,,,False,False,False,False
797,Al Kabeer's Chicken FILLETS Hot n Spicy 750 gm,CKBCFHDA,BREADED CHICKEN FILLET SPICY 750 GMS,v2_synthetic_by_construction,CORRECT_BUT_LOW_CONFIDENCE,,,"No SKU among all 237 is objectively superior, but the assigned SKU is not a clear winner: offer words unaccounted for []; name rank 17/237 (69.7).",deterministic,VERIFIED_CORRECT,"The offer declares 750 gm, and CKBCFHDA (BREADED CHICKEN FILLET SPICY 750 GMS, 750 GMS X 8 PKT) is the only plain-brand spicy chicken fillet at that weight (pack=compatible, cat_ok=1). The higher-name rivals fail on size or sub-brand: CKBCFH is 330 Gms and CKBCFHA is 1 Kgs bulk (both pack=INCOMPATIBLE), CKZFDA is the ZING line, and CKNHSD is NUGGETS, a different product identity.",0,237,,,False,False,False,False
798,AlKabeer Chckn Fillets non spicy 750 g,CKBCFNSA,BREADED CHICKEN FILLET NON-SPICY 750 GMS,v2_synthetic_by_construction,CORRECT_BUT_LOW_CONFIDENCE,,,"No SKU among all 237 is objectively superior, but the assigned SKU is not a clear winner: offer words unaccounted for []; name rank 6/237 (75.5).",deterministic,VERIFIED_CORRECT,"CKBCFNSA (BREADED CHICKEN FILLET NON-SPICY 750 GMS, 750 GMS X 8 PKT) matches product identity (chicken fillets), the NON-SPICY variant, and the stated 750 g (pack=compatible). Higher-name contenders each add an attribute absent from the offer: CKZFNS is the ZING sub-brand, CKBCFNSAP is a '+33% free' promo pack, CKFNSTY is TAYEBAT 1 kg (INCOMPATIBLE), and CKBCFH is HOT N SPICY 330 g (INCOMPATIBLE).",0,237,,,False,False,False,False
799,AL KABEER CHICKEN fillets Non Spicy 750gr,CKBCFNSA,BREADED CHICKEN FILLET NON-SPICY 750 GMS,v2_synthetic_by_construction,CORRECT_BUT_LOW_CONFIDENCE,,,"No SKU among all 237 is objectively superior, but the assigned SKU is not a clear winner: offer words unaccounted for ['750gr']; name rank 9/237 (77.6).",deterministic,VERIFIED_CORRECT,"Same product as row 798 with '750gr' unparsed (pack=unknown, not conflicting): CKBCFNSA is the plain-brand NON-SPICY breaded chicken fillet at 750 GMS X 8 PKT, matching brand tier, spice variant and weight. CKBCFNSAP (name=88) is the +33% FREE promo pack, CKFNSTY is TAYEBAT, CKZFNS/CZFNSCFHP are ZING, and CKBCFH/CKBCFHA/CKZFDA are spicy - each contradicts an attribute the offer states.",0,237,,,False,False,False,False
800,Al Kabeer chicken FILLETS No Spicy 750gm,CKBCFNSA,BREADED CHICKEN FILLET NON-SPICY 750 GMS,v2_synthetic_by_construction,CORRECT_BUT_LOW_CONFIDENCE,,,"No SKU among all 237 is objectively superior, but the assigned SKU is not a clear winner: offer words unaccounted for ['750gm']; name rank 10/237 (78.5).",deterministic,VERIFIED_CORRECT,"Offer 'chicken FILLETS No Spicy 750gm' matches CKBCFNSA exactly on product identity (breaded chicken fillet), variant (non-spicy) and declared size (750 GMS X 8 PKT, pack=compatible, prot/fam/var all 1, cat_ok=1). Higher-scoring contenders are excluded by business rules: CKBCFNSAP is a distinct +33%-free promo pack (750+250 g) the offer does not mention, CKZFNS/CKZFDA are the ZING sub-brand, and CKBCFH/CKBCFHA/CKFNSTY are spicy and/or pack-INCOMPATIBLE (330 g, 1 kg).",0,237,,,False,False,False,False
801,Al-Kabeer Chiken Filets NS 750 GRAMS,CKBCFNSA,BREADED CHICKEN FILLET NON-SPICY 750 GMS,v2_synthetic_by_construction,CORRECT_BUT_LOW_CONFIDENCE,,,"No SKU among all 237 is objectively superior, but the assigned SKU is not a clear winner: offer words unaccounted for []; name rank 8/237 (63.6).",deterministic,VERIFIED_CORRECT,"'Chiken Filets NS 750 GRAMS' resolves to non-spicy chicken fillets at 750 g, which is precisely CKBCFNSA (750 GMS X 8 PKT); it is the only plain Al Kabeer non-spicy 750 g fillet SKU in the slate. The higher name scores belong to wrong-variant or wrong-sub-brand items (CKZFDATS Tamiya, CKZFDA Zing SPICY, CKZFNS Zing non-spicy) or a different product entirely (CCF CHICKEN FRIES), so none beats the assignment despite the diluted/low absolute scores.",0,237,,,False,False,False,False
802,Al Kabee Chkn fillets non spicy 750 GM,CKBCFNSA,BREADED CHICKEN FILLET NON-SPICY 750 GMS,v2_synthetic_by_construction,CORRECT_BUT_LOW_CONFIDENCE,,,"No SKU among all 237 is objectively superior, but the assigned SKU is not a clear winner: offer words unaccounted for ['kabee']; name rank 7/237 (67.9).",deterministic,VERIFIED_CORRECT,"Offer 'Chkn fillets non spicy 750 GM' agrees with CKBCFNSA on all three discriminators: fillets, NON-SPICY, 750 GMS (pack=compatible, cat_ok=1). CKBCFNSAP (name 76) is the +33% promo pack, CKZFNS/CZFNSCFHP are ZING sub-brand, and CKBCFH/CKFNSTY/CKBCFHA are spicy and pack-INCOMPATIBLE (330 g / 1 kg).",0,237,,,False,False,False,False
803,ALKABEEER Chkn FILLETS NonSpicy 750 GMS,CKBCFNSA,BREADED CHICKEN FILLET NON-SPICY 750 GMS,v2_synthetic_by_construction,CORRECT_BUT_LOW_CONFIDENCE,,,"No SKU among all 237 is objectively superior, but the assigned SKU is not a clear winner: offer words unaccounted for []; name rank 3/237 (71.7).",deterministic,VERIFIED_CORRECT,"'Chkn FILLETS NonSpicy 750 GMS' matches CKBCFNSA on identity, variant and size; the assigned SKU is tied for the top name score (72) and is pack=compatible. The equally scoring alternatives fail a business rule: CKBCFH is 330 g (INCOMPATIBLE) and CKZFNS is the ZING sub-brand, which the offer does not name.",0,237,,,False,False,False,False
804,Alkabeers CHICKEN Fillet Hot and Spicy 750 gms,CKBCFHDA,BREADED CHICKEN FILLET SPICY 750 GMS,v2_synthetic_by_construction,CORRECT_BUT_LOW_CONFIDENCE,,,"No SKU among all 237 is objectively superior, but the assigned SKU is not a clear winner: offer words unaccounted for ['hot']; name rank 3/237 (76.1).",deterministic,VERIFIED_CORRECT,"Offer explicitly states 750 gms spicy chicken fillet; CKBCFHDA is BREADED CHICKEN FILLET SPICY 750 GMS (pack=compatible, rank_rule 1/237). The higher name scorers CKBCFH (88) and CKBCFHA (83) are the 330 g retail and 1 kg BULK hot-n-spicy packs, both pack=INCOMPATIBLE with the stated 750 g, and CKNHSD is nuggets, not fillets.",0,237,,,False,False,False,True
805,Al-Kabeer Chkn Fillet Hot & Spicy 750 GM,CKBCFHDA,BREADED CHICKEN FILLET SPICY 750 GMS,v2_synthetic_by_construction,CORRECT_BUT_LOW_CONFIDENCE,,,"No SKU among all 237 is objectively superior, but the assigned SKU is not a clear winner: offer words unaccounted for []; name rank 4/237 (72.3).",deterministic,VERIFIED_CORRECT,"'Chkn Fillet Hot & Spicy 750 GM' agrees with CKBCFHDA on protein, fillet identity, spicy variant and 750 GMS size (pack=compatible, rank_rule 1/237). CKBCFH (79) and CKBCFHA (74) are 330 g and 1 kg BULK respectively and pack-INCOMPATIBLE; CKZFNS/CKZFDA are ZING sub-brand, unmentioned in the offer.",0,237,,,False,False,False,False
806,Al kbeer chicken Fillets SPICY 750 grams,CKBCFHDA,BREADED CHICKEN FILLET SPICY 750 GMS,v2_synthetic_by_construction,CORRECT_BUT_LOW_CONFIDENCE,,,"No SKU among all 237 is objectively superior, but the assigned SKU is not a clear winner: offer words unaccounted for []; name rank 2/237 (75.6).",deterministic,VERIFIED_CORRECT,"'chicken Fillets SPICY 750 grams' maps to the plain Al Kabeer breaded spicy fillet at 750 g, i.e. CKBCFHDA (name 75.6, rank_rule 1/237, var=1). The only higher name score, CKZFDA (78), is the ZING sub-brand line, which the offer never names, and the remaining contenders differ on size (330 g, 450 g, 1 kg) or are promo packs.",0,237,,,False,False,False,False
807,Alkabeers Chiken Fillet SPICY 750g,CKBCFHDA,BREADED CHICKEN FILLET SPICY 750 GMS,v2_synthetic_by_construction,CORRECT_BUT_LOW_CONFIDENCE,,,"No SKU among all 237 is objectively superior, but the assigned SKU is not a clear winner: offer words unaccounted for ['750g']; name rank 1/237 (80.9).",deterministic,VERIFIED_CORRECT,"CKBCFHDA is ranked 1/237 on both name (80.9) and rule (54.3), with prot/fam/var=1 and pack=compatible against the offer's 750 g spicy chicken fillet. Nearest rivals are ZING sub-brand (CKZFDA, CKZFNS) or size-incompatible (CKZF 465 g, CKBCFH 330 g), so none displaces the assignment.",0,237,,,False,False,False,False
808,Al Kabeer Chckn fillets Hot N Spicy 750gm,CKBCFHDA,BREADED CHICKEN FILLET SPICY 750 GMS,v2_synthetic_by_construction,CORRECT_BUT_LOW_CONFIDENCE,,,"No SKU among all 237 is objectively superior, but the assigned SKU is not a clear winner: offer words unaccounted for ['750gm']; name rank 15/237 (65.5).",deterministic,VERIFIED_CORRECT,"The offer declares 750gm, which only CKBCFHDA satisfies among spicy breaded chicken fillets (pack=compatible, rank_rule 2/237). Top name scorers CKBCFH (88, 330 g) and CKBCFHA (85, 1 kg BULK) are both pack=INCOMPATIBLE, so their higher wording overlap cannot override the explicit size conflict.",0,237,,,False,False,False,False
809,ALKABEER CHICKEN Fillets Hot n Spicy 750gm,CKBCFHDA,BREADED CHICKEN FILLET SPICY 750 GMS,v2_synthetic_by_construction,CORRECT_BUT_LOW_CONFIDENCE,,,"No SKU among all 237 is objectively superior, but the assigned SKU is not a clear winner: offer words unaccounted for ['750gm']; name rank 18/237 (69.1).",deterministic,VERIFIED_CORRECT,"Same product family and variant as the assigned SKU with an explicit 750gm size; CKBCFHDA is the only 750 g breaded spicy chicken fillet (pack=compatible). CKBCFH (96) and CKBCFHA (94) score higher on wording only because they spell 'HOT N SPICY', but they are 330 g retail and 1 kg BULK and both pack=INCOMPATIBLE with the declared 750gm.",0,237,,,False,False,False,False
810,ALKABEER Chiken Fillet Hot n Spicy 750 GRAMS,CKBCFHDA,BREADED CHICKEN FILLET SPICY 750 GMS,v2_synthetic_by_construction,CORRECT_BUT_LOW_CONFIDENCE,,,"No SKU among all 237 is objectively superior, but the assigned SKU is not a clear winner: offer words unaccounted for []; name rank 7/237 (71.8).",deterministic,VERIFIED_CORRECT,"Offer text states 750 GRAMS (the pack parser returned 'unknown', so no contender was size-filtered), and CKBCFHDA is the 750 GMS X 8 PKT spicy breaded chicken fillet. CKBCFH (81) is 330 g and CKBCFHA (77) is 1 kg BULK, both contradicting the stated weight; CKNHSD is nuggets and the Zing entries are a different sub-brand.",0,237,,,False,False,False,False
811,Al Kabee CHICKEN fillets HOT & SPICY 750 gms,CKBCFHDA,BREADED CHICKEN FILLET SPICY 750 GMS,v2_synthetic_by_construction,CORRECT_BUT_LOW_CONFIDENCE,,,"No SKU among all 237 is objectively superior, but the assigned SKU is not a clear winner: offer words unaccounted for ['kabee']; name rank 15/237 (69.6).",deterministic,VERIFIED_CORRECT,"'CHICKEN fillets HOT & SPICY 750 gms' matches CKBCFHDA on protein, fillet identity, spicy variant and 750 GMS spec (pack=compatible, rank_rule 2/237). CKBCFH (84) and CKBCFHA (82) are pack=INCOMPATIBLE 330 g / 1 kg BULK packs; CKNHSD is nuggets and CKZFDA is ZING sub-brand.",0,237,,,False,False,False,False
812,Al kabeer chicken Filets Spicy 3X750GM,CKBCFHDA,BREADED CHICKEN FILLET SPICY 750 GMS,v2_synthetic_by_construction,CORRECT_BUT_LOW_CONFIDENCE,,,"No SKU among all 237 is objectively superior, but the assigned SKU is not a clear winner: offer words unaccounted for ['3x750gm']; name rank 2/237 (78.1).",deterministic,VERIFIED_CORRECT,"'chicken Filets Spicy 3X750GM' names Al Kabeer plain brand with a 750 g unit size, matching CKBCFHDA (750 GMS X 8 PKT, pack=compatible, name 78.1). The single higher scorer CKZFDA (82) is the ZING line and CKNKDA is KRAZEE NUGGETS - both a different sub-brand or product identity than the offer states.",0,237,,,False,False,False,False
813,ALKABEER Chiken Fillets spicy 750 g. x 3,CKBCFHDA,BREADED CHICKEN FILLET SPICY 750 GMS,v2_synthetic_by_construction,CORRECT_BUT_LOW_CONFIDENCE,,,"No SKU among all 237 is objectively superior, but the assigned SKU is not a clear winner: offer words unaccounted for []; name rank 4/237 (76.3).",deterministic,VERIFIED_CORRECT,"Offer gives spicy chicken fillets at 750 g unit weight with no sub-brand token, so plain Al Kabeer CKBCFHDA (750 GMS X 8 PKT, pack=compatible, rank_rule 2/237) is the correct line. Higher name scores CKZFDA (82), CKZFNS (79) and CKZFACKNP (76) are all ZING sub-brand, and CKZFACKNP/CKZFCCFAP are additionally 'free item' promo packs.",0,237,,,False,False,False,False
814,Alkabeer Chicken Filets Hot N Spicy 750 g. x 2,CKBCFHDA,BREADED CHICKEN FILLET SPICY 750 GMS,v2_synthetic_by_construction,CORRECT_BUT_LOW_CONFIDENCE,,,"No SKU among all 237 is objectively superior, but the assigned SKU is not a clear winner: offer words unaccounted for []; name rank 20/237 (65.8).",deterministic,VERIFIED_CORRECT,"Explicit 750 g unit size plus spicy fillet identity pins CKBCFHDA (pack=compatible, rank_rule 4/237). CKBCFH (86, 330 g) and CKBCFHA (85, 1 kg BULK) are pack=INCOMPATIBLE, and CKNHSD (80) / CKNHSA are NUGGETS, a different product identity from the offer's 'Filets'.",0,237,,,False,False,False,False
815,Al Kabeer's Chicken Fillet SPICY 750 grams,CKBCFHDA,BREADED CHICKEN FILLET SPICY 750 GMS,v2_synthetic_by_construction,CORRECT_BUT_LOW_CONFIDENCE,,,"No SKU among all 237 is objectively superior, but the assigned SKU is not a clear winner: offer words unaccounted for []; name rank 1/237 (81.3).",deterministic,VERIFIED_CORRECT,"CKBCFHDA ranks 1/237 on both name (81.3) and rule (62.6) with prot/fam/var=1 for 'Chicken Fillet SPICY 750 grams', matching identity, variant and the 750 GMS spec. The runner-up CKZFDA (80) is the ZING sub-brand and CKBCFH (72) is the 330 g pack, so neither is preferable.",0,237,,,False,False,False,False
816,AL KABEER Chckn Filets Hot and Spicy 750 GMS,CKBCFHDA,BREADED CHICKEN FILLET SPICY 750 GMS,v2_synthetic_by_construction,CORRECT_BUT_LOW_CONFIDENCE,,,"No SKU among all 237 is objectively superior, but the assigned SKU is not a clear winner: offer words unaccounted for ['hot']; name rank 8/237 (67.0).",deterministic,VERIFIED_CORRECT,"Multi-entity offer whose fillet component is 'Hot and Spicy 750 GMS', satisfied by CKBCFHDA (750 GMS X 8 PKT, pack=compatible, rank_rule 3/237). Higher name scorers CKBCFH (84) and CKBCFHA (80) are pack=INCOMPATIBLE at 330 g and 1 kg BULK; CKBCFNSA/CKBCFNSAP are non-spicy and the Zing rows are a different sub-brand.",0,237,,,False,False,False,True
817,Alkabeer chicken Fillet Hot n Spicy 750gr,CKBCFHDA,BREADED CHICKEN FILLET SPICY 750 GMS,v2_synthetic_by_construction,CORRECT_BUT_LOW_CONFIDENCE,,,"No SKU among all 237 is objectively superior, but the assigned SKU is not a clear winner: offer words unaccounted for ['750gr']; name rank 6/237 (75.5).",deterministic,VERIFIED_CORRECT,"Offer states 750gr spicy chicken fillet; CKBCFHDA is the matching 750 GMS SKU with prot/fam/var=1 and rank_rule 3/237. CKBCFH (85, 330 g x 20) and CKBCFHA (82, 1 kg BULK) contradict the stated weight, CKNHSD/CKNHSA are nuggets, CCKSHA is sticks and CKZFDA is ZING sub-brand.",0,237,,,False,False,False,False
818,Alkaberer Chkn Fillets Hot and Spicy (750 gm),CKBCFHDA,BREADED CHICKEN FILLET SPICY 750 GMS,v2_synthetic_by_construction,CORRECT_BUT_LOW_CONFIDENCE,,,"No SKU among all 237 is objectively superior, but the assigned SKU is not a clear winner: offer words unaccounted for ['hot']; name rank 6/237 (66.3).",deterministic,VERIFIED_CORRECT,"Multi-entity offer lists 'Chkn Fillets Hot and Spicy (750 gm)', matched by CKBCFHDA on identity, spicy variant and 750 GMS spec (pack=compatible, rank_rule 1/237). CKBCFH (80) and CKBCFHA (75) are pack=INCOMPATIBLE 330 g / 1 kg items, CKBCFFAPR is the AK PRO sub-brand at 1 kg, and CKBCFNSA at the same name score is NON-SPICY, contradicting the offer.",0,237,,,False,False,False,True
819,AlKabeer Chiken Fillets Hot and Spicy 750gm,CKBCFHDA,BREADED CHICKEN FILLET SPICY 750 GMS,v2_synthetic_by_construction,CORRECT_BUT_LOW_CONFIDENCE,,,"No SKU among all 237 is objectively superior, but the assigned SKU is not a clear winner: offer words unaccounted for ['750gm', 'hot']; name rank 7/237 (70.5).",deterministic,VERIFIED_CORRECT,"Offer's spicy chicken fillet component declares 750gm, uniquely satisfied by CKBCFHDA (750 GMS X 8 PKT, pack=compatible, rank_rule 1/237). CKBCFH (89) and CKBCFHA (84) score higher on wording but are 330 g and 1 kg BULK with pack=INCOMPATIBLE, CKBCFNSA/CKBCFNSAP are non-spicy, and CKNHSD is nuggets.",0,237,,,False,False,False,True
820,Al Kabeer Chckn Fillet HOT & SPICY 2 x 750 gm,CKBCFHDA,BREADED CHICKEN FILLET SPICY 750 GMS,v2_synthetic_by_construction,CORRECT_BUT_LOW_CONFIDENCE,,,"No SKU among all 237 is objectively superior, but the assigned SKU is not a clear winner: offer words unaccounted for []; name rank 5/237 (69.7).",deterministic,VERIFIED_CORRECT,"Offer states chicken fillet, HOT & SPICY, 750 gm; assigned CKBCFHDA is BREADED CHICKEN FILLET SPICY at exactly 750 GMS X 8 PKT with prot=1, fam=1, var=1, pack=compatible, cat_ok=1 and rank_rule 1/237. Higher-name contenders CKBCFH (330g) and CKBCFHA (1kg BULK) are both pack=INCOMPATIBLE with the stated 750 g, and the ZING candidates carry a sub-brand the offer never names.",0,237,,,False,False,False,False
821,Al Kabeer's Chicken Fillet N/S 750 gr,CKBCFNSA,BREADED CHICKEN FILLET NON-SPICY 750 GMS,v2_synthetic_by_construction,CORRECT_BUT_LOW_CONFIDENCE,,,"No SKU among all 237 is objectively superior, but the assigned SKU is not a clear winner: offer words unaccounted for []; name rank 4/237 (72.9).",deterministic,VERIFIED_CORRECT,"Offer 'Chicken Fillet N/S 750 gr' matches CKBCFNSA (BREADED CHICKEN FILLET NON-SPICY 750 GMS) on product identity, non-spicy variant and 750 g size, with prot=1 fam=1 var=1 cat_ok=1. The only near-name rival CKZFNS is the ZING sub-brand, which the plain 'Al Kabeer's' offer does not indicate, and CKBCFHDA is the SPICY counterpart.",0,237,,,False,False,False,False
822,Al Kabeer Chckn Filets Not Spicy 750gm,CKBCFNSA,BREADED CHICKEN FILLET NON-SPICY 750 GMS,v2_synthetic_by_construction,CORRECT_BUT_LOW_CONFIDENCE,,,"No SKU among all 237 is objectively superior, but the assigned SKU is not a clear winner: offer words unaccounted for ['750gm']; name rank 8/237 (68.8).",deterministic,VERIFIED_CORRECT,"'Chckn Filets Not Spicy 750gm' agrees with CKBCFNSA on identity (breaded chicken fillet), spice variant (non-spicy) and declared size (750 GMS X 8 PKT, pack=compatible). Higher-name rivals are either ZING sub-brand (CKZFNS, CKZFDA), SPICY (CKBCFH/CKBCFHA, both pack=INCOMPATIBLE), or a +33% promo pack (CKBCFNSAP) the offer does not mention.",0,237,,,False,False,False,False
823,AlKabeer Chiken Filets NS 2 x 750 gm,CKBCFNSA,BREADED CHICKEN FILLET NON-SPICY 750 GMS,v2_synthetic_by_construction,CORRECT_BUT_LOW_CONFIDENCE,,,"No SKU among all 237 is objectively superior, but the assigned SKU is not a clear winner: offer words unaccounted for []; name rank 18/237 (62.7).",deterministic,VERIFIED_CORRECT,"'Chiken Filets NS 2 x 750 gm' resolves to non-spicy chicken fillets at 750 g; CKBCFNSA is the only plain-brand non-spicy 750 GMS fillet SKU and is pack=compatible. The higher-name contenders are a different product (CCF CHICKEN FRIES), ZING sub-brand items, or size-incompatible packs (CKZF 465g, CKBCF 450g, CKBCFH 330g all pack=INCOMPATIBLE).",0,237,,,False,False,False,False
824,Al Kabee Chkn Fillet N/S 750 g,CKBCFNSA,BREADED CHICKEN FILLET NON-SPICY 750 GMS,v2_synthetic_by_construction,CORRECT_BUT_LOW_CONFIDENCE,,,"No SKU among all 237 is objectively superior, but the assigned SKU is not a clear winner: offer words unaccounted for ['kabee']; name rank 9/237 (59.0).",deterministic,VERIFIED_CORRECT,"'Chkn Fillet N/S 750 g' matches CKBCFNSA on all three discriminators: breaded chicken fillet identity, NON-SPICY variant, and 750 GMS pack (pack=compatible, fam=1, var=1). Every higher-name candidate is either size-incompatible (CKBCF 450g, CKBCFH/CKBCFHA/CKBCFS, CKZF 465g) or a promo/ZING SKU not indicated by the offer text.",0,237,,,False,False,False,False
825,AlKabeer Chiken Fillet,CKBCFS,BREADED CHICKEN FILLETS BULK,v2_synthetic_by_construction,CORRECT_BUT_LOW_CONFIDENCE,,,"Assigned SKU carries rule defect(s) ['family_contradiction'], but no SKU among all 237 is objectively superior, so no replacement is justified.",deterministic,CORRECT_BUT_LOW_CONFIDENCE,"Offer 'AlKabeer Chiken Fillet' states no size, no spice level and no sub-brand, so breaded chicken fillet is the right product family but the BULK 1 kg pack of assigned CKBCFS is not evidenced; base retail CKBCF (BREADED CHICKEN FILLETS 450g x 12) scores higher on name (79 vs 73) and is the same product differing only in an unstated pack size. pack=unknown and the row already carries a family_contradiction defect flag.",0,237,family_contradiction,,False,False,False,False
826,ALKABEEER Chicken FILLETS,CKBCFS,BREADED CHICKEN FILLETS BULK,v2_synthetic_by_construction,CORRECT_BUT_LOW_CONFIDENCE,,,"No SKU among all 237 is objectively superior, but the assigned SKU is not a clear winner: offer words unaccounted for []; name rank 3/237 (75.3).",deterministic,CORRECT_BUT_LOW_CONFIDENCE,"'ALKABEEER Chicken FILLETS' gives no size, spice or sub-brand signal; assigned CKBCFS is the BULK 1 kg catering pack while CKBCF (450g retail, name 82 vs 75) and CKBCFFAPR (AK PRO, name 79) are equally reachable, so the choice between retail and BULK of the same product is unresolvable from the offer (pack=unknown).",0,237,,,False,False,False,False
827,Al-Kabeer Tayebat Beef Meat Balls 1 kg,CKBMTY,TAYEBAT BEEF MEAT BALLS 1 kg x 10 Pkts,v2_synthetic_by_construction,VERIFIED_CORRECT,,,"Assigned SKU accounts for every distinguishing word in the offer (['ball', 'beef', 'meat', 'tayebat']) and introduces none the offer does not state; protein/family/variant compatible, pack compatible; no superior SKU exists among all 237.",deterministic,VERIFIED_CORRECT,"Offer names sub-brand TAYEBAT, protein beef, product meat balls and 1 kg; assigned CKBMTY (TAYEBAT BEEF MEAT BALLS 1 kg x 10 Pkts) agrees on every token, ranks 1/237 on both rule (68.4) and name (91.8) with prot=1 fam=1 var=1 pack=compatible. Rival CMBAK is non-Tayebat and 300 g (pack=INCOMPATIBLE).",0,237,,,False,False,False,False
828,ALKABEER Taybat Beef MEAT BALLS 1kg,CKBMTY,TAYEBAT BEEF MEAT BALLS 1 kg x 10 Pkts,v2_synthetic_by_construction,CORRECT_BUT_LOW_CONFIDENCE,,,"No SKU among all 237 is objectively superior, but the assigned SKU is not a clear winner: offer words unaccounted for ['1kg']; name rank 2/237 (83.3).",deterministic,VERIFIED_CORRECT,"'Taybat Beef MEAT BALLS 1kg' matches CKBMTY on sub-brand (TAYEBAT), protein (beef), family (MEAT BALLS) and size (1 kg, pack=compatible). Top-name rival CMBAK (MEAT BALLS, 300 Gms x 20) is pack=INCOMPATIBLE with the stated 1 kg and lacks the Tayebat sub-brand, and CMBAKAPR is the AK PRO line.",0,237,,,False,False,False,False
829,Al-Kabeer Taybat Beef Meat Balls 1 Kg,CKBMTY,TAYEBAT BEEF MEAT BALLS 1 kg x 10 Pkts,v2_synthetic_by_construction,VERIFIED_CORRECT,,,"Assigned SKU accounts for every distinguishing word in the offer (['ball', 'beef', 'meat', 'taybat']) and introduces none the offer does not state; protein/family/variant compatible, pack compatible; no superior SKU exists among all 237.",deterministic,VERIFIED_CORRECT,"Identical evidence to the preceding Tayebat rows: offer declares TAYEBAT, beef, meat balls, 1 Kg and CKBMTY is the exact SKU (1 kg x 10 Pkts, pack=compatible, prot=1, fam=1, var=1). CMBAK's higher name score (88) is defeated by its 300 g pack being INCOMPATIBLE and by its lack of the Tayebat sub-brand.",0,237,,,False,False,False,False
830,Alkabeers Tayebat Beef Meatballs 1 kg,CKBMTY,TAYEBAT BEEF MEAT BALLS 1 kg x 10 Pkts,v2_synthetic_by_construction,VERIFIED_CORRECT,,,"Best of all 237 SKUs on name similarity (73.9, margin +6.5); no attribute conflict; pack compatible.",deterministic,VERIFIED_CORRECT,"'Tayebat Beef Meatballs 1 kg' matches CKBMTY, which ranks 1/237 on name (73.9) and 2/237 on rule with prot=1 fam=1 var=1 pack=compatible. CBBOT is burgers not meat balls, CMBAK is 300 g (INCOMPATIBLE), and CMBAKA/CMBAKAPR lack the Tayebat sub-brand.",0,237,,,False,False,False,False
831,Alkabeer TAYEBAT Beef Meatballs 2x1000gm,CKBMTY,TAYEBAT BEEF MEAT BALLS 1 kg x 10 Pkts,v2_synthetic_by_construction,VERIFIED_CORRECT,,,"Best of all 237 SKUs on name similarity (78.0, margin +11.8); no attribute conflict; pack compatible.",deterministic,VERIFIED_CORRECT,"Offer 'TAYEBAT Beef Meatballs 2x1000gm' declares 1000 g units, matching CKBMTY's 1 kg x 10 Pkts (pack=compatible) plus sub-brand, protein and family; it ranks 1/237 on name (78.0). All other Tayebat contenders are chicken burgers/nuggets/fillets with prot=0 and cat_ok=0.",0,237,,,False,False,False,False
832,Al-Kabeer Chiken Fillet NON SPICY 750gm,CKBCFNSA,BREADED CHICKEN FILLET NON-SPICY 750 GMS,v2_synthetic_by_construction,CORRECT_BUT_LOW_CONFIDENCE,,,"No SKU among all 237 is objectively superior, but the assigned SKU is not a clear winner: offer words unaccounted for ['750gm']; name rank 3/237 (77.0).",deterministic,VERIFIED_CORRECT,"'Chiken Fillet NON SPICY 750gm' agrees with CKBCFNSA on identity, non-spicy variant and 750 GMS pack (compatible). The 87-name contender CKZFNS is the ZING sub-brand, which the plain 'Al-Kabeer' offer does not name, and CKBCFNSAP is a +33% promo pack (a distinct SKU); CKBCFH/CKBCFHA are spicy and pack=INCOMPATIBLE.",0,237,,,False,False,False,False
833,Al Kabeer Chkn FILLETS NonSpicy 750 grams,CKBCFNSA,BREADED CHICKEN FILLET NON-SPICY 750 GMS,v2_synthetic_by_construction,CORRECT_BUT_LOW_CONFIDENCE,,,"No SKU among all 237 is objectively superior, but the assigned SKU is not a clear winner: offer words unaccounted for []; name rank 2/237 (74.2).",deterministic,VERIFIED_CORRECT,"'Chkn FILLETS NonSpicy 750 grams' matches CKBCFNSA exactly on spice variant and 750 GMS X 8 PKT spec; it is tied at the top name score (74) with CKZFDA (ZING and SPICY, two mismatches) and CKZFNS (ZING sub-brand not stated). fam=1, var=1, cat_ok=1.",0,237,,,False,False,False,False
834,AL KABEER Chkn FILLETS non spicy 750 GMS,CKBCFNSA,BREADED CHICKEN FILLET NON-SPICY 750 GMS,v2_synthetic_by_construction,CORRECT_BUT_LOW_CONFIDENCE,,,"No SKU among all 237 is objectively superior, but the assigned SKU is not a clear winner: offer words unaccounted for []; name rank 8/237 (73.9).",deterministic,VERIFIED_CORRECT,"Offer states plain AL KABEER, chicken fillets, non spicy, 750 GMS - exactly CKBCFNSA (750 GMS X 8 PKT, pack=compatible). Higher-name rivals are excluded by business rules: CKBCFNSAP is a +33% FREE promo pack, CKZFNS/CZFNSCFHP are ZING, and CKFNSTY (Tayebat 1 kg) plus CKBCFH/CKBCFHA are pack=INCOMPATIBLE.",0,237,,,False,False,False,False
835,Al Kabee Chckn Fillets Non spicy 750 GM,CKBCFNSA,BREADED CHICKEN FILLET NON-SPICY 750 GMS,v2_synthetic_by_construction,CORRECT_BUT_LOW_CONFIDENCE,,,"No SKU among all 237 is objectively superior, but the assigned SKU is not a clear winner: offer words unaccounted for ['kabee']; name rank 7/237 (70.5).",deterministic,VERIFIED_CORRECT,"'Chckn Fillets Non spicy 750 GM' maps to CKBCFNSA on identity, variant and size (pack=compatible, fam=1, var=1). The top-name candidate CKBCFNSAP is the +33% FREE promo variant (distinct SKU), CKBCFH/CKBCFHA/CKFNSTY are pack=INCOMPATIBLE, and CKZFNS is the ZING line.",0,237,,,False,False,False,False
836,Al kabeer chicken fillets N/S 2 x 750g,CKBCFNSA,BREADED CHICKEN FILLET NON-SPICY 750 GMS,v2_synthetic_by_construction,CORRECT_BUT_LOW_CONFIDENCE,,,"No SKU among all 237 is objectively superior, but the assigned SKU is not a clear winner: offer words unaccounted for ['750g']; name rank 21/237 (66.3).",deterministic,VERIFIED_CORRECT,"'chicken fillets N/S 2 x 750g' fixes both variant (non-spicy) and unit size (750 g); CKBCFNSA is the only plain-brand breaded non-spicy 750 GMS fillet and is pack=compatible. All the higher-name contenders are either ZING/AK PRO/Tayebat sub-brands or size-incompatible (CKZF 465g, CKBCF 450g, CKBCFH 330g, CKBCFHA 1kg, CKBCFFAPR 1kg all INCOMPATIBLE).",0,237,,,False,False,False,False
837,Al kabeer Chkn Fillet Not Spicy 750 gr,CKBCFNSA,BREADED CHICKEN FILLET NON-SPICY 750 GMS,v2_synthetic_by_construction,CORRECT_BUT_LOW_CONFIDENCE,,,"No SKU among all 237 is objectively superior, but the assigned SKU is not a clear winner: offer words unaccounted for []; name rank 5/237 (70.1).",deterministic,VERIFIED_CORRECT,"'Chkn Fillet Not Spicy 750 gr' matches CKBCFNSA on breaded chicken fillet identity, non-spicy variant (var=1, fam=1) and the 750 GMS X 8 PKT spec. CKZFNS (name 74) is ZING sub-brand, CKZFDA and CKBCFH are spicy, and CKBCFNSAP is a promo pack.",0,237,,,False,False,False,False
838,Al kabeer Chicken Fillets NON SPICY 750 gm x 2,CKBCFNSA,BREADED CHICKEN FILLET NON-SPICY 750 GMS,v2_synthetic_by_construction,CORRECT_BUT_LOW_CONFIDENCE,,,"No SKU among all 237 is objectively superior, but the assigned SKU is not a clear winner: offer words unaccounted for []; name rank 8/237 (77.4).",deterministic,VERIFIED_CORRECT,"Offer 'Chicken Fillets NON SPICY 750 gm x 2' names plain Al Kabeer, non-spicy, 750 g - CKBCFNSA (750 GMS X 8 PKT, pack=compatible). The 88-name leader CKBCFNSAP is the +33% FREE promo pack and CKFNSTY (Tayebat 1 kg) and CKBCFH/CKBCFHA are pack=INCOMPATIBLE, so none can displace the base 750 g SKU.",0,237,,,False,False,False,False
839,Al Kabee Chckn FILLETS Non Spicy 750 grams,CKBCFNSA,BREADED CHICKEN FILLET NON-SPICY 750 GMS,v2_synthetic_by_construction,CORRECT_BUT_LOW_CONFIDENCE,,,"No SKU among all 237 is objectively superior, but the assigned SKU is not a clear winner: offer words unaccounted for ['kabee']; name rank 3/237 (71.0).",deterministic,VERIFIED_CORRECT,"'Chckn FILLETS Non Spicy 750 grams' matches CKBCFNSA on identity, non-spicy variant and 750 GMS spec, ranking 3/237 on name and 5/237 on rule with fam=1 var=1 cat_ok=1. The marginally higher CKBCFNSAP is the +33% promo SKU and CKZFDA is both ZING and SPICY.",0,237,,,False,False,False,False
840,AL KABEER Chicken Fillets Hot and Spicy,CKBCFHA,BREADED CHICKEN FILLETS HOT N SPICY BULK,v2_synthetic_by_construction,CORRECT_BUT_LOW_CONFIDENCE,,,"No SKU among all 237 is objectively superior, but the assigned SKU is not a clear winner: offer words unaccounted for ['hot']; name rank 2/237 (89.0).",deterministic,CORRECT_BUT_LOW_CONFIDENCE,"Offer 'AL KABEER Chicken Fillets Hot and Spicy' states no weight; assigned CKBCFHA (BREADED CHICKEN FILLETS HOT N SPICY BULK, 1kg x 5) and top contender CKBCFH (same product, 330g x 20, name 92 vs 89) are the identical product differing only in bulk vs retail pack, which the offer does not disambiguate. Protein, family and spicy variant all agree (prot=1 fam=1 var=1 cat_ok=1).",0,237,,,False,False,False,True
841,Al kabeer A/K Pro chicken Fillets,CKBCFFAPR,AK PRO Breaded Chicken Fillets,v2_synthetic_by_construction,VERIFIED_CORRECT,,,"Best of all 237 SKUs on name similarity (83.9, margin +5.3); no attribute conflict; pack unknown.",deterministic,VERIFIED_CORRECT,Offer 'Al kabeer A/K Pro chicken Fillets' names the AK PRO sub-brand plus chicken fillets; assigned CKBCFFAPR (AK PRO Breaded Chicken Fillets) is rank 1 on both name (83.9) and rule (67.2) and is the only AK PRO chicken FILLETS SKU. All gates pass (prot=1 fam=1 var=1 cat_ok=1); nearest rivals are non-AK-PRO (CKBCF 79) or a different family (AK PRO NUGGETS).,0,237,,,False,False,False,False
842,Al kbeer AK Pro Chckn FILLETS,CKBCFFAPR,AK PRO Breaded Chicken Fillets,v2_synthetic_by_construction,VERIFIED_CORRECT,,,"Best of all 237 SKUs on name similarity (72.4, margin +6.7); no attribute conflict; pack unknown.",deterministic,VERIFIED_CORRECT,"Misspelled offer 'Al kbeer AK Pro Chckn FILLETS' matches AK PRO sub-brand + chicken + fillets; assigned CKBCFFAPR is rank 1 on name (72.4). The next contender FSAPR (AK PRO FISH FILLET, 66) conflicts on protein since the offer says chicken, and CKNAPR is nuggets, a different family.",0,237,,,False,False,False,False
843,ALKABEER AK PRO Chiken Fillets,CKBCFFAPR,AK PRO Breaded Chicken Fillets,v2_synthetic_by_construction,VERIFIED_CORRECT,,,"Best of all 237 SKUs on name similarity (81.9, margin +6.4); no attribute conflict; pack unknown.",deterministic,VERIFIED_CORRECT,"Offer 'ALKABEER AK PRO Chiken Fillets' agrees with CKBCFFAPR on sub-brand (AK PRO), protein (chicken) and family (FILLETS); rank 1/237 on name (81.9) with a 6-point margin over plain CKBCF, and all runtime gates pass (prot=1 fam=1 var=1 cat_ok=1).",0,237,,,False,False,False,False
844,Alkabheer AK PRO Chiken Fillets,CKBCFFAPR,AK PRO Breaded Chicken Fillets,v2_synthetic_by_construction,VERIFIED_CORRECT,,,"Best of all 237 SKUs on name similarity (82.1, margin +11.0); no attribute conflict; pack unknown.",deterministic,VERIFIED_CORRECT,"Offer 'Alkabheer AK PRO Chiken Fillets' is the AK PRO chicken fillets line; assigned CKBCFFAPR is rank 1 on both name (82.1) and rule (58.4), 11 points clear of plain CKBCF. Contenders are either wrong family (AK PRO NUGGETS/SAMOSA/FRIES) or wrong sub-brand (ZING, TAYEBAT).",0,237,,,False,False,False,False
845,Al Kabee Chckn Filets spicy,CKBCFH,BREADED CHICKEN FILLETS HOT N SPICY,v2_synthetic_by_construction,CORRECT_BUT_LOW_CONFIDENCE,,,"No SKU among all 237 is objectively superior, but the assigned SKU is not a clear winner: offer words unaccounted for ['kabee']; name rank 3/237 (67.4).",deterministic,CORRECT_BUT_LOW_CONFIDENCE,"Offer 'Al Kabee Chckn Filets spicy' gives no size and no sub-brand, and four SKUs tie at name=67 (CKBCFH assigned, CKBCFHDA BREADED CHICKEN FILLET SPICY 750g, CKBCFHA bulk, CKBCFNSAP) with CKZFDA (ZING) marginally ahead at 68. Assigned CKBCFH is defensible as the plain Al Kabeer spicy breaded fillet (ZING sub-brand is not named in the offer), but the spicy-vs-hot-n-spicy and 330g-vs-750g choices are genuinely unresolvable from the text.",0,237,,,False,False,False,False
846,AL KABEER Chkn FILLETS Hot and Spicy,CKBCFH,BREADED CHICKEN FILLETS HOT N SPICY,v2_synthetic_by_construction,VERIFIED_CORRECT,,,"Best of all 237 SKUs on name similarity (85.3, margin +4.2); no attribute conflict; pack unknown.",deterministic,VERIFIED_CORRECT,"Offer 'AL KABEER Chkn FILLETS Hot and Spicy' matches CKBCFH (BREADED CHICKEN FILLETS HOT N SPICY) on product identity and spice variant; rank 1/237 on both name (85.3) and rule (60.0), ahead of the bulk twin CKBCFHA (81), and every gate passes.",0,237,,,False,False,False,True
847,Al-Kabeer Chckn FILLETS Hot and Spicy,CKBCFH,BREADED CHICKEN FILLETS HOT N SPICY,v2_synthetic_by_construction,VERIFIED_CORRECT,,,"Best of all 237 SKUs on name similarity (86.8, margin +4.2); no attribute conflict; pack unknown.",deterministic,VERIFIED_CORRECT,"Offer 'Al-Kabeer Chckn FILLETS Hot and Spicy' exactly names the hot-n-spicy breaded chicken fillet line; assigned CKBCFH is rank 1/237 on name (86.8) and rule (59.8), 4 points above the bulk variant CKBCFHA, with prot=1 fam=1 var=1 cat_ok=1.",0,237,,,False,False,False,True
848,AL KABEER Chkn Fillet Hot N Spicy,CKBCFH,BREADED CHICKEN FILLETS HOT N SPICY,v2_synthetic_by_construction,CORRECT_BUT_LOW_CONFIDENCE,,,"Assigned SKU carries rule defect(s) ['family_contradiction'], but no SKU among all 237 is objectively superior, so no replacement is justified.",deterministic,VERIFIED_CORRECT,"Offer 'AL KABEER Chkn Fillet Hot N Spicy' matches CKBCFH on protein, family and HOT N SPICY variant; rank 1/237 on name (83.3). The fam=0 flag is a rule artifact (singular 'Fillet' vs family phrase list) and does not affect identity, since the runner-up CKBCFHA is the same product in bulk and all other contenders are nuggets/sticks or ZING sub-brand.",0,237,family_contradiction,,False,False,False,False
849,Al kabeer AK Pro chicken Fillet,CKBCFFAPR,AK PRO Breaded Chicken Fillets,v2_synthetic_by_construction,CORRECT_BUT_LOW_CONFIDENCE,,,"Assigned SKU carries rule defect(s) ['family_contradiction'], but no SKU among all 237 is objectively superior, so no replacement is justified.",deterministic,VERIFIED_CORRECT,"Offer 'Al kabeer AK Pro chicken Fillet' matches CKBCFFAPR on AK PRO sub-brand, chicken protein and FILLETS family; rank 1/237 on name (81.9) and rule (61.4). The fam=0 flag is the singular-'Fillet' artifact; rival AK PRO codes are nuggets (CKNAPR/CKNNAPR), samosa (CKSAPR, cat_ok=0) or fish (FSAPR, prot=0).",0,237,family_contradiction,,False,False,False,False
850,Al kabeer Taybat chicken Burgers 840 GMS,CKBBTY,TAYEBAT BREADED CHICKEN BURGERS 840 g. x 8 Pkts,v2_synthetic_by_construction,CORRECT_BUT_LOW_CONFIDENCE,,,"No SKU among all 237 is objectively superior, but the assigned SKU is not a clear winner: offer words unaccounted for []; name rank 12/237 (74.0).",deterministic,VERIFIED_CORRECT,"Offer declares both the TAYEBAT sub-brand and 840 GMS; assigned CKBBTY (TAYEBAT BREADED CHICKEN BURGERS 840 g. x 8) is the only SKU matching sub-brand and the exact declared weight (pack=compatible). Higher-name rivals CKBT (96), CKKB (89), CKKB8 (89), CKKB24 (87) and CKBTY (83) are all pack=INCOMPATIBLE with 840 g, so name rank 12 is a size-blind artifact.",0,237,,,False,False,False,False
851,Al Kabeer's chicken Filets,CKBCF,BREADED CHICKEN FILLETS,v2_synthetic_by_construction,CORRECT_BUT_LOW_CONFIDENCE,,,"No SKU among all 237 is objectively superior, but the assigned SKU is not a clear winner: offer words unaccounted for []; name rank 3/237 (79.1).",deterministic,VERIFIED_CORRECT,"Offer ""Al Kabeer's chicken Filets"" is plain-brand chicken fillets, matching CKBCF (BREADED CHICKEN FILLETS 450g x 12). The two higher name scores are misleading: CCF (83) is CHICKEN FRIES, a different product identity, and CKZF (81) is the ZING sub-brand, which the offer does not name.",0,237,,,False,False,False,False
852,ALKABEER Chiken Filets,CKBCF,BREADED CHICKEN FILLETS,v2_synthetic_by_construction,CORRECT_BUT_LOW_CONFIDENCE,,,"No SKU among all 237 is objectively superior, but the assigned SKU is not a clear winner: offer words unaccounted for []; name rank 2/237 (77.5).",deterministic,VERIFIED_CORRECT,"Offer 'ALKABEER Chiken Filets' is plain-brand chicken fillets with no size or sub-brand; assigned CKBCF is the base retail breaded chicken fillet SKU. The higher-scoring CCF (85, CHICKEN FRIES) is a different product identity inflated by 'Filets'/'Fries' string similarity, and CKZF/CKZFDATS are ZING sub-brand.",0,237,,,False,False,False,False
853,Al kabeer A/K Pro Chckn FILLETS,CKBCFFAPR,AK PRO Breaded Chicken Fillets,v2_synthetic_by_construction,CORRECT_BUT_LOW_CONFIDENCE,,,"No SKU among all 237 is objectively superior, but the assigned SKU is not a clear winner: offer words unaccounted for []; name rank 1/237 (74.9).",deterministic,VERIFIED_CORRECT,"Offer 'Al kabeer A/K Pro Chckn FILLETS' names AK PRO plus chicken fillets; assigned CKBCFFAPR is rank 1/237 on name (74.9). The close rival FSAPR (74) is AK PRO FISH FILLET and conflicts with the stated chicken protein, and CKBCF/CKBCFS lack the AK PRO sub-brand.",0,237,,,False,False,False,False
854,Al-Kabeer A/K Pro Chckn Filets,CKBCFFAPR,AK PRO Breaded Chicken Fillets,v2_synthetic_by_construction,CORRECT_BUT_LOW_CONFIDENCE,,,"No SKU among all 237 is objectively superior, but the assigned SKU is not a clear winner: offer words unaccounted for []; name rank 1/237 (72.1).",deterministic,VERIFIED_CORRECT,"Offer 'Al-Kabeer A/K Pro Chckn Filets' matches CKBCFFAPR on sub-brand (AK PRO), protein (chicken) and family (FILLETS), rank 1/237 on name (72.1) and rule (48.4). FSAPR (70) is fish and CKNAPR/CKSAPR/VFAPR are different product identities.",0,237,,,False,False,False,False
855,Alkabeer A/K Pro chicken fillets,CKBCFFAPR,AK PRO Breaded Chicken Fillets,v2_synthetic_by_construction,VERIFIED_CORRECT,,,"Best of all 237 SKUs on name similarity (83.9, margin +5.3); no attribute conflict; pack unknown.",deterministic,VERIFIED_CORRECT,"Offer 'Alkabeer A/K Pro chicken fillets' aligns with CKBCFFAPR on all three discriminators (AK PRO line, chicken, fillets); rank 1/237 on name (83.9) and rule (67.2), clear of plain-brand CKBCF (79) and ZING variants.",0,237,,,False,False,False,False
856,Al Kabee AK Pro Chckn Filets,CKBCFFAPR,AK PRO Breaded Chicken Fillets,v2_synthetic_by_construction,VERIFIED_CORRECT,,,"Best of all 237 SKUs on name similarity (70.1, margin +3.2); no attribute conflict; pack unknown.",deterministic,VERIFIED_CORRECT,"Heavily abbreviated offer 'Al Kabee AK Pro Chckn Filets' still resolves to AK PRO chicken fillets; assigned CKBCFFAPR is rank 1/237 on name (70.1) and rule (53.9), ahead of AK PRO nuggets (67) and AK PRO fish fillet (64), with all gates passing.",0,237,,,False,False,False,False
857,Al Kabeer's A/K Pro Chicken fillets,CKBCFFAPR,AK PRO Breaded Chicken Fillets,v2_synthetic_by_construction,CORRECT_BUT_LOW_CONFIDENCE,,,"No SKU among all 237 is objectively superior, but the assigned SKU is not a clear winner: offer words unaccounted for []; name rank 1/237 (80.3).",deterministic,VERIFIED_CORRECT,"Offer ""Al Kabeer's A/K Pro Chicken fillets"" names the AK PRO sub-brand explicitly; assigned CKBCFFAPR is rank 1/237 on name (80.3) and rule (65.7). Runner-up CKBCF (78) is the same product without the AK PRO sub-brand, which the offer states, so the assigned SKU is strictly better.",0,237,,,False,False,False,False
858,Al-Kabeer CHICKEN FILLETS Hot n Spicy,CKBCFH,BREADED CHICKEN FILLETS HOT N SPICY,v2_synthetic_by_construction,CORRECT_BUT_LOW_CONFIDENCE,,,"No SKU among all 237 is objectively superior, but the assigned SKU is not a clear winner: offer words unaccounted for []; name rank 1/237 (95.7).",deterministic,VERIFIED_CORRECT,"Offer 'Al-Kabeer CHICKEN FILLETS Hot n Spicy' is a near-verbatim match to CKBCFH (BREADED CHICKEN FILLETS HOT N SPICY): rank 1/237 with name 95.7 and rule 72.0, prot=1 fam=1 var=1 cat_ok=1. The only close rival CKBCFHA is the same product in bulk, which the offer does not indicate.",0,237,,,False,False,False,False
859,Al Kabee Chckn fillets Hot and Spicy,CKBCFH,BREADED CHICKEN FILLETS HOT N SPICY,v2_synthetic_by_construction,VERIFIED_CORRECT,,,"Best of all 237 SKUs on name similarity (80.0, margin +5.4); no attribute conflict; pack unknown.",deterministic,VERIFIED_CORRECT,"Offer 'Al Kabee Chckn fillets Hot and Spicy' matches CKBCFH on product identity and spice variant, rank 1/237 on name (80.0) and rule (54.8), five points above the bulk twin CKBCFHA and well above non-spicy and ZING alternatives.",0,237,,,False,False,False,True
860,AL-KABEEZ Chkn Fillet SPICY,CKBCFHA,BREADED CHICKEN FILLETS HOT N SPICY BULK,v2_synthetic_by_construction,CORRECT_BUT_LOW_CONFIDENCE,,,"Assigned SKU carries rule defect(s) ['family_contradiction'], but no SKU among all 237 is objectively superior, so no replacement is justified.",deterministic,,,0,237,family_contradiction,,False,False,False,False
861,ALKABEER CHICKEN Fillets HOT & SPICY,CKBCFHA,BREADED CHICKEN FILLETS HOT N SPICY BULK,v2_synthetic_by_construction,CORRECT_BUT_LOW_CONFIDENCE,,,"No SKU among all 237 is objectively superior, but the assigned SKU is not a clear winner: offer words unaccounted for []; name rank 2/237 (89.6).",deterministic,,,0,237,,,False,False,False,False
862,Al kabeer Chicken Fillet Hot N Spicy,CKBCFHA,BREADED CHICKEN FILLETS HOT N SPICY BULK,v2_synthetic_by_construction,CORRECT_BUT_LOW_CONFIDENCE,,,"Assigned SKU carries rule defect(s) ['family_contradiction'], but no SKU among all 237 is objectively superior, so no replacement is justified.",deterministic,,,0,237,family_contradiction,,False,False,False,False
863,ALKABEER Chkn Fillets Hot and Spicy,CKBCFHA,BREADED CHICKEN FILLETS HOT N SPICY BULK,v2_synthetic_by_construction,CORRECT_BUT_LOW_CONFIDENCE,,,"No SKU among all 237 is objectively superior, but the assigned SKU is not a clear winner: offer words unaccounted for ['hot']; name rank 2/237 (81.1).",deterministic,,,0,237,,,False,False,False,True
864,AlKabeer Chkn Fillets Hot N Spicy,CKBCFHA,BREADED CHICKEN FILLETS HOT N SPICY BULK,v2_synthetic_by_construction,CORRECT_BUT_LOW_CONFIDENCE,,,"No SKU among all 237 is objectively superior, but the assigned SKU is not a clear winner: offer words unaccounted for []; name rank 2/237 (86.4).",deterministic,,,0,237,,,False,False,False,False
865,Alkabheer Chckn Fillets spicy,CKBCFHA,BREADED CHICKEN FILLETS HOT N SPICY BULK,v2_synthetic_by_construction,CORRECT_BUT_LOW_CONFIDENCE,,,"No SKU among all 237 is objectively superior, but the assigned SKU is not a clear winner: offer words unaccounted for []; name rank 6/237 (67.4).",deterministic,,,0,237,,,False,False,False,False
866,Al Kabee Chicken fillets spicy,CKBCFHA,BREADED CHICKEN FILLETS HOT N SPICY BULK,v2_synthetic_by_construction,CORRECT_BUT_LOW_CONFIDENCE,,,"No SKU among all 237 is objectively superior, but the assigned SKU is not a clear winner: offer words unaccounted for ['kabee']; name rank 4/237 (76.8).",deterministic,,,0,237,,,False,False,False,False
867,Alkabheer CHICKEN FILLETS SPICY,CKBCFHA,BREADED CHICKEN FILLETS HOT N SPICY BULK,v2_synthetic_by_construction,CORRECT_BUT_LOW_CONFIDENCE,,,"No SKU among all 237 is objectively superior, but the assigned SKU is not a clear winner: offer words unaccounted for []; name rank 7/237 (75.1).",deterministic,,,0,237,,,False,False,False,False
868,AL KABBER CHICKEN Fillet Hot N Spicy,CKBCFHA,BREADED CHICKEN FILLETS HOT N SPICY BULK,v2_synthetic_by_construction,CORRECT_BUT_LOW_CONFIDENCE,,,"Assigned SKU carries rule defect(s) ['family_contradiction'], but no SKU among all 237 is objectively superior, so no replacement is justified.",deterministic,,,0,237,family_contradiction,,False,False,False,False
869,Alkabeers chicken Fillets Hot n Spicy,CKBCFHA,BREADED CHICKEN FILLETS HOT N SPICY BULK,v2_synthetic_by_construction,CORRECT_BUT_LOW_CONFIDENCE,,,"No SKU among all 237 is objectively superior, but the assigned SKU is not a clear winner: offer words unaccounted for []; name rank 2/237 (90.4).",deterministic,,,0,237,,,False,False,False,False
870,Al-Kabeer Chckn Fillet Spicy,CKBCFHA,BREADED CHICKEN FILLETS HOT N SPICY BULK,v2_synthetic_by_construction,CORRECT_BUT_LOW_CONFIDENCE,,,"Assigned SKU carries rule defect(s) ['family_contradiction'], but no SKU among all 237 is objectively superior, so no replacement is justified.",deterministic,,,0,237,family_contradiction,,False,False,False,False
871,Al Kaber chicken FILLETS HOT & SPICY,CKBCFHA,BREADED CHICKEN FILLETS HOT N SPICY BULK,v2_synthetic_by_construction,CORRECT_BUT_LOW_CONFIDENCE,,,"No SKU among all 237 is objectively superior, but the assigned SKU is not a clear winner: offer words unaccounted for []; name rank 2/237 (81.8).",deterministic,,,0,237,,,False,False,False,False
872,Al-Kabeer Chckn fillets HOT & SPICY,CKBCFHA,BREADED CHICKEN FILLETS HOT N SPICY BULK,v2_synthetic_by_construction,CORRECT_BUT_LOW_CONFIDENCE,,,"No SKU among all 237 is objectively superior, but the assigned SKU is not a clear winner: offer words unaccounted for []; name rank 2/237 (81.7).",deterministic,,,0,237,,,False,False,False,False
873,Al kbeer Chicken FILLETS SPICY,CKBCFHA,BREADED CHICKEN FILLETS HOT N SPICY BULK,v2_synthetic_by_construction,CORRECT_BUT_LOW_CONFIDENCE,,,"No SKU among all 237 is objectively superior, but the assigned SKU is not a clear winner: offer words unaccounted for []; name rank 4/237 (76.8).",deterministic,,,0,237,,,False,False,False,False
874,Al Kabeer chicken fillets Spicy,CKBCFHA,BREADED CHICKEN FILLETS HOT N SPICY BULK,v2_synthetic_by_construction,CORRECT_BUT_LOW_CONFIDENCE,,,"No SKU among all 237 is objectively superior, but the assigned SKU is not a clear winner: offer words unaccounted for []; name rank 8/237 (81.7).",deterministic,,,0,237,,,False,False,False,False
875,Alkabheer chicken Fillet Hot & Spicy,CKBCFHA,BREADED CHICKEN FILLETS HOT N SPICY BULK,v2_synthetic_by_construction,CORRECT_BUT_LOW_CONFIDENCE,,,"Assigned SKU carries rule defect(s) ['family_contradiction'], but no SKU among all 237 is objectively superior, so no replacement is justified.",deterministic,,,0,237,family_contradiction,,False,False,False,False
876,ALKABEEER CHICKEN Filets HOT & SPICY,CKBCFH,BREADED CHICKEN FILLETS HOT N SPICY,v2_synthetic_by_construction,VERIFIED_CORRECT,,,"Best of all 237 SKUs on name similarity (81.4, margin +4.5); no attribute conflict; pack unknown.",deterministic,,,0,237,,,False,False,False,False
877,AlKabeer Chckn FILLETS HOT & SPICY,CKBCFH,BREADED CHICKEN FILLETS HOT N SPICY,v2_synthetic_by_construction,CORRECT_BUT_LOW_CONFIDENCE,,,"No SKU among all 237 is objectively superior, but the assigned SKU is not a clear winner: offer words unaccounted for []; name rank 1/237 (83.8).",deterministic,,,0,237,,,False,False,False,False
878,Alkabeer CHICKEN Fillets Spicy,CKBCFH,BREADED CHICKEN FILLETS HOT N SPICY,v2_synthetic_by_construction,CORRECT_BUT_LOW_CONFIDENCE,,,"No SKU among all 237 is objectively superior, but the assigned SKU is not a clear winner: offer words unaccounted for []; name rank 5/237 (83.7).",deterministic,,,0,237,,,False,False,False,False
879,Al Kaber Chkn FILLETS Hot & Spicy,CKBCFH,BREADED CHICKEN FILLETS HOT N SPICY,v2_synthetic_by_construction,CORRECT_BUT_LOW_CONFIDENCE,,,"No SKU among all 237 is objectively superior, but the assigned SKU is not a clear winner: offer words unaccounted for []; name rank 1/237 (76.7).",deterministic,,,0,237,,,False,False,False,False
880,ALKABEEER Chicken fillets Hot n Spicy,CKBCFH,BREADED CHICKEN FILLETS HOT N SPICY,v2_synthetic_by_construction,VERIFIED_CORRECT,,,"Best of all 237 SKUs on name similarity (88.1, margin +4.5); no attribute conflict; pack unknown.",deterministic,,,0,237,,,False,False,False,False
881,AL-KABEEZ Chiken Filets Hot N Spicy,CKBCFH,BREADED CHICKEN FILLETS HOT N SPICY,v2_synthetic_by_construction,VERIFIED_CORRECT,,,"Best of all 237 SKUs on name similarity (81.2, margin +3.8); no attribute conflict; pack unknown.",deterministic,,,0,237,,,False,False,False,False
882,Al Kabeer CHICKEN Fillet SPICY,CKBCFH,BREADED CHICKEN FILLETS HOT N SPICY,v2_synthetic_by_construction,CORRECT_BUT_LOW_CONFIDENCE,,,"Assigned SKU carries rule defect(s) ['family_contradiction'], but no SKU among all 237 is objectively superior, so no replacement is justified.",deterministic,,,0,237,family_contradiction,,False,False,False,False
883,Al kabeer chicken Filets spicy,CKBCFH,BREADED CHICKEN FILLETS HOT N SPICY,v2_synthetic_by_construction,CORRECT_BUT_LOW_CONFIDENCE,,,"No SKU among all 237 is objectively superior, but the assigned SKU is not a clear winner: offer words unaccounted for []; name rank 7/237 (75.5).",deterministic,,,0,237,,,False,False,False,False
884,Al-Kabeer Chckn fillets Hot & Spicy,CKBCFH,BREADED CHICKEN FILLETS HOT N SPICY,v2_synthetic_by_construction,CORRECT_BUT_LOW_CONFIDENCE,,,"No SKU among all 237 is objectively superior, but the assigned SKU is not a clear winner: offer words unaccounted for []; name rank 1/237 (83.8).",deterministic,,,0,237,,,False,False,False,False
885,ALKABEER Chicken Fillet SPICY,CKBCFH,BREADED CHICKEN FILLETS HOT N SPICY,v2_synthetic_by_construction,CORRECT_BUT_LOW_CONFIDENCE,,,"Assigned SKU carries rule defect(s) ['family_contradiction'], but no SKU among all 237 is objectively superior, so no replacement is justified.",deterministic,,,0,237,family_contradiction,,False,False,False,False
886,Al-Kabeer Chckn Filets SPICY,CKBCFHA,BREADED CHICKEN FILLETS HOT N SPICY BULK,v2_synthetic_by_construction,CORRECT_BUT_LOW_CONFIDENCE,,,"No SKU among all 237 is objectively superior, but the assigned SKU is not a clear winner: offer words unaccounted for []; name rank 11/237 (65.5).",deterministic,,,0,237,,,False,False,False,False
887,Al kabeer CHICKEN Filets Hot N Spicy,CKBCFH,BREADED CHICKEN FILLETS HOT N SPICY,v2_synthetic_by_construction,CORRECT_BUT_LOW_CONFIDENCE,,,"No SKU among all 237 is objectively superior, but the assigned SKU is not a clear winner: offer words unaccounted for []; name rank 1/237 (88.9).",deterministic,,,0,237,,,False,False,False,False
888,AL KABEER Tayebat Beef Meat Balls 1 kilo,CKBMTY,TAYEBAT BEEF MEAT BALLS 1 kg x 10 Pkts,v2_synthetic_by_construction,CORRECT_BUT_LOW_CONFIDENCE,,,"No SKU among all 237 is objectively superior, but the assigned SKU is not a clear winner: offer words unaccounted for ['kilo']; name rank 1/237 (86.1).",deterministic,,,0,237,,,False,False,False,False
889,Al Kabeer's Taybat Beef Meat Balls 1 Kg,CKBMTY,TAYEBAT BEEF MEAT BALLS 1 kg x 10 Pkts,v2_synthetic_by_construction,VERIFIED_CORRECT,,,"Assigned SKU accounts for every distinguishing word in the offer (['ball', 'beef', 'meat', 'taybat']) and introduces none the offer does not state; protein/family/variant compatible, pack compatible; no superior SKU exists among all 237.",deterministic,,,0,237,,,False,False,False,False
890,ALKABEER Taybat Chkn Fillets No Spicy (1 kg),CKFNSTY,TAYEBAT BREADED CHICKEN FILLETS NON SPICY 1 kg x 10 Pkts,v2_synthetic_by_construction,CORRECT_BUT_LOW_CONFIDENCE,,,"No SKU among all 237 is objectively superior, but the assigned SKU is not a clear winner: offer words unaccounted for []; name rank 2/237 (70.6).",deterministic,,,0,237,,,False,False,False,False
891,Alkaberer Tayebat Chiken Filets NOSPICY (1 kg),CKFNSTY,TAYEBAT BREADED CHICKEN FILLETS NON SPICY 1 kg x 10 Pkts,v2_synthetic_by_construction,CORRECT_BUT_LOW_CONFIDENCE,,,"No SKU among all 237 is objectively superior, but the assigned SKU is not a clear winner: offer words unaccounted for []; name rank 1/237 (70.2).",deterministic,,,0,237,,,False,False,False,False
892,Alkabeers Tayebat Chiken Fillet NS 1 KG,CKFNSTY,TAYEBAT BREADED CHICKEN FILLETS NON SPICY 1 kg x 10 Pkts,v2_synthetic_by_construction,CORRECT_BUT_LOW_CONFIDENCE,,,"Assigned SKU carries rule defect(s) ['family_contradiction'], but no SKU among all 237 is objectively superior, so no replacement is justified.",deterministic,,,0,237,family_contradiction,,False,False,False,False
893,ALKABEER TAYEBAT Chiken Filets NS 1 kilo,CKFNSTY,TAYEBAT BREADED CHICKEN FILLETS NON SPICY 1 kg x 10 Pkts,v2_synthetic_by_construction,CORRECT_BUT_LOW_CONFIDENCE,,,"No SKU among all 237 is objectively superior, but the assigned SKU is not a clear winner: offer words unaccounted for ['kilo']; name rank 3/237 (63.8).",deterministic,,,0,237,,,False,False,False,False
894,Alkabeers chicken Nuggets,CKJCNA,JUMBO CHICKEN NUGGETS,v2_synthetic_by_construction,INCORRECT,CKN,CHICKEN NUGGETS,"CKN (CHICKEN NUGGETS) is superior: assigned SKU is over-specific: it adds 1 word(s) the offer never states, the replacement adds none. Offer words covered by replacement=['chicken', 'nugget'] vs assigned=['chicken', 'nugget']; over-specific words replacement=0 vs assigned=1; name similarity 97.9 vs 89.9 (+8.0); protein=1 family=1 pack=unknown; spec '270 Gms x 20 Pkts'. All 237 master SKUs were compared before selecting this replacement.",deterministic,,,1,237,,,False,False,False,False
895,Alkabeer Chkn stick,CKJS,JUMBO CHICKEN STICKS (BULK),v2_synthetic_by_construction,CORRECT_BUT_LOW_CONFIDENCE,,,"No SKU among all 237 is objectively superior, but the assigned SKU is not a clear winner: offer words unaccounted for []; name rank 3/237 (66.0).",deterministic,,,0,237,,,False,False,False,False
896,Al kbeer Chicken stick,CKJS,JUMBO CHICKEN STICKS (BULK),v2_synthetic_by_construction,CORRECT_BUT_LOW_CONFIDENCE,,,"No SKU among all 237 is objectively superior, but the assigned SKU is not a clear winner: offer words unaccounted for []; name rank 2/237 (70.6).",deterministic,,,0,237,,,False,False,False,False
897,AL KABEER CHICKEN Kibeh,CKK,CHICKEN KIBBEH 400,v2_synthetic_by_construction,VERIFIED_CORRECT,,,"Assigned SKU accounts for every distinguishing word in the offer (['chicken', 'kibeh']) and introduces none the offer does not state; protein/family/variant compatible, pack unknown; no superior SKU exists among all 237.",deterministic,,,0,237,,,False,False,False,False
898,Al Kabeer CHICKEN kebab,CKCSB,CHICKEN SEEKH KEBAB BULK,v2_synthetic_by_construction,CORRECT_BUT_LOW_CONFIDENCE,,,"No SKU among all 237 is objectively superior, but the assigned SKU is not a clear winner: offer words unaccounted for []; name rank 2/237 (82.8).",deterministic,,,0,237,,,False,False,False,False
899,Alkaberer Tayebat CHICKEN fillets No Spicy 1 kg,CKFNSTY,TAYEBAT BREADED CHICKEN FILLETS NON SPICY 1 kg x 10 Pkts,v2_synthetic_by_construction,CORRECT_BUT_LOW_CONFIDENCE,,,"No SKU among all 237 is objectively superior, but the assigned SKU is not a clear winner: offer words unaccounted for []; name rank 1/237 (77.4).",deterministic,,,0,237,,,False,False,False,False
900,Al Kabeer Taybat Chkn Filets Not Spicy 2X1000GM,CKFNSTY,TAYEBAT BREADED CHICKEN FILLETS NON SPICY 1 kg x 10 Pkts,v2_synthetic_by_construction,VERIFIED_CORRECT,,,"Best of all 237 SKUs on name similarity (71.0, margin +4.1); no attribute conflict; pack compatible.",deterministic,,,0,237,,,False,False,False,False
901,Al Kabee Tayebat Chckn fillets non spicy 1 kg,CKFNSTY,TAYEBAT BREADED CHICKEN FILLETS NON SPICY 1 kg x 10 Pkts,v2_synthetic_by_construction,VERIFIED_CORRECT,,,"Best of all 237 SKUs on name similarity (74.9, margin +4.4); no attribute conflict; pack compatible.",deterministic,,,0,237,,,False,False,False,False
902,Alkabeers Taybat Chiken Filets NonSpicy 1 kilo,CKFNSTY,TAYEBAT BREADED CHICKEN FILLETS NON SPICY 1 kg x 10 Pkts,v2_synthetic_by_construction,CORRECT_BUT_LOW_CONFIDENCE,,,"No SKU among all 237 is objectively superior, but the assigned SKU is not a clear winner: offer words unaccounted for ['kilo']; name rank 2/237 (69.9).",deterministic,,,0,237,,,False,False,False,False
903,AlKabeer TAYEBAT chicken Filets Non Spicy 2X1000GM,CKFNSTY,TAYEBAT BREADED CHICKEN FILLETS NON SPICY 1 kg x 10 Pkts,v2_synthetic_by_construction,VERIFIED_CORRECT,,,"Best of all 237 SKUs on name similarity (82.1, margin +6.1); no attribute conflict; pack compatible.",deterministic,,,0,237,,,False,False,False,False
904,Al Kaber TAYEBAT chicken fillets Non spicy 1kg,CKFNSTY,TAYEBAT BREADED CHICKEN FILLETS NON SPICY 1 kg x 10 Pkts,v2_synthetic_by_construction,VERIFIED_CORRECT,,,"Best of all 237 SKUs on name similarity (81.0, margin +5.4); no attribute conflict; pack compatible.",deterministic,,,0,237,,,False,False,False,False
905,AlKabeer Taybat chicken Fillets Non-Spicy 1 kilo,CKFNSTY,TAYEBAT BREADED CHICKEN FILLETS NON SPICY 1 kg x 10 Pkts,v2_synthetic_by_construction,CORRECT_BUT_LOW_CONFIDENCE,,,"No SKU among all 237 is objectively superior, but the assigned SKU is not a clear winner: offer words unaccounted for ['kilo']; name rank 1/237 (78.3).",deterministic,,,0,237,,,False,False,False,False
906,Al Kabeer A/K Pro Chicken BURGERS 50 g,CKKB50PR,AK PRO Chicken Burger 50 g. 1 kg x 10,v2_synthetic_by_construction,CORRECT_BUT_LOW_CONFIDENCE,,,"Assigned SKU carries rule defect(s) ['pack_incompatible'], but no SKU among all 237 is objectively superior, so no replacement is justified.",deterministic,,,0,237,pack_incompatible,,False,True,False,False
907,Al Kabeer's AK Pro chicken BURGERS 50 gm,CKKB50PR,AK PRO Chicken Burger 50 g. 1 kg x 10,v2_synthetic_by_construction,CORRECT_BUT_LOW_CONFIDENCE,,,"Assigned SKU carries rule defect(s) ['pack_incompatible'], but no SKU among all 237 is objectively superior, so no replacement is justified.",deterministic,,,0,237,pack_incompatible,,False,True,False,False
908,AlKabeer AK Pro Chckn burgers 50g,CKKB50PR,AK PRO Chicken Burger 50 g. 1 kg x 10,v2_synthetic_by_construction,CORRECT_BUT_LOW_CONFIDENCE,,,"Assigned SKU carries rule defect(s) ['pack_incompatible'], but no SKU among all 237 is objectively superior, so no replacement is justified.",deterministic,,,0,237,pack_incompatible,,False,True,False,False
909,AlKabeer AK PRO Chckn Burgers 50 gr,CKKB50PR,AK PRO Chicken Burger 50 g. 1 kg x 10,v2_synthetic_by_construction,VERIFIED_CORRECT,,,"Assigned SKU accounts for every distinguishing word in the offer (['burger', 'chicken', 'pro']) and introduces none the offer does not state; protein/family/variant compatible, pack unknown; no superior SKU exists among all 237.",deterministic,,,0,237,,,False,False,False,False
910,AlKabeer AK Pro Chicken Burgers (50 gm),CKKB50PR,AK PRO Chicken Burger 50 g. 1 kg x 10,v2_synthetic_by_construction,CORRECT_BUT_LOW_CONFIDENCE,,,"Assigned SKU carries rule defect(s) ['pack_incompatible'], but no SKU among all 237 is objectively superior, so no replacement is justified.",deterministic,,,0,237,pack_incompatible,,False,True,False,False
911,Alkabheer AK Pro Chiken BURGERS 2x50gm,CKKB50PR,AK PRO Chicken Burger 50 g. 1 kg x 10,v2_synthetic_by_construction,CORRECT_BUT_LOW_CONFIDENCE,,,"Assigned SKU carries rule defect(s) ['pack_incompatible'], but no SKU among all 237 is objectively superior, so no replacement is justified.",deterministic,,,0,237,pack_incompatible,,False,True,False,False
912,ALKABEER AK PRO Chiken Burger 50gm,CKKB50PR,AK PRO Chicken Burger 50 g. 1 kg x 10,v2_synthetic_by_construction,CORRECT_BUT_LOW_CONFIDENCE,,,"Assigned SKU carries rule defect(s) ['pack_incompatible'], but no SKU among all 237 is objectively superior, so no replacement is justified.",deterministic,,,0,237,pack_incompatible,,False,True,False,False
913,Alkabheer Chicken Burgers,CKKB24A,24 CHICKEN BURGERS BULK,v2_synthetic_by_construction,INCORRECT,CKKB,4 CHICKEN BURGERS,"CKKB (4 CHICKEN BURGERS) is superior: assigned SKU is over-specific: it adds 1 word(s) the offer never states, the replacement adds none. Offer words covered by replacement=['burger', 'chicken'] vs assigned=['burger', 'chicken']; over-specific words replacement=0 vs assigned=1; name similarity 89.0 vs 78.7 (+10.3); protein=1 family=1 pack=unknown; spec '200 Gms x 30 Pkts'. All 237 master SKUs were compared before selecting this replacement.",deterministic,,,4,237,,,False,False,False,False
914,AL-KABEEZ chicken Kibbeh,CKK,CHICKEN KIBBEH 400,v2_synthetic_by_construction,VERIFIED_CORRECT,,,"Assigned SKU accounts for every distinguishing word in the offer (['chicken', 'kibbeh']) and introduces none the offer does not state; protein/family/variant compatible, pack unknown; no superior SKU exists among all 237.",deterministic,,,0,237,,,False,False,False,False
915,Alkabeer Chkn BURGERS,CKKB,4 CHICKEN BURGERS,v2_synthetic_by_construction,VERIFIED_CORRECT,,,"Assigned SKU accounts for every distinguishing word in the offer (['burger', 'chicken']) and introduces none the offer does not state; protein/family/variant compatible, pack unknown; no superior SKU exists among all 237.",deterministic,,,0,237,,,False,False,False,False
916,Al-Kabeer chicken Burger,CKKB,4 CHICKEN BURGERS,v2_synthetic_by_construction,CORRECT_BUT_LOW_CONFIDENCE,,,"Assigned SKU carries rule defect(s) ['family_contradiction'], but no SKU among all 237 is objectively superior, so no replacement is justified.",deterministic,,,0,237,family_contradiction,,False,False,False,False
917,ALKABEER Chkn Burger,CKKB100B,CHARGRILLED JUMBO CHICKEN BURGERS,v2_synthetic_by_construction,INCORRECT,CKKB,4 CHICKEN BURGERS,"CKKB (4 CHICKEN BURGERS) is superior: assigned SKU is over-specific: it adds 2 word(s) the offer never states, the replacement adds none. Offer words covered by replacement=['burger', 'chicken'] vs assigned=['burger', 'chicken']; over-specific words replacement=0 vs assigned=2; name similarity 82.7 vs 63.6 (+19.0); protein=1 family=0 pack=unknown; spec '200 Gms x 30 Pkts'. All 237 master SKUs were compared before selecting this replacement.",deterministic,,,4,237,family_contradiction,,False,False,False,False
918,Alkabheer Chkn burgers,CKKB100B,CHARGRILLED JUMBO CHICKEN BURGERS,v2_synthetic_by_construction,INCORRECT,CKKB,4 CHICKEN BURGERS,"CKKB (4 CHICKEN BURGERS) is superior: assigned SKU is over-specific: it adds 2 word(s) the offer never states, the replacement adds none. Offer words covered by replacement=['burger', 'chicken'] vs assigned=['burger', 'chicken']; over-specific words replacement=0 vs assigned=2; name similarity 73.3 vs 57.3 (+16.1); protein=1 family=1 pack=unknown; spec '200 Gms x 30 Pkts'. All 237 master SKUs were compared before selecting this replacement.",deterministic,,,4,237,,,False,False,False,False
919,Alkabeers Chicken BURGERS,CKKB24,24 CHICKEN BURGERS,v2_synthetic_by_construction,VERIFIED_CORRECT,,,"Assigned SKU accounts for every distinguishing word in the offer (['burger', 'chicken']) and introduces none the offer does not state; protein/family/variant compatible, pack unknown; no superior SKU exists among all 237.",deterministic,,,0,237,,,False,False,False,False
920,AlKabeer Chckn Burgers,CKKB24,24 CHICKEN BURGERS,v2_synthetic_by_construction,VERIFIED_CORRECT,,,"Assigned SKU accounts for every distinguishing word in the offer (['burger', 'chicken']) and introduces none the offer does not state; protein/family/variant compatible, pack unknown; no superior SKU exists among all 237.",deterministic,,,0,237,,,False,False,False,False
921,Al Kabeer Chkn Burgers,CKKB24A,24 CHICKEN BURGERS BULK,v2_synthetic_by_construction,INCORRECT,CKKB,4 CHICKEN BURGERS,"CKKB (4 CHICKEN BURGERS) is superior: assigned SKU is over-specific: it adds 1 word(s) the offer never states, the replacement adds none. Offer words covered by replacement=['burger', 'chicken'] vs assigned=['burger', 'chicken']; over-specific words replacement=0 vs assigned=1; name similarity 85.7 vs 78.0 (+7.8); protein=1 family=1 pack=unknown; spec '200 Gms x 30 Pkts'. All 237 master SKUs were compared before selecting this replacement.",deterministic,,,4,237,,,False,False,False,False
922,AlKabeer Chckn kebab,CKCS,8 CHICKEN SEEKH KEBAB,v2_synthetic_by_construction,CORRECT_BUT_LOW_CONFIDENCE,,,"No SKU among all 237 is objectively superior, but the assigned SKU is not a clear winner: offer words unaccounted for []; name rank 2/237 (71.8).",deterministic,,,0,237,,,False,False,False,False
923,AlKabeer Tayebat Chkn BURGERS,CKBT,TAYEBAT CHICKEN BURGER,v2_synthetic_by_construction,VERIFIED_CORRECT,,,"Assigned SKU accounts for every distinguishing word in the offer (['burger', 'chicken', 'tayebat']) and introduces none the offer does not state; protein/family/variant compatible, pack unknown; no superior SKU exists among all 237.",deterministic,,,0,237,,,False,False,False,False
924,Alkabeers Taybat Chiken Burgers,CKBT,TAYEBAT CHICKEN BURGER,v2_synthetic_by_construction,VERIFIED_CORRECT,,,"Assigned SKU accounts for every distinguishing word in the offer (['burger', 'chicken', 'taybat']) and introduces none the offer does not state; protein/family/variant compatible, pack unknown; no superior SKU exists among all 237.",deterministic,,,0,237,,,False,False,False,False
925,AL KABEER Tayebat Chckn Burger (1 kg),CKBTY,TAYEBAT CHICKEN BURGERS 1 kg x 10 Pkts,v2_synthetic_by_construction,CORRECT_BUT_LOW_CONFIDENCE,,,"Assigned SKU carries rule defect(s) ['family_contradiction'], but no SKU among all 237 is objectively superior, so no replacement is justified.",deterministic,,,0,237,family_contradiction,,False,False,False,False
926,Al kbeer Tayebat Chicken BURGERS 1kg,CKBTY,TAYEBAT CHICKEN BURGERS 1 kg x 10 Pkts,v2_synthetic_by_construction,CORRECT_BUT_LOW_CONFIDENCE,,,"No SKU among all 237 is objectively superior, but the assigned SKU is not a clear winner: offer words unaccounted for ['1kg']; name rank 5/237 (80.5).",deterministic,,,0,237,,,False,False,False,False
927,ALKABEER TAYEBAT Chkn Burgers 1 Kg,CKBTY,TAYEBAT CHICKEN BURGERS 1 kg x 10 Pkts,v2_synthetic_by_construction,VERIFIED_CORRECT,,,"Assigned SKU accounts for every distinguishing word in the offer (['burger', 'chicken', 'tayebat']) and introduces none the offer does not state; protein/family/variant compatible, pack compatible; no superior SKU exists among all 237.",deterministic,,,0,237,,,False,False,False,False
928,Al kbeer Tayebat Chicken burgers 2 x 1000g,CKBTY,TAYEBAT CHICKEN BURGERS 1 kg x 10 Pkts,v2_synthetic_by_construction,CORRECT_BUT_LOW_CONFIDENCE,,,"No SKU among all 237 is objectively superior, but the assigned SKU is not a clear winner: offer words unaccounted for ['1000g']; name rank 4/237 (81.8).",deterministic,,,0,237,,,False,False,False,False
929,Al Kabeer's Taybat Chckn Burgers,CKBT,TAYEBAT CHICKEN BURGER,v2_synthetic_by_construction,VERIFIED_CORRECT,,,"Assigned SKU accounts for every distinguishing word in the offer (['burger', 'chicken', 'taybat']) and introduces none the offer does not state; protein/family/variant compatible, pack unknown; no superior SKU exists among all 237.",deterministic,,,0,237,,,False,False,False,False
930,Al kabeer TAYEBAT chicken burgers,CKBT,TAYEBAT CHICKEN BURGER,v2_synthetic_by_construction,VERIFIED_CORRECT,,,"Assigned SKU accounts for every distinguishing word in the offer (['burger', 'chicken', 'tayebat']) and introduces none the offer does not state; protein/family/variant compatible, pack unknown; no superior SKU exists among all 237.",deterministic,,,0,237,,,False,False,False,False
931,Al Kabee Taybat Beef Meat Balls 1 KG,CKBMTY,TAYEBAT BEEF MEAT BALLS 1 kg x 10 Pkts,v2_synthetic_by_construction,CORRECT_BUT_LOW_CONFIDENCE,,,"No SKU among all 237 is objectively superior, but the assigned SKU is not a clear winner: offer words unaccounted for ['kabee']; name rank 2/237 (75.5).",deterministic,,,0,237,,,False,False,False,False
932,Alkaberer Taybat Beef Meat Balls 1kg,CKBMTY,TAYEBAT BEEF MEAT BALLS 1 kg x 10 Pkts,v2_synthetic_by_construction,CORRECT_BUT_LOW_CONFIDENCE,,,"No SKU among all 237 is objectively superior, but the assigned SKU is not a clear winner: offer words unaccounted for ['1kg']; name rank 2/237 (71.4).",deterministic,,,0,237,,,False,False,False,False
933,Al Kabee TAYEBAT Beef Meat Ball 1000gm X 3,CKBMTY,TAYEBAT BEEF MEAT BALLS 1 kg x 10 Pkts,v2_synthetic_by_construction,VERIFIED_CORRECT,,,"Best of all 237 SKUs on name similarity (77.6, margin +11.0); no attribute conflict; pack compatible.",deterministic,,,0,237,,,False,False,False,False
934,Al kbeer TAYEBAT Beef Meat Ball 1 kilo,CKBMTY,TAYEBAT BEEF MEAT BALLS 1 kg x 10 Pkts,v2_synthetic_by_construction,VERIFIED_CORRECT,,,"Best of all 237 SKUs on name similarity (72.4, margin +9.9); no attribute conflict; pack unknown.",deterministic,,,0,237,,,False,False,False,False
935,ALKABEER Beef kebab,CKBS,8 BEEF SEEKH KEBAB,v2_synthetic_by_construction,VERIFIED_CORRECT,,,"Best of all 237 SKUs on name similarity (83.8, margin +10.1); no attribute conflict; pack unknown.",deterministic,,,0,237,,,False,False,False,False
936,ALKABEER TAYEBAT Chicken BURGERS,CKBT,TAYEBAT CHICKEN BURGER,v2_synthetic_by_construction,VERIFIED_CORRECT,,,"Assigned SKU accounts for every distinguishing word in the offer (['burger', 'chicken', 'tayebat']) and introduces none the offer does not state; protein/family/variant compatible, pack unknown; no superior SKU exists among all 237.",deterministic,,,0,237,,,False,False,False,False
937,Al Kabeer's Taybat Chiken burgers,CKBT,TAYEBAT CHICKEN BURGER,v2_synthetic_by_construction,VERIFIED_CORRECT,,,"Assigned SKU accounts for every distinguishing word in the offer (['burger', 'chicken', 'taybat']) and introduces none the offer does not state; protein/family/variant compatible, pack unknown; no superior SKU exists among all 237.",deterministic,,,0,237,,,False,False,False,False
938,AlKabeer Tayebat CHICKEN Burger,CKBT,TAYEBAT CHICKEN BURGER,v2_synthetic_by_construction,VERIFIED_CORRECT,,,"Assigned SKU accounts for every distinguishing word in the offer (['burger', 'chicken', 'tayebat']) and introduces none the offer does not state; protein/family/variant compatible, pack unknown; no superior SKU exists among all 237.",deterministic,,,0,237,,,False,False,False,False
939,Al Kabeer's TAYEBAT Chkn BURGERS,CKBT,TAYEBAT CHICKEN BURGER,v2_synthetic_by_construction,VERIFIED_CORRECT,,,"Assigned SKU accounts for every distinguishing word in the offer (['burger', 'chicken', 'tayebat']) and introduces none the offer does not state; protein/family/variant compatible, pack unknown; no superior SKU exists among all 237.",deterministic,,,0,237,,,False,False,False,False
940,Alkabeers Beef kebab,CKBS,8 BEEF SEEKH KEBAB,v2_synthetic_by_construction,VERIFIED_CORRECT,,,"Best of all 237 SKUs on name similarity (83.1, margin +6.8); no attribute conflict; pack unknown.",deterministic,,,0,237,,,False,False,False,False
941,Al Kabee Tayebat Chkn Burger 3 x 1000g,CKBTY,TAYEBAT CHICKEN BURGERS 1 kg x 10 Pkts,v2_synthetic_by_construction,CORRECT_BUT_LOW_CONFIDENCE,,,"Assigned SKU carries rule defect(s) ['family_contradiction'], but no SKU among all 237 is objectively superior, so no replacement is justified.",deterministic,,,0,237,family_contradiction,,False,False,False,False
942,Al-Kabeer Chiken stick,CKCCSA,CHICKEN & CHEESE STICKS BULK,v2_synthetic_by_construction,CORRECT_BUT_LOW_CONFIDENCE,,,"No SKU among all 237 is objectively superior, but the assigned SKU is not a clear winner: offer words unaccounted for []; name rank 9/237 (65.0).",deterministic,,,0,237,,,False,False,False,False
943,AlKabeer chicken stick,CKCCSA,CHICKEN & CHEESE STICKS BULK,v2_synthetic_by_construction,CORRECT_BUT_LOW_CONFIDENCE,,,"No SKU among all 237 is objectively superior, but the assigned SKU is not a clear winner: offer words unaccounted for []; name rank 13/237 (69.9).",deterministic,,,0,237,,,False,False,False,False
944,Al kbeer Chkn stick Spicy,CKCCSHA,CHICKEN & CHEESE STICKS SPICY BULK,v2_synthetic_by_construction,CORRECT_BUT_LOW_CONFIDENCE,,,"No SKU among all 237 is objectively superior, but the assigned SKU is not a clear winner: offer words unaccounted for []; name rank 1/237 (65.6).",deterministic,,,0,237,,,False,False,False,False
945,AL KABEER Chicken stick SPICY,CKCCSHA,CHICKEN & CHEESE STICKS SPICY BULK,v2_synthetic_by_construction,CORRECT_BUT_LOW_CONFIDENCE,,,"No SKU among all 237 is objectively superior, but the assigned SKU is not a clear winner: offer words unaccounted for []; name rank 2/237 (77.3).",deterministic,,,0,237,,,False,False,False,False
946,AL KABBER Chiken kofta,CKCK,CHICKEN KOFTA 300,v2_synthetic_by_construction,VERIFIED_CORRECT,,,"Assigned SKU accounts for every distinguishing word in the offer (['chicken', 'kofta']) and introduces none the offer does not state; protein/family/variant compatible, pack unknown; no superior SKU exists among all 237.",deterministic,,,0,237,,category_gate_unreachable,False,False,True,False
947,Al Kabeer's Chckn burgers (56g),CKCKB,CHICKEN BURGERS 56 g,v2_synthetic_by_construction,CORRECT_BUT_LOW_CONFIDENCE,,,"Assigned SKU carries rule defect(s) ['pack_incompatible'], but no SKU among all 237 is objectively superior, so no replacement is justified.",deterministic,,,0,237,pack_incompatible,,False,True,False,False
948,Alkabeer Chicken burgers 56 g,CKCKB,CHICKEN BURGERS 56 g,v2_synthetic_by_construction,CORRECT_BUT_LOW_CONFIDENCE,,,"Assigned SKU carries rule defect(s) ['pack_incompatible'], but no SKU among all 237 is objectively superior, so no replacement is justified.",deterministic,,,0,237,pack_incompatible,,False,True,False,False
949,Al-Kabeer Chckn mince,CKCM,CHICKEN MINCE 400,v2_synthetic_by_construction,VERIFIED_CORRECT,,,"Assigned SKU accounts for every distinguishing word in the offer (['chicken', 'mince']) and introduces none the offer does not state; protein/family/variant compatible, pack unknown; no superior SKU exists among all 237.",deterministic,,,0,237,,,False,False,False,False
950,Al Kabeer Chckn kebab,CKCS,8 CHICKEN SEEKH KEBAB,v2_synthetic_by_construction,CORRECT_BUT_LOW_CONFIDENCE,,,"No SKU among all 237 is objectively superior, but the assigned SKU is not a clear winner: offer words unaccounted for []; name rank 2/237 (71.8).",deterministic,,,0,237,,,False,False,False,False
951,Al Kabeer's Chicken stick,CKCCS,CHICKEN & CHEESE STICKS,v2_synthetic_by_construction,CORRECT_BUT_LOW_CONFIDENCE,,,"No SKU among all 237 is objectively superior, but the assigned SKU is not a clear winner: offer words unaccounted for []; name rank 4/237 (72.3).",deterministic,,,0,237,,,False,False,False,False
952,AL KABEER CHICKEN stick,CKCCS,CHICKEN & CHEESE STICKS,v2_synthetic_by_construction,CORRECT_BUT_LOW_CONFIDENCE,,,"No SKU among all 237 is objectively superior, but the assigned SKU is not a clear winner: offer words unaccounted for []; name rank 6/237 (73.5).",deterministic,,,0,237,,,False,False,False,False
953,ALKABEER Tayebat chicken Burgers 1 Kg,CKBTY,TAYEBAT CHICKEN BURGERS 1 kg x 10 Pkts,v2_synthetic_by_construction,VERIFIED_CORRECT,,,"Assigned SKU accounts for every distinguishing word in the offer (['burger', 'chicken', 'tayebat']) and introduces none the offer does not state; protein/family/variant compatible, pack compatible; no superior SKU exists among all 237.",deterministic,,,0,237,,,False,False,False,False
954,AL KABEER TAYEBAT Chkn Burgers 3 x 1000g,CKBTY,TAYEBAT CHICKEN BURGERS 1 kg x 10 Pkts,v2_synthetic_by_construction,CORRECT_BUT_LOW_CONFIDENCE,,,"No SKU among all 237 is objectively superior, but the assigned SKU is not a clear winner: offer words unaccounted for ['1000g']; name rank 2/237 (82.3).",deterministic,,,0,237,,,False,False,False,False
955,Al Kabee Taybat Chkn Burger 1 kilo,CKBTY,TAYEBAT CHICKEN BURGERS 1 kg x 10 Pkts,v2_synthetic_by_construction,CORRECT_BUT_LOW_CONFIDENCE,,,"Assigned SKU carries rule defect(s) ['family_contradiction'], but no SKU among all 237 is objectively superior, so no replacement is justified.",deterministic,,,0,237,family_contradiction,,False,False,False,False
956,Alkabeer Taybat Chkn burgers 1 KG,CKBTY,TAYEBAT CHICKEN BURGERS 1 kg x 10 Pkts,v2_synthetic_by_construction,VERIFIED_CORRECT,,,"Assigned SKU accounts for every distinguishing word in the offer (['burger', 'chicken', 'taybat']) and introduces none the offer does not state; protein/family/variant compatible, pack compatible; no superior SKU exists among all 237.",deterministic,,,0,237,,,False,False,False,False
957,Al Kabee Chkn Nugget,CKCCN,CHICKEN  N CHEESE NUGGETS,v2_synthetic_by_construction,INCORRECT,CKN,CHICKEN NUGGETS,"CKN (CHICKEN NUGGETS) is superior: assigned SKU is over-specific: it adds 1 word(s) the offer never states, the replacement adds none. Offer words covered by replacement=['chicken', 'nugget'] vs assigned=['chicken', 'nugget']; over-specific words replacement=0 vs assigned=1; name similarity 70.1 vs 59.4 (+10.7); protein=1 family=1 pack=unknown; spec '270 Gms x 20 Pkts'. All 237 master SKUs were compared before selecting this replacement.",deterministic,,,2,237,,,False,False,False,False
958,Al kabeer CHICKEN stick HOT & SPICY,CKCCNS,CHICKEN & CHEESE STICKS HOT & SPICY,v2_synthetic_by_construction,CORRECT_BUT_LOW_CONFIDENCE,,,"No SKU among all 237 is objectively superior, but the assigned SKU is not a clear winner: offer words unaccounted for []; name rank 2/237 (81.1).",deterministic,,,0,237,,,False,False,False,False
959,Alkabeer Chkn stick HOT & SPICY,CKCCNS,CHICKEN & CHEESE STICKS HOT & SPICY,v2_synthetic_by_construction,CORRECT_BUT_LOW_CONFIDENCE,,,"No SKU among all 237 is objectively superior, but the assigned SKU is not a clear winner: offer words unaccounted for []; name rank 2/237 (76.8).",deterministic,,,0,237,,,False,False,False,False
960,Al-Kabeer chicken ring,CKCCR,CHICKEN ‘N’ CHEESE RINGS 300,v2_synthetic_by_construction,CORRECT_BUT_LOW_CONFIDENCE,,,"No SKU among all 237 is objectively superior, but the assigned SKU is not a clear winner: offer words unaccounted for []; name rank 19/237 (71.8).",deterministic,,,0,237,,,False,False,False,False
961,Al kabeer TAYEBAT chicken BURGERS 840 GM,CKBBTY,TAYEBAT BREADED CHICKEN BURGERS 840 g. x 8 Pkts,v2_synthetic_by_construction,CORRECT_BUT_LOW_CONFIDENCE,,,"No SKU among all 237 is objectively superior, but the assigned SKU is not a clear winner: offer words unaccounted for []; name rank 8/237 (81.3).",deterministic,,,0,237,,,False,False,False,False
962,Al Kabeer Chiken stick Hot N Spicy,CCKSHA,CHICKEN STICK BULK HOT & SPICY,v2_synthetic_by_construction,CORRECT_BUT_LOW_CONFIDENCE,,,"No SKU among all 237 is objectively superior, but the assigned SKU is not a clear winner: offer words unaccounted for []; name rank 1/237 (79.3).",deterministic,,,0,237,,,False,False,False,False
963,Al Kabeer CHICKEN stick SPICY,CCKSHA,CHICKEN STICK BULK HOT & SPICY,v2_synthetic_by_construction,VERIFIED_CORRECT,,,"Best of all 237 SKUs on name similarity (87.5, margin +10.2); no attribute conflict; pack unknown.",deterministic,,,0,237,,,False,False,False,False
964,Al Kabeer cheese stick,CCMS,MOZZERELLA CHEESE STICKS,v2_synthetic_by_construction,CORRECT_BUT_LOW_CONFIDENCE,,,"No SKU among all 237 is objectively superior, but the assigned SKU is not a clear winner: offer words unaccounted for []; name rank 2/237 (77.8).",deterministic,,,0,237,,,False,False,False,False
965,Al kbeer cheese stick,CCMS,MOZZERELLA CHEESE STICKS,v2_synthetic_by_construction,CORRECT_BUT_LOW_CONFIDENCE,,,"No SKU among all 237 is objectively superior, but the assigned SKU is not a clear winner: offer words unaccounted for []; name rank 2/237 (70.4).",deterministic,,,0,237,,,False,False,False,False
966,Alkabheer cheese stick,CCMSA,MOZZARELLA CHEESE STICKS,v2_synthetic_by_construction,CORRECT_BUT_LOW_CONFIDENCE,,,"No SKU among all 237 is objectively superior, but the assigned SKU is not a clear winner: offer words unaccounted for []; name rank 1/237 (66.9).",deterministic,,,0,237,,,False,False,False,False
967,Al Kabeer's Cheese stick,CCMSA,MOZZARELLA CHEESE STICKS,v2_synthetic_by_construction,CORRECT_BUT_LOW_CONFIDENCE,,,"No SKU among all 237 is objectively superior, but the assigned SKU is not a clear winner: offer words unaccounted for []; name rank 2/237 (76.6).",deterministic,,,0,237,,,False,False,False,False
968,Alkabheer cheese Sambosa,CCSAK,12 CHEESE SAMOSAS,v2_synthetic_by_construction,VERIFIED_CORRECT,,,"Assigned SKU accounts for every distinguishing word in the offer (['cheese', 'samosa']) and introduces none the offer does not state; protein/family/variant compatible, pack unknown; no superior SKU exists among all 237.",deterministic,,,0,237,,,False,False,False,False
969,Al kabeer Chkn stick,CCKSB,CHICKEN STICKS BULK,v2_synthetic_by_construction,VERIFIED_CORRECT,,,"Best of all 237 SKUs on name similarity (76.0, margin +7.1); no attribute conflict; pack unknown.",deterministic,,,0,237,,,False,False,False,False
970,Al Kabeer Beef kibbeh,CBK,BEEF KIBBEH 400,v2_synthetic_by_construction,VERIFIED_CORRECT,,,"Assigned SKU accounts for every distinguishing word in the offer (['beef', 'kibbeh']) and introduces none the offer does not state; protein/family/variant compatible, pack unknown; no superior SKU exists among all 237.",deterministic,,,0,237,,,False,False,False,False
971,AlKabeer Chckn biryani,CCCB,CHICKEN BIRYANI 400,v2_synthetic_by_construction,VERIFIED_CORRECT,,,"Assigned SKU accounts for every distinguishing word in the offer (['biryani', 'chicken']) and introduces none the offer does not state; protein/family/variant compatible, pack unknown; no superior SKU exists among all 237.",deterministic,,,0,237,,,False,False,False,False
972,Al-Kabeer CHICKEN rice,CCCTM,CHICKEN TIKKA MAKHANI & PILAU RICE,v2_synthetic_by_construction,CORRECT_BUT_LOW_CONFIDENCE,,,"No SKU among all 237 is objectively superior, but the assigned SKU is not a clear winner: offer words unaccounted for []; name rank 4/237 (78.0).",deterministic,,,0,237,,,False,False,False,False
973,ALKABEER Chkn fries,CCF,CHICKEN FRIES,v2_synthetic_by_construction,VERIFIED_CORRECT,,,"Assigned SKU accounts for every distinguishing word in the offer (['chicken', 'frie']) and introduces none the offer does not state; protein/family/variant compatible, pack unknown; no superior SKU exists among all 237.",deterministic,,,0,237,,category_gate_unreachable,False,False,True,False
974,Al Kabeer's CHICKEN fries,CCFA,CHICKEN FRIES BULK,v2_synthetic_by_construction,INCORRECT,CCF,CHICKEN FRIES,"CCF (CHICKEN FRIES) is superior: assigned SKU is over-specific: it adds 1 word(s) the offer never states, the replacement adds none. Offer words covered by replacement=['chicken', 'frie'] vs assigned=['chicken', 'frie']; over-specific words replacement=0 vs assigned=1; name similarity 97.6 vs 88.2 (+9.5); protein=1 family=1 pack=unknown; spec '12 PKTS X 400 GRM'. All 237 master SKUs were compared before selecting this replacement.",deterministic,,,1,237,,,False,False,False,False
975,Al Kabeer Chckn fries,CCFA,CHICKEN FRIES BULK,v2_synthetic_by_construction,INCORRECT,CCF,CHICKEN FRIES,"CCF (CHICKEN FRIES) is superior: assigned SKU is over-specific: it adds 1 word(s) the offer never states, the replacement adds none. Offer words covered by replacement=['chicken', 'frie'] vs assigned=['chicken', 'frie']; over-specific words replacement=0 vs assigned=1; name similarity 89.7 vs 77.8 (+11.8); protein=1 family=1 pack=unknown; spec '12 PKTS X 400 GRM'. All 237 master SKUs were compared before selecting this replacement.",deterministic,,,1,237,,category_gate_unreachable,False,False,True,False
976,Al Kabeer's chicken stick,CCKSB,CHICKEN STICKS BULK,v2_synthetic_by_construction,CORRECT_BUT_LOW_CONFIDENCE,,,"No SKU among all 237 is objectively superior, but the assigned SKU is not a clear winner: offer words unaccounted for []; name rank 2/237 (83.9).",deterministic,,,0,237,,,False,False,False,False
977,Al kabeer Cheese Sambosa,CCSAK,12 CHEESE SAMOSAS,v2_synthetic_by_construction,VERIFIED_CORRECT,,,"Assigned SKU accounts for every distinguishing word in the offer (['cheese', 'samosa']) and introduces none the offer does not state; protein/family/variant compatible, pack unknown; no superior SKU exists among all 237.",deterministic,,,0,237,,,False,False,False,False
978,Al Kabee A.K PRO Cheese SAMOSAS,CCSAKPR,A.K PRO CHEESE SAMOSA,v2_synthetic_by_construction,CORRECT_BUT_LOW_CONFIDENCE,,,"Assigned SKU carries rule defect(s) ['family_contradiction'], but no SKU among all 237 is objectively superior, so no replacement is justified.",deterministic,,,0,237,family_contradiction,,False,False,False,False
979,AL KABBER CHEESE Samosas,CCSK,KIRI CHEESE SAMOSA,v2_synthetic_by_construction,INCORRECT,CCSAK,12 CHEESE SAMOSAS,"CCSAK (12 CHEESE SAMOSAS) is superior: assigned SKU is over-specific: it adds 1 word(s) the offer never states, the replacement adds none. Offer words covered by replacement=['cheese', 'samosa'] vs assigned=['cheese', 'samosa']; over-specific words replacement=0 vs assigned=1; name similarity 85.7 vs 80.2 (+5.5); protein=1 family=1 pack=unknown; spec '240 Gms x 20 Pkts'. All 237 master SKUs were compared before selecting this replacement.",deterministic,,,1,237,family_contradiction,,False,False,False,False
980,Al Kabee cheese SAMOSAS,CCSK,KIRI CHEESE SAMOSA,v2_synthetic_by_construction,INCORRECT,CCSAK,12 CHEESE SAMOSAS,"CCSAK (12 CHEESE SAMOSAS) is superior: assigned SKU is over-specific: it adds 1 word(s) the offer never states, the replacement adds none. Offer words covered by replacement=['cheese', 'samosa'] vs assigned=['cheese', 'samosa']; over-specific words replacement=0 vs assigned=1; name similarity 86.4 vs 77.1 (+9.3); protein=1 family=1 pack=unknown; spec '240 Gms x 20 Pkts'. All 237 master SKUs were compared before selecting this replacement.",deterministic,,,1,237,family_contradiction,,False,False,False,False
981,Al kabeer Cheese samosas 240g,CCSKJP,Kiri Cheese & Jalapeño Samosas 240 g. X 20,v2_synthetic_by_construction,INCORRECT,CCSAK,12 CHEESE SAMOSAS,"CCSAK (12 CHEESE SAMOSAS) is superior: assigned SKU is over-specific: it adds 2 word(s) the offer never states, the replacement adds none. Offer words covered by replacement=['cheese', 'samosa'] vs assigned=['cheese', 'samosa']; over-specific words replacement=0 vs assigned=2; name similarity 96.8 vs 71.4 (+25.3); protein=1 family=1 pack=compatible; spec '240 Gms x 20 Pkts'. All 237 master SKUs were compared before selecting this replacement.",deterministic,,,1,237,,,False,False,False,False
982,Al kbeer cheese Samosa 240gr,CCSKJP,Kiri Cheese & Jalapeño Samosas 240 g. X 20,v2_synthetic_by_construction,INCORRECT,CCSAK,12 CHEESE SAMOSAS,"CCSAK (12 CHEESE SAMOSAS) is superior: assigned SKU is over-specific: it adds 2 word(s) the offer never states, the replacement adds none. Offer words covered by replacement=['cheese', 'samosa'] vs assigned=['cheese', 'samosa']; over-specific words replacement=0 vs assigned=2; name similarity 71.9 vs 56.6 (+15.3); protein=1 family=1 pack=unknown; spec '240 Gms x 20 Pkts'. All 237 master SKUs were compared before selecting this replacement.",deterministic,,,1,237,,,False,False,False,False
983,ALKABEEER Cheese Samosas 3 x 240 gm,CCSKZR,Kiri Cheese & Zaatar Samosas 240 g. X 20,v2_synthetic_by_construction,INCORRECT,CCSAK,12 CHEESE SAMOSAS,"CCSAK (12 CHEESE SAMOSAS) is superior: assigned SKU is over-specific: it adds 2 word(s) the offer never states, the replacement adds none. Offer words covered by replacement=['cheese', 'samosa'] vs assigned=['cheese', 'samosa']; over-specific words replacement=0 vs assigned=2; name similarity 82.8 vs 63.1 (+19.7); protein=1 family=1 pack=compatible; spec '240 Gms x 20 Pkts'. All 237 master SKUs were compared before selecting this replacement.",deterministic,,,1,237,,,False,False,False,False
984,Al-Kabeer Cheese Sambosa 240gm,CCSKZR,Kiri Cheese & Zaatar Samosas 240 g. X 20,v2_synthetic_by_construction,INCORRECT,CCSAK,12 CHEESE SAMOSAS,"CCSAK (12 CHEESE SAMOSAS) is superior: assigned SKU is over-specific: it adds 2 word(s) the offer never states, the replacement adds none. Offer words covered by replacement=['cheese', 'samosa'] vs assigned=['cheese', 'samosa']; over-specific words replacement=0 vs assigned=2; name similarity 86.9 vs 57.5 (+29.4); protein=1 family=1 pack=compatible; spec '240 Gms x 20 Pkts'. All 237 master SKUs were compared before selecting this replacement.",deterministic,,,1,237,,,False,False,False,False
985,Al-Kabeer AK Pro CHEESE Sambosa,CCSAKPR,A.K PRO CHEESE SAMOSA,v2_synthetic_by_construction,VERIFIED_CORRECT,,,"Assigned SKU accounts for every distinguishing word in the offer (['cheese', 'pro', 'samosa']) and introduces none the offer does not state; protein/family/variant compatible, pack unknown; no superior SKU exists among all 237.",deterministic,,,0,237,,,False,False,False,False
986,Al Kabeer's CHEESE Samosas,CCSAKA,CHEESE SAMOSAS BULK,v2_synthetic_by_construction,INCORRECT,CCSAK,12 CHEESE SAMOSAS,"CCSAK (12 CHEESE SAMOSAS) is superior: assigned SKU is over-specific: it adds 1 word(s) the offer never states, the replacement adds none. Offer words covered by replacement=['cheese', 'samosa'] vs assigned=['cheese', 'samosa']; over-specific words replacement=0 vs assigned=1; name similarity 91.7 vs 88.9 (+2.8); protein=1 family=1 pack=unknown; spec '240 Gms x 20 Pkts'. All 237 master SKUs were compared before selecting this replacement.",deterministic,,,1,237,,,False,False,False,False
987,Al Kabeer's cheese Sambosa,CCSAKA,CHEESE SAMOSAS BULK,v2_synthetic_by_construction,INCORRECT,CCSAK,12 CHEESE SAMOSAS,"CCSAK (12 CHEESE SAMOSAS) is superior: assigned SKU is over-specific: it adds 1 word(s) the offer never states, the replacement adds none. Offer words covered by replacement=['cheese', 'samosa'] vs assigned=['cheese', 'samosa']; over-specific words replacement=0 vs assigned=1; name similarity 84.7 vs 81.3 (+3.3); protein=1 family=1 pack=unknown; spec '240 Gms x 20 Pkts'. All 237 master SKUs were compared before selecting this replacement.",deterministic,,,1,237,,,False,False,False,False
988,Al-Kabeer AK PRO Cheese Samosa,CCSAKPR,A.K PRO CHEESE SAMOSA,v2_synthetic_by_construction,VERIFIED_CORRECT,,,"Assigned SKU accounts for every distinguishing word in the offer (['cheese', 'pro', 'samosa']) and introduces none the offer does not state; protein/family/variant compatible, pack unknown; no superior SKU exists among all 237.",deterministic,,,0,237,,,False,False,False,False
989,Al kabeer A.K PRO Cheese samosas,CCSAKPR,A.K PRO CHEESE SAMOSA,v2_synthetic_by_construction,CORRECT_BUT_LOW_CONFIDENCE,,,"Assigned SKU carries rule defect(s) ['family_contradiction'], but no SKU among all 237 is objectively superior, so no replacement is justified.",deterministic,,,0,237,family_contradiction,,False,False,False,False
990,AlKabeer AK PRO cheese samosas,CCSAKPR,A.K PRO CHEESE SAMOSA,v2_synthetic_by_construction,CORRECT_BUT_LOW_CONFIDENCE,,,"Assigned SKU carries rule defect(s) ['family_contradiction'], but no SKU among all 237 is objectively superior, so no replacement is justified.",deterministic,,,0,237,family_contradiction,,False,False,False,False
991,Al Kaber A/K Pro CHEESE samosas,CCSAKPR,A.K PRO CHEESE SAMOSA,v2_synthetic_by_construction,CORRECT_BUT_LOW_CONFIDENCE,,,"Assigned SKU carries rule defect(s) ['family_contradiction'], but no SKU among all 237 is objectively superior, so no replacement is justified.",deterministic,,,0,237,family_contradiction,,False,False,False,False
992,Al kabeer AK Pro Cheese Samosas,CCSAKPR,A.K PRO CHEESE SAMOSA,v2_synthetic_by_construction,CORRECT_BUT_LOW_CONFIDENCE,,,"Assigned SKU carries rule defect(s) ['family_contradiction'], but no SKU among all 237 is objectively superior, so no replacement is justified.",deterministic,,,0,237,family_contradiction,,False,False,False,False
993,Al-Kabeer A/K Pro CHEESE Samosa,CCSAKPR,A.K PRO CHEESE SAMOSA,v2_synthetic_by_construction,VERIFIED_CORRECT,,,"Assigned SKU accounts for every distinguishing word in the offer (['cheese', 'pro', 'samosa']) and introduces none the offer does not state; protein/family/variant compatible, pack unknown; no superior SKU exists among all 237.",deterministic,,,0,237,,,False,False,False,False
994,Al-Kabeer Beef Kibeh,CBK,BEEF KIBBEH 400,v2_synthetic_by_construction,VERIFIED_CORRECT,,,"Assigned SKU accounts for every distinguishing word in the offer (['beef', 'kibeh']) and introduces none the offer does not state; protein/family/variant compatible, pack unknown; no superior SKU exists among all 237.",deterministic,,,0,237,,,False,False,False,False
995,ALKABEER AK Pro Beef BURGERS,CBBAGPR,AK PRO BEEF BURGER 24,v2_synthetic_by_construction,VERIFIED_CORRECT,,,"Assigned SKU accounts for every distinguishing word in the offer (['beef', 'burger', 'pro']) and introduces none the offer does not state; protein/family/variant compatible, pack unknown; no superior SKU exists among all 237.",deterministic,,,0,237,,,False,False,False,False
996,Al-Kabeer AK PRO Beef Burgers,CBBAGPR,AK PRO BEEF BURGER 24,v2_synthetic_by_construction,VERIFIED_CORRECT,,,"Assigned SKU accounts for every distinguishing word in the offer (['beef', 'burger', 'pro']) and introduces none the offer does not state; protein/family/variant compatible, pack unknown; no superior SKU exists among all 237.",deterministic,,,0,237,,,False,False,False,False
997,Al kbeer A/K Pro Beef BURGERS,CBBAGPR,AK PRO BEEF BURGER 24,v2_synthetic_by_construction,VERIFIED_CORRECT,,,"Assigned SKU accounts for every distinguishing word in the offer (['beef', 'burger', 'pro']) and introduces none the offer does not state; protein/family/variant compatible, pack unknown; no superior SKU exists among all 237.",deterministic,,,0,237,,,False,False,False,False
998,Al kbeer AK Pro Beef Burger,CBBAGPR,AK PRO BEEF BURGER 24,v2_synthetic_by_construction,VERIFIED_CORRECT,,,"Assigned SKU accounts for every distinguishing word in the offer (['beef', 'burger', 'pro']) and introduces none the offer does not state; protein/family/variant compatible, pack unknown; no superior SKU exists among all 237.",deterministic,,,0,237,,,False,False,False,False
999,AL KABEER Beef BURGERS 3 x 100g,CBBG100,CHAR.JUMBO BEEF BURGERS BULK(100G)6*1 KG,v2_synthetic_by_construction,CORRECT_BUT_LOW_CONFIDENCE,,,"Assigned SKU carries rule defect(s) ['pack_incompatible'], but no SKU among all 237 is objectively superior, so no replacement is justified.",deterministic,,,0,237,pack_incompatible,,False,True,False,False
1000,Alkabeer Beef BURGERS (100 gm),CBBG100,CHAR.JUMBO BEEF BURGERS BULK(100G)6*1 KG,v2_synthetic_by_construction,INCORRECT,CBBO,4 BEEF BURGERS,"CBBO (4 BEEF BURGERS) is superior: assigned SKU is over-specific: it adds 5 word(s) the offer never states, the replacement adds none. Offer words covered by replacement=['beef', 'burger'] vs assigned=['beef', 'burger']; over-specific words replacement=0 vs assigned=5; name similarity 97.4 vs 82.1 (+15.4); protein=1 family=1 pack=INCOMPATIBLE; spec '200 Gms x 30 Pkt'. All 237 master SKUs were compared before selecting this replacement.",deterministic,,,3,237,pack_incompatible,,False,True,False,False
1001,Al kbeer Beef BURGERS,CBBO,4 BEEF BURGERS,v2_synthetic_by_construction,VERIFIED_CORRECT,,,"Assigned SKU accounts for every distinguishing word in the offer (['beef', 'burger']) and introduces none the offer does not state; protein/family/variant compatible, pack unknown; no superior SKU exists among all 237.",deterministic,,,0,237,,,False,False,False,False
1002,Al Kabeer's Beef BURGERS,CBBO,4 BEEF BURGERS,v2_synthetic_by_construction,VERIFIED_CORRECT,,,"Assigned SKU accounts for every distinguishing word in the offer (['beef', 'burger']) and introduces none the offer does not state; protein/family/variant compatible, pack unknown; no superior SKU exists among all 237.",deterministic,,,0,237,,,False,False,False,False
1003,AL KABEER A/K Pro Beef burgers,CBBAGPR,AK PRO BEEF BURGER 24,v2_synthetic_by_construction,VERIFIED_CORRECT,,,"Assigned SKU accounts for every distinguishing word in the offer (['beef', 'burger', 'pro']) and introduces none the offer does not state; protein/family/variant compatible, pack unknown; no superior SKU exists among all 237.",deterministic,,,0,237,,,False,False,False,False
1004,AL KABEER Beef Filets,BF,BEEF TENDERLOIN/FILLET,v2_synthetic_by_construction,CORRECT_BUT_LOW_CONFIDENCE,,,"No SKU among all 237 is objectively superior, but the assigned SKU is not a clear winner: offer words unaccounted for []; name rank 5/237 (63.9).",deterministic,,,0,237,,,False,False,False,False
1005,Alkabeers Beef tenderloin,BTS,BEEF TOPSIDE ALK,v2_synthetic_by_construction,INCORRECT,BF,BEEF TENDERLOIN/FILLET,"BF (BEEF TENDERLOIN/FILLET) is superior: covers strictly more of the offer's own wording (['beef', 'tenderloin'] vs ['beef']). Offer words covered by replacement=['beef', 'tenderloin'] vs assigned=['beef']; over-specific words replacement=1 vs assigned=2; name similarity 82.5 vs 54.3 (+28.2); protein=1 family=1 pack=unknown; spec '20 KGS'. All 237 master SKUs were compared before selecting this replacement.",deterministic,,,1,237,,,False,False,False,False
1006,AL KABEER AK PRO Beef Burger,CBBAGPR,AK PRO BEEF BURGER 24,v2_synthetic_by_construction,VERIFIED_CORRECT,,,"Assigned SKU accounts for every distinguishing word in the offer (['beef', 'burger', 'pro']) and introduces none the offer does not state; protein/family/variant compatible, pack unknown; no superior SKU exists among all 237.",deterministic,,,0,237,,,False,False,False,False
1007,ALKABEEER A.K PRO Beef burgers,CBBAGPR,AK PRO BEEF BURGER 24,v2_synthetic_by_construction,VERIFIED_CORRECT,,,"Assigned SKU accounts for every distinguishing word in the offer (['beef', 'burger', 'pro']) and introduces none the offer does not state; protein/family/variant compatible, pack unknown; no superior SKU exists among all 237.",deterministic,,,0,237,,,False,False,False,False
1008,AlKabeer A.K PRO Beef Burger,CBBAGPR,AK PRO BEEF BURGER 24,v2_synthetic_by_construction,VERIFIED_CORRECT,,,"Assigned SKU accounts for every distinguishing word in the offer (['beef', 'burger', 'pro']) and introduces none the offer does not state; protein/family/variant compatible, pack unknown; no superior SKU exists among all 237.",deterministic,,,0,237,,,False,False,False,False
1009,AL-KABEEZ A.K PRO Beef Burger,CBBAGPR,AK PRO BEEF BURGER 24,v2_synthetic_by_construction,VERIFIED_CORRECT,,,"Assigned SKU accounts for every distinguishing word in the offer (['beef', 'burger', 'pro']) and introduces none the offer does not state; protein/family/variant compatible, pack unknown; no superior SKU exists among all 237.",deterministic,,,0,237,,,False,False,False,False
1010,AL KABEER Cheese spring rolls,CCSRA,8 CHEESE SPRING ROLLS,v2_synthetic_by_construction,VERIFIED_CORRECT,,,"Assigned SKU accounts for every distinguishing word in the offer (['cheese', 'roll', 'spring']) and introduces none the offer does not state; protein/family/variant compatible, pack unknown; no superior SKU exists among all 237.",deterministic,,,0,237,,,False,False,False,False
1011,Al Kabeer's Beef burgers,CBBO24,24 BEEF BURGERS,v2_synthetic_by_construction,VERIFIED_CORRECT,,,"Assigned SKU accounts for every distinguishing word in the offer (['beef', 'burger']) and introduces none the offer does not state; protein/family/variant compatible, pack unknown; no superior SKU exists among all 237.",deterministic,,,0,237,,,False,False,False,False
1012,AL KABEER Tayebat Beef Burger,CBBOT,TAYEBAT BEEF BURGERS ONION BULK,v2_synthetic_by_construction,CORRECT_BUT_LOW_CONFIDENCE,,,"Assigned SKU carries rule defect(s) ['family_contradiction'], but no SKU among all 237 is objectively superior, so no replacement is justified.",deterministic,,,0,237,family_contradiction,,False,False,False,False
1013,AL KABBER Taybat Beef Burgers,CBBOT,TAYEBAT BEEF BURGERS ONION BULK,v2_synthetic_by_construction,CORRECT_BUT_LOW_CONFIDENCE,,,"No SKU among all 237 is objectively superior, but the assigned SKU is not a clear winner: offer words unaccounted for []; name rank 5/237 (72.5).",deterministic,,,0,237,,,False,False,False,False
1014,Al Kabeer's TAYEBAT Beef Burger,CBBOT,TAYEBAT BEEF BURGERS ONION BULK,v2_synthetic_by_construction,CORRECT_BUT_LOW_CONFIDENCE,,,"Assigned SKU carries rule defect(s) ['family_contradiction'], but no SKU among all 237 is objectively superior, so no replacement is justified.",deterministic,,,0,237,family_contradiction,,False,False,False,False
1015,ALKABEER Taybat Beef BURGERS,CBBOT,TAYEBAT BEEF BURGERS ONION BULK,v2_synthetic_by_construction,CORRECT_BUT_LOW_CONFIDENCE,,,"No SKU among all 237 is objectively superior, but the assigned SKU is not a clear winner: offer words unaccounted for []; name rank 3/237 (82.7).",deterministic,,,0,237,,,False,False,False,False
1016,Al kbeer Taybat Beef Burger,CBBOT,TAYEBAT BEEF BURGERS ONION BULK,v2_synthetic_by_construction,CORRECT_BUT_LOW_CONFIDENCE,,,"Assigned SKU carries rule defect(s) ['family_contradiction'], but no SKU among all 237 is objectively superior, so no replacement is justified.",deterministic,,,0,237,family_contradiction,,False,False,False,False
1017,AlKabeer Beef Burgers 56gr,CBBUR,BEEF BURGERS 56 g.,v2_synthetic_by_construction,CORRECT_BUT_LOW_CONFIDENCE,,,"No SKU among all 237 is objectively superior, but the assigned SKU is not a clear winner: offer words unaccounted for ['56gr']; name rank 2/237 (88.9).",deterministic,,,0,237,,,False,False,False,False
1018,Alkabeers Beef Burger 56gm X 3,CBBUR,BEEF BURGERS 56 g.,v2_synthetic_by_construction,CORRECT_BUT_LOW_CONFIDENCE,,,"Assigned SKU carries rule defect(s) ['pack_incompatible', 'family_contradiction'], but no SKU among all 237 is objectively superior, so no replacement is justified.",deterministic,,,0,237,pack_incompatible|family_contradiction,,False,True,False,False
1019,Al kbeer Tayebat Beef burgers,CBBOT,TAYEBAT BEEF BURGERS ONION BULK,v2_synthetic_by_construction,CORRECT_BUT_LOW_CONFIDENCE,,,"No SKU among all 237 is objectively superior, but the assigned SKU is not a clear winner: offer words unaccounted for []; name rank 3/237 (77.8).",deterministic,,,0,237,,,False,False,False,False
1020,Al kabeer Beef Burger,CBBO24,24 BEEF BURGERS,v2_synthetic_by_construction,CORRECT_BUT_LOW_CONFIDENCE,,,"Assigned SKU carries rule defect(s) ['family_contradiction'], but no SKU among all 237 is objectively superior, so no replacement is justified.",deterministic,,,0,237,family_contradiction,,False,False,False,False
1021,Alkabeers Beef burgers,CBBOA,BEEF BURGERS BULK,v2_synthetic_by_construction,INCORRECT,CBBO,4 BEEF BURGERS,"CBBO (4 BEEF BURGERS) is superior: assigned SKU is over-specific: it adds 1 word(s) the offer never states, the replacement adds none. Offer words covered by replacement=['beef', 'burger'] vs assigned=['beef', 'burger']; over-specific words replacement=0 vs assigned=1; name similarity 91.6 vs 87.3 (+4.3); protein=1 family=1 pack=unknown; spec '200 Gms x 30 Pkt'. All 237 master SKUs were compared before selecting this replacement.",deterministic,,,3,237,,,False,False,False,False
1022,Al Kabeer Beef Burgers,CBBOA,BEEF BURGERS BULK,v2_synthetic_by_construction,INCORRECT,CBBO,4 BEEF BURGERS,"CBBO (4 BEEF BURGERS) is superior: assigned SKU is over-specific: it adds 1 word(s) the offer never states, the replacement adds none. Offer words covered by replacement=['beef', 'burger'] vs assigned=['beef', 'burger']; over-specific words replacement=0 vs assigned=1; name similarity 97.4 vs 94.3 (+3.2); protein=1 family=1 pack=unknown; spec '200 Gms x 30 Pkt'. All 237 master SKUs were compared before selecting this replacement.",deterministic,,,2,237,,,False,False,False,False
1023,AL-KABEEZ Tayebat Beef BURGERS,CBBOT,TAYEBAT BEEF BURGERS ONION BULK,v2_synthetic_by_construction,CORRECT_BUT_LOW_CONFIDENCE,,,"No SKU among all 237 is objectively superior, but the assigned SKU is not a clear winner: offer words unaccounted for []; name rank 3/237 (76.3).",deterministic,,,0,237,,,False,False,False,False
1024,Alkabeers Tayebat Beef BURGERS,CBBOT,TAYEBAT BEEF BURGERS ONION BULK,v2_synthetic_by_construction,VERIFIED_CORRECT,,,"Best of all 237 SKUs on name similarity (89.9, margin +4.8); no attribute conflict; pack unknown.",deterministic,,,0,237,,,False,False,False,False
1025,Al Kabeer's TAYEBAT Beef Burgers,CBBOT,TAYEBAT BEEF BURGERS ONION BULK,v2_synthetic_by_construction,VERIFIED_CORRECT,,,"Best of all 237 SKUs on name similarity (89.9, margin +4.8); no attribute conflict; pack unknown.",deterministic,,,0,237,,,False,False,False,False
1026,Alkabheer Tayebat Beef burgers,CBBOT,TAYEBAT BEEF BURGERS ONION BULK,v2_synthetic_by_construction,CORRECT_BUT_LOW_CONFIDENCE,,,"No SKU among all 237 is objectively superior, but the assigned SKU is not a clear winner: offer words unaccounted for []; name rank 3/237 (76.3).",deterministic,,,0,237,,,False,False,False,False
1027,Al Kabeer's Taybat Beef burgers,CBBOT,TAYEBAT BEEF BURGERS ONION BULK,v2_synthetic_by_construction,CORRECT_BUT_LOW_CONFIDENCE,,,"No SKU among all 237 is objectively superior, but the assigned SKU is not a clear winner: offer words unaccounted for []; name rank 3/237 (82.2).",deterministic,,,0,237,,,False,False,False,False
1028,Al kabeer A/K Pro Chkn burgers 840 GRAMS,CKBBADPR,AK PRO Breaded Chicken Burger Bag 840 g. x 8,v2_synthetic_by_construction,INCORRECT,CKB24PR,AK PRO CHICKEN BURGER 24,"CKB24PR (AK PRO CHICKEN BURGER 24) is superior: assigned SKU is over-specific: it adds 2 word(s) the offer never states, the replacement adds none. Offer words covered by replacement=['burger', 'chicken', 'pro'] vs assigned=['burger', 'chicken', 'pro']; over-specific words replacement=0 vs assigned=2; name similarity 73.5 vs 57.7 (+15.8); protein=1 family=1 pack=unknown; spec '1.392 kg x 6 Pkts'. All 237 master SKUs were compared before selecting this replacement.",deterministic,,,2,237,,,False,False,False,False
1029,Al-Kabeer A/K Pro CHICKEN Burger 840g,CKBBADPR,AK PRO Breaded Chicken Burger Bag 840 g. x 8,v2_synthetic_by_construction,CORRECT_BUT_LOW_CONFIDENCE,,,"No SKU among all 237 is objectively superior, but the assigned SKU is not a clear winner: offer words unaccounted for ['840g']; name rank 9/237 (75.5).",deterministic,,,0,237,,,False,False,False,False
1030,Alkaberer A.K PRO CHICKEN BURGERS 840 GRAMS,CKBBADPR,AK PRO Breaded Chicken Burger Bag 840 g. x 8,v2_synthetic_by_construction,INCORRECT,CKB24PR,AK PRO CHICKEN BURGER 24,"CKB24PR (AK PRO CHICKEN BURGER 24) is superior: assigned SKU is over-specific: it adds 2 word(s) the offer never states, the replacement adds none. Offer words covered by replacement=['burger', 'chicken', 'pro'] vs assigned=['burger', 'chicken', 'pro']; over-specific words replacement=0 vs assigned=2; name similarity 77.1 vs 67.4 (+9.7); protein=1 family=1 pack=unknown; spec '1.392 kg x 6 Pkts'. All 237 master SKUs were compared before selecting this replacement.",deterministic,,,2,237,,,False,False,False,False
1031,AL-KABEEZ CHICKEN Burger Spicy,CKBBS,8 BREADED CHICKEN BURGER HOT & SPICY,v2_synthetic_by_construction,CORRECT_BUT_LOW_CONFIDENCE,,,"No SKU among all 237 is objectively superior, but the assigned SKU is not a clear winner: offer words unaccounted for []; name rank 3/237 (74.8).",deterministic,,,0,237,,,False,False,False,False
1032,Alkabeers Chkn burgers Hot & Spicy,CKBBS,8 BREADED CHICKEN BURGER HOT & SPICY,v2_synthetic_by_construction,VERIFIED_CORRECT,,,"Best of all 237 SKUs on name similarity (75.0, margin +4.8); no attribute conflict; pack unknown.",deterministic,,,0,237,,,False,False,False,False
1033,Al Kabeer's TAYEBAT Chckn burgers,CKBBT,TAYEBAT BREADED CHICKEN BURGERS BULK,v2_synthetic_by_construction,INCORRECT,CKBT,TAYEBAT CHICKEN BURGER,"CKBT (TAYEBAT CHICKEN BURGER) is superior: assigned SKU is over-specific: it adds 2 word(s) the offer never states, the replacement adds none. Offer words covered by replacement=['burger', 'chicken', 'tayebat'] vs assigned=['burger', 'chicken', 'tayebat']; over-specific words replacement=0 vs assigned=2; name similarity 90.3 vs 73.2 (+17.0); protein=1 family=1 pack=unknown; spec '1 Kgs x 9 Pkts'. All 237 master SKUs were compared before selecting this replacement.",deterministic,,,2,237,,,False,False,False,False
1034,Al-Kabeer TAYEBAT Chicken Burger,CKBBT,TAYEBAT BREADED CHICKEN BURGERS BULK,v2_synthetic_by_construction,INCORRECT,CKBT,TAYEBAT CHICKEN BURGER,"CKBT (TAYEBAT CHICKEN BURGER) is superior: assigned SKU is over-specific: it adds 2 word(s) the offer never states, the replacement adds none. Offer words covered by replacement=['burger', 'chicken', 'tayebat'] vs assigned=['burger', 'chicken', 'tayebat']; over-specific words replacement=0 vs assigned=2; name similarity 100.0 vs 78.1 (+21.9); protein=1 family=1 pack=unknown; spec '1 Kgs x 9 Pkts'. All 237 master SKUs were compared before selecting this replacement.",deterministic,,,2,237,family_contradiction,,False,False,False,False
1035,AL KABBER A/K Pro Chkn Burgers 840g,CKBBADPR,AK PRO Breaded Chicken Burger Bag 840 g. x 8,v2_synthetic_by_construction,CORRECT_BUT_LOW_CONFIDENCE,,,"No SKU among all 237 is objectively superior, but the assigned SKU is not a clear winner: offer words unaccounted for ['840g']; name rank 15/237 (57.3).",deterministic,,,0,237,,,False,False,False,False
1036,Al kabeer AK Pro Chicken Burgers 840 gms,CKBBADPR,AK PRO Breaded Chicken Burger Bag 840 g. x 8,v2_synthetic_by_construction,CORRECT_BUT_LOW_CONFIDENCE,,,"No SKU among all 237 is objectively superior, but the assigned SKU is not a clear winner: offer words unaccounted for []; name rank 18/237 (71.4).",deterministic,,,0,237,,,False,False,False,False
1037,Alkabeer A.K PRO Chckn BURGERS (840g),CKBBADPR,AK PRO Breaded Chicken Burger Bag 840 g. x 8,v2_synthetic_by_construction,CORRECT_BUT_LOW_CONFIDENCE,,,"No SKU among all 237 is objectively superior, but the assigned SKU is not a clear winner: offer words unaccounted for ['840g']; name rank 21/237 (61.2).",deterministic,,,0,237,,,False,False,False,False
1038,ALKABEEER A/K Pro Chckn Burger 840 g,CKBBADPR,AK PRO Breaded Chicken Burger Bag 840 g. x 8,v2_synthetic_by_construction,CORRECT_BUT_LOW_CONFIDENCE,,,"No SKU among all 237 is objectively superior, but the assigned SKU is not a clear winner: offer words unaccounted for []; name rank 4/237 (66.5).",deterministic,,,0,237,,,False,False,False,False
1039,Al Kabee Taybat Chiken BURGERS,CKBBT,TAYEBAT BREADED CHICKEN BURGERS BULK,v2_synthetic_by_construction,INCORRECT,CKBT,TAYEBAT CHICKEN BURGER,"CKBT (TAYEBAT CHICKEN BURGER) is superior: assigned SKU is over-specific: it adds 2 word(s) the offer never states, the replacement adds none. Offer words covered by replacement=['burger', 'chicken', 'taybat'] vs assigned=['burger', 'chicken', 'taybat']; over-specific words replacement=0 vs assigned=2; name similarity 82.3 vs 70.7 (+11.6); protein=1 family=1 pack=unknown; spec '1 Kgs x 9 Pkts'. All 237 master SKUs were compared before selecting this replacement.",deterministic,,,2,237,,,False,False,False,False
1040,Al kabeer A.K PRO Chkn Burgers 840 GM,CKBBADPR,AK PRO Breaded Chicken Burger Bag 840 g. x 8,v2_synthetic_by_construction,CORRECT_BUT_LOW_CONFIDENCE,,,"No SKU among all 237 is objectively superior, but the assigned SKU is not a clear winner: offer words unaccounted for []; name rank 19/237 (59.7).",deterministic,,,0,237,,,False,False,False,False
1041,Alkabeer A.K PRO Chiken BURGERS 840 GRAMS,CKBBADPR,AK PRO Breaded Chicken Burger Bag 840 g. x 8,v2_synthetic_by_construction,INCORRECT,CKB24PR,AK PRO CHICKEN BURGER 24,"CKB24PR (AK PRO CHICKEN BURGER 24) is superior: assigned SKU is over-specific: it adds 2 word(s) the offer never states, the replacement adds none. Offer words covered by replacement=['burger', 'chicken', 'pro'] vs assigned=['burger', 'chicken', 'pro']; over-specific words replacement=0 vs assigned=2; name similarity 78.5 vs 62.4 (+16.1); protein=1 family=1 pack=unknown; spec '1.392 kg x 6 Pkts'. All 237 master SKUs were compared before selecting this replacement.",deterministic,,,2,237,,,False,False,False,False
1042,AL-KABEEZ A.K PRO CHICKEN burgers 3x840gm,CKBBADPR,AK PRO Breaded Chicken Burger Bag 840 g. x 8,v2_synthetic_by_construction,CORRECT_BUT_LOW_CONFIDENCE,,,"No SKU among all 237 is objectively superior, but the assigned SKU is not a clear winner: offer words unaccounted for ['3x840gm']; name rank 14/237 (64.8).",deterministic,,,0,237,,,False,False,False,False
1043,Al-Kabeer A.K PRO Chkn burgers 840gm X 2,CKBBADPR,AK PRO Breaded Chicken Burger Bag 840 g. x 8,v2_synthetic_by_construction,CORRECT_BUT_LOW_CONFIDENCE,,,"No SKU among all 237 is objectively superior, but the assigned SKU is not a clear winner: offer words unaccounted for ['840gm']; name rank 10/237 (61.6).",deterministic,,,0,237,,,False,False,False,False
1044,ALKABEER chicken burgers 2 x 56 gm,CKBBAD,Breaded Chicken Burger Bag (56 g.),v2_synthetic_by_construction,INCORRECT,CKCKB,CHICKEN BURGERS 56 g,"CKCKB (CHICKEN BURGERS 56 g) is superior: assigned SKU is over-specific: it adds 2 word(s) the offer never states, the replacement adds none. Offer words covered by replacement=['burger', 'chicken'] vs assigned=['burger', 'chicken']; over-specific words replacement=0 vs assigned=2; name similarity 92.4 vs 68.6 (+23.8); protein=1 family=1 pack=INCOMPATIBLE; spec '840 g. x 9'. All 237 master SKUs were compared before selecting this replacement.",deterministic,,,4,237,pack_incompatible,,False,True,False,False
1045,ALKABEEER Tayebat Chckn BURGERS 2 x 840 gm,CKBBTY,TAYEBAT BREADED CHICKEN BURGERS 840 g. x 8 Pkts,v2_synthetic_by_construction,CORRECT_BUT_LOW_CONFIDENCE,,,"No SKU among all 237 is objectively superior, but the assigned SKU is not a clear winner: offer words unaccounted for []; name rank 4/237 (67.7).",deterministic,,,0,237,,,False,False,False,False
1046,Al Kabeer's TAYEBAT Chkn Burgers (840 gm),CKBBTY,TAYEBAT BREADED CHICKEN BURGERS 840 g. x 8 Pkts,v2_synthetic_by_construction,CORRECT_BUT_LOW_CONFIDENCE,,,"No SKU among all 237 is objectively superior, but the assigned SKU is not a clear winner: offer words unaccounted for []; name rank 5/237 (71.0).",deterministic,,,0,237,,,False,False,False,False
1047,Alkabeer TAYEBAT Chckn Burgers 840g,CKBBTY,TAYEBAT BREADED CHICKEN BURGERS 840 g. x 8 Pkts,v2_synthetic_by_construction,CORRECT_BUT_LOW_CONFIDENCE,,,"No SKU among all 237 is objectively superior, but the assigned SKU is not a clear winner: offer words unaccounted for ['840g']; name rank 7/237 (73.8).",deterministic,,,0,237,,,False,False,False,False
1048,AlKabeer Tayebat CHICKEN Burgers 840 GRAMS,CKBBTY,TAYEBAT BREADED CHICKEN BURGERS 840 g. x 8 Pkts,v2_synthetic_by_construction,INCORRECT,CKBT,TAYEBAT CHICKEN BURGER,"CKBT (TAYEBAT CHICKEN BURGER) is superior: assigned SKU is over-specific: it adds 1 word(s) the offer never states, the replacement adds none. Offer words covered by replacement=['burger', 'chicken', 'tayebat'] vs assigned=['burger', 'chicken', 'tayebat']; over-specific words replacement=0 vs assigned=1; name similarity 90.8 vs 76.4 (+14.4); protein=1 family=1 pack=unknown; spec '1 Kgs x 9 Pkts'. All 237 master SKUs were compared before selecting this replacement.",deterministic,,,2,237,,,False,False,False,False
1049,Al-Kabeer Tayebat CHICKEN BURGERS 840 gm x 2,CKBBTY,TAYEBAT BREADED CHICKEN BURGERS 840 g. x 8 Pkts,v2_synthetic_by_construction,CORRECT_BUT_LOW_CONFIDENCE,,,"No SKU among all 237 is objectively superior, but the assigned SKU is not a clear winner: offer words unaccounted for []; name rank 7/237 (81.8).",deterministic,,,0,237,,,False,False,False,False
1050,AL KABEER Taybat chicken Burger 2 x 840g,CKBBTY,TAYEBAT BREADED CHICKEN BURGERS 840 g. x 8 Pkts,v2_synthetic_by_construction,CORRECT_BUT_LOW_CONFIDENCE,,,"Assigned SKU carries rule defect(s) ['family_contradiction'], but no SKU among all 237 is objectively superior, so no replacement is justified.",deterministic,,,0,237,family_contradiction,,False,False,False,False
1051,Al Kabee Taybat chicken Burger 840 gr,CKBBTY,TAYEBAT BREADED CHICKEN BURGERS 840 g. x 8 Pkts,v2_synthetic_by_construction,INCORRECT,CKBT,TAYEBAT CHICKEN BURGER,"CKBT (TAYEBAT CHICKEN BURGER) is superior: assigned SKU is over-specific: it adds 1 word(s) the offer never states, the replacement adds none. Offer words covered by replacement=['burger', 'chicken', 'taybat'] vs assigned=['burger', 'chicken', 'taybat']; over-specific words replacement=0 vs assigned=1; name similarity 83.2 vs 67.6 (+15.6); protein=1 family=1 pack=unknown; spec '1 Kgs x 9 Pkts'. All 237 master SKUs were compared before selecting this replacement.",deterministic,,,2,237,family_contradiction,,False,False,False,False
1052,Alkabeer Taybat CHICKEN Burgers 840gm X 3,CKBBTY,TAYEBAT BREADED CHICKEN BURGERS 840 g. x 8 Pkts,v2_synthetic_by_construction,CORRECT_BUT_LOW_CONFIDENCE,,,"No SKU among all 237 is objectively superior, but the assigned SKU is not a clear winner: offer words unaccounted for ['840gm']; name rank 7/237 (76.6).",deterministic,,,0,237,,,False,False,False,False
1053,Al Kabee Taybat Chckn Burgers,CKBBT,TAYEBAT BREADED CHICKEN BURGERS BULK,v2_synthetic_by_construction,INCORRECT,CKBT,TAYEBAT CHICKEN BURGER,"CKBT (TAYEBAT CHICKEN BURGER) is superior: assigned SKU is over-specific: it adds 2 word(s) the offer never states, the replacement adds none. Offer words covered by replacement=['burger', 'chicken', 'taybat'] vs assigned=['burger', 'chicken', 'taybat']; over-specific words replacement=0 vs assigned=2; name similarity 79.8 vs 69.0 (+10.8); protein=1 family=1 pack=unknown; spec '1 Kgs x 9 Pkts'. All 237 master SKUs were compared before selecting this replacement.",deterministic,,,2,237,,,False,False,False,False
1054,AlKabeer Tayebat chicken Burgers,CKBBT,TAYEBAT BREADED CHICKEN BURGERS BULK,v2_synthetic_by_construction,INCORRECT,CKBT,TAYEBAT CHICKEN BURGER,"CKBT (TAYEBAT CHICKEN BURGER) is superior: assigned SKU is over-specific: it adds 2 word(s) the offer never states, the replacement adds none. Offer words covered by replacement=['burger', 'chicken', 'tayebat'] vs assigned=['burger', 'chicken', 'tayebat']; over-specific words replacement=0 vs assigned=2; name similarity 98.5 vs 85.4 (+13.1); protein=1 family=1 pack=unknown; spec '1 Kgs x 9 Pkts'. All 237 master SKUs were compared before selecting this replacement.",deterministic,,,2,237,,,False,False,False,False
1055,AL KABEER Tayebat Chicken Burgers,CKBBT,TAYEBAT BREADED CHICKEN BURGERS BULK,v2_synthetic_by_construction,INCORRECT,CKBT,TAYEBAT CHICKEN BURGER,"CKBT (TAYEBAT CHICKEN BURGER) is superior: assigned SKU is over-specific: it adds 2 word(s) the offer never states, the replacement adds none. Offer words covered by replacement=['burger', 'chicken', 'tayebat'] vs assigned=['burger', 'chicken', 'tayebat']; over-specific words replacement=0 vs assigned=2; name similarity 98.5 vs 85.4 (+13.1); protein=1 family=1 pack=unknown; spec '1 Kgs x 9 Pkts'. All 237 master SKUs were compared before selecting this replacement.",deterministic,,,2,237,,,False,False,False,False
1056,AlKabeer Taybat Chicken burgers,CKBBT,TAYEBAT BREADED CHICKEN BURGERS BULK,v2_synthetic_by_construction,INCORRECT,CKBT,TAYEBAT CHICKEN BURGER,"CKBT (TAYEBAT CHICKEN BURGER) is superior: assigned SKU is over-specific: it adds 2 word(s) the offer never states, the replacement adds none. Offer words covered by replacement=['burger', 'chicken', 'taybat'] vs assigned=['burger', 'chicken', 'taybat']; over-specific words replacement=0 vs assigned=2; name similarity 96.2 vs 78.1 (+18.1); protein=1 family=1 pack=unknown; spec '1 Kgs x 9 Pkts'. All 237 master SKUs were compared before selecting this replacement.",deterministic,,,2,237,,,False,False,False,False
1057,Alkabeer Taybat Chckn Burger,CKBBT,TAYEBAT BREADED CHICKEN BURGERS BULK,v2_synthetic_by_construction,INCORRECT,CKBT,TAYEBAT CHICKEN BURGER,"CKBT (TAYEBAT CHICKEN BURGER) is superior: assigned SKU is over-specific: it adds 2 word(s) the offer never states, the replacement adds none. Offer words covered by replacement=['burger', 'chicken', 'taybat'] vs assigned=['burger', 'chicken', 'taybat']; over-specific words replacement=0 vs assigned=2; name similarity 90.6 vs 70.6 (+20.0); protein=1 family=1 pack=unknown; spec '1 Kgs x 9 Pkts'. All 237 master SKUs were compared before selecting this replacement.",deterministic,,,2,237,family_contradiction,,False,False,False,False
1058,Al Kabeer's TAYEBAT Chicken burgers,CKBBT,TAYEBAT BREADED CHICKEN BURGERS BULK,v2_synthetic_by_construction,INCORRECT,CKBT,TAYEBAT CHICKEN BURGER,"CKBT (TAYEBAT CHICKEN BURGER) is superior: assigned SKU is over-specific: it adds 2 word(s) the offer never states, the replacement adds none. Offer words covered by replacement=['burger', 'chicken', 'tayebat'] vs assigned=['burger', 'chicken', 'tayebat']; over-specific words replacement=0 vs assigned=2; name similarity 95.7 vs 82.4 (+13.3); protein=1 family=1 pack=unknown; spec '1 Kgs x 9 Pkts'. All 237 master SKUs were compared before selecting this replacement.",deterministic,,,2,237,,,False,False,False,False
1059,Alkabheer TAYEBAT Chkn burgers,CKBBT,TAYEBAT BREADED CHICKEN BURGERS BULK,v2_synthetic_by_construction,INCORRECT,CKBT,TAYEBAT CHICKEN BURGER,"CKBT (TAYEBAT CHICKEN BURGER) is superior: assigned SKU is over-specific: it adds 2 word(s) the offer never states, the replacement adds none. Offer words covered by replacement=['burger', 'chicken', 'tayebat'] vs assigned=['burger', 'chicken', 'tayebat']; over-specific words replacement=0 vs assigned=2; name similarity 78.9 vs 69.6 (+9.3); protein=1 family=1 pack=unknown; spec '1 Kgs x 9 Pkts'. All 237 master SKUs were compared before selecting this replacement.",deterministic,,,1,237,,,False,False,False,False
1060,Al Kabeer Taybat Chicken Burgers 840 gm x 3,CKBBTY,TAYEBAT BREADED CHICKEN BURGERS 840 g. x 8 Pkts,v2_synthetic_by_construction,CORRECT_BUT_LOW_CONFIDENCE,,,"No SKU among all 237 is objectively superior, but the assigned SKU is not a clear winner: offer words unaccounted for []; name rank 7/237 (76.6).",deterministic,,,0,237,,,False,False,False,False
1061,AL KABBER Fish stick,CFSA,FISH STICKS BULK,v2_synthetic_by_construction,VERIFIED_CORRECT,,,"Best of all 237 SKUs on name similarity (71.9, margin +13.1); no attribute conflict; pack unknown.",deterministic,,,0,237,,,False,False,False,False
1062,Al Kabeer's ZINGER fish FILLETS Spicy,CFZFB,ZING FISH FILLETS MILD SPICY,v2_synthetic_by_construction,VERIFIED_CORRECT,,,"Best of all 237 SKUs on name similarity (85.3, margin +16.5); no attribute conflict; pack unknown.",deterministic,,,0,237,,,False,False,False,False
1063,Al-Kabeer ZING Fish Fillet HOT & SPICY,CFZFB,ZING FISH FILLETS MILD SPICY,v2_synthetic_by_construction,CORRECT_BUT_LOW_CONFIDENCE,,,"Assigned SKU carries rule defect(s) ['family_contradiction'], but no SKU among all 237 is objectively superior, so no replacement is justified.",deterministic,,,0,237,family_contradiction,,False,False,False,False
1064,Alkabeers zing Fish Filets HOT & SPICY,CFZFB,ZING FISH FILLETS MILD SPICY,v2_synthetic_by_construction,VERIFIED_CORRECT,,,"Best of all 237 SKUs on name similarity (83.2, margin +19.4); no attribute conflict; pack unknown.",deterministic,,,0,237,,,False,False,False,False
1065,Alkabheer Zing FISH Fillets HOT & SPICY,CFZFB,ZING FISH FILLETS MILD SPICY,v2_synthetic_by_construction,VERIFIED_CORRECT,,,"Best of all 237 SKUs on name similarity (83.8, margin +17.5); no attribute conflict; pack unknown.",deterministic,,,0,237,,,False,False,False,False
1066,AL-KABEEZ ZINGER FISH FILLETS Hot and Spicy,CFZFB,ZING FISH FILLETS MILD SPICY,v2_synthetic_by_construction,VERIFIED_CORRECT,,,"Best of all 237 SKUs on name similarity (74.1, margin +8.7); no attribute conflict; pack unknown.",deterministic,,,0,237,,,False,False,False,True
1067,AlKabeer ZINGER Fish fillets spicy,CFZFB,ZING FISH FILLETS MILD SPICY,v2_synthetic_by_construction,VERIFIED_CORRECT,,,"Best of all 237 SKUs on name similarity (86.0, margin +16.4); no attribute conflict; pack unknown.",deterministic,,,0,237,,,False,False,False,False
1068,Al Kabeer Zinger Fish fillets SPICY,CFZFB,ZING FISH FILLETS MILD SPICY,v2_synthetic_by_construction,VERIFIED_CORRECT,,,"Best of all 237 SKUs on name similarity (86.0, margin +16.4); no attribute conflict; pack unknown.",deterministic,,,0,237,,,False,False,False,False
1069,ALKABEER FISH stick,CFSA,FISH STICKS BULK,v2_synthetic_by_construction,VERIFIED_CORRECT,,,"Best of all 237 SKUs on name similarity (84.6, margin +11.7); no attribute conflict; pack unknown.",deterministic,,,0,237,,,False,False,False,False
1070,Al Kabeer's Cheese SPRING ROLLS,CCSRA,8 CHEESE SPRING ROLLS,v2_synthetic_by_construction,VERIFIED_CORRECT,,,"Assigned SKU accounts for every distinguishing word in the offer (['cheese', 'roll', 'spring']) and introduces none the offer does not state; protein/family/variant compatible, pack unknown; no superior SKU exists among all 237.",deterministic,,,0,237,,,False,False,False,False
1071,ALKABEER Beef frank,CFB,BEEF FRANKS,v2_synthetic_by_construction,VERIFIED_CORRECT,,,"Assigned SKU accounts for every distinguishing word in the offer (['beef', 'frank']) and introduces none the offer does not state; protein/family/variant compatible, pack unknown; no superior SKU exists among all 237.",deterministic,,,0,237,,,False,False,False,False
1072,Al kbeer Beef frank,CFB,BEEF FRANKS,v2_synthetic_by_construction,VERIFIED_CORRECT,,,"Assigned SKU accounts for every distinguishing word in the offer (['beef', 'frank']) and introduces none the offer does not state; protein/family/variant compatible, pack unknown; no superior SKU exists among all 237.",deterministic,,,0,237,,,False,False,False,False
1073,Al Kabeer Fish FILLETS,CFBF,BREADED FISH FILLET,v2_synthetic_by_construction,CORRECT_BUT_LOW_CONFIDENCE,,,"No SKU among all 237 is objectively superior, but the assigned SKU is not a clear winner: offer words unaccounted for []; name rank 4/237 (79.2).",deterministic,,,0,237,,,False,False,False,False
1074,AL KABEER FISH Fillet,CFBFA,BREADED FISH FILLET BULK,v2_synthetic_by_construction,CORRECT_BUT_LOW_CONFIDENCE,,,"No SKU among all 237 is objectively superior, but the assigned SKU is not a clear winner: offer words unaccounted for []; name rank 4/237 (87.6).",deterministic,,,0,237,,,False,False,False,False
1075,Al kabeer fish fillets,CFBFA,BREADED FISH FILLET BULK,v2_synthetic_by_construction,CORRECT_BUT_LOW_CONFIDENCE,,,"No SKU among all 237 is objectively superior, but the assigned SKU is not a clear winner: offer words unaccounted for []; name rank 6/237 (71.3).",deterministic,,,0,237,,,False,False,False,False
1076,Alkabeer Fish finger,CFS,FISH FINGERS 300,v2_synthetic_by_construction,VERIFIED_CORRECT,,,"Assigned SKU accounts for every distinguishing word in the offer (['finger', 'fish']) and introduces none the offer does not state; protein/family/variant compatible, pack unknown; no superior SKU exists among all 237.",deterministic,,,0,237,,,False,False,False,False
1077,ALKABEER fish FILLETS,CFBF,BREADED FISH FILLET,v2_synthetic_by_construction,CORRECT_BUT_LOW_CONFIDENCE,,,"No SKU among all 237 is objectively superior, but the assigned SKU is not a clear winner: offer words unaccounted for []; name rank 4/237 (79.2).",deterministic,,,0,237,,,False,False,False,False
1078,Al Kabeer's Zinger FISH fillets HOT & SPICY,CFZFB,ZING FISH FILLETS MILD SPICY,v2_synthetic_by_construction,VERIFIED_CORRECT,,,"Best of all 237 SKUs on name similarity (81.6, margin +15.5); no attribute conflict; pack unknown.",deterministic,,,0,237,,,False,False,False,False
1079,Al-Kabeer A/K Pro Chicken burgers,CKB24PR,AK PRO CHICKEN BURGER 24,v2_synthetic_by_construction,VERIFIED_CORRECT,,,"Assigned SKU accounts for every distinguishing word in the offer (['burger', 'chicken', 'pro']) and introduces none the offer does not state; protein/family/variant compatible, pack unknown; no superior SKU exists among all 237.",deterministic,,,0,237,,,False,False,False,False
1080,Al Kabeer's AK PRO Chckn burgers,CKB24PR,AK PRO CHICKEN BURGER 24,v2_synthetic_by_construction,VERIFIED_CORRECT,,,"Assigned SKU accounts for every distinguishing word in the offer (['burger', 'chicken', 'pro']) and introduces none the offer does not state; protein/family/variant compatible, pack unknown; no superior SKU exists among all 237.",deterministic,,,0,237,,,False,False,False,False
1081,Al kbeer Chiken Burger,CKBB,8 BREADED CHICKEN BURGERS,v2_synthetic_by_construction,INCORRECT,CKKB,4 CHICKEN BURGERS,"CKKB (4 CHICKEN BURGERS) is superior: assigned SKU is over-specific: it adds 1 word(s) the offer never states, the replacement adds none. Offer words covered by replacement=['burger', 'chicken'] vs assigned=['burger', 'chicken']; over-specific words replacement=0 vs assigned=1; name similarity 78.0 vs 68.3 (+9.7); protein=1 family=0 pack=unknown; spec '200 Gms x 30 Pkts'. All 237 master SKUs were compared before selecting this replacement.",deterministic,,,4,237,family_contradiction,,False,False,False,False
1082,Al Kabee Chiken Burger,CKBB,8 BREADED CHICKEN BURGERS,v2_synthetic_by_construction,INCORRECT,CKKB,4 CHICKEN BURGERS,"CKKB (4 CHICKEN BURGERS) is superior: assigned SKU is over-specific: it adds 1 word(s) the offer never states, the replacement adds none. Offer words covered by replacement=['burger', 'chicken'] vs assigned=['burger', 'chicken']; over-specific words replacement=0 vs assigned=1; name similarity 78.0 vs 68.3 (+9.7); protein=1 family=0 pack=unknown; spec '200 Gms x 30 Pkts'. All 237 master SKUs were compared before selecting this replacement.",deterministic,,,4,237,family_contradiction,,False,False,False,False
1083,AL KABEER CHICKEN burgers 50 gr,CKBBA50,BREADED CHICKEN BURGERS 50GM CAT,v2_synthetic_by_construction,INCORRECT,CKCKB,CHICKEN BURGERS 56 g,"CKCKB (CHICKEN BURGERS 56 g) is superior: assigned SKU is over-specific: it adds 3 word(s) the offer never states, the replacement adds none. Offer words covered by replacement=['burger', 'chicken'] vs assigned=['burger', 'chicken']; over-specific words replacement=0 vs assigned=3; name similarity 91.5 vs 79.9 (+11.6); protein=1 family=1 pack=unknown; spec '840 g. x 9'. All 237 master SKUs were compared before selecting this replacement.",deterministic,,,4,237,,,False,False,False,False
1084,AlKabeer Chkn BURGERS (50g),CKBBA50,BREADED CHICKEN BURGERS 50GM CAT,v2_synthetic_by_construction,CORRECT_BUT_LOW_CONFIDENCE,,,"Assigned SKU carries rule defect(s) ['pack_incompatible'], but no SKU among all 237 is objectively superior, so no replacement is justified.",deterministic,,,0,237,pack_incompatible,,False,True,False,False
1085,AL KABEER Chckn Burger (56 gm),CKBBAD,Breaded Chicken Burger Bag (56 g.),v2_synthetic_by_construction,CORRECT_BUT_LOW_CONFIDENCE,,,"Assigned SKU carries rule defect(s) ['pack_incompatible'], but no SKU among all 237 is objectively superior, so no replacement is justified.",deterministic,,,0,237,pack_incompatible,,False,True,False,False
1086,AL KABEER A/K Pro Chckn BURGERS,CKB24PR,AK PRO CHICKEN BURGER 24,v2_synthetic_by_construction,VERIFIED_CORRECT,,,"Assigned SKU accounts for every distinguishing word in the offer (['burger', 'chicken', 'pro']) and introduces none the offer does not state; protein/family/variant compatible, pack unknown; no superior SKU exists among all 237.",deterministic,,,0,237,,,False,False,False,False
1087,Alkaberer ZING Fish fillets Hot N Spicy,CFZFB,ZING FISH FILLETS MILD SPICY,v2_synthetic_by_construction,VERIFIED_CORRECT,,,"Best of all 237 SKUs on name similarity (81.3, margin +11.3); no attribute conflict; pack unknown.",deterministic,,,0,237,,,False,False,False,False
1088,Al Kabeer zing fish fillets Spicy,CFZFB,ZING FISH FILLETS MILD SPICY,v2_synthetic_by_construction,VERIFIED_CORRECT,,,"Best of all 237 SKUs on name similarity (92.9, margin +16.7); no attribute conflict; pack unknown.",deterministic,,,0,237,,,False,False,False,False
1089,Al kabeer AK PRO CHICKEN BURGERS,CKB24PR,AK PRO CHICKEN BURGER 24,v2_synthetic_by_construction,VERIFIED_CORRECT,,,"Assigned SKU accounts for every distinguishing word in the offer (['burger', 'chicken', 'pro']) and introduces none the offer does not state; protein/family/variant compatible, pack unknown; no superior SKU exists among all 237.",deterministic,,,0,237,,,False,False,False,False
1090,Al Kabee A/K Pro Chckn burgers,CKB24PR,AK PRO CHICKEN BURGER 24,v2_synthetic_by_construction,VERIFIED_CORRECT,,,"Best of all 237 SKUs on name similarity (75.1, margin +5.2); no attribute conflict; pack unknown.",deterministic,,,0,237,,,False,False,False,False
1091,ALKABEER A.K PRO Chckn Burgers,CKB24PR,AK PRO CHICKEN BURGER 24,v2_synthetic_by_construction,VERIFIED_CORRECT,,,"Assigned SKU accounts for every distinguishing word in the offer (['burger', 'chicken', 'pro']) and introduces none the offer does not state; protein/family/variant compatible, pack unknown; no superior SKU exists among all 237.",deterministic,,,0,237,,,False,False,False,False
1092,Al Kabeer AK Pro Chiken BURGERS,CKB24PR,AK PRO CHICKEN BURGER 24,v2_synthetic_by_construction,VERIFIED_CORRECT,,,"Assigned SKU accounts for every distinguishing word in the offer (['burger', 'chicken', 'pro']) and introduces none the offer does not state; protein/family/variant compatible, pack unknown; no superior SKU exists among all 237.",deterministic,,,0,237,,,False,False,False,False
1093,ALKABEEER AK PRO CHICKEN Burger,CKB24PR,AK PRO CHICKEN BURGER 24,v2_synthetic_by_construction,VERIFIED_CORRECT,,,"Assigned SKU accounts for every distinguishing word in the offer (['burger', 'chicken', 'pro']) and introduces none the offer does not state; protein/family/variant compatible, pack unknown; no superior SKU exists among all 237.",deterministic,,,0,237,,,False,False,False,False
1094,Al Kabeer's AK PRO Chkn burgers 50 gms,CKKB50PR,AK PRO Chicken Burger 50 g. 1 kg x 10,v2_synthetic_by_construction,CORRECT_BUT_LOW_CONFIDENCE,,,"Assigned SKU carries rule defect(s) ['pack_incompatible'], but no SKU among all 237 is objectively superior, so no replacement is justified.",deterministic,,,0,237,pack_incompatible,,False,True,False,False
1095,AlKabeer ZING Chckn FILLETS SPICY,CKZFDA,ZING CHICKEN FILLETS SPICY 750 GRM,v2_synthetic_by_construction,VERIFIED_CORRECT,,,"Assigned SKU accounts for every distinguishing word in the offer (['chicken', 'fillet', 'spicy', 'zing']) and introduces none the offer does not state; protein/family/variant compatible, pack unknown; no superior SKU exists among all 237.",deterministic,,,0,237,,,False,False,False,False
1096,AL KABEER zing Chiken FILLETS Hot and Spicy,CKZFDA,ZING CHICKEN FILLETS SPICY 750 GRM,v2_synthetic_by_construction,CORRECT_BUT_LOW_CONFIDENCE,,,"No SKU among all 237 is objectively superior, but the assigned SKU is not a clear winner: offer words unaccounted for ['hot']; name rank 2/237 (82.0).",deterministic,,,0,237,,,False,False,False,True
1097,Al Kabeer's ZING Chiken Filets Hot and Spicy,CKZFDA,ZING CHICKEN FILLETS SPICY 750 GRM,v2_synthetic_by_construction,CORRECT_BUT_LOW_CONFIDENCE,,,"No SKU among all 237 is objectively superior, but the assigned SKU is not a clear winner: offer words unaccounted for ['hot']; name rank 2/237 (77.6).",deterministic,,,0,237,,,False,False,False,True
1098,Al Kabeer's ZINGER Chkn Fillets spicy,CKZFDA,ZING CHICKEN FILLETS SPICY 750 GRM,v2_synthetic_by_construction,VERIFIED_CORRECT,,,"Assigned SKU accounts for every distinguishing word in the offer (['chicken', 'fillet', 'spicy', 'zing']) and introduces none the offer does not state; protein/family/variant compatible, pack unknown; no superior SKU exists among all 237.",deterministic,,,0,237,,,False,False,False,False
1099,Al kabeer Zinger Chkn Fillet spicy,CKZFDA,ZING CHICKEN FILLETS SPICY 750 GRM,v2_synthetic_by_construction,CORRECT_BUT_LOW_CONFIDENCE,,,"Assigned SKU carries rule defect(s) ['family_contradiction'], but no SKU among all 237 is objectively superior, so no replacement is justified.",deterministic,,,0,237,family_contradiction,,False,False,False,False
1100,Al-Kabeer Zing CHICKEN Fillet SPICY,CKZFDA,ZING CHICKEN FILLETS SPICY 750 GRM,v2_synthetic_by_construction,CORRECT_BUT_LOW_CONFIDENCE,,,"Assigned SKU carries rule defect(s) ['family_contradiction'], but no SKU among all 237 is objectively superior, so no replacement is justified.",deterministic,,,0,237,family_contradiction,,False,False,False,False
1101,ALKABEER ZINGER Chckn FILLETS Hot and Spicy,CKZFDA,ZING CHICKEN FILLETS SPICY 750 GRM,v2_synthetic_by_construction,CORRECT_BUT_LOW_CONFIDENCE,,,"No SKU among all 237 is objectively superior, but the assigned SKU is not a clear winner: offer words unaccounted for ['hot']; name rank 2/237 (77.6).",deterministic,,,0,237,,,False,False,False,True
1102,ALKABEER Zinger Chiken Fillet SPICY,CKZFDA,ZING CHICKEN FILLETS SPICY 750 GRM,v2_synthetic_by_construction,CORRECT_BUT_LOW_CONFIDENCE,,,"Assigned SKU carries rule defect(s) ['family_contradiction'], but no SKU among all 237 is objectively superior, so no replacement is justified.",deterministic,,,0,237,family_contradiction,,False,False,False,False
1103,Al Kabeer Zinger Chkn fillets Hot N Spicy,CKZFDA,ZING CHICKEN FILLETS SPICY 750 GRM,v2_synthetic_by_construction,VERIFIED_CORRECT,,,"Assigned SKU accounts for every distinguishing word in the offer (['chicken', 'fillet', 'spicy', 'zing']) and introduces none the offer does not state; protein/family/variant compatible, pack unknown; no superior SKU exists among all 237.",deterministic,,,0,237,,,False,False,False,False
1104,Al Kabeer Zinger Chiken FILLETS SPICY,CKZFDA,ZING CHICKEN FILLETS SPICY 750 GRM,v2_synthetic_by_construction,VERIFIED_CORRECT,,,"Assigned SKU accounts for every distinguishing word in the offer (['chicken', 'fillet', 'spicy', 'zing']) and introduces none the offer does not state; protein/family/variant compatible, pack unknown; no superior SKU exists among all 237.",deterministic,,,0,237,,,False,False,False,False
1105,AlKabeer zing chicken Fillets Hot n Spicy,CKZFDA,ZING CHICKEN FILLETS SPICY 750 GRM,v2_synthetic_by_construction,VERIFIED_CORRECT,,,"Assigned SKU accounts for every distinguishing word in the offer (['chicken', 'fillet', 'spicy', 'zing']) and introduces none the offer does not state; protein/family/variant compatible, pack unknown; no superior SKU exists among all 237.",deterministic,,,0,237,,,False,False,False,False
1106,Al Kabeer zing Chckn Fillet Hot and Spicy,CKZFDA,ZING CHICKEN FILLETS SPICY 750 GRM,v2_synthetic_by_construction,CORRECT_BUT_LOW_CONFIDENCE,,,"Assigned SKU carries rule defect(s) ['family_contradiction'], but no SKU among all 237 is objectively superior, so no replacement is justified.",deterministic,,,0,237,family_contradiction,,False,False,False,True
1107,Al Kabeer's Zinger chicken FILLETS Hot and Spicy,CKZFDA,ZING CHICKEN FILLETS SPICY 750 GRM,v2_synthetic_by_construction,CORRECT_BUT_LOW_CONFIDENCE,,,"No SKU among all 237 is objectively superior, but the assigned SKU is not a clear winner: offer words unaccounted for ['hot']; name rank 8/237 (75.6).",deterministic,,,0,237,,,False,False,False,True
1108,Al-Kabeer Zinger Chiken Fillet,CKZFDA5,Zing Chicken Fillets 5-Ounce,v2_synthetic_by_construction,CORRECT_BUT_LOW_CONFIDENCE,,,"Assigned SKU carries rule defect(s) ['family_contradiction'], but no SKU among all 237 is objectively superior, so no replacement is justified.",deterministic,,,0,237,family_contradiction,,False,False,False,False
1109,Al kabeer ZINGER Chkn FILLETS HOT & SPICY,CKZFDA,ZING CHICKEN FILLETS SPICY 750 GRM,v2_synthetic_by_construction,VERIFIED_CORRECT,,,"Assigned SKU accounts for every distinguishing word in the offer (['chicken', 'fillet', 'spicy', 'zing']) and introduces none the offer does not state; protein/family/variant compatible, pack unknown; no superior SKU exists among all 237.",deterministic,,,0,237,,,False,False,False,False
1110,Al Kabeer ZINGER chicken Fillets Hot & Spicy,CKZFDA,ZING CHICKEN FILLETS SPICY 750 GRM,v2_synthetic_by_construction,VERIFIED_CORRECT,,,"Assigned SKU accounts for every distinguishing word in the offer (['chicken', 'fillet', 'spicy', 'zing']) and introduces none the offer does not state; protein/family/variant compatible, pack unknown; no superior SKU exists among all 237.",deterministic,,,0,237,,,False,False,False,False
1111,Al Kabeer ZING Chckn Filets Hot & Spicy,CKZFDA,ZING CHICKEN FILLETS SPICY 750 GRM,v2_synthetic_by_construction,VERIFIED_CORRECT,,,"Assigned SKU accounts for every distinguishing word in the offer (['chicken', 'fillet', 'spicy', 'zing']) and introduces none the offer does not state; protein/family/variant compatible, pack unknown; no superior SKU exists among all 237.",deterministic,,,0,237,,,False,False,False,False
1112,Al-Kabeer Zing chicken Filets Hot n Spicy,CKZFDA,ZING CHICKEN FILLETS SPICY 750 GRM,v2_synthetic_by_construction,VERIFIED_CORRECT,,,"Assigned SKU accounts for every distinguishing word in the offer (['chicken', 'fillet', 'spicy', 'zing']) and introduces none the offer does not state; protein/family/variant compatible, pack unknown; no superior SKU exists among all 237.",deterministic,,,0,237,,,False,False,False,False
1113,ALKABEER Zinger Chckn FILLETS SPICY,CKZFDA,ZING CHICKEN FILLETS SPICY 750 GRM,v2_synthetic_by_construction,VERIFIED_CORRECT,,,"Assigned SKU accounts for every distinguishing word in the offer (['chicken', 'fillet', 'spicy', 'zing']) and introduces none the offer does not state; protein/family/variant compatible, pack unknown; no superior SKU exists among all 237.",deterministic,,,0,237,,,False,False,False,False
1114,Al Kabeer Zing Chkn Fillet Hot & Spicy,CKZFDA,ZING CHICKEN FILLETS SPICY 750 GRM,v2_synthetic_by_construction,CORRECT_BUT_LOW_CONFIDENCE,,,"Assigned SKU carries rule defect(s) ['family_contradiction'], but no SKU among all 237 is objectively superior, so no replacement is justified.",deterministic,,,0,237,family_contradiction,,False,False,False,False
1115,AlKabeer Zinger CHICKEN Filets Spicy,CKZFDA,ZING CHICKEN FILLETS SPICY 750 GRM,v2_synthetic_by_construction,VERIFIED_CORRECT,,,"Assigned SKU accounts for every distinguishing word in the offer (['chicken', 'fillet', 'spicy', 'zing']) and introduces none the offer does not state; protein/family/variant compatible, pack unknown; no superior SKU exists among all 237.",deterministic,,,0,237,,,False,False,False,False
1116,Alkaberer zing Chkn FILLETS Hot and Spicy,CKZFDA,ZING CHICKEN FILLETS SPICY 750 GRM,v2_synthetic_by_construction,CORRECT_BUT_LOW_CONFIDENCE,,,"No SKU among all 237 is objectively superior, but the assigned SKU is not a clear winner: offer words unaccounted for ['hot']; name rank 4/237 (68.9).",deterministic,,,0,237,,,False,False,False,True
1117,Al Kaber zing Chiken Filets Hot and Spicy,CKZFDA,ZING CHICKEN FILLETS SPICY 750 GRM,v2_synthetic_by_construction,CORRECT_BUT_LOW_CONFIDENCE,,,"No SKU among all 237 is objectively superior, but the assigned SKU is not a clear winner: offer words unaccounted for ['hot']; name rank 2/237 (72.2).",deterministic,,,0,237,,,False,False,False,True
1118,Al-Kabeer ZING CHICKEN Fillets Hot & Spicy,CKZFDA,ZING CHICKEN FILLETS SPICY 750 GRM,v2_synthetic_by_construction,VERIFIED_CORRECT,,,"Assigned SKU accounts for every distinguishing word in the offer (['chicken', 'fillet', 'spicy', 'zing']) and introduces none the offer does not state; protein/family/variant compatible, pack unknown; no superior SKU exists among all 237.",deterministic,,,0,237,,,False,False,False,False
1119,AlKabeer Zinger Chkn Fillet,CKZFDA5,Zing Chicken Fillets 5-Ounce,v2_synthetic_by_construction,CORRECT_BUT_LOW_CONFIDENCE,,,"Assigned SKU carries rule defect(s) ['family_contradiction'], but no SKU among all 237 is objectively superior, so no replacement is justified.",deterministic,,,0,237,family_contradiction,,False,False,False,False
1120,Alkaberer Zinger chicken fillets,CKZFDATS,Zing Chicken Fillets Tamiya,v2_synthetic_by_construction,INCORRECT,CKZF,ZING CHICKEN FILLETS 465,"CKZF (ZING CHICKEN FILLETS 465) is superior: assigned SKU is over-specific: it adds 1 word(s) the offer never states, the replacement adds none. Offer words covered by replacement=['chicken', 'fillet', 'zing'] vs assigned=['chicken', 'fillet', 'zing']; over-specific words replacement=0 vs assigned=1; name similarity 79.6 vs 75.8 (+3.8); protein=1 family=1 pack=unknown; spec '465 Gms x 12 Pkts'. All 237 master SKUs were compared before selecting this replacement.",deterministic,,,1,237,,,False,False,False,False
1121,Al Kabeer's Zinger Chiken Fillet,CKZFDATS,Zing Chicken Fillets Tamiya,v2_synthetic_by_construction,INCORRECT,CKZF,ZING CHICKEN FILLETS 465,"CKZF (ZING CHICKEN FILLETS 465) is superior: assigned SKU is over-specific: it adds 1 word(s) the offer never states, the replacement adds none. Offer words covered by replacement=['chicken', 'fillet', 'zing'] vs assigned=['chicken', 'fillet', 'zing']; over-specific words replacement=0 vs assigned=1; name similarity 84.3 vs 81.0 (+3.4); protein=1 family=0 pack=unknown; spec '465 Gms x 12 Pkts'. All 237 master SKUs were compared before selecting this replacement.",deterministic,,,1,237,family_contradiction,,False,False,False,False
1122,AlKabeer zing CHICKEN Filets,CKZFDATS,Zing Chicken Fillets Tamiya,v2_synthetic_by_construction,INCORRECT,CKZF,ZING CHICKEN FILLETS 465,"CKZF (ZING CHICKEN FILLETS 465) is superior: assigned SKU is over-specific: it adds 1 word(s) the offer never states, the replacement adds none. Offer words covered by replacement=['chicken', 'fillet', 'zing'] vs assigned=['chicken', 'fillet', 'zing']; over-specific words replacement=0 vs assigned=1; name similarity 90.5 vs 86.7 (+3.8); protein=1 family=1 pack=unknown; spec '465 Gms x 12 Pkts'. All 237 master SKUs were compared before selecting this replacement.",deterministic,,,1,237,,,False,False,False,False
1123,AL KABEER ZING Chiken fillets,CKZFDATS,Zing Chicken Fillets Tamiya,v2_synthetic_by_construction,INCORRECT,CKZF,ZING CHICKEN FILLETS 465,"CKZF (ZING CHICKEN FILLETS 465) is superior: assigned SKU is over-specific: it adds 1 word(s) the offer never states, the replacement adds none. Offer words covered by replacement=['chicken', 'fillet', 'zing'] vs assigned=['chicken', 'fillet', 'zing']; over-specific words replacement=0 vs assigned=1; name similarity 90.5 vs 86.7 (+3.8); protein=1 family=1 pack=unknown; spec '465 Gms x 12 Pkts'. All 237 master SKUs were compared before selecting this replacement.",deterministic,,,1,237,,,False,False,False,False
1124,Al Kabeer ZING Chkn fillets,CKZFDATS,Zing Chicken Fillets Tamiya,v2_synthetic_by_construction,INCORRECT,CKZF,ZING CHICKEN FILLETS 465,"CKZF (ZING CHICKEN FILLETS 465) is superior: assigned SKU is over-specific: it adds 1 word(s) the offer never states, the replacement adds none. Offer words covered by replacement=['chicken', 'fillet', 'zing'] vs assigned=['chicken', 'fillet', 'zing']; over-specific words replacement=0 vs assigned=1; name similarity 82.7 vs 80.8 (+1.9); protein=1 family=1 pack=unknown; spec '465 Gms x 12 Pkts'. All 237 master SKUs were compared before selecting this replacement.",deterministic,,,1,237,,,False,False,False,False
1125,Al-Kabeer ZINGER Chiken Fillets,CKZFDATS,Zing Chicken Fillets Tamiya,v2_synthetic_by_construction,INCORRECT,CKZF,ZING CHICKEN FILLETS 465,"CKZF (ZING CHICKEN FILLETS 465) is superior: assigned SKU is over-specific: it adds 1 word(s) the offer never states, the replacement adds none. Offer words covered by replacement=['chicken', 'fillet', 'zing'] vs assigned=['chicken', 'fillet', 'zing']; over-specific words replacement=0 vs assigned=1; name similarity 87.2 vs 83.7 (+3.5); protein=1 family=1 pack=unknown; spec '465 Gms x 12 Pkts'. All 237 master SKUs were compared before selecting this replacement.",deterministic,,,1,237,,,False,False,False,False
1126,Al kabeer zing Chkn Fillet,CKZFDATS,Zing Chicken Fillets Tamiya,v2_synthetic_by_construction,INCORRECT,CKZF,ZING CHICKEN FILLETS 465,"CKZF (ZING CHICKEN FILLETS 465) is superior: assigned SKU is over-specific: it adds 1 word(s) the offer never states, the replacement adds none. Offer words covered by replacement=['chicken', 'fillet', 'zing'] vs assigned=['chicken', 'fillet', 'zing']; over-specific words replacement=0 vs assigned=1; name similarity 80.4 vs 76.7 (+3.7); protein=1 family=0 pack=unknown; spec '465 Gms x 12 Pkts'. All 237 master SKUs were compared before selecting this replacement.",deterministic,,,1,237,family_contradiction,,False,False,False,False
1127,AL KABBER zing Chkn Filets NOSPICY,CKZFNS,ZING CHICKEN FILLET NON-SPICY,v2_synthetic_by_construction,VERIFIED_CORRECT,,,"Assigned SKU accounts for every distinguishing word in the offer (['chicken', 'fillet', 'nonspicy', 'zing']) and introduces none the offer does not state; protein/family/variant compatible, pack unknown; no superior SKU exists among all 237.",deterministic,,,0,237,,,False,False,False,False
1128,Al Kabeer's ZINGER Chicken fillets Non-Spicy,CKZFNS,ZING CHICKEN FILLET NON-SPICY,v2_synthetic_by_construction,VERIFIED_CORRECT,,,"Assigned SKU accounts for every distinguishing word in the offer (['chicken', 'fillet', 'nonspicy', 'zing']) and introduces none the offer does not state; protein/family/variant compatible, pack unknown; no superior SKU exists among all 237.",deterministic,,,0,237,,,False,False,False,False
1129,Al kbeer zing Chkn fillets,CKZFDATS,Zing Chicken Fillets Tamiya,v2_synthetic_by_construction,INCORRECT,CKZF,ZING CHICKEN FILLETS 465,"CKZF (ZING CHICKEN FILLETS 465) is superior: assigned SKU is over-specific: it adds 1 word(s) the offer never states, the replacement adds none. Offer words covered by replacement=['chicken', 'fillet', 'zing'] vs assigned=['chicken', 'fillet', 'zing']; over-specific words replacement=0 vs assigned=1; name similarity 75.6 vs 69.9 (+5.7); protein=1 family=1 pack=unknown; spec '465 Gms x 12 Pkts'. All 237 master SKUs were compared before selecting this replacement.",deterministic,,,1,237,,,False,False,False,False
1130,Al kabeer zing Chckn Fillets,CKZFDA5,Zing Chicken Fillets 5-Ounce,v2_synthetic_by_construction,VERIFIED_CORRECT,,,"Assigned SKU accounts for every distinguishing word in the offer (['chicken', 'fillet', 'zing']) and introduces none the offer does not state; protein/family/variant compatible, pack unknown; no superior SKU exists among all 237.",deterministic,,,0,237,,,False,False,False,False
1131,AL KABEER zing Chicken fillets,CKZFDA5,Zing Chicken Fillets 5-Ounce,v2_synthetic_by_construction,VERIFIED_CORRECT,,,"Assigned SKU accounts for every distinguishing word in the offer (['chicken', 'fillet', 'zing']) and introduces none the offer does not state; protein/family/variant compatible, pack unknown; no superior SKU exists among all 237.",deterministic,,,0,237,,,False,False,False,False
1132,Al Kabeer's zing chicken Fillets,CKZFDA5,Zing Chicken Fillets 5-Ounce,v2_synthetic_by_construction,VERIFIED_CORRECT,,,"Assigned SKU accounts for every distinguishing word in the offer (['chicken', 'fillet', 'zing']) and introduces none the offer does not state; protein/family/variant compatible, pack unknown; no superior SKU exists among all 237.",deterministic,,,0,237,,,False,False,False,False
1133,Al-Kabeer ZING Chkn FILLETS,CKZFDA5,Zing Chicken Fillets 5-Ounce,v2_synthetic_by_construction,VERIFIED_CORRECT,,,"Assigned SKU accounts for every distinguishing word in the offer (['chicken', 'fillet', 'zing']) and introduces none the offer does not state; protein/family/variant compatible, pack unknown; no superior SKU exists among all 237.",deterministic,,,0,237,,,False,False,False,False
1134,Al Kabeer Zinger Chkn FILLETS,CKZFDA5,Zing Chicken Fillets 5-Ounce,v2_synthetic_by_construction,VERIFIED_CORRECT,,,"Assigned SKU accounts for every distinguishing word in the offer (['chicken', 'fillet', 'zing']) and introduces none the offer does not state; protein/family/variant compatible, pack unknown; no superior SKU exists among all 237.",deterministic,,,0,237,,,False,False,False,False
1135,ALKABEER ZING chicken FILLETS,CKZFDA5,Zing Chicken Fillets 5-Ounce,v2_synthetic_by_construction,VERIFIED_CORRECT,,,"Assigned SKU accounts for every distinguishing word in the offer (['chicken', 'fillet', 'zing']) and introduces none the offer does not state; protein/family/variant compatible, pack unknown; no superior SKU exists among all 237.",deterministic,,,0,237,,,False,False,False,False
1136,Al Kabeer ZING Chiken FILLETS,CKZFDA5,Zing Chicken Fillets 5-Ounce,v2_synthetic_by_construction,VERIFIED_CORRECT,,,"Assigned SKU accounts for every distinguishing word in the offer (['chicken', 'fillet', 'zing']) and introduces none the offer does not state; protein/family/variant compatible, pack unknown; no superior SKU exists among all 237.",deterministic,,,0,237,,,False,False,False,False
1137,Al Kabeer's ZING Chkn Fillets,CKZFDA5,Zing Chicken Fillets 5-Ounce,v2_synthetic_by_construction,VERIFIED_CORRECT,,,"Assigned SKU accounts for every distinguishing word in the offer (['chicken', 'fillet', 'zing']) and introduces none the offer does not state; protein/family/variant compatible, pack unknown; no superior SKU exists among all 237.",deterministic,,,0,237,,,False,False,False,False
1138,Al Kabeer zing chicken fillets,CKZFDATS,Zing Chicken Fillets Tamiya,v2_synthetic_by_construction,INCORRECT,CKZF,ZING CHICKEN FILLETS 465,"CKZF (ZING CHICKEN FILLETS 465) is superior: assigned SKU is over-specific: it adds 1 word(s) the offer never states, the replacement adds none. Offer words covered by replacement=['chicken', 'fillet', 'zing'] vs assigned=['chicken', 'fillet', 'zing']; over-specific words replacement=0 vs assigned=1; name similarity 97.0 vs 95.0 (+1.9); protein=1 family=1 pack=unknown; spec '465 Gms x 12 Pkts'. All 237 master SKUs were compared before selecting this replacement.",deterministic,,,1,237,,,False,False,False,False
1139,Alkaberer ZING CHICKEN FILLETS,CKZFDATS,Zing Chicken Fillets Tamiya,v2_synthetic_by_construction,INCORRECT,CKZF,ZING CHICKEN FILLETS 465,"CKZF (ZING CHICKEN FILLETS 465) is superior: assigned SKU is over-specific: it adds 1 word(s) the offer never states, the replacement adds none. Offer words covered by replacement=['chicken', 'fillet', 'zing'] vs assigned=['chicken', 'fillet', 'zing']; over-specific words replacement=0 vs assigned=1; name similarity 86.5 vs 80.1 (+6.4); protein=1 family=1 pack=unknown; spec '465 Gms x 12 Pkts'. All 237 master SKUs were compared before selecting this replacement.",deterministic,,,2,237,,,False,False,False,False
1140,Al Kabeer ZING Chicken fillets Spicy,CKZFDA,ZING CHICKEN FILLETS SPICY 750 GRM,v2_synthetic_by_construction,VERIFIED_CORRECT,,,"Assigned SKU accounts for every distinguishing word in the offer (['chicken', 'fillet', 'spicy', 'zing']) and introduces none the offer does not state; protein/family/variant compatible, pack unknown; no superior SKU exists among all 237.",deterministic,,,0,237,,,False,False,False,False
1141,Al kbeer ZING chicken Fillet,CKZFA5,ZING CHICKEN FILLET BULK 5-OUNCE,v2_synthetic_by_construction,CORRECT_BUT_LOW_CONFIDENCE,,,"No SKU among all 237 is objectively superior, but the assigned SKU is not a clear winner: offer words unaccounted for []; name rank 3/237 (77.2).",deterministic,,,0,237,,,False,False,False,False
1142,Al Kaber ZING chicken fillets,CKZFA5,ZING CHICKEN FILLET BULK 5-OUNCE,v2_synthetic_by_construction,INCORRECT,CKZF,ZING CHICKEN FILLETS 465,"CKZF (ZING CHICKEN FILLETS 465) is superior: assigned SKU is over-specific: it adds 1 word(s) the offer never states, the replacement adds none. Offer words covered by replacement=['chicken', 'fillet', 'zing'] vs assigned=['chicken', 'fillet', 'zing']; over-specific words replacement=0 vs assigned=1; name similarity 87.0 vs 72.3 (+14.7); protein=1 family=1 pack=unknown; spec '465 Gms x 12 Pkts'. All 237 master SKUs were compared before selecting this replacement.",deterministic,,,2,237,,,False,False,False,False
1143,AL KABEER Zinger Chiken Fillet,CKZFA5,ZING CHICKEN FILLET BULK 5-OUNCE,v2_synthetic_by_construction,CORRECT_BUT_LOW_CONFIDENCE,,,"No SKU among all 237 is objectively superior, but the assigned SKU is not a clear winner: offer words unaccounted for []; name rank 5/237 (76.9).",deterministic,,,0,237,,,False,False,False,False
1144,Al kbeer ZINGER Chkn fillets,CKZFA5,ZING CHICKEN FILLET BULK 5-OUNCE,v2_synthetic_by_construction,INCORRECT,CKZF,ZING CHICKEN FILLETS 465,"CKZF (ZING CHICKEN FILLETS 465) is superior: assigned SKU is over-specific: it adds 1 word(s) the offer never states, the replacement adds none. Offer words covered by replacement=['chicken', 'fillet', 'zing'] vs assigned=['chicken', 'fillet', 'zing']; over-specific words replacement=0 vs assigned=1; name similarity 72.5 vs 62.7 (+9.8); protein=1 family=1 pack=unknown; spec '465 Gms x 12 Pkts'. All 237 master SKUs were compared before selecting this replacement.",deterministic,,,2,237,,,False,False,False,False
1145,ALKABEEER Zing Chckn Fillets,CKZFA5,ZING CHICKEN FILLET BULK 5-OUNCE,v2_synthetic_by_construction,INCORRECT,CKZF,ZING CHICKEN FILLETS 465,"CKZF (ZING CHICKEN FILLETS 465) is superior: assigned SKU is over-specific: it adds 1 word(s) the offer never states, the replacement adds none. Offer words covered by replacement=['chicken', 'fillet', 'zing'] vs assigned=['chicken', 'fillet', 'zing']; over-specific words replacement=0 vs assigned=1; name similarity 77.3 vs 68.6 (+8.7); protein=1 family=1 pack=unknown; spec '465 Gms x 12 Pkts'. All 237 master SKUs were compared before selecting this replacement.",deterministic,,,2,237,,,False,False,False,False
1146,Al Kabeer ZING chicken Fillet,CKZFA5,ZING CHICKEN FILLET BULK 5-OUNCE,v2_synthetic_by_construction,CORRECT_BUT_LOW_CONFIDENCE,,,"No SKU among all 237 is objectively superior, but the assigned SKU is not a clear winner: offer words unaccounted for []; name rank 3/237 (91.5).",deterministic,,,0,237,,,False,False,False,False
1147,AlKabeer zing CHICKEN Fillets,CKZFA5,ZING CHICKEN FILLET BULK 5-OUNCE,v2_synthetic_by_construction,INCORRECT,CKZF,ZING CHICKEN FILLETS 465,"CKZF (ZING CHICKEN FILLETS 465) is superior: assigned SKU is over-specific: it adds 1 word(s) the offer never states, the replacement adds none. Offer words covered by replacement=['chicken', 'fillet', 'zing'] vs assigned=['chicken', 'fillet', 'zing']; over-specific words replacement=0 vs assigned=1; name similarity 97.0 vs 81.8 (+15.1); protein=1 family=1 pack=unknown; spec '465 Gms x 12 Pkts'. All 237 master SKUs were compared before selecting this replacement.",deterministic,,,2,237,,,False,False,False,False
1148,AlKabeer Zing CHICKEN FILLETS 1 Kg,CKZFA,ZING CHICKEN FILLETS BULK (5*1 KG),v2_synthetic_by_construction,CORRECT_BUT_LOW_CONFIDENCE,,,"No SKU among all 237 is objectively superior, but the assigned SKU is not a clear winner: offer words unaccounted for []; name rank 4/237 (91.4).",deterministic,,,0,237,,,False,False,False,False
1149,AL KABBER ZINGER CHICKEN FILLETS 2 x 1000g,CKZFA,ZING CHICKEN FILLETS BULK (5*1 KG),v2_synthetic_by_construction,CORRECT_BUT_LOW_CONFIDENCE,,,"No SKU among all 237 is objectively superior, but the assigned SKU is not a clear winner: offer words unaccounted for ['1000g']; name rank 5/237 (72.5).",deterministic,,,0,237,,,False,False,False,False
1150,ALKABEER zing Chckn FILLETS 1 Kg,CKZFA,ZING CHICKEN FILLETS BULK (5*1 KG),v2_synthetic_by_construction,CORRECT_BUT_LOW_CONFIDENCE,,,"No SKU among all 237 is objectively superior, but the assigned SKU is not a clear winner: offer words unaccounted for []; name rank 5/237 (79.4).",deterministic,,,0,237,,,False,False,False,False
1151,Al kbeer Zinger Chkn FILLETS 1 kg,CKZFA,ZING CHICKEN FILLETS BULK (5*1 KG),v2_synthetic_by_construction,CORRECT_BUT_LOW_CONFIDENCE,,,"No SKU among all 237 is objectively superior, but the assigned SKU is not a clear winner: offer words unaccounted for []; name rank 2/237 (68.8).",deterministic,,,0,237,,,False,False,False,False
1152,AL KABBER zing Chkn Filets 1 kilo,CKZFA,ZING CHICKEN FILLETS BULK (5*1 KG),v2_synthetic_by_construction,INCORRECT,CKZF,ZING CHICKEN FILLETS 465,"CKZF (ZING CHICKEN FILLETS 465) is superior: assigned SKU is over-specific: it adds 1 word(s) the offer never states, the replacement adds none. Offer words covered by replacement=['chicken', 'fillet', 'zing'] vs assigned=['chicken', 'fillet', 'zing']; over-specific words replacement=0 vs assigned=1; name similarity 66.4 vs 62.8 (+3.6); protein=1 family=1 pack=unknown; spec '465 Gms x 12 Pkts'. All 237 master SKUs were compared before selecting this replacement.",deterministic,,,2,237,,,False,False,False,False
1153,AL KABEER ZINGER CHICKEN fillets 1 kilo,CKZFA,ZING CHICKEN FILLETS BULK (5*1 KG),v2_synthetic_by_construction,INCORRECT,CKZF,ZING CHICKEN FILLETS 465,"CKZF (ZING CHICKEN FILLETS 465) is superior: assigned SKU is over-specific: it adds 1 word(s) the offer never states, the replacement adds none. Offer words covered by replacement=['chicken', 'fillet', 'zing'] vs assigned=['chicken', 'fillet', 'zing']; over-specific words replacement=0 vs assigned=1; name similarity 83.4 vs 77.3 (+6.1); protein=1 family=1 pack=unknown; spec '465 Gms x 12 Pkts'. All 237 master SKUs were compared before selecting this replacement.",deterministic,,,2,237,,,False,False,False,False
1154,AL-KABEEZ Zing Chiken Filets 1 kg,CKZFA,ZING CHICKEN FILLETS BULK (5*1 KG),v2_synthetic_by_construction,CORRECT_BUT_LOW_CONFIDENCE,,,"No SKU among all 237 is objectively superior, but the assigned SKU is not a clear winner: offer words unaccounted for []; name rank 3/237 (72.3).",deterministic,,,0,237,,,False,False,False,False
1155,AL KABEER Zinger CHICKEN fillets 1 Kg,CKZFA,ZING CHICKEN FILLETS BULK (5*1 KG),v2_synthetic_by_construction,CORRECT_BUT_LOW_CONFIDENCE,,,"No SKU among all 237 is objectively superior, but the assigned SKU is not a clear winner: offer words unaccounted for []; name rank 5/237 (82.6).",deterministic,,,0,237,,,False,False,False,False
1156,ALKABEEER Zinger Chckn Fillets,CKZFA5,ZING CHICKEN FILLET BULK 5-OUNCE,v2_synthetic_by_construction,INCORRECT,CKZF,ZING CHICKEN FILLETS 465,"CKZF (ZING CHICKEN FILLETS 465) is superior: assigned SKU is over-specific: it adds 1 word(s) the offer never states, the replacement adds none. Offer words covered by replacement=['chicken', 'fillet', 'zing'] vs assigned=['chicken', 'fillet', 'zing']; over-specific words replacement=0 vs assigned=1; name similarity 74.2 vs 66.1 (+8.0); protein=1 family=1 pack=unknown; spec '465 Gms x 12 Pkts'. All 237 master SKUs were compared before selecting this replacement.",deterministic,,,2,237,,,False,False,False,False
1157,Al-Kabeer Zing Chicken FILLETS 700gm,CKZFBC,Butter Chicken Zing Fillets 700 g. x 8,v2_synthetic_by_construction,INCORRECT,CKZFDA5,Zing Chicken Fillets 5-Ounce,"CKZFDA5 (Zing Chicken Fillets 5-Ounce) is superior: assigned SKU is over-specific: it adds 1 word(s) the offer never states, the replacement adds none. Offer words covered by replacement=['chicken', 'fillet', 'zing'] vs assigned=['chicken', 'fillet', 'zing']; over-specific words replacement=0 vs assigned=1; name similarity 94.4 vs 81.3 (+13.1); protein=1 family=1 pack=compatible; spec '750 GMS X 8 PKT'. All 237 master SKUs were compared before selecting this replacement.",deterministic,,,1,237,,,False,False,False,False
1158,Al Kabeer ZING Chckn Fillets 700 g. x 3,CKZFBC,Butter Chicken Zing Fillets 700 g. x 8,v2_synthetic_by_construction,INCORRECT,CKZFDA5,Zing Chicken Fillets 5-Ounce,"CKZFDA5 (Zing Chicken Fillets 5-Ounce) is superior: assigned SKU is over-specific: it adds 1 word(s) the offer never states, the replacement adds none. Offer words covered by replacement=['chicken', 'fillet', 'zing'] vs assigned=['chicken', 'fillet', 'zing']; over-specific words replacement=0 vs assigned=1; name similarity 80.0 vs 72.1 (+7.9); protein=1 family=1 pack=compatible; spec '750 GMS X 8 PKT'. All 237 master SKUs were compared before selecting this replacement.",deterministic,,,1,237,,,False,False,False,False
1159,Alkabeer zing Chicken FILLETS 700gm,CKZFBC,Butter Chicken Zing Fillets 700 g. x 8,v2_synthetic_by_construction,INCORRECT,CKZFDA5,Zing Chicken Fillets 5-Ounce,"CKZFDA5 (Zing Chicken Fillets 5-Ounce) is superior: assigned SKU is over-specific: it adds 1 word(s) the offer never states, the replacement adds none. Offer words covered by replacement=['chicken', 'fillet', 'zing'] vs assigned=['chicken', 'fillet', 'zing']; over-specific words replacement=0 vs assigned=1; name similarity 94.4 vs 81.3 (+13.1); protein=1 family=1 pack=compatible; spec '750 GMS X 8 PKT'. All 237 master SKUs were compared before selecting this replacement.",deterministic,,,1,237,,,False,False,False,False
1160,Al-Kabeer ZINGER Chicken fillets 700gr,CKZFBC,Butter Chicken Zing Fillets 700 g. x 8,v2_synthetic_by_construction,INCORRECT,CKZF,ZING CHICKEN FILLETS 465,"CKZF (ZING CHICKEN FILLETS 465) is superior: assigned SKU is over-specific: it adds 1 word(s) the offer never states, the replacement adds none. Offer words covered by replacement=['chicken', 'fillet', 'zing'] vs assigned=['chicken', 'fillet', 'zing']; over-specific words replacement=0 vs assigned=1; name similarity 85.6 vs 73.6 (+12.0); protein=1 family=1 pack=unknown; spec '465 Gms x 12 Pkts'. All 237 master SKUs were compared before selecting this replacement.",deterministic,,,2,237,,,False,False,False,False
1161,Al Kabeer's ZINGER Chicken Filets Hot & Spicy,CKZFDA,ZING CHICKEN FILLETS SPICY 750 GRM,v2_synthetic_by_construction,VERIFIED_CORRECT,,,"Assigned SKU accounts for every distinguishing word in the offer (['chicken', 'fillet', 'spicy', 'zing']) and introduces none the offer does not state; protein/family/variant compatible, pack unknown; no superior SKU exists among all 237.",deterministic,,,0,237,,,False,False,False,False
1162,AL KABBER ZING Chkn Fillets HOT & SPICY,CKZFDA,ZING CHICKEN FILLETS SPICY 750 GRM,v2_synthetic_by_construction,VERIFIED_CORRECT,,,"Assigned SKU accounts for every distinguishing word in the offer (['chicken', 'fillet', 'spicy', 'zing']) and introduces none the offer does not state; protein/family/variant compatible, pack unknown; no superior SKU exists among all 237.",deterministic,,,0,237,,,False,False,False,False
1163,Alkabheer Zing chicken Fillet Hot n Spicy,CKZFDA,ZING CHICKEN FILLETS SPICY 750 GRM,v2_synthetic_by_construction,CORRECT_BUT_LOW_CONFIDENCE,,,"Assigned SKU carries rule defect(s) ['family_contradiction'], but no SKU among all 237 is objectively superior, so no replacement is justified.",deterministic,,,0,237,family_contradiction,,False,False,False,False
1164,ALKABEER Zing chicken Filets 700 gm,CKZFBC,Butter Chicken Zing Fillets 700 g. x 8,v2_synthetic_by_construction,INCORRECT,CKZFDA5,Zing Chicken Fillets 5-Ounce,"CKZFDA5 (Zing Chicken Fillets 5-Ounce) is superior: assigned SKU is over-specific: it adds 1 word(s) the offer never states, the replacement adds none. Offer words covered by replacement=['chicken', 'fillet', 'zing'] vs assigned=['chicken', 'fillet', 'zing']; over-specific words replacement=0 vs assigned=1; name similarity 85.5 vs 70.8 (+14.6); protein=1 family=1 pack=compatible; spec '750 GMS X 8 PKT'. All 237 master SKUs were compared before selecting this replacement.",deterministic,,,1,237,,,False,False,False,False
1165,Alkaberer ZINGER Chkn Filets,CKZFA5,ZING CHICKEN FILLET BULK 5-OUNCE,v2_synthetic_by_construction,INCORRECT,CKZF,ZING CHICKEN FILLETS 465,"CKZF (ZING CHICKEN FILLETS 465) is superior: assigned SKU is over-specific: it adds 1 word(s) the offer never states, the replacement adds none. Offer words covered by replacement=['chicken', 'fillet', 'zing'] vs assigned=['chicken', 'fillet', 'zing']; over-specific words replacement=0 vs assigned=1; name similarity 69.0 vs 61.3 (+7.7); protein=1 family=1 pack=unknown; spec '465 Gms x 12 Pkts'. All 237 master SKUs were compared before selecting this replacement.",deterministic,,,2,237,,,False,False,False,False
1166,Alkabeers Zinger Chkn Filets,CKZFA5,ZING CHICKEN FILLET BULK 5-OUNCE,v2_synthetic_by_construction,INCORRECT,CKZF,ZING CHICKEN FILLETS 465,"CKZF (ZING CHICKEN FILLETS 465) is superior: assigned SKU is over-specific: it adds 1 word(s) the offer never states, the replacement adds none. Offer words covered by replacement=['chicken', 'fillet', 'zing'] vs assigned=['chicken', 'fillet', 'zing']; over-specific words replacement=0 vs assigned=1; name similarity 75.2 vs 64.1 (+11.0); protein=1 family=1 pack=unknown; spec '465 Gms x 12 Pkts'. All 237 master SKUs were compared before selecting this replacement.",deterministic,,,2,237,,,False,False,False,False
1167,Al Kabeer ZING Chiken Filets 700 gr,CKZFBC,Butter Chicken Zing Fillets 700 g. x 8,v2_synthetic_by_construction,INCORRECT,CKZF,ZING CHICKEN FILLETS 465,"CKZF (ZING CHICKEN FILLETS 465) is superior: assigned SKU is over-specific: it adds 1 word(s) the offer never states, the replacement adds none. Offer words covered by replacement=['chicken', 'fillet', 'zing'] vs assigned=['chicken', 'fillet', 'zing']; over-specific words replacement=0 vs assigned=1; name similarity 83.5 vs 67.4 (+16.1); protein=1 family=1 pack=unknown; spec '465 Gms x 12 Pkts'. All 237 master SKUs were compared before selecting this replacement.",deterministic,,,2,237,,,False,False,False,False
1168,Al kabeer ZINGER Chckn Fillets 700 gr,CKZFBC,Butter Chicken Zing Fillets 700 g. x 8,v2_synthetic_by_construction,INCORRECT,CKZF,ZING CHICKEN FILLETS 465,"CKZF (ZING CHICKEN FILLETS 465) is superior: assigned SKU is over-specific: it adds 1 word(s) the offer never states, the replacement adds none. Offer words covered by replacement=['chicken', 'fillet', 'zing'] vs assigned=['chicken', 'fillet', 'zing']; over-specific words replacement=0 vs assigned=1; name similarity 79.9 vs 66.9 (+12.9); protein=1 family=1 pack=unknown; spec '465 Gms x 12 Pkts'. All 237 master SKUs were compared before selecting this replacement.",deterministic,,,2,237,,,False,False,False,False
1169,AL KABEER Zinger Chckn Filets (700g),CKZFBC,Butter Chicken Zing Fillets 700 g. x 8,v2_synthetic_by_construction,INCORRECT,CKZFDA5,Zing Chicken Fillets 5-Ounce,"CKZFDA5 (Zing Chicken Fillets 5-Ounce) is superior: assigned SKU is over-specific: it adds 1 word(s) the offer never states, the replacement adds none. Offer words covered by replacement=['chicken', 'fillet', 'zing'] vs assigned=['chicken', 'fillet', 'zing']; over-specific words replacement=0 vs assigned=1; name similarity 76.3 vs 60.8 (+15.5); protein=1 family=1 pack=compatible; spec '750 GMS X 8 PKT'. All 237 master SKUs were compared before selecting this replacement.",deterministic,,,1,237,,,False,False,False,False
1170,AlKabeer Zing Chckn Fillet 700 GMS,CKZFBC,Butter Chicken Zing Fillets 700 g. x 8,v2_synthetic_by_construction,INCORRECT,CKZFDA5,Zing Chicken Fillets 5-Ounce,"CKZFDA5 (Zing Chicken Fillets 5-Ounce) is superior: assigned SKU is over-specific: it adds 1 word(s) the offer never states, the replacement adds none. Offer words covered by replacement=['chicken', 'fillet', 'zing'] vs assigned=['chicken', 'fillet', 'zing']; over-specific words replacement=0 vs assigned=1; name similarity 79.8 vs 62.8 (+17.0); protein=1 family=0 pack=compatible; spec '750 GMS X 8 PKT'. All 237 master SKUs were compared before selecting this replacement.",deterministic,,,1,237,family_contradiction,,False,False,False,False
1171,AL KABEER ZING Chicken Fillets 700 GMS,CKZFBC,Butter Chicken Zing Fillets 700 g. x 8,v2_synthetic_by_construction,INCORRECT,CKZFDA5,Zing Chicken Fillets 5-Ounce,"CKZFDA5 (Zing Chicken Fillets 5-Ounce) is superior: assigned SKU is over-specific: it adds 1 word(s) the offer never states, the replacement adds none. Offer words covered by replacement=['chicken', 'fillet', 'zing'] vs assigned=['chicken', 'fillet', 'zing']; over-specific words replacement=0 vs assigned=1; name similarity 94.4 vs 81.3 (+13.1); protein=1 family=1 pack=compatible; spec '750 GMS X 8 PKT'. All 237 master SKUs were compared before selecting this replacement.",deterministic,,,1,237,,,False,False,False,False
1172,Al kabeer ZING CHICKEN fillets 700 gr,CKZFBC,Butter Chicken Zing Fillets 700 g. x 8,v2_synthetic_by_construction,INCORRECT,CKZF,ZING CHICKEN FILLETS 465,"CKZF (ZING CHICKEN FILLETS 465) is superior: assigned SKU is over-specific: it adds 1 word(s) the offer never states, the replacement adds none. Offer words covered by replacement=['chicken', 'fillet', 'zing'] vs assigned=['chicken', 'fillet', 'zing']; over-specific words replacement=0 vs assigned=1; name similarity 91.2 vs 79.7 (+11.5); protein=1 family=1 pack=unknown; spec '465 Gms x 12 Pkts'. All 237 master SKUs were compared before selecting this replacement.",deterministic,,,2,237,,,False,False,False,False
1173,Alkaberer ZING Chiken Filets NS,CKZFNS,ZING CHICKEN FILLET NON-SPICY,v2_synthetic_by_construction,INCORRECT,CKZF,ZING CHICKEN FILLETS 465,"CKZF (ZING CHICKEN FILLETS 465) is superior: assigned SKU is over-specific: it adds 1 word(s) the offer never states, the replacement adds none. Offer words covered by replacement=['chicken', 'fillet', 'zing'] vs assigned=['chicken', 'fillet', 'zing']; over-specific words replacement=0 vs assigned=1; name similarity 74.2 vs 71.1 (+3.1); protein=1 family=1 pack=unknown; spec '465 Gms x 12 Pkts'. All 237 master SKUs were compared before selecting this replacement.",deterministic,,,2,237,,,False,False,False,False
1174,AlKabeer ZINGER Chkn STRIPS,CKZS,ZING CHICKEN STRIPS,v2_synthetic_by_construction,VERIFIED_CORRECT,,,"Assigned SKU accounts for every distinguishing word in the offer (['chicken', 'strip', 'zing']) and introduces none the offer does not state; protein/family/variant compatible, pack unknown; no superior SKU exists among all 237.",deterministic,,,0,237,,,False,False,False,False
1175,Al Kabeer ZINGER Chiken STRIPS,CKZS,ZING CHICKEN STRIPS,v2_synthetic_by_construction,VERIFIED_CORRECT,,,"Assigned SKU accounts for every distinguishing word in the offer (['chicken', 'strip', 'zing']) and introduces none the offer does not state; protein/family/variant compatible, pack unknown; no superior SKU exists among all 237.",deterministic,,,0,237,,,False,False,False,False
1176,ALKABEEER zing CHICKEN strips,CKZS,ZING CHICKEN STRIPS,v2_synthetic_by_construction,VERIFIED_CORRECT,,,"Assigned SKU accounts for every distinguishing word in the offer (['chicken', 'strip', 'zing']) and introduces none the offer does not state; protein/family/variant compatible, pack unknown; no superior SKU exists among all 237.",deterministic,,,0,237,,,False,False,False,False
1177,Al Kabeer's ZINGER Chiken Strip,CKZS,ZING CHICKEN STRIPS,v2_synthetic_by_construction,VERIFIED_CORRECT,,,"Assigned SKU accounts for every distinguishing word in the offer (['chicken', 'strip', 'zing']) and introduces none the offer does not state; protein/family/variant compatible, pack unknown; no superior SKU exists among all 237.",deterministic,,,0,237,,,False,False,False,False
1178,AL-KABEEZ Zing Chckn Strips,CKZS,ZING CHICKEN STRIPS,v2_synthetic_by_construction,VERIFIED_CORRECT,,,"Assigned SKU accounts for every distinguishing word in the offer (['chicken', 'strip', 'zing']) and introduces none the offer does not state; protein/family/variant compatible, pack unknown; no superior SKU exists among all 237.",deterministic,,,0,237,,,False,False,False,False
1179,Al kbeer Zinger Chckn STRIPS,CKZS,ZING CHICKEN STRIPS,v2_synthetic_by_construction,VERIFIED_CORRECT,,,"Assigned SKU accounts for every distinguishing word in the offer (['chicken', 'strip', 'zing']) and introduces none the offer does not state; protein/family/variant compatible, pack unknown; no superior SKU exists among all 237.",deterministic,,,0,237,,,False,False,False,False
1180,Al Kabee ZINGER Chckn strips,CKZS,ZING CHICKEN STRIPS,v2_synthetic_by_construction,VERIFIED_CORRECT,,,"Best of all 237 SKUs on name similarity (78.1, margin +8.7); no attribute conflict; pack unknown.",deterministic,,,0,237,,,False,False,False,False
1181,Al Kabeer Zinger Chckn Strip Hot and Spicy,CKZSDA,ZING CHICKEN STRIPS SPICY 750 GRM,v2_synthetic_by_construction,CORRECT_BUT_LOW_CONFIDENCE,,,"No SKU among all 237 is objectively superior, but the assigned SKU is not a clear winner: offer words unaccounted for ['hot']; name rank 1/237 (75.0).",deterministic,,,0,237,,,False,False,False,True
1182,Alkabheer ZING chicken STRIPS,CKZS,ZING CHICKEN STRIPS,v2_synthetic_by_construction,VERIFIED_CORRECT,,,"Assigned SKU accounts for every distinguishing word in the offer (['chicken', 'strip', 'zing']) and introduces none the offer does not state; protein/family/variant compatible, pack unknown; no superior SKU exists among all 237.",deterministic,,,0,237,,,False,False,False,False
1183,Al Kabee Zing Chckn NUGGETS Non spicy,CKZNNS,ZING CHICKEN NUGGET NON-SPICY,v2_synthetic_by_construction,CORRECT_BUT_LOW_CONFIDENCE,,,"No SKU among all 237 is objectively superior, but the assigned SKU is not a clear winner: offer words unaccounted for ['kabee']; name rank 3/237 (72.8).",deterministic,,,0,237,,,False,False,False,False
1184,AlKabeer zing Chckn NUGGETS NOSPICY,CKZNNS,ZING CHICKEN NUGGET NON-SPICY,v2_synthetic_by_construction,VERIFIED_CORRECT,,,"Assigned SKU accounts for every distinguishing word in the offer (['chicken', 'nonspicy', 'nugget', 'zing']) and introduces none the offer does not state; protein/family/variant compatible, pack unknown; no superior SKU exists among all 237.",deterministic,,,0,237,,,False,False,False,False
1185,Al kabeer zing Chiken Nuggets NS,CKZNNS,ZING CHICKEN NUGGET NON-SPICY,v2_synthetic_by_construction,CORRECT_BUT_LOW_CONFIDENCE,,,"No SKU among all 237 is objectively superior, but the assigned SKU is not a clear winner: offer words unaccounted for []; name rank 1/237 (85.9).",deterministic,,,0,237,,,False,False,False,False
1186,Al Kabeer Zing Chicken Nuggts NON SPICY,CKZNNS,ZING CHICKEN NUGGET NON-SPICY,v2_synthetic_by_construction,VERIFIED_CORRECT,,,"Assigned SKU accounts for every distinguishing word in the offer (['chicken', 'nonspicy', 'nuggt', 'zing']) and introduces none the offer does not state; protein/family/variant compatible, pack unknown; no superior SKU exists among all 237.",deterministic,,,0,237,,,False,False,False,False
1187,Al Kabeer ZINGER Chicken nuggets Not Spicy,CKZNNS,ZING CHICKEN NUGGET NON-SPICY,v2_synthetic_by_construction,VERIFIED_CORRECT,,,"Assigned SKU accounts for every distinguishing word in the offer (['chicken', 'nonspicy', 'nugget', 'zing']) and introduces none the offer does not state; protein/family/variant compatible, pack unknown; no superior SKU exists among all 237.",deterministic,,,0,237,,,False,False,False,False
1188,Al-Kabeer Zing Chiken Strip,CKZS,ZING CHICKEN STRIPS,v2_synthetic_by_construction,VERIFIED_CORRECT,,,"Assigned SKU accounts for every distinguishing word in the offer (['chicken', 'strip', 'zing']) and introduces none the offer does not state; protein/family/variant compatible, pack unknown; no superior SKU exists among all 237.",deterministic,,,0,237,,,False,False,False,False
1189,Al kbeer Zinger Chiken Strip,CKZS,ZING CHICKEN STRIPS,v2_synthetic_by_construction,VERIFIED_CORRECT,,,"Assigned SKU accounts for every distinguishing word in the offer (['chicken', 'strip', 'zing']) and introduces none the offer does not state; protein/family/variant compatible, pack unknown; no superior SKU exists among all 237.",deterministic,,,0,237,,,False,False,False,False
1190,Al Kabeer's Zing CHICKEN STRIPS Hot and Spicy,CKZSDA,ZING CHICKEN STRIPS SPICY 750 GRM,v2_synthetic_by_construction,CORRECT_BUT_LOW_CONFIDENCE,,,"No SKU among all 237 is objectively superior, but the assigned SKU is not a clear winner: offer words unaccounted for ['hot']; name rank 3/237 (80.5).",deterministic,,,0,237,,,False,False,False,True
1191,Alkabeers zing Chkn strips Hot & Spicy,CKZSDA,ZING CHICKEN STRIPS SPICY 750 GRM,v2_synthetic_by_construction,VERIFIED_CORRECT,,,"Assigned SKU accounts for every distinguishing word in the offer (['chicken', 'spicy', 'strip', 'zing']) and introduces none the offer does not state; protein/family/variant compatible, pack unknown; no superior SKU exists among all 237.",deterministic,,,0,237,,,False,False,False,False
1192,Al Kabeer's Zinger Chkn Strips spicy,CKZSDA,ZING CHICKEN STRIPS SPICY 750 GRM,v2_synthetic_by_construction,VERIFIED_CORRECT,,,"Assigned SKU accounts for every distinguishing word in the offer (['chicken', 'spicy', 'strip', 'zing']) and introduces none the offer does not state; protein/family/variant compatible, pack unknown; no superior SKU exists among all 237.",deterministic,,,0,237,,,False,False,False,False
1193,Al kabeer Zing Chiken Strip spicy,CKZSDA,ZING CHICKEN STRIPS SPICY 750 GRM,v2_synthetic_by_construction,VERIFIED_CORRECT,,,"Assigned SKU accounts for every distinguishing word in the offer (['chicken', 'spicy', 'strip', 'zing']) and introduces none the offer does not state; protein/family/variant compatible, pack unknown; no superior SKU exists among all 237.",deterministic,,,0,237,,,False,False,False,False
1194,Al Kabee Zing CHICKEN strips Hot n Spicy,CKZSDA,ZING CHICKEN STRIPS SPICY 750 GRM,v2_synthetic_by_construction,CORRECT_BUT_LOW_CONFIDENCE,,,"No SKU among all 237 is objectively superior, but the assigned SKU is not a clear winner: offer words unaccounted for ['kabee']; name rank 3/237 (79.4).",deterministic,,,0,237,,,False,False,False,False
1195,AL KABEER Zing Chicken STRIPS Hot & Spicy,CKZSDA,ZING CHICKEN STRIPS SPICY 750 GRM,v2_synthetic_by_construction,VERIFIED_CORRECT,,,"Assigned SKU accounts for every distinguishing word in the offer (['chicken', 'spicy', 'strip', 'zing']) and introduces none the offer does not state; protein/family/variant compatible, pack unknown; no superior SKU exists among all 237.",deterministic,,,0,237,,,False,False,False,False
1196,Al Kabeer's ZING chicken STRIPS Hot N Spicy,CKZSDA,ZING CHICKEN STRIPS SPICY 750 GRM,v2_synthetic_by_construction,VERIFIED_CORRECT,,,"Assigned SKU accounts for every distinguishing word in the offer (['chicken', 'spicy', 'strip', 'zing']) and introduces none the offer does not state; protein/family/variant compatible, pack unknown; no superior SKU exists among all 237.",deterministic,,,0,237,,,False,False,False,False
1197,Alkabeers ZING chicken Strip Hot & Spicy,CKZSDA,ZING CHICKEN STRIPS SPICY 750 GRM,v2_synthetic_by_construction,VERIFIED_CORRECT,,,"Assigned SKU accounts for every distinguishing word in the offer (['chicken', 'spicy', 'strip', 'zing']) and introduces none the offer does not state; protein/family/variant compatible, pack unknown; no superior SKU exists among all 237.",deterministic,,,0,237,,,False,False,False,False
1198,Al-Kabeer ZING CHICKEN Strip SPICY,CKZSDA,ZING CHICKEN STRIPS SPICY 750 GRM,v2_synthetic_by_construction,VERIFIED_CORRECT,,,"Assigned SKU accounts for every distinguishing word in the offer (['chicken', 'spicy', 'strip', 'zing']) and introduces none the offer does not state; protein/family/variant compatible, pack unknown; no superior SKU exists among all 237.",deterministic,,,0,237,,,False,False,False,False
1199,AL KABEER zing Chiken Strips HOT & SPICY,CKZSDA,ZING CHICKEN STRIPS SPICY 750 GRM,v2_synthetic_by_construction,VERIFIED_CORRECT,,,"Assigned SKU accounts for every distinguishing word in the offer (['chicken', 'spicy', 'strip', 'zing']) and introduces none the offer does not state; protein/family/variant compatible, pack unknown; no superior SKU exists among all 237.",deterministic,,,0,237,,,False,False,False,False
1200,Alkabeers ZINGER Chkn Strip Hot N Spicy,CKZSDA,ZING CHICKEN STRIPS SPICY 750 GRM,v2_synthetic_by_construction,VERIFIED_CORRECT,,,"Assigned SKU accounts for every distinguishing word in the offer (['chicken', 'spicy', 'strip', 'zing']) and introduces none the offer does not state; protein/family/variant compatible, pack unknown; no superior SKU exists among all 237.",deterministic,,,0,237,,,False,False,False,False
1201,Al Kabeer's Zing Chckn strips Hot & Spicy,CKZSDA,ZING CHICKEN STRIPS SPICY 750 GRM,v2_synthetic_by_construction,VERIFIED_CORRECT,,,"Assigned SKU accounts for every distinguishing word in the offer (['chicken', 'spicy', 'strip', 'zing']) and introduces none the offer does not state; protein/family/variant compatible, pack unknown; no superior SKU exists among all 237.",deterministic,,,0,237,,,False,False,False,False
1202,Alkabheer ZINGER Chckn Strips spicy,CKZSDA,ZING CHICKEN STRIPS SPICY 750 GRM,v2_synthetic_by_construction,VERIFIED_CORRECT,,,"Assigned SKU accounts for every distinguishing word in the offer (['chicken', 'spicy', 'strip', 'zing']) and introduces none the offer does not state; protein/family/variant compatible, pack unknown; no superior SKU exists among all 237.",deterministic,,,0,237,,,False,False,False,False
1203,Al Kabeer's ZINGER Chckn STRIPS Spicy,CKZSDA,ZING CHICKEN STRIPS SPICY 750 GRM,v2_synthetic_by_construction,VERIFIED_CORRECT,,,"Assigned SKU accounts for every distinguishing word in the offer (['chicken', 'spicy', 'strip', 'zing']) and introduces none the offer does not state; protein/family/variant compatible, pack unknown; no superior SKU exists among all 237.",deterministic,,,0,237,,,False,False,False,False
1204,AL-KABEEZ Zing chicken Strip Hot and Spicy,CKZSDA,ZING CHICKEN STRIPS SPICY 750 GRM,v2_synthetic_by_construction,CORRECT_BUT_LOW_CONFIDENCE,,,"No SKU among all 237 is objectively superior, but the assigned SKU is not a clear winner: offer words unaccounted for ['hot']; name rank 3/237 (71.3).",deterministic,,,0,237,,,False,False,False,True
1205,Al Kabeer's Zinger Chicken Strip Spicy,CKZSDA,ZING CHICKEN STRIPS SPICY 750 GRM,v2_synthetic_by_construction,VERIFIED_CORRECT,,,"Assigned SKU accounts for every distinguishing word in the offer (['chicken', 'spicy', 'strip', 'zing']) and introduces none the offer does not state; protein/family/variant compatible, pack unknown; no superior SKU exists among all 237.",deterministic,,,0,237,,,False,False,False,False
1206,Al-Kabeer Zinger Chckn Strips SPICY,CKZSDA,ZING CHICKEN STRIPS SPICY 750 GRM,v2_synthetic_by_construction,VERIFIED_CORRECT,,,"Assigned SKU accounts for every distinguishing word in the offer (['chicken', 'spicy', 'strip', 'zing']) and introduces none the offer does not state; protein/family/variant compatible, pack unknown; no superior SKU exists among all 237.",deterministic,,,0,237,,,False,False,False,False
1207,Al Kabeer's ZING chicken Strips Spicy,CKZSDA,ZING CHICKEN STRIPS SPICY 750 GRM,v2_synthetic_by_construction,VERIFIED_CORRECT,,,"Assigned SKU accounts for every distinguishing word in the offer (['chicken', 'spicy', 'strip', 'zing']) and introduces none the offer does not state; protein/family/variant compatible, pack unknown; no superior SKU exists among all 237.",deterministic,,,0,237,,,False,False,False,False
1208,Al Kabeer's ZINGER Chicken strips Hot & Spicy,CKZSDA,ZING CHICKEN STRIPS SPICY 750 GRM,v2_synthetic_by_construction,VERIFIED_CORRECT,,,"Assigned SKU accounts for every distinguishing word in the offer (['chicken', 'spicy', 'strip', 'zing']) and introduces none the offer does not state; protein/family/variant compatible, pack unknown; no superior SKU exists among all 237.",deterministic,,,0,237,,,False,False,False,False
1209,Al-Kabeer ZINGER Chiken STRIPS spicy,CKZSDA,ZING CHICKEN STRIPS SPICY 750 GRM,v2_synthetic_by_construction,VERIFIED_CORRECT,,,"Assigned SKU accounts for every distinguishing word in the offer (['chicken', 'spicy', 'strip', 'zing']) and introduces none the offer does not state; protein/family/variant compatible, pack unknown; no superior SKU exists among all 237.",deterministic,,,0,237,,,False,False,False,False
1210,ALKABEER ZING chicken STRIPS spicy,CKZSDA,ZING CHICKEN STRIPS SPICY 750 GRM,v2_synthetic_by_construction,VERIFIED_CORRECT,,,"Assigned SKU accounts for every distinguishing word in the offer (['chicken', 'spicy', 'strip', 'zing']) and introduces none the offer does not state; protein/family/variant compatible, pack unknown; no superior SKU exists among all 237.",deterministic,,,0,237,,,False,False,False,False
1211,Al Kabee ZING Chkn Strip Hot N Spicy,CKZSDA,ZING CHICKEN STRIPS SPICY 750 GRM,v2_synthetic_by_construction,CORRECT_BUT_LOW_CONFIDENCE,,,"No SKU among all 237 is objectively superior, but the assigned SKU is not a clear winner: offer words unaccounted for ['kabee']; name rank 3/237 (67.8).",deterministic,,,0,237,,,False,False,False,False
1212,ALKABEER Zing chicken Strips Hot n Spicy,CKZSDA,ZING CHICKEN STRIPS SPICY 750 GRM,v2_synthetic_by_construction,VERIFIED_CORRECT,,,"Assigned SKU accounts for every distinguishing word in the offer (['chicken', 'spicy', 'strip', 'zing']) and introduces none the offer does not state; protein/family/variant compatible, pack unknown; no superior SKU exists among all 237.",deterministic,,,0,237,,,False,False,False,False
1213,Alkabheer ZING Chiken STRIPS Spicy,CKZSDA,ZING CHICKEN STRIPS SPICY 750 GRM,v2_synthetic_by_construction,VERIFIED_CORRECT,,,"Assigned SKU accounts for every distinguishing word in the offer (['chicken', 'spicy', 'strip', 'zing']) and introduces none the offer does not state; protein/family/variant compatible, pack unknown; no superior SKU exists among all 237.",deterministic,,,0,237,,,False,False,False,False
1214,Al-Kabeer Zing chicken nuggets non spicy,CKZNNS,ZING CHICKEN NUGGET NON-SPICY,v2_synthetic_by_construction,VERIFIED_CORRECT,,,"Assigned SKU accounts for every distinguishing word in the offer (['chicken', 'nonspicy', 'nugget', 'zing']) and introduces none the offer does not state; protein/family/variant compatible, pack unknown; no superior SKU exists among all 237.",deterministic,,,0,237,,,False,False,False,False
1215,Al-Kabeer ZING Chiken Fillets non spicy,CKZFNS,ZING CHICKEN FILLET NON-SPICY,v2_synthetic_by_construction,VERIFIED_CORRECT,,,"Assigned SKU accounts for every distinguishing word in the offer (['chicken', 'fillet', 'nonspicy', 'zing']) and introduces none the offer does not state; protein/family/variant compatible, pack unknown; no superior SKU exists among all 237.",deterministic,,,0,237,,,False,False,False,False
1216,Al Kabeer Zinger Chckn FILLETS Non-Spicy,CKZFNS,ZING CHICKEN FILLET NON-SPICY,v2_synthetic_by_construction,VERIFIED_CORRECT,,,"Assigned SKU accounts for every distinguishing word in the offer (['chicken', 'fillet', 'nonspicy', 'zing']) and introduces none the offer does not state; protein/family/variant compatible, pack unknown; no superior SKU exists among all 237.",deterministic,,,0,237,,,False,False,False,False
1217,Al-Kabeer Zinger CHICKEN Fillets NON SPICY,CKZFNS,ZING CHICKEN FILLET NON-SPICY,v2_synthetic_by_construction,VERIFIED_CORRECT,,,"Assigned SKU accounts for every distinguishing word in the offer (['chicken', 'fillet', 'nonspicy', 'zing']) and introduces none the offer does not state; protein/family/variant compatible, pack unknown; no superior SKU exists among all 237.",deterministic,,,0,237,,,False,False,False,False
1218,AlKabeer zing CHICKEN Fillets N/S,CKZFNS,ZING CHICKEN FILLET NON-SPICY,v2_synthetic_by_construction,INCORRECT,CKZF,ZING CHICKEN FILLETS 465,"CKZF (ZING CHICKEN FILLETS 465) is superior: assigned SKU is over-specific: it adds 1 word(s) the offer never states, the replacement adds none. Offer words covered by replacement=['chicken', 'fillet', 'zing'] vs assigned=['chicken', 'fillet', 'zing']; over-specific words replacement=0 vs assigned=1; name similarity 89.2 vs 86.5 (+2.7); protein=1 family=1 pack=unknown; spec '465 Gms x 12 Pkts'. All 237 master SKUs were compared before selecting this replacement.",deterministic,,,2,237,,,False,False,False,False
1219,Alkabeer ZING CHICKEN Fillets non spicy,CKZFNS,ZING CHICKEN FILLET NON-SPICY,v2_synthetic_by_construction,VERIFIED_CORRECT,,,"Assigned SKU accounts for every distinguishing word in the offer (['chicken', 'fillet', 'nonspicy', 'zing']) and introduces none the offer does not state; protein/family/variant compatible, pack unknown; no superior SKU exists among all 237.",deterministic,,,0,237,,,False,False,False,False
1220,AlKabeer Zing chicken Filets N/S,CKZFNS,ZING CHICKEN FILLET NON-SPICY,v2_synthetic_by_construction,INCORRECT,CKZF,ZING CHICKEN FILLETS 465,"CKZF (ZING CHICKEN FILLETS 465) is superior: assigned SKU is over-specific: it adds 1 word(s) the offer never states, the replacement adds none. Offer words covered by replacement=['chicken', 'fillet', 'zing'] vs assigned=['chicken', 'fillet', 'zing']; over-specific words replacement=0 vs assigned=1; name similarity 84.2 vs 84.1 (+0.1); protein=1 family=1 pack=unknown; spec '465 Gms x 12 Pkts'. All 237 master SKUs were compared before selecting this replacement.",deterministic,,,1,237,,,False,False,False,False
1221,Al-Kabeer Zing Chckn Fillets NOSPICY,CKZFNS,ZING CHICKEN FILLET NON-SPICY,v2_synthetic_by_construction,VERIFIED_CORRECT,,,"Assigned SKU accounts for every distinguishing word in the offer (['chicken', 'fillet', 'nonspicy', 'zing']) and introduces none the offer does not state; protein/family/variant compatible, pack unknown; no superior SKU exists among all 237.",deterministic,,,0,237,,,False,False,False,False
1222,ALKABEER Zinger Chiken Fillets Non-Spicy,CKZFNS,ZING CHICKEN FILLET NON-SPICY,v2_synthetic_by_construction,VERIFIED_CORRECT,,,"Assigned SKU accounts for every distinguishing word in the offer (['chicken', 'fillet', 'nonspicy', 'zing']) and introduces none the offer does not state; protein/family/variant compatible, pack unknown; no superior SKU exists among all 237.",deterministic,,,0,237,,,False,False,False,False
1223,AL-KABEEZ ZINGER chicken Fillets NON SPICY,CKZFNS,ZING CHICKEN FILLET NON-SPICY,v2_synthetic_by_construction,VERIFIED_CORRECT,,,"Assigned SKU accounts for every distinguishing word in the offer (['chicken', 'fillet', 'nonspicy', 'zing']) and introduces none the offer does not state; protein/family/variant compatible, pack unknown; no superior SKU exists among all 237.",deterministic,,,0,237,,,False,False,False,False
1224,Al Kaber zing CHICKEN Fillet Not Spicy,CKZFNS,ZING CHICKEN FILLET NON-SPICY,v2_synthetic_by_construction,VERIFIED_CORRECT,,,"Assigned SKU accounts for every distinguishing word in the offer (['chicken', 'fillet', 'nonspicy', 'zing']) and introduces none the offer does not state; protein/family/variant compatible, pack unknown; no superior SKU exists among all 237.",deterministic,,,0,237,,,False,False,False,False
1225,Al Kabeer's Zing Chkn FILLETS non spicy,CKZFNS,ZING CHICKEN FILLET NON-SPICY,v2_synthetic_by_construction,VERIFIED_CORRECT,,,"Assigned SKU accounts for every distinguishing word in the offer (['chicken', 'fillet', 'nonspicy', 'zing']) and introduces none the offer does not state; protein/family/variant compatible, pack unknown; no superior SKU exists among all 237.",deterministic,,,0,237,,,False,False,False,False
1226,Al Kabeer Zinger chicken Filets No Spicy,CKZFNS,ZING CHICKEN FILLET NON-SPICY,v2_synthetic_by_construction,VERIFIED_CORRECT,,,"Assigned SKU accounts for every distinguishing word in the offer (['chicken', 'fillet', 'nonspicy', 'zing']) and introduces none the offer does not state; protein/family/variant compatible, pack unknown; no superior SKU exists among all 237.",deterministic,,,0,237,,,False,False,False,False
1227,ALKABEER ZINGER Chiken Fillet NS,CKZFNS,ZING CHICKEN FILLET NON-SPICY,v2_synthetic_by_construction,CORRECT_BUT_LOW_CONFIDENCE,,,"No SKU among all 237 is objectively superior, but the assigned SKU is not a clear winner: offer words unaccounted for []; name rank 1/237 (84.1).",deterministic,,,0,237,,,False,False,False,False
1228,ALKABEEER ZINGER Chiken fillets non spicy,CKZFNS,ZING CHICKEN FILLET NON-SPICY,v2_synthetic_by_construction,VERIFIED_CORRECT,,,"Assigned SKU accounts for every distinguishing word in the offer (['chicken', 'fillet', 'nonspicy', 'zing']) and introduces none the offer does not state; protein/family/variant compatible, pack unknown; no superior SKU exists among all 237.",deterministic,,,0,237,,,False,False,False,False
1229,AL KABEER zing Chkn Filets NS,CKZFNS,ZING CHICKEN FILLET NON-SPICY,v2_synthetic_by_construction,CORRECT_BUT_LOW_CONFIDENCE,,,"No SKU among all 237 is objectively superior, but the assigned SKU is not a clear winner: offer words unaccounted for []; name rank 1/237 (76.3).",deterministic,,,0,237,,,False,False,False,False
1230,AL KABEER Zinger Chkn Fillets non spicy,CKZFNS,ZING CHICKEN FILLET NON-SPICY,v2_synthetic_by_construction,VERIFIED_CORRECT,,,"Assigned SKU accounts for every distinguishing word in the offer (['chicken', 'fillet', 'nonspicy', 'zing']) and introduces none the offer does not state; protein/family/variant compatible, pack unknown; no superior SKU exists among all 237.",deterministic,,,0,237,,,False,False,False,False
1231,ALKABEEER Zing CHICKEN FILLETS Non Spicy,CKZFNS,ZING CHICKEN FILLET NON-SPICY,v2_synthetic_by_construction,VERIFIED_CORRECT,,,"Assigned SKU accounts for every distinguishing word in the offer (['chicken', 'fillet', 'nonspicy', 'zing']) and introduces none the offer does not state; protein/family/variant compatible, pack unknown; no superior SKU exists among all 237.",deterministic,,,0,237,,,False,False,False,False
1232,Alkabeer ZING Chkn Filets Not Spicy,CKZFNS,ZING CHICKEN FILLET NON-SPICY,v2_synthetic_by_construction,VERIFIED_CORRECT,,,"Assigned SKU accounts for every distinguishing word in the offer (['chicken', 'fillet', 'nonspicy', 'zing']) and introduces none the offer does not state; protein/family/variant compatible, pack unknown; no superior SKU exists among all 237.",deterministic,,,0,237,,,False,False,False,False
1233,Alkabeer zing Chicken Filets non spicy,CKZFNS,ZING CHICKEN FILLET NON-SPICY,v2_synthetic_by_construction,VERIFIED_CORRECT,,,"Assigned SKU accounts for every distinguishing word in the offer (['chicken', 'fillet', 'nonspicy', 'zing']) and introduces none the offer does not state; protein/family/variant compatible, pack unknown; no superior SKU exists among all 237.",deterministic,,,0,237,,,False,False,False,False
1234,Al Kabee ZINGER CHICKEN Fillet NON SPICY,CKZFNS,ZING CHICKEN FILLET NON-SPICY,v2_synthetic_by_construction,VERIFIED_CORRECT,,,"Best of all 237 SKUs on name similarity (84.0, margin +5.6); no attribute conflict; pack unknown.",deterministic,,,0,237,,,False,False,False,False
1235,Al-Kabeer zing Chkn Fillet N/S,CKZFNS,ZING CHICKEN FILLET NON-SPICY,v2_synthetic_by_construction,CORRECT_BUT_LOW_CONFIDENCE,,,"No SKU among all 237 is objectively superior, but the assigned SKU is not a clear winner: offer words unaccounted for []; name rank 1/237 (80.0).",deterministic,,,0,237,,,False,False,False,False
1236,Al-Kabeer ZING Chicken FILLETS Non Spicy,CKZFNS,ZING CHICKEN FILLET NON-SPICY,v2_synthetic_by_construction,VERIFIED_CORRECT,,,"Assigned SKU accounts for every distinguishing word in the offer (['chicken', 'fillet', 'nonspicy', 'zing']) and introduces none the offer does not state; protein/family/variant compatible, pack unknown; no superior SKU exists among all 237.",deterministic,,,0,237,,,False,False,False,False
1237,Alkabheer Zing Chkn FILLETS Not Spicy,CKZFNS,ZING CHICKEN FILLET NON-SPICY,v2_synthetic_by_construction,VERIFIED_CORRECT,,,"Assigned SKU accounts for every distinguishing word in the offer (['chicken', 'fillet', 'nonspicy', 'zing']) and introduces none the offer does not state; protein/family/variant compatible, pack unknown; no superior SKU exists among all 237.",deterministic,,,0,237,,,False,False,False,False
1238,AL KABBER ZINGER Chiken Fillet non spicy,CKZFNS,ZING CHICKEN FILLET NON-SPICY,v2_synthetic_by_construction,VERIFIED_CORRECT,,,"Assigned SKU accounts for every distinguishing word in the offer (['chicken', 'fillet', 'nonspicy', 'zing']) and introduces none the offer does not state; protein/family/variant compatible, pack unknown; no superior SKU exists among all 237.",deterministic,,,0,237,,,False,False,False,False
1239,ALKABEEER ZING Chckn nuggets,CKZN,ZING CHICKEN NUGGETS REGULAR,v2_synthetic_by_construction,CORRECT_BUT_LOW_CONFIDENCE,,,"No SKU among all 237 is objectively superior, but the assigned SKU is not a clear winner: offer words unaccounted for []; name rank 3/237 (68.9).",deterministic,,,0,237,,,False,False,False,False
1240,ALKABEER ZINGER chicken Nuggts,CKZN,ZING CHICKEN NUGGETS REGULAR,v2_synthetic_by_construction,CORRECT_BUT_LOW_CONFIDENCE,,,"No SKU among all 237 is objectively superior, but the assigned SKU is not a clear winner: offer words unaccounted for []; name rank 2/237 (82.6).",deterministic,,,0,237,,,False,False,False,False
1241,Al Kabeer's ZING Chiken Nuggts,CKZN,ZING CHICKEN NUGGETS REGULAR,v2_synthetic_by_construction,CORRECT_BUT_LOW_CONFIDENCE,,,"No SKU among all 237 is objectively superior, but the assigned SKU is not a clear winner: offer words unaccounted for []; name rank 1/237 (82.8).",deterministic,,,0,237,,,False,False,False,False
1242,Al kabeer ZINGER CHICKEN Nugget NS,CKZNNS,ZING CHICKEN NUGGET NON-SPICY,v2_synthetic_by_construction,VERIFIED_CORRECT,,,"Best of all 237 SKUs on name similarity (86.5, margin +7.4); no attribute conflict; pack unknown.",deterministic,,,0,237,,,False,False,False,False
1243,AlKabeer Zinger Chicken nuggets NOSPICY,CKZNNS,ZING CHICKEN NUGGET NON-SPICY,v2_synthetic_by_construction,VERIFIED_CORRECT,,,"Assigned SKU accounts for every distinguishing word in the offer (['chicken', 'nonspicy', 'nugget', 'zing']) and introduces none the offer does not state; protein/family/variant compatible, pack unknown; no superior SKU exists among all 237.",deterministic,,,0,237,,,False,False,False,False
1244,Al-Kabeer zing Chkn Nuggets Non spicy,CKZNNS,ZING CHICKEN NUGGET NON-SPICY,v2_synthetic_by_construction,VERIFIED_CORRECT,,,"Assigned SKU accounts for every distinguishing word in the offer (['chicken', 'nonspicy', 'nugget', 'zing']) and introduces none the offer does not state; protein/family/variant compatible, pack unknown; no superior SKU exists among all 237.",deterministic,,,0,237,,,False,False,False,False
1245,Al kabeer zing Chckn Nuggts non spicy,CKZNNS,ZING CHICKEN NUGGET NON-SPICY,v2_synthetic_by_construction,VERIFIED_CORRECT,,,"Assigned SKU accounts for every distinguishing word in the offer (['chicken', 'nonspicy', 'nuggt', 'zing']) and introduces none the offer does not state; protein/family/variant compatible, pack unknown; no superior SKU exists among all 237.",deterministic,,,0,237,,,False,False,False,False
1246,Alkabeer Zinger chicken nuggets,CKZN,ZING CHICKEN NUGGETS REGULAR,v2_synthetic_by_construction,CORRECT_BUT_LOW_CONFIDENCE,,,"No SKU among all 237 is objectively superior, but the assigned SKU is not a clear winner: offer words unaccounted for []; name rank 2/237 (85.4).",deterministic,,,0,237,,,False,False,False,False
1247,Al kabeer Zinger Chkn lollipop,CKZL,ZING CHICKEN LOLLIPOP 420,v2_synthetic_by_construction,VERIFIED_CORRECT,,,"Assigned SKU accounts for every distinguishing word in the offer (['chicken', 'lollipop', 'zing']) and introduces none the offer does not state; protein/family/variant compatible, pack unknown; no superior SKU exists among all 237.",deterministic,,,0,237,,,False,False,False,False
1248,Al-Kabeer zing chicken lollipop (1 kg),CKZLA,ZING CHICKEN LOLLIPOP BULK (5*1KG),v2_synthetic_by_construction,CORRECT_BUT_LOW_CONFIDENCE,,,"No SKU among all 237 is objectively superior, but the assigned SKU is not a clear winner: offer words unaccounted for []; name rank 2/237 (92.1).",deterministic,,,0,237,,,False,False,False,False
1249,AlKabeer ZINGER Chiken NUGGETS,CKZN,ZING CHICKEN NUGGETS REGULAR,v2_synthetic_by_construction,CORRECT_BUT_LOW_CONFIDENCE,,,"No SKU among all 237 is objectively superior, but the assigned SKU is not a clear winner: offer words unaccounted for []; name rank 2/237 (82.6).",deterministic,,,0,237,,,False,False,False,False
1250,Al kbeer Zing CHICKEN Nuggets,CKZN,ZING CHICKEN NUGGETS REGULAR,v2_synthetic_by_construction,CORRECT_BUT_LOW_CONFIDENCE,,,"No SKU among all 237 is objectively superior, but the assigned SKU is not a clear winner: offer words unaccounted for []; name rank 3/237 (78.9).",deterministic,,,0,237,,,False,False,False,False
1251,Al kabeer Zinger Chicken Nuggets,CKZN,ZING CHICKEN NUGGETS REGULAR,v2_synthetic_by_construction,CORRECT_BUT_LOW_CONFIDENCE,,,"No SKU among all 237 is objectively superior, but the assigned SKU is not a clear winner: offer words unaccounted for []; name rank 2/237 (85.4).",deterministic,,,0,237,,,False,False,False,False
1252,AlKabeer zing Chicken Nuggets,CKZN,ZING CHICKEN NUGGETS REGULAR,v2_synthetic_by_construction,CORRECT_BUT_LOW_CONFIDENCE,,,"No SKU among all 237 is objectively superior, but the assigned SKU is not a clear winner: offer words unaccounted for []; name rank 2/237 (94.4).",deterministic,,,0,237,,,False,False,False,False
1253,AL-KABEEZ Zinger chicken Nugget,CKZN,ZING CHICKEN NUGGETS REGULAR,v2_synthetic_by_construction,CORRECT_BUT_LOW_CONFIDENCE,,,"No SKU among all 237 is objectively superior, but the assigned SKU is not a clear winner: offer words unaccounted for []; name rank 6/237 (68.8).",deterministic,,,0,237,,,False,False,False,False
1254,AlKabeer ZINGER Chiken Nuggts,CKZN,ZING CHICKEN NUGGETS REGULAR,v2_synthetic_by_construction,CORRECT_BUT_LOW_CONFIDENCE,,,"No SKU among all 237 is objectively superior, but the assigned SKU is not a clear winner: offer words unaccounted for []; name rank 2/237 (80.0).",deterministic,,,0,237,,,False,False,False,False
1255,Alkabeer zing Chckn Filets 1 kilo,CKZFA,ZING CHICKEN FILLETS BULK (5*1 KG),v2_synthetic_by_construction,INCORRECT,CKZF,ZING CHICKEN FILLETS 465,"CKZF (ZING CHICKEN FILLETS 465) is superior: assigned SKU is over-specific: it adds 1 word(s) the offer never states, the replacement adds none. Offer words covered by replacement=['chicken', 'fillet', 'zing'] vs assigned=['chicken', 'fillet', 'zing']; over-specific words replacement=0 vs assigned=1; name similarity 77.2 vs 73.1 (+4.0); protein=1 family=1 pack=unknown; spec '465 Gms x 12 Pkts'. All 237 master SKUs were compared before selecting this replacement.",deterministic,,,2,237,,,False,False,False,False
1256,Alkaberer krazee Chckn NUGGETS Hot N Spicy,CKNKDA,KRAZEE CHICKEN NUGGETS SPICY 750 GRM,v2_synthetic_by_construction,VERIFIED_CORRECT,,,"Assigned SKU accounts for every distinguishing word in the offer (['chicken', 'krazee', 'nugget', 'spicy']) and introduces none the offer does not state; protein/family/variant compatible, pack unknown; no superior SKU exists among all 237.",deterministic,,,0,237,,,False,False,False,False
1257,AL-KABEEZ Krazy Chkn NUGGETS Hot n Spicy,CKNKDA,KRAZEE CHICKEN NUGGETS SPICY 750 GRM,v2_synthetic_by_construction,INCORRECT,CKNHSD,Chicken Nuggets HOT n SPICY,"CKNHSD (Chicken Nuggets HOT n SPICY) is superior: assigned SKU is over-specific: it adds 1 word(s) the offer never states, the replacement adds none. Offer words covered by replacement=['chicken', 'nugget', 'spicy'] vs assigned=['chicken', 'nugget', 'spicy']; over-specific words replacement=0 vs assigned=1; name similarity 82.8 vs 67.1 (+15.7); protein=1 family=1 pack=unknown; spec '750 g. x 8'. All 237 master SKUs were compared before selecting this replacement.",deterministic,,,1,237,,,False,False,False,False
1258,AL-KABEEZ KRAZEE Chkn nuggets Hot N Spicy,CKNKDA,KRAZEE CHICKEN NUGGETS SPICY 750 GRM,v2_synthetic_by_construction,VERIFIED_CORRECT,,,"Assigned SKU accounts for every distinguishing word in the offer (['chicken', 'krazee', 'nugget', 'spicy']) and introduces none the offer does not state; protein/family/variant compatible, pack unknown; no superior SKU exists among all 237.",deterministic,,,0,237,,,False,False,False,False
1259,ALKABEER KRAZEE Chiken Nuggets Hot and Spicy,CKNKDA,KRAZEE CHICKEN NUGGETS SPICY 750 GRM,v2_synthetic_by_construction,CORRECT_BUT_LOW_CONFIDENCE,,,"No SKU among all 237 is objectively superior, but the assigned SKU is not a clear winner: offer words unaccounted for ['hot']; name rank 7/237 (69.6).",deterministic,,,0,237,,,False,False,False,True
1260,ALKABEER Kroze Chicken nuggets HOT & SPICY,CKNKDA,KRAZEE CHICKEN NUGGETS SPICY 750 GRM,v2_synthetic_by_construction,INCORRECT,CKNHSD,Chicken Nuggets HOT n SPICY,"CKNHSD (Chicken Nuggets HOT n SPICY) is superior: assigned SKU is over-specific: it adds 1 word(s) the offer never states, the replacement adds none. Offer words covered by replacement=['chicken', 'nugget', 'spicy'] vs assigned=['chicken', 'nugget', 'spicy']; over-specific words replacement=0 vs assigned=1; name similarity 94.0 vs 83.2 (+10.8); protein=1 family=1 pack=unknown; spec '750 g. x 8'. All 237 master SKUs were compared before selecting this replacement.",deterministic,,,1,237,,,False,False,False,False
1261,Al Kabeer Krazee Chckn Nuggts HOT & SPICY,CKNKDA,KRAZEE CHICKEN NUGGETS SPICY 750 GRM,v2_synthetic_by_construction,VERIFIED_CORRECT,,,"Assigned SKU accounts for every distinguishing word in the offer (['chicken', 'krazee', 'nuggt', 'spicy']) and introduces none the offer does not state; protein/family/variant compatible, pack unknown; no superior SKU exists among all 237.",deterministic,,,0,237,,,False,False,False,False
1262,ALKABEEER A/K Pro Chiken nuggets 1 kg,CKNNAPR,AK PRO Chicken Nuggets 1 kg x 10,v2_synthetic_by_construction,VERIFIED_CORRECT,,,"Assigned SKU accounts for every distinguishing word in the offer (['chicken', 'nugget', 'pro']) and introduces none the offer does not state; protein/family/variant compatible, pack compatible; no superior SKU exists among all 237.",deterministic,,,0,237,,,False,False,False,False
1263,Al Kabeer's Krazee Chckn NUGGETS Hot and Spicy,CKNKDA,KRAZEE CHICKEN NUGGETS SPICY 750 GRM,v2_synthetic_by_construction,CORRECT_BUT_LOW_CONFIDENCE,,,"No SKU among all 237 is objectively superior, but the assigned SKU is not a clear winner: offer words unaccounted for ['hot']; name rank 6/237 (67.5).",deterministic,,,0,237,,,False,False,False,True
1264,Al kbeer Kroze Chiken NUGGETS,CKNK,KRAZEE CHICKEN NUGGETS 400,v2_synthetic_by_construction,CORRECT_BUT_LOW_CONFIDENCE,,,"No SKU among all 237 is objectively superior, but the assigned SKU is not a clear winner: offer words unaccounted for ['kroze']; name rank 1/237 (76.0).",deterministic,,,0,237,,,False,False,False,False
1265,ALKABEER Krazy Chicken Nuggts,CKNK,KRAZEE CHICKEN NUGGETS 400,v2_synthetic_by_construction,INCORRECT,CKN,CHICKEN NUGGETS,"CKN (CHICKEN NUGGETS) is superior: assigned SKU is over-specific: it adds 1 word(s) the offer never states, the replacement adds none. Offer words covered by replacement=['chicken', 'nuggt'] vs assigned=['chicken', 'nuggt']; over-specific words replacement=0 vs assigned=1; name similarity 85.5 vs 84.1 (+1.4); protein=1 family=1 pack=unknown; spec '270 Gms x 20 Pkts'. All 237 master SKUs were compared before selecting this replacement.",deterministic,,,1,237,,,False,False,False,False
1266,Al Kabeer's KRAZEE Chckn Nuggets,CKNK,KRAZEE CHICKEN NUGGETS 400,v2_synthetic_by_construction,VERIFIED_CORRECT,,,"Assigned SKU accounts for every distinguishing word in the offer (['chicken', 'krazee', 'nugget']) and introduces none the offer does not state; protein/family/variant compatible, pack unknown; no superior SKU exists among all 237.",deterministic,,,0,237,,,False,False,False,False
1267,ALKABEER KRAZEE chicken NUGGETS,CKNK,KRAZEE CHICKEN NUGGETS 400,v2_synthetic_by_construction,VERIFIED_CORRECT,,,"Assigned SKU accounts for every distinguishing word in the offer (['chicken', 'krazee', 'nugget']) and introduces none the offer does not state; protein/family/variant compatible, pack unknown; no superior SKU exists among all 237.",deterministic,,,0,237,,,False,False,False,False
1268,AL KABEER Kroze Chckn NUGGETS,CKNK,KRAZEE CHICKEN NUGGETS 400,v2_synthetic_by_construction,INCORRECT,CKN,CHICKEN NUGGETS,"CKN (CHICKEN NUGGETS) is superior: assigned SKU is over-specific: it adds 1 word(s) the offer never states, the replacement adds none. Offer words covered by replacement=['chicken', 'nugget'] vs assigned=['chicken', 'nugget']; over-specific words replacement=0 vs assigned=1; name similarity 81.9 vs 81.4 (+0.5); protein=1 family=1 pack=unknown; spec '270 Gms x 20 Pkts'. All 237 master SKUs were compared before selecting this replacement.",deterministic,,,1,237,,,False,False,False,False
1269,Al kbeer Kraze chicken Nuggts,CKNK,KRAZEE CHICKEN NUGGETS 400,v2_synthetic_by_construction,VERIFIED_CORRECT,,,"Assigned SKU accounts for every distinguishing word in the offer (['chicken', 'kraze', 'nuggt']) and introduces none the offer does not state; protein/family/variant compatible, pack unknown; no superior SKU exists among all 237.",deterministic,,,0,237,,,False,False,False,False
1270,AlKabeer Kraze Chckn nuggets Spicy,CKNKDA,KRAZEE CHICKEN NUGGETS SPICY 750 GRM,v2_synthetic_by_construction,VERIFIED_CORRECT,,,"Assigned SKU accounts for every distinguishing word in the offer (['chicken', 'kraze', 'nugget', 'spicy']) and introduces none the offer does not state; protein/family/variant compatible, pack unknown; no superior SKU exists among all 237.",deterministic,,,0,237,,,False,False,False,False
1271,Al Kabeer's Kraze Chicken Nuggets Hot & Spicy,CKNKDA,KRAZEE CHICKEN NUGGETS SPICY 750 GRM,v2_synthetic_by_construction,VERIFIED_CORRECT,,,"Assigned SKU accounts for every distinguishing word in the offer (['chicken', 'kraze', 'nugget', 'spicy']) and introduces none the offer does not state; protein/family/variant compatible, pack unknown; no superior SKU exists among all 237.",deterministic,,,0,237,,,False,False,False,False
1272,Alkabheer AK Pro Chicken NUGGETS 2X1000GM,CKNNAPR,AK PRO Chicken Nuggets 1 kg x 10,v2_synthetic_by_construction,CORRECT_BUT_LOW_CONFIDENCE,,,"No SKU among all 237 is objectively superior, but the assigned SKU is not a clear winner: offer words unaccounted for ['2x1000gm']; name rank 3/237 (82.4).",deterministic,,,0,237,,,False,False,False,False
1273,Alkabeer tempura chicken nuggets Non-Spicy,CKNTMP,Tempura Chicken Nuggets Non Spicy,v2_synthetic_by_construction,VERIFIED_CORRECT,,,"Assigned SKU accounts for every distinguishing word in the offer (['chicken', 'nonspicy', 'nugget', 'tempura']) and introduces none the offer does not state; protein/family/variant compatible, pack unknown; no superior SKU exists among all 237.",deterministic,,,0,237,,,False,False,False,False
1274,Alkabeers tempura Chicken NUGGETS NON SPICY,CKNTMP,Tempura Chicken Nuggets Non Spicy,v2_synthetic_by_construction,VERIFIED_CORRECT,,,"Assigned SKU accounts for every distinguishing word in the offer (['chicken', 'nonspicy', 'nugget', 'tempura']) and introduces none the offer does not state; protein/family/variant compatible, pack unknown; no superior SKU exists among all 237.",deterministic,,,0,237,,,False,False,False,False
1275,AlKabeer tempura Chkn NUGGETS NON SPICY,CKNTMP,Tempura Chicken Nuggets Non Spicy,v2_synthetic_by_construction,VERIFIED_CORRECT,,,"Assigned SKU accounts for every distinguishing word in the offer (['chicken', 'nonspicy', 'nugget', 'tempura']) and introduces none the offer does not state; protein/family/variant compatible, pack unknown; no superior SKU exists among all 237.",deterministic,,,0,237,,,False,False,False,False
1276,Al Kabeer's Tempura CHICKEN Nugget NS,CKNTMP,Tempura Chicken Nuggets Non Spicy,v2_synthetic_by_construction,VERIFIED_CORRECT,,,"Best of all 237 SKUs on name similarity (88.5, margin +9.8); no attribute conflict; pack unknown.",deterministic,,,0,237,,,False,False,False,False
1277,Al kabeer TEMPURA Chiken Nugget NS,CKNTMP,Tempura Chicken Nuggets Non Spicy,v2_synthetic_by_construction,VERIFIED_CORRECT,,,"Best of all 237 SKUs on name similarity (85.0, margin +11.7); no attribute conflict; pack unknown.",deterministic,,,0,237,,,False,False,False,False
1278,AlKabeer Tempura CHICKEN nuggets No Spicy,CKNTMP,Tempura Chicken Nuggets Non Spicy,v2_synthetic_by_construction,VERIFIED_CORRECT,,,"Assigned SKU accounts for every distinguishing word in the offer (['chicken', 'nonspicy', 'nugget', 'tempura']) and introduces none the offer does not state; protein/family/variant compatible, pack unknown; no superior SKU exists among all 237.",deterministic,,,0,237,,,False,False,False,False
1279,Al Kabeer's tempura Chckn Nuggets N/S,CKNTMP,Tempura Chicken Nuggets Non Spicy,v2_synthetic_by_construction,VERIFIED_CORRECT,,,"Best of all 237 SKUs on name similarity (86.0, margin +14.8); no attribute conflict; pack unknown.",deterministic,,,0,237,,,False,False,False,False
1280,Al Kaber TEMPURA Chiken Nuggts NON SPICY,CKNTMP,Tempura Chicken Nuggets Non Spicy,v2_synthetic_by_construction,VERIFIED_CORRECT,,,"Assigned SKU accounts for every distinguishing word in the offer (['chicken', 'nonspicy', 'nuggt', 'tempura']) and introduces none the offer does not state; protein/family/variant compatible, pack unknown; no superior SKU exists among all 237.",deterministic,,,0,237,,,False,False,False,False
1281,Al Kabeer's AK PRO Chicken NUGGETS 1 kg,CKNNAPR,AK PRO Chicken Nuggets 1 kg x 10,v2_synthetic_by_construction,VERIFIED_CORRECT,,,"Assigned SKU accounts for every distinguishing word in the offer (['chicken', 'nugget', 'pro']) and introduces none the offer does not state; protein/family/variant compatible, pack compatible; no superior SKU exists among all 237.",deterministic,,,0,237,,,False,False,False,False
1282,Al-Kabeer A.K PRO Chicken Nuggets 1000 gm x 3,CKNNAPR,AK PRO Chicken Nuggets 1 kg x 10,v2_synthetic_by_construction,VERIFIED_CORRECT,,,"Assigned SKU accounts for every distinguishing word in the offer (['chicken', 'nugget', 'pro']) and introduces none the offer does not state; protein/family/variant compatible, pack compatible; no superior SKU exists among all 237.",deterministic,,,0,237,,,False,False,False,False
1283,AL KABBER A.K PRO Chicken NUGGETS (1 kg),CKNNAPR,AK PRO Chicken Nuggets 1 kg x 10,v2_synthetic_by_construction,VERIFIED_CORRECT,,,"Assigned SKU accounts for every distinguishing word in the offer (['chicken', 'nugget', 'pro']) and introduces none the offer does not state; protein/family/variant compatible, pack compatible; no superior SKU exists among all 237.",deterministic,,,0,237,,,False,False,False,False
1284,Al Kabeer A/K Pro CHICKEN Nuggets 1 kilo,CKNNAPR,AK PRO Chicken Nuggets 1 kg x 10,v2_synthetic_by_construction,CORRECT_BUT_LOW_CONFIDENCE,,,"No SKU among all 237 is objectively superior, but the assigned SKU is not a clear winner: offer words unaccounted for ['kilo']; name rank 3/237 (82.6).",deterministic,,,0,237,,,False,False,False,False
1285,Al Kabeer's A.K PRO Chicken Nugget 2X1000GM,CKNNAPR,AK PRO Chicken Nuggets 1 kg x 10,v2_synthetic_by_construction,CORRECT_BUT_LOW_CONFIDENCE,,,"No SKU among all 237 is objectively superior, but the assigned SKU is not a clear winner: offer words unaccounted for ['2x1000gm']; name rank 1/237 (86.3).",deterministic,,,0,237,,,False,False,False,False
1286,Al-Kabeer AK Pro chicken nuggets 2X1000GM,CKNNAPR,AK PRO Chicken Nuggets 1 kg x 10,v2_synthetic_by_construction,CORRECT_BUT_LOW_CONFIDENCE,,,"No SKU among all 237 is objectively superior, but the assigned SKU is not a clear winner: offer words unaccounted for ['2x1000gm']; name rank 1/237 (94.5).",deterministic,,,0,237,,,False,False,False,False
1287,Alkabeer A.K PRO Chckn Nuggets 1 kg,CKNNAPR,AK PRO Chicken Nuggets 1 kg x 10,v2_synthetic_by_construction,VERIFIED_CORRECT,,,"Assigned SKU accounts for every distinguishing word in the offer (['chicken', 'nugget', 'pro']) and introduces none the offer does not state; protein/family/variant compatible, pack compatible; no superior SKU exists among all 237.",deterministic,,,0,237,,,False,False,False,False
1288,ALKABEER A/K Pro Chicken Nuggets 2X1000GM,CKNNAPR,AK PRO Chicken Nuggets 1 kg x 10,v2_synthetic_by_construction,CORRECT_BUT_LOW_CONFIDENCE,,,"No SKU among all 237 is objectively superior, but the assigned SKU is not a clear winner: offer words unaccounted for ['2x1000gm']; name rank 2/237 (91.6).",deterministic,,,0,237,,,False,False,False,False
1289,Al Kabeer's Crazy Chicken NUGGETS,CKNK,KRAZEE CHICKEN NUGGETS 400,v2_synthetic_by_construction,INCORRECT,CKN,CHICKEN NUGGETS,"CKN (CHICKEN NUGGETS) is superior: assigned SKU is over-specific: it adds 1 word(s) the offer never states, the replacement adds none. Offer words covered by replacement=['chicken', 'nugget'] vs assigned=['chicken', 'nugget']; over-specific words replacement=0 vs assigned=1; name similarity 93.0 vs 80.3 (+12.7); protein=1 family=1 pack=unknown; spec '270 Gms x 20 Pkts'. All 237 master SKUs were compared before selecting this replacement.",deterministic,,,1,237,,,False,False,False,False
1290,AL KABBER Chkn MEAT BALLS,CKMBA,CHICKEN MEAT BALLS BULK,v2_synthetic_by_construction,INCORRECT,CKMB,CHICKEN MEAT BALLS,"CKMB (CHICKEN MEAT BALLS) is superior: assigned SKU is over-specific: it adds 1 word(s) the offer never states, the replacement adds none. Offer words covered by replacement=['ball', 'chicken', 'meat'] vs assigned=['ball', 'chicken', 'meat']; over-specific words replacement=0 vs assigned=1; name similarity 77.4 vs 70.8 (+6.6); protein=1 family=1 pack=unknown; spec '300 Gms x 20 Pkts'. All 237 master SKUs were compared before selecting this replacement.",deterministic,,,1,237,,,False,False,False,False
1291,ALKABEEER Chckn Meat Ball,CKMBA,CHICKEN MEAT BALLS BULK,v2_synthetic_by_construction,INCORRECT,CKMB,CHICKEN MEAT BALLS,"CKMB (CHICKEN MEAT BALLS) is superior: assigned SKU is over-specific: it adds 1 word(s) the offer never states, the replacement adds none. Offer words covered by replacement=['ball', 'chicken', 'meat'] vs assigned=['ball', 'chicken', 'meat']; over-specific words replacement=0 vs assigned=1; name similarity 76.8 vs 70.8 (+6.1); protein=1 family=1 pack=unknown; spec '300 Gms x 20 Pkts'. All 237 master SKUs were compared before selecting this replacement.",deterministic,,,1,237,,,False,False,False,False
1292,Al Kabeer Chicken Meatballs 1kg,CKMBAB,CHICKEN MEAT BALLS CATERING PACK 1 kg x 5 pkts,v2_synthetic_by_construction,CORRECT_BUT_LOW_CONFIDENCE,,,"No SKU among all 237 is objectively superior, but the assigned SKU is not a clear winner: offer words unaccounted for ['1kg', 'meatball']; name rank 6/237 (65.6).",deterministic,,,0,237,,,False,False,False,False
1293,Al-Kabeer Chckn MEAT BALLS 1000 g. x 3,CKMBAB,CHICKEN MEAT BALLS CATERING PACK 1 kg x 5 pkts,v2_synthetic_by_construction,CORRECT_BUT_LOW_CONFIDENCE,,,"No SKU among all 237 is objectively superior, but the assigned SKU is not a clear winner: offer words unaccounted for []; name rank 5/237 (75.0).",deterministic,,,0,237,,,False,False,False,False
1294,Al Kabeer Chicken breast,CKMCB,TENDER CHICKEN BREAST,v2_synthetic_by_construction,VERIFIED_CORRECT,,,"Best of all 237 SKUs on name similarity (93.3, margin +3.3); no attribute conflict; pack unknown.",deterministic,,,0,237,,,False,False,False,False
1295,Alkabeer chicken breast Hot N Spicy,CKMCBA,TENDER CHICKEN BREAST SPICY FLAVOURED,v2_synthetic_by_construction,CORRECT_BUT_LOW_CONFIDENCE,,,"No SKU among all 237 is objectively superior, but the assigned SKU is not a clear winner: offer words unaccounted for []; name rank 5/237 (77.9).",deterministic,,,0,237,,,False,False,False,False
1296,Al Kabeer's chicken Nuggets,CKN,CHICKEN NUGGETS,v2_synthetic_by_construction,VERIFIED_CORRECT,,,"Assigned SKU accounts for every distinguishing word in the offer (['chicken', 'nugget']) and introduces none the offer does not state; protein/family/variant compatible, pack unknown; no superior SKU exists among all 237.",deterministic,,,0,237,,,False,False,False,False
1297,Al kabeer Chkn Nuggets 3 x 400g,CKN400,CHICKEN NUGGETS (400G),v2_synthetic_by_construction,VERIFIED_CORRECT,,,"Assigned SKU accounts for every distinguishing word in the offer (['400g', 'chicken', 'nugget']) and introduces none the offer does not state; protein/family/variant compatible, pack compatible; no superior SKU exists among all 237.",deterministic,,,0,237,,,False,False,False,False
1298,Al-Kabeer Chicken Meat Balls,CKMB,CHICKEN MEAT BALLS,v2_synthetic_by_construction,VERIFIED_CORRECT,,,"Assigned SKU accounts for every distinguishing word in the offer (['ball', 'chicken', 'meat']) and introduces none the offer does not state; protein/family/variant compatible, pack unknown; no superior SKU exists among all 237.",deterministic,,,0,237,,,False,False,False,False
1299,ALKABEER AK PRO Chkn BURGERS 50gm X 3,CKKB50PR,AK PRO Chicken Burger 50 g. 1 kg x 10,v2_synthetic_by_construction,CORRECT_BUT_LOW_CONFIDENCE,,,"Assigned SKU carries rule defect(s) ['pack_incompatible'], but no SKU among all 237 is objectively superior, so no replacement is justified.",deterministic,,,0,237,pack_incompatible,,False,True,False,False
1300,ALKABEEER AK PRO Chiken Burgers 50 g,CKKB50PR,AK PRO Chicken Burger 50 g. 1 kg x 10,v2_synthetic_by_construction,CORRECT_BUT_LOW_CONFIDENCE,,,"Assigned SKU carries rule defect(s) ['pack_incompatible'], but no SKU among all 237 is objectively superior, so no replacement is justified.",deterministic,,,0,237,pack_incompatible,,False,True,False,False
1301,Al Kaber A.K PRO Chicken Burgers 50 gm x 3,CKKB50PR,AK PRO Chicken Burger 50 g. 1 kg x 10,v2_synthetic_by_construction,CORRECT_BUT_LOW_CONFIDENCE,,,"Assigned SKU carries rule defect(s) ['pack_incompatible'], but no SKU among all 237 is objectively superior, so no replacement is justified.",deterministic,,,0,237,pack_incompatible,,False,True,False,False
1302,Al kabeer CHICKEN Burger,CKKB8,8 CHICKEN BURGERS,v2_synthetic_by_construction,CORRECT_BUT_LOW_CONFIDENCE,,,"Assigned SKU carries rule defect(s) ['family_contradiction'], but no SKU among all 237 is objectively superior, so no replacement is justified.",deterministic,,,0,237,family_contradiction,,False,False,False,False
1303,Al Kabee Chckn BURGERS,CKKB8,8 CHICKEN BURGERS,v2_synthetic_by_construction,CORRECT_BUT_LOW_CONFIDENCE,,,"No SKU among all 237 is objectively superior, but the assigned SKU is not a clear winner: offer words unaccounted for ['kabee']; name rank 1/237 (78.0).",deterministic,,,0,237,,,False,False,False,False
1304,ALKABEER chicken Burger 100 GM,CKKBJ,JUMBO BREADED CHICKEN BURGER 100G BULK,v2_synthetic_by_construction,CORRECT_BUT_LOW_CONFIDENCE,,,"Assigned SKU carries rule defect(s) ['pack_incompatible'], but no SKU among all 237 is objectively superior, so no replacement is justified.",deterministic,,,0,237,pack_incompatible,,False,True,False,False
1305,AL-KABEEZ chicken Burgers 100gm,CKKBJ,JUMBO BREADED CHICKEN BURGER 100G BULK,v2_synthetic_by_construction,CORRECT_BUT_LOW_CONFIDENCE,,,"Assigned SKU carries rule defect(s) ['pack_incompatible'], but no SKU among all 237 is objectively superior, so no replacement is justified.",deterministic,,,0,237,pack_incompatible,,False,True,False,False
1306,Al kabeer Chkn Meat Ball,CKMB,CHICKEN MEAT BALLS,v2_synthetic_by_construction,VERIFIED_CORRECT,,,"Assigned SKU accounts for every distinguishing word in the offer (['ball', 'chicken', 'meat']) and introduces none the offer does not state; protein/family/variant compatible, pack unknown; no superior SKU exists among all 237.",deterministic,,,0,237,,,False,False,False,False
1307,Al kabeer Chckn Nuggts,CKNA,CHICKEN NUGGETS BULK 1x5,v2_synthetic_by_construction,INCORRECT,CKN,CHICKEN NUGGETS,"CKN (CHICKEN NUGGETS) is superior: assigned SKU is over-specific: it adds 2 word(s) the offer never states, the replacement adds none. Offer words covered by replacement=['chicken', 'nuggt'] vs assigned=['chicken', 'nuggt']; over-specific words replacement=0 vs assigned=2; name similarity 87.0 vs 72.2 (+14.8); protein=1 family=1 pack=unknown; spec '270 Gms x 20 Pkts'. All 237 master SKUs were compared before selecting this replacement.",deterministic,,,2,237,,,False,False,False,False
1308,ALKABEER A/K Pro CHICKEN NUGGETS,CKNAPR,AK PRO CHICKEN NUGGETS BULK,v2_synthetic_by_construction,CORRECT_BUT_LOW_CONFIDENCE,,,"No SKU among all 237 is objectively superior, but the assigned SKU is not a clear winner: offer words unaccounted for []; name rank 2/237 (91.3).",deterministic,,,0,237,,,False,False,False,False
1309,Al kabeer A/K Pro Chkn Nuggts,CKNAPR,AK PRO CHICKEN NUGGETS BULK,v2_synthetic_by_construction,INCORRECT,CKNNAPR,AK PRO Chicken Nuggets 1 kg x 10,"CKNNAPR (AK PRO Chicken Nuggets 1 kg x 10) is superior: assigned SKU is over-specific: it adds 1 word(s) the offer never states, the replacement adds none. Offer words covered by replacement=['chicken', 'nuggt', 'pro'] vs assigned=['chicken', 'nuggt', 'pro']; over-specific words replacement=0 vs assigned=1; name similarity 77.7 vs 77.3 (+0.4); protein=1 family=1 pack=unknown; spec '10 X 1000 GMS'. All 237 master SKUs were compared before selecting this replacement.",deterministic,,,1,237,,,False,False,False,False
1310,Al Kabeer A/K Pro Chiken NUGGETS,CKNAPR,AK PRO CHICKEN NUGGETS BULK,v2_synthetic_by_construction,CORRECT_BUT_LOW_CONFIDENCE,,,"No SKU among all 237 is objectively superior, but the assigned SKU is not a clear winner: offer words unaccounted for []; name rank 1/237 (86.2).",deterministic,,,0,237,,,False,False,False,False
1311,Al Kabeer's CHICKEN Nuggets Spicy,CKNHSA,CHICKEN NUGGETS HOT & SPICY BULK,v2_synthetic_by_construction,INCORRECT,CKNHSD,Chicken Nuggets HOT n SPICY,"CKNHSD (Chicken Nuggets HOT n SPICY) is superior: assigned SKU is over-specific: it adds 1 word(s) the offer never states, the replacement adds none. Offer words covered by replacement=['chicken', 'nugget', 'spicy'] vs assigned=['chicken', 'nugget', 'spicy']; over-specific words replacement=0 vs assigned=1; name similarity 87.2 vs 84.6 (+2.5); protein=1 family=1 pack=unknown; spec '750 g. x 8'. All 237 master SKUs were compared before selecting this replacement.",deterministic,,,1,237,,,False,False,False,False
1312,Al-Kabeer Chckn Nugget HOT & SPICY,CKNHSD,Chicken Nuggets HOT n SPICY,v2_synthetic_by_construction,VERIFIED_CORRECT,,,"Assigned SKU accounts for every distinguishing word in the offer (['chicken', 'nugget', 'spicy']) and introduces none the offer does not state; protein/family/variant compatible, pack unknown; no superior SKU exists among all 237.",deterministic,,,0,237,,,False,False,False,False
1313,AlKabeer Kraze CHICKEN nuggets,CKNK,KRAZEE CHICKEN NUGGETS 400,v2_synthetic_by_construction,VERIFIED_CORRECT,,,"Assigned SKU accounts for every distinguishing word in the offer (['chicken', 'kraze', 'nugget']) and introduces none the offer does not state; protein/family/variant compatible, pack unknown; no superior SKU exists among all 237.",deterministic,,,0,237,,,False,False,False,False
1314,Al kbeer Kraze Chiken NUGGETS,CKNK,KRAZEE CHICKEN NUGGETS 400,v2_synthetic_by_construction,VERIFIED_CORRECT,,,"Assigned SKU accounts for every distinguishing word in the offer (['chicken', 'kraze', 'nugget']) and introduces none the offer does not state; protein/family/variant compatible, pack unknown; no superior SKU exists among all 237.",deterministic,,,0,237,,,False,False,False,False
1315,Al Kabeer's A.K PRO Chiken Nuggts,CKNAPR,AK PRO CHICKEN NUGGETS BULK,v2_synthetic_by_construction,INCORRECT,CKNNAPR,AK PRO Chicken Nuggets 1 kg x 10,"CKNNAPR (AK PRO Chicken Nuggets 1 kg x 10) is superior: assigned SKU is over-specific: it adds 1 word(s) the offer never states, the replacement adds none. Offer words covered by replacement=['chicken', 'nuggt', 'pro'] vs assigned=['chicken', 'nuggt', 'pro']; over-specific words replacement=0 vs assigned=1; name similarity 83.0 vs 80.3 (+2.7); protein=1 family=1 pack=unknown; spec '10 X 1000 GMS'. All 237 master SKUs were compared before selecting this replacement.",deterministic,,,1,237,,,False,False,False,False
1316,AL KABBER CHICKEN Nuggets 750g,CKNAD,CHICKEN NUGGETS 750 GMS,v2_synthetic_by_construction,CORRECT_BUT_LOW_CONFIDENCE,,,"No SKU among all 237 is objectively superior, but the assigned SKU is not a clear winner: offer words unaccounted for ['750g']; name rank 5/237 (76.2).",deterministic,,,0,237,,,False,False,False,False
1317,Alkabeer AK PRO Chckn Nuggts,CKNAPR,AK PRO CHICKEN NUGGETS BULK,v2_synthetic_by_construction,VERIFIED_CORRECT,,,"Best of all 237 SKUs on name similarity (84.9, margin +5.4); no attribute conflict; pack unknown.",deterministic,,,0,237,,,False,False,False,False
1318,Al kabeer A.K PRO Chicken Nuggets,CKNAPR,AK PRO CHICKEN NUGGETS BULK,v2_synthetic_by_construction,CORRECT_BUT_LOW_CONFIDENCE,,,"No SKU among all 237 is objectively superior, but the assigned SKU is not a clear winner: offer words unaccounted for []; name rank 2/237 (91.3).",deterministic,,,0,237,,,False,False,False,False
1319,Al Kaber AK Pro Chckn Nuggets,CKNAPR,AK PRO CHICKEN NUGGETS BULK,v2_synthetic_by_construction,VERIFIED_CORRECT,,,"Best of all 237 SKUs on name similarity (80.7, margin +5.4); no attribute conflict; pack unknown.",deterministic,,,0,237,,,False,False,False,False
1320,AL-KABEEZ AK Pro CHICKEN Nuggets,CKNAPR,AK PRO CHICKEN NUGGETS BULK,v2_synthetic_by_construction,CORRECT_BUT_LOW_CONFIDENCE,,,"No SKU among all 237 is objectively superior, but the assigned SKU is not a clear winner: offer words unaccounted for []; name rank 2/237 (87.0).",deterministic,,,0,237,,,False,False,False,False
1321,ALKABEER A.K PRO Chckn Nuggets,CKNAPR,AK PRO CHICKEN NUGGETS BULK,v2_synthetic_by_construction,INCORRECT,CKNNAPR,AK PRO Chicken Nuggets 1 kg x 10,"CKNNAPR (AK PRO Chicken Nuggets 1 kg x 10) is superior: assigned SKU is over-specific: it adds 1 word(s) the offer never states, the replacement adds none. Offer words covered by replacement=['chicken', 'nugget', 'pro'] vs assigned=['chicken', 'nugget', 'pro']; over-specific words replacement=0 vs assigned=1; name similarity 83.0 vs 82.9 (+0.1); protein=1 family=1 pack=unknown; spec '10 X 1000 GMS'. All 237 master SKUs were compared before selecting this replacement.",deterministic,,,1,237,,,False,False,False,False
1322,ALKABEER A/K Pro chicken Nugget,CKNAPR,AK PRO CHICKEN NUGGETS BULK,v2_synthetic_by_construction,CORRECT_BUT_LOW_CONFIDENCE,,,"No SKU among all 237 is objectively superior, but the assigned SKU is not a clear winner: offer words unaccounted for []; name rank 1/237 (89.7).",deterministic,,,0,237,,,False,False,False,False
1323,Al kabeer Tempura Chckn nuggets No Spicy,CKNTMP,Tempura Chicken Nuggets Non Spicy,v2_synthetic_by_construction,VERIFIED_CORRECT,,,"Assigned SKU accounts for every distinguishing word in the offer (['chicken', 'nonspicy', 'nugget', 'tempura']) and introduces none the offer does not state; protein/family/variant compatible, pack unknown; no superior SKU exists among all 237.",deterministic,,,0,237,,,False,False,False,False
1324,Al Kaber Taybat Chiken Strip N/S 1kg,CKSTY,TAYEBAT BREADED CHICKEN STRIPS NON SPICY 1 kg x 10 Pkts,v2_synthetic_by_construction,VERIFIED_CORRECT,,,"Best of all 237 SKUs on name similarity (64.3, margin +3.9); no attribute conflict; pack compatible.",deterministic,,,0,237,,,False,False,False,False
1325,Alkabheer Tayebat Chkn Strip Non spicy 1 kg,CKSTY,TAYEBAT BREADED CHICKEN STRIPS NON SPICY 1 kg x 10 Pkts,v2_synthetic_by_construction,CORRECT_BUT_LOW_CONFIDENCE,,,"No SKU among all 237 is objectively superior, but the assigned SKU is not a clear winner: offer words unaccounted for []; name rank 1/237 (68.7).",deterministic,,,0,237,,,False,False,False,False
1326,AL KABBER Tayebat Chicken strips Not Spicy 1 kilo,CKSTY,TAYEBAT BREADED CHICKEN STRIPS NON SPICY 1 kg x 10 Pkts,v2_synthetic_by_construction,CORRECT_BUT_LOW_CONFIDENCE,,,"No SKU among all 237 is objectively superior, but the assigned SKU is not a clear winner: offer words unaccounted for ['kilo']; name rank 1/237 (72.7).",deterministic,,,0,237,,,False,False,False,False
1327,AL KABBER TAYEBAT Chckn strips Non Spicy 1 kilo,CKSTY,TAYEBAT BREADED CHICKEN STRIPS NON SPICY 1 kg x 10 Pkts,v2_synthetic_by_construction,VERIFIED_CORRECT,,,"Best of all 237 SKUs on name similarity (70.7, margin +5.3); no attribute conflict; pack unknown.",deterministic,,,0,237,,,False,False,False,False
1328,ALKABEEER Tayebat chicken Strips N/S 1kg,CKSTY,TAYEBAT BREADED CHICKEN STRIPS NON SPICY 1 kg x 10 Pkts,v2_synthetic_by_construction,CORRECT_BUT_LOW_CONFIDENCE,,,"No SKU among all 237 is objectively superior, but the assigned SKU is not a clear winner: offer words unaccounted for ['1kg']; name rank 3/237 (71.3).",deterministic,,,0,237,,,False,False,False,False
1329,Al kabeer Tayebat CHICKEN strips NON SPICY 1kg,CKSTY,TAYEBAT BREADED CHICKEN STRIPS NON SPICY 1 kg x 10 Pkts,v2_synthetic_by_construction,VERIFIED_CORRECT,,,"Best of all 237 SKUs on name similarity (86.0, margin +3.9); no attribute conflict; pack compatible.",deterministic,,,0,237,,,False,False,False,False
1330,Al Kabeer Taybat Chckn Strip Non spicy 1kg,CKSTY,TAYEBAT BREADED CHICKEN STRIPS NON SPICY 1 kg x 10 Pkts,v2_synthetic_by_construction,CORRECT_BUT_LOW_CONFIDENCE,,,"No SKU among all 237 is objectively superior, but the assigned SKU is not a clear winner: offer words unaccounted for ['1kg']; name rank 2/237 (71.2).",deterministic,,,0,237,,,False,False,False,False
1331,Al-Kabeer chicken breast,CKTCB,TENDER CHICKEN BREAST TRAY PACK,v2_synthetic_by_construction,CORRECT_BUT_LOW_CONFIDENCE,,,"No SKU among all 237 is objectively superior, but the assigned SKU is not a clear winner: offer words unaccounted for []; name rank 3/237 (87.4).",deterministic,,,0,237,,,False,False,False,False
1332,Alkabeers CHICKEN kebab,CKTCK,TURKISH CHICKEN KEBAB,v2_synthetic_by_construction,VERIFIED_CORRECT,,,"Best of all 237 SKUs on name similarity (90.9, margin +7.5); no attribute conflict; pack unknown.",deterministic,,,0,237,,,False,False,False,False
1333,Alkabeer TAYEBAT Chkn Strip NON SPICY 1000 gm x 2,CKSTY,TAYEBAT BREADED CHICKEN STRIPS NON SPICY 1 kg x 10 Pkts,v2_synthetic_by_construction,VERIFIED_CORRECT,,,"Best of all 237 SKUs on name similarity (76.0, margin +5.2); no attribute conflict; pack compatible.",deterministic,,,0,237,,,False,False,False,False
1334,AL KABEER AK PRO CHICKEN samosas,CKSAPR,AK PRO CHICKEN SAMOSA,v2_synthetic_by_construction,CORRECT_BUT_LOW_CONFIDENCE,,,"Assigned SKU carries rule defect(s) ['family_contradiction'], but no SKU among all 237 is objectively superior, so no replacement is justified.",deterministic,,,0,237,family_contradiction,category_gate_unreachable,False,False,True,False
1335,Alkabheer Chkn spring rolls,CKSR,8 CHICKEN SPRING ROLLS,v2_synthetic_by_construction,VERIFIED_CORRECT,,,"Assigned SKU accounts for every distinguishing word in the offer (['chicken', 'roll', 'spring']) and introduces none the offer does not state; protein/family/variant compatible, pack unknown; no superior SKU exists among all 237.",deterministic,,,0,237,,,False,False,False,False
1336,ALKABEER Chckn Spring Roll,CKSR,8 CHICKEN SPRING ROLLS,v2_synthetic_by_construction,VERIFIED_CORRECT,,,"Assigned SKU accounts for every distinguishing word in the offer (['chicken', 'roll', 'spring']) and introduces none the offer does not state; protein/family/variant compatible, pack unknown; no superior SKU exists among all 237.",deterministic,,,0,237,,,False,False,False,False
1337,AlKabeer Chiken spring rolls (1120g),CKSRA,CHICKEN SPRING ROLL BULK (5*1120G),v2_synthetic_by_construction,CORRECT_BUT_LOW_CONFIDENCE,,,"No SKU among all 237 is objectively superior, but the assigned SKU is not a clear winner: offer words unaccounted for []; name rank 4/237 (76.9).",deterministic,,,0,237,,,False,False,False,False
1338,Alkabeers CHICKEN SPRING ROLLS 1120 GMS,CKSRA,CHICKEN SPRING ROLL BULK (5*1120G),v2_synthetic_by_construction,CORRECT_BUT_LOW_CONFIDENCE,,,"No SKU among all 237 is objectively superior, but the assigned SKU is not a clear winner: offer words unaccounted for []; name rank 3/237 (79.4).",deterministic,,,0,237,,,False,False,False,False
1339,Al kabeer Tayebat CHICKEN Strips NON SPICY (1 kg),CKSTY,TAYEBAT BREADED CHICKEN STRIPS NON SPICY 1 kg x 10 Pkts,v2_synthetic_by_construction,VERIFIED_CORRECT,,,"Best of all 237 SKUs on name similarity (86.0, margin +3.9); no attribute conflict; pack compatible.",deterministic,,,0,237,,,False,False,False,False
1340,Al Kabeer Tayebat chicken strips Not Spicy 2x1000gm,CKSTY,TAYEBAT BREADED CHICKEN STRIPS NON SPICY 1 kg x 10 Pkts,v2_synthetic_by_construction,VERIFIED_CORRECT,,,"Best of all 237 SKUs on name similarity (83.2, margin +7.1); no attribute conflict; pack compatible.",deterministic,,,0,237,,,False,False,False,False
1341,Al Kabeer's ZING chicken Fillets,CKZF,ZING CHICKEN FILLETS 465,v2_synthetic_by_construction,VERIFIED_CORRECT,,,"Assigned SKU accounts for every distinguishing word in the offer (['chicken', 'fillet', 'zing']) and introduces none the offer does not state; protein/family/variant compatible, pack unknown; no superior SKU exists among all 237.",deterministic,,,0,237,,,False,False,False,False
1342,Al kabeer Zinger CHICKEN Filets,CKZF,ZING CHICKEN FILLETS 465,v2_synthetic_by_construction,VERIFIED_CORRECT,,,"Assigned SKU accounts for every distinguishing word in the offer (['chicken', 'fillet', 'zing']) and introduces none the offer does not state; protein/family/variant compatible, pack unknown; no superior SKU exists among all 237.",deterministic,,,0,237,,,False,False,False,False
1343,Al kbeer Zinger Chiken FILLETS,CKZF,ZING CHICKEN FILLETS 465,v2_synthetic_by_construction,VERIFIED_CORRECT,,,"Assigned SKU accounts for every distinguishing word in the offer (['chicken', 'fillet', 'zing']) and introduces none the offer does not state; protein/family/variant compatible, pack unknown; no superior SKU exists among all 237.",deterministic,,,0,237,,,False,False,False,False
1344,Al Kabee ZING Chkn fillets,CKZF,ZING CHICKEN FILLETS 465,v2_synthetic_by_construction,VERIFIED_CORRECT,,,"Best of all 237 SKUs on name similarity (75.6, margin +3.2); no attribute conflict; pack unknown.",deterministic,,,0,237,,,False,False,False,False
1345,Al Kaber ZINGER Chkn Fillet,CKZF,ZING CHICKEN FILLETS 465,v2_synthetic_by_construction,CORRECT_BUT_LOW_CONFIDENCE,,,"Assigned SKU carries rule defect(s) ['family_contradiction'], but no SKU among all 237 is objectively superior, so no replacement is justified.",deterministic,,,0,237,family_contradiction,,False,False,False,False
1346,Alkabeer ZINGER chicken fillets,CKZF,ZING CHICKEN FILLETS 465,v2_synthetic_by_construction,VERIFIED_CORRECT,,,"Assigned SKU accounts for every distinguishing word in the offer (['chicken', 'fillet', 'zing']) and introduces none the offer does not state; protein/family/variant compatible, pack unknown; no superior SKU exists among all 237.",deterministic,,,0,237,,,False,False,False,False
1347,Alkabheer zing Chckn Filets 1000gm X 2,CKZFA,ZING CHICKEN FILLETS BULK (5*1 KG),v2_synthetic_by_construction,CORRECT_BUT_LOW_CONFIDENCE,,,"No SKU among all 237 is objectively superior, but the assigned SKU is not a clear winner: offer words unaccounted for ['1000gm']; name rank 4/237 (68.4).",deterministic,,,0,237,,,False,False,False,False
1348,Al Kabeer's ZING Chkn Filets,CKZF,ZING CHICKEN FILLETS 465,v2_synthetic_by_construction,VERIFIED_CORRECT,,,"Assigned SKU accounts for every distinguishing word in the offer (['chicken', 'fillet', 'zing']) and introduces none the offer does not state; protein/family/variant compatible, pack unknown; no superior SKU exists among all 237.",deterministic,,,0,237,,,False,False,False,False
1349,AlKabeer CHICKEN kebab,CKTCK,TURKISH CHICKEN KEBAB,v2_synthetic_by_construction,VERIFIED_CORRECT,,,"Best of all 237 SKUs on name similarity (92.2, margin +9.3); no attribute conflict; pack unknown.",deterministic,,,0,237,,,False,False,False,False
1350,Al-Kabeer Chkn tikka,CKTCT,TANDOORI CHICKEN TIKKA,v2_synthetic_by_construction,CORRECT_BUT_LOW_CONFIDENCE,,,"No SKU among all 237 is objectively superior, but the assigned SKU is not a clear winner: offer words unaccounted for []; name rank 1/237 (73.1).",deterministic,,,0,237,,,False,False,False,False
1351,ALKABEER Chckn tikka,CKTCTB,TANDOORI CHICKEN TIKKA BULK,v2_synthetic_by_construction,CORRECT_BUT_LOW_CONFIDENCE,,,"No SKU among all 237 is objectively superior, but the assigned SKU is not a clear winner: offer words unaccounted for []; name rank 2/237 (67.4).",deterministic,,,0,237,,,False,False,False,False
1352,Alkabeer Chiken Nugget,CKTN,TANDOORI CHICKEN NUGGETS 270,v2_synthetic_by_construction,INCORRECT,CKN,CHICKEN NUGGETS,"CKN (CHICKEN NUGGETS) is superior: assigned SKU is over-specific: it adds 1 word(s) the offer never states, the replacement adds none. Offer words covered by replacement=['chicken', 'nugget'] vs assigned=['chicken', 'nugget']; over-specific words replacement=0 vs assigned=1; name similarity 92.7 vs 73.0 (+19.6); protein=1 family=1 pack=unknown; spec '270 Gms x 20 Pkts'. All 237 master SKUs were compared before selecting this replacement.",deterministic,,,2,237,,,False,False,False,False
1353,Al Kabeer ZINGER chicken fillets,CKZF,ZING CHICKEN FILLETS 465,v2_synthetic_by_construction,VERIFIED_CORRECT,,,"Assigned SKU accounts for every distinguishing word in the offer (['chicken', 'fillet', 'zing']) and introduces none the offer does not state; protein/family/variant compatible, pack unknown; no superior SKU exists among all 237.",deterministic,,,0,237,,,False,False,False,False
1354,AL KABEER ZING Chiken Filets,CKZF,ZING CHICKEN FILLETS 465,v2_synthetic_by_construction,VERIFIED_CORRECT,,,"Assigned SKU accounts for every distinguishing word in the offer (['chicken', 'fillet', 'zing']) and introduces none the offer does not state; protein/family/variant compatible, pack unknown; no superior SKU exists among all 237.",deterministic,,,0,237,,,False,False,False,False
1355,Al-Kabeer zing Chckn Filets,CKZF,ZING CHICKEN FILLETS 465,v2_synthetic_by_construction,VERIFIED_CORRECT,,,"Assigned SKU accounts for every distinguishing word in the offer (['chicken', 'fillet', 'zing']) and introduces none the offer does not state; protein/family/variant compatible, pack unknown; no superior SKU exists among all 237.",deterministic,,,0,237,,,False,False,False,False
1356,Al-Kabeer Zing Chiken Fillets,CKZF,ZING CHICKEN FILLETS 465,v2_synthetic_by_construction,VERIFIED_CORRECT,,,"Assigned SKU accounts for every distinguishing word in the offer (['chicken', 'fillet', 'zing']) and introduces none the offer does not state; protein/family/variant compatible, pack unknown; no superior SKU exists among all 237.",deterministic,,,0,237,,,False,False,False,False
1357,Al kbeer TAYEBAT Chicken NUGGETS 1kg,CKNTY,TAYEBAT CHICKEN NUGGETS 1 kg x 10 Pkts,v2_synthetic_by_construction,CORRECT_BUT_LOW_CONFIDENCE,,,"No SKU among all 237 is objectively superior, but the assigned SKU is not a clear winner: offer words unaccounted for ['1kg']; name rank 2/237 (80.5).",deterministic,,,0,237,,,False,False,False,False
1358,Al Kabeer's TAYEBAT chicken Nuggts 1 Kg,CKNTY,TAYEBAT CHICKEN NUGGETS 1 kg x 10 Pkts,v2_synthetic_by_construction,VERIFIED_CORRECT,,,"Assigned SKU accounts for every distinguishing word in the offer (['chicken', 'nuggt', 'tayebat']) and introduces none the offer does not state; protein/family/variant compatible, pack compatible; no superior SKU exists among all 237.",deterministic,,,0,237,,,False,False,False,False
1359,AL KABEER chicken Pop-Corn,CKPC,CHICKEN POP-CORN,v2_synthetic_by_construction,VERIFIED_CORRECT,,,"Assigned SKU accounts for every distinguishing word in the offer (['chicken', 'popcorn']) and introduces none the offer does not state; protein/family/variant compatible, pack unknown; no superior SKU exists among all 237.",deterministic,,,0,237,,,False,False,False,False
1360,ALKABEEER CHICKEN Pop Corn 750 gms,CKPCDA,CHICKEN POP-CORN 750 GMS,v2_synthetic_by_construction,VERIFIED_CORRECT,,,"Assigned SKU accounts for every distinguishing word in the offer (['chicken', 'popcorn']) and introduces none the offer does not state; protein/family/variant compatible, pack compatible; no superior SKU exists among all 237.",deterministic,,,0,237,,,False,False,False,False
1361,Al-Kabeer A.K PRO Chkn strips non spicy 30 gm x 3,CKPSAPR,AK PRO Plain Chicken Strips 30 g. 1 kg x 10,v2_synthetic_by_construction,INCORRECT,CKZSNSAPR,AK PRO Zing Chicken Strips Non Spicy 1 kg x 10,"CKZSNSAPR (AK PRO Zing Chicken Strips Non Spicy 1 kg x 10) is superior: covers strictly more of the offer's own wording (['chicken', 'nonspicy', 'pro', 'strip'] vs ['chicken', 'pro', 'strip']). Offer words covered by replacement=['chicken', 'nonspicy', 'pro', 'strip'] vs assigned=['chicken', 'pro', 'strip']; over-specific words replacement=3 vs assigned=1; name similarity 80.3 vs 63.8 (+16.5); protein=1 family=1 pack=INCOMPATIBLE; spec '1kg X 10pkts'. All 237 master SKUs were compared before selecting this replacement.",deterministic,,,1,237,pack_incompatible,,False,True,False,False
1362,ALKABEER AK PRO chicken Strip Not Spicy (30 gm),CKPSAPR,AK PRO Plain Chicken Strips 30 g. 1 kg x 10,v2_synthetic_by_construction,INCORRECT,CKZSNSAPR,AK PRO Zing Chicken Strips Non Spicy 1 kg x 10,"CKZSNSAPR (AK PRO Zing Chicken Strips Non Spicy 1 kg x 10) is superior: covers strictly more of the offer's own wording (['chicken', 'nonspicy', 'pro', 'strip'] vs ['chicken', 'pro', 'strip']). Offer words covered by replacement=['chicken', 'nonspicy', 'pro', 'strip'] vs assigned=['chicken', 'pro', 'strip']; over-specific words replacement=3 vs assigned=1; name similarity 78.8 vs 66.6 (+12.2); protein=1 family=1 pack=INCOMPATIBLE; spec '1kg X 10pkts'. All 237 master SKUs were compared before selecting this replacement.",deterministic,,,1,237,pack_incompatible,,False,True,False,False
1363,Alkabeer A.K PRO Chiken strips Not Spicy 30g,CKPSAPR,AK PRO Plain Chicken Strips 30 g. 1 kg x 10,v2_synthetic_by_construction,INCORRECT,CKZSNSAPR,AK PRO Zing Chicken Strips Non Spicy 1 kg x 10,"CKZSNSAPR (AK PRO Zing Chicken Strips Non Spicy 1 kg x 10) is superior: covers strictly more of the offer's own wording (['chicken', 'nonspicy', 'pro', 'strip'] vs ['chicken', 'pro', 'strip']). Offer words covered by replacement=['chicken', 'nonspicy', 'pro', 'strip'] vs assigned=['chicken', 'pro', 'strip']; over-specific words replacement=3 vs assigned=1; name similarity 77.8 vs 66.1 (+11.7); protein=1 family=1 pack=INCOMPATIBLE; spec '1kg X 10pkts'. All 237 master SKUs were compared before selecting this replacement.",deterministic,,,1,237,pack_incompatible,,False,True,False,False
1364,Al-Kabeer Tayebat Chicken Nuggets (1 kg),CKNTY,TAYEBAT CHICKEN NUGGETS 1 kg x 10 Pkts,v2_synthetic_by_construction,VERIFIED_CORRECT,,,"Assigned SKU accounts for every distinguishing word in the offer (['chicken', 'nugget', 'tayebat']) and introduces none the offer does not state; protein/family/variant compatible, pack compatible; no superior SKU exists among all 237.",deterministic,,,0,237,,,False,False,False,False
1365,Al Kabeer's Taybat CHICKEN Nugget (1 kg),CKNTY,TAYEBAT CHICKEN NUGGETS 1 kg x 10 Pkts,v2_synthetic_by_construction,VERIFIED_CORRECT,,,"Assigned SKU accounts for every distinguishing word in the offer (['chicken', 'nugget', 'taybat']) and introduces none the offer does not state; protein/family/variant compatible, pack compatible; no superior SKU exists among all 237.",deterministic,,,0,237,,,False,False,False,False
1366,Al kabeer TAYEBAT Chckn NUGGETS 1 kilo,CKNTY,TAYEBAT CHICKEN NUGGETS 1 kg x 10 Pkts,v2_synthetic_by_construction,VERIFIED_CORRECT,,,"Best of all 237 SKUs on name similarity (77.7, margin +6.4); no attribute conflict; pack unknown.",deterministic,,,0,237,,,False,False,False,False
1367,AlKabeer TAYEBAT Chicken nuggets 1000 gm x 2,CKNTY,TAYEBAT CHICKEN NUGGETS 1 kg x 10 Pkts,v2_synthetic_by_construction,VERIFIED_CORRECT,,,"Assigned SKU accounts for every distinguishing word in the offer (['chicken', 'nugget', 'tayebat']) and introduces none the offer does not state; protein/family/variant compatible, pack compatible; no superior SKU exists among all 237.",deterministic,,,0,237,,,False,False,False,False
1368,Al kabeer A.K PRO Chicken STRIPS Non Spicy 30 gms,CKPSAPR,AK PRO Plain Chicken Strips 30 g. 1 kg x 10,v2_synthetic_by_construction,INCORRECT,CKZSNSAPR,AK PRO Zing Chicken Strips Non Spicy 1 kg x 10,"CKZSNSAPR (AK PRO Zing Chicken Strips Non Spicy 1 kg x 10) is superior: covers strictly more of the offer's own wording (['chicken', 'nonspicy', 'pro', 'strip'] vs ['chicken', 'pro', 'strip']). Offer words covered by replacement=['chicken', 'nonspicy', 'pro', 'strip'] vs assigned=['chicken', 'pro', 'strip']; over-specific words replacement=3 vs assigned=1; name similarity 86.6 vs 69.8 (+16.8); protein=1 family=1 pack=INCOMPATIBLE; spec '1kg X 10pkts'. All 237 master SKUs were compared before selecting this replacement.",deterministic,,,1,237,pack_incompatible,,False,True,False,False
1369,Al Kaber Tayebat Chkn Nuggets 3X1000GM,CKNTY,TAYEBAT CHICKEN NUGGETS 1 kg x 10 Pkts,v2_synthetic_by_construction,VERIFIED_CORRECT,,,"Best of all 237 SKUs on name similarity (73.8, margin +7.6); no attribute conflict; pack compatible.",deterministic,,,0,237,,,False,False,False,False
1370,Al Kabeer A.K PRO CHICKEN Samosa,CKSAPR,AK PRO CHICKEN SAMOSA,v2_synthetic_by_construction,VERIFIED_CORRECT,,,"Assigned SKU accounts for every distinguishing word in the offer (['chicken', 'pro', 'samosa']) and introduces none the offer does not state; protein/family/variant compatible, pack unknown; no superior SKU exists among all 237.",deterministic,,,0,237,,category_gate_unreachable,False,False,True,False
1371,ALKABEER Taybat chicken Nugget 1000gm X 3,CKNTY,TAYEBAT CHICKEN NUGGETS 1 kg x 10 Pkts,v2_synthetic_by_construction,CORRECT_BUT_LOW_CONFIDENCE,,,"No SKU among all 237 is objectively superior, but the assigned SKU is not a clear winner: offer words unaccounted for ['1000gm']; name rank 1/237 (81.4).",deterministic,,,0,237,,,False,False,False,False
1372,Alkabeer TAYEBAT CHICKEN nuggets (1 kg),CKNTY,TAYEBAT CHICKEN NUGGETS 1 kg x 10 Pkts,v2_synthetic_by_construction,VERIFIED_CORRECT,,,"Assigned SKU accounts for every distinguishing word in the offer (['chicken', 'nugget', 'tayebat']) and introduces none the offer does not state; protein/family/variant compatible, pack compatible; no superior SKU exists among all 237.",deterministic,,,0,237,,,False,False,False,False
1373,Alkabeer TAYEBAT Chiken Nugget 1 kilo,CKNTY,TAYEBAT CHICKEN NUGGETS 1 kg x 10 Pkts,v2_synthetic_by_construction,VERIFIED_CORRECT,,,"Best of all 237 SKUs on name similarity (77.2, margin +6.1); no attribute conflict; pack unknown.",deterministic,,,0,237,,,False,False,False,False
1374,Al Kabeer's Chckn Sambosa,CKSAA,CHICKEN SAMOSAS BULK,v2_synthetic_by_construction,INCORRECT,CKSA,12 CHICKEN SAMOSAS,"CKSA (12 CHICKEN SAMOSAS) is superior: assigned SKU is over-specific: it adds 1 word(s) the offer never states, the replacement adds none. Offer words covered by replacement=['chicken', 'samosa'] vs assigned=['chicken', 'samosa']; over-specific words replacement=0 vs assigned=1; name similarity 77.4 vs 73.3 (+4.1); protein=1 family=1 pack=unknown; spec '240 Gms x 20 Pkts'. All 237 master SKUs were compared before selecting this replacement.",deterministic,,,1,237,,,False,False,False,False
1375,AL KABEER AK Pro CHICKEN Samosa,CKSAPR,AK PRO CHICKEN SAMOSA,v2_synthetic_by_construction,VERIFIED_CORRECT,,,"Assigned SKU accounts for every distinguishing word in the offer (['chicken', 'pro', 'samosa']) and introduces none the offer does not state; protein/family/variant compatible, pack unknown; no superior SKU exists among all 237.",deterministic,,,0,237,,category_gate_unreachable,False,False,True,False
1376,Alkaberer AK Pro CHICKEN SAMOSAS,CKSAPR,AK PRO CHICKEN SAMOSA,v2_synthetic_by_construction,CORRECT_BUT_LOW_CONFIDENCE,,,"Assigned SKU carries rule defect(s) ['family_contradiction'], but no SKU among all 237 is objectively superior, so no replacement is justified.",deterministic,,,0,237,family_contradiction,category_gate_unreachable,False,False,True,False
1377,AL KABBER A.K PRO Chkn samosas,CKSAPR,AK PRO CHICKEN SAMOSA,v2_synthetic_by_construction,CORRECT_BUT_LOW_CONFIDENCE,,,"Assigned SKU carries rule defect(s) ['family_contradiction'], but no SKU among all 237 is objectively superior, so no replacement is justified.",deterministic,,,0,237,family_contradiction,,False,False,False,False
1378,Al Kabee Chkn SAMOSAS,CKSAA,CHICKEN SAMOSAS BULK,v2_synthetic_by_construction,INCORRECT,CKSA,12 CHICKEN SAMOSAS,"CKSA (12 CHICKEN SAMOSAS) is superior: assigned SKU is over-specific: it adds 1 word(s) the offer never states, the replacement adds none. Offer words covered by replacement=['chicken', 'samosa'] vs assigned=['chicken', 'samosa']; over-specific words replacement=0 vs assigned=1; name similarity 72.4 vs 70.5 (+1.9); protein=1 family=1 pack=unknown; spec '240 Gms x 20 Pkts'. All 237 master SKUs were compared before selecting this replacement.",deterministic,,,1,237,,,False,False,False,False
1379,Alkaberer AK Pro Chkn Samosas,CKSAPR,AK PRO CHICKEN SAMOSA,v2_synthetic_by_construction,CORRECT_BUT_LOW_CONFIDENCE,,,"Assigned SKU carries rule defect(s) ['family_contradiction'], but no SKU among all 237 is objectively superior, so no replacement is justified.",deterministic,,,0,237,family_contradiction,,False,False,False,False
1380,AL-KABEEZ AK PRO Chkn Sambosa,CKSAPR,AK PRO CHICKEN SAMOSA,v2_synthetic_by_construction,VERIFIED_CORRECT,,,"Assigned SKU accounts for every distinguishing word in the offer (['chicken', 'pro', 'samosa']) and introduces none the offer does not state; protein/family/variant compatible, pack unknown; no superior SKU exists among all 237.",deterministic,,,0,237,,,False,False,False,False
1381,Al Kabeer's A/K Pro Chkn Sambosa,CKSAPR,AK PRO CHICKEN SAMOSA,v2_synthetic_by_construction,VERIFIED_CORRECT,,,"Assigned SKU accounts for every distinguishing word in the offer (['chicken', 'pro', 'samosa']) and introduces none the offer does not state; protein/family/variant compatible, pack unknown; no superior SKU exists among all 237.",deterministic,,,0,237,,,False,False,False,False
1382,AL KABEER A.K PRO Chkn Sambosa,CKSAPR,AK PRO CHICKEN SAMOSA,v2_synthetic_by_construction,VERIFIED_CORRECT,,,"Assigned SKU accounts for every distinguishing word in the offer (['chicken', 'pro', 'samosa']) and introduces none the offer does not state; protein/family/variant compatible, pack unknown; no superior SKU exists among all 237.",deterministic,,,0,237,,,False,False,False,False
1383,Alkabeers A/K Pro CHICKEN Samosa,CKSAPR,AK PRO CHICKEN SAMOSA,v2_synthetic_by_construction,VERIFIED_CORRECT,,,"Assigned SKU accounts for every distinguishing word in the offer (['chicken', 'pro', 'samosa']) and introduces none the offer does not state; protein/family/variant compatible, pack unknown; no superior SKU exists among all 237.",deterministic,,,0,237,,category_gate_unreachable,False,False,True,False
1384,Al Kabee A/K Pro Chiken STRIPS NS 30 gm,CKPSAPR,AK PRO Plain Chicken Strips 30 g. 1 kg x 10,v2_synthetic_by_construction,CORRECT_BUT_LOW_CONFIDENCE,,,"Assigned SKU carries rule defect(s) ['pack_incompatible'], but no SKU among all 237 is objectively superior, so no replacement is justified.",deterministic,,,0,237,pack_incompatible,,False,True,False,False
1385,AL KABEER AK Pro CHICKEN STRIPS Not Spicy 30 gms,CKPSAPR,AK PRO Plain Chicken Strips 30 g. 1 kg x 10,v2_synthetic_by_construction,INCORRECT,CKZSNSAPR,AK PRO Zing Chicken Strips Non Spicy 1 kg x 10,"CKZSNSAPR (AK PRO Zing Chicken Strips Non Spicy 1 kg x 10) is superior: covers strictly more of the offer's own wording (['chicken', 'nonspicy', 'pro', 'strip'] vs ['chicken', 'pro', 'strip']). Offer words covered by replacement=['chicken', 'nonspicy', 'pro', 'strip'] vs assigned=['chicken', 'pro', 'strip']; over-specific words replacement=3 vs assigned=1; name similarity 83.9 vs 72.5 (+11.4); protein=1 family=1 pack=INCOMPATIBLE; spec '1kg X 10pkts'. All 237 master SKUs were compared before selecting this replacement.",deterministic,,,1,237,pack_incompatible,,False,True,False,False
1386,Al-Kabeer A.K PRO Chkn STRIPS non spicy 30 gm x 2,CKPSAPR,AK PRO Plain Chicken Strips 30 g. 1 kg x 10,v2_synthetic_by_construction,INCORRECT,CKZSNSAPR,AK PRO Zing Chicken Strips Non Spicy 1 kg x 10,"CKZSNSAPR (AK PRO Zing Chicken Strips Non Spicy 1 kg x 10) is superior: covers strictly more of the offer's own wording (['chicken', 'nonspicy', 'pro', 'strip'] vs ['chicken', 'pro', 'strip']). Offer words covered by replacement=['chicken', 'nonspicy', 'pro', 'strip'] vs assigned=['chicken', 'pro', 'strip']; over-specific words replacement=3 vs assigned=1; name similarity 80.3 vs 63.8 (+16.5); protein=1 family=1 pack=INCOMPATIBLE; spec '1kg X 10pkts'. All 237 master SKUs were compared before selecting this replacement.",deterministic,,,1,237,pack_incompatible,,False,True,False,False
1387,AL KABEER AK PRO Chkn Strips NON SPICY 30 grams,CKPSAPR,AK PRO Plain Chicken Strips 30 g. 1 kg x 10,v2_synthetic_by_construction,INCORRECT,CKZSNSAPR,AK PRO Zing Chicken Strips Non Spicy 1 kg x 10,"CKZSNSAPR (AK PRO Zing Chicken Strips Non Spicy 1 kg x 10) is superior: covers strictly more of the offer's own wording (['chicken', 'nonspicy', 'pro', 'strip'] vs ['chicken', 'pro', 'strip']). Offer words covered by replacement=['chicken', 'nonspicy', 'pro', 'strip'] vs assigned=['chicken', 'pro', 'strip']; over-specific words replacement=3 vs assigned=1; name similarity 77.4 vs 61.0 (+16.4); protein=1 family=1 pack=unknown; spec '1kg X 10pkts'. All 237 master SKUs were compared before selecting this replacement.",deterministic,,,1,237,,,False,False,False,False
1388,AlKabeer AK Pro Chiken STRIPS Not Spicy 30 GRAMS,CKPSAPR,AK PRO Plain Chicken Strips 30 g. 1 kg x 10,v2_synthetic_by_construction,INCORRECT,CKZSNSAPR,AK PRO Zing Chicken Strips Non Spicy 1 kg x 10,"CKZSNSAPR (AK PRO Zing Chicken Strips Non Spicy 1 kg x 10) is superior: covers strictly more of the offer's own wording (['chicken', 'nonspicy', 'pro', 'strip'] vs ['chicken', 'pro', 'strip']). Offer words covered by replacement=['chicken', 'nonspicy', 'pro', 'strip'] vs assigned=['chicken', 'pro', 'strip']; over-specific words replacement=3 vs assigned=1; name similarity 77.3 vs 64.7 (+12.5); protein=1 family=1 pack=unknown; spec '1kg X 10pkts'. All 237 master SKUs were compared before selecting this replacement.",deterministic,,,1,237,,,False,False,False,False
1389,Al Kabeer CHICKEN Samosas,CKSA,12 CHICKEN SAMOSAS,v2_synthetic_by_construction,VERIFIED_CORRECT,,,"Assigned SKU accounts for every distinguishing word in the offer (['chicken', 'samosa']) and introduces none the offer does not state; protein/family/variant compatible, pack unknown; no superior SKU exists among all 237.",deterministic,,,0,237,,category_gate_unreachable,False,False,True,False
1390,ALKABEER Chicken Samosa,CKSA,12 CHICKEN SAMOSAS,v2_synthetic_by_construction,VERIFIED_CORRECT,,,"Assigned SKU accounts for every distinguishing word in the offer (['chicken', 'samosa']) and introduces none the offer does not state; protein/family/variant compatible, pack unknown; no superior SKU exists among all 237.",deterministic,,,0,237,,category_gate_unreachable,False,False,True,False
1391,AlKabeer AK Pro Chiken STRIPS NOSPICY (30g),CKPSAPR,AK PRO Plain Chicken Strips 30 g. 1 kg x 10,v2_synthetic_by_construction,INCORRECT,CKZSNSAPR,AK PRO Zing Chicken Strips Non Spicy 1 kg x 10,"CKZSNSAPR (AK PRO Zing Chicken Strips Non Spicy 1 kg x 10) is superior: covers strictly more of the offer's own wording (['chicken', 'nonspicy', 'pro', 'strip'] vs ['chicken', 'pro', 'strip']). Offer words covered by replacement=['chicken', 'nonspicy', 'pro', 'strip'] vs assigned=['chicken', 'pro', 'strip']; over-specific words replacement=3 vs assigned=1; name similarity 73.0 vs 68.2 (+4.8); protein=1 family=1 pack=INCOMPATIBLE; spec '1kg X 10pkts'. All 237 master SKUs were compared before selecting this replacement.",deterministic,,,1,237,pack_incompatible,,False,True,False,False
