dump_row_id,offerid,offer_name,brand_name,dump_product,dump_variant,dump_segment,dump_packsize,candidate_rank,master_itemcode,master_itemname,master_item_spec,master_category,match_score,token_set_score,wratio_score,size_status,top1_margin,label,label_source
11,15711650,Al Kabeer Zing Chicken Nuggets Spicy 270 gm,Al Kabeer,Chicken Nuggets-Frozen,Spicy,Zing,270 gm,1,CKZN,ZING CHICKEN NUGGETS REGULAR,270 Gms x 20 Pkts,NUGGETS,89.4,80.0,76.0,exact,22.57,1,auto_high_confidence
55,15737247,AL KABEER CHICKEN KIBBEH 400GM,Al Kabeer,Chicken Kibbeh-Frozen,No Variant,Frozen Kofta / Kibbeh & Meat Balls,400 gm,1,CBK,BEEF KIBBEH 400,400 Gms x 12 Pkts,KOFTA-KIBBEH-FELAFEL,89.68,63.16,85.5,exact,20.69,1,auto_high_confidence
218,15906728,AL KABEER Zing CHICKEN Nuggets Spicy 270 gm,Al Kabeer,Chicken Nuggets-Frozen,Spicy,Zing,270 gm,1,CKZN,ZING CHICKEN NUGGETS REGULAR,270 Gms x 20 Pkts,NUGGETS,89.4,80.0,76.0,exact,22.57,1,auto_high_confidence
243,15934180,Al Kabeer Frozen Breaded Chicken Burgers 400g,Al Kabeer,Chicken Burger-Frozen,Breaded,Frozen Burger,400 gm,1,CKBBS,8 BREADED CHICKEN BURGER HOT & SPICY,400 gm x 12 Pkts,BURGERS,100.0,91.14,86.58,exact,43.14,1,auto_high_confidence
309,15945480,Al Kabeer Zing Chicken Nuggets Spicy 270 gm,Al Kabeer,Chicken Nuggets-Frozen,Spicy,Zing,270 gm,1,CKZN,ZING CHICKEN NUGGETS REGULAR,270 Gms x 20 Pkts,NUGGETS,89.4,80.0,76.0,exact,22.57,1,auto_high_confidence
310,15950517,Al Kabeer Chicken Burger 400g,Al Kabeer,Chicken Burger-Frozen,Breaded,Frozen Burger,400 gm,1,CKBBS,8 BREADED CHICKEN BURGER HOT & SPICY,400 gm x 12 Pkts,BURGERS,98.0,88.89,84.44,exact,12.85,1,auto_high_confidence
315,15966932,Al Kabeer Zing Chicken Nuggets Spicy 270g,Al Kabeer,Chicken Nuggets-Frozen,Spicy,Zing,270 gm,1,CKZN,ZING CHICKEN NUGGETS REGULAR,270 Gms x 20 Pkts,NUGGETS,89.4,80.0,76.0,exact,22.57,1,auto_high_confidence
391,16083969,Al Kabeer Frozen Breaded Chicken Burgers 400g,Al Kabeer,Chicken Burger-Frozen,Breaded,Frozen Burger,400 gm,1,CKBBS,8 BREADED CHICKEN BURGER HOT & SPICY,400 gm x 12 Pkts,BURGERS,100.0,91.14,86.58,exact,43.14,1,auto_high_confidence
562,16264515,Al Kabeer Frozen Breaded Chicken Burgers 400g,Al Kabeer,Chicken Burger-Frozen,Breaded,Frozen Burger,400 gm,1,CKBBS,8 BREADED CHICKEN BURGER HOT & SPICY,400 gm x 12 Pkts,BURGERS,100.0,91.14,86.58,exact,43.14,1,auto_high_confidence
591,16276777,ALKABEER CHICKEN KIBBEH 400GPCE,Al Kabeer,Chicken Kibbeh-Frozen,No Variant,Frozen Kofta / Kibbeh & Meat Balls,400 gm,1,CBK,BEEF KIBBEH 400,400 Gms x 12 Pkts,KOFTA-KIBBEH-FELAFEL,89.3,62.07,85.5,exact,19.84,1,auto_high_confidence
713,16395881,AL KABEER 8 BREADED CHICKEN BURGERS 400G,Al Kabeer,Chicken Burger-Frozen,Breaded,Frozen Burger,400 gm,1,CKBBS,8 BREADED CHICKEN BURGER HOT & SPICY,400 gm x 12 Pkts,BURGERS,100.0,91.57,86.99,exact,17.53,1,auto_high_confidence
782,16443660,Al Kabeer  Kibbeh Chicken/ Beef 400 gm,Al Kabeer,Beef Kibbeh-Frozen,No Variant,Frozen Kofta / Kibbeh & Meat Balls,400 gm,1,CBK,BEEF KIBBEH 400,400 Gms x 12 Pkts,KOFTA-KIBBEH-FELAFEL,92.08,70.0,85.5,exact,20.88,1,auto_high_confidence
783,16443660,Al Kabeer  Kibbeh Chicken/ Beef 400 gm,Al Kabeer,Chicken Kibbeh-Frozen,No Variant,Frozen Kofta / Kibbeh & Meat Balls,400 gm,1,CBK,BEEF KIBBEH 400,400 Gms x 12 Pkts,KOFTA-KIBBEH-FELAFEL,92.08,70.0,85.5,exact,20.88,1,auto_high_confidence
818,16524407,ALKABEER CHICKEN/BEEF KIBBEH 400GR,Al Kabeer,Chicken Kibbeh-Frozen,No Variant,Frozen Kofta / Kibbeh & Meat Balls,400 gm,1,CBK,BEEF KIBBEH 400,400 Gms x 12 Pkts,KOFTA-KIBBEH-FELAFEL,92.08,70.0,85.5,exact,21.26,1,auto_high_confidence
819,16524407,ALKABEER CHICKEN/BEEF KIBBEH 400GR,Al Kabeer,Beef Kibbeh-Frozen,No Variant,Frozen Kofta / Kibbeh & Meat Balls,400 gm,1,CBK,BEEF KIBBEH 400,400 Gms x 12 Pkts,KOFTA-KIBBEH-FELAFEL,92.08,70.0,85.5,exact,21.26,1,auto_high_confidence
831,16526648,Al Kabeer ZING CHICKEN STRIPS OR FILLET 750 GRAMS,Al Kabeer,Chicken Strips-Frozen,Spicy,Zing,750 gm,1,CKZSDA,ZING CHICKEN STRIPS SPICY 750 GRM,750 GMS X 8 PKT,STRIPS,89.21,78.48,76.53,exact,34.33,1,auto_high_confidence
833,16528418,ALKABEER CHICKEN/BEEF KIBBEH 400 GM,Al Kabeer,Chicken Kibbeh-Frozen,No Variant,Frozen Kofta / Kibbeh & Meat Balls,400 gm,1,CBK,BEEF KIBBEH 400,400 Gms x 12 Pkts,KOFTA-KIBBEH-FELAFEL,92.08,70.0,85.5,exact,20.88,1,auto_high_confidence
834,16528418,ALKABEER CHICKEN/BEEF KIBBEH 400 GM,Al Kabeer,Beef Kibbeh-Frozen,No Variant,Frozen Kofta / Kibbeh & Meat Balls,400 gm,1,CBK,BEEF KIBBEH 400,400 Gms x 12 Pkts,KOFTA-KIBBEH-FELAFEL,92.08,70.0,85.5,exact,20.88,1,auto_high_confidence
851,16533537,AL KABEER CHICKEN/BEEF KIBBEH 400GM,Al Kabeer,Beef Kibbeh-Frozen,No Variant,Frozen Kofta / Kibbeh & Meat Balls,400 gm,1,CBK,BEEF KIBBEH 400,400 Gms x 12 Pkts,KOFTA-KIBBEH-FELAFEL,92.08,70.0,85.5,exact,21.26,1,auto_high_confidence
852,16533537,AL KABEER CHICKEN/BEEF KIBBEH 400GM,Al Kabeer,Chicken Kibbeh-Frozen,No Variant,Frozen Kofta / Kibbeh & Meat Balls,400 gm,1,CBK,BEEF KIBBEH 400,400 Gms x 12 Pkts,KOFTA-KIBBEH-FELAFEL,92.08,70.0,85.5,exact,21.26,1,auto_high_confidence
868,16534252,Al Kabeer Mutton Samosas 12's / Cheese Spring Rolls 8's (240g),Al Kabeer,Samosa-Frozen,Mutton,"Frozen Pizzas, Wraps, Sandwiches",240 gm,1,CCSAK,12 CHEESE SAMOSAS,240 Gms x 20 Pkts,SAMOSA,93.18,73.17,85.5,exact,16.64,1,auto_high_confidence
869,16534252,Al Kabeer Mutton Samosas 12's / Cheese Spring Rolls 8's (240g),Al Kabeer,Spring Roll-Frozen,No Variant,"Frozen Pizzas, Wraps, Sandwiches",240 gm,1,CCSAK,12 CHEESE SAMOSAS,240 Gms x 20 Pkts,SAMOSA,89.04,61.33,85.5,exact,12.96,1,auto_high_confidence
894,16536699,Al Kabeer Chicken / Beef Kibbeh 400gm,Al Kabeer,Chicken Kibbeh-Frozen,No Variant,Frozen Kofta / Kibbeh & Meat Balls,400 gm,1,CBK,BEEF KIBBEH 400,400 Gms x 12 Pkts,KOFTA-KIBBEH-FELAFEL,92.08,70.0,85.5,exact,21.26,1,auto_high_confidence
895,16536699,Al Kabeer Chicken / Beef Kibbeh 400gm,Al Kabeer,Beef Kibbeh-Frozen,No Variant,Frozen Kofta / Kibbeh & Meat Balls,400 gm,1,CBK,BEEF KIBBEH 400,400 Gms x 12 Pkts,KOFTA-KIBBEH-FELAFEL,92.08,70.0,85.5,exact,21.26,1,auto_high_confidence
905,16540016,Al Kabeer Chicken / Lamb Kibbeh 400gm,Al Kabeer,Chicken Kibbeh-Frozen,No Variant,Frozen Kofta / Kibbeh & Meat Balls,400 gm,1,CBK,BEEF KIBBEH 400,400 Gms x 12 Pkts,KOFTA-KIBBEH-FELAFEL,89.34,62.18,85.5,exact,19.65,1,auto_high_confidence
906,16540016,Al Kabeer Chicken / Lamb Kibbeh 400gm,Al Kabeer,Lamb Kibbeh-Frozen,No Variant,Frozen Kofta / Kibbeh & Meat Balls,400 gm,1,CBK,BEEF KIBBEH 400,400 Gms x 12 Pkts,KOFTA-KIBBEH-FELAFEL,89.34,62.18,85.5,exact,19.65,1,auto_high_confidence
935,16553239,Al Kabeer Chicken Kibbeh 400Gm,Al Kabeer,Chicken Kibbeh-Frozen,No Variant,Frozen Kofta / Kibbeh & Meat Balls,400 gm,1,CBK,BEEF KIBBEH 400,400 Gms x 12 Pkts,KOFTA-KIBBEH-FELAFEL,89.68,63.16,85.5,exact,20.69,1,auto_high_confidence
1004,16695605,Al Kabeer Chicken Burger 400gm,Al Kabeer,Chicken Burger-Frozen,Breaded,Frozen Burger,400 gm,1,CKBBS,8 BREADED CHICKEN BURGER HOT & SPICY,400 gm x 12 Pkts,BURGERS,94.09,84.85,80.61,exact,9.24,1,auto_high_confidence
1014,16695615,Al Kabeer 8 Breaded Chicken Burgers 400 Gm,Al Kabeer,Chicken Burger-Frozen,Breaded,Frozen Burger,400 gm,1,CKBBS,8 BREADED CHICKEN BURGER HOT & SPICY,400 gm x 12 Pkts,BURGERS,100.0,91.57,86.99,exact,17.53,1,auto_high_confidence
1034,16700885,Al Kabeer 8 Breaded Chicken Burgers 400 Gm,Al Kabeer,Chicken Burger-Frozen,Breaded,Frozen Burger,400 gm,1,CKBBS,8 BREADED CHICKEN BURGER HOT & SPICY,400 gm x 12 Pkts,BURGERS,100.0,91.57,86.99,exact,17.53,1,auto_high_confidence
1060,16712441,ALKABEER CHICKEN/BEEF KIBBEH 400 GM,Al Kabeer,Chicken Kibbeh-Frozen,No Variant,Frozen Kofta / Kibbeh & Meat Balls,400 gm,1,CBK,BEEF KIBBEH 400,400 Gms x 12 Pkts,KOFTA-KIBBEH-FELAFEL,92.08,70.0,85.5,exact,20.88,1,auto_high_confidence
1061,16712441,ALKABEER CHICKEN/BEEF KIBBEH 400 GM,Al Kabeer,Beef Kibbeh-Frozen,No Variant,Frozen Kofta / Kibbeh & Meat Balls,400 gm,1,CBK,BEEF KIBBEH 400,400 Gms x 12 Pkts,KOFTA-KIBBEH-FELAFEL,92.08,70.0,85.5,exact,20.88,1,auto_high_confidence
1070,16716172,AL KABEER BREADED CHICKEN BURGERS 400 GM,Al Kabeer,Chicken Burger-Frozen,Breaded,Frozen Burger,400 gm,1,CKBBS,8 BREADED CHICKEN BURGER HOT & SPICY,400 gm x 12 Pkts,BURGERS,100.0,91.14,86.58,exact,17.97,1,auto_high_confidence
1087,16717456,Al Kabeer Cheese Spring Rolls 8's (240g),Al Kabeer,Spring Roll-Frozen,No Variant,"Frozen Pizzas, Wraps, Sandwiches",240 gm,1,CCSRA,8 CHEESE SPRING ROLLS,240 Gms x 20 Pkts,SPRING ROLL,93.62,74.42,85.5,exact,9.09,1,auto_high_confidence
1109,16719024,AL KABEER CHICKEN/BEEF KIBBEH 400GN,Al Kabeer,Beef Kibbeh-Frozen,No Variant,Frozen Kofta / Kibbeh & Meat Balls,400 gm,1,CBK,BEEF KIBBEH 400,400 Gms x 12 Pkts,KOFTA-KIBBEH-FELAFEL,92.08,70.0,85.5,exact,21.26,1,auto_high_confidence
1110,16719024,AL KABEER CHICKEN/BEEF KIBBEH 400GN,Al Kabeer,Chicken Kibbeh-Frozen,No Variant,Frozen Kofta / Kibbeh & Meat Balls,400 gm,1,CBK,BEEF KIBBEH 400,400 Gms x 12 Pkts,KOFTA-KIBBEH-FELAFEL,92.08,70.0,85.5,exact,21.26,1,auto_high_confidence
1215,16741104,Al Kabeer  Breaded Chicken Burger/ Spicy 400 gm,Al Kabeer,Chicken Burger-Frozen,Breaded,Frozen Burger,400 gm,1,CKBBS,8 BREADED CHICKEN BURGER HOT & SPICY,400 gm x 12 Pkts,BURGERS,99.72,90.67,86.13,exact,18.92,1,auto_high_confidence
1238,16775439,Al Kabeer Zing Chicken Srips 750 gm,Al Kabeer,Chicken Strips-Frozen,No Variant,Zing,750 gm,1,CKZSCKNP,Zing Strips Non Spicy + Free Chicken Nuggets Combo Pack,(750 g.+750 g.) x 4,STRIPS,91.22,67.57,85.5,exact,9.04,1,auto_high_confidence
1301,16878453,Al Kabeer Chicken/Beef KIBBEH 400 GM,Al Kabeer,Beef Kibbeh-Frozen,No Variant,Frozen Kofta / Kibbeh & Meat Balls,400 gm,1,CBK,BEEF KIBBEH 400,400 Gms x 12 Pkts,KOFTA-KIBBEH-FELAFEL,92.08,70.0,85.5,exact,20.88,1,auto_high_confidence
1302,16878453,Al Kabeer Chicken/Beef KIBBEH 400 GM,Al Kabeer,Chicken Kibbeh-Frozen,No Variant,Frozen Kofta / Kibbeh & Meat Balls,400 gm,1,CBK,BEEF KIBBEH 400,400 Gms x 12 Pkts,KOFTA-KIBBEH-FELAFEL,92.08,70.0,85.5,exact,20.88,1,auto_high_confidence
1306,16878726,Al Kabeer  CHICKEN / BEEF KIBBEH 400 GM,Al Kabeer,Beef Kibbeh-Frozen,No Variant,Frozen Kofta / Kibbeh & Meat Balls,400 gm,1,CBK,BEEF KIBBEH 400,400 Gms x 12 Pkts,KOFTA-KIBBEH-FELAFEL,92.08,70.0,85.5,exact,20.88,1,auto_high_confidence
1307,16878726,Al Kabeer  CHICKEN / BEEF KIBBEH 400 GM,Al Kabeer,Chicken Kibbeh-Frozen,No Variant,Frozen Kofta / Kibbeh & Meat Balls,400 gm,1,CBK,BEEF KIBBEH 400,400 Gms x 12 Pkts,KOFTA-KIBBEH-FELAFEL,92.08,70.0,85.5,exact,20.88,1,auto_high_confidence
1317,16879654,"AL KABEER BEEF OR CHICKEN KIBBEH, 400 GRAMS",Al Kabeer,Beef Kibbeh-Frozen,No Variant,Frozen Kofta / Kibbeh & Meat Balls,400 gm,1,CBK,BEEF KIBBEH 400,400 Gms x 12 Pkts,KOFTA-KIBBEH-FELAFEL,92.08,70.0,85.5,exact,20.69,1,auto_high_confidence
1360,16886858,AL KABEER CHICKEN KIBBEH 400GM,Al Kabeer,Chicken Kibbeh-Frozen,No Variant,Frozen Kofta / Kibbeh & Meat Balls,400 gm,1,CBK,BEEF KIBBEH 400,400 Gms x 12 Pkts,KOFTA-KIBBEH-FELAFEL,89.68,63.16,85.5,exact,20.69,1,auto_high_confidence
1385,16888537,Al Kabeer Beef / Chicken Kibbeh 400 gm,Al Kabeer,Chicken Kibbeh-Frozen,No Variant,Frozen Kofta / Kibbeh & Meat Balls,400 gm,1,CBK,BEEF KIBBEH 400,400 Gms x 12 Pkts,KOFTA-KIBBEH-FELAFEL,92.08,70.0,85.5,exact,20.88,1,auto_high_confidence
1386,16888537,Al Kabeer Beef / Chicken Kibbeh 400 gm,Al Kabeer,Beef Kibbeh-Frozen,No Variant,Frozen Kofta / Kibbeh & Meat Balls,400 gm,1,CBK,BEEF KIBBEH 400,400 Gms x 12 Pkts,KOFTA-KIBBEH-FELAFEL,92.08,70.0,85.5,exact,20.88,1,auto_high_confidence
1404,16889519,Al Kabeer Chicken / Beef Kibbeh 400 gm ,Al Kabeer,Chicken Kibbeh-Frozen,No Variant,Frozen Kofta / Kibbeh & Meat Balls,400 gm,1,CBK,BEEF KIBBEH 400,400 Gms x 12 Pkts,KOFTA-KIBBEH-FELAFEL,92.08,70.0,85.5,exact,20.88,1,auto_high_confidence
1405,16889519,Al Kabeer Chicken / Beef Kibbeh 400 gm ,Al Kabeer,Beef Kibbeh-Frozen,No Variant,Frozen Kofta / Kibbeh & Meat Balls,400 gm,1,CBK,BEEF KIBBEH 400,400 Gms x 12 Pkts,KOFTA-KIBBEH-FELAFEL,92.08,70.0,85.5,exact,20.88,1,auto_high_confidence
1418,16894364,Al Kabeer  Chicken/ Beef Kibbeh 400 gm,Al Kabeer,Beef Kibbeh-Frozen,No Variant,Frozen Kofta / Kibbeh & Meat Balls,400 gm,1,CBK,BEEF KIBBEH 400,400 Gms x 12 Pkts,KOFTA-KIBBEH-FELAFEL,92.08,70.0,85.5,exact,20.88,1,auto_high_confidence
1419,16894364,Al Kabeer  Chicken/ Beef Kibbeh 400 gm,Al Kabeer,Chicken Kibbeh-Frozen,No Variant,Frozen Kofta / Kibbeh & Meat Balls,400 gm,1,CBK,BEEF KIBBEH 400,400 Gms x 12 Pkts,KOFTA-KIBBEH-FELAFEL,92.08,70.0,85.5,exact,20.88,1,auto_high_confidence
1468,16930637,Al Kabeer Zing Chicken Fillets 465 gm,Al Kabeer,Chicken Fillets-Frozen,Spicy,Zing,465 gm,1,CKZF,ZING CHICKEN FILLETS 465,465 Gms x 12 Pkts,FILLETS,89.59,80.0,76.29,exact,22.76,1,auto_high_confidence
1475,16944854,Al-Kabeer Kibbeh Chicken/ Beef 400 GM,Al Kabeer,Beef Kibbeh-Frozen,No Variant,Frozen Kofta / Kibbeh & Meat Balls,400 gm,1,CBK,BEEF KIBBEH 400,400 Gms x 12 Pkts,KOFTA-KIBBEH-FELAFEL,92.08,70.0,85.5,exact,20.88,1,auto_high_confidence
1476,16944854,Al-Kabeer Kibbeh Chicken/ Beef 400 GM,Al Kabeer,Chicken Kibbeh-Frozen,No Variant,Frozen Kofta / Kibbeh & Meat Balls,400 gm,1,CBK,BEEF KIBBEH 400,400 Gms x 12 Pkts,KOFTA-KIBBEH-FELAFEL,92.08,70.0,85.5,exact,20.88,1,auto_high_confidence
1576,17055052,ALKABEER CHICKEN/BEEF KIBBEH 400 GM,Al Kabeer,Chicken Kibbeh-Frozen,No Variant,Frozen Kofta / Kibbeh & Meat Balls,400 gm,1,CBK,BEEF KIBBEH 400,400 Gms x 12 Pkts,KOFTA-KIBBEH-FELAFEL,92.08,70.0,85.5,exact,20.88,1,auto_high_confidence
1577,17055052,ALKABEER CHICKEN/BEEF KIBBEH 400 GM,Al Kabeer,Beef Kibbeh-Frozen,No Variant,Frozen Kofta / Kibbeh & Meat Balls,400 gm,1,CBK,BEEF KIBBEH 400,400 Gms x 12 Pkts,KOFTA-KIBBEH-FELAFEL,92.08,70.0,85.5,exact,20.88,1,auto_high_confidence
1654,17061308,Al Kabeer Beef/ Chicken Kibbeh 400 gm,Al Kabeer,Beef Kibbeh-Frozen,No Variant,Frozen Kofta / Kibbeh & Meat Balls,400 gm,1,CBK,BEEF KIBBEH 400,400 Gms x 12 Pkts,KOFTA-KIBBEH-FELAFEL,92.08,70.0,85.5,exact,20.88,1,auto_high_confidence
1655,17061308,Al Kabeer Beef/ Chicken Kibbeh 400 gm,Al Kabeer,Chicken Kibbeh-Frozen,No Variant,Frozen Kofta / Kibbeh & Meat Balls,400 gm,1,CBK,BEEF KIBBEH 400,400 Gms x 12 Pkts,KOFTA-KIBBEH-FELAFEL,92.08,70.0,85.5,exact,20.88,1,auto_high_confidence
1742,17173088,AL KABEER CHICKEN/BEEF KIBBEH 400 GM,Al Kabeer,Beef Kibbeh-Frozen,No Variant,Frozen Kofta / Kibbeh & Meat Balls,400 gm,1,CBK,BEEF KIBBEH 400,400 Gms x 12 Pkts,KOFTA-KIBBEH-FELAFEL,92.08,70.0,85.5,exact,20.88,1,auto_high_confidence
1743,17173088,AL KABEER CHICKEN/BEEF KIBBEH 400 GM,Al Kabeer,Chicken Kibbeh-Frozen,No Variant,Frozen Kofta / Kibbeh & Meat Balls,400 gm,1,CBK,BEEF KIBBEH 400,400 Gms x 12 Pkts,KOFTA-KIBBEH-FELAFEL,92.08,70.0,85.5,exact,20.88,1,auto_high_confidence
1871,17239797,Al Kabeer Chicken / Beef Kibbeh 400g,Al Kabeer,Beef Kibbeh-Frozen,No Variant,Frozen Kofta / Kibbeh & Meat Balls,400 gm,1,CBK,BEEF KIBBEH 400,400 Gms x 12 Pkts,KOFTA-KIBBEH-FELAFEL,92.08,70.0,85.5,exact,20.88,1,auto_high_confidence
1872,17239797,Al Kabeer Chicken / Beef Kibbeh 400g,Al Kabeer,Chicken Kibbeh-Frozen,No Variant,Frozen Kofta / Kibbeh & Meat Balls,400 gm,1,CBK,BEEF KIBBEH 400,400 Gms x 12 Pkts,KOFTA-KIBBEH-FELAFEL,92.08,70.0,85.5,exact,20.88,1,auto_high_confidence
1875,17241224,Al Kabeer -Breaded Chicken Burgers 840 gm,Al Kabeer,Chicken Burger-Frozen,Breaded,Frozen Burger,840 gm,1,CKBBADPR,AK PRO Breaded Chicken Burger Bag 840 g. x 8,840 gm x 8,BURGERS,100.0,91.14,86.58,exact,29.82,1,auto_high_confidence
1878,17241228,Al Kabeer Beef / Chicken Kibbeh 400gm,Al Kabeer,Chicken Kibbeh-Frozen,No Variant,Frozen Kofta / Kibbeh & Meat Balls,400 gm,1,CBK,BEEF KIBBEH 400,400 Gms x 12 Pkts,KOFTA-KIBBEH-FELAFEL,92.08,70.0,85.5,exact,21.26,1,auto_high_confidence
1879,17241228,Al Kabeer Beef / Chicken Kibbeh 400gm,Al Kabeer,Beef Kibbeh-Frozen,No Variant,Frozen Kofta / Kibbeh & Meat Balls,400 gm,1,CBK,BEEF KIBBEH 400,400 Gms x 12 Pkts,KOFTA-KIBBEH-FELAFEL,92.08,70.0,85.5,exact,21.26,1,auto_high_confidence
1995,17385871,AL KABEER BREADED CHICKEN BURGERS 840 GM,Al Kabeer,Chicken Burger-Frozen,Breaded,Frozen Burger,840 gm,1,CKBBADPR,AK PRO Breaded Chicken Burger Bag 840 g. x 8,840 gm x 8,BURGERS,100.0,91.14,86.58,exact,29.82,1,auto_high_confidence
2005,17386066,AL KABEER CHICKEN/BEEF KIBBEH 400 GM,Al Kabeer,Chicken Kibbeh-Frozen,No Variant,Frozen Kofta / Kibbeh & Meat Balls,400 gm,1,CBK,BEEF KIBBEH 400,400 Gms x 12 Pkts,KOFTA-KIBBEH-FELAFEL,92.08,70.0,85.5,exact,20.88,1,auto_high_confidence
2006,17386066,AL KABEER CHICKEN/BEEF KIBBEH 400 GM,Al Kabeer,Beef Kibbeh-Frozen,No Variant,Frozen Kofta / Kibbeh & Meat Balls,400 gm,1,CBK,BEEF KIBBEH 400,400 Gms x 12 Pkts,KOFTA-KIBBEH-FELAFEL,92.08,70.0,85.5,exact,20.88,1,auto_high_confidence
2028,17386693,AL KABEER CHICKEN KIBBEH 400GM,Al Kabeer,Chicken Kibbeh-Frozen,No Variant,Frozen Kofta / Kibbeh & Meat Balls,400 gm,1,CBK,BEEF KIBBEH 400,400 Gms x 12 Pkts,KOFTA-KIBBEH-FELAFEL,89.68,63.16,85.5,exact,20.69,1,auto_high_confidence
2101,17402619,AL Kabeer Beef/ Chicken Kibbeh 400gm,Al Kabeer,Chicken Kibbeh-Frozen,No Variant,Frozen Kofta / Kibbeh & Meat Balls,400 gm,1,CBK,BEEF KIBBEH 400,400 Gms x 12 Pkts,KOFTA-KIBBEH-FELAFEL,92.08,70.0,85.5,exact,21.26,1,auto_high_confidence
2102,17402619,AL Kabeer Beef/ Chicken Kibbeh 400gm,Al Kabeer,Beef Kibbeh-Frozen,No Variant,Frozen Kofta / Kibbeh & Meat Balls,400 gm,1,CBK,BEEF KIBBEH 400,400 Gms x 12 Pkts,KOFTA-KIBBEH-FELAFEL,92.08,70.0,85.5,exact,21.26,1,auto_high_confidence
2134,17417484,Al Kabeer Chicken Kibbeh 400Gm,Al Kabeer,Chicken Kibbeh-Frozen,No Variant,Frozen Kofta / Kibbeh & Meat Balls,400 gm,1,CBK,BEEF KIBBEH 400,400 Gms x 12 Pkts,KOFTA-KIBBEH-FELAFEL,89.68,63.16,85.5,exact,20.69,1,auto_high_confidence
2233,17556332,Al Kabeer BREADED CHICKEN BURGERS 400 Gm ,Al Kabeer,Chicken Burger-Frozen,Breaded,Frozen Burger,400 gm,1,CKBBS,8 BREADED CHICKEN BURGER HOT & SPICY,400 gm x 12 Pkts,BURGERS,100.0,91.14,86.58,exact,17.97,1,auto_high_confidence
2303,17569318,AL KABEER CHICKEN/BEEF KIBBEH 400GM,Al Kabeer,Chicken Kibbeh-Frozen,No Variant,Frozen Kofta / Kibbeh & Meat Balls,400 gm,1,CBK,BEEF KIBBEH 400,400 Gms x 12 Pkts,KOFTA-KIBBEH-FELAFEL,92.08,70.0,85.5,exact,21.26,1,auto_high_confidence
2304,17569318,AL KABEER CHICKEN/BEEF KIBBEH 400GM,Al Kabeer,Beef Kibbeh-Frozen,No Variant,Frozen Kofta / Kibbeh & Meat Balls,400 gm,1,CBK,BEEF KIBBEH 400,400 Gms x 12 Pkts,KOFTA-KIBBEH-FELAFEL,92.08,70.0,85.5,exact,21.26,1,auto_high_confidence
2311,17569406,AL KABEER BREADED CHICKEN BURGERS 840 GM,Al Kabeer,Chicken Burger-Frozen,Breaded,Frozen Burger,840 gm,1,CKBBADPR,AK PRO Breaded Chicken Burger Bag 840 g. x 8,840 gm x 8,BURGERS,100.0,91.14,86.58,exact,29.82,1,auto_high_confidence
2425,17735078,Alkabeer Breaded Chicken Burger 8 PCS 400g,Al Kabeer,Chicken Burger-Frozen,Breaded,Frozen Burger,400 gm,1,CKBBS,8 BREADED CHICKEN BURGER HOT & SPICY,400 gm x 12 Pkts,BURGERS,99.47,90.41,85.89,exact,41.16,1,auto_high_confidence
2483,17755115,AL KABEER CHICKEN/BEEF KIBBEH 400GM,Al Kabeer,Chicken Kibbeh-Frozen,No Variant,Frozen Kofta / Kibbeh & Meat Balls,400 gm,1,CBK,BEEF KIBBEH 400,400 Gms x 12 Pkts,KOFTA-KIBBEH-FELAFEL,92.08,70.0,85.5,exact,21.26,1,auto_high_confidence
2484,17755115,AL KABEER CHICKEN/BEEF KIBBEH 400GM,Al Kabeer,Beef Kibbeh-Frozen,No Variant,Frozen Kofta / Kibbeh & Meat Balls,400 gm,1,CBK,BEEF KIBBEH 400,400 Gms x 12 Pkts,KOFTA-KIBBEH-FELAFEL,92.08,70.0,85.5,exact,21.26,1,auto_high_confidence
2564,17842192,AL KABEER CHICKEN/BEEF KIBBEH 400GM,Al Kabeer,Beef Kibbeh-Frozen,No Variant,Frozen Kofta / Kibbeh & Meat Balls,400 gm,1,CBK,BEEF KIBBEH 400,400 Gms x 12 Pkts,KOFTA-KIBBEH-FELAFEL,92.08,70.0,85.5,exact,21.26,1,auto_high_confidence
2565,17842192,AL KABEER CHICKEN/BEEF KIBBEH 400GM,Al Kabeer,Chicken Kibbeh-Frozen,No Variant,Frozen Kofta / Kibbeh & Meat Balls,400 gm,1,CBK,BEEF KIBBEH 400,400 Gms x 12 Pkts,KOFTA-KIBBEH-FELAFEL,92.08,70.0,85.5,exact,21.26,1,auto_high_confidence
2705,17981739,AL KABEER 24 BEEF BURGERS 1200G OR CHICKEN,Al Kabeer,Chicken Burger-Frozen,Unbreaded,Frozen Burger,1200 gm,1,CBBO24,24 BEEF BURGERS,1.2 Kgs x 8 Pkts,BURGERS,88.08,58.59,85.5,exact,29.79,1,auto_high_confidence
2706,17981739,AL KABEER 24 BEEF BURGERS 1200G OR CHICKEN,Al Kabeer,Beef Burger-Frozen,Unbreaded,Frozen Burger,1200 gm,1,CBBO24,24 BEEF BURGERS,1.2 Kgs x 8 Pkts,BURGERS,88.08,58.59,85.5,exact,29.79,1,auto_high_confidence
2758,17999786,Al Kabeer Lamb/Chicken Kibbeh 400g,Al Kabeer,Lamb Kibbeh-Frozen,No Variant,Frozen Kofta / Kibbeh & Meat Balls,400 gm,1,CBK,BEEF KIBBEH 400,400 Gms x 12 Pkts,KOFTA-KIBBEH-FELAFEL,89.3,62.07,85.5,exact,19.26,1,auto_high_confidence
2759,17999786,Al Kabeer Lamb/Chicken Kibbeh 400g,Al Kabeer,Chicken Kibbeh-Frozen,No Variant,Frozen Kofta / Kibbeh & Meat Balls,400 gm,1,CBK,BEEF KIBBEH 400,400 Gms x 12 Pkts,KOFTA-KIBBEH-FELAFEL,89.3,62.07,85.5,exact,19.26,1,auto_high_confidence
2767,18002005,AL KABEER CHICKEN/BEEF KIBBEH 400GM,Al Kabeer,Beef Kibbeh-Frozen,No Variant,Frozen Kofta / Kibbeh & Meat Balls,400 gm,1,CBK,BEEF KIBBEH 400,400 Gms x 12 Pkts,KOFTA-KIBBEH-FELAFEL,92.08,70.0,85.5,exact,21.26,1,auto_high_confidence
2768,18002005,AL KABEER CHICKEN/BEEF KIBBEH 400GM,Al Kabeer,Chicken Kibbeh-Frozen,No Variant,Frozen Kofta / Kibbeh & Meat Balls,400 gm,1,CBK,BEEF KIBBEH 400,400 Gms x 12 Pkts,KOFTA-KIBBEH-FELAFEL,92.08,70.0,85.5,exact,21.26,1,auto_high_confidence
2850,18097225,Al Kabeer Burger Beef Burger 1200gm 24'S,Al Kabeer,Beef Burger-Frozen,Unbreaded,Frozen Burger,1200 gm,1,CBBO24,24 BEEF BURGERS,1.2 Kgs x 8 Pkts,BURGERS,88.99,61.18,85.5,exact,29.75,1,auto_high_confidence
2872,18120029,Al Kabeer Breaded Chicken Burger 8 pcs 400 gm,Al Kabeer,Chicken Burger-Frozen,Breaded,Frozen Burger,400 gm,1,CKBBS,8 BREADED CHICKEN BURGER HOT & SPICY,400 gm x 12 Pkts,BURGERS,99.47,90.41,85.89,exact,41.16,1,auto_high_confidence
2874,18120031,Al Kabeer Breaded Spicy Chicken Burger 400 gm,Al Kabeer,Chicken Burger-Frozen,Breaded,Frozen Burger,400 gm,1,CKBBS,8 BREADED CHICKEN BURGER HOT & SPICY,400 gm x 12 Pkts,BURGERS,99.72,90.67,86.13,exact,18.92,1,auto_high_confidence
2907,18147168,AL KABEER 24 BEEF BURGERS 1200G OR CHICKEN BURGER X24,Al Kabeer,Beef Burger-Frozen,Unbreaded,Frozen Burger,1200 gm,1,CBBO24,24 BEEF BURGERS,1.2 Kgs x 8 Pkts,BURGERS,89.06,61.39,85.5,exact,17.8,1,auto_high_confidence
2924,18151233,AL KABEER ZING CHICKEN FILLETS 465G,Al Kabeer,Chicken Fillets-Frozen,Spicy,Zing,465 gm,1,CKZF,ZING CHICKEN FILLETS 465,465 Gms x 12 Pkts,FILLETS,89.59,80.0,76.29,exact,22.76,1,auto_high_confidence
2987,18162427,Al Kabeer Chicken Fillet Breaded 330gm,Al Kabeer,Chicken Fillets-Frozen,No Variant,Marinated & Breaded,330 gm,1,CFBF,BREADED FISH FILLET,330 Gms x 20 Pkts,FILLETS,90.63,65.88,85.5,exact,32.25,1,auto_high_confidence
3005,18174286,AL KABEER BREADED CHICKEN BURGERS 840 GM,Al Kabeer,Chicken Burger-Frozen,Breaded,Frozen Burger,840 gm,1,CKBBADPR,AK PRO Breaded Chicken Burger Bag 840 g. x 8,840 gm x 8,BURGERS,100.0,91.14,86.58,exact,29.82,1,auto_high_confidence
3023,18175381,Al Kabeer Zng Chckn Fillts 465Gm,Al Kabeer,Chicken Fillets-Frozen,No Variant,Zing,465 gm,1,CKZF,ZING CHICKEN FILLETS 465,465 Gms x 12 Pkts,FILLETS,88.38,78.95,75.0,exact,32.55,1,auto_high_confidence
3032,18192690,Al Kabeer Zing Chicken Fillets 465 gm,Al Kabeer,Chicken Fillets-Frozen,Spicy,Zing,465 gm,1,CKZF,ZING CHICKEN FILLETS 465,465 Gms x 12 Pkts,FILLETS,89.59,80.0,76.29,exact,22.76,1,auto_high_confidence
3218,18349676,Al Kabeer Zing Chicken Srips reg/spicy 750GM,Al Kabeer,Chicken Strips-Frozen,Spicy,Zing,750 gm,1,CKZSDA,ZING CHICKEN STRIPS SPICY 750 GRM,750 GMS X 8 PKT,STRIPS,89.73,77.5,77.85,exact,33.89,1,auto_high_confidence
3241,18383791,Al Kabeer Chicken Burger 840 gm,Al Kabeer,Chicken Burger-Frozen,Breaded,Frozen Burger,840 gm,1,CKBBADPR,AK PRO Breaded Chicken Burger Bag 840 g. x 8,840 gm x 8,BURGERS,98.0,88.89,84.44,exact,13.44,1,auto_high_confidence
3340,18442110,Al Kabeer Chicken / Beef Burgers 24's (1200g),Al Kabeer,Beef Burger-Frozen,Unbreaded,Frozen Burger,1200 gm,1,CBBO24,24 BEEF BURGERS,1.2 Kgs x 8 Pkts,BURGERS,88.29,59.18,85.5,exact,27.83,1,auto_high_confidence
3341,18442110,Al Kabeer Chicken / Beef Burgers 24's (1200g),Al Kabeer,Chicken Burger-Frozen,Unbreaded,Frozen Burger,1200 gm,1,CBBO24,24 BEEF BURGERS,1.2 Kgs x 8 Pkts,BURGERS,88.29,59.18,85.5,exact,29.79,1,auto_high_confidence
3474,18589486,AL KABEER ZING CHICKEN FILLETS SPICY 465 Gm ,Al Kabeer,Chicken Fillets-Frozen,Spicy,Zing,465 gm,1,CKZF,ZING CHICKEN FILLETS 465,465 Gms x 12 Pkts,FILLETS,89.4,80.0,76.0,exact,15.8,1,auto_high_confidence
3554,18608650,Al Kabeer Chicken Burger 400g,Al Kabeer,Chicken Burger-Frozen,Breaded,Frozen Burger,400 gm,1,CKBBS,8 BREADED CHICKEN BURGER HOT & SPICY,400 gm x 12 Pkts,BURGERS,98.0,88.89,84.44,exact,12.85,1,auto_high_confidence
3733,18804295,Al Kabeer Zng Chicken Fillets 465Gm,Al Kabeer,Chicken Fillets-Frozen,No Variant,Zing,465 gm,1,CKZF,ZING CHICKEN FILLETS 465,465 Gms x 12 Pkts,FILLETS,88.38,78.95,75.0,exact,13.52,1,auto_high_confidence
3804,18893800,Alkabeer chicken burgers 840gm,Al Kabeer,Chicken Burger-Frozen,Breaded,Frozen Burger,840 gm,1,CKBBADPR,AK PRO Breaded Chicken Burger Bag 840 g. x 8,840 gm x 8,BURGERS,96.95,87.8,83.41,exact,30.0,1,auto_high_confidence
3808,18893808,Al Kabeer chicken& cheese sticks kg,Al Kabeer,Chicken Cheese Stick-Frozen,No Variant,Frozen Barbeque Products,1 kg,1,CCKSB,CHICKEN STICKS BULK,1 Kgs x 5 Pkts,STICKS & FINGERS,91.97,69.7,85.5,exact,9.23,1,auto_high_confidence
3858,18938598,AL KABEER ZING CHICKEN STRIPS SPICY 320G,Al Kabeer,Chicken Strips-Frozen,Spicy,Zing,320 gm,1,CKZS,ZING CHICKEN STRIPS,320 Gms x 20 Pkts,STRIPS,88.79,79.37,75.4,exact,22.13,1,auto_high_confidence
3861,18938601,AL KABEER ZING CHICKEN FILLETS SPICY 465G,Al Kabeer,Chicken Fillets-Frozen,Spicy,Zing,465 gm,1,CKZF,ZING CHICKEN FILLETS 465,465 Gms x 12 Pkts,FILLETS,89.4,80.0,76.0,exact,15.8,1,auto_high_confidence
3956,19064335,Alkabeer Chicken burger 840gm,Al Kabeer,Chicken Burger-Frozen,Breaded,Frozen Burger,840 gm,1,CKBBADPR,AK PRO Breaded Chicken Burger Bag 840 g. x 8,840 gm x 8,BURGERS,94.09,84.85,80.61,exact,13.22,1,auto_high_confidence
3976,19083705,Al Kabeer Breaded Chicken Fillet 1000Gm,Al Kabeer,Chicken Fillets-Frozen,No Variant,Marinated & Breaded,1000 gm,1,CFBFA,BREADED FISH FILLET BULK,1 Kgs x 5 Pkts,FILLETS,88.39,59.46,85.5,exact,29.65,1,auto_high_confidence
3994,19105350,ALKABEER CHICKEN BURGER BREADED REGULAR /HOT& SPICY 400GM,Al Kabeer,Chicken Burger-Frozen,Breaded,Frozen Burger,400 gm,1,CKBBS,8 BREADED CHICKEN BURGER HOT & SPICY,400 gm x 12 Pkts,BURGERS,99.95,90.91,86.36,exact,13.0,1,auto_high_confidence
4008,19115200,AL KABEER ZING CHICKEN FILLETS SPICY 465 Gm ,Al Kabeer,Chicken Fillets-Frozen,Spicy,Zing,465 gm,1,CKZF,ZING CHICKEN FILLETS 465,465 Gms x 12 Pkts,FILLETS,89.4,80.0,76.0,exact,15.8,1,auto_high_confidence
4095,19157520,Alkabeer Zing Chicken Fillets465g,Al Kabeer,Chicken Fillets-Frozen,Spicy,Zing,465 gm,1,CKZF,ZING CHICKEN FILLETS 465,465 Gms x 12 Pkts,FILLETS,89.59,80.0,76.29,exact,22.76,1,auto_high_confidence
4110,19189387,Al-Kabeer Paratha Plain,Al Kabeer,Paratha-Frozen,No Variant,Frozen Pranthas,400 gm,1,VPRWWP,Plain Paratha + Free Wheat Paratha Promo 400+400 g. x 12,400+400G X 12,PARATHA-WRAPS,89.06,61.39,85.5,exact,15.85,1,auto_high_confidence
4350,19578642,AL KABEER ZING CHICKEN FILLETS SPICY 465G,Al Kabeer,Chicken Fillets-Frozen,Spicy,Zing,465 gm,1,CKZF,ZING CHICKEN FILLETS 465,465 Gms x 12 Pkts,FILLETS,89.4,80.0,76.0,exact,15.8,1,auto_high_confidence
4420,19591485,Al kabeer Breaded Burgers 400gm,Al Kabeer,Chicken Burger-Frozen,Breaded,Frozen Burger,400 gm,1,CKBBS,8 BREADED CHICKEN BURGER HOT & SPICY,400 gm x 12 Pkts,BURGERS,96.95,87.8,83.41,exact,13.04,1,auto_high_confidence
4421,19591491,Al kabeer Zing Chicken Fillets 465g,Al Kabeer,Chicken Fillets-Frozen,Spicy,Zing,465 gm,1,CKZF,ZING CHICKEN FILLETS 465,465 Gms x 12 Pkts,FILLETS,89.59,80.0,76.29,exact,22.76,1,auto_high_confidence
4447,19688286,Al Kabeer chicken& cheese sticks 1kg,Al Kabeer,Chicken Cheese Stick-Frozen,No Variant,Frozen Barbeque Products,1 kg,1,CCKSB,CHICKEN STICKS BULK,1 Kgs x 5 Pkts,STICKS & FINGERS,91.97,69.7,85.5,exact,9.23,1,auto_high_confidence
4470,19730603,"AL KABEER BEEF OR CHICKEN KIBBEH, 400 GRAMS",Al Kabeer,Beef Kibbeh-Frozen,No Variant,Frozen Kofta / Kibbeh & Meat Balls,400 gm,1,CBK,BEEF KIBBEH 400,400 Gms x 12 Pkts,KOFTA-KIBBEH-FELAFEL,92.08,70.0,85.5,exact,20.69,1,auto_high_confidence
4500,19739977,Al Kabeer Breaded Chicken Fillets (330g),Al Kabeer,Chicken Fillets-Frozen,Spicy,Marinated & Breaded,330 gm,1,CFBF,BREADED FISH FILLET,330 Gms x 20 Pkts,FILLETS,88.64,60.18,85.5,exact,12.81,1,auto_high_confidence
4548,19748245,Al Kabeer Beef/ Chicken Kibbeh 400gm,Al Kabeer,Chicken Kibbeh-Frozen,No Variant,Frozen Kofta / Kibbeh & Meat Balls,400 gm,1,CBK,BEEF KIBBEH 400,400 Gms x 12 Pkts,KOFTA-KIBBEH-FELAFEL,92.08,70.0,85.5,exact,21.26,1,auto_high_confidence
4549,19748245,Al Kabeer Beef/ Chicken Kibbeh 400gm,Al Kabeer,Beef Kibbeh-Frozen,No Variant,Frozen Kofta / Kibbeh & Meat Balls,400 gm,1,CBK,BEEF KIBBEH 400,400 Gms x 12 Pkts,KOFTA-KIBBEH-FELAFEL,92.08,70.0,85.5,exact,21.26,1,auto_high_confidence
4577,19835819,Al Kabeer chicken& cheese sticks KG,Al Kabeer,Chicken Cheese Stick-Frozen,No Variant,Frozen Barbeque Products,1 kg,1,CCKSB,CHICKEN STICKS BULK,1 Kgs x 5 Pkts,STICKS & FINGERS,91.97,69.7,85.5,exact,9.23,1,auto_high_confidence
4585,19844257,Al Kabeer Chicken Burger 400gm,Al Kabeer,Chicken Burger-Frozen,Breaded,Frozen Burger,400 gm,1,CKBBS,8 BREADED CHICKEN BURGER HOT & SPICY,400 gm x 12 Pkts,BURGERS,94.09,84.85,80.61,exact,9.24,1,auto_high_confidence
4596,19875989,ALKABEER CHICKEN/BEEF KIBBEH 400GR,Al Kabeer,Beef Kibbeh-Frozen,No Variant,Frozen Kofta / Kibbeh & Meat Balls,400 gm,1,CBK,BEEF KIBBEH 400,400 Gms x 12 Pkts,KOFTA-KIBBEH-FELAFEL,92.08,70.0,85.5,exact,21.26,1,auto_high_confidence
4597,19875989,ALKABEER CHICKEN/BEEF KIBBEH 400GR,Al Kabeer,Chicken Kibbeh-Frozen,No Variant,Frozen Kofta / Kibbeh & Meat Balls,400 gm,1,CBK,BEEF KIBBEH 400,400 Gms x 12 Pkts,KOFTA-KIBBEH-FELAFEL,92.08,70.0,85.5,exact,21.26,1,auto_high_confidence
4627,19886400,Al Kabeer Breaded Chicken Burgers 400G,Al Kabeer,Chicken Burger-Frozen,Breaded,Frozen Burger,400 gm,1,CKBBS,8 BREADED CHICKEN BURGER HOT & SPICY,400 gm x 12 Pkts,BURGERS,100.0,91.14,86.58,exact,17.97,1,auto_high_confidence
4645,19894937,Al Kabeer Chicken / Beef Kibbeh 400gm,Al Kabeer,Chicken Kibbeh-Frozen,No Variant,Frozen Kofta / Kibbeh & Meat Balls,400 gm,1,CBK,BEEF KIBBEH 400,400 Gms x 12 Pkts,KOFTA-KIBBEH-FELAFEL,92.08,70.0,85.5,exact,21.26,1,auto_high_confidence
4646,19894937,Al Kabeer Chicken / Beef Kibbeh 400gm,Al Kabeer,Beef Kibbeh-Frozen,No Variant,Frozen Kofta / Kibbeh & Meat Balls,400 gm,1,CBK,BEEF KIBBEH 400,400 Gms x 12 Pkts,KOFTA-KIBBEH-FELAFEL,92.08,70.0,85.5,exact,21.26,1,auto_high_confidence
4649,19895322,Al Kabeer Beef / Chicken Kibbeh 400gm,Al Kabeer,Beef Kibbeh-Frozen,No Variant,Frozen Kofta / Kibbeh & Meat Balls,400 gm,1,CBK,BEEF KIBBEH 400,400 Gms x 12 Pkts,KOFTA-KIBBEH-FELAFEL,92.08,70.0,85.5,exact,21.26,1,auto_high_confidence
4650,19895322,Al Kabeer Beef / Chicken Kibbeh 400gm,Al Kabeer,Chicken Kibbeh-Frozen,No Variant,Frozen Kofta / Kibbeh & Meat Balls,400 gm,1,CBK,BEEF KIBBEH 400,400 Gms x 12 Pkts,KOFTA-KIBBEH-FELAFEL,92.08,70.0,85.5,exact,21.26,1,auto_high_confidence
4687,19908684,AL KABEER CHICKEN KIBBEH 400GM,Al Kabeer,Chicken Kibbeh-Frozen,No Variant,Frozen Kofta / Kibbeh & Meat Balls,400 gm,1,CBK,BEEF KIBBEH 400,400 Gms x 12 Pkts,KOFTA-KIBBEH-FELAFEL,89.68,63.16,85.5,exact,20.69,1,auto_high_confidence
4777,20020283,Al Kabeer Chicken Burgers 840Gm,Al Kabeer,Chicken Burger-Frozen,Breaded,Frozen Burger,840 gm,1,CKBBADPR,AK PRO Breaded Chicken Burger Bag 840 g. x 8,840 gm x 8,BURGERS,96.95,87.8,83.41,exact,30.0,1,auto_high_confidence
4894,20125547,Jumbo Chicken Nuggets,Al Kabeer,Chicken Nuggets-Frozen,No Variant,Marinated & Breaded,1 kg,1,CKJCNA,JUMBO CHICKEN NUGGETS,1 Kgs x 5 Pkts,NUGGETS,96.01,81.25,85.5,exact,9.77,1,auto_high_confidence
4899,20125552,Plain Paratha,Al Kabeer,Paratha-Frozen,No Variant,Frozen Pranthas,400 gm,1,VPRWWP,Plain Paratha + Free Wheat Paratha Promo 400+400 g. x 12,400+400G X 12,PARATHA-WRAPS,89.06,61.39,85.5,exact,15.85,1,auto_high_confidence
4905,20128915,Jumbo Chicken Nuggets,Al Kabeer,Chicken Nuggets-Frozen,No Variant,Marinated & Breaded,1 kg,1,CKJCNA,JUMBO CHICKEN NUGGETS,1 Kgs x 5 Pkts,NUGGETS,96.01,81.25,85.5,exact,9.77,1,auto_high_confidence
4915,20130275,Al Kabeer Chicken 840gm,Al Kabeer,Chicken Burger-Frozen,Breaded,Frozen Burger,840 gm,1,CKBBADPR,AK PRO Breaded Chicken Burger Bag 840 g. x 8,840 gm x 8,BURGERS,94.09,84.85,80.61,exact,30.0,1,auto_high_confidence
4929,20145277,Al Kabeer Zing Chicken Strip/Fillets,Al Kabeer,Chicken Strips-Frozen,No Variant,Zing,750 gm,1,CKZSCKNP,Zing Strips Non Spicy + Free Chicken Nuggets Combo Pack,(750 g.+750 g.) x 4,STRIPS,88.95,61.07,85.5,exact,9.49,1,auto_high_confidence
4996,20182960,Al Kabeer Zing Chicken Strips 320g,Al Kabeer,Chicken Strips-Frozen,Spicy,Zing,320 gm,1,CKZS,ZING CHICKEN STRIPS,320 Gms x 20 Pkts,STRIPS,89.58,79.37,76.61,exact,22.92,1,auto_high_confidence
5089,20316184,"AL KABEER BEEF OR CHICKEN KIBBEH, 400 GRAMS",Al Kabeer,Beef Kibbeh-Frozen,No Variant,Frozen Kofta / Kibbeh & Meat Balls,400 gm,1,CBK,BEEF KIBBEH 400,400 Gms x 12 Pkts,KOFTA-KIBBEH-FELAFEL,92.08,70.0,85.5,exact,20.69,1,auto_high_confidence
5106,20322707,Al Kabeer Zing Chicken Nuggets / Strips 270Gm / 320 Gm ,Al Kabeer,Chicken Nuggets-Frozen,Spicy,Zing,270 gm,1,CKN,CHICKEN NUGGETS,270 Gms x 20 Pkts,NUGGETS,92.92,72.41,85.5,exact,38.64,1,auto_high_confidence
5227,20475836,ALKABEER CHICKEN/BEEF KIBBEH 400GR,Al Kabeer,Chicken Kibbeh-Frozen,No Variant,Frozen Kofta / Kibbeh & Meat Balls,400 gm,1,CBK,BEEF KIBBEH 400,400 Gms x 12 Pkts,KOFTA-KIBBEH-FELAFEL,92.08,70.0,85.5,exact,21.26,1,auto_high_confidence
5228,20475836,ALKABEER CHICKEN/BEEF KIBBEH 400GR,Al Kabeer,Beef Kibbeh-Frozen,No Variant,Frozen Kofta / Kibbeh & Meat Balls,400 gm,1,CBK,BEEF KIBBEH 400,400 Gms x 12 Pkts,KOFTA-KIBBEH-FELAFEL,92.08,70.0,85.5,exact,21.26,1,auto_high_confidence
5287,20496472,Al Kabeer Breaded Chicken Burgers 840 GM,Al Kabeer,Chicken Burger-Frozen,Breaded,Frozen Burger,840 gm,1,CKBBADPR,AK PRO Breaded Chicken Burger Bag 840 g. x 8,840 gm x 8,BURGERS,100.0,91.14,86.58,exact,29.82,1,auto_high_confidence
5312,20497768,AL KABEER BREADED CHICKEN BURGERS 840 GM ,Al Kabeer,Chicken Burger-Frozen,Breaded,Frozen Burger,840 gm,1,CKBBADPR,AK PRO Breaded Chicken Burger Bag 840 g. x 8,840 gm x 8,BURGERS,100.0,91.14,86.58,exact,29.82,1,auto_high_confidence
5323,20498933,Al Kabeer Breaded Chicken Burgers 400 Gm ,Al Kabeer,Chicken Burger-Frozen,Breaded,Frozen Burger,400 gm,1,CKBBS,8 BREADED CHICKEN BURGER HOT & SPICY,400 gm x 12 Pkts,BURGERS,100.0,91.14,86.58,exact,17.97,1,auto_high_confidence
5358,20606755,Al Kabeer Chicken Kibbeh 400gm,Al Kabeer,Chicken Kibbeh-Frozen,No Variant,Frozen Kofta / Kibbeh & Meat Balls,400 gm,1,CBK,BEEF KIBBEH 400,400 Gms x 12 Pkts,KOFTA-KIBBEH-FELAFEL,89.68,63.16,85.5,exact,20.69,1,auto_high_confidence
5460,20667955,Alkabeer Breaded Chicken Burger/Spicy 400g,Al Kabeer,Chicken Burger-Frozen,Breaded,Frozen Burger,400 gm,1,CKBBS,8 BREADED CHICKEN BURGER HOT & SPICY,400 gm x 12 Pkts,BURGERS,99.72,90.67,86.13,exact,18.92,1,auto_high_confidence
5496,20779272,Al Kabeer Chicken Kibbeh 400gm ,Al Kabeer,Chicken Kibbeh-Frozen,No Variant,Frozen Kofta / Kibbeh & Meat Balls,400 gm,1,CBK,BEEF KIBBEH 400,400 Gms x 12 Pkts,KOFTA-KIBBEH-FELAFEL,89.68,63.16,85.5,exact,20.69,1,auto_high_confidence
5532,20833411,"Al Kabeer Beef or Chicken Kibbeh, 400 grams",Al Kabeer,Beef Kibbeh-Frozen,No Variant,Frozen Kofta / Kibbeh & Meat Balls,400 gm,1,CBK,BEEF KIBBEH 400,400 Gms x 12 Pkts,KOFTA-KIBBEH-FELAFEL,92.08,70.0,85.5,exact,20.69,1,auto_high_confidence
5557,20844286,Al Kabeer Zng Chicken Fillets 465gm,Al Kabeer,Chicken Fillets-Frozen,No Variant,Zing,465 gm,1,CKZF,ZING CHICKEN FILLETS 465,465 Gms x 12 Pkts,FILLETS,88.38,78.95,75.0,exact,13.52,1,auto_high_confidence
5563,20846284,Al Kabeer Zng Chicken Fillets 465gm,Al Kabeer,Chicken Fillets-Frozen,No Variant,Zing,465 gm,1,CKZF,ZING CHICKEN FILLETS 465,465 Gms x 12 Pkts,FILLETS,88.38,78.95,75.0,exact,13.52,1,auto_high_confidence
5727,21013216,Al Kabeer Chicken Burger 840 gm,Al Kabeer,Chicken Burger-Frozen,Breaded,Frozen Burger,840 gm,1,CKBBADPR,AK PRO Breaded Chicken Burger Bag 840 g. x 8,840 gm x 8,BURGERS,98.0,88.89,84.44,exact,13.44,1,auto_high_confidence
5766,21018175,Al Kabeer Breaded Chicken Burgers 840 Gm,Al Kabeer,Chicken Burger-Frozen,Breaded,Frozen Burger,840 gm,1,CKBBADPR,AK PRO Breaded Chicken Burger Bag 840 g. x 8,840 gm x 8,BURGERS,100.0,91.14,86.58,exact,29.82,1,auto_high_confidence
5839,21178137,Al Kabeer Breaded Chicken Burgers 400 gm,Al Kabeer,Chicken Burger-Frozen,Breaded,Frozen Burger,400 gm,1,CKBBS,8 BREADED CHICKEN BURGER HOT & SPICY,400 gm x 12 Pkts,BURGERS,100.0,91.14,86.58,exact,17.97,1,auto_high_confidence
5851,21183728,ALKABEER CHICKEN/BEEF KIBBEH 400GR,Al Kabeer,Beef Kibbeh-Frozen,No Variant,Frozen Kofta / Kibbeh & Meat Balls,400 gm,1,CBK,BEEF KIBBEH 400,400 Gms x 12 Pkts,KOFTA-KIBBEH-FELAFEL,92.08,70.0,85.5,exact,21.26,1,auto_high_confidence
5852,21183728,ALKABEER CHICKEN/BEEF KIBBEH 400GR,Al Kabeer,Chicken Kibbeh-Frozen,No Variant,Frozen Kofta / Kibbeh & Meat Balls,400 gm,1,CBK,BEEF KIBBEH 400,400 Gms x 12 Pkts,KOFTA-KIBBEH-FELAFEL,92.08,70.0,85.5,exact,21.26,1,auto_high_confidence
5904,21200307,Al Kabeer Breaded Chicken Burgers 400 Gm ,Al Kabeer,Chicken Burger-Frozen,Breaded,Frozen Burger,400 gm,1,CKBBS,8 BREADED CHICKEN BURGER HOT & SPICY,400 gm x 12 Pkts,BURGERS,100.0,91.14,86.58,exact,17.97,1,auto_high_confidence
5974,21238290,Al Kabeer Beef Cocktail Sausages 400Gm,Al Kabeer,Sausages-Frozen,No Variant, Frozen Franks & Hotdogs,400 gm,1,CFBJ,JUMBO HOTDOGS,400 Gms x 20 Pkts,SAUSAGES,89.27,61.97,85.5,exact,29.37,1,auto_high_confidence
6037,21376667,Al Kabeer Zing Chicken Strips 320 Gm,Al Kabeer,Chicken Strips-Frozen,Spicy,Zing,320 gm,1,CKZS,ZING CHICKEN STRIPS,320 Gms x 20 Pkts,STRIPS,89.58,79.37,76.61,exact,22.92,1,auto_high_confidence
6046,21378323,Al Kabeer Beef Cocktail Sausages 400 gm,Al Kabeer,Sausages-Frozen,No Variant, Frozen Franks & Hotdogs,400 gm,1,CFBJ,JUMBO HOTDOGS,400 Gms x 20 Pkts,SAUSAGES,89.27,61.97,85.5,exact,29.37,1,auto_high_confidence
6191,21552940,AL KABEER  Zing Chicken Strips Spicy 320 gm,Al Kabeer,Chicken Strips-Frozen,Spicy,Zing,320 gm,1,CKZS,ZING CHICKEN STRIPS,320 Gms x 20 Pkts,STRIPS,88.79,79.37,75.4,exact,22.13,1,auto_high_confidence
6299,21569056,Al Kabeer Beef Cocktail Sausages 400gm,Al Kabeer,Sausages-Frozen,No Variant, Frozen Franks & Hotdogs,400 gm,1,CFBJ,JUMBO HOTDOGS,400 Gms x 20 Pkts,SAUSAGES,89.27,61.97,85.5,exact,29.37,1,auto_high_confidence
6474,21749415,Al Kabeer Beef Cocktail Sausages 400Gm,Al Kabeer,Sausages-Frozen,No Variant, Frozen Franks & Hotdogs,400 gm,1,CFBJ,JUMBO HOTDOGS,400 Gms x 20 Pkts,SAUSAGES,89.27,61.97,85.5,exact,29.37,1,auto_high_confidence
6590,21894664,Al Kabeer- Chicken Burger 400gm,Al Kabeer,Chicken Burger-Frozen,Breaded,Frozen Burger,400 gm,1,CKBBS,8 BREADED CHICKEN BURGER HOT & SPICY,400 gm x 12 Pkts,BURGERS,94.09,84.85,80.61,exact,9.24,1,auto_high_confidence
6614,21903278,Al Kabeer Zng Chckn Fillts 465Gm,Al Kabeer,Chicken Fillets-Frozen,No Variant,Zing,465 gm,1,CKZF,ZING CHICKEN FILLETS 465,465 Gms x 12 Pkts,FILLETS,88.38,78.95,75.0,exact,32.55,1,auto_high_confidence
6619,21903287,Al Kabeer Beef Cocktail Sausages 400Gm,Al Kabeer,Beef Franks-Frozen,No Variant, Frozen Franks & Hotdogs,400 gm,1,CFBJ,JUMBO HOTDOGS,400 Gms x 20 Pkts,SAUSAGES,89.27,61.97,85.5,exact,29.37,1,auto_high_confidence
6785,22077544,Al Kabeer Zing Chicken Strips 320 Gm,Al Kabeer,Chicken Strips-Frozen,Spicy,Zing,320 gm,1,CKZS,ZING CHICKEN STRIPS,320 Gms x 20 Pkts,STRIPS,89.58,79.37,76.61,exact,22.92,1,auto_high_confidence
6810,22189944,AL KABEER ZING CHICKEN FILLETS SPICY 465G,Al Kabeer,Chicken Fillets-Frozen,Spicy,Zing,465 gm,1,CKZF,ZING CHICKEN FILLETS 465,465 Gms x 12 Pkts,FILLETS,89.4,80.0,76.0,exact,15.8,1,auto_high_confidence
6873,22211355,Al Kabeer Breaded Chicken Burgers 400G,Al Kabeer,Chicken Burger-Frozen,Breaded,Frozen Burger,400 gm,1,CKBBS,8 BREADED CHICKEN BURGER HOT & SPICY,400 gm x 12 Pkts,BURGERS,100.0,91.14,86.58,exact,17.97,1,auto_high_confidence
6876,22211617,Al Kabeer Breaded Fish Fillets ,Al Kabeer,Breaded Fish Fillet,No Variant,Breaded Seafood,1 kg,1,CFBFA,BREADED FISH FILLET BULK,1 Kgs x 5 Pkts,FILLETS,97.05,87.91,83.52,exact,10.45,1,auto_high_confidence
6887,22213077,Al Kabeer Chicken & Cheese Sticks 1Kg,Al Kabeer,Chicken Cheese Stick-Frozen,No Variant,Frozen Barbeque Products,1 kg,1,CCKSB,CHICKEN STICKS BULK,1 Kgs x 5 Pkts,STICKS & FINGERS,91.97,69.7,85.5,exact,9.23,1,auto_high_confidence
6930,22217129,Al Kabeer Chicken Kibbeh 400Gm,Al Kabeer,Chicken Kibbeh-Frozen,No Variant,Frozen Kofta / Kibbeh & Meat Balls,400 gm,1,CBK,BEEF KIBBEH 400,400 Gms x 12 Pkts,KOFTA-KIBBEH-FELAFEL,89.68,63.16,85.5,exact,20.69,1,auto_high_confidence
6989,22386474,Al Kabeer Zing Chicken Fillets 465g,Al Kabeer,Chicken Fillets-Frozen,Spicy,Zing,465 gm,1,CKZF,ZING CHICKEN FILLETS 465,465 Gms x 12 Pkts,FILLETS,89.59,80.0,76.29,exact,22.76,1,auto_high_confidence
7124,22551101,ALKABEER ZING CHICKEN FILLETS 465GR,Al Kabeer,Chicken Fillets-Frozen,Spicy,Zing,465 gm,1,CKZF,ZING CHICKEN FILLETS 465,465 Gms x 12 Pkts,FILLETS,88.91,76.47,77.14,exact,28.75,1,auto_high_confidence
7143,22566509,Al Kabeer 8 Chicken/Beef Seekh Kebabs 320gm,Al Kabeer,Seekh Kabab-Frozen,No Variant,Frozen Kabab ,320 gm,1,CKBS,8 BEEF SEEKH KEBAB,320 Gms x 24 Pkts,KEBAB,88.24,59.05,85.5,exact,34.73,1,auto_high_confidence
7366,22849571,Al Kabeer Chicken and Cheese Sticks 1 kg,Al Kabeer,Chicken Cheese Stick-Frozen,No Variant,Frozen Barbeque Products,1 kg,1,CCKSB,CHICKEN STICKS BULK,1 Kgs x 5 Pkts,STICKS & FINGERS,91.97,69.7,85.5,exact,9.23,1,auto_high_confidence
7427,22894750,Al Kabeer Lamb / Chicken Kibbeh (400g),Al Kabeer,Lamb Kibbeh-Frozen,No Variant,Frozen Kofta / Kibbeh & Meat Balls,400 gm,1,CBK,BEEF KIBBEH 400,400 Gms x 12 Pkts,KOFTA-KIBBEH-FELAFEL,89.3,62.07,85.5,exact,19.26,1,auto_high_confidence
7428,22894750,Al Kabeer Lamb / Chicken Kibbeh (400g),Al Kabeer,Chicken Kibbeh-Frozen,No Variant,Frozen Kofta / Kibbeh & Meat Balls,400 gm,1,CBK,BEEF KIBBEH 400,400 Gms x 12 Pkts,KOFTA-KIBBEH-FELAFEL,89.3,62.07,85.5,exact,19.26,1,auto_high_confidence
7447,22903763,Al Kabeer Breaded Chicken Burgers 400G,Al Kabeer,Chicken Burger-Frozen,Breaded,Frozen Burger,400 gm,1,CKBBS,8 BREADED CHICKEN BURGER HOT & SPICY,400 gm x 12 Pkts,BURGERS,100.0,91.14,86.58,exact,17.97,1,auto_high_confidence
7492,22923352,AL KABEER CHICKEN KIBBEH 400GM,Al Kabeer,Chicken Kibbeh-Frozen,No Variant,Frozen Kofta / Kibbeh & Meat Balls,400 gm,1,CBK,BEEF KIBBEH 400,400 Gms x 12 Pkts,KOFTA-KIBBEH-FELAFEL,89.68,63.16,85.5,exact,20.69,1,auto_high_confidence
7635,23163824,Al Kabeer Kiri Cheese Samosas 12 pcs 240 gm,Al Kabeer,Samosa-Frozen,Other-Veg,"Frozen Pizzas, Wraps, Sandwiches",240 gm,1,CCSAK,12 CHEESE SAMOSAS,240 Gms x 20 Pkts,SAMOSA,94.75,77.65,85.5,exact,33.18,1,auto_high_confidence
7640,23164226,Al Kabeer Kiri Cheese Samosas 12 pcs 240 gm,Al Kabeer,Samosa-Frozen,Other-Veg,"Frozen Pizzas, Wraps, Sandwiches",240 gm,1,CCSAK,12 CHEESE SAMOSAS,240 Gms x 20 Pkts,SAMOSA,94.75,77.65,85.5,exact,33.18,1,auto_high_confidence
7857,23453840,Al kabeer Zing Chicken Strips 320g,Al Kabeer,Chicken Strips-Frozen,Spicy,Zing,320 gm,1,CKZS,ZING CHICKEN STRIPS,320 Gms x 20 Pkts,STRIPS,89.58,79.37,76.61,exact,22.92,1,auto_high_confidence
7861,23460107,Al Kabeer Breaded Chicken Burgers 400G,Al Kabeer,Chicken Burger-Frozen,Breaded,Frozen Burger,400 gm,1,CKBBS,8 BREADED CHICKEN BURGER HOT & SPICY,400 gm x 12 Pkts,BURGERS,100.0,91.14,86.58,exact,17.97,1,auto_high_confidence
7960,23609188,Al Kabeer Zing Chicken Nuggets Spicy 270 gm,Al Kabeer,Chicken Nuggets-Frozen,Spicy,Zing,270 gm,1,CKZN,ZING CHICKEN NUGGETS REGULAR,270 Gms x 20 Pkts,NUGGETS,89.4,80.0,76.0,exact,22.57,1,auto_high_confidence
7961,23609190,Al Kabeer Zing Chicken Strips 320 gm,Al Kabeer,Chicken Strips-Frozen,Spicy,Zing,320 gm,1,CKZS,ZING CHICKEN STRIPS,320 Gms x 20 Pkts,STRIPS,89.58,79.37,76.61,exact,22.92,1,auto_high_confidence
8000,23632567,Alkabeer Breaded Chicken Burger/Spicy 400 gm,Al Kabeer,Chicken Burger-Frozen,Breaded,Frozen Burger,400 gm,1,CKBBS,8 BREADED CHICKEN BURGER HOT & SPICY,400 gm x 12 Pkts,BURGERS,99.72,90.67,86.13,exact,18.92,1,auto_high_confidence
8011,23638121,Al Kabeer Chicken Kibbeh 400Gm,Al Kabeer,Chicken Kibbeh-Frozen,No Variant,Frozen Kofta / Kibbeh & Meat Balls,400 gm,1,CBK,BEEF KIBBEH 400,400 Gms x 12 Pkts,KOFTA-KIBBEH-FELAFEL,89.68,63.16,85.5,exact,20.69,1,auto_high_confidence
8110,23811994,Alkabeer Breaded Chicken Burger/Spicy 400 gm,Al Kabeer,Chicken Burger-Frozen,Breaded,Frozen Burger,400 gm,1,CKBBS,8 BREADED CHICKEN BURGER HOT & SPICY,400 gm x 12 Pkts,BURGERS,99.72,90.67,86.13,exact,18.92,1,auto_high_confidence
8115,23817068,Al Kabeer Chicken Kibbeh 400Gm,Al Kabeer,Chicken Kibbeh-Frozen,No Variant,Frozen Kofta / Kibbeh & Meat Balls,400 gm,1,CBK,BEEF KIBBEH 400,400 Gms x 12 Pkts,KOFTA-KIBBEH-FELAFEL,89.68,63.16,85.5,exact,20.69,1,auto_high_confidence
8138,23868357,Alkabeer Kebbah Chicken 400gm,Al Kabeer,Chicken Kibbeh-Frozen,No Variant,Frozen Kofta / Kibbeh & Meat Balls,400 gm,1,CBK,BEEF KIBBEH 400,400 Gms x 12 Pkts,KOFTA-KIBBEH-FELAFEL,89.04,61.33,85.5,exact,20.24,1,auto_high_confidence
8261,23999966,Alkabeer Breaded Chicken Burger/Spicy 400 gm,Al Kabeer,Chicken Burger-Frozen,Breaded,Frozen Burger,400 gm,1,CKBBS,8 BREADED CHICKEN BURGER HOT & SPICY,400 gm x 12 Pkts,BURGERS,99.72,90.67,86.13,exact,18.92,1,auto_high_confidence
8290,24068555,Al Kabeer Chicken Seekh Kebabs 8 pcs 320 gm,Al Kabeer,Seekh Kabab-Frozen,No Variant,Frozen Kabab ,320 gm,1,CKBS,8 BEEF SEEKH KEBAB,320 Gms x 24 Pkts,KEBAB,88.58,60.0,85.5,exact,35.22,1,auto_high_confidence
8330,24141904,ALKABEER CHICKEN BURGER BREADED REGULAR / HOT & SPICY 400 GM,Al Kabeer,Chicken Burger-Frozen,Breaded,Frozen Burger,400 gm,1,CKBBS,8 BREADED CHICKEN BURGER HOT & SPICY,400 gm x 12 Pkts,BURGERS,100.0,93.46,88.79,exact,10.63,1,auto_high_confidence
8363,24150316,Al Kabeer Breaded Chicken Burger/Spicy 400 gm,Al Kabeer,Chicken Burger-Frozen,Breaded,Frozen Burger,400 gm,1,CKBBS,8 BREADED CHICKEN BURGER HOT & SPICY,400 gm x 12 Pkts,BURGERS,99.72,90.67,86.13,exact,18.92,1,auto_high_confidence
8392,24152023,Al Kabeer Breaded Chicken Burgers 400 G,Al Kabeer,Chicken Burger-Frozen,Breaded,Frozen Burger,400 gm,1,CKBBS,8 BREADED CHICKEN BURGER HOT & SPICY,400 gm x 12 Pkts,BURGERS,100.0,91.14,86.58,exact,17.97,1,auto_high_confidence
8425,24294085,Al Kabeer Zing Chicken Strips 320 gm,Al Kabeer,Chicken Strips-Frozen,Spicy,Zing,320 gm,1,CKZS,ZING CHICKEN STRIPS,320 Gms x 20 Pkts,STRIPS,89.58,79.37,76.61,exact,22.92,1,auto_high_confidence
8434,24295367,"Al Kabeer ZING CHICKEN NUGGETS SPICY, 270 gm",Al Kabeer,Chicken Nuggets-Frozen,Spicy,Zing,270 gm,1,CKZN,ZING CHICKEN NUGGETS REGULAR,270 Gms x 20 Pkts,NUGGETS,89.4,80.0,76.0,exact,22.57,1,auto_high_confidence
8489,24310976,Alkabeer Breaded Chicken Burger/Spicy 400 gm,Al Kabeer,Chicken Burger-Frozen,Breaded,Frozen Burger,400 gm,1,CKBBS,8 BREADED CHICKEN BURGER HOT & SPICY,400 gm x 12 Pkts,BURGERS,99.72,90.67,86.13,exact,18.92,1,auto_high_confidence
8508,24336600,Al Kabeer Zing Chicken Fillets 465 gm,Al Kabeer,Chicken Fillets-Frozen,Spicy,Zing,465 gm,1,CKZF,ZING CHICKEN FILLETS 465,465 Gms x 12 Pkts,FILLETS,89.59,80.0,76.29,exact,22.76,1,auto_high_confidence
8543,24470809,ALKABEER ZING CHICKEN STRIPS 320 gm,Al Kabeer,Chicken Strips-Frozen,Spicy,Zing,320 gm,1,CKZS,ZING CHICKEN STRIPS,320 Gms x 20 Pkts,STRIPS,89.58,79.37,76.61,exact,22.92,1,auto_high_confidence
8551,24471888,Al Kabeer Chicken/Beef Kibbeh 400 gm,Al Kabeer,Chicken Kibbeh-Frozen,No Variant,Frozen Kofta / Kibbeh & Meat Balls,400 gm,1,CBK,BEEF KIBBEH 400,400 Gms x 12 Pkts,KOFTA-KIBBEH-FELAFEL,92.08,70.0,85.5,exact,20.88,1,auto_high_confidence
8552,24471888,Al Kabeer Chicken/Beef Kibbeh 400 gm,Al Kabeer,Beef Kibbeh-Frozen,No Variant,Frozen Kofta / Kibbeh & Meat Balls,400 gm,1,CBK,BEEF KIBBEH 400,400 Gms x 12 Pkts,KOFTA-KIBBEH-FELAFEL,92.08,70.0,85.5,exact,20.88,1,auto_high_confidence
8591,24488473,Alkabeer Breaded Chicken Burger/Spicy 400 gm,Al Kabeer,Chicken Burger-Frozen,Breaded,Frozen Burger,400 gm,1,CKBBS,8 BREADED CHICKEN BURGER HOT & SPICY,400 gm x 12 Pkts,BURGERS,99.72,90.67,86.13,exact,18.92,1,auto_high_confidence
8641,24623880,Al Kabeer Breaded Chicken Burgers 400 gm,Al Kabeer,Chicken Burger-Frozen,Breaded,Frozen Burger,400 gm,1,CKBBS,8 BREADED CHICKEN BURGER HOT & SPICY,400 gm x 12 Pkts,BURGERS,100.0,91.14,86.58,exact,17.97,1,auto_high_confidence
8673,24645568,Al Kabeer Zing Chicken Fillets 465 gm,Al Kabeer,Chicken Fillets-Frozen,Spicy,Zing,465 gm,1,CKZF,ZING CHICKEN FILLETS 465,465 Gms x 12 Pkts,FILLETS,89.59,80.0,76.29,exact,22.76,1,auto_high_confidence
8685,24655983,Al Kabeer CHICKEN & CHEESE STICKS 1 kg,Al Kabeer,Chicken Cheese Stick-Frozen,No Variant,Frozen Barbeque Products,1 kg,1,CCKSB,CHICKEN STICKS BULK,1 Kgs x 5 Pkts,STICKS & FINGERS,91.97,69.7,85.5,exact,9.23,1,auto_high_confidence
8732,24673428,Al Kabeer Zing Chicken Strips 320 gm,Al Kabeer,Chicken Strips-Frozen,Spicy,Zing,320 gm,1,CKZS,ZING CHICKEN STRIPS,320 Gms x 20 Pkts,STRIPS,89.58,79.37,76.61,exact,22.92,1,auto_high_confidence
8739,24674225,Alkabeer Breaded Chicken Burger/Spicy 400 gm,Al Kabeer,Chicken Burger-Frozen,Breaded,Frozen Burger,400 gm,1,CKBBS,8 BREADED CHICKEN BURGER HOT & SPICY,400 gm x 12 Pkts,BURGERS,99.72,90.67,86.13,exact,18.92,1,auto_high_confidence
8759,24687461,Al Kabeer Zing Chicken Strips 320 gm,Al Kabeer,Chicken Strips-Frozen,Spicy,Zing,320 gm,1,CKZS,ZING CHICKEN STRIPS,320 Gms x 20 Pkts,STRIPS,89.58,79.37,76.61,exact,22.92,1,auto_high_confidence
8812,24842210,"Al Kabeer ZING CHICKEN NUGGETS SPICY, 270 gm",Al Kabeer,Chicken Nuggets-Frozen,Spicy,Zing,270 gm,1,CKZN,ZING CHICKEN NUGGETS REGULAR,270 Gms x 20 Pkts,NUGGETS,89.4,80.0,76.0,exact,22.57,1,auto_high_confidence
8900,24892693,Al Kabeer Seekh Kebabs Chicken/Beef 320 gm,Al Kabeer,Seekh Kabab-Frozen,No Variant,Frozen Kabab ,320 gm,1,CKBS,8 BEEF SEEKH KEBAB,320 Gms x 24 Pkts,KEBAB,88.58,60.0,85.5,exact,34.53,1,auto_high_confidence
8927,24993056,Al Kabeer Breaded Chicken Burgers 400 gm,Al Kabeer,Chicken Burger-Frozen,Breaded,Frozen Burger,400 gm,1,CKBBS,8 BREADED CHICKEN BURGER HOT & SPICY,400 gm x 12 Pkts,BURGERS,100.0,91.14,86.58,exact,17.97,1,auto_high_confidence
8988,25026881,Al Kabeer Cheese / Mutton Samosas 12’s / Cheese Spring Rolls 8’s (240 gm),Al Kabeer,Samosa-Frozen,Mutton,"Frozen Pizzas, Wraps, Sandwiches",240 gm,1,CCSAK,12 CHEESE SAMOSAS,240 Gms x 20 Pkts,SAMOSA,93.18,73.17,85.5,exact,16.64,1,auto_high_confidence
9008,25030243,Alkabeer Breaded Chicken Burger/Spicy 400 gm,Al Kabeer,Chicken Burger-Frozen,Breaded,Frozen Burger,400 gm,1,CKBBS,8 BREADED CHICKEN BURGER HOT & SPICY,400 gm x 12 Pkts,BURGERS,99.72,90.67,86.13,exact,18.92,1,auto_high_confidence
9037,25040361,Al Kabeer Breaded Chicken Burgers 400 gm,Al Kabeer,Chicken Burger-Frozen,Breaded,Frozen Burger,400 gm,1,CKBBS,8 BREADED CHICKEN BURGER HOT & SPICY,400 gm x 12 Pkts,BURGERS,100.0,91.14,86.58,exact,17.97,1,auto_high_confidence
9072,25149967,Al Kabeer Kiri Cheese Samosas 12 pcs 240 gm,Al Kabeer,Samosa-Frozen,No Variant,"Frozen Pizzas, Wraps, Sandwiches",240 gm,1,CCSAK,12 CHEESE SAMOSAS,240 Gms x 20 Pkts,SAMOSA,94.75,77.65,85.5,exact,24.36,1,auto_high_confidence
9195,25244822,Al Kabeer-Breaded Chicken Burgers 840 gm,Al Kabeer,Chicken Burger-Frozen,Breaded,Frozen Burger,840 gm,1,CKBBADPR,AK PRO Breaded Chicken Burger Bag 840 g. x 8,840 gm x 8,BURGERS,100.0,91.14,86.58,exact,29.82,1,auto_high_confidence
9196,25245107,Al Kabeer Breaded Chicken Burgers 840 gm,Al Kabeer,Chicken Burger-Frozen,Breaded,Frozen Burger,840 gm,1,CKBBADPR,AK PRO Breaded Chicken Burger Bag 840 g. x 8,840 gm x 8,BURGERS,100.0,91.14,86.58,exact,29.82,1,auto_high_confidence
9344,25480297,"Al Kabeer CHICKEN OR BEEF KIBBEH, 400 gm",Al Kabeer,Beef Kibbeh-Frozen,No Variant,Frozen Kofta / Kibbeh & Meat Balls,400 gm,1,CBK,BEEF KIBBEH 400,400 Gms x 12 Pkts,KOFTA-KIBBEH-FELAFEL,92.08,70.0,85.5,exact,20.69,1,auto_high_confidence
9408,25492475,Al Kabeer Chicken/Beef Kibbeh 400 gm,Al Kabeer,Beef Kibbeh-Frozen,No Variant,Frozen Kofta / Kibbeh & Meat Balls,400 gm,1,CBK,BEEF KIBBEH 400,400 Gms x 12 Pkts,KOFTA-KIBBEH-FELAFEL,92.08,70.0,85.5,exact,20.88,1,auto_high_confidence
9409,25492475,Al Kabeer Chicken/Beef Kibbeh 400 gm,Al Kabeer,Chicken Kibbeh-Frozen,No Variant,Frozen Kofta / Kibbeh & Meat Balls,400 gm,1,CBK,BEEF KIBBEH 400,400 Gms x 12 Pkts,KOFTA-KIBBEH-FELAFEL,92.08,70.0,85.5,exact,20.88,1,auto_high_confidence
9413,25492479,Al Kabeer Chicken / Beef Seekh Kebab 320 gm,Al Kabeer,Seekh Kabab-Frozen,No Variant,Frozen Kabab ,320 gm,1,CKBS,8 BEEF SEEKH KEBAB,320 Gms x 24 Pkts,KEBAB,90.56,65.67,85.5,exact,27.41,1,auto_high_confidence
9435,25496987,Al Kabeer-Breaded Chicken Burgers 840 gm,Al Kabeer,Chicken Burger-Frozen,Breaded,Frozen Burger,840 gm,1,CKBBADPR,AK PRO Breaded Chicken Burger Bag 840 g. x 8,840 gm x 8,BURGERS,100.0,91.14,86.58,exact,29.82,1,auto_high_confidence
9445,25501579,Al Kabeer Chicken / Beef Kibbeh 400 gm,Al Kabeer,Beef Kibbeh-Frozen,No Variant,Frozen Kofta / Kibbeh & Meat Balls,400 gm,1,CBK,BEEF KIBBEH 400,400 Gms x 12 Pkts,KOFTA-KIBBEH-FELAFEL,92.08,70.0,85.5,exact,20.88,1,auto_high_confidence
9446,25501579,Al Kabeer Chicken / Beef Kibbeh 400 gm,Al Kabeer,Chicken Kibbeh-Frozen,No Variant,Frozen Kofta / Kibbeh & Meat Balls,400 gm,1,CBK,BEEF KIBBEH 400,400 Gms x 12 Pkts,KOFTA-KIBBEH-FELAFEL,92.08,70.0,85.5,exact,20.88,1,auto_high_confidence
9560,25690272,"AL KABEER CHICKEN OR BEEF KIBBEH, 400 gm",Al Kabeer,Beef Kibbeh-Frozen,No Variant,Frozen Kofta / Kibbeh & Meat Balls,400 gm,1,CBK,BEEF KIBBEH 400,400 Gms x 12 Pkts,KOFTA-KIBBEH-FELAFEL,92.08,70.0,85.5,exact,20.69,1,auto_high_confidence
9618,25702102,Al Kabeer Chicken/Beef Kibbeh 400 gm,Al Kabeer,Chicken Kibbeh-Frozen,No Variant,Frozen Kofta / Kibbeh & Meat Balls,400 gm,1,CBK,BEEF KIBBEH 400,400 Gms x 12 Pkts,KOFTA-KIBBEH-FELAFEL,92.08,70.0,85.5,exact,20.88,1,auto_high_confidence
9619,25702102,Al Kabeer Chicken/Beef Kibbeh 400 gm,Al Kabeer,Beef Kibbeh-Frozen,No Variant,Frozen Kofta / Kibbeh & Meat Balls,400 gm,1,CBK,BEEF KIBBEH 400,400 Gms x 12 Pkts,KOFTA-KIBBEH-FELAFEL,92.08,70.0,85.5,exact,20.88,1,auto_high_confidence
9626,25702108,Al Kabeer Zing Chicken Fillets 465 gm,Al Kabeer,Chicken Fillets-Frozen,Spicy,Zing,465 gm,1,CKZF,ZING CHICKEN FILLETS 465,465 Gms x 12 Pkts,FILLETS,89.59,80.0,76.29,exact,22.76,1,auto_high_confidence
9690,25845041,Al Kabeer Breaded Chicken Burgers 400 gm,Al Kabeer,Chicken Burger-Frozen,Breaded,Frozen Burger,400 gm,1,CKBBS,8 BREADED CHICKEN BURGER HOT & SPICY,400 gm x 12 Pkts,BURGERS,100.0,91.14,86.58,exact,17.97,1,auto_high_confidence
9710,25855118,ALKABEER CHICKEN BURGER 400 gm,Al Kabeer,Chicken Burger-Frozen,Breaded,Frozen Burger,400 gm,1,CKBBS,8 BREADED CHICKEN BURGER HOT & SPICY,400 gm x 12 Pkts,BURGERS,98.0,88.89,84.44,exact,12.85,1,auto_high_confidence
9711,25855233,ALKABEER ZING CHICKEN FILLETS 465 gm,Al Kabeer,Chicken Fillets-Frozen,Spicy,Zing,465 gm,1,CKZF,ZING CHICKEN FILLETS 465,465 Gms x 12 Pkts,FILLETS,89.59,80.0,76.29,exact,22.76,1,auto_high_confidence
9724,25870068,"Al Kabeer BUTTER CHICKEN FILLET, 700 gm",Al Kabeer,Chicken Fillets-Frozen,No Variant,Zing,700 gm,1,CKZFBC,Butter Chicken Zing Fillets 700 g. x 8,700 g. x 8,FILLETS,90.83,81.48,77.41,exact,12.76,1,auto_high_confidence
9728,25870212,"Al Kabeer BEEF OR CHICKEN KIBBEH, 400 gm",Al Kabeer,Beef Kibbeh-Frozen,No Variant,Frozen Kofta / Kibbeh & Meat Balls,400 gm,1,CBK,BEEF KIBBEH 400,400 Gms x 12 Pkts,KOFTA-KIBBEH-FELAFEL,92.08,70.0,85.5,exact,20.69,1,auto_high_confidence
9790,25884945,Al Kabeer Chicken/Beef Kibbeh 400 gm,Al Kabeer,Beef Kibbeh-Frozen,No Variant,Frozen Kofta / Kibbeh & Meat Balls,400 gm,1,CBK,BEEF KIBBEH 400,400 Gms x 12 Pkts,KOFTA-KIBBEH-FELAFEL,92.08,70.0,85.5,exact,20.88,1,auto_high_confidence
9791,25884945,Al Kabeer Chicken/Beef Kibbeh 400 gm,Al Kabeer,Chicken Kibbeh-Frozen,No Variant,Frozen Kofta / Kibbeh & Meat Balls,400 gm,1,CBK,BEEF KIBBEH 400,400 Gms x 12 Pkts,KOFTA-KIBBEH-FELAFEL,92.08,70.0,85.5,exact,20.88,1,auto_high_confidence
9812,25889612,Al Kabeer- Chicken Burger 400 gm,Al Kabeer,Chicken Burger-Frozen,Breaded,Frozen Burger,400 gm,1,CKBBS,8 BREADED CHICKEN BURGER HOT & SPICY,400 gm x 12 Pkts,BURGERS,98.0,88.89,84.44,exact,12.85,1,auto_high_confidence
9815,25889615,Al Kabeer Chicken/Mutton Samosas Cheese Spring Roll 240 gm,Al Kabeer,Samosa-Frozen,Mutton,"Frozen Pizzas, Wraps, Sandwiches",240 gm,1,CCSAK,12 CHEESE SAMOSAS,240 Gms x 20 Pkts,SAMOSA,91.5,68.35,85.5,exact,38.58,1,auto_high_confidence
9816,25889615,Al Kabeer Chicken/Mutton Samosas Cheese Spring Roll 240 gm,Al Kabeer,Samosa-Frozen,Chicken,"Frozen Pizzas, Wraps, Sandwiches",240 gm,1,CCSAK,12 CHEESE SAMOSAS,240 Gms x 20 Pkts,SAMOSA,91.5,68.35,85.5,exact,38.58,1,auto_high_confidence
9849,25987545,Al Kabeer Chicken Burgers 840 gm,Al Kabeer,Chicken Burger-Frozen,Breaded,Frozen Burger,840 gm,1,CKBBADPR,AK PRO Breaded Chicken Burger Bag 840 g. x 8,840 gm x 8,BURGERS,100.0,91.14,86.58,exact,10.06,1,auto_high_confidence
9870,26034803,Al Kabeer Zing Chicken Nuggets Spicy 270 gm,Al Kabeer,Chicken Nuggets-Frozen,Spicy,Zing,270 gm,1,CKZN,ZING CHICKEN NUGGETS REGULAR,270 Gms x 20 Pkts,NUGGETS,89.4,80.0,76.0,exact,22.57,1,auto_high_confidence
9872,26034815,Al Kabeer Zing Chicken Fillets 465 gm,Al Kabeer,Chicken Fillets-Frozen,Spicy,Zing,465 gm,1,CKZF,ZING CHICKEN FILLETS 465,465 Gms x 12 Pkts,FILLETS,89.59,80.0,76.29,exact,22.76,1,auto_high_confidence
9877,26035117,Al Kabeer Zing Chicken Nuggets Spicy 270 gm,Al Kabeer,Chicken Nuggets-Frozen,Spicy,Zing,270 gm,1,CKZN,ZING CHICKEN NUGGETS REGULAR,270 Gms x 20 Pkts,NUGGETS,89.4,80.0,76.0,exact,22.57,1,auto_high_confidence
9909,26054303,"AL KABEER BEEF OR CHICKEN KIBBEH, 400 gm",Al Kabeer,Beef Kibbeh-Frozen,No Variant,Frozen Kofta / Kibbeh & Meat Balls,400 gm,1,CBK,BEEF KIBBEH 400,400 Gms x 12 Pkts,KOFTA-KIBBEH-FELAFEL,92.08,70.0,85.5,exact,20.69,1,auto_high_confidence
9948,26062641,Al Kabeer Chicken Kibbeh (400gm),Al Kabeer,Chicken Kibbeh-Frozen,No Variant,Frozen Kofta / Kibbeh & Meat Balls,400 gm,1,CBK,BEEF KIBBEH 400,400 Gms x 12 Pkts,KOFTA-KIBBEH-FELAFEL,89.68,63.16,85.5,exact,20.69,1,auto_high_confidence
9990,26203945,Al Kabeer chicken burger breaded Regular/Spicy 400 gm,Al Kabeer,Chicken Burger-Frozen,Breaded,Frozen Burger,400 gm,1,CKBBS,8 BREADED CHICKEN BURGER HOT & SPICY,400 gm x 12 Pkts,BURGERS,100.0,92.31,87.69,exact,10.28,1,auto_high_confidence
10218,26619401,Al Kabeer Zing Chicken Fillets 465 gm,Al Kabeer,Chicken Fillets-Frozen,Spicy,Zing,465 gm,1,CKZF,ZING CHICKEN FILLETS 465,465 Gms x 12 Pkts,FILLETS,89.59,80.0,76.29,exact,22.76,1,auto_high_confidence
10265,26644604,Al Kabeer Chicken / Beef Kibbeh 400 gm,Al Kabeer,Beef Kibbeh-Frozen,No Variant,Frozen Kofta / Kibbeh & Meat Balls,400 gm,1,CBK,BEEF KIBBEH 400,400 Gms x 12 Pkts,KOFTA-KIBBEH-FELAFEL,92.08,70.0,85.5,exact,20.88,1,auto_high_confidence
10266,26644604,Al Kabeer Chicken / Beef Kibbeh 400 gm,Al Kabeer,Chicken Kibbeh-Frozen,No Variant,Frozen Kofta / Kibbeh & Meat Balls,400 gm,1,CBK,BEEF KIBBEH 400,400 Gms x 12 Pkts,KOFTA-KIBBEH-FELAFEL,92.08,70.0,85.5,exact,20.88,1,auto_high_confidence
10296,26667300,Al Kabeer Breaded Chicken Burgers 400 gm,Al Kabeer,Chicken Burger-Frozen,Breaded,Frozen Burger,400 gm,1,CKBBS,8 BREADED CHICKEN BURGER HOT & SPICY,400 gm x 12 Pkts,BURGERS,100.0,91.14,86.58,exact,17.97,1,auto_high_confidence
10322,26708990,Al Kabeer Breaded Chicken Burgers 400 Gm,Al Kabeer,Chicken Burger-Frozen,Breaded,Frozen Burger,400 gm,1,CKBBS,8 BREADED CHICKEN BURGER HOT & SPICY,400 gm x 12 Pkts,BURGERS,100.0,91.14,86.58,exact,17.97,1,auto_high_confidence
10347,26809084,ALKABEER CHICKEN BURGER 400 gm,Al Kabeer,Chicken Burger-Frozen,Breaded,Frozen Burger,400 gm,1,CKBBS,8 BREADED CHICKEN BURGER HOT & SPICY,400 gm x 12 Pkts,BURGERS,98.0,88.89,84.44,exact,12.85,1,auto_high_confidence
10411,26965115,Al Kabeer Zing Chicken Fillets 465 gm,Al Kabeer,Chicken Fillets-Frozen,Spicy,Zing,465 gm,1,CKZF,ZING CHICKEN FILLETS 465,465 Gms x 12 Pkts,FILLETS,89.59,80.0,76.29,exact,22.76,1,auto_high_confidence
10592,27217926,Al Kabeer Chicken / Beef Kibbeh (400 gm),Al Kabeer,Chicken Kibbeh-Frozen,No Variant,Frozen Kofta / Kibbeh & Meat Balls,400 gm,1,CBK,BEEF KIBBEH 400,400 Gms x 12 Pkts,KOFTA-KIBBEH-FELAFEL,92.08,70.0,85.5,exact,20.88,1,auto_high_confidence
10593,27217926,Al Kabeer Chicken / Beef Kibbeh (400 gm),Al Kabeer,Beef Kibbeh-Frozen,No Variant,Frozen Kofta / Kibbeh & Meat Balls,400 gm,1,CBK,BEEF KIBBEH 400,400 Gms x 12 Pkts,KOFTA-KIBBEH-FELAFEL,92.08,70.0,85.5,exact,20.88,1,auto_high_confidence
10643,27319168,Al Kabeer Zing Chicken Fillets 465 gm,Al Kabeer,Chicken Fillets-Frozen,Spicy,Zing,465 gm,1,CKZF,ZING CHICKEN FILLETS 465,465 Gms x 12 Pkts,FILLETS,89.59,80.0,76.29,exact,22.76,1,auto_high_confidence
10644,27319171,Al Kabeer Zing Chicken Nuggets Spicy 270 gm,Al Kabeer,Chicken Nuggets-Frozen,Spicy,Zing,270 gm,1,CKZN,ZING CHICKEN NUGGETS REGULAR,270 Gms x 20 Pkts,NUGGETS,89.4,80.0,76.0,exact,22.57,1,auto_high_confidence
10718,27396101,Al Kabeer Zing Chicken Strips 320 gm,Al Kabeer,Chicken Strips-Frozen,Spicy,Zing,320 gm,1,CKZS,ZING CHICKEN STRIPS,320 Gms x 20 Pkts,STRIPS,89.58,79.37,76.61,exact,22.92,1,auto_high_confidence
10722,27396106,Al Kabeer 8 pcs Breaded Chicken Burgers 400 gm,Al Kabeer,Chicken Burger-Frozen,Breaded,Frozen Burger,400 gm,1,CKBBS,8 BREADED CHICKEN BURGER HOT & SPICY,400 gm x 12 Pkts,BURGERS,100.0,92.13,87.53,exact,41.36,1,auto_high_confidence
10728,27399099,Breaded Chicken Fillets 330 gm,Al Kabeer,Chicken Fillets-Frozen,Spicy,Marinated & Breaded,330 gm,1,CFBF,BREADED FISH FILLET,330 Gms x 20 Pkts,FILLETS,88.64,60.18,85.5,exact,12.81,1,auto_high_confidence
10738,27400247,Al Kabeer Breaded Chicken Burgers 400 gm,Al Kabeer,Chicken Burger-Frozen,Breaded,Frozen Burger,400 gm,1,CKBBS,8 BREADED CHICKEN BURGER HOT & SPICY,400 gm x 12 Pkts,BURGERS,100.0,91.14,86.58,exact,17.97,1,auto_high_confidence
10770,27452369,Al Kabeer Beef Seekh Kebabs 8 pcs 320 gm	,Al Kabeer,Seekh Kabab-Frozen,No Variant,Frozen Kabab ,320 gm,1,CKBS,8 BEEF SEEKH KEBAB,320 Gms x 24 Pkts,KEBAB,91.39,68.04,85.5,exact,35.43,1,auto_high_confidence
10805,27565402,Alkabeer Chicken Burger Breaded Regular / Hot & Spicy 400 gm,Al Kabeer,Chicken Burger-Frozen,Breaded,Frozen Burger,400 gm,1,CKBBS,8 BREADED CHICKEN BURGER HOT & SPICY,400 gm x 12 Pkts,BURGERS,100.0,93.46,88.79,exact,10.63,1,auto_high_confidence
10837,27575525,Al Kabeer CHICKEN BURGERS 840 gm,Al Kabeer,Chicken Burger-Frozen,Breaded,Frozen Burger,840 gm,1,CKBBADPR,AK PRO Breaded Chicken Burger Bag 840 g. x 8,840 gm x 8,BURGERS,100.0,91.14,86.58,exact,10.06,1,auto_high_confidence
10839,27578342,Al Kabeer Zing Chicken Strips (320 gm),Al Kabeer,Chicken Strips-Frozen,Spicy,Zing,320 gm,1,CKZS,ZING CHICKEN STRIPS,320 Gms x 20 Pkts,STRIPS,89.58,79.37,76.61,exact,22.92,1,auto_high_confidence
10847,27578350,Al Kabeer Zing Chicken Fillets (465 gm),Al Kabeer,Chicken Fillets-Frozen,Spicy,Zing,465 gm,1,CKZF,ZING CHICKEN FILLETS 465,465 Gms x 12 Pkts,FILLETS,89.59,80.0,76.29,exact,22.76,1,auto_high_confidence
10937,27749193,Al Kabeer Zing Chicken Strips (320 gm),Al Kabeer,Chicken Strips-Frozen,Spicy,Zing,320 gm,1,CKZS,ZING CHICKEN STRIPS,320 Gms x 20 Pkts,STRIPS,89.58,79.37,76.61,exact,22.92,1,auto_high_confidence
10939,27749318,Al Kabeer Zing Chicken Fillets (465 gm),Al Kabeer,Chicken Fillets-Frozen,Spicy,Zing,465 gm,1,CKZF,ZING CHICKEN FILLETS 465,465 Gms x 12 Pkts,FILLETS,89.59,80.0,76.29,exact,22.76,1,auto_high_confidence
10970,27757960,Al Kabeer CHICKEN BURGERS 840 gm,Al Kabeer,Chicken Burger-Frozen,Breaded,Frozen Burger,840 gm,1,CKBBADPR,AK PRO Breaded Chicken Burger Bag 840 g. x 8,840 gm x 8,BURGERS,100.0,91.14,86.58,exact,10.06,1,auto_high_confidence
10991,27808259,Al Kabeer Breaded Chicken Fillets Spicy 330 gm,Al Kabeer,Chicken Fillets-Frozen,Spicy,Marinated & Breaded,330 gm,1,CFBF,BREADED FISH FILLET,330 Gms x 20 Pkts,FILLETS,88.64,60.18,85.5,exact,32.91,1,auto_high_confidence
11079,27987307,Al Kabeer CHICKEN BURGERS 840 gm,Al Kabeer,Chicken Burger-Frozen,Breaded,Frozen Burger,840 gm,1,CKBBADPR,AK PRO Breaded Chicken Burger Bag 840 g. x 8,840 gm x 8,BURGERS,100.0,91.14,86.58,exact,10.06,1,auto_high_confidence
11107,28025016,Al Kabeer Chicken Strips/Fillet 750 gm,Al Kabeer,Chicken Strips-Frozen,No Variant,Zing,750 gm,1,CKZSCKNP,Zing Strips Non Spicy + Free Chicken Nuggets Combo Pack,(750 g.+750 g.) x 4,STRIPS,90.91,66.67,85.5,exact,11.47,1,auto_high_confidence
11139,28167869,Al Kabeer Zing Chicken Fillets 465 gm,Al Kabeer,Chicken Fillets-Frozen,Spicy,Zing,465 gm,1,CKZF,ZING CHICKEN FILLETS 465,465 Gms x 12 Pkts,FILLETS,89.59,80.0,76.29,exact,22.76,1,auto_high_confidence
11149,28179726,ALKABEER CHICKEN BURGER BREADED REGULAR / HOT & SPICY 400 gm,Al Kabeer,Chicken Burger-Frozen,Breaded,Frozen Burger,400 gm,1,CKBBS,8 BREADED CHICKEN BURGER HOT & SPICY,400 gm x 12 Pkts,BURGERS,100.0,93.46,88.79,exact,10.63,1,auto_high_confidence
11205,28199409,Al Kabeer Breaded Chicken Burgers 400 gm,Al Kabeer,Chicken Burger-Frozen,Breaded,Frozen Burger,400 gm,1,CKBBS,8 BREADED CHICKEN BURGER HOT & SPICY,400 gm x 12 Pkts,BURGERS,100.0,91.14,86.58,exact,17.97,1,auto_high_confidence
11404,28662353,"Al Kabeer CHICKEN & CHEESE STICKS, 1 kg",Al Kabeer,Chicken Cheese Stick-Frozen,No Variant,Frozen Barbeque Products,1 kg,1,CCKSB,CHICKEN STICKS BULK,1 Kgs x 5 Pkts,STICKS & FINGERS,91.97,69.7,85.5,exact,9.23,1,auto_high_confidence
11477,28733241,Al Kabeer Breaded Chicken Burgers 400 gm,Al Kabeer,Chicken Burger-Frozen,Breaded,Frozen Burger,400 gm,1,CKBBS,8 BREADED CHICKEN BURGER HOT & SPICY,400 gm x 12 Pkts,BURGERS,100.0,91.14,86.58,exact,17.97,1,auto_high_confidence
11506,28856009,Al Kabeer Breaded Chicken Burgers 400 gm,Al Kabeer,Chicken Burger-Frozen,Breaded,Frozen Burger,400 gm,1,CKBBS,8 BREADED CHICKEN BURGER HOT & SPICY,400 gm x 12 Pkts,BURGERS,100.0,91.14,86.58,exact,17.97,1,auto_high_confidence
11509,28856728,Al Kabeer Zing Chicken Nuggets Spicy 270 gm,Al Kabeer,Chicken Nuggets-Frozen,Spicy,Zing,270 gm,1,CKZN,ZING CHICKEN NUGGETS REGULAR,270 Gms x 20 Pkts,NUGGETS,89.4,80.0,76.0,exact,22.57,1,auto_high_confidence
11606,29027384,"Al Kabeer CHICKEN BURGER, 840 gm",Al Kabeer,Chicken Burger-Frozen,Breaded,Frozen Burger,840 gm,1,CKBBADPR,AK PRO Breaded Chicken Burger Bag 840 g. x 8,840 gm x 8,BURGERS,98.0,88.89,84.44,exact,13.44,1,auto_high_confidence
11671,29064461,Al Kabeer Breaded Chicken Burgers 400 gm,Al Kabeer,Chicken Burger-Frozen,Breaded,Frozen Burger,400 gm,1,CKBBS,8 BREADED CHICKEN BURGER HOT & SPICY,400 gm x 12 Pkts,BURGERS,100.0,91.14,86.58,exact,17.97,1,auto_high_confidence
11706,29198756,"AL KABEER BEEF OR CHICKEN KIBBEH, 400gm",Al Kabeer,Beef Kibbeh-Frozen,No Variant,Frozen Kofta / Kibbeh & Meat Balls,400 gm,1,CBK,BEEF KIBBEH 400,400 Gms x 12 Pkts,KOFTA-KIBBEH-FELAFEL,92.08,70.0,85.5,exact,21.07,1,auto_high_confidence
11723,29204076,Al Kabeer Zing Chicken Fillets 465 gm,Al Kabeer,Chicken Fillets-Frozen,Spicy,Zing,465 gm,1,CKZF,ZING CHICKEN FILLETS 465,465 Gms x 12 Pkts,FILLETS,89.59,80.0,76.29,exact,22.76,1,auto_high_confidence
11771,29213967,Al Kabeer Breaded Chicken Burgers 400 gm,Al Kabeer,Chicken Burger-Frozen,Breaded,Frozen Burger,400 gm,1,CKBBS,8 BREADED CHICKEN BURGER HOT & SPICY,400 gm x 12 Pkts,BURGERS,100.0,91.14,86.58,exact,17.97,1,auto_high_confidence
11861,29386840,Al Kabeer Breaded Chicken Burgers 400 gm,Al Kabeer,Chicken Burger-Frozen,Breaded,Frozen Burger,400 gm,1,CKBBS,8 BREADED CHICKEN BURGER HOT & SPICY,400 gm x 12 Pkts,BURGERS,100.0,91.14,86.58,exact,17.97,1,auto_high_confidence
11902,29531052,Al Kabeer Breaded Chicken Burgers 400 gm,Al Kabeer,Chicken Burger-Frozen,Breaded,Frozen Burger,400 gm,1,CKBBS,8 BREADED CHICKEN BURGER HOT & SPICY,400 gm x 12 Pkts,BURGERS,100.0,91.14,86.58,exact,17.97,1,auto_high_confidence
11951,29580855,Al Kabeer Zing Chicken Fillets 465 gm,Al Kabeer,Chicken Fillets-Frozen,Spicy,Zing,465 gm,1,CKZF,ZING CHICKEN FILLETS 465,465 Gms x 12 Pkts,FILLETS,89.59,80.0,76.29,exact,22.76,1,auto_high_confidence
11983,29597206,Al Kabeer Chicken / Beef Kibbeh 400 gm,Al Kabeer,Beef Kibbeh-Frozen,No Variant,Frozen Kofta / Kibbeh & Meat Balls,400 gm,1,CBK,BEEF KIBBEH 400,400 Gms x 12 Pkts,KOFTA-KIBBEH-FELAFEL,92.08,70.0,85.5,exact,20.88,1,auto_high_confidence
11984,29597206,Al Kabeer Chicken / Beef Kibbeh 400 gm,Al Kabeer,Chicken Kibbeh-Frozen,No Variant,Frozen Kofta / Kibbeh & Meat Balls,400 gm,1,CBK,BEEF KIBBEH 400,400 Gms x 12 Pkts,KOFTA-KIBBEH-FELAFEL,92.08,70.0,85.5,exact,20.88,1,auto_high_confidence
11990,29617470,Al Kabeer Breaded Chicken Burgers 400 gm,Al Kabeer,Chicken Burger-Frozen,Breaded,Frozen Burger,400 gm,1,CKBBS,8 BREADED CHICKEN BURGER HOT & SPICY,400 gm x 12 Pkts,BURGERS,100.0,91.14,86.58,exact,17.97,1,auto_high_confidence
12090,29757678,Al Kabeer Chicken/Beef Kibbeh 400 gm,Al Kabeer,Chicken Kibbeh-Frozen,No Variant,Frozen Kofta / Kibbeh & Meat Balls,400 gm,1,CBK,BEEF KIBBEH 400,400 Gms x 12 Pkts,KOFTA-KIBBEH-FELAFEL,92.08,70.0,85.5,exact,20.88,1,auto_high_confidence
12091,29757678,Al Kabeer Chicken/Beef Kibbeh 400 gm,Al Kabeer,Beef Kibbeh-Frozen,No Variant,Frozen Kofta / Kibbeh & Meat Balls,400 gm,1,CBK,BEEF KIBBEH 400,400 Gms x 12 Pkts,KOFTA-KIBBEH-FELAFEL,92.08,70.0,85.5,exact,20.88,1,auto_high_confidence
12095,29758622,Al Kabeer Breaded Chicken Burgers 400 gm,Al Kabeer,Chicken Burger-Frozen,Breaded,Frozen Burger,400 gm,1,CKBBS,8 BREADED CHICKEN BURGER HOT & SPICY,400 gm x 12 Pkts,BURGERS,100.0,91.14,86.58,exact,17.97,1,auto_high_confidence
12103,29758684,Al Kabeer Chicken Seekh Kebabs 320 gm 8 pcs,Al Kabeer,Seekh Kabab-Frozen,No Variant,Frozen Kabab ,320 gm,1,CKBS,8 BEEF SEEKH KEBAB,320 Gms x 24 Pkts,KEBAB,88.58,60.0,85.5,exact,35.22,1,auto_high_confidence
12133,29923383,"Al Kabeer BEEF OR CHICKEN KIBBEH, 400 gm ",Al Kabeer,Beef Kibbeh-Frozen,No Variant,Frozen Kofta / Kibbeh & Meat Balls,400 gm,1,CBK,BEEF KIBBEH 400,400 Gms x 12 Pkts,KOFTA-KIBBEH-FELAFEL,92.08,70.0,85.5,exact,20.69,1,auto_high_confidence
12143,29925479,Al Kabeer Zing Chicken Fillets 465 gm,Al Kabeer,Chicken Fillets-Frozen,Spicy,Zing,465 gm,1,CKZF,ZING CHICKEN FILLETS 465,465 Gms x 12 Pkts,FILLETS,89.59,80.0,76.29,exact,22.76,1,auto_high_confidence
12160,29937297,Al Kabeer Zing Chicken Strips (320 gm),Al Kabeer,Chicken Strips-Frozen,Spicy,Zing,320 gm,1,CKZS,ZING CHICKEN STRIPS,320 Gms x 20 Pkts,STRIPS,89.58,79.37,76.61,exact,22.92,1,auto_high_confidence
12190,29942976,Al Kabeer Breaded Chicken Burgers 400 gm,Al Kabeer,Chicken Burger-Frozen,Breaded,Frozen Burger,400 gm,1,CKBBS,8 BREADED CHICKEN BURGER HOT & SPICY,400 gm x 12 Pkts,BURGERS,100.0,91.14,86.58,exact,17.97,1,auto_high_confidence
12206,29952494,Al Kabeer Breaded Chicken Burgers 400 Gm,Al Kabeer,Chicken Burger-Frozen,Breaded,Frozen Burger,400 gm,1,CKBBS,8 BREADED CHICKEN BURGER HOT & SPICY,400 gm x 12 Pkts,BURGERS,100.0,91.14,86.58,exact,17.97,1,auto_high_confidence
12218,29952667,Al Kabeer Chicken Kibbbeh 400 gm,Al Kabeer,Chicken Kibbeh-Frozen,No Variant,Frozen Kofta / Kibbeh & Meat Balls,400 gm,1,CBK,BEEF KIBBEH 400,400 Gms x 12 Pkts,KOFTA-KIBBEH-FELAFEL,89.04,61.33,85.5,exact,20.48,1,auto_high_confidence
12221,29955730,Al Kabeer Burgers Chicken 840 gm,Al Kabeer,Chicken Burger-Frozen,Breaded,Frozen Burger,840 gm,1,CKBBADPR,AK PRO Breaded Chicken Burger Bag 840 g. x 8,840 gm x 8,BURGERS,100.0,91.14,86.58,exact,10.06,1,auto_high_confidence
12243,30075052,Al Kabeer Zing Chicken Fillets 465 gm,Al Kabeer,Chicken Fillets-Frozen,Spicy,Zing,465 gm,1,CKZF,ZING CHICKEN FILLETS 465,465 Gms x 12 Pkts,FILLETS,89.59,80.0,76.29,exact,22.76,1,auto_high_confidence
12250,30078463,Al Kabeer Chicken and Cheese Sticks 1 kg,Al Kabeer,Chicken Cheese Stick-Frozen,No Variant,Frozen Barbeque Products,1 kg,1,CCKSB,CHICKEN STICKS BULK,1 Kgs x 5 Pkts,STICKS & FINGERS,91.97,69.7,85.5,exact,9.23,1,auto_high_confidence
12262,30107920,"AL KABEER BEEF OR CHICKEN KIBBEH, 400 gm",Al Kabeer,Beef Kibbeh-Frozen,No Variant,Frozen Kofta / Kibbeh & Meat Balls,400 gm,1,CBK,BEEF KIBBEH 400,400 Gms x 12 Pkts,KOFTA-KIBBEH-FELAFEL,92.08,70.0,85.5,exact,20.69,1,auto_high_confidence
12310,30128140,Al Kabeer Burgers Chicken 840 gm,Al Kabeer,Chicken Burger-Frozen,Breaded,Frozen Burger,840 gm,1,CKBBADPR,AK PRO Breaded Chicken Burger Bag 840 g. x 8,840 gm x 8,BURGERS,100.0,91.14,86.58,exact,10.06,1,auto_high_confidence
12372,30262933,Al Kabeer Burgers Chicken 840 gm,Al Kabeer,Chicken Burger-Frozen,Breaded,Frozen Burger,840 gm,1,CKBBADPR,AK PRO Breaded Chicken Burger Bag 840 g. x 8,840 gm x 8,BURGERS,100.0,91.14,86.58,exact,10.06,1,auto_high_confidence
12532,30425676,Al Kabeer Chicken Strips/Fillet 750 gm,Al Kabeer,Chicken Strips-Frozen,No Variant,Zing,750 gm,1,CKZSCKNP,Zing Strips Non Spicy + Free Chicken Nuggets Combo Pack,(750 g.+750 g.) x 4,STRIPS,90.91,66.67,85.5,exact,11.47,1,auto_high_confidence
12561,30522445,Alkabeer CHICKEN BURGER BREADED REGULAR / HOT&SPICY 400 gm,Al Kabeer,Chicken Burger-Frozen,Breaded,Frozen Burger,400 gm,1,CKBBS,8 BREADED CHICKEN BURGER HOT & SPICY,400 gm x 12 Pkts,BURGERS,100.0,93.46,88.79,exact,10.63,1,auto_high_confidence
12622,30540073,Al Kabeer Zing Chicken Fillets 465 gm,Al Kabeer,Chicken Fillets-Frozen,Spicy,Zing,465 gm,1,CKZF,ZING CHICKEN FILLETS 465,465 Gms x 12 Pkts,FILLETS,89.59,80.0,76.29,exact,22.76,1,auto_high_confidence
12626,30541794,Al Kabeer Chicken/Beef Kibbeh 400 gm,Al Kabeer,Beef Kibbeh-Frozen,No Variant,Frozen Kofta / Kibbeh & Meat Balls,400 gm,1,CBK,BEEF KIBBEH 400,400 Gms x 12 Pkts,KOFTA-KIBBEH-FELAFEL,92.08,70.0,85.5,exact,20.88,1,auto_high_confidence
12627,30541794,Al Kabeer Chicken/Beef Kibbeh 400 gm,Al Kabeer,Chicken Kibbeh-Frozen,No Variant,Frozen Kofta / Kibbeh & Meat Balls,400 gm,1,CBK,BEEF KIBBEH 400,400 Gms x 12 Pkts,KOFTA-KIBBEH-FELAFEL,92.08,70.0,85.5,exact,20.88,1,auto_high_confidence
12652,30555438,Al Kabeer Zing Chicken Strip /Spicy 750 gm,Al Kabeer,Chicken Strips-Frozen,No Variant,Zing,750 gm,1,CKZSDA,ZING CHICKEN STRIPS SPICY 750 GRM,750 GMS X 8 PKT,STRIPS,88.87,77.5,76.53,exact,34.52,1,auto_high_confidence
12659,30561256,Al Kabeer Breaded Chicken Burgers 840 gm,Al Kabeer,Chicken Burger-Frozen,Breaded,Frozen Burger,840 gm,1,CKBBADPR,AK PRO Breaded Chicken Burger Bag 840 g. x 8,840 gm x 8,BURGERS,100.0,91.14,86.58,exact,29.82,1,auto_high_confidence
12722,30704671,Al Kabeer Breaded Chicken Burgers Spicy 8's (400 gm),Al Kabeer,Chicken Burger-Frozen,Breaded,Frozen Burger,400 gm,1,CKBBS,8 BREADED CHICKEN BURGER HOT & SPICY,400 gm x 12 Pkts,BURGERS,99.77,90.72,86.19,exact,43.4,1,auto_high_confidence
12743,30708060,Al Kabeer Chicken Burger 400 gm,Al Kabeer,Chicken Burger-Frozen,Breaded,Frozen Burger,400 gm,1,CKBBS,8 BREADED CHICKEN BURGER HOT & SPICY,400 gm x 12 Pkts,BURGERS,98.0,88.89,84.44,exact,12.85,1,auto_high_confidence
12763,30712782,Al Kabeer Breaded/Chicken Burgers 840 gm,Al Kabeer,Chicken Burger-Frozen,Breaded,Frozen Burger,840 gm,1,CKBBADPR,AK PRO Breaded Chicken Burger Bag 840 g. x 8,840 gm x 8,BURGERS,100.0,91.14,86.58,exact,29.82,1,auto_high_confidence
12813,30849690,Al Kabeer Zing Chicken Strips 320 Gm,Al Kabeer,Chicken Strips-Frozen,Spicy,Zing,320 gm,1,CKZS,ZING CHICKEN STRIPS,320 Gms x 20 Pkts,STRIPS,89.58,79.37,76.61,exact,22.92,1,auto_high_confidence
12820,30875549,Al Kabeer chicken burger breaded Regular 400 gm,Al Kabeer,Chicken Burger-Frozen,Breaded,Frozen Burger,400 gm,1,CKBBS,8 BREADED CHICKEN BURGER HOT & SPICY,400 gm x 12 Pkts,BURGERS,100.0,91.14,86.58,exact,40.76,1,auto_high_confidence
12859,30932119,Al Kabeer BBreaded Fish Fillet Frozen (330 gm),Al Kabeer,Breaded Fish Fillet,No Variant,Breaded Seafood,330 gm,1,CFBF,BREADED FISH FILLET,330 Gms x 20 Pkts,FILLETS,93.24,73.33,85.5,exact,18.0,1,auto_high_confidence
12862,30933432,ALKABEER CHICKEN / BEEF KIBBEH 400 gm,Al Kabeer,Beef Kibbeh-Frozen,No Variant,Frozen Kofta / Kibbeh & Meat Balls,400 gm,1,CBK,BEEF KIBBEH 400,400 Gms x 12 Pkts,KOFTA-KIBBEH-FELAFEL,92.08,70.0,85.5,exact,20.88,1,auto_high_confidence
12863,30933432,ALKABEER CHICKEN / BEEF KIBBEH 400 gm,Al Kabeer,Chicken Kibbeh-Frozen,No Variant,Frozen Kofta / Kibbeh & Meat Balls,400 gm,1,CBK,BEEF KIBBEH 400,400 Gms x 12 Pkts,KOFTA-KIBBEH-FELAFEL,92.08,70.0,85.5,exact,20.88,1,auto_high_confidence
12930,30973982,Al Kabeer Zing Chicken Strips 320 gm,Al Kabeer,Chicken Strips-Frozen,Spicy,Zing,320 gm,1,CKZS,ZING CHICKEN STRIPS,320 Gms x 20 Pkts,STRIPS,89.58,79.37,76.61,exact,22.92,1,auto_high_confidence
12966,31087661,Al Kabeer Zing Chicken Srips 750 gm,Al Kabeer,Chicken Strips-Frozen,No Variant,Zing,750 gm,1,CKZSCKNP,Zing Strips Non Spicy + Free Chicken Nuggets Combo Pack,(750 g.+750 g.) x 4,STRIPS,91.22,67.57,85.5,exact,9.04,1,auto_high_confidence
13083,31143941,Al Kabeer Breaded Chicken Burgers 400 gm,Al Kabeer,Chicken Burger-Frozen,Breaded,Frozen Burger,400 gm,1,CKBBS,8 BREADED CHICKEN BURGER HOT & SPICY,400 gm x 12 Pkts,BURGERS,100.0,91.14,86.58,exact,17.97,1,auto_high_confidence
13108,31168913,Al Kabeer Butter Chicken Zing Fillets 700 gm,Al Kabeer,Chicken Fillets-Frozen,Spicy,Zing,700 gm,1,CKZFBC,Butter Chicken Zing Fillets 700 g. x 8,700 g. x 8,FILLETS,92.83,83.54,79.37,exact,10.6,1,auto_high_confidence
13137,31230562,Alkabeer Plain Pie 400 gm,Al Kabeer,Paratha-Frozen,No Variant,Frozen Pranthas,400 gm,1,VPRWWP,Plain Paratha + Free Wheat Paratha Promo 400+400 g. x 12,400+400G X 12,PARATHA-WRAPS,88.91,60.95,85.5,exact,16.2,1,auto_high_confidence
13143,31232821,Alkabeer Fish Fillet 330 gm,Al Kabeer,Breaded Fish Fillet,No Variant,Breaded Seafood,330 gm,1,CFBF,BREADED FISH FILLET,330 Gms x 20 Pkts,FILLETS,94.93,85.71,81.43,exact,38.94,1,auto_high_confidence
13166,31291098,Al Kabeer Chicken Kibbeh 400gm,Al Kabeer,Chicken Kibbeh-Frozen,No Variant,Frozen Kofta / Kibbeh & Meat Balls,400 gm,1,CBK,BEEF KIBBEH 400,400 Gms x 12 Pkts,KOFTA-KIBBEH-FELAFEL,89.68,63.16,85.5,exact,20.69,1,auto_high_confidence
13263,31344638,Al Kabeer Breaded Chicken Burgers 400 gm,Al Kabeer,Chicken Burger-Frozen,Breaded,Frozen Burger,400 gm,1,CKBBS,8 BREADED CHICKEN BURGER HOT & SPICY,400 gm x 12 Pkts,BURGERS,100.0,91.14,86.58,exact,17.97,1,auto_high_confidence
13293,31458621,Al Kabeer Chicken Kibbheh 400 gm,Al Kabeer,Chicken Kibbeh-Frozen,No Variant,Frozen Kofta / Kibbeh & Meat Balls,400 gm,1,CBK,BEEF KIBBEH 400,400 Gms x 12 Pkts,KOFTA-KIBBEH-FELAFEL,89.04,61.33,85.5,exact,20.48,1,auto_high_confidence
13307,31459382,Al Kabeer Chicken Strips/Fillet 750 gm,Al Kabeer,Chicken Strips-Frozen,No Variant,Zing,750 gm,1,CKZSCKNP,Zing Strips Non Spicy + Free Chicken Nuggets Combo Pack,(750 g.+750 g.) x 4,STRIPS,90.91,66.67,85.5,exact,11.47,1,auto_high_confidence
13365,31505209,Al Kabeer Zing Chicken Strips 320 gm,Al Kabeer,Chicken Strips-Frozen,Spicy,Zing,320 gm,1,CKZS,ZING CHICKEN STRIPS,320 Gms x 20 Pkts,STRIPS,89.58,79.37,76.61,exact,22.92,1,auto_high_confidence
13371,31508368,Al Kabeer Breaded Chicken Burgers 400 gm,Al Kabeer,Chicken Burger-Frozen,Breaded,Frozen Burger,400 gm,1,CKBBS,8 BREADED CHICKEN BURGER HOT & SPICY,400 gm x 12 Pkts,BURGERS,100.0,91.14,86.58,exact,17.97,1,auto_high_confidence
13372,31508446,Al Kabeer chicken & cheese sticks 1 kg,Al Kabeer,Chicken Cheese Stick-Frozen,No Variant,Frozen Barbeque Products,1 kg,1,CCKSB,CHICKEN STICKS BULK,1 Kgs x 5 Pkts,STICKS & FINGERS,91.97,69.7,85.5,exact,9.23,1,auto_high_confidence
13396,31510697,Al Kabeer Zing Chicken Fillets 465 gm,Al Kabeer,Chicken Fillets-Frozen,Spicy,Zing,465 gm,1,CKZF,ZING CHICKEN FILLETS 465,465 Gms x 12 Pkts,FILLETS,89.59,80.0,76.29,exact,22.76,1,auto_high_confidence
13431,31523661,Al Kabeer Breaded Chicken Burgers 400 gm,Al Kabeer,Chicken Burger-Frozen,Breaded,Frozen Burger,400 gm,1,CKBBS,8 BREADED CHICKEN BURGER HOT & SPICY,400 gm x 12 Pkts,BURGERS,100.0,91.14,86.58,exact,17.97,1,auto_high_confidence
13433,31523691,Al Kabeer Zing Chicken Strips 320 gm,Al Kabeer,Chicken Strips-Frozen,Spicy,Zing,320 gm,1,CKZS,ZING CHICKEN STRIPS,320 Gms x 20 Pkts,STRIPS,89.58,79.37,76.61,exact,22.92,1,auto_high_confidence
13474,31683910,Alkabeer Chicken Burger Breaded Spicy 400 gm,Al Kabeer,Chicken Burger-Frozen,Breaded,Frozen Burger,400 gm,1,CKBBS,8 BREADED CHICKEN BURGER HOT & SPICY,400 gm x 12 Pkts,BURGERS,99.72,90.67,86.13,exact,18.92,1,auto_high_confidence
13493,31689697,Al Kabeer Breaded Chicken Burgers Spicy 8's (400 gm),Al Kabeer,Chicken Burger-Frozen,Breaded,Frozen Burger,400 gm,1,CKBBS,8 BREADED CHICKEN BURGER HOT & SPICY,400 gm x 12 Pkts,BURGERS,99.77,90.72,86.19,exact,43.4,1,auto_high_confidence
13509,31694936,Al Kabeer Breaded Chicken Burgers 400 gm,Al Kabeer,Chicken Burger-Frozen,Breaded,Frozen Burger,400 gm,1,CKBBS,8 BREADED CHICKEN BURGER HOT & SPICY,400 gm x 12 Pkts,BURGERS,100.0,91.14,86.58,exact,17.97,1,auto_high_confidence
13511,31695146,Al Kabeer Zing Chicken Strips 320 gm,Al Kabeer,Chicken Strips-Frozen,Spicy,Zing,320 gm,1,CKZS,ZING CHICKEN STRIPS,320 Gms x 20 Pkts,STRIPS,89.58,79.37,76.61,exact,22.92,1,auto_high_confidence
13570,31813744,Al Kabeer Fish sticks 1000 gm,Al Kabeer,Fish Fingers,No Variant,Breaded Seafood,1 kg,1,CFSA,FISH STICKS BULK,1 Kgs x 5 Pkts,STICKS & FINGERS,89.4,80.0,76.0,exact,14.58,1,auto_high_confidence
13735,31911774,Al Kabeer ZING CHICKEN STRIPS 320 gm,Al Kabeer,Chicken Strips-Frozen,Spicy,Zing,320 gm,1,CKZS,ZING CHICKEN STRIPS,320 Gms x 20 Pkts,STRIPS,89.58,79.37,76.61,exact,22.92,1,auto_high_confidence
13800,32092946,"Al Kabeer BEEF OR CHICKEN KIBBEH, 400 gm",Al Kabeer,Beef Kibbeh-Frozen,No Variant,Frozen Kofta / Kibbeh & Meat Balls,400 gm,1,CBK,BEEF KIBBEH 400,400 Gms x 12 Pkts,KOFTA-KIBBEH-FELAFEL,92.08,70.0,85.5,exact,20.69,1,auto_high_confidence
13818,32098684,Al Kabeer Zing Chicken Strips (320 gm),Al Kabeer,Chicken Strips-Frozen,Spicy,Zing,320 gm,1,CKZS,ZING CHICKEN STRIPS,320 Gms x 20 Pkts,STRIPS,89.58,79.37,76.61,exact,22.92,1,auto_high_confidence
13821,32099554,Al Kabeer Zing Chicken Srips 750 gm,Al Kabeer,Chicken Strips-Frozen,No Variant,Zing,750 gm,1,CKZSCKNP,Zing Strips Non Spicy + Free Chicken Nuggets Combo Pack,(750 g.+750 g.) x 4,STRIPS,91.22,67.57,85.5,exact,9.04,1,auto_high_confidence
13839,32104451,Al Kabeer Chicken Burgers 840 gm,Al Kabeer,Chicken Burger-Frozen,Breaded,Frozen Burger,840 gm,1,CKBBADPR,AK PRO Breaded Chicken Burger Bag 840 g. x 8,840 gm x 8,BURGERS,100.0,91.14,86.58,exact,10.06,1,auto_high_confidence
13844,32104740,AL KABEER CHICKEN BURGERS 24PCS 1200GM,Al Kabeer,Chicken Burger-Frozen,Unbreaded,Frozen Burger,1200 gm,1,CBBO24,24 BEEF BURGERS,1.2 Kgs x 8 Pkts,BURGERS,88.29,59.18,85.5,exact,29.79,1,auto_high_confidence
13853,32105515,Al Kabeer-Breaded /Chicken Burgers 840 gm,Al Kabeer,Chicken Burger-Frozen,Breaded,Frozen Burger,840 gm,1,CKBBADPR,AK PRO Breaded Chicken Burger Bag 840 g. x 8,840 gm x 8,BURGERS,100.0,91.14,86.58,exact,29.82,1,auto_high_confidence
13884,32262927,ALKABEER CHICKEN /BEEF KIBBEH 400 gm,Al Kabeer,Chicken Kibbeh-Frozen,No Variant,Frozen Kofta / Kibbeh & Meat Balls,400 gm,1,CBK,BEEF KIBBEH 400,400 Gms x 12 Pkts,KOFTA-KIBBEH-FELAFEL,92.08,70.0,85.5,exact,20.88,1,auto_high_confidence
13885,32262927,ALKABEER CHICKEN /BEEF KIBBEH 400 gm,Al Kabeer,Beef Kibbeh-Frozen,No Variant,Frozen Kofta / Kibbeh & Meat Balls,400 gm,1,CBK,BEEF KIBBEH 400,400 Gms x 12 Pkts,KOFTA-KIBBEH-FELAFEL,92.08,70.0,85.5,exact,20.88,1,auto_high_confidence
13887,32263067,Alkabeer CHICKEN BURGER BREADED HOT & SPICY / REGULAR 400 gm,Al Kabeer,Chicken Burger-Frozen,Breaded,Frozen Burger,400 gm,1,CKBBS,8 BREADED CHICKEN BURGER HOT & SPICY,400 gm x 12 Pkts,BURGERS,100.0,93.46,88.79,exact,10.63,1,auto_high_confidence
13922,32270949,Al Kabeer Zing Chicken Fillets (465 gm),Al Kabeer,Chicken Fillets-Frozen,Spicy,Zing,465 gm,1,CKZF,ZING CHICKEN FILLETS 465,465 Gms x 12 Pkts,FILLETS,89.59,80.0,76.29,exact,22.76,1,auto_high_confidence
13939,32277362,Al Kabeer-Breaded /Chicken Burgers 840 gm,Al Kabeer,Chicken Burger-Frozen,Breaded,Frozen Burger,840 gm,1,CKBBADPR,AK PRO Breaded Chicken Burger Bag 840 g. x 8,840 gm x 8,BURGERS,100.0,91.14,86.58,exact,29.82,1,auto_high_confidence
13972,32285660,Al Kabeer Chicken Burgers 840 gm,Al Kabeer,Chicken Burger-Frozen,Breaded,Frozen Burger,840 gm,1,CKBBADPR,AK PRO Breaded Chicken Burger Bag 840 g. x 8,840 gm x 8,BURGERS,100.0,91.14,86.58,exact,10.06,1,auto_high_confidence
14003,32329844,Al Kabeer Breaded Chicken Burgers / Chicken Burgers (840 gm),Al Kabeer,Chicken Burger-Frozen,Breaded,Frozen Burger,840 gm,1,CKBBADPR,AK PRO Breaded Chicken Burger Bag 840 g. x 8,840 gm x 8,BURGERS,100.0,91.14,86.58,exact,29.82,1,auto_high_confidence
14040,32459823,"Al Kabeer BEEF OR CHICKEN KIBBEH, 400 gm",Al Kabeer,Beef Kibbeh-Frozen,No Variant,Frozen Kofta / Kibbeh & Meat Balls,400 gm,1,CBK,BEEF KIBBEH 400,400 Gms x 12 Pkts,KOFTA-KIBBEH-FELAFEL,92.08,70.0,85.5,exact,20.69,1,auto_high_confidence
14051,32461512,Alkabeer 8 CHICKEN BURGERS 400 gm,Al Kabeer,Chicken Burger-Frozen,Breaded,Frozen Burger,400 gm,1,CKBBS,8 BREADED CHICKEN BURGER HOT & SPICY,400 gm x 12 Pkts,BURGERS,100.0,91.57,86.99,exact,9.07,1,auto_high_confidence
14052,32461515,Alkabeer ZING CHICKEN FILLETS 465 gm,Al Kabeer,Chicken Fillets-Frozen,Spicy,Zing,465 gm,1,CKZF,ZING CHICKEN FILLETS 465,465 Gms x 12 Pkts,FILLETS,89.59,80.0,76.29,exact,22.76,1,auto_high_confidence
14053,32461566,Alkabeer CHICKEN STRIPS ZING 320 gm,Al Kabeer,Chicken Strips-Frozen,Spicy,Zing,320 gm,1,CKZS,ZING CHICKEN STRIPS,320 Gms x 20 Pkts,STRIPS,89.58,79.37,76.61,exact,22.92,1,auto_high_confidence
14126,32609028,Al Kabeer Chicken Zing selected 750 gm,Al Kabeer,Chicken Strips-Frozen,No Variant,Zing,750 gm,1,CKZSCKNP,Zing Strips Non Spicy + Free Chicken Nuggets Combo Pack,(750 g.+750 g.) x 4,STRIPS,90.3,64.94,85.5,exact,9.98,1,auto_high_confidence
14141,32618463,Al Kabeer Beef Burgers 24 pcs 1200gm,Al Kabeer,Beef Burger-Frozen,Unbreaded,Frozen Burger,1200 gm,1,CBBO24,24 BEEF BURGERS,1.2 Kgs x 8 Pkts,BURGERS,89.92,63.83,85.5,exact,29.01,1,auto_high_confidence
14143,32618476,Al Kabeer Zing Chicken Strips 320 gm,Al Kabeer,Chicken Strips-Frozen,Spicy,Zing,320 gm,1,CKZS,ZING CHICKEN STRIPS,320 Gms x 20 Pkts,STRIPS,89.58,79.37,76.61,exact,22.92,1,auto_high_confidence
14168,32653509,Alkabeer Corn on the Cob 1000 gm,Al Kabeer,Sweet Corn-Frozen,No Variant,Frozen Vegetables,1 kg,1,VSC10,SWEET CORN BULK,1 kg x 10 Pkts,TRADING-VEG,88.16,58.82,85.5,exact,10.36,1,auto_high_confidence
14192,32663903,Al Kabeer Breaded Chicken Burgers 400 gm ,Al Kabeer,Chicken Burger-Frozen,Breaded,Frozen Burger,400 gm,1,CKBBS,8 BREADED CHICKEN BURGER HOT & SPICY,400 gm x 12 Pkts,BURGERS,100.0,91.14,86.58,exact,17.97,1,auto_high_confidence
14244,32677484,Al Kabeer Zing Chicken Fillets 465 gm,Al Kabeer,Chicken Fillets-Frozen,Spicy,Zing,465 gm,1,CKZF,ZING CHICKEN FILLETS 465,465 Gms x 12 Pkts,FILLETS,89.59,80.0,76.29,exact,22.76,1,auto_high_confidence
14320,32898244,Al Kabeer Zing Chicken Strips (320 gm),Al Kabeer,Chicken Strips-Frozen,Spicy,Zing,320 gm,1,CKZS,ZING CHICKEN STRIPS,320 Gms x 20 Pkts,STRIPS,89.58,79.37,76.61,exact,22.92,1,auto_high_confidence
14374,32950467,Al Kabeer Butter Chicken Zing Fillets 700 gm,Al Kabeer,Chicken Fillets-Frozen,Spicy,Zing,700 gm,1,CKZFBC,Butter Chicken Zing Fillets 700 g. x 8,700 g. x 8,FILLETS,92.83,83.54,79.37,exact,10.6,1,auto_high_confidence
14389,32956883,Al Kabeer Beef Burgers 24 pcs 1200gm,Al Kabeer,Beef Burger-Frozen,Unbreaded,Frozen Burger,1200 gm,1,CBBO24,24 BEEF BURGERS,1.2 Kgs x 8 Pkts,BURGERS,89.92,63.83,85.5,exact,29.01,1,auto_high_confidence
14391,32956885,Al Kabeer Zing Chicken Strips 320 gm,Al Kabeer,Chicken Strips-Frozen,Spicy,Zing,320 gm,1,CKZS,ZING CHICKEN STRIPS,320 Gms x 20 Pkts,STRIPS,89.58,79.37,76.61,exact,22.92,1,auto_high_confidence
14410,32959690,Al Kabeer Breaded Chicken Burgers 400 gm,Al Kabeer,Chicken Burger-Frozen,Breaded,Frozen Burger,400 gm,1,CKBBS,8 BREADED CHICKEN BURGER HOT & SPICY,400 gm x 12 Pkts,BURGERS,100.0,91.14,86.58,exact,17.97,1,auto_high_confidence
14415,32965656,Al Kabeer Chicken Strips Non-Spicy 750 gm,Al Kabeer,Chicken Strips-Frozen,No Variant,Zing,750 gm,1,CKZSNS,ZING CHICKEN STRIPS NON-SPICY,8 X 750 GMS,STRIPS,91.68,82.35,78.24,exact,37.72,1,auto_high_confidence
14435,33083741,Al Kabeer Breaded Chicken Burgers 400 gm,Al Kabeer,Chicken Burger-Frozen,Breaded,Frozen Burger,400 gm,1,CKBBS,8 BREADED CHICKEN BURGER HOT & SPICY,400 gm x 12 Pkts,BURGERS,100.0,91.14,86.58,exact,17.97,1,auto_high_confidence
14488,33119802,Al Kabeer-Zing Chicken Fillets 465 gm,Al Kabeer,Chicken Fillets-Frozen,Spicy,Zing,465 gm,1,CKZF,ZING CHICKEN FILLETS 465,465 Gms x 12 Pkts,FILLETS,89.59,80.0,76.29,exact,22.76,1,auto_high_confidence
14508,33125030,Al Kabeer Breaded Chicken Burgers 400 Gm,Al Kabeer,Chicken Burger-Frozen,Breaded,Frozen Burger,400 gm,1,CKBBS,8 BREADED CHICKEN BURGER HOT & SPICY,400 gm x 12 Pkts,BURGERS,100.0,91.14,86.58,exact,17.97,1,auto_high_confidence
14529,33126763,Al Kabeer Zing Chicken Fillets 465 gm,Al Kabeer,Chicken Fillets-Frozen,Spicy,Zing,465 gm,1,CKZF,ZING CHICKEN FILLETS 465,465 Gms x 12 Pkts,FILLETS,89.59,80.0,76.29,exact,22.76,1,auto_high_confidence
14582,33303571,"Al Kabeer CHICKEN BURGER, 840 gm",Al Kabeer,Chicken Burger-Frozen,Breaded,Frozen Burger,840 gm,1,CKBBADPR,AK PRO Breaded Chicken Burger Bag 840 g. x 8,840 gm x 8,BURGERS,98.0,88.89,84.44,exact,13.44,1,auto_high_confidence
14629,33327203,Al Kabeer Breaded Chicken Burgers 400 gm,Al Kabeer,Chicken Burger-Frozen,Breaded,Frozen Burger,400 gm,1,CKBBS,8 BREADED CHICKEN BURGER HOT & SPICY,400 gm x 12 Pkts,BURGERS,100.0,91.14,86.58,exact,17.97,1,auto_high_confidence
14666,33390170,Al Kabeer Chicken Strips Non-spicy 750 gm,Al Kabeer,Chicken Strips-Frozen,No Variant,Zing,750 gm,1,CKZSNS,ZING CHICKEN STRIPS NON-SPICY,8 X 750 GMS,STRIPS,91.68,82.35,78.24,exact,37.72,1,auto_high_confidence
14674,33456114,Al Kabeer Chicken Burger Breaded Regular/Spicy 400 gm,Al Kabeer,Chicken Burger-Frozen,Breaded,Frozen Burger,400 gm,1,CKBBS,8 BREADED CHICKEN BURGER HOT & SPICY,400 gm x 12 Pkts,BURGERS,100.0,92.31,87.69,exact,10.28,1,auto_high_confidence
14710,33514882,Al Kabeer Zing Chicken Strips 320 gm,Al Kabeer,Chicken Strips-Frozen,Spicy,Zing,320 gm,1,CKZS,ZING CHICKEN STRIPS,320 Gms x 20 Pkts,STRIPS,89.58,79.37,76.61,exact,22.92,1,auto_high_confidence
14727,33518876,Al Kabeer Chicken Seekh Kebab 320 gm 8 Pcs ,Al Kabeer,Seekh Kabab-Frozen,No Variant,Frozen Kabab ,320 gm,1,CKBS,8 BEEF SEEKH KEBAB,320 Gms x 24 Pkts,KEBAB,90.56,65.67,85.5,exact,37.04,1,auto_high_confidence
14756,33541761,Al Kabeer Kibbeh Beef/Chicken 400 gm,Al Kabeer,Chicken Kibbeh-Frozen,No Variant,Frozen Kofta / Kibbeh & Meat Balls,400 gm,1,CBK,BEEF KIBBEH 400,400 Gms x 12 Pkts,KOFTA-KIBBEH-FELAFEL,92.08,70.0,85.5,exact,20.88,1,auto_high_confidence
14757,33541761,Al Kabeer Kibbeh Beef/Chicken 400 gm,Al Kabeer,Beef Kibbeh-Frozen,No Variant,Frozen Kofta / Kibbeh & Meat Balls,400 gm,1,CBK,BEEF KIBBEH 400,400 Gms x 12 Pkts,KOFTA-KIBBEH-FELAFEL,92.08,70.0,85.5,exact,20.88,1,auto_high_confidence
14769,33598693,Al Kabeer Chicken Strips Non-spicy 750 gm,Al Kabeer,Chicken Strips-Frozen,No Variant,Zing,750 gm,1,CKZSNS,ZING CHICKEN STRIPS NON-SPICY,8 X 750 GMS,STRIPS,91.68,82.35,78.24,exact,37.72,1,auto_high_confidence
14771,33617314,Al Kabeer Chicken Strips Non Spicy 750 gm,Al Kabeer,Chicken Strips-Frozen,No Variant,Zing,750 gm,1,CKZSNS,ZING CHICKEN STRIPS NON-SPICY,8 X 750 GMS,STRIPS,91.68,82.35,78.24,exact,37.72,1,auto_high_confidence
14811,33726588,Al Kabeer Breaded Chicken Burgers 400 gm,Al Kabeer,Chicken Burger-Frozen,Breaded,Frozen Burger,400 gm,1,CKBBS,8 BREADED CHICKEN BURGER HOT & SPICY,400 gm x 12 Pkts,BURGERS,100.0,91.14,86.58,exact,17.97,1,auto_high_confidence
14832,33740081,Al kabeer chicken burger 400gm,Al Kabeer,Chicken Burger-Frozen,Breaded,Frozen Burger,400 gm,1,CKBBS,8 BREADED CHICKEN BURGER HOT & SPICY,400 gm x 12 Pkts,BURGERS,94.09,84.85,80.61,exact,9.24,1,auto_high_confidence
14848,33794394,Al Kabeer Chicken Strips Non-spicy 750 gm,Al Kabeer,Chicken Strips-Frozen,No Variant,Zing,750 gm,1,CKZSNS,ZING CHICKEN STRIPS NON-SPICY,8 X 750 GMS,STRIPS,91.68,82.35,78.24,exact,37.72,1,auto_high_confidence
14879,33899617,Al Kabeer Breaded Chicken Burgers 400 gm,Al Kabeer,Chicken Burger-Frozen,Breaded,Frozen Burger,400 gm,1,CKBBS,8 BREADED CHICKEN BURGER HOT & SPICY,400 gm x 12 Pkts,BURGERS,100.0,91.14,86.58,exact,17.97,1,auto_high_confidence
14894,33939288,ALKABEER 8 CHICKEN BURGERS 400 gm,Al Kabeer,Chicken Burger-Frozen,Breaded,Frozen Burger,400 gm,1,CKBBS,8 BREADED CHICKEN BURGER HOT & SPICY,400 gm x 12 Pkts,BURGERS,100.0,91.57,86.99,exact,9.07,1,auto_high_confidence
14943,33956765,Al Kabeer Breaded Chicken Burgers 400 gm,Al Kabeer,Chicken Burger-Frozen,Breaded,Frozen Burger,400 gm,1,CKBBS,8 BREADED CHICKEN BURGER HOT & SPICY,400 gm x 12 Pkts,BURGERS,100.0,91.14,86.58,exact,17.97,1,auto_high_confidence
14955,33957871,Al Kabeer Samosas Mutton/Cheese Cheese Spring Rolls 240gm,Al Kabeer,Samosa-Frozen,Other-Veg,"Frozen Pizzas, Wraps, Sandwiches",240 gm,1,CCSAK,12 CHEESE SAMOSAS,240 Gms x 20 Pkts,SAMOSA,91.5,68.35,85.5,exact,15.12,1,auto_high_confidence
14956,33957871,Al Kabeer Samosas Mutton/Cheese Cheese Spring Rolls 240gm,Al Kabeer,Samosa-Frozen,Mutton,"Frozen Pizzas, Wraps, Sandwiches",240 gm,1,CCSAK,12 CHEESE SAMOSAS,240 Gms x 20 Pkts,SAMOSA,91.5,68.35,85.5,exact,31.98,1,auto_high_confidence
15135,34381534,Al Kabeer Chicken Burgers/Breaded 840 gm,Al Kabeer,Chicken Burger-Frozen,Breaded,Frozen Burger,840 gm,1,CKBBADPR,AK PRO Breaded Chicken Burger Bag 840 g. x 8,840 gm x 8,BURGERS,100.0,91.14,86.58,exact,29.82,1,auto_high_confidence
15139,34381559,Al Kabeer Zing Chicken Nuggets Spicy 270 gm,Al Kabeer,Chicken Nuggets-Frozen,Spicy,Zing,270 gm,1,CKZN,ZING CHICKEN NUGGETS REGULAR,270 Gms x 20 Pkts,NUGGETS,89.4,80.0,76.0,exact,22.57,1,auto_high_confidence
15148,34381832,Al Kabeer Chicken Zinger Fillets/Spicy 750 gm,Al Kabeer,Chicken Fillets-Frozen,Spicy,Zing,750 gm,1,CKZFDA,ZING CHICKEN FILLETS SPICY 750 GRM,750 GMS X 8 PKT,FILLETS,92.32,82.05,79.38,exact,38.65,1,auto_high_confidence
15200,34435209,Al kabeer Fish Sticks  1KG,Al Kabeer,Fish Fingers,No Variant,Breaded Seafood,1 kg,1,CFSA,FISH STICKS BULK,1 Kgs x 5 Pkts,STICKS & FINGERS,89.4,80.0,76.0,exact,13.75,1,auto_high_confidence
15214,34438132,Al Kabeer Zing Chicken Strips 320 gm,Al Kabeer,Chicken Strips-Frozen,Spicy,Zing,320 gm,1,CKZS,ZING CHICKEN STRIPS,320 Gms x 20 Pkts,STRIPS,89.58,79.37,76.61,exact,22.92,1,auto_high_confidence
15284,34561727,Al Kabeer Zing Chicken Strips 320 gm,Al Kabeer,Chicken Strips-Frozen,Spicy,Zing,320 gm,1,CKZS,ZING CHICKEN STRIPS,320 Gms x 20 Pkts,STRIPS,89.58,79.37,76.61,exact,22.92,1,auto_high_confidence
15321,34628930,Al Kabeer Zing Chicken Fillet Non Spicy 750 gm,Al Kabeer,Chicken Strips-Frozen,Spicy,Zing,750 gm,1,CKZFNS,ZING CHICKEN FILLET NON-SPICY,8 X 750 GMS,FILLETS,92.62,83.33,79.17,exact,38.72,1,auto_high_confidence
15386,34646224,Al Kabeer Chicken/ Beef Seekh Kebabs (320 gm),Al Kabeer,Seekh Kabab-Frozen,No Variant,Frozen Kabab ,320 gm,1,CKBS,8 BEEF SEEKH KEBAB,320 Gms x 24 Pkts,KEBAB,88.58,60.0,85.5,exact,34.53,1,auto_high_confidence
15415,34653381,Al Kabeer Chicken/Beef Kibbeh 400gms,Al Kabeer,Beef Kibbeh-Frozen,No Variant,Frozen Kofta / Kibbeh & Meat Balls,400 gm,1,CBK,BEEF KIBBEH 400,400 Gms x 12 Pkts,KOFTA-KIBBEH-FELAFEL,92.08,70.0,85.5,exact,21.38,1,auto_high_confidence
15428,34657992,Al Kabeer BREADED FISH FILLET 1 kg,Al Kabeer,Breaded Fish Fillet,No Variant,Breaded Seafood,1 kg,1,CFBFA,BREADED FISH FILLET BULK,1 Kgs x 5 Pkts,FILLETS,94.56,85.33,81.07,exact,11.98,1,auto_high_confidence
15472,34834003,Al Kabeer Chicken/Beef Kibbeh 400 gm,Al Kabeer,Beef Kibbeh-Frozen,No Variant,Frozen Kofta / Kibbeh & Meat Balls,400 gm,1,CBK,BEEF KIBBEH 400,400 Gms x 12 Pkts,KOFTA-KIBBEH-FELAFEL,92.08,70.0,85.5,exact,20.88,1,auto_high_confidence
15473,34834003,Al Kabeer Chicken/Beef Kibbeh 400 gm,Al Kabeer,Chicken Kibbeh-Frozen,No Variant,Frozen Kofta / Kibbeh & Meat Balls,400 gm,1,CBK,BEEF KIBBEH 400,400 Gms x 12 Pkts,KOFTA-KIBBEH-FELAFEL,92.08,70.0,85.5,exact,20.88,1,auto_high_confidence
15530,34892001,AL KABEER BEEF OR CHICKEN KIBBEH 400 gm,Al Kabeer,Beef Kibbeh-Frozen,No Variant,Frozen Kofta / Kibbeh & Meat Balls,400 gm,1,CBK,BEEF KIBBEH 400,400 Gms x 12 Pkts,KOFTA-KIBBEH-FELAFEL,92.08,70.0,85.5,exact,20.69,1,auto_high_confidence
15574,34902941,Al Kabeer Vegetable Samosas 12's (240 gm) / Spring Roll 8's (280 gm),Al Kabeer,Samosa-Frozen,Other-Veg,"Frozen Pizzas, Wraps, Sandwiches",240 gm,1,CCSAK,12 CHEESE SAMOSAS,240 Gms x 20 Pkts,SAMOSA,89.04,61.33,85.5,exact,14.73,1,auto_high_confidence
15587,34907021,Al Kabeer Beef / Chicken Kibbeh 400gm,Al Kabeer,Chicken Kibbeh-Frozen,No Variant,Frozen Kofta / Kibbeh & Meat Balls,400 gm,1,CBK,BEEF KIBBEH 400,400 Gms x 12 Pkts,KOFTA-KIBBEH-FELAFEL,92.08,70.0,85.5,exact,21.26,1,auto_high_confidence
15588,34907021,Al Kabeer Beef / Chicken Kibbeh 400gm,Al Kabeer,Beef Kibbeh-Frozen,No Variant,Frozen Kofta / Kibbeh & Meat Balls,400 gm,1,CBK,BEEF KIBBEH 400,400 Gms x 12 Pkts,KOFTA-KIBBEH-FELAFEL,92.08,70.0,85.5,exact,21.26,1,auto_high_confidence
15589,34907043,Al Kabeer Samosas Mutton/Cheese Cheese Spring Rolls 240gm,Al Kabeer,Samosa-Frozen,Mutton,"Frozen Pizzas, Wraps, Sandwiches",240 gm,1,CCSAK,12 CHEESE SAMOSAS,240 Gms x 20 Pkts,SAMOSA,91.5,68.35,85.5,exact,31.98,1,auto_high_confidence
15590,34907043,Al Kabeer Samosas Mutton/Cheese Cheese Spring Rolls 240gm,Al Kabeer,Samosa-Frozen,Other-Veg,"Frozen Pizzas, Wraps, Sandwiches",240 gm,1,CCSAK,12 CHEESE SAMOSAS,240 Gms x 20 Pkts,SAMOSA,91.5,68.35,85.5,exact,15.12,1,auto_high_confidence
15629,34909660,Al Kabeer Chicken / Beef Kibbeh 400 gm,Al Kabeer,Chicken Kibbeh-Frozen,No Variant,Frozen Kofta / Kibbeh & Meat Balls,400 gm,1,CBK,BEEF KIBBEH 400,400 Gms x 12 Pkts,KOFTA-KIBBEH-FELAFEL,92.08,70.0,85.5,exact,20.88,1,auto_high_confidence
15630,34909660,Al Kabeer Chicken / Beef Kibbeh 400 gm,Al Kabeer,Beef Kibbeh-Frozen,No Variant,Frozen Kofta / Kibbeh & Meat Balls,400 gm,1,CBK,BEEF KIBBEH 400,400 Gms x 12 Pkts,KOFTA-KIBBEH-FELAFEL,92.08,70.0,85.5,exact,20.88,1,auto_high_confidence
15631,34910190,Al Kabeer Chicken Burgers 840 gm,Al Kabeer,Chicken Burger-Frozen,Breaded,Frozen Burger,840 gm,1,CKBBADPR,AK PRO Breaded Chicken Burger Bag 840 g. x 8,840 gm x 8,BURGERS,100.0,91.14,86.58,exact,10.06,1,auto_high_confidence
15673,34932542,Al Kabeer Chicken Kibbeh 400gm,Al Kabeer,Chicken Kibbeh-Frozen,No Variant,Frozen Kofta / Kibbeh & Meat Balls,400 gm,1,CBK,BEEF KIBBEH 400,400 Gms x 12 Pkts,KOFTA-KIBBEH-FELAFEL,89.68,63.16,85.5,exact,20.69,1,auto_high_confidence
15697,35068687,Al Kabeer chicken burger breaded Regular/Spicy/chicken burger 8 pcs 400 gm,Al Kabeer,Chicken Burger-Frozen,Breaded,Frozen Burger,400 gm,1,CKBBS,8 BREADED CHICKEN BURGER HOT & SPICY,400 gm x 12 Pkts,BURGERS,100.0,93.07,88.42,exact,27.4,1,auto_high_confidence
15708,35113517,ALKABEER CHICKEN / BEEF KIBBEH 400 gm,Al Kabeer,Chicken Kibbeh-Frozen,No Variant,Frozen Kofta / Kibbeh & Meat Balls,400 gm,1,CBK,BEEF KIBBEH 400,400 Gms x 12 Pkts,KOFTA-KIBBEH-FELAFEL,92.08,70.0,85.5,exact,20.88,1,auto_high_confidence
15709,35113517,ALKABEER CHICKEN / BEEF KIBBEH 400 gm,Al Kabeer,Beef Kibbeh-Frozen,No Variant,Frozen Kofta / Kibbeh & Meat Balls,400 gm,1,CBK,BEEF KIBBEH 400,400 Gms x 12 Pkts,KOFTA-KIBBEH-FELAFEL,92.08,70.0,85.5,exact,20.88,1,auto_high_confidence
15720,35119174,"AL KABEER CHEESE OR MUTTON SAMOSAS, OR CHEESE SPRING ROLLS 240 gm",Al Kabeer,Samosa-Frozen,Mutton,"Frozen Pizzas, Wraps, Sandwiches",240 gm,1,CCSAK,12 CHEESE SAMOSAS,240 Gms x 20 Pkts,SAMOSA,91.5,68.35,85.5,exact,14.99,1,auto_high_confidence
15721,35119174,"AL KABEER CHEESE OR MUTTON SAMOSAS, OR CHEESE SPRING ROLLS 240 gm",Al Kabeer,Samosa-Frozen,No Variant,"Frozen Pizzas, Wraps, Sandwiches",240 gm,1,CCSAK,12 CHEESE SAMOSAS,240 Gms x 20 Pkts,SAMOSA,91.5,68.35,85.5,exact,15.22,1,auto_high_confidence
15753,35123316,Al Kabeer Chicken Kibbeh 400gm,Al Kabeer,Chicken Kibbeh-Frozen,No Variant,Frozen Kofta / Kibbeh & Meat Balls,400 gm,1,CBK,BEEF KIBBEH 400,400 Gms x 12 Pkts,KOFTA-KIBBEH-FELAFEL,89.68,63.16,85.5,exact,20.69,1,auto_high_confidence
15760,35127510,Al Kabeer Chicken / Beef Kibbeh 400gm,Al Kabeer,Chicken Kibbeh-Frozen,No Variant,Frozen Kofta / Kibbeh & Meat Balls,400 gm,1,CBK,BEEF KIBBEH 400,400 Gms x 12 Pkts,KOFTA-KIBBEH-FELAFEL,92.08,70.0,85.5,exact,21.26,1,auto_high_confidence
15761,35127510,Al Kabeer Chicken / Beef Kibbeh 400gm,Al Kabeer,Beef Kibbeh-Frozen,No Variant,Frozen Kofta / Kibbeh & Meat Balls,400 gm,1,CBK,BEEF KIBBEH 400,400 Gms x 12 Pkts,KOFTA-KIBBEH-FELAFEL,92.08,70.0,85.5,exact,21.26,1,auto_high_confidence
15785,35136251,Al Kabeer Breaded Chicken Burgers 400 gm,Al Kabeer,Chicken Burger-Frozen,Breaded,Frozen Burger,400 gm,1,CKBBS,8 BREADED CHICKEN BURGER HOT & SPICY,400 gm x 12 Pkts,BURGERS,100.0,91.14,86.58,exact,17.97,1,auto_high_confidence
15828,35155797,Al Kabeer Chicken Kibbeh 400gm,Al Kabeer,Chicken Kibbeh-Frozen,No Variant,Frozen Kofta / Kibbeh & Meat Balls,400 gm,1,CBK,BEEF KIBBEH 400,400 Gms x 12 Pkts,KOFTA-KIBBEH-FELAFEL,89.68,63.16,85.5,exact,20.69,1,auto_high_confidence
15839,35210661,Al Kabeer Zing Chicken Fillet Non Spicy 750 gm,Al Kabeer,Chicken Strips-Frozen,Spicy,Zing,750 gm,1,CKZFNS,ZING CHICKEN FILLET NON-SPICY,8 X 750 GMS,FILLETS,92.62,83.33,79.17,exact,38.72,1,auto_high_confidence
15899,35388117,"AL KABEER CHEESE OR MUTTON SAMOSAS, OR CHEESE SPRING ROLLS, 240 gm",Al Kabeer,Samosa-Frozen,Other-Veg,"Frozen Pizzas, Wraps, Sandwiches",240 gm,1,CCSAK,12 CHEESE SAMOSAS,240 Gms x 20 Pkts,SAMOSA,91.5,68.35,85.5,exact,15.57,1,auto_high_confidence
15901,35388117,"AL KABEER CHEESE OR MUTTON SAMOSAS, OR CHEESE SPRING ROLLS, 240 gm",Al Kabeer,Samosa-Frozen,Mutton,"Frozen Pizzas, Wraps, Sandwiches",240 gm,1,CCSAK,12 CHEESE SAMOSAS,240 Gms x 20 Pkts,SAMOSA,91.5,68.35,85.5,exact,14.99,1,auto_high_confidence
15903,35388408,"AL KABEER BEEF OR CHICKEN KIBBEH, 400gm",Al Kabeer,Beef Kibbeh-Frozen,No Variant,Frozen Kofta / Kibbeh & Meat Balls,400 gm,1,CBK,BEEF KIBBEH 400,400 Gms x 12 Pkts,KOFTA-KIBBEH-FELAFEL,92.08,70.0,85.5,exact,21.07,1,auto_high_confidence
15940,35402191,Al Kabeer Breaded Chicken Burgers Spicy 8's (400 gm),Al Kabeer,Chicken Burger-Frozen,Breaded,Frozen Burger,400 gm,1,CKBBS,8 BREADED CHICKEN BURGER HOT & SPICY,400 gm x 12 Pkts,BURGERS,99.77,90.72,86.19,exact,43.4,1,auto_high_confidence
15966,35412944,Al Kabeer Breaded Chicken Burgers 400 gm,Al Kabeer,Chicken Burger-Frozen,Breaded,Frozen Burger,400 gm,1,CKBBS,8 BREADED CHICKEN BURGER HOT & SPICY,400 gm x 12 Pkts,BURGERS,100.0,91.14,86.58,exact,17.97,1,auto_high_confidence
15975,35415135,Al Kabeer Chicken / Beef Kibbeh 400 gm,Al Kabeer,Chicken Kibbeh-Frozen,No Variant,Frozen Kofta / Kibbeh & Meat Balls,400 gm,1,CBK,BEEF KIBBEH 400,400 Gms x 12 Pkts,KOFTA-KIBBEH-FELAFEL,92.08,70.0,85.5,exact,20.88,1,auto_high_confidence
15976,35415135,Al Kabeer Chicken / Beef Kibbeh 400 gm,Al Kabeer,Beef Kibbeh-Frozen,No Variant,Frozen Kofta / Kibbeh & Meat Balls,400 gm,1,CBK,BEEF KIBBEH 400,400 Gms x 12 Pkts,KOFTA-KIBBEH-FELAFEL,92.08,70.0,85.5,exact,20.88,1,auto_high_confidence
15999,35419960,Al Kabeer Beef / Chicken Kibbeh 400 gm,Al Kabeer,Beef Kibbeh-Frozen,No Variant,Frozen Kofta / Kibbeh & Meat Balls,400 gm,1,CBK,BEEF KIBBEH 400,400 Gms x 12 Pkts,KOFTA-KIBBEH-FELAFEL,92.08,70.0,85.5,exact,20.88,1,auto_high_confidence
16000,35419960,Al Kabeer Beef / Chicken Kibbeh 400 gm,Al Kabeer,Chicken Kibbeh-Frozen,No Variant,Frozen Kofta / Kibbeh & Meat Balls,400 gm,1,CBK,BEEF KIBBEH 400,400 Gms x 12 Pkts,KOFTA-KIBBEH-FELAFEL,92.08,70.0,85.5,exact,20.88,1,auto_high_confidence
16007,35421802,Al Kabeer Chicken/Beef Kibbeh 400gms,Al Kabeer,Beef Kibbeh-Frozen,No Variant,Frozen Kofta / Kibbeh & Meat Balls,400 gm,1,CBK,BEEF KIBBEH 400,400 Gms x 12 Pkts,KOFTA-KIBBEH-FELAFEL,92.08,70.0,85.5,exact,21.38,1,auto_high_confidence
16111,35676557,Al Kabeer Frozen Chicken Samosas 12 pcs 240 gm,Al Kabeer,Samosa-Frozen,Chicken,"Frozen Pizzas, Wraps, Sandwiches",240 gm,1,CCSAK,12 CHEESE SAMOSAS,240 Gms x 20 Pkts,SAMOSA,90.91,66.67,85.5,exact,21.56,1,auto_high_confidence
16120,35679716,ALKABEER CHICKEN / BEEF KIBBEH 400 gm,Al Kabeer,Beef Kibbeh-Frozen,No Variant,Frozen Kofta / Kibbeh & Meat Balls,400 gm,1,CBK,BEEF KIBBEH 400,400 Gms x 12 Pkts,KOFTA-KIBBEH-FELAFEL,92.08,70.0,85.5,exact,20.88,1,auto_high_confidence
16121,35679716,ALKABEER CHICKEN / BEEF KIBBEH 400 gm,Al Kabeer,Chicken Kibbeh-Frozen,No Variant,Frozen Kofta / Kibbeh & Meat Balls,400 gm,1,CBK,BEEF KIBBEH 400,400 Gms x 12 Pkts,KOFTA-KIBBEH-FELAFEL,92.08,70.0,85.5,exact,20.88,1,auto_high_confidence
16124,35683607,"Al Kabeer CHEESE OR MUTTON SAMOSAS, OR CHEESE SPRING ROLLS, 240 gm ",Al Kabeer,Samosa-Frozen,Other-Veg,"Frozen Pizzas, Wraps, Sandwiches",240 gm,1,CCSAK,12 CHEESE SAMOSAS,240 Gms x 20 Pkts,SAMOSA,91.5,68.35,85.5,exact,15.57,1,auto_high_confidence
16126,35683607,"Al Kabeer CHEESE OR MUTTON SAMOSAS, OR CHEESE SPRING ROLLS, 240 gm ",Al Kabeer,Samosa-Frozen,Mutton,"Frozen Pizzas, Wraps, Sandwiches",240 gm,1,CCSAK,12 CHEESE SAMOSAS,240 Gms x 20 Pkts,SAMOSA,91.5,68.35,85.5,exact,14.99,1,auto_high_confidence
16146,35701317,Al Kabeer Fish Sticks 1kg,Al Kabeer,Fish Fingers,No Variant,Breaded Seafood,1 kg,1,CFSA,FISH STICKS BULK,1 Kgs x 5 Pkts,STICKS & FINGERS,89.4,80.0,76.0,exact,13.75,1,auto_high_confidence
16162,35715158,Al Kabeer CHICKEN KIBBEH 400gm,Al Kabeer,Chicken Kibbeh-Frozen,No Variant,Frozen Kofta / Kibbeh & Meat Balls,400 gm,1,CBK,BEEF KIBBEH 400,400 Gms x 12 Pkts,KOFTA-KIBBEH-FELAFEL,89.68,63.16,85.5,exact,20.69,1,auto_high_confidence
16174,35754579,Al Kabeer Chicken / Beef Kibbeh 400 gms,Al Kabeer,Chicken Kibbeh-Frozen,No Variant,Frozen Kofta / Kibbeh & Meat Balls,400 gm,1,CBK,BEEF KIBBEH 400,400 Gms x 12 Pkts,KOFTA-KIBBEH-FELAFEL,92.08,70.0,85.5,exact,20.88,1,auto_high_confidence
16175,35754579,Al Kabeer Chicken / Beef Kibbeh 400 gms,Al Kabeer,Beef Kibbeh-Frozen,No Variant,Frozen Kofta / Kibbeh & Meat Balls,400 gm,1,CBK,BEEF KIBBEH 400,400 Gms x 12 Pkts,KOFTA-KIBBEH-FELAFEL,92.08,70.0,85.5,exact,20.88,1,auto_high_confidence
16201,35845261,Al Kabeer Chicken Burger Breaded Regular/Spicy 400 gm,Al Kabeer,Chicken Burger-Frozen,Breaded,Frozen Burger,400 gm,1,CKBBS,8 BREADED CHICKEN BURGER HOT & SPICY,400 gm x 12 Pkts,BURGERS,100.0,92.31,87.69,exact,10.28,1,auto_high_confidence
16202,35845261,Al Kabeer Chicken Burger Breaded Regular/Spicy 400 gm,Al Kabeer,Chicken Burger-Frozen,Unbreaded,Frozen Burger,400 gm,1,CCCB,CHICKEN BIRYANI 400,400 Gms x 12 Pkts,READY2EAT,90.26,64.81,85.5,exact,17.79,1,auto_high_confidence
16231,35900076,Al Kabeer Chicken Kibbeh 400gm,Al Kabeer,Chicken Kibbeh-Frozen,No Variant,Frozen Kofta / Kibbeh & Meat Balls,400 gm,1,CBK,BEEF KIBBEH 400,400 Gms x 12 Pkts,KOFTA-KIBBEH-FELAFEL,89.68,63.16,85.5,exact,20.69,1,auto_high_confidence
16263,35914980,ALKABEER CHICKEN / BEEF KIBBEH 400 gm,Al Kabeer,Beef Kibbeh-Frozen,No Variant,Frozen Kofta / Kibbeh & Meat Balls,400 gm,1,CBK,BEEF KIBBEH 400,400 Gms x 12 Pkts,KOFTA-KIBBEH-FELAFEL,92.08,70.0,85.5,exact,20.88,1,auto_high_confidence
16264,35914980,ALKABEER CHICKEN / BEEF KIBBEH 400 gm,Al Kabeer,Chicken Kibbeh-Frozen,No Variant,Frozen Kofta / Kibbeh & Meat Balls,400 gm,1,CBK,BEEF KIBBEH 400,400 Gms x 12 Pkts,KOFTA-KIBBEH-FELAFEL,92.08,70.0,85.5,exact,20.88,1,auto_high_confidence
16308,35938236,Al Kabeer Samosas Mutton/Cheese Cheese Spring Rolls 240 gm,Al Kabeer,Samosa-Frozen,Mutton,"Frozen Pizzas, Wraps, Sandwiches",240 gm,1,CCSAK,12 CHEESE SAMOSAS,240 Gms x 20 Pkts,SAMOSA,91.5,68.35,85.5,exact,31.98,1,auto_high_confidence
16309,35938236,Al Kabeer Samosas Mutton/Cheese Cheese Spring Rolls 240 gm,Al Kabeer,Samosa-Frozen,Other-Veg,"Frozen Pizzas, Wraps, Sandwiches",240 gm,1,CCSAK,12 CHEESE SAMOSAS,240 Gms x 20 Pkts,SAMOSA,91.5,68.35,85.5,exact,15.27,1,auto_high_confidence
16375,35950046,Breaded Chicken Burgers 400 gm,Al Kabeer,Chicken Burger-Frozen,Breaded,Frozen Burger,400 gm,1,CKBBS,8 BREADED CHICKEN BURGER HOT & SPICY,400 gm x 12 Pkts,BURGERS,100.0,91.14,86.58,exact,17.97,1,auto_high_confidence
16445,36138361,Al Kabeer BEEF OR CHICKEN KIBBEH 400 gm,Al Kabeer,Beef Kibbeh-Frozen,No Variant,Frozen Kofta / Kibbeh & Meat Balls,400 gm,1,CBK,BEEF KIBBEH 400,400 Gms x 12 Pkts,KOFTA-KIBBEH-FELAFEL,92.08,70.0,85.5,exact,20.69,1,auto_high_confidence
16452,36138507,Alkabeer CHICKEN / BEEF KIBBEH 400 gm,Al Kabeer,Beef Kibbeh-Frozen,No Variant,Frozen Kofta / Kibbeh & Meat Balls,400 gm,1,CBK,BEEF KIBBEH 400,400 Gms x 12 Pkts,KOFTA-KIBBEH-FELAFEL,92.08,70.0,85.5,exact,20.88,1,auto_high_confidence
16453,36138507,Alkabeer CHICKEN / BEEF KIBBEH 400 gm,Al Kabeer,Chicken Kibbeh-Frozen,No Variant,Frozen Kofta / Kibbeh & Meat Balls,400 gm,1,CBK,BEEF KIBBEH 400,400 Gms x 12 Pkts,KOFTA-KIBBEH-FELAFEL,92.08,70.0,85.5,exact,20.88,1,auto_high_confidence
16503,36147234,Al Kabeer Breaded Chicken Burgers 400 gm,Al Kabeer,Chicken Burger-Frozen,Breaded,Frozen Burger,400 gm,1,CKBBS,8 BREADED CHICKEN BURGER HOT & SPICY,400 gm x 12 Pkts,BURGERS,100.0,91.14,86.58,exact,17.97,1,auto_high_confidence
16616,36295924,Al Kabeer Breaded Chicken Burgers 8 pcs 400 gm,Al Kabeer,Chicken Burger-Frozen,Breaded,Frozen Burger,400 gm,1,CKBBS,8 BREADED CHICKEN BURGER HOT & SPICY,400 gm x 12 Pkts,BURGERS,100.0,92.13,87.53,exact,41.36,1,auto_high_confidence
16628,36299114,Al Kabeer Chicken Burgers 400 gm,Al Kabeer,Chicken Burger-Frozen,Breaded,Frozen Burger,400 gm,1,CKBBS,8 BREADED CHICKEN BURGER HOT & SPICY,400 gm x 12 Pkts,BURGERS,100.0,91.14,86.58,exact,10.06,1,auto_high_confidence
16633,36299267,Al Kabeer Breaded Chicken Burgers 400 gm ,Al Kabeer,Chicken Burger-Frozen,Breaded,Frozen Burger,400 gm,1,CKBBS,8 BREADED CHICKEN BURGER HOT & SPICY,400 gm x 12 Pkts,BURGERS,100.0,91.14,86.58,exact,17.97,1,auto_high_confidence
16729,36478386,Al Kabeer Breaded Chicken Burgers 400 gm,Al Kabeer,Chicken Burger-Frozen,Breaded,Frozen Burger,400 gm,1,CKBBS,8 BREADED CHICKEN BURGER HOT & SPICY,400 gm x 12 Pkts,BURGERS,100.0,91.14,86.58,exact,17.97,1,auto_high_confidence
16743,36486716,Al Kabeer 8's Chicken Burger 400 gm,Al Kabeer,Chicken Burger-Frozen,Breaded,Frozen Burger,400 gm,1,CKBBS,8 BREADED CHICKEN BURGER HOT & SPICY,400 gm x 12 Pkts,BURGERS,96.13,86.96,82.61,exact,11.69,1,auto_high_confidence
16830,36700471,"Al Kabeer CHEESE OR MUTTON SAMOSAS, OR CHEESE SPRING ROLLS, 240 gm",Al Kabeer,Samosa-Frozen,Mutton,"Frozen Pizzas, Wraps, Sandwiches",240 gm,1,CCSAK,12 CHEESE SAMOSAS,240 Gms x 20 Pkts,SAMOSA,91.5,68.35,85.5,exact,14.99,1,auto_high_confidence
16831,36700471,"Al Kabeer CHEESE OR MUTTON SAMOSAS, OR CHEESE SPRING ROLLS, 240 gm",Al Kabeer,Samosa-Frozen,Other-Veg,"Frozen Pizzas, Wraps, Sandwiches",240 gm,1,CCSAK,12 CHEESE SAMOSAS,240 Gms x 20 Pkts,SAMOSA,91.5,68.35,85.5,exact,15.57,1,auto_high_confidence
16876,36721722,Al Kabeer - Samosas Mutton/Cheese Cheese Spring Rolls 240 gm,Al Kabeer,Samosa-Frozen,Other-Veg,"Frozen Pizzas, Wraps, Sandwiches",240 gm,1,CCSAK,12 CHEESE SAMOSAS,240 Gms x 20 Pkts,SAMOSA,91.5,68.35,85.5,exact,15.27,1,auto_high_confidence
16877,36721722,Al Kabeer - Samosas Mutton/Cheese Cheese Spring Rolls 240 gm,Al Kabeer,Samosa-Frozen,Mutton,"Frozen Pizzas, Wraps, Sandwiches",240 gm,1,CCSAK,12 CHEESE SAMOSAS,240 Gms x 20 Pkts,SAMOSA,91.5,68.35,85.5,exact,31.98,1,auto_high_confidence
16889,36724733,Al Kabeer Breaded Chicken Burgers 400 gm ,Al Kabeer,Chicken Burger-Frozen,Breaded,Frozen Burger,400 gm,1,CKBBS,8 BREADED CHICKEN BURGER HOT & SPICY,400 gm x 12 Pkts,BURGERS,100.0,91.14,86.58,exact,17.97,1,auto_high_confidence
16946,36882290,"Al Kabeer CHICKEN & CHEESE STICKS, 1 kg",Al Kabeer,Chicken Cheese Stick-Frozen,No Variant,Frozen Barbeque Products,1 kg,1,CCKSB,CHICKEN STICKS BULK,1 Kgs x 5 Pkts,STICKS & FINGERS,91.97,69.7,85.5,exact,9.23,1,auto_high_confidence
16982,36898993,Al Kabeer Breaded Chicken Burgers 400 gm,Al Kabeer,Chicken Burger-Frozen,Breaded,Frozen Burger,400 gm,1,CKBBS,8 BREADED CHICKEN BURGER HOT & SPICY,400 gm x 12 Pkts,BURGERS,100.0,91.14,86.58,exact,17.97,1,auto_high_confidence
17047,37048220,"Al Kabeer CHEESE OR MUTTON SAMOSAS, OR CHEESE SPRING ROLLS, 240 gm",Al Kabeer,Samosa-Frozen,Mutton,"Frozen Pizzas, Wraps, Sandwiches",240 gm,1,CCSAK,12 CHEESE SAMOSAS,240 Gms x 20 Pkts,SAMOSA,91.5,68.35,85.5,exact,14.99,1,auto_high_confidence
17049,37048220,"Al Kabeer CHEESE OR MUTTON SAMOSAS, OR CHEESE SPRING ROLLS, 240 gm",Al Kabeer,Samosa-Frozen,Other-Veg,"Frozen Pizzas, Wraps, Sandwiches",240 gm,1,CCSAK,12 CHEESE SAMOSAS,240 Gms x 20 Pkts,SAMOSA,91.5,68.35,85.5,exact,15.57,1,auto_high_confidence
17208,37259478,Al Kabeer Zing Chicken Fillets 465 gm,Al Kabeer,Chicken Fillets-Frozen,Spicy,Zing,465 gm,1,CKZF,ZING CHICKEN FILLETS 465,465 Gms x 12 Pkts,FILLETS,89.59,80.0,76.29,exact,22.76,1,auto_high_confidence
17228,37265190,Al Kabeer Chicken Kibbeh 400gm,Al Kabeer,Chicken Kibbeh-Frozen,No Variant,Frozen Kofta / Kibbeh & Meat Balls,400 gm,1,CBK,BEEF KIBBEH 400,400 Gms x 12 Pkts,KOFTA-KIBBEH-FELAFEL,89.68,63.16,85.5,exact,20.69,1,auto_high_confidence
17315,37447166,Al Kabeer Zing Chicken Fillets 465 gm,Al Kabeer,Chicken Fillets-Frozen,Spicy,Zing,465 gm,1,CKZF,ZING CHICKEN FILLETS 465,465 Gms x 12 Pkts,FILLETS,89.59,80.0,76.29,exact,22.76,1,auto_high_confidence
17364,37592544,Al Kabeer Breaded Chicken Burgers 840 gm,Al Kabeer,Chicken Burger-Frozen,Breaded,Frozen Burger,840 gm,1,CKBBADPR,AK PRO Breaded Chicken Burger Bag 840 g. x 8,840 gm x 8,BURGERS,100.0,91.14,86.58,exact,29.82,1,auto_high_confidence
17371,37603514,Al Kabeer Chicken Seekh Kebab 320 gm,Al Kabeer,Chicken Kibbeh-Frozen,No Variant,Frozen Kofta / Kibbeh & Meat Balls,400 gm,1,CBK,BEEF KIBBEH 400,400 Gms x 12 Pkts,KOFTA-KIBBEH-FELAFEL,89.04,61.33,85.5,exact,19.68,1,auto_high_confidence
17423,37685548,Al Kabeer Zing Chicken Fillets 465 gm,Al Kabeer,Chicken Fillets-Frozen,Spicy,Zing,465 gm,1,CKZF,ZING CHICKEN FILLETS 465,465 Gms x 12 Pkts,FILLETS,89.59,80.0,76.29,exact,22.76,1,auto_high_confidence
17515,37845203,Al Kabeer Zing Chicken Fillet Spicy / Non Spicy 750 gm,Al Kabeer,Chicken Fillets-Frozen,Spicy,Zing,750 gm,1,CKZFNS,ZING CHICKEN FILLET NON-SPICY,8 X 750 GMS,FILLETS,100.0,92.47,87.85,exact,45.95,1,auto_high_confidence
17584,37873204,Al Kabeer Breaded Chicken Burgers 400 gm,Al Kabeer,Chicken Burger-Frozen,Breaded,Frozen Burger,400 gm,1,CKBBS,8 BREADED CHICKEN BURGER HOT & SPICY,400 gm x 12 Pkts,BURGERS,100.0,91.14,86.58,exact,17.97,1,auto_high_confidence
17590,37906749,Al Kabeer Chicken Strips Non-spicy 750 gm,Al Kabeer,Chicken Strips-Frozen,No Variant,Zing,750 gm,1,CKZSNS,ZING CHICKEN STRIPS NON-SPICY,8 X 750 GMS,STRIPS,91.68,82.35,78.24,exact,37.72,1,auto_high_confidence
17644,38053169,Al Kabeer Zing Chicken Strips 320 gm,Al Kabeer,Chicken Strips-Frozen,Spicy,Zing,320 gm,1,CKZS,ZING CHICKEN STRIPS,320 Gms x 20 Pkts,STRIPS,89.58,79.37,76.61,exact,22.92,1,auto_high_confidence
17647,38053974,Al Kabeer Zing Chicken Fillets 465 gm,Al Kabeer,Chicken Fillets-Frozen,Spicy,Zing,465 gm,1,CKZF,ZING CHICKEN FILLETS 465,465 Gms x 12 Pkts,FILLETS,89.59,80.0,76.29,exact,22.76,1,auto_high_confidence
17661,38064614,Al Kabeer Zing Chicken Fillets 465 gm,Al Kabeer,Chicken Fillets-Frozen,Spicy,Zing,465 gm,1,CKZF,ZING CHICKEN FILLETS 465,465 Gms x 12 Pkts,FILLETS,89.59,80.0,76.29,exact,22.76,1,auto_high_confidence
17680,38104943,Al Kabeer Chicken Strips Non-Spicy 750 gm,Al Kabeer,Chicken Strips-Frozen,No Variant,Zing,750 gm,1,CKZSNS,ZING CHICKEN STRIPS NON-SPICY,8 X 750 GMS,STRIPS,91.68,82.35,78.24,exact,37.72,1,auto_high_confidence
17691,38196521,Al Kabeer breaded fish fillet 1 kg,Al Kabeer,Breaded Fish Fillet,No Variant,Breaded Seafood,1 kg,1,CFBFA,BREADED FISH FILLET BULK,1 Kgs x 5 Pkts,FILLETS,94.56,85.33,81.07,exact,11.98,1,auto_high_confidence
17820,38465583,Al Kabeer Breaded Chicken Burgers 840 gm,Al Kabeer,Chicken Burger-Frozen,Breaded,Frozen Burger,840 gm,1,CKBBADPR,AK PRO Breaded Chicken Burger Bag 840 g. x 8,840 gm x 8,BURGERS,100.0,91.14,86.58,exact,29.82,1,auto_high_confidence
17935,38690758,Al Kabeer Zing Fish Fillets (750 gm),Al Kabeer,Breaded shrimp frozen,Spicy,Breaded Seafood,750 gm,1,CFZFB,ZING FISH FILLETS MILD SPICY,750 g. x 8,FILLETS,91.55,82.22,78.11,exact,16.6,1,auto_high_confidence
18043,38906301,Al Kabeer Zing Chicken Strips 320 gm,Al Kabeer,Chicken Strips-Frozen,Spicy,Zing,320 gm,1,CKZS,ZING CHICKEN STRIPS,320 Gms x 20 Pkts,STRIPS,89.58,79.37,76.61,exact,22.92,1,auto_high_confidence
18044,38906305,Al Kabeer Zing Chicken Fillets (465 gm),Al Kabeer,Chicken Fillets-Frozen,Spicy,Zing,465 gm,1,CKZF,ZING CHICKEN FILLETS 465,465 Gms x 12 Pkts,FILLETS,89.59,80.0,76.29,exact,22.76,1,auto_high_confidence
18098,39094997,"Al Kabeer Zing Chicken Strips, 320 gm ",Al Kabeer,Chicken Strips-Frozen,Spicy,Zing,320 gm,1,CKZS,ZING CHICKEN STRIPS,320 Gms x 20 Pkts,STRIPS,89.58,79.37,76.61,exact,22.92,1,auto_high_confidence
18120,39099558,Alkabeer Zing Chicken Strips 320 gm,Al Kabeer,Chicken Strips-Frozen,Spicy,Zing,320 gm,1,CKZS,ZING CHICKEN STRIPS,320 Gms x 20 Pkts,STRIPS,89.58,79.37,76.61,exact,22.92,1,auto_high_confidence
18191,39183489,Al Kabeer Chicken Fillet Bulk 750 gm,Al Kabeer,Chicken Fillets-Frozen,Spicy,Marinated & Breaded,750 gm,1,CKBCFHDA,BREADED CHICKEN FILLET SPICY 750 GMS,750 GMS X 8 PKT,FILLETS,100.0,91.26,86.7,exact,46.64,1,auto_high_confidence
18273,39344616,Al Kabeer Chicken Burgers 840 gm,Al Kabeer,Chicken Burger-Frozen,Breaded,Frozen Burger,840 gm,1,CKBBADPR,AK PRO Breaded Chicken Burger Bag 840 g. x 8,840 gm x 8,BURGERS,100.0,91.14,86.58,exact,10.06,1,auto_high_confidence
18326,39508438,Al Kabeer Seekh Kebab Beef/Chicken 320Gm,Al Kabeer,Seekh Kabab-Frozen,No Variant,Frozen Kabab ,320 gm,1,CKBS,8 BEEF SEEKH KEBAB,320 Gms x 24 Pkts,KEBAB,90.56,65.67,85.5,exact,36.83,1,auto_high_confidence
18515,16674173,Al Kabeer Plain 2x400gm,Al Kabeer,Paratha-Frozen,No Variant,Frozen Pranthas,400 gm,1,VPRWWP,Plain Paratha + Free Wheat Paratha Promo 400+400 g. x 12,400+400G X 12,PARATHA-WRAPS,90.91,66.67,85.5,exact,14.41,1,auto_high_confidence
18528,16760450,Al Kabeer  ZING CHICKEN STRIPS 2X320 gm,Al Kabeer,Chicken Strips-Frozen,Spicy,Zing,320 gm,1,CKZS,ZING CHICKEN STRIPS,320 Gms x 20 Pkts,STRIPS,89.56,78.26,77.19,exact,23.4,1,auto_high_confidence
18665,17493878,Al Kabeer Zing Chicken Strips 2x320gm,Al Kabeer,Chicken Strips-Frozen,Spicy,Zing,320 gm,1,CKZS,ZING CHICKEN STRIPS,320 Gms x 20 Pkts,STRIPS,88.23,75.56,76.59,exact,23.22,1,auto_high_confidence
18720,18095106,Al Kabeer Zing Chicken Strips 2x320gm,Al Kabeer,Chicken Strips-Frozen,Spicy,Zing,320 gm,1,CKZS,ZING CHICKEN STRIPS,320 Gms x 20 Pkts,STRIPS,88.23,75.56,76.59,exact,23.22,1,auto_high_confidence
18754,18445664,Al Kabeer Zng Chckn Fillts 465 Gm x 2,Al Kabeer,Chicken Fillets-Frozen,Spicy,Zing,465 gm,1,CKZF,ZING CHICKEN FILLETS 465,465 Gms x 12 Pkts,FILLETS,91.38,82.05,77.95,exact,26.52,1,auto_high_confidence
18872,19748613,Al Kabeer zing chicken stripes 320gm x 2 pieces ,Al Kabeer,Chicken Strips-Frozen,Spicy,Zing,320 gm,1,CKZS,ZING CHICKEN STRIPS,320 Gms x 20 Pkts,STRIPS,89.4,80.0,76.0,exact,14.51,1,auto_high_confidence
18971,21778488,Al Kabeer Chicken Burgers 840GM,Al Kabeer,Chicken Burger-Frozen,Breaded,Frozen Burger,840 gm,1,CKBBADPR,AK PRO Breaded Chicken Burger Bag 840 g. x 8,840 gm x 8,BURGERS,96.95,87.8,83.41,exact,30.0,1,auto_high_confidence
19028,22622817,Al Kabeer Zing Chicken Strips 2x320gm,Al Kabeer,Chicken Strips-Frozen,Spicy,Zing,320 gm,1,CKZS,ZING CHICKEN STRIPS,320 Gms x 20 Pkts,STRIPS,88.23,75.56,76.59,exact,23.22,1,auto_high_confidence
19181,24606642,Al Kabeer Zing Chicken Strips  2x320gm,Al Kabeer,Chicken Strips-Frozen,Spicy,Zing,320 gm,1,CKZS,ZING CHICKEN STRIPS,320 Gms x 20 Pkts,STRIPS,88.23,75.56,76.59,exact,23.22,1,auto_high_confidence
19216,25115479,Al Kabeer Zing Chicken Strips 320 gm X2,Al Kabeer,Chicken Strips-Frozen,Spicy,Zing,320 gm,1,CKZS,ZING CHICKEN STRIPS,320 Gms x 20 Pkts,STRIPS,89.56,78.26,77.19,exact,23.4,1,auto_high_confidence
19240,25681848,Al Kabeer mutton or cheese samosa 240 gm 2 pcs,Al Kabeer,Samosa-Frozen,Mutton,"Frozen Pizzas, Wraps, Sandwiches",240 gm,1,CCSAK,12 CHEESE SAMOSAS,240 Gms x 20 Pkts,SAMOSA,89.11,61.54,85.5,exact,31.99,1,auto_high_confidence
19525,30593903,Al Kabeer Zing Chicken Strips 2x320 gm,Al Kabeer,Chicken Strips-Frozen,Spicy,Zing,320 gm,1,CKZS,ZING CHICKEN STRIPS,320 Gms x 20 Pkts,STRIPS,89.56,78.26,77.19,exact,23.4,1,auto_high_confidence
19542,30843574,Al Kabeer zing chicken strips 320 gm 2 pcs,Al Kabeer,Chicken Strips-Frozen,Spicy,Zing,320 gm,1,CKZS,ZING CHICKEN STRIPS,320 Gms x 20 Pkts,STRIPS,88.43,78.87,75.12,exact,22.09,1,auto_high_confidence
19693,33823930,Al Kabeer Beef/Chicken Kabab 2X320 gm,Al Kabeer,Seekh Kabab-Frozen,No Variant,Frozen Kabab ,320 gm,1,CKBS,8 BEEF SEEKH KEBAB,320 Gms x 24 Pkts,KEBAB,89.22,61.86,85.5,exact,33.58,1,auto_high_confidence
19921,39184597,Al Kabeer Beef/Chicken Kabab 2X320 gm,Al Kabeer,Seekh Kabab-Frozen,No Variant,Frozen Kabab ,320 gm,1,CKBS,8 BEEF SEEKH KEBAB,320 Gms x 24 Pkts,KEBAB,89.22,61.86,85.5,exact,33.58,1,auto_high_confidence
20089,22390677,AL KABEER CHICKEN BURGERS 3PCS X 200GM,Al Kabeer,Chicken Burger-Frozen,Unbreaded,Frozen Burger,200 gm,1,CBBO,4 BEEF BURGERS,200 Gms x 30 Pkt,BURGERS,89.95,63.92,85.5,exact,32.37,1,auto_high_confidence
