dump_offer_id,dump_product,dump_product_field,dump_variant,offer_type,expected_match_count,primary_protein,mentioned_proteins,is_mixed_protein_offer,mentioned_product_families,is_multi_family_offer,contains_non_meat_product,dump_spice_variant,unit_pack_weight_g,number_of_units,bonus_weight_g,total_offer_weight_g,piece_count,pack_structure,master_itemcode,master_itemname,master_item_spec,master_unit_weight_g,master_units_per_carton,protein_match,family_match,variant_match,size_match,pack_format_match,word_similarity,character_similarity,token_similarity,match_score,label,label_status,training_eligible,pair_type,match_status,label_source,review_status
D0000,Al Kabeer Jumbo Beef / Chicken Burgers 1kg,Beef Burger-Frozen,Unbreaded,multiple_choice,2,,beef|chicken,1,burgers,0,0,unspecified,1000.0,1.0,,1000.0,,single_pack,CKKBJ,JUMBO BREADED CHICKEN BURGER 100G BULK,1000 GM X 6 PKTS,1000.0,6.0,1,1,1,1,1,53.3,54.5,64.4,58.9,1,confirmed_positive,1,positive,requires_business_review,rule_generated,needs_review
D0000,Al Kabeer Jumbo Beef / Chicken Burgers 1kg,Beef Burger-Frozen,Unbreaded,multiple_choice,2,,beef|chicken,1,burgers,0,0,unspecified,1000.0,1.0,,1000.0,,single_pack,CKBB,8 BREADED CHICKEN BURGERS,400 Gms x 12 Pkts,400.0,12.0,1,1,1,0,1,54.3,51.4,62.4,58.3,0,confirmed_negative,1,hard_negative_pack_size,requires_business_review,rule_generated,needs_review
D0000,Al Kabeer Jumbo Beef / Chicken Burgers 1kg,Beef Burger-Frozen,Unbreaded,multiple_choice,2,,beef|chicken,1,burgers,0,0,unspecified,1000.0,1.0,,1000.0,,single_pack,CSPCAPR,AK PRO JUMBO PRAWN CRISPIES,10 X 1 KGS,1000.0,,0,1,1,1,1,34.7,38.9,40.0,37.4,0,confirmed_negative,1,hard_negative_protein,requires_business_review,rule_generated,needs_review
D0000,Al Kabeer Jumbo Beef / Chicken Burgers 1kg,Beef Burger-Frozen,Unbreaded,multiple_choice,2,,beef|chicken,1,burgers,0,0,unspecified,1000.0,1.0,,1000.0,,single_pack,VCB10A,BONELESS CHICKEN BREAST 10,2 kg x 5 Pkts,2000.0,5.0,1,0,1,0,1,49.3,42.5,47.9,48.6,0,confirmed_negative,1,hard_negative_type,requires_business_review,rule_generated,needs_review
D0000,Al Kabeer Jumbo Beef / Chicken Burgers 1kg,Beef Burger-Frozen,Unbreaded,multiple_choice,2,,beef|chicken,1,burgers,0,0,unspecified,1000.0,1.0,,1000.0,,single_pack,MC40,MUTTON CUBES,2 lbs x 20 Pkts,907.184,20.0,0,0,1,1,1,35.9,29.1,36.2,36.0,0,confirmed_negative,1,easy_negative,requires_business_review,rule_generated,needs_review
D0002,Al Kabeer Burger Beef Onion 24'S,Beef Burger-Frozen,Unbreaded,single_product,1,beef,beef,0,burgers,0,0,unspecified,,,,,24.0,piece_count,CBBO24,24 BEEF BURGERS,1.2 Kgs x 8 Pkts,1200.0,8.0,1,1,1,1,1,60.6,55.0,51.9,56.2,1,confirmed_positive,1,positive,exact_single_sku,rule_generated,approved
D0002,Al Kabeer Burger Beef Onion 24'S,Beef Burger-Frozen,Unbreaded,single_product,1,beef,beef,0,burgers,0,0,unspecified,,,,,24.0,piece_count,CBBOT,TAYEBAT BEEF BURGERS ONION BULK,1 Kgs x 9 Pkts,1000.0,9.0,1,1,1,0,1,56.1,50.4,56.5,56.3,0,confirmed_negative,1,hard_negative_pack_size,exact_single_sku,rule_generated,approved
D0002,Al Kabeer Burger Beef Onion 24'S,Beef Burger-Frozen,Unbreaded,single_product,1,beef,beef,0,burgers,0,0,unspecified,,,,,24.0,piece_count,CKBB,8 BREADED CHICKEN BURGERS,400 Gms x 12 Pkts,400.0,12.0,0,1,1,0,1,50.8,43.1,45.7,48.2,0,confirmed_negative,1,hard_negative_protein,exact_single_sku,rule_generated,approved
D0002,Al Kabeer Burger Beef Onion 24'S,Beef Burger-Frozen,Unbreaded,single_product,1,beef,beef,0,burgers,0,0,unspecified,,,,,24.0,piece_count,CKBS,8 BEEF SEEKH KEBAB,320 Gms x 24 Pkts,320.0,24.0,1,0,1,0,1,47.4,35.1,45.8,46.6,0,confirmed_negative,1,hard_negative_type,exact_single_sku,rule_generated,approved
D0002,Al Kabeer Burger Beef Onion 24'S,Beef Burger-Frozen,Unbreaded,single_product,1,beef,beef,0,burgers,0,0,unspecified,,,,,24.0,piece_count,CKBCFNSAP,Breaded Chicken Fillets Non Spicy +33% Free,(750 g. + 250 g.) x 8,750.0,,0,0,1,0,1,29.4,30.6,32.4,30.9,0,confirmed_negative,1,easy_negative,exact_single_sku,rule_generated,approved
D0003,Al Kabeer Chicken /Beef Burger 200 gm,Beef Burger-Frozen,Unbreaded,multiple_choice,2,,beef|chicken,1,burgers,0,0,unspecified,200.0,1.0,,200.0,,single_pack,CKKB,4 CHICKEN BURGERS,200 Gms x 30 Pkts,200.0,30.0,1,1,1,1,1,55.5,50.4,55.3,55.4,1,confirmed_positive,1,positive,requires_business_review,rule_generated,needs_review
D0003,Al Kabeer Chicken /Beef Burger 200 gm,Beef Burger-Frozen,Unbreaded,multiple_choice,2,,beef|chicken,1,burgers,0,0,unspecified,200.0,1.0,,200.0,,single_pack,CKKB8,8 CHICKEN BURGERS,400 Gms x 20 Pkts,400.0,20.0,1,1,1,0,1,57.1,48.7,57.4,57.3,0,confirmed_negative,1,hard_negative_pack_size,requires_business_review,rule_generated,needs_review
D0003,Al Kabeer Chicken /Beef Burger 200 gm,Beef Burger-Frozen,Unbreaded,multiple_choice,2,,beef|chicken,1,burgers,0,0,unspecified,200.0,1.0,,200.0,,single_pack,VSC10,SWEET CORN BULK,1 kg x 10 Pkts,1000.0,10.0,0,1,1,0,1,37.9,34.5,40.8,39.4,0,confirmed_negative,1,hard_negative_protein,requires_business_review,rule_generated,needs_review
D0003,Al Kabeer Chicken /Beef Burger 200 gm,Beef Burger-Frozen,Unbreaded,multiple_choice,2,,beef|chicken,1,burgers,0,0,unspecified,200.0,1.0,,200.0,,single_pack,VCB10A,BONELESS CHICKEN BREAST 10,2 kg x 5 Pkts,2000.0,5.0,1,0,1,0,1,46.8,42.6,50.9,48.9,0,confirmed_negative,1,hard_negative_type,requires_business_review,rule_generated,needs_review
D0003,Al Kabeer Chicken /Beef Burger 200 gm,Beef Burger-Frozen,Unbreaded,multiple_choice,2,,beef|chicken,1,burgers,0,0,unspecified,200.0,1.0,,200.0,,single_pack,CFBF,BREADED FISH FILLET,330 Gms x 20 Pkts,330.0,20.0,0,0,1,0,1,35.8,34.1,35.0,35.4,0,confirmed_negative,1,easy_negative,requires_business_review,rule_generated,needs_review
D0008,Al Kabeer Beef Franks 454gm,Beef Franks-Frozen,No Variant,single_product,1,beef,beef,0,hotdog,0,0,unspecified,454.0,1.0,,454.0,,single_pack,CFB,BEEF FRANKS,454 Gms x 20 Pkts,454.0,20.0,1,1,1,1,1,63.6,56.8,59.2,61.4,1,confirmed_positive,1,positive,exact_single_sku,rule_generated,approved
D0008,Al Kabeer Beef Franks 454gm,Beef Franks-Frozen,No Variant,single_product,1,beef,beef,0,hotdog,0,0,unspecified,454.0,1.0,,454.0,,single_pack,CVFAG,FELAFEL GREEN BULK,1 Kgs x 5 Pkts,1000.0,5.0,1,1,1,0,1,43.2,37.8,42.4,42.8,0,confirmed_negative,1,hard_negative_pack_size,exact_single_sku,rule_generated,approved
D0008,Al Kabeer Beef Franks 454gm,Beef Franks-Frozen,No Variant,single_product,1,beef,beef,0,hotdog,0,0,unspecified,454.0,1.0,,454.0,,single_pack,VFDC,Chicken Frank 340 G  x 24,340 gm x 24 Pkts,340.0,24.0,0,1,1,0,1,40.7,36.5,40.5,40.6,0,confirmed_negative,1,hard_negative_protein,exact_single_sku,rule_generated,approved
D0008,Al Kabeer Beef Franks 454gm,Beef Franks-Frozen,No Variant,single_product,1,beef,beef,0,hotdog,0,0,unspecified,454.0,1.0,,454.0,,single_pack,CKBS,8 BEEF SEEKH KEBAB,320 Gms x 24 Pkts,320.0,24.0,1,0,1,0,1,46.5,40.4,50.0,48.2,0,confirmed_negative,1,hard_negative_type,exact_single_sku,rule_generated,approved
D0008,Al Kabeer Beef Franks 454gm,Beef Franks-Frozen,No Variant,single_product,1,beef,beef,0,hotdog,0,0,unspecified,454.0,1.0,,454.0,,single_pack,CKZN,ZING CHICKEN NUGGETS REGULAR,270 Gms x 20 Pkts,270.0,20.0,0,0,1,0,1,26.4,33.1,27.5,27.0,0,confirmed_negative,1,easy_negative,exact_single_sku,rule_generated,approved
D0009,Alkabeer Seekh Beef Kebab 320 Gm,Beef Kebabs-Frozen,No Variant,single_product,1,beef,beef,0,kebab,0,0,unspecified,320.0,1.0,,320.0,,single_pack,CKBS,8 BEEF SEEKH KEBAB,320 Gms x 24 Pkts,320.0,24.0,1,1,1,1,1,65.4,57.7,72.5,68.9,1,confirmed_positive,1,positive,exact_single_sku,rule_generated,approved
D0009,Alkabeer Seekh Beef Kebab 320 Gm,Beef Kebabs-Frozen,No Variant,single_product,1,beef,beef,0,kebab,0,0,unspecified,320.0,1.0,,320.0,,single_pack,CTBK,TURKISH BEEF KEBABS 360,360GM X 20 PKT,360.0,20.0,1,1,1,0,1,55.9,54.1,62.8,59.3,0,confirmed_negative,1,hard_negative_pack_size,exact_single_sku,rule_generated,approved
D0009,Alkabeer Seekh Beef Kebab 320 Gm,Beef Kebabs-Frozen,No Variant,single_product,1,beef,beef,0,kebab,0,0,unspecified,320.0,1.0,,320.0,,single_pack,CKCS,8 CHICKEN SEEKH KEBAB,320 Gms x 24 Pkts,320.0,24.0,0,1,1,1,1,50.9,50.9,62.7,56.8,0,confirmed_negative,1,hard_negative_protein,exact_single_sku,rule_generated,approved
D0009,Alkabeer Seekh Beef Kebab 320 Gm,Beef Kebabs-Frozen,No Variant,single_product,1,beef,beef,0,kebab,0,0,unspecified,320.0,1.0,,320.0,,single_pack,CFB,BEEF FRANKS,454 Gms x 20 Pkts,454.0,20.0,1,0,1,0,1,47.3,45.2,48.2,47.8,0,confirmed_negative,1,hard_negative_type,exact_single_sku,rule_generated,approved
D0009,Alkabeer Seekh Beef Kebab 320 Gm,Beef Kebabs-Frozen,No Variant,single_product,1,beef,beef,0,kebab,0,0,unspecified,320.0,1.0,,320.0,,single_pack,CKJCNA,JUMBO CHICKEN NUGGETS,1 Kgs x 5 Pkts,1000.0,5.0,0,0,1,0,1,33.0,31.2,34.1,33.6,0,confirmed_negative,1,easy_negative,exact_single_sku,rule_generated,approved
D0010,Al Kabeer Turkish Beef Kebabs 360gm,Beef Kebabs-Frozen,No Variant,single_product,1,beef,beef,0,kebab,0,0,unspecified,360.0,1.0,,360.0,,single_pack,CTBK,TURKISH BEEF KEBABS 360,360GM X 20 PKT,360.0,20.0,1,1,1,1,1,71.9,61.4,70.7,71.3,1,confirmed_positive,1,positive,exact_single_sku,rule_generated,approved
D0010,Al Kabeer Turkish Beef Kebabs 360gm,Beef Kebabs-Frozen,No Variant,single_product,1,beef,beef,0,kebab,0,0,unspecified,360.0,1.0,,360.0,,single_pack,CKBS,8 BEEF SEEKH KEBAB,320 Gms x 24 Pkts,320.0,24.0,1,1,1,0,1,59.8,52.3,55.3,57.5,0,confirmed_negative,1,hard_negative_pack_size,exact_single_sku,rule_generated,approved
D0010,Al Kabeer Turkish Beef Kebabs 360gm,Beef Kebabs-Frozen,No Variant,single_product,1,beef,beef,0,kebab,0,0,unspecified,360.0,1.0,,360.0,,single_pack,CKTCK,TURKISH CHICKEN KEBAB,360gms x 20 Pkts,360.0,20.0,0,1,1,1,1,53.6,53.6,56.4,55.0,0,confirmed_negative,1,hard_negative_protein,exact_single_sku,rule_generated,approved
D0010,Al Kabeer Turkish Beef Kebabs 360gm,Beef Kebabs-Frozen,No Variant,single_product,1,beef,beef,0,kebab,0,0,unspecified,360.0,1.0,,360.0,,single_pack,CBBOA,BEEF BURGERS BULK,2 Kgs x 5 Pkts,2000.0,5.0,1,0,1,0,1,48.1,42.3,50.7,49.4,0,confirmed_negative,1,hard_negative_type,exact_single_sku,rule_generated,approved
D0010,Al Kabeer Turkish Beef Kebabs 360gm,Beef Kebabs-Frozen,No Variant,single_product,1,beef,beef,0,kebab,0,0,unspecified,360.0,1.0,,360.0,,single_pack,CKCCSHA,CHICKEN & CHEESE STICKS SPICY BULK,1 kg x 5 Pkts,1000.0,5.0,0,0,1,0,1,34.2,30.1,37.9,36.1,0,confirmed_negative,1,easy_negative,exact_single_sku,rule_generated,approved
D0011,Al Kabeer Beef Kibbeh 400gm,Beef Kibbeh-Frozen,No Variant,single_product,1,beef,beef,0,kibbeh,0,0,unspecified,400.0,1.0,,400.0,,single_pack,CBK,BEEF KIBBEH 400,400 Gms x 12 Pkts,400.0,12.0,1,1,1,1,1,59.3,50.0,57.9,58.6,1,confirmed_positive,1,positive,exact_single_sku,rule_generated,approved
D0011,Al Kabeer Beef Kibbeh 400gm,Beef Kibbeh-Frozen,No Variant,single_product,1,beef,beef,0,kibbeh,0,0,unspecified,400.0,1.0,,400.0,,single_pack,CMBAKAPR,AK PRO Beef Meat Balls 1 kg x 10,1 kg x 10,1000.0,10.0,1,1,1,0,1,37.1,32.3,47.6,42.4,0,confirmed_negative,1,hard_negative_pack_size,exact_single_sku,rule_generated,approved
D0011,Al Kabeer Beef Kibbeh 400gm,Beef Kibbeh-Frozen,No Variant,single_product,1,beef,beef,0,kibbeh,0,0,unspecified,400.0,1.0,,400.0,,single_pack,CKK,CHICKEN KIBBEH 400,400 Gms x 12 Pkts,400.0,12.0,0,1,1,1,1,45.6,43.9,46.0,45.8,0,confirmed_negative,1,hard_negative_protein,exact_single_sku,rule_generated,approved
D0011,Al Kabeer Beef Kibbeh 400gm,Beef Kibbeh-Frozen,No Variant,single_product,1,beef,beef,0,kibbeh,0,0,unspecified,400.0,1.0,,400.0,,single_pack,CKBS,8 BEEF SEEKH KEBAB,320 Gms x 24 Pkts,320.0,24.0,1,0,1,0,1,52.5,44.4,52.9,52.7,0,confirmed_negative,1,hard_negative_type,exact_single_sku,rule_generated,approved
D0011,Al Kabeer Beef Kibbeh 400gm,Beef Kibbeh-Frozen,No Variant,single_product,1,beef,beef,0,kibbeh,0,0,unspecified,400.0,1.0,,400.0,,single_pack,CKCCNS,CHICKEN & CHEESE STICKS HOT & SPICY,250 gm x 20 Pkts,250.0,20.0,0,0,1,0,1,25.2,23.8,26.7,25.9,0,confirmed_negative,1,easy_negative,exact_single_sku,rule_generated,approved
D0013,Al Kabeer Blackberries/Blueberries 350 gm,Blueberries-Frozen,No Variant,single_product,1,,,0,,0,0,unspecified,350.0,1.0,,350.0,,single_pack,VBBD,BLACKBERRIES 350GM,350 gms x 20,350.0,20.0,1,1,1,1,1,58.3,48.3,52.3,55.3,-1,unresolved,0,unresolved_near_tie,no_exact_master_sku,rule_generated,needs_review
D0013,Al Kabeer Blackberries/Blueberries 350 gm,Blueberries-Frozen,No Variant,single_product,1,,,0,,0,0,unspecified,350.0,1.0,,350.0,,single_pack,VBLUD,BLUEBERRIES 350GM,350 gms x 20,350.0,20.0,1,1,1,1,1,57.6,49.2,52.8,55.2,-1,unresolved,0,unresolved_near_tie,no_exact_master_sku,rule_generated,needs_review
D0013,Al Kabeer Blackberries/Blueberries 350 gm,Blueberries-Frozen,No Variant,single_product,1,,,0,,0,0,unspecified,350.0,1.0,,350.0,,single_pack,VBLU,BLUEBERRY,400 gms x 20,400.0,20.0,1,1,1,0,1,51.0,43.1,51.0,51.0,0,confirmed_negative,1,hard_negative_pack_size,no_exact_master_sku,rule_generated,needs_review
D0019,Al Kabeer Breaded Fish Fillet 1 Kilo,Breaded Fish Fillet,No Variant,single_product,1,fish,fish,0,fillet,0,0,unspecified,1000.0,1.0,,1000.0,,single_pack,CFBFA,BREADED FISH FILLET BULK,1 Kgs x 5 Pkts,1000.0,5.0,1,1,1,1,1,69.3,67.7,69.1,69.2,1,confirmed_positive,1,positive,exact_single_sku,rule_generated,approved
D0019,Al Kabeer Breaded Fish Fillet 1 Kilo,Breaded Fish Fillet,No Variant,single_product,1,fish,fish,0,fillet,0,0,unspecified,1000.0,1.0,,1000.0,,single_pack,CFBF,BREADED FISH FILLET,330 Gms x 20 Pkts,330.0,20.0,1,1,1,0,1,71.7,70.0,69.1,70.4,0,confirmed_negative,1,hard_negative_pack_size,exact_single_sku,rule_generated,approved
D0019,Al Kabeer Breaded Fish Fillet 1 Kilo,Breaded Fish Fillet,No Variant,single_product,1,fish,fish,0,fillet,0,0,unspecified,1000.0,1.0,,1000.0,,single_pack,CKBCF,BREADED CHICKEN FILLETS,450 Gms x 12 Pkts,450.0,12.0,0,1,1,0,1,62.5,56.2,57.1,59.8,0,confirmed_negative,1,hard_negative_protein,exact_single_sku,rule_generated,approved
D0019,Al Kabeer Breaded Fish Fillet 1 Kilo,Breaded Fish Fillet,No Variant,single_product,1,fish,fish,0,fillet,0,0,unspecified,1000.0,1.0,,1000.0,,single_pack,CFSA,FISH STICKS BULK,1 Kgs x 5 Pkts,1000.0,5.0,1,0,1,1,1,41.7,35.0,44.4,43.1,0,confirmed_negative,1,hard_negative_type,exact_single_sku,rule_generated,approved
D0019,Al Kabeer Breaded Fish Fillet 1 Kilo,Breaded Fish Fillet,No Variant,single_product,1,fish,fish,0,fillet,0,0,unspecified,1000.0,1.0,,1000.0,,single_pack,CKBBAD,Breaded Chicken Burger Bag (56 g.),840 g. x 9,840.0,,0,0,1,0,1,42.0,36.4,39.1,40.5,0,confirmed_negative,1,easy_negative,exact_single_sku,rule_generated,approved
D0020,Al Kabeer Breaded Fish Fillets 330 gm,Breaded Fish Fillet,No Variant,single_product,1,fish,fish,0,fillet,0,0,unspecified,330.0,1.0,,330.0,,single_pack,CFBF,BREADED FISH FILLET,330 Gms x 20 Pkts,330.0,20.0,1,1,1,1,1,77.7,66.1,76.1,76.9,1,confirmed_positive,1,positive,exact_single_sku,rule_generated,approved
D0020,Al Kabeer Breaded Fish Fillets 330 gm,Breaded Fish Fillet,No Variant,single_product,1,fish,fish,0,fillet,0,0,unspecified,330.0,1.0,,330.0,,single_pack,CFBFA,BREADED FISH FILLET BULK,1 Kgs x 5 Pkts,1000.0,5.0,1,1,1,0,1,70.3,64.1,76.1,73.2,0,confirmed_negative,1,hard_negative_pack_size,exact_single_sku,rule_generated,approved
D0020,Al Kabeer Breaded Fish Fillets 330 gm,Breaded Fish Fillet,No Variant,single_product,1,fish,fish,0,fillet,0,0,unspecified,330.0,1.0,,330.0,,single_pack,CKBCF,BREADED CHICKEN FILLETS,450 Gms x 12 Pkts,450.0,12.0,0,1,1,0,1,62.0,55.8,65.2,63.6,0,confirmed_negative,1,hard_negative_protein,exact_single_sku,rule_generated,approved
D0020,Al Kabeer Breaded Fish Fillets 330 gm,Breaded Fish Fillet,No Variant,single_product,1,fish,fish,0,fillet,0,0,unspecified,330.0,1.0,,330.0,,single_pack,CFS,FISH FINGERS 300,300 Gms x 20 Pkts,300.0,20.0,1,0,1,1,1,48.4,41.9,40.0,44.2,0,confirmed_negative,1,hard_negative_type,exact_single_sku,rule_generated,approved
D0020,Al Kabeer Breaded Fish Fillets 330 gm,Breaded Fish Fillet,No Variant,single_product,1,fish,fish,0,fillet,0,0,unspecified,330.0,1.0,,330.0,,single_pack,CMSA,12 MUTTON SAMOSAS,240 Gms x 20 Pkts,240.0,20.0,0,0,1,0,1,25.9,27.6,28.0,26.9,0,confirmed_negative,1,easy_negative,exact_single_sku,rule_generated,approved
D0021,Al Kabeer Breeded Chicken Fillet 750 gm,Breaded Fish Fillet,No Variant,single_product,1,,chicken|fish,1,fillet,0,0,unspecified,750.0,1.0,,750.0,,single_pack,CKBCFHDA,BREADED CHICKEN FILLET SPICY 750 GMS,750 GMS X 8 PKT,750.0,8.0,1,1,1,1,1,64.5,58.1,66.7,65.6,-1,unresolved,0,unresolved_near_tie,no_exact_master_sku,rule_generated,needs_review
D0021,Al Kabeer Breeded Chicken Fillet 750 gm,Breaded Fish Fillet,No Variant,single_product,1,,chicken|fish,1,fillet,0,0,unspecified,750.0,1.0,,750.0,,single_pack,CKBCFNSA,BREADED CHICKEN FILLET NON-SPICY 750 GMS,750 GMS X 8 PKT,750.0,8.0,1,1,1,1,1,61.3,55.2,66.7,64.0,-1,unresolved,0,unresolved_near_tie,no_exact_master_sku,rule_generated,needs_review
D0021,Al Kabeer Breeded Chicken Fillet 750 gm,Breaded Fish Fillet,No Variant,single_product,1,,chicken|fish,1,fillet,0,0,unspecified,750.0,1.0,,750.0,,single_pack,CKBCF,BREADED CHICKEN FILLETS,450 Gms x 12 Pkts,450.0,12.0,1,1,1,0,1,70.2,59.5,64.0,67.1,0,confirmed_negative,1,hard_negative_pack_size,no_exact_master_sku,rule_generated,needs_review
D0021,Al Kabeer Breeded Chicken Fillet 750 gm,Breaded Fish Fillet,No Variant,single_product,1,,chicken|fish,1,fillet,0,0,unspecified,750.0,1.0,,750.0,,single_pack,BF,BEEF TENDERLOIN/FILLET,20 KGS,20000.0,,0,1,1,0,1,39.7,47.6,38.6,39.1,0,confirmed_negative,1,hard_negative_protein,no_exact_master_sku,rule_generated,needs_review
D0021,Al Kabeer Breeded Chicken Fillet 750 gm,Breaded Fish Fillet,No Variant,single_product,1,,chicken|fish,1,fillet,0,0,unspecified,750.0,1.0,,750.0,,single_pack,CKBB,8 BREADED CHICKEN BURGERS,400 Gms x 12 Pkts,400.0,12.0,1,0,1,0,1,47.4,47.4,56.9,52.1,0,confirmed_negative,1,hard_negative_type,no_exact_master_sku,rule_generated,needs_review
D0021,Al Kabeer Breeded Chicken Fillet 750 gm,Breaded Fish Fillet,No Variant,single_product,1,,chicken|fish,1,fillet,0,0,unspecified,750.0,1.0,,750.0,,single_pack,CBBG100,CHAR.JUMBO BEEF BURGERS BULK(100G)6*1 KG,1KG X 6,1000.0,6.0,0,0,1,0,1,28.4,31.0,29.4,28.9,0,confirmed_negative,1,easy_negative,no_exact_master_sku,rule_generated,needs_review
D0022,Al Kabeer Breaded Shrimps 1000 gm,Breaded shrimp frozen,No Variant,single_product,1,fish,fish,0,,0,0,unspecified,1000.0,1.0,,1000.0,,single_pack,CSBA,BREADED SHRIMPS BULK,1 Kgs x 5 Pkts,1000.0,5.0,1,1,1,1,1,60.8,54.4,59.4,60.1,1,confirmed_positive,1,positive,exact_single_sku,rule_generated,approved
D0022,Al Kabeer Breaded Shrimps 1000 gm,Breaded shrimp frozen,No Variant,single_product,1,fish,fish,0,,0,0,unspecified,1000.0,1.0,,1000.0,,single_pack,CSB,BREADED SHRIMPS 250,250 Gms x 20 Pkts,250.0,20.0,1,1,1,0,1,65.1,55.6,60.8,62.9,0,confirmed_negative,1,hard_negative_pack_size,exact_single_sku,rule_generated,approved
D0022,Al Kabeer Breaded Shrimps 1000 gm,Breaded shrimp frozen,No Variant,single_product,1,fish,fish,0,,0,0,unspecified,1000.0,1.0,,1000.0,,single_pack,CKBB,8 BREADED CHICKEN BURGERS,400 Gms x 12 Pkts,400.0,12.0,0,1,1,0,1,55.0,42.7,49.5,52.2,0,confirmed_negative,1,hard_negative_protein,exact_single_sku,rule_generated,approved
D0023,Al Kabeer Breaded Shrimps 250 gm,Breaded shrimp frozen,No Variant,single_product,1,fish,fish,0,,0,0,unspecified,250.0,1.0,,250.0,,single_pack,CSB,BREADED SHRIMPS 250,250 Gms x 20 Pkts,250.0,20.0,1,1,1,1,1,67.2,59.2,65.3,66.3,1,confirmed_positive,1,positive,exact_single_sku,rule_generated,approved
D0023,Al Kabeer Breaded Shrimps 250 gm,Breaded shrimp frozen,No Variant,single_product,1,fish,fish,0,,0,0,unspecified,250.0,1.0,,250.0,,single_pack,CSBA,BREADED SHRIMPS BULK,1 Kgs x 5 Pkts,1000.0,5.0,1,1,1,0,1,62.9,54.8,62.0,62.5,0,confirmed_negative,1,hard_negative_pack_size,exact_single_sku,rule_generated,approved
D0023,Al Kabeer Breaded Shrimps 250 gm,Breaded shrimp frozen,No Variant,single_product,1,fish,fish,0,,0,0,unspecified,250.0,1.0,,250.0,,single_pack,CKBB,8 BREADED CHICKEN BURGERS,400 Gms x 12 Pkts,400.0,12.0,0,1,1,0,1,55.4,43.1,50.0,52.7,0,confirmed_negative,1,hard_negative_protein,exact_single_sku,rule_generated,approved
D0024,Al Kabeer Zing Fish Fillets (750 gm),Breaded shrimp frozen,Spicy,single_product,1,fish,fish,0,fillet,0,0,spicy,750.0,1.0,,750.0,,single_pack,CFZFB,ZING FISH FILLETS MILD SPICY,750 g. x 8,750.0,,1,1,1,1,1,53.2,47.5,68.7,60.9,1,confirmed_positive,1,positive,exact_single_sku,rule_generated,approved
D0024,Al Kabeer Zing Fish Fillets (750 gm),Breaded shrimp frozen,Spicy,single_product,1,fish,fish,0,fillet,0,0,spicy,750.0,1.0,,750.0,,single_pack,CFBF,BREADED FISH FILLET,330 Gms x 20 Pkts,330.0,20.0,1,1,1,0,1,51.6,51.6,59.1,55.3,0,confirmed_negative,1,hard_negative_pack_size,exact_single_sku,rule_generated,approved
D0024,Al Kabeer Zing Fish Fillets (750 gm),Breaded shrimp frozen,Spicy,single_product,1,fish,fish,0,fillet,0,0,spicy,750.0,1.0,,750.0,,single_pack,CKZFDA,ZING CHICKEN FILLETS SPICY 750 GRM,750 GMS X 8 PKT,750.0,8.0,0,1,1,1,1,53.8,44.9,61.5,57.7,0,confirmed_negative,1,hard_negative_protein,exact_single_sku,rule_generated,approved
D0024,Al Kabeer Zing Fish Fillets (750 gm),Breaded shrimp frozen,Spicy,single_product,1,fish,fish,0,fillet,0,0,spicy,750.0,1.0,,750.0,,single_pack,CFSA,FISH STICKS BULK,1 Kgs x 5 Pkts,1000.0,5.0,1,0,1,0,1,46.9,34.4,45.9,46.4,0,confirmed_negative,1,hard_negative_type,exact_single_sku,rule_generated,approved
D0024,Al Kabeer Zing Fish Fillets (750 gm),Breaded shrimp frozen,Spicy,single_product,1,fish,fish,0,fillet,0,0,spicy,750.0,1.0,,750.0,,single_pack,CKZSCKNP,Zing Strips Non Spicy + Free Chicken Nuggets Combo Pack,(750 g.+750 g.) x 4,750.0,,0,0,0,1,1,32.8,31.8,44.8,38.8,0,confirmed_negative,1,easy_negative,exact_single_sku,rule_generated,approved
D0025,Al Kabeer Mozzarella Cheese Sticks 1 kg,Cheese Stick/Nuggets-Frozen,No Variant,single_product,1,,,0,cheese_stick|nuggets,1,1,unspecified,1000.0,1.0,,1000.0,,single_pack,CCMSA,MOZZARELLA CHEESE STICKS,1000G X 5 Pkts,1000.0,5.0,1,1,1,1,1,64.3,61.4,70.4,67.3,1,confirmed_positive,1,positive,exact_single_sku,rule_generated,approved
D0025,Al Kabeer Mozzarella Cheese Sticks 1 kg,Cheese Stick/Nuggets-Frozen,No Variant,single_product,1,,,0,cheese_stick|nuggets,1,1,unspecified,1000.0,1.0,,1000.0,,single_pack,CCMS,MOZZERELLA CHEESE STICKS,250 GMS X24 PKTS,250.0,24.0,1,1,1,0,1,63.4,59.2,65.5,64.4,0,confirmed_negative,1,hard_negative_pack_size,exact_single_sku,rule_generated,approved
D0025,Al Kabeer Mozzarella Cheese Sticks 1 kg,Cheese Stick/Nuggets-Frozen,No Variant,single_product,1,,,0,cheese_stick|nuggets,1,1,unspecified,1000.0,1.0,,1000.0,,single_pack,CCSAKPR,A.K PRO CHEESE SAMOSA,4 X 1.2 KGS,1200.0,,1,0,1,0,1,51.2,47.9,47.8,49.5,0,confirmed_negative,1,hard_negative_type,exact_single_sku,rule_generated,approved
D0026,Al Kabeer Tandoori Chicken Tikka/Cheese Stick (240 gm),Cheese Stick/Nuggets-Frozen,No Variant,bundle,2,chicken,chicken,0,cheese_stick|nuggets|tikka,1,1,unspecified,240.0,1.0,,240.0,,single_pack,CKTCT,TANDOORI CHICKEN TIKKA,240 Gms x 20 Pkts,240.0,20.0,1,1,1,1,1,52.0,53.3,58.6,55.3,1,confirmed_positive,1,positive,requires_business_review,rule_generated,needs_review
D0026,Al Kabeer Tandoori Chicken Tikka/Cheese Stick (240 gm),Cheese Stick/Nuggets-Frozen,No Variant,bundle,2,chicken,chicken,0,cheese_stick|nuggets|tikka,1,1,unspecified,240.0,1.0,,240.0,,single_pack,CKTN,TANDOORI CHICKEN NUGGETS 270,270 Gms x 20 Pkts,270.0,20.0,1,1,1,0,1,53.5,48.4,58.1,55.8,0,confirmed_negative,1,hard_negative_pack_size,requires_business_review,rule_generated,needs_review
D0026,Al Kabeer Tandoori Chicken Tikka/Cheese Stick (240 gm),Cheese Stick/Nuggets-Frozen,No Variant,bundle,2,chicken,chicken,0,cheese_stick|nuggets|tikka,1,1,unspecified,240.0,1.0,,240.0,,single_pack,VSC,SWEET CORN 400,400 gm x 20 Pkts,400.0,20.0,0,1,1,0,1,40.9,37.9,38.0,39.5,0,confirmed_negative,1,hard_negative_protein,requires_business_review,rule_generated,needs_review
D0026,Al Kabeer Tandoori Chicken Tikka/Cheese Stick (240 gm),Cheese Stick/Nuggets-Frozen,No Variant,bundle,2,chicken,chicken,0,cheese_stick|nuggets|tikka,1,1,unspecified,240.0,1.0,,240.0,,single_pack,CKZS,ZING CHICKEN STRIPS,320 Gms x 20 Pkts,320.0,20.0,1,0,1,0,1,49.3,43.5,45.8,47.5,0,confirmed_negative,1,hard_negative_type,requires_business_review,rule_generated,needs_review
D0026,Al Kabeer Tandoori Chicken Tikka/Cheese Stick (240 gm),Cheese Stick/Nuggets-Frozen,No Variant,bundle,2,chicken,chicken,0,cheese_stick|nuggets|tikka,1,1,unspecified,240.0,1.0,,240.0,,single_pack,FSFT,TABARRUK SUTCHI FISH FILLET,2kg X 5pkts,2000.0,,0,0,1,0,1,33.6,36.2,31.2,32.4,0,confirmed_negative,1,easy_negative,requires_business_review,rule_generated,needs_review
D0027,Al Kabeer Mozzarella Cheese Sticks 250 gm,Cheese Stick/Nuggets-Frozen,No Variant,single_product,1,,,0,cheese_stick|nuggets,1,1,unspecified,250.0,1.0,,250.0,,single_pack,CCMS,MOZZERELLA CHEESE STICKS,250 GMS X24 PKTS,250.0,24.0,1,1,1,1,1,62.5,59.7,62.5,62.5,1,confirmed_positive,1,positive,exact_single_sku,rule_generated,approved
D0027,Al Kabeer Mozzarella Cheese Sticks 250 gm,Cheese Stick/Nuggets-Frozen,No Variant,single_product,1,,,0,cheese_stick|nuggets,1,1,unspecified,250.0,1.0,,250.0,,single_pack,CCMSA,MOZZARELLA CHEESE STICKS,1000G X 5 Pkts,1000.0,5.0,1,1,1,0,1,64.8,62.0,67.3,66.0,0,confirmed_negative,1,hard_negative_pack_size,exact_single_sku,rule_generated,approved
D0027,Al Kabeer Mozzarella Cheese Sticks 250 gm,Cheese Stick/Nuggets-Frozen,No Variant,single_product,1,,,0,cheese_stick|nuggets,1,1,unspecified,250.0,1.0,,250.0,,single_pack,CCSRA,8 CHEESE SPRING ROLLS,240 Gms x 20 Pkts,240.0,20.0,1,0,1,1,1,55.2,44.8,51.9,53.6,0,confirmed_negative,1,hard_negative_type,exact_single_sku,rule_generated,approved
D0028,Al Kabeer Jalapeno & Cheese Sticks,Cheese Stick/Nuggets-Frozen,No Variant,single_product,1,,,0,cheese_stick|nuggets,1,1,unspecified,270.0,1.0,,270.0,,single_pack,CVJCS,JALAPENO & CHEESE STICKS 250,250 Gms x 20 Pkts,250.0,20.0,1,1,1,1,1,58.9,54.8,66.7,62.8,1,confirmed_positive,1,positive,exact_single_sku,rule_generated,approved
D0028,Al Kabeer Jalapeno & Cheese Sticks,Cheese Stick/Nuggets-Frozen,No Variant,single_product,1,,,0,cheese_stick|nuggets,1,1,unspecified,270.0,1.0,,270.0,,single_pack,CCMSA,MOZZARELLA CHEESE STICKS,1000G X 5 Pkts,1000.0,5.0,1,1,1,0,1,56.3,50.4,56.3,56.3,0,confirmed_negative,1,hard_negative_pack_size,exact_single_sku,rule_generated,approved
D0028,Al Kabeer Jalapeno & Cheese Sticks,Cheese Stick/Nuggets-Frozen,No Variant,single_product,1,,,0,cheese_stick|nuggets,1,1,unspecified,270.0,1.0,,270.0,,single_pack,CCSKJP,Kiri Cheese & Jalapeño Samosas 240 g. X 20,20 X 240 GMS,240.0,,1,0,1,0,1,42.8,35.2,49.1,45.9,0,confirmed_negative,1,hard_negative_type,exact_single_sku,rule_generated,approved
D0031,Al Kabeer Chicken Nuggets 400gm,Cheese Stick/Nuggets-Frozen,No Variant,single_product,1,chicken,chicken,0,cheese_stick|nuggets,1,1,unspecified,400.0,1.0,,400.0,,single_pack,CKCCN,CHICKEN  N CHEESE NUGGETS,400 Gms x 12 Pkts,400.0,12.0,1,1,1,1,1,57.1,50.0,67.3,62.2,-1,unresolved,0,unresolved_near_tie,no_exact_master_sku,rule_generated,needs_review
D0031,Al Kabeer Chicken Nuggets 400gm,Cheese Stick/Nuggets-Frozen,No Variant,single_product,1,chicken,chicken,0,cheese_stick|nuggets,1,1,unspecified,400.0,1.0,,400.0,,single_pack,CKNK,KRAZEE CHICKEN NUGGETS 400,400 Gms x 12 Pkts,400.0,12.0,1,1,1,1,1,60.0,60.0,62.6,61.3,-1,unresolved,0,unresolved_near_tie,no_exact_master_sku,rule_generated,needs_review
D0031,Al Kabeer Chicken Nuggets 400gm,Cheese Stick/Nuggets-Frozen,No Variant,single_product,1,chicken,chicken,0,cheese_stick|nuggets,1,1,unspecified,400.0,1.0,,400.0,,single_pack,CKN,CHICKEN NUGGETS,270 Gms x 20 Pkts,270.0,20.0,1,1,1,0,1,57.4,55.6,60.9,59.1,0,confirmed_negative,1,hard_negative_pack_size,no_exact_master_sku,rule_generated,needs_review
D0031,Al Kabeer Chicken Nuggets 400gm,Cheese Stick/Nuggets-Frozen,No Variant,single_product,1,chicken,chicken,0,cheese_stick|nuggets,1,1,unspecified,400.0,1.0,,400.0,,single_pack,MRC,MUTTON RIB CHOPS,1 lb x 40 Pkts,453.592,40.0,0,1,1,0,1,41.1,35.7,43.6,42.3,0,confirmed_negative,1,hard_negative_protein,no_exact_master_sku,rule_generated,needs_review
D0031,Al Kabeer Chicken Nuggets 400gm,Cheese Stick/Nuggets-Frozen,No Variant,single_product,1,chicken,chicken,0,cheese_stick|nuggets,1,1,unspecified,400.0,1.0,,400.0,,single_pack,VFDC,Chicken Frank 340 G  x 24,340 gm x 24 Pkts,340.0,24.0,1,0,1,0,1,47.6,39.1,50.5,49.1,0,confirmed_negative,1,hard_negative_type,no_exact_master_sku,rule_generated,needs_review
D0031,Al Kabeer Chicken Nuggets 400gm,Cheese Stick/Nuggets-Frozen,No Variant,single_product,1,chicken,chicken,0,cheese_stick|nuggets,1,1,unspecified,400.0,1.0,,400.0,,single_pack,CBBO,4 BEEF BURGERS,200 Gms x 30 Pkt,200.0,30.0,0,0,1,0,1,40.0,40.0,40.0,40.0,0,confirmed_negative,1,easy_negative,no_exact_master_sku,rule_generated,needs_review
D0032,Al Kabeer Tender Chicken Breast 1 kg,Chicken Breast-Frozen,No Variant,single_product,1,chicken,chicken,0,breast,0,0,unspecified,1000.0,1.0,,1000.0,,single_pack,CKMCB,TENDER CHICKEN BREAST,1 Kgs x 5 Pkts,1000.0,5.0,1,1,1,1,1,67.7,61.3,73.7,70.7,1,confirmed_positive,1,positive,exact_single_sku,rule_generated,approved
D0032,Al Kabeer Tender Chicken Breast 1 kg,Chicken Breast-Frozen,No Variant,single_product,1,chicken,chicken,0,breast,0,0,unspecified,1000.0,1.0,,1000.0,,single_pack,CKMCBA,TENDER CHICKEN BREAST SPICY FLAVOURED,2 KG X 6 PKT,2000.0,6.0,1,1,1,0,1,57.1,50.6,80.0,68.6,0,confirmed_negative,1,hard_negative_pack_size,exact_single_sku,rule_generated,approved
D0032,Al Kabeer Tender Chicken Breast 1 kg,Chicken Breast-Frozen,No Variant,single_product,1,chicken,chicken,0,breast,0,0,unspecified,1000.0,1.0,,1000.0,,single_pack,CMBAKAPR,AK PRO Beef Meat Balls 1 kg x 10,1 kg x 10,1000.0,10.0,0,1,1,1,1,39.7,36.8,47.2,43.5,0,confirmed_negative,1,hard_negative_protein,exact_single_sku,rule_generated,approved
D0032,Al Kabeer Tender Chicken Breast 1 kg,Chicken Breast-Frozen,No Variant,single_product,1,chicken,chicken,0,breast,0,0,unspecified,1000.0,1.0,,1000.0,,single_pack,CKCSB,CHICKEN SEEKH KEBAB BULK,1 kg x 5,1000.0,5.0,1,0,1,1,1,56.1,42.1,60.3,58.2,0,confirmed_negative,1,hard_negative_type,exact_single_sku,rule_generated,approved
D0032,Al Kabeer Tender Chicken Breast 1 kg,Chicken Breast-Frozen,No Variant,single_product,1,chicken,chicken,0,breast,0,0,unspecified,1000.0,1.0,,1000.0,,single_pack,VVGP9,GREEN PEAS 900,900 gm x 10 Pkts,900.0,10.0,0,0,1,1,1,37.0,35.2,36.6,36.8,0,confirmed_negative,1,easy_negative,exact_single_sku,rule_generated,approved
D0033,Al Kabeer Tender Chicken Breast 1000 gm,Chicken Breast-Frozen,No Variant,single_product,1,chicken,chicken,0,breast,0,0,unspecified,1000.0,1.0,,1000.0,,single_pack,CKMCB,TENDER CHICKEN BREAST,1 Kgs x 5 Pkts,1000.0,5.0,1,1,1,1,1,69.3,59.8,70.0,69.6,1,confirmed_positive,1,positive,exact_single_sku,rule_generated,approved
D0033,Al Kabeer Tender Chicken Breast 1000 gm,Chicken Breast-Frozen,No Variant,single_product,1,chicken,chicken,0,breast,0,0,unspecified,1000.0,1.0,,1000.0,,single_pack,CKTCB,TENDER CHICKEN BREAST TRAY PACK,450 GMS X 10 PKTS,450.0,10.0,1,1,1,0,1,64.0,52.0,70.0,67.0,0,confirmed_negative,1,hard_negative_pack_size,exact_single_sku,rule_generated,approved
D0033,Al Kabeer Tender Chicken Breast 1000 gm,Chicken Breast-Frozen,No Variant,single_product,1,chicken,chicken,0,breast,0,0,unspecified,1000.0,1.0,,1000.0,,single_pack,CMBAKAPR,AK PRO Beef Meat Balls 1 kg x 10,1 kg x 10,1000.0,10.0,0,1,1,1,1,41.7,34.5,45.3,43.5,0,confirmed_negative,1,hard_negative_protein,exact_single_sku,rule_generated,approved
D0033,Al Kabeer Tender Chicken Breast 1000 gm,Chicken Breast-Frozen,No Variant,single_product,1,chicken,chicken,0,breast,0,0,unspecified,1000.0,1.0,,1000.0,,single_pack,CKNAPR,AK PRO CHICKEN NUGGETS BULK,10 X 1000 GMS,1000.0,,1,0,1,1,1,55.4,44.6,57.1,56.3,0,confirmed_negative,1,hard_negative_type,exact_single_sku,rule_generated,approved
D0033,Al Kabeer Tender Chicken Breast 1000 gm,Chicken Breast-Frozen,No Variant,single_product,1,chicken,chicken,0,breast,0,0,unspecified,1000.0,1.0,,1000.0,,single_pack,CVSAPR,AK PRO VEGETABLE SAMOSA,1.2 Kgs x 4 Pkts,1200.0,4.0,0,0,1,0,1,32.3,32.3,32.9,32.6,0,confirmed_negative,1,easy_negative,exact_single_sku,rule_generated,approved
D0034,Al Kabeer Chicken Boneless Breast 2Kg,Chicken Breast-Frozen,No Variant,single_product,1,chicken,chicken,0,breast,0,0,unspecified,2000.0,1.0,,2000.0,,single_pack,VCB10A,BONELESS CHICKEN BREAST 10,2 kg x 5 Pkts,2000.0,5.0,1,1,1,1,1,68.7,55.2,76.7,72.7,1,confirmed_positive,1,positive,exact_single_sku,rule_generated,approved
D0034,Al Kabeer Chicken Boneless Breast 2Kg,Chicken Breast-Frozen,No Variant,single_product,1,chicken,chicken,0,breast,0,0,unspecified,2000.0,1.0,,2000.0,,single_pack,CKMB,CHICKEN MEAT BALLS,300 Gms x 20 Pkts,300.0,20.0,1,1,1,0,1,58.1,49.6,59.0,58.5,0,confirmed_negative,1,hard_negative_pack_size,exact_single_sku,rule_generated,approved
D0034,Al Kabeer Chicken Boneless Breast 2Kg,Chicken Breast-Frozen,No Variant,single_product,1,chicken,chicken,0,breast,0,0,unspecified,2000.0,1.0,,2000.0,,single_pack,LBVL,BONELESS VEAL LOCAL,20 X 2 LB,907.184,,0,1,1,0,1,44.2,42.5,50.0,47.1,0,confirmed_negative,1,hard_negative_protein,exact_single_sku,rule_generated,approved
D0034,Al Kabeer Chicken Boneless Breast 2Kg,Chicken Breast-Frozen,No Variant,single_product,1,chicken,chicken,0,breast,0,0,unspecified,2000.0,1.0,,2000.0,,single_pack,CKKB8,8 CHICKEN BURGERS,400 Gms x 20 Pkts,400.0,20.0,1,0,1,0,1,60.7,57.1,53.2,56.9,0,confirmed_negative,1,hard_negative_type,exact_single_sku,rule_generated,approved
D0034,Al Kabeer Chicken Boneless Breast 2Kg,Chicken Breast-Frozen,No Variant,single_product,1,chicken,chicken,0,breast,0,0,unspecified,2000.0,1.0,,2000.0,,single_pack,BTS,BEEF TOPSIDE ALK,20 KGS,20000.0,,0,0,1,0,1,43.0,35.5,43.0,43.0,0,confirmed_negative,1,easy_negative,exact_single_sku,rule_generated,approved
D0035,ALKABEER TENDER CHICKEN BREAST 450GM,Chicken Breast-Frozen,No Variant,single_product,1,chicken,chicken,0,breast,0,0,unspecified,450.0,1.0,,450.0,,single_pack,CKTCB,TENDER CHICKEN BREAST TRAY PACK,450 GMS X 10 PKTS,450.0,10.0,1,1,1,1,1,51.7,51.7,73.7,62.7,1,confirmed_positive,1,positive,exact_single_sku,rule_generated,approved
D0035,ALKABEER TENDER CHICKEN BREAST 450GM,Chicken Breast-Frozen,No Variant,single_product,1,chicken,chicken,0,breast,0,0,unspecified,450.0,1.0,,450.0,,single_pack,CKMCB,TENDER CHICKEN BREAST,1 Kgs x 5 Pkts,1000.0,5.0,1,1,1,0,1,61.3,61.3,73.7,67.5,0,confirmed_negative,1,hard_negative_pack_size,exact_single_sku,rule_generated,approved
D0035,ALKABEER TENDER CHICKEN BREAST 450GM,Chicken Breast-Frozen,No Variant,single_product,1,chicken,chicken,0,breast,0,0,unspecified,450.0,1.0,,450.0,,single_pack,CSL,PRAWNS LARGE 400,400 Gms x 20 Pkts,400.0,20.0,0,1,1,0,1,37.9,34.5,36.4,37.1,0,confirmed_negative,1,hard_negative_protein,exact_single_sku,rule_generated,approved
D0035,ALKABEER TENDER CHICKEN BREAST 450GM,Chicken Breast-Frozen,No Variant,single_product,1,chicken,chicken,0,breast,0,0,unspecified,450.0,1.0,,450.0,,single_pack,CKKB24A,24 CHICKEN BURGERS BULK,2 Kgs x 5 Pkts,2000.0,5.0,1,0,1,0,1,60.0,48.3,53.8,56.9,0,confirmed_negative,1,hard_negative_type,exact_single_sku,rule_generated,approved
D0035,ALKABEER TENDER CHICKEN BREAST 450GM,Chicken Breast-Frozen,No Variant,single_product,1,chicken,chicken,0,breast,0,0,unspecified,450.0,1.0,,450.0,,single_pack,BF,BEEF TENDERLOIN/FILLET,20 KGS,20000.0,,0,0,1,0,1,39.0,39.0,34.7,36.8,0,confirmed_negative,1,easy_negative,exact_single_sku,rule_generated,approved
D0036,Al Kabeer Jumbo Breaded Chicken Burger 1 kg,Chicken Burger-Frozen,Breaded,single_product,1,chicken,chicken,0,burgers,0,0,unspecified,1000.0,1.0,,1000.0,,single_pack,CKKBJ,JUMBO BREADED CHICKEN BURGER 100G BULK,1000 GM X 6 PKTS,1000.0,6.0,1,1,1,1,1,69.5,59.9,78.9,74.2,1,confirmed_positive,1,positive,exact_single_sku,rule_generated,approved
D0036,Al Kabeer Jumbo Breaded Chicken Burger 1 kg,Chicken Burger-Frozen,Breaded,single_product,1,chicken,chicken,0,burgers,0,0,unspecified,1000.0,1.0,,1000.0,,single_pack,CKBB,8 BREADED CHICKEN BURGERS,400 Gms x 12 Pkts,400.0,12.0,1,1,1,0,1,74.6,57.7,66.7,70.7,0,confirmed_negative,1,hard_negative_pack_size,exact_single_sku,rule_generated,approved
D0036,Al Kabeer Jumbo Breaded Chicken Burger 1 kg,Chicken Burger-Frozen,Breaded,single_product,1,chicken,chicken,0,burgers,0,0,unspecified,1000.0,1.0,,1000.0,,single_pack,CBBG100,CHAR.JUMBO BEEF BURGERS BULK(100G)6*1 KG,1KG X 6,1000.0,6.0,0,1,1,1,1,48.1,44.4,51.6,49.9,0,confirmed_negative,1,hard_negative_protein,exact_single_sku,rule_generated,approved
D0036,Al Kabeer Jumbo Breaded Chicken Burger 1 kg,Chicken Burger-Frozen,Breaded,single_product,1,chicken,chicken,0,burgers,0,0,unspecified,1000.0,1.0,,1000.0,,single_pack,CKBCFS,BREADED CHICKEN FILLETS BULK,1 Kgs x 5 Pkts,1000.0,5.0,1,0,1,1,1,62.1,45.5,57.8,59.9,0,confirmed_negative,1,hard_negative_type,exact_single_sku,rule_generated,approved
D0036,Al Kabeer Jumbo Breaded Chicken Burger 1 kg,Chicken Burger-Frozen,Breaded,single_product,1,chicken,chicken,0,burgers,0,0,unspecified,1000.0,1.0,,1000.0,,single_pack,CFBF,BREADED FISH FILLET,330 Gms x 20 Pkts,330.0,20.0,0,0,1,0,1,47.7,33.8,42.6,45.1,0,confirmed_negative,1,easy_negative,exact_single_sku,rule_generated,approved
D0037,Al Kabeer Jumbo Chicken Burgers 1000 gm,Chicken Burger-Frozen,Breaded,single_product,1,chicken,chicken,0,burgers,0,0,unspecified,1000.0,1.0,,1000.0,,single_pack,CKKBJ,JUMBO BREADED CHICKEN BURGER 100G BULK,1000 GM X 6 PKTS,1000.0,6.0,1,1,1,1,1,68.7,54.0,83.9,76.3,1,confirmed_positive,1,positive,exact_single_sku,rule_generated,approved
D0037,Al Kabeer Jumbo Chicken Burgers 1000 gm,Chicken Burger-Frozen,Breaded,single_product,1,chicken,chicken,0,burgers,0,0,unspecified,1000.0,1.0,,1000.0,,single_pack,CKBB,8 BREADED CHICKEN BURGERS,400 Gms x 12 Pkts,400.0,12.0,1,1,1,0,1,68.1,55.1,73.1,70.6,0,confirmed_negative,1,hard_negative_pack_size,exact_single_sku,rule_generated,approved
D0037,Al Kabeer Jumbo Chicken Burgers 1000 gm,Chicken Burger-Frozen,Breaded,single_product,1,chicken,chicken,0,burgers,0,0,unspecified,1000.0,1.0,,1000.0,,single_pack,CBBO,4 BEEF BURGERS,200 Gms x 30 Pkt,200.0,30.0,0,1,1,0,1,48.7,45.2,56.5,52.6,0,confirmed_negative,1,hard_negative_protein,exact_single_sku,rule_generated,approved
D0037,Al Kabeer Jumbo Chicken Burgers 1000 gm,Chicken Burger-Frozen,Breaded,single_product,1,chicken,chicken,0,burgers,0,0,unspecified,1000.0,1.0,,1000.0,,single_pack,CKNAPR,AK PRO CHICKEN NUGGETS BULK,10 X 1000 GMS,1000.0,,1,0,1,1,1,56.5,49.3,56.6,56.5,0,confirmed_negative,1,hard_negative_type,exact_single_sku,rule_generated,approved
D0037,Al Kabeer Jumbo Chicken Burgers 1000 gm,Chicken Burger-Frozen,Breaded,single_product,1,chicken,chicken,0,burgers,0,0,unspecified,1000.0,1.0,,1000.0,,single_pack,CLKA,LAMB KIBBEH BULK,1 Kgs x 5 Pkts,1000.0,5.0,0,0,1,1,1,33.8,35.4,30.9,32.4,0,confirmed_negative,1,easy_negative,exact_single_sku,rule_generated,approved
D0039,Al Kabeer Breaded Chicken Burger 400 gm,Chicken Burger-Frozen,Breaded,single_product,1,chicken,chicken,0,burgers,0,0,unspecified,400.0,1.0,,400.0,,single_pack,CKBBS,8 BREADED CHICKEN BURGER HOT & SPICY,400 gm x 12 Pkts,400.0,12.0,1,1,1,1,1,65.4,54.1,78.1,71.8,-1,unresolved,0,unresolved_near_tie,no_exact_master_sku,rule_generated,needs_review
D0039,Al Kabeer Breaded Chicken Burger 400 gm,Chicken Burger-Frozen,Breaded,single_product,1,chicken,chicken,0,burgers,0,0,unspecified,400.0,1.0,,400.0,,single_pack,CKBB,8 BREADED CHICKEN BURGERS,400 Gms x 12 Pkts,400.0,12.0,1,1,1,1,1,75.4,59.4,65.2,70.3,-1,unresolved,0,unresolved_near_tie,no_exact_master_sku,rule_generated,needs_review
D0039,Al Kabeer Breaded Chicken Burger 400 gm,Chicken Burger-Frozen,Breaded,single_product,1,chicken,chicken,0,burgers,0,0,unspecified,400.0,1.0,,400.0,,single_pack,CKBBADPR,AK PRO Breaded Chicken Burger Bag 840 g. x 8,840 gm x 8,840.0,8.0,1,1,1,0,1,66.3,58.0,78.1,72.2,0,confirmed_negative,1,hard_negative_pack_size,no_exact_master_sku,rule_generated,needs_review
D0039,Al Kabeer Breaded Chicken Burger 400 gm,Chicken Burger-Frozen,Breaded,single_product,1,chicken,chicken,0,burgers,0,0,unspecified,400.0,1.0,,400.0,,single_pack,CBBO,4 BEEF BURGERS,200 Gms x 30 Pkt,200.0,30.0,0,1,1,0,1,53.9,47.0,51.9,52.9,0,confirmed_negative,1,hard_negative_protein,no_exact_master_sku,rule_generated,needs_review
D0039,Al Kabeer Breaded Chicken Burger 400 gm,Chicken Burger-Frozen,Breaded,single_product,1,chicken,chicken,0,burgers,0,0,unspecified,400.0,1.0,,400.0,,single_pack,CKBCFS,BREADED CHICKEN FILLETS BULK,1 Kgs x 5 Pkts,1000.0,5.0,1,0,1,0,1,59.6,46.8,60.5,60.0,0,confirmed_negative,1,hard_negative_type,no_exact_master_sku,rule_generated,needs_review
D0039,Al Kabeer Breaded Chicken Burger 400 gm,Chicken Burger-Frozen,Breaded,single_product,1,chicken,chicken,0,burgers,0,0,unspecified,400.0,1.0,,400.0,,single_pack,CMSA,12 MUTTON SAMOSAS,240 Gms x 20 Pkts,240.0,20.0,0,0,1,0,1,23.1,26.4,22.7,22.9,0,confirmed_negative,1,easy_negative,no_exact_master_sku,rule_generated,needs_review
D0041,Al Kabeer Breaded Chicken Burger 840 gm,Chicken Burger-Frozen,Breaded,single_product,1,chicken,chicken,0,burgers,0,0,unspecified,840.0,1.0,,840.0,,single_pack,CKBBADPR,AK PRO Breaded Chicken Burger Bag 840 g. x 8,840 gm x 8,840.0,8.0,1,1,1,1,1,66.3,59.2,85.3,75.8,1,confirmed_positive,1,positive,exact_single_sku,rule_generated,approved
D0041,Al Kabeer Breaded Chicken Burger 840 gm,Chicken Burger-Frozen,Breaded,single_product,1,chicken,chicken,0,burgers,0,0,unspecified,840.0,1.0,,840.0,,single_pack,CKBBS,8 BREADED CHICKEN BURGER HOT & SPICY,400 gm x 12 Pkts,400.0,12.0,1,1,1,0,1,66.7,54.1,78.1,72.4,0,confirmed_negative,1,hard_negative_pack_size,exact_single_sku,rule_generated,approved
D0041,Al Kabeer Breaded Chicken Burger 840 gm,Chicken Burger-Frozen,Breaded,single_product,1,chicken,chicken,0,burgers,0,0,unspecified,840.0,1.0,,840.0,,single_pack,CBBO,4 BEEF BURGERS,200 Gms x 30 Pkt,200.0,30.0,0,1,1,0,1,53.9,47.0,51.9,52.9,0,confirmed_negative,1,hard_negative_protein,exact_single_sku,rule_generated,approved
D0041,Al Kabeer Breaded Chicken Burger 840 gm,Chicken Burger-Frozen,Breaded,single_product,1,chicken,chicken,0,burgers,0,0,unspecified,840.0,1.0,,840.0,,single_pack,CKBCFS,BREADED CHICKEN FILLETS BULK,1 Kgs x 5 Pkts,1000.0,5.0,1,0,1,0,1,59.6,46.8,60.5,60.0,0,confirmed_negative,1,hard_negative_type,exact_single_sku,rule_generated,approved
D0041,Al Kabeer Breaded Chicken Burger 840 gm,Chicken Burger-Frozen,Breaded,single_product,1,chicken,chicken,0,burgers,0,0,unspecified,840.0,1.0,,840.0,,single_pack,VVGPC9,Green Peas with Carrots 900,900 gm x 10 Pkts,900.0,10.0,0,0,1,1,1,30.3,31.7,34.7,32.5,0,confirmed_negative,1,easy_negative,exact_single_sku,rule_generated,approved
D0042,AL KABEER TAIBAT CHICKEN BREADED BURGER BAG 900GM,Chicken Burger-Frozen,Breaded,single_product,1,chicken,chicken,0,burgers,0,0,unspecified,900.0,1.0,,900.0,,single_pack,CKBBAD,Breaded Chicken Burger Bag (56 g.),840 g. x 9,840.0,,1,1,1,1,1,69.2,55.3,69.3,69.3,-1,unresolved,0,unresolved_near_tie,no_exact_master_sku,rule_generated,needs_review
D0042,AL KABEER TAIBAT CHICKEN BREADED BURGER BAG 900GM,Chicken Burger-Frozen,Breaded,single_product,1,chicken,chicken,0,burgers,0,0,unspecified,900.0,1.0,,900.0,,single_pack,CKBBT,TAYEBAT BREADED CHICKEN BURGERS BULK,900 Gms x 9 Pkts,900.0,9.0,1,1,1,1,1,67.5,53.3,67.9,67.7,-1,unresolved,0,unresolved_near_tie,no_exact_master_sku,rule_generated,needs_review
D0042,AL KABEER TAIBAT CHICKEN BREADED BURGER BAG 900GM,Chicken Burger-Frozen,Breaded,single_product,1,chicken,chicken,0,burgers,0,0,unspecified,900.0,1.0,,900.0,,single_pack,CKBB,8 BREADED CHICKEN BURGERS,400 Gms x 12 Pkts,400.0,12.0,1,1,1,0,1,68.9,56.8,60.6,64.8,0,confirmed_negative,1,hard_negative_pack_size,no_exact_master_sku,rule_generated,needs_review
D0042,AL KABEER TAIBAT CHICKEN BREADED BURGER BAG 900GM,Chicken Burger-Frozen,Breaded,single_product,1,chicken,chicken,0,burgers,0,0,unspecified,900.0,1.0,,900.0,,single_pack,CBBOT,TAYEBAT BEEF BURGERS ONION BULK,1 Kgs x 9 Pkts,1000.0,9.0,0,1,1,1,1,52.2,42.0,48.5,50.4,0,confirmed_negative,1,hard_negative_protein,no_exact_master_sku,rule_generated,needs_review
D0042,AL KABEER TAIBAT CHICKEN BREADED BURGER BAG 900GM,Chicken Burger-Frozen,Breaded,single_product,1,chicken,chicken,0,burgers,0,0,unspecified,900.0,1.0,,900.0,,single_pack,CKBCFS,BREADED CHICKEN FILLETS BULK,1 Kgs x 5 Pkts,1000.0,5.0,1,0,1,1,1,58.3,43.7,54.2,56.2,0,confirmed_negative,1,hard_negative_type,no_exact_master_sku,rule_generated,needs_review
D0042,AL KABEER TAIBAT CHICKEN BREADED BURGER BAG 900GM,Chicken Burger-Frozen,Breaded,single_product,1,chicken,chicken,0,burgers,0,0,unspecified,900.0,1.0,,900.0,,single_pack,BF,BEEF TENDERLOIN/FILLET,20 KGS,20000.0,,0,0,1,0,1,34.5,31.7,32.4,33.5,0,confirmed_negative,1,easy_negative,no_exact_master_sku,rule_generated,needs_review
D0043,Al Kabeer CHICKEN BURGER X(24+4) pcs	,Chicken Burger-Frozen,Unbreaded,single_product,1,chicken,chicken,0,burgers,0,0,unspecified,,,,,,unknown,CKBT,TAYEBAT CHICKEN BURGER,1 Kgs x 9 Pkts,1000.0,9.0,1,1,1,0,1,64.1,54.3,57.7,60.9,1,confirmed_positive,1,positive,exact_single_sku,rule_generated,needs_review
D0043,Al Kabeer CHICKEN BURGER X(24+4) pcs	,Chicken Burger-Frozen,Unbreaded,single_product,1,chicken,chicken,0,burgers,0,0,unspecified,,,,,,unknown,CBBAGPR,AK PRO BEEF BURGER 24,1.392 kg x 6 Pkts,1392.0,6.0,0,1,1,0,1,41.9,43.1,44.2,43.0,0,confirmed_negative,1,hard_negative_protein,exact_single_sku,rule_generated,approved
D0043,Al Kabeer CHICKEN BURGER X(24+4) pcs	,Chicken Burger-Frozen,Unbreaded,single_product,1,chicken,chicken,0,burgers,0,0,unspecified,,,,,,unknown,CKCSB,CHICKEN SEEKH KEBAB BULK,1 kg x 5,1000.0,5.0,1,0,1,0,1,56.5,38.4,53.0,54.7,0,confirmed_negative,1,hard_negative_type,exact_single_sku,rule_generated,approved
D0043,Al Kabeer CHICKEN BURGER X(24+4) pcs	,Chicken Burger-Frozen,Unbreaded,single_product,1,chicken,chicken,0,burgers,0,0,unspecified,,,,,,unknown,CLK,LAMB KIBBEH,400 Gms x 12 Pkts,400.0,12.0,0,0,1,0,1,32.8,29.3,33.3,33.1,0,confirmed_negative,1,easy_negative,exact_single_sku,rule_generated,approved
D0044,Al Kabeer Chicken Burger Jumbo 1kg,Chicken Burger-Frozen,Unbreaded,single_product,1,chicken,chicken,0,burgers,0,0,unspecified,1000.0,1.0,,1000.0,,single_pack,CKKBJ,JUMBO BREADED CHICKEN BURGER 100G BULK,1000 GM X 6 PKTS,1000.0,6.0,1,1,1,1,1,55.0,53.8,62.5,58.8,-1,unresolved,0,unresolved_near_tie,no_exact_master_sku,rule_generated,needs_review
D0044,Al Kabeer Chicken Burger Jumbo 1kg,Chicken Burger-Frozen,Unbreaded,single_product,1,chicken,chicken,0,burgers,0,0,unspecified,1000.0,1.0,,1000.0,,single_pack,CKBT,TAYEBAT CHICKEN BURGER,1 Kgs x 9 Pkts,1000.0,9.0,1,1,1,1,1,61.9,57.1,52.6,57.3,-1,unresolved,0,unresolved_near_tie,no_exact_master_sku,rule_generated,needs_review
D0044,Al Kabeer Chicken Burger Jumbo 1kg,Chicken Burger-Frozen,Unbreaded,single_product,1,chicken,chicken,0,burgers,0,0,unspecified,1000.0,1.0,,1000.0,,single_pack,CKKB,4 CHICKEN BURGERS,200 Gms x 30 Pkts,200.0,30.0,1,1,1,0,1,60.5,57.1,51.2,55.8,0,confirmed_negative,1,hard_negative_pack_size,no_exact_master_sku,rule_generated,needs_review
D0044,Al Kabeer Chicken Burger Jumbo 1kg,Chicken Burger-Frozen,Unbreaded,single_product,1,chicken,chicken,0,burgers,0,0,unspecified,1000.0,1.0,,1000.0,,single_pack,CBBOT,TAYEBAT BEEF BURGERS ONION BULK,1 Kgs x 9 Pkts,1000.0,9.0,0,1,1,1,1,43.1,41.7,42.6,42.8,0,confirmed_negative,1,hard_negative_protein,no_exact_master_sku,rule_generated,needs_review
D0044,Al Kabeer Chicken Burger Jumbo 1kg,Chicken Burger-Frozen,Unbreaded,single_product,1,chicken,chicken,0,burgers,0,0,unspecified,1000.0,1.0,,1000.0,,single_pack,CKMCB,TENDER CHICKEN BREAST,1 Kgs x 5 Pkts,1000.0,5.0,1,0,1,1,1,54.5,50.0,49.0,51.8,0,confirmed_negative,1,hard_negative_type,no_exact_master_sku,rule_generated,needs_review
D0044,Al Kabeer Chicken Burger Jumbo 1kg,Chicken Burger-Frozen,Unbreaded,single_product,1,chicken,chicken,0,burgers,0,0,unspecified,1000.0,1.0,,1000.0,,single_pack,FSAPR,AK PRO FISH FILLET,2 KGS X 5,2000.0,5.0,0,0,1,0,1,33.6,31.9,30.2,31.9,0,confirmed_negative,1,easy_negative,no_exact_master_sku,rule_generated,needs_review
D0046,ALKABEER CHICKEN BURGER 1.2KG,Chicken Burger-Frozen,Unbreaded,single_product,1,chicken,chicken,0,burgers,0,0,unspecified,1200.0,1.0,,1200.0,,single_pack,CKKB24,24 CHICKEN BURGERS,1.2 Kgs x 8 Pkts,1200.0,8.0,1,1,1,1,1,62.6,57.4,51.9,57.2,1,confirmed_positive,1,positive,exact_single_sku,rule_generated,approved
D0046,ALKABEER CHICKEN BURGER 1.2KG,Chicken Burger-Frozen,Unbreaded,single_product,1,chicken,chicken,0,burgers,0,0,unspecified,1200.0,1.0,,1200.0,,single_pack,CKB24PR,AK PRO CHICKEN BURGER 24,1.392 kg x 6 Pkts,1392.0,6.0,1,1,1,0,1,65.6,57.8,57.1,61.4,0,confirmed_negative,1,hard_negative_pack_size,exact_single_sku,rule_generated,approved
D0046,ALKABEER CHICKEN BURGER 1.2KG,Chicken Burger-Frozen,Unbreaded,single_product,1,chicken,chicken,0,burgers,0,0,unspecified,1200.0,1.0,,1200.0,,single_pack,CBBAGPR,AK PRO BEEF BURGER 24,1.392 kg x 6 Pkts,1392.0,6.0,0,1,1,0,1,50.8,42.6,47.7,49.3,0,confirmed_negative,1,hard_negative_protein,exact_single_sku,rule_generated,approved
D0046,ALKABEER CHICKEN BURGER 1.2KG,Chicken Burger-Frozen,Unbreaded,single_product,1,chicken,chicken,0,burgers,0,0,unspecified,1200.0,1.0,,1200.0,,single_pack,VCB10A,BONELESS CHICKEN BREAST 10,2 kg x 5 Pkts,2000.0,5.0,1,0,1,0,1,52.9,50.0,47.4,50.2,0,confirmed_negative,1,hard_negative_type,exact_single_sku,rule_generated,approved
D0046,ALKABEER CHICKEN BURGER 1.2KG,Chicken Burger-Frozen,Unbreaded,single_product,1,chicken,chicken,0,burgers,0,0,unspecified,1200.0,1.0,,1200.0,,single_pack,CMSA,12 MUTTON SAMOSAS,240 Gms x 20 Pkts,240.0,20.0,0,0,1,0,1,23.0,19.5,20.5,21.7,0,confirmed_negative,1,easy_negative,exact_single_sku,rule_generated,approved
D0047,Al Kabeer Jumbo Chicken Burgers 1000g,Chicken Burger-Frozen,Unbreaded,single_product,1,chicken,chicken,0,burgers,0,0,unspecified,1000.0,1.0,,1000.0,,single_pack,CKKBJ,JUMBO BREADED CHICKEN BURGER 100G BULK,1000 GM X 6 PKTS,1000.0,6.0,1,1,1,1,1,58.9,52.8,69.4,64.2,1,confirmed_positive,1,positive,exact_single_sku,rule_generated,approved
D0047,Al Kabeer Jumbo Chicken Burgers 1000g,Chicken Burger-Frozen,Unbreaded,single_product,1,chicken,chicken,0,burgers,0,0,unspecified,1000.0,1.0,,1000.0,,single_pack,CKKB,4 CHICKEN BURGERS,200 Gms x 30 Pkts,200.0,30.0,1,1,1,0,1,62.3,55.7,62.5,62.4,0,confirmed_negative,1,hard_negative_pack_size,exact_single_sku,rule_generated,approved
D0047,Al Kabeer Jumbo Chicken Burgers 1000g,Chicken Burger-Frozen,Unbreaded,single_product,1,chicken,chicken,0,burgers,0,0,unspecified,1000.0,1.0,,1000.0,,single_pack,CBBG100,CHAR.JUMBO BEEF BURGERS BULK(100G)6*1 KG,1KG X 6,1000.0,6.0,0,1,1,1,1,45.6,45.6,46.2,45.9,0,confirmed_negative,1,hard_negative_protein,exact_single_sku,rule_generated,approved
D0047,Al Kabeer Jumbo Chicken Burgers 1000g,Chicken Burger-Frozen,Unbreaded,single_product,1,chicken,chicken,0,burgers,0,0,unspecified,1000.0,1.0,,1000.0,,single_pack,CKNAPR,AK PRO CHICKEN NUGGETS BULK,10 X 1000 GMS,1000.0,,1,0,1,1,1,52.2,47.8,54.5,53.4,0,confirmed_negative,1,hard_negative_type,exact_single_sku,rule_generated,approved
D0047,Al Kabeer Jumbo Chicken Burgers 1000g,Chicken Burger-Frozen,Unbreaded,single_product,1,chicken,chicken,0,burgers,0,0,unspecified,1000.0,1.0,,1000.0,,single_pack,MC40,MUTTON CUBES,2 lbs x 20 Pkts,907.184,20.0,0,0,1,1,1,36.5,29.6,38.0,37.3,0,confirmed_negative,1,easy_negative,exact_single_sku,rule_generated,approved
D0048,Al Kabeer Chicken Burger 1200 gm,Chicken Burger-Frozen,Unbreaded,single_product,1,chicken,chicken,0,burgers,0,0,unspecified,1200.0,1.0,,1200.0,,single_pack,CKKB24,24 CHICKEN BURGERS,1.2 Kgs x 8 Pkts,1200.0,8.0,1,1,1,1,1,62.7,55.9,52.4,57.5,1,confirmed_positive,1,positive,exact_single_sku,rule_generated,approved
D0048,Al Kabeer Chicken Burger 1200 gm,Chicken Burger-Frozen,Unbreaded,single_product,1,chicken,chicken,0,burgers,0,0,unspecified,1200.0,1.0,,1200.0,,single_pack,CKKB8,8 CHICKEN BURGERS,400 Gms x 20 Pkts,400.0,20.0,1,1,1,0,1,66.7,56.4,57.1,61.9,0,confirmed_negative,1,hard_negative_pack_size,exact_single_sku,rule_generated,approved
D0048,Al Kabeer Chicken Burger 1200 gm,Chicken Burger-Frozen,Unbreaded,single_product,1,chicken,chicken,0,burgers,0,0,unspecified,1200.0,1.0,,1200.0,,single_pack,VSC10,SWEET CORN BULK,1 kg x 10 Pkts,1000.0,10.0,0,1,1,0,1,43.9,35.1,47.7,45.8,0,confirmed_negative,1,hard_negative_protein,exact_single_sku,rule_generated,approved
D0048,Al Kabeer Chicken Burger 1200 gm,Chicken Burger-Frozen,Unbreaded,single_product,1,chicken,chicken,0,burgers,0,0,unspecified,1200.0,1.0,,1200.0,,single_pack,CKNAPR,AK PRO CHICKEN NUGGETS BULK,10 X 1000 GMS,1000.0,,1,0,1,0,1,54.1,48.1,55.2,54.7,0,confirmed_negative,1,hard_negative_type,exact_single_sku,rule_generated,approved
D0048,Al Kabeer Chicken Burger 1200 gm,Chicken Burger-Frozen,Unbreaded,single_product,1,chicken,chicken,0,burgers,0,0,unspecified,1200.0,1.0,,1200.0,,single_pack,CVSA,12 VEGETABLE SAMOSAS,240 Gms x 20 Pkts,240.0,20.0,0,0,1,0,1,31.1,27.9,31.9,31.5,0,confirmed_negative,1,easy_negative,exact_single_sku,rule_generated,approved
D0049,Al Kabeer Chicken /Beef Burger 200 gm,Chicken Burger-Frozen,Unbreaded,multiple_choice,2,,beef|chicken,1,burgers,0,0,unspecified,200.0,1.0,,200.0,,single_pack,CKKB,4 CHICKEN BURGERS,200 Gms x 30 Pkts,200.0,30.0,1,1,1,1,1,62.3,57.4,51.7,57.0,1,confirmed_positive,1,positive,requires_business_review,rule_generated,needs_review
D0049,Al Kabeer Chicken /Beef Burger 200 gm,Chicken Burger-Frozen,Unbreaded,multiple_choice,2,,beef|chicken,1,burgers,0,0,unspecified,200.0,1.0,,200.0,,single_pack,CKKB8,8 CHICKEN BURGERS,400 Gms x 20 Pkts,400.0,20.0,1,1,1,0,1,63.9,57.4,53.9,58.9,0,confirmed_negative,1,hard_negative_pack_size,requires_business_review,rule_generated,needs_review
D0049,Al Kabeer Chicken /Beef Burger 200 gm,Chicken Burger-Frozen,Unbreaded,multiple_choice,2,,beef|chicken,1,burgers,0,0,unspecified,200.0,1.0,,200.0,,single_pack,VSC10,SWEET CORN BULK,1 kg x 10 Pkts,1000.0,10.0,0,1,1,0,1,40.3,33.6,43.0,41.7,0,confirmed_negative,1,hard_negative_protein,requires_business_review,rule_generated,needs_review
D0049,Al Kabeer Chicken /Beef Burger 200 gm,Chicken Burger-Frozen,Unbreaded,multiple_choice,2,,beef|chicken,1,burgers,0,0,unspecified,200.0,1.0,,200.0,,single_pack,CKMCB,TENDER CHICKEN BREAST,1 Kgs x 5 Pkts,1000.0,5.0,1,0,1,0,1,54.8,48.9,51.4,53.1,0,confirmed_negative,1,hard_negative_type,requires_business_review,rule_generated,needs_review
D0049,Al Kabeer Chicken /Beef Burger 200 gm,Chicken Burger-Frozen,Unbreaded,multiple_choice,2,,beef|chicken,1,burgers,0,0,unspecified,200.0,1.0,,200.0,,single_pack,CFBF,BREADED FISH FILLET,330 Gms x 20 Pkts,330.0,20.0,0,0,1,0,1,34.9,33.3,34.7,34.8,0,confirmed_negative,1,easy_negative,requires_business_review,rule_generated,needs_review
D0051,Al Kabeer Chicken Burger 400 gm,Chicken Burger-Frozen,Unbreaded,single_product,1,chicken,chicken,0,burgers,0,0,unspecified,400.0,1.0,,400.0,,single_pack,CKKB8,8 CHICKEN BURGERS,400 Gms x 20 Pkts,400.0,20.0,1,1,1,1,1,65.5,56.9,55.4,60.5,-1,unresolved,0,unresolved_near_tie,no_exact_master_sku,rule_generated,needs_review
D0051,Al Kabeer Chicken Burger 400 gm,Chicken Burger-Frozen,Unbreaded,single_product,1,chicken,chicken,0,burgers,0,0,unspecified,400.0,1.0,,400.0,,single_pack,CCCB,CHICKEN BIRYANI 400,400 Gms x 12 Pkts,400.0,12.0,1,1,1,1,1,60.7,45.9,57.1,58.9,-1,unresolved,0,unresolved_near_tie,no_exact_master_sku,rule_generated,needs_review
D0051,Al Kabeer Chicken Burger 400 gm,Chicken Burger-Frozen,Unbreaded,single_product,1,chicken,chicken,0,burgers,0,0,unspecified,400.0,1.0,,400.0,,single_pack,CKKB,4 CHICKEN BURGERS,200 Gms x 30 Pkts,200.0,30.0,1,1,1,0,1,65.5,56.9,55.4,60.5,0,confirmed_negative,1,hard_negative_pack_size,no_exact_master_sku,rule_generated,needs_review
D0051,Al Kabeer Chicken Burger 400 gm,Chicken Burger-Frozen,Unbreaded,single_product,1,chicken,chicken,0,burgers,0,0,unspecified,400.0,1.0,,400.0,,single_pack,VSC10,SWEET CORN BULK,1 kg x 10 Pkts,1000.0,10.0,0,1,1,0,1,42.5,35.4,46.0,44.2,0,confirmed_negative,1,hard_negative_protein,no_exact_master_sku,rule_generated,needs_review
D0051,Al Kabeer Chicken Burger 400 gm,Chicken Burger-Frozen,Unbreaded,single_product,1,chicken,chicken,0,burgers,0,0,unspecified,400.0,1.0,,400.0,,single_pack,CKMCB,TENDER CHICKEN BREAST,1 Kgs x 5 Pkts,1000.0,5.0,1,0,1,0,1,57.4,51.2,52.5,54.9,0,confirmed_negative,1,hard_negative_type,no_exact_master_sku,rule_generated,needs_review
D0051,Al Kabeer Chicken Burger 400 gm,Chicken Burger-Frozen,Unbreaded,single_product,1,chicken,chicken,0,burgers,0,0,unspecified,400.0,1.0,,400.0,,single_pack,CKBCS,BEEF COCKTAIL SAUSAGES,400 Gms x 20 Pkts,400.0,20.0,0,0,1,1,1,42.5,37.8,42.7,42.6,0,confirmed_negative,1,easy_negative,no_exact_master_sku,rule_generated,needs_review
D0052,AL KABEER CHICKEN BURGERS 840GM,Chicken Burger-Frozen,Unbreaded,single_product,1,chicken,chicken,0,burgers,0,0,unspecified,840.0,1.0,,840.0,,single_pack,CKCKB,CHICKEN BURGERS 56 g,840 g. x 9,840.0,,1,1,1,1,1,59.1,57.4,63.8,61.5,-1,unresolved,0,unresolved_near_tie,no_exact_master_sku,rule_generated,needs_review
D0052,AL KABEER CHICKEN BURGERS 840GM,Chicken Burger-Frozen,Unbreaded,single_product,1,chicken,chicken,0,burgers,0,0,unspecified,840.0,1.0,,840.0,,single_pack,CKBBADPR,AK PRO Breaded Chicken Burger Bag 840 g. x 8,840 gm x 8,840.0,8.0,1,1,1,1,1,50.3,52.8,70.4,60.3,-1,unresolved,0,unresolved_near_tie,no_exact_master_sku,rule_generated,needs_review
D0052,AL KABEER CHICKEN BURGERS 840GM,Chicken Burger-Frozen,Unbreaded,single_product,1,chicken,chicken,0,burgers,0,0,unspecified,840.0,1.0,,840.0,,single_pack,CKBT,TAYEBAT CHICKEN BURGER,1 Kgs x 9 Pkts,1000.0,9.0,1,1,1,0,1,63.4,56.9,62.9,63.1,0,confirmed_negative,1,hard_negative_pack_size,no_exact_master_sku,rule_generated,needs_review
D0052,AL KABEER CHICKEN BURGERS 840GM,Chicken Burger-Frozen,Unbreaded,single_product,1,chicken,chicken,0,burgers,0,0,unspecified,840.0,1.0,,840.0,,single_pack,CBBO24,24 BEEF BURGERS,1.2 Kgs x 8 Pkts,1200.0,8.0,0,1,1,0,1,43.2,46.8,50.6,46.9,0,confirmed_negative,1,hard_negative_protein,no_exact_master_sku,rule_generated,needs_review
D0052,AL KABEER CHICKEN BURGERS 840GM,Chicken Burger-Frozen,Unbreaded,single_product,1,chicken,chicken,0,burgers,0,0,unspecified,840.0,1.0,,840.0,,single_pack,CKMCB,TENDER CHICKEN BREAST,1 Kgs x 5 Pkts,1000.0,5.0,1,0,1,0,1,55.8,52.7,50.9,53.4,0,confirmed_negative,1,hard_negative_type,no_exact_master_sku,rule_generated,needs_review
D0052,AL KABEER CHICKEN BURGERS 840GM,Chicken Burger-Frozen,Unbreaded,single_product,1,chicken,chicken,0,burgers,0,0,unspecified,840.0,1.0,,840.0,,single_pack,FSFT,TABARRUK SUTCHI FISH FILLET,2kg X 5pkts,2000.0,,0,0,1,0,1,33.8,30.8,31.7,32.8,0,confirmed_negative,1,easy_negative,no_exact_master_sku,rule_generated,needs_review
D0053,Al Kabeer Chicken & Cheese Sticks Spicy (1Kg),Chicken Cheese Stick-Frozen,Hot & Spicy,single_product,1,chicken,chicken,0,cheese_stick,0,1,spicy,1000.0,1.0,,1000.0,,single_pack,CKCCSHA,CHICKEN & CHEESE STICKS SPICY BULK,1 kg x 5 Pkts,1000.0,5.0,1,1,1,1,1,73.4,66.7,69.0,71.2,-1,unresolved,0,unresolved_near_tie,no_exact_master_sku,rule_generated,needs_review
D0053,Al Kabeer Chicken & Cheese Sticks Spicy (1Kg),Chicken Cheese Stick-Frozen,Hot & Spicy,single_product,1,chicken,chicken,0,cheese_stick,0,1,spicy,1000.0,1.0,,1000.0,,single_pack,CCKSHA,CHICKEN STICK BULK HOT & SPICY,1 kg x 5 Pkts,1000.0,5.0,1,1,1,1,1,63.9,56.8,73.6,68.7,-1,unresolved,0,unresolved_near_tie,no_exact_master_sku,rule_generated,needs_review
D0053,Al Kabeer Chicken & Cheese Sticks Spicy (1Kg),Chicken Cheese Stick-Frozen,Hot & Spicy,single_product,1,chicken,chicken,0,cheese_stick,0,1,spicy,1000.0,1.0,,1000.0,,single_pack,CKCCNS,CHICKEN & CHEESE STICKS HOT & SPICY,250 gm x 20 Pkts,250.0,20.0,1,1,1,0,1,72.5,71.4,75.0,73.8,0,confirmed_negative,1,hard_negative_pack_size,no_exact_master_sku,rule_generated,needs_review
D0053,Al Kabeer Chicken & Cheese Sticks Spicy (1Kg),Chicken Cheese Stick-Frozen,Hot & Spicy,single_product,1,chicken,chicken,0,cheese_stick,0,1,spicy,1000.0,1.0,,1000.0,,single_pack,CSTCA,TABARRUK COOKING SHRIMPS FAMILY PACK,500 Gms x 20 Pkts,500.0,20.0,0,1,1,0,1,36.1,37.2,37.5,36.8,0,confirmed_negative,1,hard_negative_protein,no_exact_master_sku,rule_generated,needs_review
D0053,Al Kabeer Chicken & Cheese Sticks Spicy (1Kg),Chicken Cheese Stick-Frozen,Hot & Spicy,single_product,1,chicken,chicken,0,cheese_stick,0,1,spicy,1000.0,1.0,,1000.0,,single_pack,CKBBS,8 BREADED CHICKEN BURGER HOT & SPICY,400 gm x 12 Pkts,400.0,12.0,1,0,1,0,1,57.1,52.6,59.5,58.3,0,confirmed_negative,1,hard_negative_type,no_exact_master_sku,rule_generated,needs_review
D0053,Al Kabeer Chicken & Cheese Sticks Spicy (1Kg),Chicken Cheese Stick-Frozen,Hot & Spicy,single_product,1,chicken,chicken,0,cheese_stick,0,1,spicy,1000.0,1.0,,1000.0,,single_pack,CMSA,12 MUTTON SAMOSAS,240 Gms x 20 Pkts,240.0,20.0,0,0,1,0,1,29.2,29.2,30.8,30.0,0,confirmed_negative,1,easy_negative,no_exact_master_sku,rule_generated,needs_review
D0054,Al Kabeer Hot/Spicy Chicken & Cheese Sticks 250 gm,Chicken Cheese Stick-Frozen,Hot & Spicy,single_product,1,chicken,chicken,0,cheese_stick,0,1,spicy,250.0,1.0,,250.0,,single_pack,CKCCNS,CHICKEN & CHEESE STICKS HOT & SPICY,250 gm x 20 Pkts,250.0,20.0,1,1,1,1,1,75.9,63.1,74.4,75.2,1,confirmed_positive,1,positive,exact_single_sku,rule_generated,approved
D0054,Al Kabeer Hot/Spicy Chicken & Cheese Sticks 250 gm,Chicken Cheese Stick-Frozen,Hot & Spicy,single_product,1,chicken,chicken,0,cheese_stick,0,1,spicy,250.0,1.0,,250.0,,single_pack,CCKSHA,CHICKEN STICK BULK HOT & SPICY,1 kg x 5 Pkts,1000.0,5.0,1,1,1,0,1,66.7,55.2,75.4,71.0,0,confirmed_negative,1,hard_negative_pack_size,exact_single_sku,rule_generated,approved
D0054,Al Kabeer Hot/Spicy Chicken & Cheese Sticks 250 gm,Chicken Cheese Stick-Frozen,Hot & Spicy,single_product,1,chicken,chicken,0,cheese_stick,0,1,spicy,250.0,1.0,,250.0,,single_pack,CKBMTY,TAYEBAT BEEF MEAT BALLS 1 kg x 10 Pkts,1 kg x 10 Pkts,1000.0,10.0,0,1,1,0,1,35.7,33.5,40.0,37.8,0,confirmed_negative,1,hard_negative_protein,exact_single_sku,rule_generated,approved
D0054,Al Kabeer Hot/Spicy Chicken & Cheese Sticks 250 gm,Chicken Cheese Stick-Frozen,Hot & Spicy,single_product,1,chicken,chicken,0,cheese_stick,0,1,spicy,250.0,1.0,,250.0,,single_pack,CKBBS,8 BREADED CHICKEN BURGER HOT & SPICY,400 gm x 12 Pkts,400.0,12.0,1,0,1,0,1,61.1,48.9,59.1,60.1,0,confirmed_negative,1,hard_negative_type,exact_single_sku,rule_generated,approved
D0054,Al Kabeer Hot/Spicy Chicken & Cheese Sticks 250 gm,Chicken Cheese Stick-Frozen,Hot & Spicy,single_product,1,chicken,chicken,0,cheese_stick,0,1,spicy,250.0,1.0,,250.0,,single_pack,CKBCS,BEEF COCKTAIL SAUSAGES,400 Gms x 20 Pkts,400.0,20.0,0,0,1,0,1,40.3,35.1,40.4,40.3,0,confirmed_negative,1,easy_negative,exact_single_sku,rule_generated,approved
D0056,Al Kabeer Chicken & Cheese Sticks (1000g),Chicken Cheese Stick-Frozen,No Variant,single_product,1,chicken,chicken,0,cheese_stick,0,1,unspecified,1000.0,1.0,,1000.0,,single_pack,CKCCSA,CHICKEN & CHEESE STICKS BULK,1 Kgs x 5 Pkts,1000.0,5.0,1,1,1,1,1,66.7,61.3,65.7,66.2,-1,unresolved,0,unresolved_near_tie,no_exact_master_sku,rule_generated,needs_review
D0056,Al Kabeer Chicken & Cheese Sticks (1000g),Chicken Cheese Stick-Frozen,No Variant,single_product,1,chicken,chicken,0,cheese_stick,0,1,unspecified,1000.0,1.0,,1000.0,,single_pack,CKCCSHA,CHICKEN & CHEESE STICKS SPICY BULK,1 kg x 5 Pkts,1000.0,5.0,1,1,1,1,1,62.1,57.1,65.7,63.9,-1,unresolved,0,unresolved_near_tie,no_exact_master_sku,rule_generated,needs_review
D0056,Al Kabeer Chicken & Cheese Sticks (1000g),Chicken Cheese Stick-Frozen,No Variant,single_product,1,chicken,chicken,0,cheese_stick,0,1,unspecified,1000.0,1.0,,1000.0,,single_pack,CKCCS,CHICKEN & CHEESE STICKS,250 Gms x 20 Pkts,250.0,20.0,1,1,1,0,1,68.5,64.3,68.6,68.6,0,confirmed_negative,1,hard_negative_pack_size,no_exact_master_sku,rule_generated,needs_review
D0056,Al Kabeer Chicken & Cheese Sticks (1000g),Chicken Cheese Stick-Frozen,No Variant,single_product,1,chicken,chicken,0,cheese_stick,0,1,unspecified,1000.0,1.0,,1000.0,,single_pack,CKBMTY,TAYEBAT BEEF MEAT BALLS 1 kg x 10 Pkts,1 kg x 10 Pkts,1000.0,10.0,0,1,1,1,1,35.4,30.5,39.6,37.5,0,confirmed_negative,1,hard_negative_protein,no_exact_master_sku,rule_generated,needs_review
D0056,Al Kabeer Chicken & Cheese Sticks (1000g),Chicken Cheese Stick-Frozen,No Variant,single_product,1,chicken,chicken,0,cheese_stick,0,1,unspecified,1000.0,1.0,,1000.0,,single_pack,CKCCN,CHICKEN  N CHEESE NUGGETS,400 Gms x 12 Pkts,400.0,12.0,1,0,1,0,1,57.4,55.1,52.1,54.7,0,confirmed_negative,1,hard_negative_type,no_exact_master_sku,rule_generated,needs_review
D0056,Al Kabeer Chicken & Cheese Sticks (1000g),Chicken Cheese Stick-Frozen,No Variant,single_product,1,chicken,chicken,0,cheese_stick,0,1,unspecified,1000.0,1.0,,1000.0,,single_pack,CBBUR,BEEF BURGERS 56 g.,840 g. x 9,840.0,,0,0,1,0,1,30.8,29.1,26.7,28.7,0,confirmed_negative,1,easy_negative,no_exact_master_sku,rule_generated,needs_review
D0057,Al Kabeer Jumbo Chicken Sticks 1000Gm,Chicken Cheese Stick-Frozen,No Variant,single_product,1,chicken,chicken,0,cheese_stick,0,1,unspecified,1000.0,1.0,,1000.0,,single_pack,CKCCSA,CHICKEN & CHEESE STICKS BULK,1 Kgs x 5 Pkts,1000.0,5.0,1,1,1,1,1,56.2,53.4,61.0,58.6,-1,unresolved,0,unresolved_near_tie,no_exact_master_sku,rule_generated,needs_review
D0057,Al Kabeer Jumbo Chicken Sticks 1000Gm,Chicken Cheese Stick-Frozen,No Variant,single_product,1,chicken,chicken,0,cheese_stick,0,1,unspecified,1000.0,1.0,,1000.0,,single_pack,CKJS,JUMBO CHICKEN STICKS (BULK),1 kg x 5 Pkts,1000.0,5.0,1,1,1,1,1,55.9,51.7,57.1,56.5,-1,unresolved,0,unresolved_near_tie,no_exact_master_sku,rule_generated,needs_review
D0057,Al Kabeer Jumbo Chicken Sticks 1000Gm,Chicken Cheese Stick-Frozen,No Variant,single_product,1,chicken,chicken,0,cheese_stick,0,1,unspecified,1000.0,1.0,,1000.0,,single_pack,CKCCS,CHICKEN & CHEESE STICKS,250 Gms x 20 Pkts,250.0,20.0,1,1,1,0,1,60.4,56.1,64.8,62.6,0,confirmed_negative,1,hard_negative_pack_size,no_exact_master_sku,rule_generated,needs_review
D0057,Al Kabeer Jumbo Chicken Sticks 1000Gm,Chicken Cheese Stick-Frozen,No Variant,single_product,1,chicken,chicken,0,cheese_stick,0,1,unspecified,1000.0,1.0,,1000.0,,single_pack,CSPCAPR,AK PRO JUMBO PRAWN CRISPIES,10 X 1 KGS,1000.0,,0,1,1,1,1,39.1,39.1,45.0,42.1,0,confirmed_negative,1,hard_negative_protein,no_exact_master_sku,rule_generated,needs_review
D0057,Al Kabeer Jumbo Chicken Sticks 1000Gm,Chicken Cheese Stick-Frozen,No Variant,single_product,1,chicken,chicken,0,cheese_stick,0,1,unspecified,1000.0,1.0,,1000.0,,single_pack,CKCCN,CHICKEN  N CHEESE NUGGETS,400 Gms x 12 Pkts,400.0,12.0,1,0,1,0,1,53.0,46.3,54.5,53.8,0,confirmed_negative,1,hard_negative_type,no_exact_master_sku,rule_generated,needs_review
D0057,Al Kabeer Jumbo Chicken Sticks 1000Gm,Chicken Cheese Stick-Frozen,No Variant,single_product,1,chicken,chicken,0,cheese_stick,0,1,unspecified,1000.0,1.0,,1000.0,,single_pack,CFBFA,BREADED FISH FILLET BULK,1 Kgs x 5 Pkts,1000.0,5.0,0,0,1,1,1,31.0,31.0,31.7,31.3,0,confirmed_negative,1,easy_negative,no_exact_master_sku,rule_generated,needs_review
D0058,Al Kabeer Chicken & Cheese Sticks 250 gm,Chicken Cheese Stick-Frozen,No Variant,single_product,1,chicken,chicken,0,cheese_stick,0,1,unspecified,250.0,1.0,,250.0,,single_pack,CKCCS,CHICKEN & CHEESE STICKS,250 Gms x 20 Pkts,250.0,20.0,1,1,1,1,1,73.2,66.2,75.2,74.2,1,confirmed_positive,1,positive,exact_single_sku,rule_generated,approved
D0058,Al Kabeer Chicken & Cheese Sticks 250 gm,Chicken Cheese Stick-Frozen,No Variant,single_product,1,chicken,chicken,0,cheese_stick,0,1,unspecified,250.0,1.0,,250.0,,single_pack,CKCCSA,CHICKEN & CHEESE STICKS BULK,1 Kgs x 5 Pkts,1000.0,5.0,1,1,1,0,1,69.8,63.1,67.3,68.6,0,confirmed_negative,1,hard_negative_pack_size,exact_single_sku,rule_generated,approved
D0058,Al Kabeer Chicken & Cheese Sticks 250 gm,Chicken Cheese Stick-Frozen,No Variant,single_product,1,chicken,chicken,0,cheese_stick,0,1,unspecified,250.0,1.0,,250.0,,single_pack,VSC,SWEET CORN 400,400 gm x 20 Pkts,400.0,20.0,0,1,1,0,1,39.0,35.6,39.1,39.1,0,confirmed_negative,1,hard_negative_protein,exact_single_sku,rule_generated,approved
D0058,Al Kabeer Chicken & Cheese Sticks 250 gm,Chicken Cheese Stick-Frozen,No Variant,single_product,1,chicken,chicken,0,cheese_stick,0,1,unspecified,250.0,1.0,,250.0,,single_pack,CKCCN,CHICKEN  N CHEESE NUGGETS,400 Gms x 12 Pkts,400.0,12.0,1,0,1,0,1,62.2,55.5,54.7,58.5,0,confirmed_negative,1,hard_negative_type,exact_single_sku,rule_generated,approved
D0058,Al Kabeer Chicken & Cheese Sticks 250 gm,Chicken Cheese Stick-Frozen,No Variant,single_product,1,chicken,chicken,0,cheese_stick,0,1,unspecified,250.0,1.0,,250.0,,single_pack,CMSA,12 MUTTON SAMOSAS,240 Gms x 20 Pkts,240.0,20.0,0,0,1,1,1,30.0,30.0,31.6,30.8,0,confirmed_negative,1,easy_negative,exact_single_sku,rule_generated,approved
D0059,Al Kabeer Chicken & Cheese Rings 300 gm,Chicken Cheese Stick-Frozen,No Variant,single_product,1,chicken,chicken,0,cheese_stick,0,1,unspecified,300.0,1.0,,300.0,,single_pack,CKCCR,CHICKEN ‘N’ CHEESE RINGS 300,300 gms x 12 pkts,300.0,12.0,1,1,1,1,1,62.9,55.3,73.2,68.1,1,confirmed_positive,1,positive,exact_single_sku,rule_generated,approved
D0059,Al Kabeer Chicken & Cheese Rings 300 gm,Chicken Cheese Stick-Frozen,No Variant,single_product,1,chicken,chicken,0,cheese_stick,0,1,unspecified,300.0,1.0,,300.0,,single_pack,CKCCS,CHICKEN & CHEESE STICKS,250 Gms x 20 Pkts,250.0,20.0,1,1,1,0,1,66.7,61.0,66.0,66.3,0,confirmed_negative,1,hard_negative_pack_size,exact_single_sku,rule_generated,approved
D0059,Al Kabeer Chicken & Cheese Rings 300 gm,Chicken Cheese Stick-Frozen,No Variant,single_product,1,chicken,chicken,0,cheese_stick,0,1,unspecified,300.0,1.0,,300.0,,single_pack,VSC,SWEET CORN 400,400 gm x 20 Pkts,400.0,20.0,0,1,1,0,1,39.3,39.3,44.0,41.6,0,confirmed_negative,1,hard_negative_protein,exact_single_sku,rule_generated,approved
D0059,Al Kabeer Chicken & Cheese Rings 300 gm,Chicken Cheese Stick-Frozen,No Variant,single_product,1,chicken,chicken,0,cheese_stick,0,1,unspecified,300.0,1.0,,300.0,,single_pack,CKCCN,CHICKEN  N CHEESE NUGGETS,400 Gms x 12 Pkts,400.0,12.0,1,0,1,0,1,62.7,57.4,55.3,59.0,0,confirmed_negative,1,hard_negative_type,exact_single_sku,rule_generated,approved
D0059,Al Kabeer Chicken & Cheese Rings 300 gm,Chicken Cheese Stick-Frozen,No Variant,single_product,1,chicken,chicken,0,cheese_stick,0,1,unspecified,300.0,1.0,,300.0,,single_pack,CBBO24,24 BEEF BURGERS,1.2 Kgs x 8 Pkts,1200.0,8.0,0,0,1,0,1,36.5,36.5,35.7,36.1,0,confirmed_negative,1,easy_negative,exact_single_sku,rule_generated,approved
D0061,Al Kabeer Zing Chicken Strips (320g)/ Cheese Stick/Nuggets-Frozen,Chicken Cheese Stick-Frozen,No Variant,bundle,3,chicken,chicken,0,cheese_stick|nuggets|strips,1,1,unspecified,320.0,1.0,,320.0,,single_pack,CKZS,ZING CHICKEN STRIPS,320 Gms x 20 Pkts,320.0,20.0,1,1,1,1,1,55.0,52.3,61.3,58.2,1,confirmed_positive,1,positive,requires_business_review,rule_generated,needs_review
D0061,Al Kabeer Zing Chicken Strips (320g)/ Cheese Stick/Nuggets-Frozen,Chicken Cheese Stick-Frozen,No Variant,bundle,3,chicken,chicken,0,cheese_stick|nuggets|strips,1,1,unspecified,320.0,1.0,,320.0,,single_pack,CKCCS,CHICKEN & CHEESE STICKS,250 Gms x 20 Pkts,250.0,20.0,1,1,1,0,1,64.7,55.1,57.1,60.9,0,confirmed_negative,1,hard_negative_pack_size,requires_business_review,rule_generated,needs_review
D0061,Al Kabeer Zing Chicken Strips (320g)/ Cheese Stick/Nuggets-Frozen,Chicken Cheese Stick-Frozen,No Variant,bundle,3,chicken,chicken,0,cheese_stick|nuggets|strips,1,1,unspecified,320.0,1.0,,320.0,,single_pack,MRC,MUTTON RIB CHOPS,1 lb x 40 Pkts,453.592,40.0,0,1,1,0,1,37.0,34.2,38.3,37.7,0,confirmed_negative,1,hard_negative_protein,requires_business_review,rule_generated,needs_review
D0061,Al Kabeer Zing Chicken Strips (320g)/ Cheese Stick/Nuggets-Frozen,Chicken Cheese Stick-Frozen,No Variant,bundle,3,chicken,chicken,0,cheese_stick|nuggets|strips,1,1,unspecified,320.0,1.0,,320.0,,single_pack,CKZFCCFAP,Zing Chicken Fillets Spicy + Free Chicken Fries Bulk,1+1 kg x 3,1000.0,3.0,1,0,1,0,1,47.8,45.0,47.7,47.8,0,confirmed_negative,1,hard_negative_type,requires_business_review,rule_generated,needs_review
D0061,Al Kabeer Zing Chicken Strips (320g)/ Cheese Stick/Nuggets-Frozen,Chicken Cheese Stick-Frozen,No Variant,bundle,3,chicken,chicken,0,cheese_stick|nuggets|strips,1,1,unspecified,320.0,1.0,,320.0,,single_pack,CBBO,4 BEEF BURGERS,200 Gms x 30 Pkt,200.0,30.0,0,0,1,0,1,37.4,33.1,36.7,37.1,0,confirmed_negative,1,easy_negative,requires_business_review,rule_generated,needs_review
D0062,Al Kabeer Hot/Spicy Chicken & Cheese Sticks 250 gm,Chicken Cheese Stick-Frozen,Spicy,single_product,1,chicken,chicken,0,cheese_stick,0,1,spicy,250.0,1.0,,250.0,,single_pack,CKCCNS,CHICKEN & CHEESE STICKS HOT & SPICY,250 gm x 20 Pkts,250.0,20.0,1,1,1,1,1,71.8,58.6,73.6,72.7,-1,unresolved,0,unresolved_near_tie,no_exact_master_sku,rule_generated,needs_review
D0062,Al Kabeer Hot/Spicy Chicken & Cheese Sticks 250 gm,Chicken Cheese Stick-Frozen,Spicy,single_product,1,chicken,chicken,0,cheese_stick,0,1,spicy,250.0,1.0,,250.0,,single_pack,CKCCS,CHICKEN & CHEESE STICKS,250 Gms x 20 Pkts,250.0,20.0,1,1,1,1,1,72.2,63.3,68.4,70.3,-1,unresolved,0,unresolved_near_tie,no_exact_master_sku,rule_generated,needs_review
D0062,Al Kabeer Hot/Spicy Chicken & Cheese Sticks 250 gm,Chicken Cheese Stick-Frozen,Spicy,single_product,1,chicken,chicken,0,cheese_stick,0,1,spicy,250.0,1.0,,250.0,,single_pack,CKCCSHA,CHICKEN & CHEESE STICKS SPICY BULK,1 kg x 5 Pkts,1000.0,5.0,1,1,1,0,1,71.6,60.2,65.6,68.6,0,confirmed_negative,1,hard_negative_pack_size,no_exact_master_sku,rule_generated,needs_review
D0062,Al Kabeer Hot/Spicy Chicken & Cheese Sticks 250 gm,Chicken Cheese Stick-Frozen,Spicy,single_product,1,chicken,chicken,0,cheese_stick,0,1,spicy,250.0,1.0,,250.0,,single_pack,CSB,BREADED SHRIMPS 250,250 Gms x 20 Pkts,250.0,20.0,0,1,1,1,1,37.8,37.8,39.3,38.6,0,confirmed_negative,1,hard_negative_protein,no_exact_master_sku,rule_generated,needs_review
D0062,Al Kabeer Hot/Spicy Chicken & Cheese Sticks 250 gm,Chicken Cheese Stick-Frozen,Spicy,single_product,1,chicken,chicken,0,cheese_stick,0,1,spicy,250.0,1.0,,250.0,,single_pack,CKBBS,8 BREADED CHICKEN BURGER HOT & SPICY,400 gm x 12 Pkts,400.0,12.0,1,0,1,0,1,56.3,46.0,57.8,57.1,0,confirmed_negative,1,hard_negative_type,no_exact_master_sku,rule_generated,needs_review
D0062,Al Kabeer Hot/Spicy Chicken & Cheese Sticks 250 gm,Chicken Cheese Stick-Frozen,Spicy,single_product,1,chicken,chicken,0,cheese_stick,0,1,spicy,250.0,1.0,,250.0,,single_pack,CVSA,12 VEGETABLE SAMOSAS,240 Gms x 20 Pkts,240.0,20.0,0,0,1,1,1,28.2,36.6,31.6,29.9,0,confirmed_negative,1,easy_negative,no_exact_master_sku,rule_generated,needs_review
D0063,AL KABEER BREADED CHICKEN FILLET HOT & SPICY 2X330GM,Chicken Fillets-Frozen,Hot & Spicy,single_product,1,chicken,chicken,0,fillet,0,0,spicy,330.0,2.0,,660.0,,multipack,CKBCFH,BREADED CHICKEN FILLETS HOT N SPICY,330 Gms x 20 Pkts,330.0,20.0,1,1,1,1,1,73.9,69.3,72.5,73.2,1,confirmed_positive,1,positive,exact_single_sku,rule_generated,approved
D0063,AL KABEER BREADED CHICKEN FILLET HOT & SPICY 2X330GM,Chicken Fillets-Frozen,Hot & Spicy,single_product,1,chicken,chicken,0,fillet,0,0,spicy,330.0,2.0,,660.0,,multipack,CKBCFHDA,BREADED CHICKEN FILLET SPICY 750 GMS,750 GMS X 8 PKT,750.0,8.0,1,1,1,0,1,67.0,60.2,75.8,71.4,0,confirmed_negative,1,hard_negative_pack_size,exact_single_sku,rule_generated,approved
D0063,AL KABEER BREADED CHICKEN FILLET HOT & SPICY 2X330GM,Chicken Fillets-Frozen,Hot & Spicy,single_product,1,chicken,chicken,0,fillet,0,0,spicy,330.0,2.0,,660.0,,multipack,CFBF,BREADED FISH FILLET,330 Gms x 20 Pkts,330.0,20.0,0,1,1,1,1,52.8,47.2,60.3,56.5,0,confirmed_negative,1,hard_negative_protein,exact_single_sku,rule_generated,approved
D0063,AL KABEER BREADED CHICKEN FILLET HOT & SPICY 2X330GM,Chicken Fillets-Frozen,Hot & Spicy,single_product,1,chicken,chicken,0,fillet,0,0,spicy,330.0,2.0,,660.0,,multipack,CKBBS,8 BREADED CHICKEN BURGER HOT & SPICY,400 gm x 12 Pkts,400.0,12.0,1,0,1,0,1,61.0,61.0,62.1,61.5,0,confirmed_negative,1,hard_negative_type,exact_single_sku,rule_generated,approved
D0063,AL KABEER BREADED CHICKEN FILLET HOT & SPICY 2X330GM,Chicken Fillets-Frozen,Hot & Spicy,single_product,1,chicken,chicken,0,fillet,0,0,spicy,330.0,2.0,,660.0,,multipack,CKBCFNSA,BREADED CHICKEN FILLET NON-SPICY 750 GMS,750 GMS X 8 PKT,750.0,8.0,1,1,0,0,1,63.0,59.8,68.3,65.7,0,confirmed_negative,1,hard_negative_variant,exact_single_sku,rule_generated,approved
D0063,AL KABEER BREADED CHICKEN FILLET HOT & SPICY 2X330GM,Chicken Fillets-Frozen,Hot & Spicy,single_product,1,chicken,chicken,0,fillet,0,0,spicy,330.0,2.0,,660.0,,multipack,CBBOA,BEEF BURGERS BULK,2 Kgs x 5 Pkts,2000.0,5.0,0,0,1,0,1,32.1,33.6,31.2,31.7,0,confirmed_negative,1,easy_negative,exact_single_sku,rule_generated,approved
D0064,AL KABEER BREADED CHICKEN FILLET HOT AND SPICY 360 Gm,Chicken Fillets-Frozen,Hot & Spicy,single_product,1,chicken,chicken,0,fillet,0,0,spicy,360.0,1.0,,360.0,,single_pack,CKBCFH,BREADED CHICKEN FILLETS HOT N SPICY,330 Gms x 20 Pkts,330.0,20.0,1,1,1,1,1,76.8,71.2,72.5,74.7,1,confirmed_positive,1,positive,exact_single_sku,rule_generated,approved
D0064,AL KABEER BREADED CHICKEN FILLET HOT AND SPICY 360 Gm,Chicken Fillets-Frozen,Hot & Spicy,single_product,1,chicken,chicken,0,fillet,0,0,spicy,360.0,1.0,,360.0,,single_pack,CKBCFHDA,BREADED CHICKEN FILLET SPICY 750 GMS,750 GMS X 8 PKT,750.0,8.0,1,1,1,0,1,72.3,61.0,75.8,74.1,0,confirmed_negative,1,hard_negative_pack_size,exact_single_sku,rule_generated,approved
D0064,AL KABEER BREADED CHICKEN FILLET HOT AND SPICY 360 Gm,Chicken Fillets-Frozen,Hot & Spicy,single_product,1,chicken,chicken,0,fillet,0,0,spicy,360.0,1.0,,360.0,,single_pack,CFBFA,BREADED FISH FILLET BULK,1 Kgs x 5 Pkts,1000.0,5.0,0,1,1,0,1,52.6,47.4,60.3,56.5,0,confirmed_negative,1,hard_negative_protein,exact_single_sku,rule_generated,approved
D0064,AL KABEER BREADED CHICKEN FILLET HOT AND SPICY 360 Gm,Chicken Fillets-Frozen,Hot & Spicy,single_product,1,chicken,chicken,0,fillet,0,0,spicy,360.0,1.0,,360.0,,single_pack,CKBBS,8 BREADED CHICKEN BURGER HOT & SPICY,400 gm x 12 Pkts,400.0,12.0,1,0,1,1,1,61.8,59.6,64.5,63.2,0,confirmed_negative,1,hard_negative_type,exact_single_sku,rule_generated,approved
D0064,AL KABEER BREADED CHICKEN FILLET HOT AND SPICY 360 Gm,Chicken Fillets-Frozen,Hot & Spicy,single_product,1,chicken,chicken,0,fillet,0,0,spicy,360.0,1.0,,360.0,,single_pack,CKBCFNSA,BREADED CHICKEN FILLET NON-SPICY 750 GMS,750 GMS X 8 PKT,750.0,8.0,1,1,0,0,1,67.0,61.6,69.8,68.4,0,confirmed_negative,1,hard_negative_variant,exact_single_sku,rule_generated,approved
D0064,AL KABEER BREADED CHICKEN FILLET HOT AND SPICY 360 Gm,Chicken Fillets-Frozen,Hot & Spicy,single_product,1,chicken,chicken,0,fillet,0,0,spicy,360.0,1.0,,360.0,,single_pack,CVSAP,VEGETABLE SAMOSA TWIN PROMO PACK,480 Gms x 10 Pkts,480.0,10.0,0,0,1,0,1,30.6,32.9,35.9,33.2,0,confirmed_negative,1,easy_negative,exact_single_sku,rule_generated,approved
D0065,AL KABEER BREADED CHICKEN FILLET HOT AND SPICY 750GM,Chicken Fillets-Frozen,Hot & Spicy,single_product,1,chicken,chicken,0,fillet,0,0,spicy,750.0,1.0,,750.0,,single_pack,CKBCFHDA,BREADED CHICKEN FILLET SPICY 750 GMS,750 GMS X 8 PKT,750.0,8.0,1,1,1,1,1,71.6,62.5,76.0,73.8,1,confirmed_positive,1,positive,exact_single_sku,rule_generated,approved
D0065,AL KABEER BREADED CHICKEN FILLET HOT AND SPICY 750GM,Chicken Fillets-Frozen,Hot & Spicy,single_product,1,chicken,chicken,0,fillet,0,0,spicy,750.0,1.0,,750.0,,single_pack,CKBCFH,BREADED CHICKEN FILLETS HOT N SPICY,330 Gms x 20 Pkts,330.0,20.0,1,1,1,0,1,73.9,70.5,72.5,73.2,0,confirmed_negative,1,hard_negative_pack_size,exact_single_sku,rule_generated,approved
D0065,AL KABEER BREADED CHICKEN FILLET HOT AND SPICY 750GM,Chicken Fillets-Frozen,Hot & Spicy,single_product,1,chicken,chicken,0,fillet,0,0,spicy,750.0,1.0,,750.0,,single_pack,CFBFA,BREADED FISH FILLET BULK,1 Kgs x 5 Pkts,1000.0,5.0,0,1,1,0,1,54.3,47.7,60.3,57.3,0,confirmed_negative,1,hard_negative_protein,exact_single_sku,rule_generated,approved
D0065,AL KABEER BREADED CHICKEN FILLET HOT AND SPICY 750GM,Chicken Fillets-Frozen,Hot & Spicy,single_product,1,chicken,chicken,0,fillet,0,0,spicy,750.0,1.0,,750.0,,single_pack,CKBBS,8 BREADED CHICKEN BURGER HOT & SPICY,400 gm x 12 Pkts,400.0,12.0,1,0,1,0,1,59.9,59.9,60.7,60.3,0,confirmed_negative,1,hard_negative_type,exact_single_sku,rule_generated,approved
D0065,AL KABEER BREADED CHICKEN FILLET HOT AND SPICY 750GM,Chicken Fillets-Frozen,Hot & Spicy,single_product,1,chicken,chicken,0,fillet,0,0,spicy,750.0,1.0,,750.0,,single_pack,CKBCFNSA,BREADED CHICKEN FILLET NON-SPICY 750 GMS,750 GMS X 8 PKT,750.0,8.0,1,1,0,1,1,67.4,63.0,72.0,69.7,0,confirmed_negative,1,hard_negative_variant,exact_single_sku,rule_generated,approved
D0065,AL KABEER BREADED CHICKEN FILLET HOT AND SPICY 750GM,Chicken Fillets-Frozen,Hot & Spicy,single_product,1,chicken,chicken,0,fillet,0,0,spicy,750.0,1.0,,750.0,,single_pack,CVSAP,VEGETABLE SAMOSA TWIN PROMO PACK,480 Gms x 10 Pkts,480.0,10.0,0,0,1,0,1,32.0,33.1,36.2,34.1,0,confirmed_negative,1,easy_negative,exact_single_sku,rule_generated,approved
D0066,Al Kabeer Zing Chicken Fillet Catering 1kg,Chicken Fillets-Frozen,No Variant,single_product,1,chicken,chicken,0,fillet,0,0,unspecified,1000.0,1.0,,1000.0,,single_pack,CKZFA5,ZING CHICKEN FILLET BULK 5-OUNCE,5 PKTS X 1000 GRM,1000.0,5.0,1,1,1,1,1,58.1,55.4,70.1,64.1,-1,unresolved,0,unresolved_near_tie,no_exact_master_sku,rule_generated,needs_review
D0066,Al Kabeer Zing Chicken Fillet Catering 1kg,Chicken Fillets-Frozen,No Variant,single_product,1,chicken,chicken,0,fillet,0,0,unspecified,1000.0,1.0,,1000.0,,single_pack,CKBCFFAPR,AK PRO Breaded Chicken Fillets,10X1000g,1000.0,,1,1,1,1,1,62.2,59.3,60.4,61.3,-1,unresolved,0,unresolved_near_tie,no_exact_master_sku,rule_generated,needs_review
D0066,Al Kabeer Zing Chicken Fillet Catering 1kg,Chicken Fillets-Frozen,No Variant,single_product,1,chicken,chicken,0,fillet,0,0,unspecified,1000.0,1.0,,1000.0,,single_pack,CKZFNS,ZING CHICKEN FILLET NON-SPICY,8 X 750 GMS,750.0,,1,1,1,0,1,54.4,60.3,70.1,62.3,0,confirmed_negative,1,hard_negative_pack_size,no_exact_master_sku,rule_generated,needs_review
D0066,Al Kabeer Zing Chicken Fillet Catering 1kg,Chicken Fillets-Frozen,No Variant,single_product,1,chicken,chicken,0,fillet,0,0,unspecified,1000.0,1.0,,1000.0,,single_pack,FFW1,WHITE FISH FILLET 1KG,1kg X 10 Pkts,1000.0,10.0,0,1,1,1,1,47.5,44.3,56.2,51.9,0,confirmed_negative,1,hard_negative_protein,no_exact_master_sku,rule_generated,needs_review
D0066,Al Kabeer Zing Chicken Fillet Catering 1kg,Chicken Fillets-Frozen,No Variant,single_product,1,chicken,chicken,0,fillet,0,0,unspecified,1000.0,1.0,,1000.0,,single_pack,CKNKPP,KRAZEE CHICKEN NUGGETS +25% FREE,500Gms X 12Ctn,500.0,,1,0,1,0,1,51.0,45.5,53.5,52.2,0,confirmed_negative,1,hard_negative_type,no_exact_master_sku,rule_generated,needs_review
D0066,Al Kabeer Zing Chicken Fillet Catering 1kg,Chicken Fillets-Frozen,No Variant,single_product,1,chicken,chicken,0,fillet,0,0,unspecified,1000.0,1.0,,1000.0,,single_pack,CLKA,LAMB KIBBEH BULK,1 Kgs x 5 Pkts,1000.0,5.0,0,0,1,1,1,34.9,36.5,35.8,35.4,0,confirmed_negative,1,easy_negative,no_exact_master_sku,rule_generated,needs_review
D0067,Al Kabeer Chicken Sticks/Fillets selected ,Chicken Fillets-Frozen,No Variant,single_product,1,chicken,chicken,0,fillet,0,0,unspecified,,,,,,unknown,CKBCFFAPR,AK PRO Breaded Chicken Fillets,10X1000g,1000.0,,1,1,1,0,1,55.2,63.7,65.3,60.2,-1,unresolved,0,unresolved_near_tie,no_exact_master_sku,rule_generated,needs_review
D0067,Al Kabeer Chicken Sticks/Fillets selected ,Chicken Fillets-Frozen,No Variant,single_product,1,chicken,chicken,0,fillet,0,0,unspecified,,,,,,unknown,CKBCF,BREADED CHICKEN FILLETS,450 Gms x 12 Pkts,450.0,12.0,1,1,1,0,1,57.4,63.1,61.9,59.6,-1,unresolved,0,unresolved_near_tie,no_exact_master_sku,rule_generated,needs_review
D0067,Al Kabeer Chicken Sticks/Fillets selected ,Chicken Fillets-Frozen,No Variant,single_product,1,chicken,chicken,0,fillet,0,0,unspecified,,,,,,unknown,FCD,CREAM DORI FISH FILLETS,Asstd. Wt.,,,0,1,1,0,1,44.3,48.8,46.7,45.5,0,confirmed_negative,1,hard_negative_protein,no_exact_master_sku,rule_generated,needs_review
D0067,Al Kabeer Chicken Sticks/Fillets selected ,Chicken Fillets-Frozen,No Variant,single_product,1,chicken,chicken,0,fillet,0,0,unspecified,,,,,,unknown,CKCCS,CHICKEN & CHEESE STICKS,250 Gms x 20 Pkts,250.0,20.0,1,0,1,0,1,50.7,46.0,50.0,50.4,0,confirmed_negative,1,hard_negative_type,no_exact_master_sku,rule_generated,needs_review
D0067,Al Kabeer Chicken Sticks/Fillets selected ,Chicken Fillets-Frozen,No Variant,single_product,1,chicken,chicken,0,fillet,0,0,unspecified,,,,,,unknown,CBBAGPR,AK PRO BEEF BURGER 24,1.392 kg x 6 Pkts,1392.0,6.0,0,0,1,0,1,28.8,31.7,28.6,28.7,0,confirmed_negative,1,easy_negative,no_exact_master_sku,rule_generated,needs_review
D0068,Al Kabeer Zing Chicken Fillets 1000 gm,Chicken Fillets-Frozen,No Variant,single_product,1,chicken,chicken,0,fillet,0,0,unspecified,1000.0,1.0,,1000.0,,single_pack,CKZFA5,ZING CHICKEN FILLET BULK 5-OUNCE,5 PKTS X 1000 GRM,1000.0,5.0,1,1,1,1,1,65.3,52.8,79.4,72.3,1,confirmed_positive,1,positive,exact_single_sku,rule_generated,approved
D0068,Al Kabeer Zing Chicken Fillets 1000 gm,Chicken Fillets-Frozen,No Variant,single_product,1,chicken,chicken,0,fillet,0,0,unspecified,1000.0,1.0,,1000.0,,single_pack,CKZF,ZING CHICKEN FILLETS 465,465 Gms x 12 Pkts,465.0,12.0,1,1,1,0,1,68.8,60.9,69.0,68.9,0,confirmed_negative,1,hard_negative_pack_size,exact_single_sku,rule_generated,approved
D0068,Al Kabeer Zing Chicken Fillets 1000 gm,Chicken Fillets-Frozen,No Variant,single_product,1,chicken,chicken,0,fillet,0,0,unspecified,1000.0,1.0,,1000.0,,single_pack,FSAPR,AK PRO FISH FILLET,2 KGS X 5,2000.0,5.0,0,1,1,0,1,50.0,51.9,47.5,48.8,0,confirmed_negative,1,hard_negative_protein,exact_single_sku,rule_generated,approved
D0068,Al Kabeer Zing Chicken Fillets 1000 gm,Chicken Fillets-Frozen,No Variant,single_product,1,chicken,chicken,0,fillet,0,0,unspecified,1000.0,1.0,,1000.0,,single_pack,CKNAPR,AK PRO CHICKEN NUGGETS BULK,10 X 1000 GMS,1000.0,,1,0,1,1,1,55.4,46.2,57.8,56.6,0,confirmed_negative,1,hard_negative_type,exact_single_sku,rule_generated,approved
D0068,Al Kabeer Zing Chicken Fillets 1000 gm,Chicken Fillets-Frozen,No Variant,single_product,1,chicken,chicken,0,fillet,0,0,unspecified,1000.0,1.0,,1000.0,,single_pack,VVGP9,GREEN PEAS 900,900 gm x 10 Pkts,900.0,10.0,0,0,1,1,1,41.4,41.4,47.6,44.5,0,confirmed_negative,1,easy_negative,exact_single_sku,rule_generated,approved
D0069,Al Kabeer Spicy Breaded Chicken Fillets 330gm x 2/ Strips 320gm x 2/ Breaded Chicken Fillet/Nuggets 750gn,Chicken Fillets-Frozen,No Variant,bundle,3,chicken,chicken,0,fillet|nuggets|strips,1,0,spicy,330.0,2.0,,660.0,,multipack,CKBCFH,BREADED CHICKEN FILLETS HOT N SPICY,330 Gms x 20 Pkts,330.0,20.0,1,1,1,1,1,65.4,56.2,69.7,67.6,1,confirmed_positive,1,positive,requires_business_review,rule_generated,needs_review
D0069,Al Kabeer Spicy Breaded Chicken Fillets 330gm x 2/ Strips 320gm x 2/ Breaded Chicken Fillet/Nuggets 750gn,Chicken Fillets-Frozen,No Variant,bundle,3,chicken,chicken,0,fillet|nuggets|strips,1,0,spicy,330.0,2.0,,660.0,,multipack,CKBCFS,BREADED CHICKEN FILLETS BULK,1 Kgs x 5 Pkts,1000.0,5.0,1,1,1,0,1,67.0,59.0,69.4,68.2,0,confirmed_negative,1,hard_negative_pack_size,requires_business_review,rule_generated,needs_review
D0069,Al Kabeer Spicy Breaded Chicken Fillets 330gm x 2/ Strips 320gm x 2/ Breaded Chicken Fillet/Nuggets 750gn,Chicken Fillets-Frozen,No Variant,bundle,3,chicken,chicken,0,fillet|nuggets|strips,1,0,spicy,330.0,2.0,,660.0,,multipack,CFBFA,BREADED FISH FILLET BULK,1 Kgs x 5 Pkts,1000.0,5.0,0,1,1,0,1,54.2,47.9,54.8,54.5,0,confirmed_negative,1,hard_negative_protein,requires_business_review,rule_generated,needs_review
D0069,Al Kabeer Spicy Breaded Chicken Fillets 330gm x 2/ Strips 320gm x 2/ Breaded Chicken Fillet/Nuggets 750gn,Chicken Fillets-Frozen,No Variant,bundle,3,chicken,chicken,0,fillet|nuggets|strips,1,0,spicy,330.0,2.0,,660.0,,multipack,CKBBS,8 BREADED CHICKEN BURGER HOT & SPICY,400 gm x 12 Pkts,400.0,12.0,1,0,1,0,1,53.2,49.5,54.7,53.9,0,confirmed_negative,1,hard_negative_type,requires_business_review,rule_generated,needs_review
D0069,Al Kabeer Spicy Breaded Chicken Fillets 330gm x 2/ Strips 320gm x 2/ Breaded Chicken Fillet/Nuggets 750gn,Chicken Fillets-Frozen,No Variant,bundle,3,chicken,chicken,0,fillet|nuggets|strips,1,0,spicy,330.0,2.0,,660.0,,multipack,CKBCFNSA,BREADED CHICKEN FILLET NON-SPICY 750 GMS,750 GMS X 8 PKT,750.0,8.0,1,1,0,0,1,64.9,56.0,65.3,65.1,0,confirmed_negative,1,hard_negative_variant,requires_business_review,rule_generated,needs_review
D0069,Al Kabeer Spicy Breaded Chicken Fillets 330gm x 2/ Strips 320gm x 2/ Breaded Chicken Fillet/Nuggets 750gn,Chicken Fillets-Frozen,No Variant,bundle,3,chicken,chicken,0,fillet|nuggets|strips,1,0,spicy,330.0,2.0,,660.0,,multipack,CBBOT,TAYEBAT BEEF BURGERS ONION BULK,1 Kgs x 9 Pkts,1000.0,9.0,0,0,1,0,1,34.0,35.0,32.8,33.4,0,confirmed_negative,1,easy_negative,requires_business_review,rule_generated,needs_review
D0070,Al Kabeer Krazee Chicken Nuggets 400 gm x 2 / Breaded Chicken Fillets 450 gm x 2,Chicken Fillets-Frozen,No Variant,bundle,2,chicken,chicken,0,fillet|nuggets,1,0,unspecified,450.0,2.0,,900.0,,multipack,CKBCF,BREADED CHICKEN FILLETS,450 Gms x 12 Pkts,450.0,12.0,1,1,1,1,1,65.5,65.5,68.5,67.0,1,confirmed_positive,1,positive,valid_multi_sku,rule_generated,approved
D0070,Al Kabeer Krazee Chicken Nuggets 400 gm x 2 / Breaded Chicken Fillets 450 gm x 2,Chicken Fillets-Frozen,No Variant,bundle,2,chicken,chicken,0,fillet|nuggets,1,0,unspecified,450.0,2.0,,900.0,,multipack,CKNK,KRAZEE CHICKEN NUGGETS 400,400 Gms x 12 Pkts,400.0,12.0,1,1,1,1,1,57.5,66.7,74.7,66.1,1,confirmed_positive,1,positive,valid_multi_sku,rule_generated,approved
D0070,Al Kabeer Krazee Chicken Nuggets 400 gm x 2 / Breaded Chicken Fillets 450 gm x 2,Chicken Fillets-Frozen,No Variant,bundle,2,chicken,chicken,0,fillet|nuggets,1,0,unspecified,450.0,2.0,,900.0,,multipack,CKBCFS,BREADED CHICKEN FILLETS BULK,1 Kgs x 5 Pkts,1000.0,5.0,1,1,1,1,0,61.7,59.4,69.4,65.6,0,confirmed_negative,1,hard_negative_pack_size,valid_multi_sku,rule_generated,approved
D0070,Al Kabeer Krazee Chicken Nuggets 400 gm x 2 / Breaded Chicken Fillets 450 gm x 2,Chicken Fillets-Frozen,No Variant,bundle,2,chicken,chicken,0,fillet|nuggets,1,0,unspecified,450.0,2.0,,900.0,,multipack,CFBF,BREADED FISH FILLET,330 Gms x 20 Pkts,330.0,20.0,0,1,1,0,1,51.2,51.2,55.2,53.2,0,confirmed_negative,1,hard_negative_protein,valid_multi_sku,rule_generated,approved
D0070,Al Kabeer Krazee Chicken Nuggets 400 gm x 2 / Breaded Chicken Fillets 450 gm x 2,Chicken Fillets-Frozen,No Variant,bundle,2,chicken,chicken,0,fillet|nuggets,1,0,unspecified,450.0,2.0,,900.0,,multipack,VFDC,Chicken Frank 340 G  x 24,340 gm x 24 Pkts,340.0,24.0,1,0,1,0,1,56.5,52.3,57.1,56.8,0,confirmed_negative,1,hard_negative_type,valid_multi_sku,rule_generated,approved
D0070,Al Kabeer Krazee Chicken Nuggets 400 gm x 2 / Breaded Chicken Fillets 450 gm x 2,Chicken Fillets-Frozen,No Variant,bundle,2,chicken,chicken,0,fillet|nuggets,1,0,unspecified,450.0,2.0,,900.0,,multipack,CVSR,8 VEGETABLE SPRING ROLLS,280 Gms x 20 Pkts,280.0,20.0,0,0,1,0,1,35.6,42.5,35.9,35.8,0,confirmed_negative,1,easy_negative,valid_multi_sku,rule_generated,approved
D0071,Al Kabeer Zng Chicken Fillts 2x465Gm,Chicken Fillets-Frozen,No Variant,single_product,1,chicken,chicken,0,fillet,0,0,unspecified,465.0,2.0,,930.0,,multipack,CKZF,ZING CHICKEN FILLETS 465,465 Gms x 12 Pkts,465.0,12.0,1,1,1,1,1,66.7,61.9,67.4,67.0,1,confirmed_positive,1,positive,exact_single_sku,rule_generated,approved
D0071,Al Kabeer Zng Chicken Fillts 2x465Gm,Chicken Fillets-Frozen,No Variant,single_product,1,chicken,chicken,0,fillet,0,0,unspecified,465.0,2.0,,930.0,,multipack,CKBCFFAPR,AK PRO Breaded Chicken Fillets,10X1000g,1000.0,,1,1,1,1,0,57.4,57.4,60.0,58.7,0,confirmed_negative,1,hard_negative_pack_size,exact_single_sku,rule_generated,approved
D0071,Al Kabeer Zng Chicken Fillts 2x465Gm,Chicken Fillets-Frozen,No Variant,single_product,1,chicken,chicken,0,fillet,0,0,unspecified,465.0,2.0,,930.0,,multipack,FSAPR,AK PRO FISH FILLET,2 KGS X 5,2000.0,5.0,0,1,1,0,1,49.1,47.2,58.1,53.6,0,confirmed_negative,1,hard_negative_protein,exact_single_sku,rule_generated,approved
D0071,Al Kabeer Zng Chicken Fillts 2x465Gm,Chicken Fillets-Frozen,No Variant,single_product,1,chicken,chicken,0,fillet,0,0,unspecified,465.0,2.0,,930.0,,multipack,CKZS,ZING CHICKEN STRIPS,320 Gms x 20 Pkts,320.0,20.0,1,0,1,0,1,52.2,50.4,52.9,52.5,0,confirmed_negative,1,hard_negative_type,exact_single_sku,rule_generated,approved
D0071,Al Kabeer Zng Chicken Fillts 2x465Gm,Chicken Fillets-Frozen,No Variant,single_product,1,chicken,chicken,0,fillet,0,0,unspecified,465.0,2.0,,930.0,,multipack,CBBO24,24 BEEF BURGERS,1.2 Kgs x 8 Pkts,1200.0,8.0,0,0,1,0,1,33.6,33.6,33.7,33.7,0,confirmed_negative,1,easy_negative,exact_single_sku,rule_generated,approved
D0072,Al Kabeer Spicy Breaded Chicken Fillets 330gm x 2/ Tandoori Chicken Tikka 240gm x 2 / Chicken Seekh Kebab 320gm x 2,Chicken Fillets-Frozen,No Variant,bundle,3,chicken,chicken,0,fillet|kebab|tikka,1,0,spicy,330.0,2.0,,660.0,,multipack,CKBCFH,BREADED CHICKEN FILLETS HOT N SPICY,330 Gms x 20 Pkts,330.0,20.0,1,1,1,1,1,53.7,50.2,69.7,61.7,1,confirmed_positive,1,positive,requires_business_review,rule_generated,needs_review
D0072,Al Kabeer Spicy Breaded Chicken Fillets 330gm x 2/ Tandoori Chicken Tikka 240gm x 2 / Chicken Seekh Kebab 320gm x 2,Chicken Fillets-Frozen,No Variant,bundle,3,chicken,chicken,0,fillet|kebab|tikka,1,0,spicy,330.0,2.0,,660.0,,multipack,CKCS,8 CHICKEN SEEKH KEBAB,320 Gms x 24 Pkts,320.0,24.0,1,1,1,1,1,45.7,50.8,64.6,55.2,1,confirmed_positive,1,positive,requires_business_review,rule_generated,needs_review
D0072,Al Kabeer Spicy Breaded Chicken Fillets 330gm x 2/ Tandoori Chicken Tikka 240gm x 2 / Chicken Seekh Kebab 320gm x 2,Chicken Fillets-Frozen,No Variant,bundle,3,chicken,chicken,0,fillet|kebab|tikka,1,0,spicy,330.0,2.0,,660.0,,multipack,CKBCFHDA,BREADED CHICKEN FILLET SPICY 750 GMS,750 GMS X 8 PKT,750.0,8.0,1,1,1,0,1,55.5,49.3,68.9,62.2,0,confirmed_negative,1,hard_negative_pack_size,requires_business_review,rule_generated,needs_review
D0072,Al Kabeer Spicy Breaded Chicken Fillets 330gm x 2/ Tandoori Chicken Tikka 240gm x 2 / Chicken Seekh Kebab 320gm x 2,Chicken Fillets-Frozen,No Variant,bundle,3,chicken,chicken,0,fillet|kebab|tikka,1,0,spicy,330.0,2.0,,660.0,,multipack,CTBK,TURKISH BEEF KEBABS 360,360GM X 20 PKT,360.0,20.0,0,1,1,1,1,44.4,41.4,50.0,47.2,0,confirmed_negative,1,hard_negative_protein,requires_business_review,rule_generated,needs_review
D0072,Al Kabeer Spicy Breaded Chicken Fillets 330gm x 2/ Tandoori Chicken Tikka 240gm x 2 / Chicken Seekh Kebab 320gm x 2,Chicken Fillets-Frozen,No Variant,bundle,3,chicken,chicken,0,fillet|kebab|tikka,1,0,spicy,330.0,2.0,,660.0,,multipack,CKSTY,TAYEBAT BREADED CHICKEN STRIPS NON SPICY 1 kg x 10 Pkts,1 kg x 10 Pkts,1000.0,10.0,1,0,0,0,1,51.7,44.9,54.8,53.2,0,confirmed_negative,1,hard_negative_type,requires_business_review,rule_generated,needs_review
D0072,Al Kabeer Spicy Breaded Chicken Fillets 330gm x 2/ Tandoori Chicken Tikka 240gm x 2 / Chicken Seekh Kebab 320gm x 2,Chicken Fillets-Frozen,No Variant,bundle,3,chicken,chicken,0,fillet|kebab|tikka,1,0,spicy,330.0,2.0,,660.0,,multipack,CKFNSTY,TAYEBAT BREADED CHICKEN FILLETS NON SPICY 1 kg x 10 Pkts,1 kg x 10 Pkts,1000.0,10.0,1,1,0,0,1,57.9,48.1,66.7,62.3,0,confirmed_negative,1,hard_negative_variant,requires_business_review,rule_generated,needs_review
D0072,Al Kabeer Spicy Breaded Chicken Fillets 330gm x 2/ Tandoori Chicken Tikka 240gm x 2 / Chicken Seekh Kebab 320gm x 2,Chicken Fillets-Frozen,No Variant,bundle,3,chicken,chicken,0,fillet|kebab|tikka,1,0,spicy,330.0,2.0,,660.0,,multipack,CMSAA,MUTTON SAMOSAS BULK,1.2 Kgs x 4 Pkts,1200.0,4.0,0,0,1,0,1,29.0,29.0,30.0,29.5,0,confirmed_negative,1,easy_negative,requires_business_review,rule_generated,needs_review
D0073,Al Kabeer Chicken Nuggets/Fries/Fillets 400gm,Chicken Fillets-Frozen,No Variant,bundle,3,chicken,chicken,0,fillet|fries_wedges|nuggets,1,0,unspecified,400.0,1.0,,400.0,,single_pack,CKNK,KRAZEE CHICKEN NUGGETS 400,400 Gms x 12 Pkts,400.0,12.0,1,1,1,1,1,59.0,53.2,58.0,58.5,1,confirmed_positive,1,positive,requires_business_review,rule_generated,needs_review
D0073,Al Kabeer Chicken Nuggets/Fries/Fillets 400gm,Chicken Fillets-Frozen,No Variant,bundle,3,chicken,chicken,0,fillet|fries_wedges|nuggets,1,0,unspecified,400.0,1.0,,400.0,,single_pack,CKBCFFAPR,AK PRO Breaded Chicken Fillets,10X1000g,1000.0,,1,1,1,0,1,55.1,60.9,58.6,56.8,0,confirmed_negative,1,hard_negative_pack_size,requires_business_review,rule_generated,needs_review
D0073,Al Kabeer Chicken Nuggets/Fries/Fillets 400gm,Chicken Fillets-Frozen,No Variant,bundle,3,chicken,chicken,0,fillet|fries_wedges|nuggets,1,0,unspecified,400.0,1.0,,400.0,,single_pack,FSAPR,AK PRO FISH FILLET,2 KGS X 5,2000.0,5.0,0,1,1,0,1,41.7,47.0,46.3,44.0,0,confirmed_negative,1,hard_negative_protein,requires_business_review,rule_generated,needs_review
D0073,Al Kabeer Chicken Nuggets/Fries/Fillets 400gm,Chicken Fillets-Frozen,No Variant,bundle,3,chicken,chicken,0,fillet|fries_wedges|nuggets,1,0,unspecified,400.0,1.0,,400.0,,single_pack,CKK,CHICKEN KIBBEH 400,400 Gms x 12 Pkts,400.0,12.0,1,0,1,1,1,52.9,41.2,47.8,50.4,0,confirmed_negative,1,hard_negative_type,requires_business_review,rule_generated,needs_review
D0073,Al Kabeer Chicken Nuggets/Fries/Fillets 400gm,Chicken Fillets-Frozen,No Variant,bundle,3,chicken,chicken,0,fillet|fries_wedges|nuggets,1,0,unspecified,400.0,1.0,,400.0,,single_pack,CBK,BEEF KIBBEH 400,400 Gms x 12 Pkts,400.0,12.0,0,0,1,1,1,36.9,36.9,38.2,37.6,0,confirmed_negative,1,easy_negative,requires_business_review,rule_generated,needs_review
D0074,Al Kabeer Breaded Chicken Fillets 450 gm,Chicken Fillets-Frozen,No Variant,single_product,1,chicken,chicken,0,fillet,0,0,unspecified,450.0,1.0,,450.0,,single_pack,CKBCF,BREADED CHICKEN FILLETS,450 Gms x 12 Pkts,450.0,12.0,1,1,1,1,1,73.4,64.1,73.0,73.2,1,confirmed_positive,1,positive,exact_single_sku,rule_generated,approved
D0074,Al Kabeer Breaded Chicken Fillets 450 gm,Chicken Fillets-Frozen,No Variant,single_product,1,chicken,chicken,0,fillet,0,0,unspecified,450.0,1.0,,450.0,,single_pack,CKBCFS,BREADED CHICKEN FILLETS BULK,1 Kgs x 5 Pkts,1000.0,5.0,1,1,1,0,1,69.6,60.7,73.0,71.3,0,confirmed_negative,1,hard_negative_pack_size,exact_single_sku,rule_generated,approved
D0074,Al Kabeer Breaded Chicken Fillets 450 gm,Chicken Fillets-Frozen,No Variant,single_product,1,chicken,chicken,0,fillet,0,0,unspecified,450.0,1.0,,450.0,,single_pack,CFBF,BREADED FISH FILLET,330 Gms x 20 Pkts,330.0,20.0,0,1,1,0,1,56.7,50.0,59.3,58.0,0,confirmed_negative,1,hard_negative_protein,exact_single_sku,rule_generated,approved
D0074,Al Kabeer Breaded Chicken Fillets 450 gm,Chicken Fillets-Frozen,No Variant,single_product,1,chicken,chicken,0,fillet,0,0,unspecified,450.0,1.0,,450.0,,single_pack,CCF,CHICKEN FRIES,12 PKTS X 400 GRM,400.0,12.0,1,0,1,0,1,57.6,51.2,55.2,56.4,0,confirmed_negative,1,hard_negative_type,exact_single_sku,rule_generated,approved
D0074,Al Kabeer Breaded Chicken Fillets 450 gm,Chicken Fillets-Frozen,No Variant,single_product,1,chicken,chicken,0,fillet,0,0,unspecified,450.0,1.0,,450.0,,single_pack,CVSAPR,AK PRO VEGETABLE SAMOSA,1.2 Kgs x 4 Pkts,1200.0,4.0,0,0,1,0,1,31.7,30.2,32.6,32.2,0,confirmed_negative,1,easy_negative,exact_single_sku,rule_generated,approved
D0075,AL KABEER CHICKEN POPCORN 400GM ZING CHICKEN FILLET 464GM,Chicken Fillets-Frozen,No Variant,bundle,2,chicken,chicken,0,fillet|popcorn,1,0,unspecified,464.0,1.0,,464.0,,single_pack,CKZF,ZING CHICKEN FILLETS 465,465 Gms x 12 Pkts,465.0,12.0,1,1,1,1,1,65.3,55.8,61.5,63.4,1,confirmed_positive,1,positive,requires_business_review,rule_generated,needs_review
D0075,AL KABEER CHICKEN POPCORN 400GM ZING CHICKEN FILLET 464GM,Chicken Fillets-Frozen,No Variant,bundle,2,chicken,chicken,0,fillet|popcorn,1,0,unspecified,464.0,1.0,,464.0,,single_pack,CKZFNS,ZING CHICKEN FILLET NON-SPICY,8 X 750 GMS,750.0,,1,1,1,0,1,62.3,50.3,66.1,64.2,0,confirmed_negative,1,hard_negative_pack_size,requires_business_review,rule_generated,needs_review
D0075,AL KABEER CHICKEN POPCORN 400GM ZING CHICKEN FILLET 464GM,Chicken Fillets-Frozen,No Variant,bundle,2,chicken,chicken,0,fillet|popcorn,1,0,unspecified,464.0,1.0,,464.0,,single_pack,FSAPR,AK PRO FISH FILLET,2 KGS X 5,2000.0,5.0,0,1,1,0,1,48.8,44.1,52.5,50.7,0,confirmed_negative,1,hard_negative_protein,requires_business_review,rule_generated,needs_review
D0075,AL KABEER CHICKEN POPCORN 400GM ZING CHICKEN FILLET 464GM,Chicken Fillets-Frozen,No Variant,bundle,2,chicken,chicken,0,fillet|popcorn,1,0,unspecified,464.0,1.0,,464.0,,single_pack,CCF,CHICKEN FRIES,12 PKTS X 400 GRM,400.0,12.0,1,0,1,1,1,67.6,59.2,59.6,63.6,0,confirmed_negative,1,hard_negative_type,requires_business_review,rule_generated,needs_review
D0075,AL KABEER CHICKEN POPCORN 400GM ZING CHICKEN FILLET 464GM,Chicken Fillets-Frozen,No Variant,bundle,2,chicken,chicken,0,fillet|popcorn,1,0,unspecified,464.0,1.0,,464.0,,single_pack,CFSA,FISH STICKS BULK,1 Kgs x 5 Pkts,1000.0,5.0,0,0,1,0,1,33.6,36.5,37.3,35.4,0,confirmed_negative,1,easy_negative,requires_business_review,rule_generated,needs_review
D0076,Al Kabeer Zing Chicken Fillets 465gm,Chicken Fillets-Frozen,No Variant,single_product,1,chicken,chicken,0,fillet,0,0,unspecified,465.0,1.0,,465.0,,single_pack,CKZF,ZING CHICKEN FILLETS 465,465 Gms x 12 Pkts,465.0,12.0,1,1,1,1,1,68.3,65.1,71.4,69.8,1,confirmed_positive,1,positive,exact_single_sku,rule_generated,approved
D0076,Al Kabeer Zing Chicken Fillets 465gm,Chicken Fillets-Frozen,No Variant,single_product,1,chicken,chicken,0,fillet,0,0,unspecified,465.0,1.0,,465.0,,single_pack,CKZFDA5,Zing Chicken Fillets 5-Ounce,750 GMS X 8 PKT,750.0,8.0,1,1,1,0,1,62.1,59.1,71.4,66.8,0,confirmed_negative,1,hard_negative_pack_size,exact_single_sku,rule_generated,approved
D0076,Al Kabeer Zing Chicken Fillets 465gm,Chicken Fillets-Frozen,No Variant,single_product,1,chicken,chicken,0,fillet,0,0,unspecified,465.0,1.0,,465.0,,single_pack,FSAPR,AK PRO FISH FILLET,2 KGS X 5,2000.0,5.0,0,1,1,0,1,50.9,50.9,48.7,49.8,0,confirmed_negative,1,hard_negative_protein,exact_single_sku,rule_generated,approved
D0076,Al Kabeer Zing Chicken Fillets 465gm,Chicken Fillets-Frozen,No Variant,single_product,1,chicken,chicken,0,fillet,0,0,unspecified,465.0,1.0,,465.0,,single_pack,CKCSB,CHICKEN SEEKH KEBAB BULK,1 kg x 5,1000.0,5.0,1,0,1,0,1,52.2,36.5,54.8,53.5,0,confirmed_negative,1,hard_negative_type,exact_single_sku,rule_generated,approved
D0076,Al Kabeer Zing Chicken Fillets 465gm,Chicken Fillets-Frozen,No Variant,single_product,1,chicken,chicken,0,fillet,0,0,unspecified,465.0,1.0,,465.0,,single_pack,CBBO,4 BEEF BURGERS,200 Gms x 30 Pkt,200.0,30.0,0,0,1,0,1,34.3,34.3,32.4,33.4,0,confirmed_negative,1,easy_negative,exact_single_sku,rule_generated,approved
D0077,Al Kabeer Butter Zing Chicken Fillet 700 gm,Chicken Fillets-Frozen,No Variant,single_product,1,chicken,chicken,0,fillet,0,0,unspecified,700.0,1.0,,700.0,,single_pack,CKZFBC,Butter Chicken Zing Fillets 700 g. x 8,700 g. x 8,700.0,,1,1,1,1,1,64.9,55.8,83.8,74.4,1,confirmed_positive,1,positive,exact_single_sku,rule_generated,approved
D0077,Al Kabeer Butter Zing Chicken Fillet 700 gm,Chicken Fillets-Frozen,No Variant,single_product,1,chicken,chicken,0,fillet,0,0,unspecified,700.0,1.0,,700.0,,single_pack,CKZFA5,ZING CHICKEN FILLET BULK 5-OUNCE,5 PKTS X 1000 GRM,1000.0,5.0,1,1,1,0,1,64.4,51.0,69.2,66.8,0,confirmed_negative,1,hard_negative_pack_size,exact_single_sku,rule_generated,approved
D0077,Al Kabeer Butter Zing Chicken Fillet 700 gm,Chicken Fillets-Frozen,No Variant,single_product,1,chicken,chicken,0,fillet,0,0,unspecified,700.0,1.0,,700.0,,single_pack,CFBF,BREADED FISH FILLET,330 Gms x 20 Pkts,330.0,20.0,0,1,1,0,1,50.4,42.3,54.9,52.7,0,confirmed_negative,1,hard_negative_protein,exact_single_sku,rule_generated,approved
D0077,Al Kabeer Butter Zing Chicken Fillet 700 gm,Chicken Fillets-Frozen,No Variant,single_product,1,chicken,chicken,0,fillet,0,0,unspecified,700.0,1.0,,700.0,,single_pack,CCF,CHICKEN FRIES,12 PKTS X 400 GRM,400.0,12.0,1,0,1,0,1,56.2,50.0,53.1,54.7,0,confirmed_negative,1,hard_negative_type,exact_single_sku,rule_generated,approved
D0077,Al Kabeer Butter Zing Chicken Fillet 700 gm,Chicken Fillets-Frozen,No Variant,single_product,1,chicken,chicken,0,fillet,0,0,unspecified,700.0,1.0,,700.0,,single_pack,CBBAGPR,AK PRO BEEF BURGER 24,1.392 kg x 6 Pkts,1392.0,6.0,0,0,1,0,1,31.5,37.8,34.0,32.7,0,confirmed_negative,1,easy_negative,exact_single_sku,rule_generated,approved
D0078,Al Kabeer Breaded Chicken Fillet 750 gm,Chicken Fillets-Frozen,No Variant,single_product,1,chicken,chicken,0,fillet,0,0,unspecified,750.0,1.0,,750.0,,single_pack,CKBCFHDA,BREADED CHICKEN FILLET SPICY 750 GMS,750 GMS X 8 PKT,750.0,8.0,1,1,1,1,1,64.9,59.6,84.0,74.4,-1,unresolved,0,unresolved_near_tie,no_exact_master_sku,rule_generated,needs_review
D0078,Al Kabeer Breaded Chicken Fillet 750 gm,Chicken Fillets-Frozen,No Variant,single_product,1,chicken,chicken,0,fillet,0,0,unspecified,750.0,1.0,,750.0,,single_pack,CKBCFNSA,BREADED CHICKEN FILLET NON-SPICY 750 GMS,750 GMS X 8 PKT,750.0,8.0,1,1,1,1,1,61.6,56.6,84.0,72.8,-1,unresolved,0,unresolved_near_tie,no_exact_master_sku,rule_generated,needs_review
D0078,Al Kabeer Breaded Chicken Fillet 750 gm,Chicken Fillets-Frozen,No Variant,single_product,1,chicken,chicken,0,fillet,0,0,unspecified,750.0,1.0,,750.0,,single_pack,CKBCF,BREADED CHICKEN FILLETS,450 Gms x 12 Pkts,450.0,12.0,1,1,1,0,1,72.4,63.0,75.8,74.1,0,confirmed_negative,1,hard_negative_pack_size,no_exact_master_sku,rule_generated,needs_review
D0078,Al Kabeer Breaded Chicken Fillet 750 gm,Chicken Fillets-Frozen,No Variant,single_product,1,chicken,chicken,0,fillet,0,0,unspecified,750.0,1.0,,750.0,,single_pack,CFBF,BREADED FISH FILLET,330 Gms x 20 Pkts,330.0,20.0,0,1,1,0,1,57.1,48.7,67.3,62.2,0,confirmed_negative,1,hard_negative_protein,no_exact_master_sku,rule_generated,needs_review
D0078,Al Kabeer Breaded Chicken Fillet 750 gm,Chicken Fillets-Frozen,No Variant,single_product,1,chicken,chicken,0,fillet,0,0,unspecified,750.0,1.0,,750.0,,single_pack,CCFA,CHICKEN FRIES BULK,1 kg x 5 Pkts,1000.0,5.0,1,0,1,0,1,55.4,49.2,51.1,53.2,0,confirmed_negative,1,hard_negative_type,no_exact_master_sku,rule_generated,needs_review
D0078,Al Kabeer Breaded Chicken Fillet 750 gm,Chicken Fillets-Frozen,No Variant,single_product,1,chicken,chicken,0,fillet,0,0,unspecified,750.0,1.0,,750.0,,single_pack,CKBS,8 BEEF SEEKH KEBAB,320 Gms x 24 Pkts,320.0,24.0,0,0,1,0,1,34.8,38.3,36.4,35.6,0,confirmed_negative,1,easy_negative,no_exact_master_sku,rule_generated,needs_review
D0079,Al Kabeer Breaded Chicken Fillet 900Gm,Chicken Fillets-Frozen,No Variant,single_product,1,chicken,chicken,0,fillet,0,0,unspecified,900.0,1.0,,900.0,,single_pack,CKBCFFAPR,AK PRO Breaded Chicken Fillets,10X1000g,1000.0,,1,1,1,1,1,67.2,65.6,73.9,70.5,1,confirmed_positive,1,positive,exact_single_sku,rule_generated,approved
D0079,Al Kabeer Breaded Chicken Fillet 900Gm,Chicken Fillets-Frozen,No Variant,single_product,1,chicken,chicken,0,fillet,0,0,unspecified,900.0,1.0,,900.0,,single_pack,CKBCFHDA,BREADED CHICKEN FILLET SPICY 750 GMS,750 GMS X 8 PKT,750.0,8.0,1,1,1,0,1,60.0,56.0,78.9,69.5,0,confirmed_negative,1,hard_negative_pack_size,exact_single_sku,rule_generated,approved
D0079,Al Kabeer Breaded Chicken Fillet 900Gm,Chicken Fillets-Frozen,No Variant,single_product,1,chicken,chicken,0,fillet,0,0,unspecified,900.0,1.0,,900.0,,single_pack,CFBF,BREADED FISH FILLET,330 Gms x 20 Pkts,330.0,20.0,0,1,1,0,1,52.5,49.2,64.7,58.6,0,confirmed_negative,1,hard_negative_protein,exact_single_sku,rule_generated,approved
D0079,Al Kabeer Breaded Chicken Fillet 900Gm,Chicken Fillets-Frozen,No Variant,single_product,1,chicken,chicken,0,fillet,0,0,unspecified,900.0,1.0,,900.0,,single_pack,CKBBA50,BREADED CHICKEN BURGERS 50GM CAT,1 Kgs x 5 Pkts,1000.0,5.0,1,0,1,1,1,49.6,49.6,56.2,52.9,0,confirmed_negative,1,hard_negative_type,exact_single_sku,rule_generated,approved
D0079,Al Kabeer Breaded Chicken Fillet 900Gm,Chicken Fillets-Frozen,No Variant,single_product,1,chicken,chicken,0,fillet,0,0,unspecified,900.0,1.0,,900.0,,single_pack,CMSAA,MUTTON SAMOSAS BULK,1.2 Kgs x 4 Pkts,1200.0,4.0,0,0,1,0,1,25.9,25.9,28.0,26.9,0,confirmed_negative,1,easy_negative,exact_single_sku,rule_generated,approved
D0080,Al Kabeer Zing Chicken Fillet Spicy 750gm+250gm,Chicken Fillets-Frozen,Spicy,single_product,1,chicken,chicken,0,fillet,0,0,spicy,750.0,1.0,,750.0,,single_pack,CKZFDA,ZING CHICKEN FILLETS SPICY 750 GRM,750 GMS X 8 PKT,750.0,8.0,1,1,1,1,1,70.8,67.1,70.4,70.6,1,confirmed_positive,1,positive,exact_single_sku,rule_generated,approved
D0080,Al Kabeer Zing Chicken Fillet Spicy 750gm+250gm,Chicken Fillets-Frozen,Spicy,single_product,1,chicken,chicken,0,fillet,0,0,spicy,750.0,1.0,,750.0,,single_pack,CKZF,ZING CHICKEN FILLETS 465,465 Gms x 12 Pkts,465.0,12.0,1,1,1,0,1,64.3,58.7,61.5,62.9,0,confirmed_negative,1,hard_negative_pack_size,exact_single_sku,rule_generated,approved
D0080,Al Kabeer Zing Chicken Fillet Spicy 750gm+250gm,Chicken Fillets-Frozen,Spicy,single_product,1,chicken,chicken,0,fillet,0,0,spicy,750.0,1.0,,750.0,,single_pack,CFZFB,ZING FISH FILLETS MILD SPICY,750 g. x 8,750.0,,0,1,1,1,1,50.0,51.4,58.1,54.0,0,confirmed_negative,1,hard_negative_protein,exact_single_sku,rule_generated,approved
D0080,Al Kabeer Zing Chicken Fillet Spicy 750gm+250gm,Chicken Fillets-Frozen,Spicy,single_product,1,chicken,chicken,0,fillet,0,0,spicy,750.0,1.0,,750.0,,single_pack,CKZSDA,ZING CHICKEN STRIPS SPICY 750 GRM,750 GMS X 8 PKT,750.0,8.0,1,0,1,1,1,54.4,55.7,61.7,58.1,0,confirmed_negative,1,hard_negative_type,exact_single_sku,rule_generated,approved
D0080,Al Kabeer Zing Chicken Fillet Spicy 750gm+250gm,Chicken Fillets-Frozen,Spicy,single_product,1,chicken,chicken,0,fillet,0,0,spicy,750.0,1.0,,750.0,,single_pack,CKZFNS,ZING CHICKEN FILLET NON-SPICY,8 X 750 GMS,750.0,,1,1,0,1,1,70.7,65.3,70.8,70.8,0,confirmed_negative,1,hard_negative_variant,exact_single_sku,rule_generated,approved
D0080,Al Kabeer Zing Chicken Fillet Spicy 750gm+250gm,Chicken Fillets-Frozen,Spicy,single_product,1,chicken,chicken,0,fillet,0,0,spicy,750.0,1.0,,750.0,,single_pack,CBBO24,24 BEEF BURGERS,1.2 Kgs x 8 Pkts,1200.0,8.0,0,0,1,0,1,32.3,32.3,34.0,33.2,0,confirmed_negative,1,easy_negative,exact_single_sku,rule_generated,approved
D0081,Al Kabeer chicken zinger fillet spicy 1 kg,Chicken Fillets-Frozen,Spicy,single_product,1,chicken,chicken,0,fillet,0,0,spicy,1000.0,1.0,,1000.0,,single_pack,CKZFCCFAP,Zing Chicken Fillets Spicy + Free Chicken Fries Bulk,1+1 kg x 3,1000.0,3.0,1,1,1,1,1,61.0,51.3,69.7,65.3,-1,unresolved,0,unresolved_near_tie,no_exact_master_sku,rule_generated,needs_review
D0081,Al Kabeer chicken zinger fillet spicy 1 kg,Chicken Fillets-Frozen,Spicy,single_product,1,chicken,chicken,0,fillet,0,0,spicy,1000.0,1.0,,1000.0,,single_pack,CKZFA,ZING CHICKEN FILLETS BULK (5*1 KG),1 Kgs x 5 Pkts,1000.0,5.0,1,1,1,1,1,63.2,51.6,64.7,64.0,-1,unresolved,0,unresolved_near_tie,no_exact_master_sku,rule_generated,needs_review
D0081,Al Kabeer chicken zinger fillet spicy 1 kg,Chicken Fillets-Frozen,Spicy,single_product,1,chicken,chicken,0,fillet,0,0,spicy,1000.0,1.0,,1000.0,,single_pack,CKZFDA,ZING CHICKEN FILLETS SPICY 750 GRM,750 GMS X 8 PKT,750.0,8.0,1,1,1,0,1,69.2,59.0,64.1,66.7,0,confirmed_negative,1,hard_negative_pack_size,no_exact_master_sku,rule_generated,needs_review
D0081,Al Kabeer chicken zinger fillet spicy 1 kg,Chicken Fillets-Frozen,Spicy,single_product,1,chicken,chicken,0,fillet,0,0,spicy,1000.0,1.0,,1000.0,,single_pack,FSAPR,AK PRO FISH FILLET,2 KGS X 5,2000.0,5.0,0,1,1,0,1,52.5,49.2,58.7,55.6,0,confirmed_negative,1,hard_negative_protein,no_exact_master_sku,rule_generated,needs_review
D0081,Al Kabeer chicken zinger fillet spicy 1 kg,Chicken Fillets-Frozen,Spicy,single_product,1,chicken,chicken,0,fillet,0,0,spicy,1000.0,1.0,,1000.0,,single_pack,CKMCBA,TENDER CHICKEN BREAST SPICY FLAVOURED,2 KG X 6 PKT,2000.0,6.0,1,0,1,0,1,56.3,49.1,59.2,57.7,0,confirmed_negative,1,hard_negative_type,no_exact_master_sku,rule_generated,needs_review
D0081,Al Kabeer chicken zinger fillet spicy 1 kg,Chicken Fillets-Frozen,Spicy,single_product,1,chicken,chicken,0,fillet,0,0,spicy,1000.0,1.0,,1000.0,,single_pack,CKZFNS,ZING CHICKEN FILLET NON-SPICY,8 X 750 GMS,750.0,,1,1,0,0,1,71.8,63.4,66.7,69.2,0,confirmed_negative,1,hard_negative_variant,no_exact_master_sku,rule_generated,needs_review
D0081,Al Kabeer chicken zinger fillet spicy 1 kg,Chicken Fillets-Frozen,Spicy,single_product,1,chicken,chicken,0,fillet,0,0,spicy,1000.0,1.0,,1000.0,,single_pack,CKBS,8 BEEF SEEKH KEBAB,320 Gms x 24 Pkts,320.0,24.0,0,0,1,0,1,33.9,35.5,35.2,34.5,0,confirmed_negative,1,easy_negative,no_exact_master_sku,rule_generated,needs_review
D0082,Al Kabeer Zing chicken Fillets ,Chicken Fillets-Frozen,Spicy,single_product,1,chicken,chicken,0,fillet,0,0,spicy,,,,,,unknown,CKZFDA,ZING CHICKEN FILLETS SPICY 750 GRM,750 GMS X 8 PKT,750.0,8.0,1,1,1,0,1,63.9,59.3,83.9,73.9,1,confirmed_positive,1,positive,exact_single_sku,rule_generated,approved
D0082,Al Kabeer Zing chicken Fillets ,Chicken Fillets-Frozen,Spicy,single_product,1,chicken,chicken,0,fillet,0,0,spicy,,,,,,unknown,CFZFB,ZING FISH FILLETS MILD SPICY,750 g. x 8,750.0,,0,1,1,0,1,48.8,53.1,66.7,57.7,0,confirmed_negative,1,hard_negative_protein,exact_single_sku,rule_generated,approved
D0082,Al Kabeer Zing chicken Fillets ,Chicken Fillets-Frozen,Spicy,single_product,1,chicken,chicken,0,fillet,0,0,spicy,,,,,,unknown,CKZSDA,ZING CHICKEN STRIPS SPICY 750 GRM,750 GMS X 8 PKT,750.0,8.0,1,0,1,0,1,48.2,47.9,66.7,57.4,0,confirmed_negative,1,hard_negative_type,exact_single_sku,rule_generated,approved
D0082,Al Kabeer Zing chicken Fillets ,Chicken Fillets-Frozen,Spicy,single_product,1,chicken,chicken,0,fillet,0,0,spicy,,,,,,unknown,CKZFNS,ZING CHICKEN FILLET NON-SPICY,8 X 750 GMS,750.0,,1,1,0,0,1,66.2,64.1,71.4,68.8,0,confirmed_negative,1,hard_negative_variant,exact_single_sku,rule_generated,approved
D0082,Al Kabeer Zing chicken Fillets ,Chicken Fillets-Frozen,Spicy,single_product,1,chicken,chicken,0,fillet,0,0,spicy,,,,,,unknown,CBBOA,BEEF BURGERS BULK,2 Kgs x 5 Pkts,2000.0,5.0,0,0,1,0,1,36.7,32.7,36.1,36.4,0,confirmed_negative,1,easy_negative,exact_single_sku,rule_generated,approved
D0084,Al Kabeer Chicken Fillets 330gm x 2 / Strips 320gm x 2 / Breaded Chicken Fillet/Nuggets 750gm,Chicken Fillets-Frozen,Spicy,bundle,3,chicken,chicken,0,fillet|nuggets|strips,1,0,spicy,330.0,2.0,,660.0,,multipack,CKBCFHDA,BREADED CHICKEN FILLET SPICY 750 GMS,750 GMS X 8 PKT,750.0,8.0,1,1,1,1,1,63.5,56.9,68.9,66.2,1,confirmed_positive,1,positive,requires_business_review,rule_generated,needs_review
D0084,Al Kabeer Chicken Fillets 330gm x 2 / Strips 320gm x 2 / Breaded Chicken Fillet/Nuggets 750gm,Chicken Fillets-Frozen,Spicy,bundle,3,chicken,chicken,0,fillet|nuggets|strips,1,0,spicy,330.0,2.0,,660.0,,multipack,CKNKDA,KRAZEE CHICKEN NUGGETS SPICY 750 GRM,750 GMS X 8 PKT,750.0,8.0,1,1,1,1,1,52.1,51.2,60.0,56.1,1,confirmed_positive,1,positive,requires_business_review,rule_generated,needs_review
D0084,Al Kabeer Chicken Fillets 330gm x 2 / Strips 320gm x 2 / Breaded Chicken Fillet/Nuggets 750gm,Chicken Fillets-Frozen,Spicy,bundle,3,chicken,chicken,0,fillet|nuggets|strips,1,0,spicy,330.0,2.0,,660.0,,multipack,CKBCFS,BREADED CHICKEN FILLETS BULK,1 Kgs x 5 Pkts,1000.0,5.0,1,1,1,0,1,62.9,56.7,69.4,66.2,0,confirmed_negative,1,hard_negative_pack_size,requires_business_review,rule_generated,needs_review
D0084,Al Kabeer Chicken Fillets 330gm x 2 / Strips 320gm x 2 / Breaded Chicken Fillet/Nuggets 750gm,Chicken Fillets-Frozen,Spicy,bundle,3,chicken,chicken,0,fillet|nuggets|strips,1,0,spicy,330.0,2.0,,660.0,,multipack,CFBFA,BREADED FISH FILLET BULK,1 Kgs x 5 Pkts,1000.0,5.0,0,1,1,0,1,49.5,45.2,54.4,51.9,0,confirmed_negative,1,hard_negative_protein,requires_business_review,rule_generated,needs_review
D0084,Al Kabeer Chicken Fillets 330gm x 2 / Strips 320gm x 2 / Breaded Chicken Fillet/Nuggets 750gm,Chicken Fillets-Frozen,Spicy,bundle,3,chicken,chicken,0,fillet|nuggets|strips,1,0,spicy,330.0,2.0,,660.0,,multipack,CKCCSHA,CHICKEN & CHEESE STICKS SPICY BULK,1 kg x 5 Pkts,1000.0,5.0,1,0,1,0,1,52.3,43.9,53.8,53.1,0,confirmed_negative,1,hard_negative_type,requires_business_review,rule_generated,needs_review
D0084,Al Kabeer Chicken Fillets 330gm x 2 / Strips 320gm x 2 / Breaded Chicken Fillet/Nuggets 750gm,Chicken Fillets-Frozen,Spicy,bundle,3,chicken,chicken,0,fillet|nuggets|strips,1,0,spicy,330.0,2.0,,660.0,,multipack,CKBCFNSAP,Breaded Chicken Fillets Non Spicy +33% Free,(750 g. + 250 g.) x 8,750.0,,1,1,0,1,1,64.1,51.9,62.0,63.0,0,confirmed_negative,1,hard_negative_variant,requires_business_review,rule_generated,needs_review
D0084,Al Kabeer Chicken Fillets 330gm x 2 / Strips 320gm x 2 / Breaded Chicken Fillet/Nuggets 750gm,Chicken Fillets-Frozen,Spicy,bundle,3,chicken,chicken,0,fillet|nuggets|strips,1,0,spicy,330.0,2.0,,660.0,,multipack,CVSR,8 VEGETABLE SPRING ROLLS,280 Gms x 20 Pkts,280.0,20.0,0,0,1,0,1,36.3,37.3,36.5,36.4,0,confirmed_negative,1,easy_negative,requires_business_review,rule_generated,needs_review
D0085,Al Kabeer Breaded Chicken Fillets (330g),Chicken Fillets-Frozen,Spicy,single_product,1,chicken,chicken,0,fillet,0,0,spicy,330.0,1.0,,330.0,,single_pack,CKBCFH,BREADED CHICKEN FILLETS HOT N SPICY,330 Gms x 20 Pkts,330.0,20.0,1,1,1,1,1,64.6,58.2,77.3,70.9,1,confirmed_positive,1,positive,exact_single_sku,rule_generated,approved
D0085,Al Kabeer Breaded Chicken Fillets (330g),Chicken Fillets-Frozen,Spicy,single_product,1,chicken,chicken,0,fillet,0,0,spicy,330.0,1.0,,330.0,,single_pack,CKBCFHDA,BREADED CHICKEN FILLET SPICY 750 GMS,750 GMS X 8 PKT,750.0,8.0,1,1,1,0,1,63.3,59.5,77.3,70.3,0,confirmed_negative,1,hard_negative_pack_size,exact_single_sku,rule_generated,approved
D0085,Al Kabeer Breaded Chicken Fillets (330g),Chicken Fillets-Frozen,Spicy,single_product,1,chicken,chicken,0,fillet,0,0,spicy,330.0,1.0,,330.0,,single_pack,CFBF,BREADED FISH FILLET,330 Gms x 20 Pkts,330.0,20.0,0,1,1,1,1,52.4,50.8,53.6,53.0,0,confirmed_negative,1,hard_negative_protein,exact_single_sku,rule_generated,approved
D0085,Al Kabeer Breaded Chicken Fillets (330g),Chicken Fillets-Frozen,Spicy,single_product,1,chicken,chicken,0,fillet,0,0,spicy,330.0,1.0,,330.0,,single_pack,CKBBS,8 BREADED CHICKEN BURGER HOT & SPICY,400 gm x 12 Pkts,400.0,12.0,1,0,1,0,1,47.8,49.1,62.7,55.2,0,confirmed_negative,1,hard_negative_type,exact_single_sku,rule_generated,approved
D0085,Al Kabeer Breaded Chicken Fillets (330g),Chicken Fillets-Frozen,Spicy,single_product,1,chicken,chicken,0,fillet,0,0,spicy,330.0,1.0,,330.0,,single_pack,CKBCFNSAP,Breaded Chicken Fillets Non Spicy +33% Free,(750 g. + 250 g.) x 8,750.0,,1,1,0,0,1,61.8,53.9,77.3,69.6,0,confirmed_negative,1,hard_negative_variant,exact_single_sku,rule_generated,approved
D0085,Al Kabeer Breaded Chicken Fillets (330g),Chicken Fillets-Frozen,Spicy,single_product,1,chicken,chicken,0,fillet,0,0,spicy,330.0,1.0,,330.0,,single_pack,CMSA,12 MUTTON SAMOSAS,240 Gms x 20 Pkts,240.0,20.0,0,0,1,0,1,24.8,23.1,23.2,24.0,0,confirmed_negative,1,easy_negative,exact_single_sku,rule_generated,approved
D0086,Al Kabeer - Breaded Chicken Fillets 360 gm,Chicken Fillets-Frozen,Spicy,single_product,1,chicken,chicken,0,fillet,0,0,spicy,360.0,1.0,,360.0,,single_pack,CKBCFH,BREADED CHICKEN FILLETS HOT N SPICY,330 Gms x 20 Pkts,330.0,20.0,1,1,1,1,1,67.5,58.8,75.3,71.4,1,confirmed_positive,1,positive,exact_single_sku,rule_generated,approved
D0086,Al Kabeer - Breaded Chicken Fillets 360 gm,Chicken Fillets-Frozen,Spicy,single_product,1,chicken,chicken,0,fillet,0,0,spicy,360.0,1.0,,360.0,,single_pack,CKBCFHDA,BREADED CHICKEN FILLET SPICY 750 GMS,750 GMS X 8 PKT,750.0,8.0,1,1,1,0,1,67.5,61.3,75.3,71.4,0,confirmed_negative,1,hard_negative_pack_size,exact_single_sku,rule_generated,approved
D0086,Al Kabeer - Breaded Chicken Fillets 360 gm,Chicken Fillets-Frozen,Spicy,single_product,1,chicken,chicken,0,fillet,0,0,spicy,360.0,1.0,,360.0,,single_pack,CFBF,BREADED FISH FILLET,330 Gms x 20 Pkts,330.0,20.0,0,1,1,1,1,54.7,50.0,56.6,55.6,0,confirmed_negative,1,hard_negative_protein,exact_single_sku,rule_generated,approved
D0086,Al Kabeer - Breaded Chicken Fillets 360 gm,Chicken Fillets-Frozen,Spicy,single_product,1,chicken,chicken,0,fillet,0,0,spicy,360.0,1.0,,360.0,,single_pack,CKBBS,8 BREADED CHICKEN BURGER HOT & SPICY,400 gm x 12 Pkts,400.0,12.0,1,0,1,1,1,48.4,48.4,66.7,57.6,0,confirmed_negative,1,hard_negative_type,exact_single_sku,rule_generated,approved
D0086,Al Kabeer - Breaded Chicken Fillets 360 gm,Chicken Fillets-Frozen,Spicy,single_product,1,chicken,chicken,0,fillet,0,0,spicy,360.0,1.0,,360.0,,single_pack,CKBCFNSAP,Breaded Chicken Fillets Non Spicy +33% Free,(750 g. + 250 g.) x 8,750.0,,1,1,0,0,1,62.2,53.3,75.3,68.8,0,confirmed_negative,1,hard_negative_variant,exact_single_sku,rule_generated,approved
D0086,Al Kabeer - Breaded Chicken Fillets 360 gm,Chicken Fillets-Frozen,Spicy,single_product,1,chicken,chicken,0,fillet,0,0,spicy,360.0,1.0,,360.0,,single_pack,VVGP9,GREEN PEAS 900,900 gm x 10 Pkts,900.0,10.0,0,0,1,0,1,36.4,38.0,40.4,38.4,0,confirmed_negative,1,easy_negative,exact_single_sku,rule_generated,approved
D0087,Al Kabeer Zing Chicken Fillets 465 gm,Chicken Fillets-Frozen,Spicy,single_product,1,chicken,chicken,0,fillet,0,0,spicy,465.0,1.0,,465.0,,single_pack,CKZF,ZING CHICKEN FILLETS 465,465 Gms x 12 Pkts,465.0,12.0,1,1,1,1,1,72.2,67.7,71.6,71.9,1,confirmed_positive,1,positive,exact_single_sku,rule_generated,approved
D0087,Al Kabeer Zing Chicken Fillets 465 gm,Chicken Fillets-Frozen,Spicy,single_product,1,chicken,chicken,0,fillet,0,0,spicy,465.0,1.0,,465.0,,single_pack,CKZFDA,ZING CHICKEN FILLETS SPICY 750 GRM,750 GMS X 8 PKT,750.0,8.0,1,1,1,0,1,66.2,62.3,75.4,70.8,0,confirmed_negative,1,hard_negative_pack_size,exact_single_sku,rule_generated,approved
D0087,Al Kabeer Zing Chicken Fillets 465 gm,Chicken Fillets-Frozen,Spicy,single_product,1,chicken,chicken,0,fillet,0,0,spicy,465.0,1.0,,465.0,,single_pack,CFZFB,ZING FISH FILLETS MILD SPICY,750 g. x 8,750.0,,0,1,1,0,1,50.7,52.2,59.0,54.9,0,confirmed_negative,1,hard_negative_protein,exact_single_sku,rule_generated,approved
D0087,Al Kabeer Zing Chicken Fillets 465 gm,Chicken Fillets-Frozen,Spicy,single_product,1,chicken,chicken,0,fillet,0,0,spicy,465.0,1.0,,465.0,,single_pack,CCF,CHICKEN FRIES,12 PKTS X 400 GRM,400.0,12.0,1,0,1,0,1,57.8,51.6,53.3,55.6,0,confirmed_negative,1,hard_negative_type,exact_single_sku,rule_generated,approved
D0087,Al Kabeer Zing Chicken Fillets 465 gm,Chicken Fillets-Frozen,Spicy,single_product,1,chicken,chicken,0,fillet,0,0,spicy,465.0,1.0,,465.0,,single_pack,CKZFNS,ZING CHICKEN FILLET NON-SPICY,8 X 750 GMS,750.0,,1,1,0,0,1,68.6,64.2,67.3,68.0,0,confirmed_negative,1,hard_negative_variant,exact_single_sku,rule_generated,approved
D0087,Al Kabeer Zing Chicken Fillets 465 gm,Chicken Fillets-Frozen,Spicy,single_product,1,chicken,chicken,0,fillet,0,0,spicy,465.0,1.0,,465.0,,single_pack,CVSAPR,AK PRO VEGETABLE SAMOSA,1.2 Kgs x 4 Pkts,1200.0,4.0,0,0,1,0,1,31.0,31.0,33.7,32.4,0,confirmed_negative,1,easy_negative,exact_single_sku,rule_generated,approved
D0088,Al Kabeer Butter Chicken Zing Fillet 700 gm,Chicken Fillets-Frozen,Spicy,single_product,1,chicken,chicken,0,fillet,0,0,spicy,700.0,1.0,,700.0,,single_pack,CKZFBC,Butter Chicken Zing Fillets 700 g. x 8,700 g. x 8,700.0,,1,1,1,1,1,65.0,61.3,83.8,74.4,1,confirmed_positive,1,positive,exact_single_sku,rule_generated,approved
D0088,Al Kabeer Butter Chicken Zing Fillet 700 gm,Chicken Fillets-Frozen,Spicy,single_product,1,chicken,chicken,0,fillet,0,0,spicy,700.0,1.0,,700.0,,single_pack,CKZFA5,ZING CHICKEN FILLET BULK 5-OUNCE,5 PKTS X 1000 GRM,1000.0,5.0,1,1,1,0,1,64.5,47.7,65.6,65.0,0,confirmed_negative,1,hard_negative_pack_size,exact_single_sku,rule_generated,approved
D0088,Al Kabeer Butter Chicken Zing Fillet 700 gm,Chicken Fillets-Frozen,Spicy,single_product,1,chicken,chicken,0,fillet,0,0,spicy,700.0,1.0,,700.0,,single_pack,CFZFB,ZING FISH FILLETS MILD SPICY,750 g. x 8,750.0,,0,1,1,1,1,47.1,45.7,58.1,52.6,0,confirmed_negative,1,hard_negative_protein,exact_single_sku,rule_generated,approved
D0088,Al Kabeer Butter Chicken Zing Fillet 700 gm,Chicken Fillets-Frozen,Spicy,single_product,1,chicken,chicken,0,fillet,0,0,spicy,700.0,1.0,,700.0,,single_pack,CCF,CHICKEN FRIES,12 PKTS X 400 GRM,400.0,12.0,1,0,1,0,1,56.7,47.8,53.8,55.3,0,confirmed_negative,1,hard_negative_type,exact_single_sku,rule_generated,approved
D0088,Al Kabeer Butter Chicken Zing Fillet 700 gm,Chicken Fillets-Frozen,Spicy,single_product,1,chicken,chicken,0,fillet,0,0,spicy,700.0,1.0,,700.0,,single_pack,CKZFNS,ZING CHICKEN FILLET NON-SPICY,8 X 750 GMS,750.0,,1,1,0,1,1,67.1,57.3,69.6,68.3,0,confirmed_negative,1,hard_negative_variant,exact_single_sku,rule_generated,approved
D0088,Al Kabeer Butter Chicken Zing Fillet 700 gm,Chicken Fillets-Frozen,Spicy,single_product,1,chicken,chicken,0,fillet,0,0,spicy,700.0,1.0,,700.0,,single_pack,CFB,BEEF FRANKS,454 Gms x 20 Pkts,454.0,20.0,0,0,1,0,1,36.8,33.3,37.6,37.2,0,confirmed_negative,1,easy_negative,exact_single_sku,rule_generated,approved
D0089,Al Kabeer Breaded Chicken Fillets 750 gm,Chicken Fillets-Frozen,Spicy,single_product,1,chicken,chicken,0,fillet,0,0,spicy,750.0,1.0,,750.0,,single_pack,CKBCFHDA,BREADED CHICKEN FILLET SPICY 750 GMS,750 GMS X 8 PKT,750.0,8.0,1,1,1,1,1,69.6,64.6,83.5,76.6,1,confirmed_positive,1,positive,exact_single_sku,rule_generated,approved
D0089,Al Kabeer Breaded Chicken Fillets 750 gm,Chicken Fillets-Frozen,Spicy,single_product,1,chicken,chicken,0,fillet,0,0,spicy,750.0,1.0,,750.0,,single_pack,CKBCFH,BREADED CHICKEN FILLETS HOT N SPICY,330 Gms x 20 Pkts,330.0,20.0,1,1,1,0,1,68.4,59.5,77.3,72.8,0,confirmed_negative,1,hard_negative_pack_size,exact_single_sku,rule_generated,approved
D0089,Al Kabeer Breaded Chicken Fillets 750 gm,Chicken Fillets-Frozen,Spicy,single_product,1,chicken,chicken,0,fillet,0,0,spicy,750.0,1.0,,750.0,,single_pack,CFBF,BREADED FISH FILLET,330 Gms x 20 Pkts,330.0,20.0,0,1,1,0,1,55.6,50.8,57.7,56.6,0,confirmed_negative,1,hard_negative_protein,exact_single_sku,rule_generated,approved
D0089,Al Kabeer Breaded Chicken Fillets 750 gm,Chicken Fillets-Frozen,Spicy,single_product,1,chicken,chicken,0,fillet,0,0,spicy,750.0,1.0,,750.0,,single_pack,CKBBS,8 BREADED CHICKEN BURGER HOT & SPICY,400 gm x 12 Pkts,400.0,12.0,1,0,1,0,1,47.8,49.1,68.6,58.2,0,confirmed_negative,1,hard_negative_type,exact_single_sku,rule_generated,approved
D0089,Al Kabeer Breaded Chicken Fillets 750 gm,Chicken Fillets-Frozen,Spicy,single_product,1,chicken,chicken,0,fillet,0,0,spicy,750.0,1.0,,750.0,,single_pack,CKBCFNSAP,Breaded Chicken Fillets Non Spicy +33% Free,(750 g. + 250 g.) x 8,750.0,,1,1,0,1,1,61.8,52.8,77.3,69.6,0,confirmed_negative,1,hard_negative_variant,exact_single_sku,rule_generated,approved
D0089,Al Kabeer Breaded Chicken Fillets 750 gm,Chicken Fillets-Frozen,Spicy,single_product,1,chicken,chicken,0,fillet,0,0,spicy,750.0,1.0,,750.0,,single_pack,CVSAPR,AK PRO VEGETABLE SAMOSA,1.2 Kgs x 4 Pkts,1200.0,4.0,0,0,1,0,1,30.3,30.3,30.4,30.4,0,confirmed_negative,1,easy_negative,exact_single_sku,rule_generated,approved
D0090,Al Kabeer Chicken and Cheese/spicy Fingers 1 kg,Chicken Fingers-Frozen,Spicy,single_product,1,chicken,chicken,0,fries_wedges,0,1,spicy,1000.0,1.0,,1000.0,,single_pack,CCKSHA,CHICKEN STICK BULK HOT & SPICY,1 kg x 5 Pkts,1000.0,5.0,1,1,1,1,1,47.5,48.8,63.2,55.4,1,confirmed_positive,1,positive,exact_single_sku,rule_generated,approved
D0090,Al Kabeer Chicken and Cheese/spicy Fingers 1 kg,Chicken Fingers-Frozen,Spicy,single_product,1,chicken,chicken,0,fries_wedges,0,1,spicy,1000.0,1.0,,1000.0,,single_pack,CCF,CHICKEN FRIES,12 PKTS X 400 GRM,400.0,12.0,1,1,1,0,1,58.0,49.3,48.0,53.0,0,confirmed_negative,1,hard_negative_pack_size,exact_single_sku,rule_generated,approved
D0090,Al Kabeer Chicken and Cheese/spicy Fingers 1 kg,Chicken Fingers-Frozen,Spicy,single_product,1,chicken,chicken,0,fries_wedges,0,1,spicy,1000.0,1.0,,1000.0,,single_pack,CFS,FISH FINGERS 300,300 Gms x 20 Pkts,300.0,20.0,0,1,1,0,1,44.1,42.6,40.4,42.3,0,confirmed_negative,1,hard_negative_protein,exact_single_sku,rule_generated,approved
D0090,Al Kabeer Chicken and Cheese/spicy Fingers 1 kg,Chicken Fingers-Frozen,Spicy,single_product,1,chicken,chicken,0,fries_wedges,0,1,spicy,1000.0,1.0,,1000.0,,single_pack,CKCCSHA,CHICKEN & CHEESE STICKS SPICY BULK,1 kg x 5 Pkts,1000.0,5.0,1,0,1,1,1,54.8,53.6,69.0,61.9,0,confirmed_negative,1,hard_negative_type,exact_single_sku,rule_generated,approved
D0090,Al Kabeer Chicken and Cheese/spicy Fingers 1 kg,Chicken Fingers-Frozen,Spicy,single_product,1,chicken,chicken,0,fries_wedges,0,1,spicy,1000.0,1.0,,1000.0,,single_pack,CTBK,TURKISH BEEF KEBABS 360,360GM X 20 PKT,360.0,20.0,0,0,1,0,1,32.4,32.4,32.0,32.2,0,confirmed_negative,1,easy_negative,exact_single_sku,rule_generated,approved
D0091,Al Kabeer Chicken & Cheese Sticks or Zing Chicken Strips 250 gm,Chicken Fingers/ Fries/ Strips-Frozen,No Variant,bundle,2,chicken,chicken,0,cheese_stick|fries_wedges|strips,1,1,unspecified,250.0,1.0,,250.0,,single_pack,CKCCS,CHICKEN & CHEESE STICKS,250 Gms x 20 Pkts,250.0,20.0,1,1,1,1,1,70.9,59.4,71.4,71.1,1,confirmed_positive,1,positive,requires_business_review,rule_generated,needs_review
D0091,Al Kabeer Chicken & Cheese Sticks or Zing Chicken Strips 250 gm,Chicken Fingers/ Fries/ Strips-Frozen,No Variant,bundle,2,chicken,chicken,0,cheese_stick|fries_wedges|strips,1,1,unspecified,250.0,1.0,,250.0,,single_pack,CKCCSA,CHICKEN & CHEESE STICKS BULK,1 Kgs x 5 Pkts,1000.0,5.0,1,1,1,0,1,68.1,56.0,66.7,67.4,0,confirmed_negative,1,hard_negative_pack_size,requires_business_review,rule_generated,needs_review
D0091,Al Kabeer Chicken & Cheese Sticks or Zing Chicken Strips 250 gm,Chicken Fingers/ Fries/ Strips-Frozen,No Variant,bundle,2,chicken,chicken,0,cheese_stick|fries_wedges|strips,1,1,unspecified,250.0,1.0,,250.0,,single_pack,CFS,FISH FINGERS 300,300 Gms x 20 Pkts,300.0,20.0,0,1,1,0,1,47.2,43.5,56.4,51.8,0,confirmed_negative,1,hard_negative_protein,requires_business_review,rule_generated,needs_review
D0091,Al Kabeer Chicken & Cheese Sticks or Zing Chicken Strips 250 gm,Chicken Fingers/ Fries/ Strips-Frozen,No Variant,bundle,2,chicken,chicken,0,cheese_stick|fries_wedges|strips,1,1,unspecified,250.0,1.0,,250.0,,single_pack,CKZFDA,ZING CHICKEN FILLETS SPICY 750 GRM,750 GMS X 8 PKT,750.0,8.0,1,0,1,0,1,58.1,48.4,54.8,56.5,0,confirmed_negative,1,hard_negative_type,requires_business_review,rule_generated,needs_review
D0091,Al Kabeer Chicken & Cheese Sticks or Zing Chicken Strips 250 gm,Chicken Fingers/ Fries/ Strips-Frozen,No Variant,bundle,2,chicken,chicken,0,cheese_stick|fries_wedges|strips,1,1,unspecified,250.0,1.0,,250.0,,single_pack,CFBFA,BREADED FISH FILLET BULK,1 Kgs x 5 Pkts,1000.0,5.0,0,0,1,0,1,40.0,35.2,39.3,39.7,0,confirmed_negative,1,easy_negative,requires_business_review,rule_generated,needs_review
D0092,Al Kabeer Zing Chicken Strips 700 gm,Chicken Fingers/ Fries/ Strips-Frozen,No Variant,single_product,1,chicken,chicken,0,fries_wedges|strips,1,0,unspecified,700.0,1.0,,700.0,,single_pack,CKZSDA,ZING CHICKEN STRIPS SPICY 750 GRM,750 GMS X 8 PKT,750.0,8.0,1,1,1,1,1,64.1,53.8,63.5,63.8,1,confirmed_positive,1,positive,exact_single_sku,rule_generated,approved
D0092,Al Kabeer Zing Chicken Strips 700 gm,Chicken Fingers/ Fries/ Strips-Frozen,No Variant,single_product,1,chicken,chicken,0,fries_wedges|strips,1,0,unspecified,700.0,1.0,,700.0,,single_pack,CKZS,ZING CHICKEN STRIPS,320 Gms x 20 Pkts,320.0,20.0,1,1,1,0,1,66.2,60.0,61.3,63.7,0,confirmed_negative,1,hard_negative_pack_size,exact_single_sku,rule_generated,approved
D0092,Al Kabeer Zing Chicken Strips 700 gm,Chicken Fingers/ Fries/ Strips-Frozen,No Variant,single_product,1,chicken,chicken,0,fries_wedges|strips,1,0,unspecified,700.0,1.0,,700.0,,single_pack,CFS,FISH FINGERS 300,300 Gms x 20 Pkts,300.0,20.0,0,1,1,0,1,50.7,46.3,53.1,51.9,0,confirmed_negative,1,hard_negative_protein,exact_single_sku,rule_generated,approved
D0092,Al Kabeer Zing Chicken Strips 700 gm,Chicken Fingers/ Fries/ Strips-Frozen,No Variant,single_product,1,chicken,chicken,0,fries_wedges|strips,1,0,unspecified,700.0,1.0,,700.0,,single_pack,CKZFDA,ZING CHICKEN FILLETS SPICY 750 GRM,750 GMS X 8 PKT,750.0,8.0,1,0,1,1,1,59.1,49.1,59.0,59.1,0,confirmed_negative,1,hard_negative_type,exact_single_sku,rule_generated,approved
D0092,Al Kabeer Zing Chicken Strips 700 gm,Chicken Fingers/ Fries/ Strips-Frozen,No Variant,single_product,1,chicken,chicken,0,fries_wedges|strips,1,0,unspecified,700.0,1.0,,700.0,,single_pack,CKBS,8 BEEF SEEKH KEBAB,320 Gms x 24 Pkts,320.0,24.0,0,0,1,0,1,36.2,34.6,36.6,36.4,0,confirmed_negative,1,easy_negative,exact_single_sku,rule_generated,approved
D0093,Al Kabeer Zing Chicken Strips Regular/ Spicy 750 gm,Chicken Fingers/ Fries/ Strips-Frozen,No Variant,ambiguous_variant,2,chicken,chicken,0,fries_wedges|strips,1,0,spicy,750.0,1.0,,750.0,,single_pack,CKZSDA,ZING CHICKEN STRIPS SPICY 750 GRM,750 GMS X 8 PKT,750.0,8.0,1,1,1,1,1,65.5,57.3,71.6,68.6,1,confirmed_positive,1,positive,requires_business_review,rule_generated,needs_review
D0093,Al Kabeer Zing Chicken Strips Regular/ Spicy 750 gm,Chicken Fingers/ Fries/ Strips-Frozen,No Variant,ambiguous_variant,2,chicken,chicken,0,fries_wedges|strips,1,0,spicy,750.0,1.0,,750.0,,single_pack,CKZS,ZING CHICKEN STRIPS,320 Gms x 20 Pkts,320.0,20.0,1,1,1,0,1,60.7,56.6,61.3,61.0,0,confirmed_negative,1,hard_negative_pack_size,requires_business_review,rule_generated,needs_review
D0093,Al Kabeer Zing Chicken Strips Regular/ Spicy 750 gm,Chicken Fingers/ Fries/ Strips-Frozen,No Variant,ambiguous_variant,2,chicken,chicken,0,fries_wedges|strips,1,0,spicy,750.0,1.0,,750.0,,single_pack,CFS,FISH FINGERS 300,300 Gms x 20 Pkts,300.0,20.0,0,1,1,0,1,44.3,40.3,47.8,46.0,0,confirmed_negative,1,hard_negative_protein,requires_business_review,rule_generated,needs_review
D0093,Al Kabeer Zing Chicken Strips Regular/ Spicy 750 gm,Chicken Fingers/ Fries/ Strips-Frozen,No Variant,ambiguous_variant,2,chicken,chicken,0,fries_wedges|strips,1,0,spicy,750.0,1.0,,750.0,,single_pack,CKZFDA,ZING CHICKEN FILLETS SPICY 750 GRM,750 GMS X 8 PKT,750.0,8.0,1,0,1,1,1,62.1,52.9,63.3,62.7,0,confirmed_negative,1,hard_negative_type,requires_business_review,rule_generated,needs_review
D0093,Al Kabeer Zing Chicken Strips Regular/ Spicy 750 gm,Chicken Fingers/ Fries/ Strips-Frozen,No Variant,ambiguous_variant,2,chicken,chicken,0,fries_wedges|strips,1,0,spicy,750.0,1.0,,750.0,,single_pack,CKZSNS,ZING CHICKEN STRIPS NON-SPICY,8 X 750 GMS,750.0,,1,1,0,1,1,61.6,56.6,63.0,62.3,0,confirmed_negative,1,hard_negative_variant,requires_business_review,rule_generated,needs_review
D0093,Al Kabeer Zing Chicken Strips Regular/ Spicy 750 gm,Chicken Fingers/ Fries/ Strips-Frozen,No Variant,ambiguous_variant,2,chicken,chicken,0,fries_wedges|strips,1,0,spicy,750.0,1.0,,750.0,,single_pack,CBBG100,CHAR.JUMBO BEEF BURGERS BULK(100G)6*1 KG,1KG X 6,1000.0,6.0,0,0,1,0,1,30.3,31.5,27.4,28.8,0,confirmed_negative,1,easy_negative,requires_business_review,rule_generated,needs_review
D0094,Al Kabeer Zing Chicken Strips Regular or Hot 750 gm,Chicken Fingers/ Fries/ Strips-Frozen,Spicy,ambiguous_variant,2,chicken,chicken,0,fries_wedges|strips,1,0,spicy,750.0,1.0,,750.0,,single_pack,CKZSDA,ZING CHICKEN STRIPS SPICY 750 GRM,750 GMS X 8 PKT,750.0,8.0,1,1,1,1,1,63.3,55.4,71.6,67.4,1,confirmed_positive,1,positive,requires_business_review,rule_generated,needs_review
D0094,Al Kabeer Zing Chicken Strips Regular or Hot 750 gm,Chicken Fingers/ Fries/ Strips-Frozen,Spicy,ambiguous_variant,2,chicken,chicken,0,fries_wedges|strips,1,0,spicy,750.0,1.0,,750.0,,single_pack,CKZS,ZING CHICKEN STRIPS,320 Gms x 20 Pkts,320.0,20.0,1,1,1,0,1,59.6,54.3,61.3,60.4,0,confirmed_negative,1,hard_negative_pack_size,requires_business_review,rule_generated,needs_review
D0094,Al Kabeer Zing Chicken Strips Regular or Hot 750 gm,Chicken Fingers/ Fries/ Strips-Frozen,Spicy,ambiguous_variant,2,chicken,chicken,0,fries_wedges|strips,1,0,spicy,750.0,1.0,,750.0,,single_pack,CFS,FISH FINGERS 300,300 Gms x 20 Pkts,300.0,20.0,0,1,1,0,1,43.9,40.0,45.4,44.6,0,confirmed_negative,1,hard_negative_protein,requires_business_review,rule_generated,needs_review
D0094,Al Kabeer Zing Chicken Strips Regular or Hot 750 gm,Chicken Fingers/ Fries/ Strips-Frozen,Spicy,ambiguous_variant,2,chicken,chicken,0,fries_wedges|strips,1,0,spicy,750.0,1.0,,750.0,,single_pack,CKZFDA,ZING CHICKEN FILLETS SPICY 750 GRM,750 GMS X 8 PKT,750.0,8.0,1,0,1,1,1,60.0,47.8,60.3,60.2,0,confirmed_negative,1,hard_negative_type,requires_business_review,rule_generated,needs_review
D0094,Al Kabeer Zing Chicken Strips Regular or Hot 750 gm,Chicken Fingers/ Fries/ Strips-Frozen,Spicy,ambiguous_variant,2,chicken,chicken,0,fries_wedges|strips,1,0,spicy,750.0,1.0,,750.0,,single_pack,CKZSNS,ZING CHICKEN STRIPS NON-SPICY,8 X 750 GMS,750.0,,1,1,0,1,1,60.6,55.8,63.0,61.8,0,confirmed_negative,1,hard_negative_variant,requires_business_review,rule_generated,needs_review
D0094,Al Kabeer Zing Chicken Strips Regular or Hot 750 gm,Chicken Fingers/ Fries/ Strips-Frozen,Spicy,ambiguous_variant,2,chicken,chicken,0,fries_wedges|strips,1,0,spicy,750.0,1.0,,750.0,,single_pack,VVGPC9,Green Peas with Carrots 900,900 gm x 10 Pkts,900.0,10.0,0,0,1,0,1,37.4,35.1,37.9,37.7,0,confirmed_negative,1,easy_negative,requires_business_review,rule_generated,needs_review
D0095,Al Kabeer Chicken Franks 3x340 gm,Chicken Franks-Frozen,No Variant,single_product,1,chicken,chicken,0,hotdog,0,0,unspecified,340.0,3.0,,1020.0,,multipack,VFDC,Chicken Frank 340 G  x 24,340 gm x 24 Pkts,340.0,24.0,1,1,1,1,1,65.6,54.8,62.5,64.0,1,confirmed_positive,1,positive,exact_single_sku,rule_generated,approved
D0095,Al Kabeer Chicken Franks 3x340 gm,Chicken Franks-Frozen,No Variant,single_product,1,chicken,chicken,0,hotdog,0,0,unspecified,340.0,3.0,,1020.0,,multipack,VKCCSC,Chicken Cocktail  Frank 300 G  x 24,300 gm x 24 Pkts,300.0,24.0,1,1,1,0,1,55.7,47.2,60.7,58.2,0,confirmed_negative,1,hard_negative_pack_size,exact_single_sku,rule_generated,approved
D0095,Al Kabeer Chicken Franks 3x340 gm,Chicken Franks-Frozen,No Variant,single_product,1,chicken,chicken,0,hotdog,0,0,unspecified,340.0,3.0,,1020.0,,multipack,CFB,BEEF FRANKS,454 Gms x 20 Pkts,454.0,20.0,0,1,1,0,1,53.6,43.3,46.8,50.2,0,confirmed_negative,1,hard_negative_protein,exact_single_sku,rule_generated,approved
D0095,Al Kabeer Chicken Franks 3x340 gm,Chicken Franks-Frozen,No Variant,single_product,1,chicken,chicken,0,hotdog,0,0,unspecified,340.0,3.0,,1020.0,,multipack,CCF,CHICKEN FRIES,12 PKTS X 400 GRM,400.0,12.0,1,0,1,0,1,56.4,49.6,52.5,54.5,0,confirmed_negative,1,hard_negative_type,exact_single_sku,rule_generated,approved
D0095,Al Kabeer Chicken Franks 3x340 gm,Chicken Franks-Frozen,No Variant,single_product,1,chicken,chicken,0,hotdog,0,0,unspecified,340.0,3.0,,1020.0,,multipack,CBK,BEEF KIBBEH 400,400 Gms x 12 Pkts,400.0,12.0,0,0,1,0,1,30.8,34.2,33.3,32.1,0,confirmed_negative,1,easy_negative,exact_single_sku,rule_generated,approved
D0096,Al Kabeer Chicken Fries 1kg,Chicken Fries-Frozen,No Variant,single_product,1,chicken,chicken,0,fries_wedges,0,0,unspecified,1000.0,1.0,,1000.0,,single_pack,CCFA,CHICKEN FRIES BULK,1 kg x 5 Pkts,1000.0,5.0,1,1,1,1,1,58.6,55.2,65.0,61.8,1,confirmed_positive,1,positive,exact_single_sku,rule_generated,approved
D0096,Al Kabeer Chicken Fries 1kg,Chicken Fries-Frozen,No Variant,single_product,1,chicken,chicken,0,fries_wedges,0,0,unspecified,1000.0,1.0,,1000.0,,single_pack,CCF,CHICKEN FRIES,12 PKTS X 400 GRM,400.0,12.0,1,1,1,0,1,58.2,58.2,65.0,61.6,0,confirmed_negative,1,hard_negative_pack_size,exact_single_sku,rule_generated,approved
D0096,Al Kabeer Chicken Fries 1kg,Chicken Fries-Frozen,No Variant,single_product,1,chicken,chicken,0,fries_wedges,0,0,unspecified,1000.0,1.0,,1000.0,,single_pack,CSTC,TABARRUK COOKING SHRIMPS BULK,1 Kgs x 10 Pkts,1000.0,10.0,0,1,1,1,1,40.0,35.4,37.4,38.7,0,confirmed_negative,1,hard_negative_protein,exact_single_sku,rule_generated,approved
D0096,Al Kabeer Chicken Fries 1kg,Chicken Fries-Frozen,No Variant,single_product,1,chicken,chicken,0,fries_wedges,0,0,unspecified,1000.0,1.0,,1000.0,,single_pack,CKPC,CHICKEN POP-CORN,400 Gms x 12 Pkts,400.0,12.0,1,0,1,0,1,50.0,48.3,65.0,57.5,0,confirmed_negative,1,hard_negative_type,exact_single_sku,rule_generated,approved
D0096,Al Kabeer Chicken Fries 1kg,Chicken Fries-Frozen,No Variant,single_product,1,chicken,chicken,0,fries_wedges,0,0,unspecified,1000.0,1.0,,1000.0,,single_pack,MC40,MUTTON CUBES,2 lbs x 20 Pkts,907.184,20.0,0,0,1,1,1,29.8,29.8,27.4,28.6,0,confirmed_negative,1,easy_negative,exact_single_sku,rule_generated,approved
D0097,AL KABEER CHICKEN FRIES 1000GM,Chicken Fries-Frozen,No Variant,single_product,1,chicken,chicken,0,fries_wedges,0,0,unspecified,1000.0,1.0,,1000.0,,single_pack,CCFA,CHICKEN FRIES BULK,1 kg x 5 Pkts,1000.0,5.0,1,1,1,1,1,55.5,53.8,60.5,58.0,1,confirmed_positive,1,positive,exact_single_sku,rule_generated,approved
D0097,AL KABEER CHICKEN FRIES 1000GM,Chicken Fries-Frozen,No Variant,single_product,1,chicken,chicken,0,fries_wedges,0,0,unspecified,1000.0,1.0,,1000.0,,single_pack,CCF,CHICKEN FRIES,12 PKTS X 400 GRM,400.0,12.0,1,1,1,0,1,60.2,56.6,60.5,60.3,0,confirmed_negative,1,hard_negative_pack_size,exact_single_sku,rule_generated,approved
D0097,AL KABEER CHICKEN FRIES 1000GM,Chicken Fries-Frozen,No Variant,single_product,1,chicken,chicken,0,fries_wedges,0,0,unspecified,1000.0,1.0,,1000.0,,single_pack,VVMV9,MIXED VEGETABLES 900,900 gm x 10 Pkts,900.0,10.0,0,1,1,1,1,40.7,35.4,41.5,41.1,0,confirmed_negative,1,hard_negative_protein,exact_single_sku,rule_generated,approved
D0097,AL KABEER CHICKEN FRIES 1000GM,Chicken Fries-Frozen,No Variant,single_product,1,chicken,chicken,0,fries_wedges,0,0,unspecified,1000.0,1.0,,1000.0,,single_pack,CKPC,CHICKEN POP-CORN,400 Gms x 12 Pkts,400.0,12.0,1,0,1,0,1,48.7,47.1,60.5,54.6,0,confirmed_negative,1,hard_negative_type,exact_single_sku,rule_generated,approved
D0097,AL KABEER CHICKEN FRIES 1000GM,Chicken Fries-Frozen,No Variant,single_product,1,chicken,chicken,0,fries_wedges,0,0,unspecified,1000.0,1.0,,1000.0,,single_pack,CFZFB,ZING FISH FILLETS MILD SPICY,750 g. x 8,750.0,,0,0,1,0,1,28.6,31.9,24.3,26.4,0,confirmed_negative,1,easy_negative,exact_single_sku,rule_generated,approved
D0098,Al Kabeer zing chicken strips or nuggets or fries 320 gm 2 pcs,Chicken Fries-Frozen,No Variant,bundle,3,chicken,chicken,0,fries_wedges|nuggets|strips,1,0,unspecified,,,,,2.0,piece_count,CKZS,ZING CHICKEN STRIPS,320 Gms x 20 Pkts,320.0,20.0,1,1,1,1,1,61.9,59.0,64.7,63.3,1,confirmed_positive,1,positive,requires_business_review,rule_generated,needs_review
D0098,Al Kabeer zing chicken strips or nuggets or fries 320 gm 2 pcs,Chicken Fries-Frozen,No Variant,bundle,3,chicken,chicken,0,fries_wedges|nuggets|strips,1,0,unspecified,,,,,2.0,piece_count,CKNK,KRAZEE CHICKEN NUGGETS 400,400 Gms x 12 Pkts,400.0,12.0,1,1,1,0,1,58.4,53.2,62.3,60.4,0,confirmed_negative,1,hard_negative_pack_size,requires_business_review,rule_generated,needs_review
D0098,Al Kabeer zing chicken strips or nuggets or fries 320 gm 2 pcs,Chicken Fries-Frozen,No Variant,bundle,3,chicken,chicken,0,fries_wedges|nuggets|strips,1,0,unspecified,,,,,2.0,piece_count,CFS,FISH FINGERS 300,300 Gms x 20 Pkts,300.0,20.0,0,1,1,1,1,46.2,47.6,47.6,46.9,0,confirmed_negative,1,hard_negative_protein,requires_business_review,rule_generated,needs_review
D0098,Al Kabeer zing chicken strips or nuggets or fries 320 gm 2 pcs,Chicken Fries-Frozen,No Variant,bundle,3,chicken,chicken,0,fries_wedges|nuggets|strips,1,0,unspecified,,,,,2.0,piece_count,CKZFDA,ZING CHICKEN FILLETS SPICY 750 GRM,750 GMS X 8 PKT,750.0,8.0,1,0,1,0,1,58.3,46.4,58.9,58.6,0,confirmed_negative,1,hard_negative_type,requires_business_review,rule_generated,needs_review
D0098,Al Kabeer zing chicken strips or nuggets or fries 320 gm 2 pcs,Chicken Fries-Frozen,No Variant,bundle,3,chicken,chicken,0,fries_wedges|nuggets|strips,1,0,unspecified,,,,,2.0,piece_count,CBK,BEEF KIBBEH 400,400 Gms x 12 Pkts,400.0,12.0,0,0,1,0,1,35.9,34.5,37.9,36.9,0,confirmed_negative,1,easy_negative,requires_business_review,rule_generated,needs_review
D0099,Al Kabeer Chicken Fries 400 gm,Chicken Fries-Frozen,No Variant,single_product,1,chicken,chicken,0,fries_wedges,0,0,unspecified,400.0,1.0,,400.0,,single_pack,CCF,CHICKEN FRIES,12 PKTS X 400 GRM,400.0,12.0,1,1,1,1,1,67.3,56.6,72.3,69.8,1,confirmed_positive,1,positive,exact_single_sku,rule_generated,approved
D0099,Al Kabeer Chicken Fries 400 gm,Chicken Fries-Frozen,No Variant,single_product,1,chicken,chicken,0,fries_wedges,0,0,unspecified,400.0,1.0,,400.0,,single_pack,CCFA,CHICKEN FRIES BULK,1 kg x 5 Pkts,1000.0,5.0,1,1,1,0,1,58.8,53.8,60.5,59.6,0,confirmed_negative,1,hard_negative_pack_size,exact_single_sku,rule_generated,approved
D0099,Al Kabeer Chicken Fries 400 gm,Chicken Fries-Frozen,No Variant,single_product,1,chicken,chicken,0,fries_wedges,0,0,unspecified,400.0,1.0,,400.0,,single_pack,VVMV,MIXED VEGETABLES 400,400 gm x 20 Pkts,400.0,20.0,0,1,1,1,1,38.9,37.2,43.9,41.4,0,confirmed_negative,1,hard_negative_protein,exact_single_sku,rule_generated,approved
D0099,Al Kabeer Chicken Fries 400 gm,Chicken Fries-Frozen,No Variant,single_product,1,chicken,chicken,0,fries_wedges,0,0,unspecified,400.0,1.0,,400.0,,single_pack,CKPC,CHICKEN POP-CORN,400 Gms x 12 Pkts,400.0,12.0,1,0,1,1,1,53.8,47.1,60.5,57.1,0,confirmed_negative,1,hard_negative_type,exact_single_sku,rule_generated,approved
D0099,Al Kabeer Chicken Fries 400 gm,Chicken Fries-Frozen,No Variant,single_product,1,chicken,chicken,0,fries_wedges,0,0,unspecified,400.0,1.0,,400.0,,single_pack,CVSRP,8 VEGETABLE SPRING ROLLS TWIN PROMO PACK,560 Gms x 10 Pkts,560.0,10.0,0,0,1,0,1,28.6,28.6,30.9,29.7,0,confirmed_negative,1,easy_negative,exact_single_sku,rule_generated,approved
D0101,Al Kabeer Krazee Chicken Nuggets 400gm x 2/ Chicken Seekh Kebab 300gm x 2/ Shish Tawook 240gm x 2/ Tandoori Chicken Tikka 240gm x 2/ Tandoori Chicken Tikka 2x240 gm,Chicken Kebabs-Frozen,No Variant,bundle,4,chicken,chicken,0,kebab|nuggets|shish_tawook|tikka,1,0,unspecified,240.0,2.0,,480.0,,multipack,CKTN,TANDOORI CHICKEN NUGGETS 270,270 Gms x 20 Pkts,270.0,20.0,1,1,1,1,1,49.0,42.9,69.3,59.2,1,confirmed_positive,1,positive,requires_business_review,rule_generated,needs_review
D0101,Al Kabeer Krazee Chicken Nuggets 400gm x 2/ Chicken Seekh Kebab 300gm x 2/ Shish Tawook 240gm x 2/ Tandoori Chicken Tikka 240gm x 2/ Tandoori Chicken Tikka 2x240 gm,Chicken Kebabs-Frozen,No Variant,bundle,4,chicken,chicken,0,kebab|nuggets|shish_tawook|tikka,1,0,unspecified,240.0,2.0,,480.0,,multipack,CKCSB,CHICKEN SEEKH KEBAB BULK,1 kg x 5,1000.0,5.0,1,1,1,0,1,43.0,34.7,72.4,57.7,0,confirmed_negative,1,hard_negative_pack_size,requires_business_review,rule_generated,needs_review
D0101,Al Kabeer Krazee Chicken Nuggets 400gm x 2/ Chicken Seekh Kebab 300gm x 2/ Shish Tawook 240gm x 2/ Tandoori Chicken Tikka 240gm x 2/ Tandoori Chicken Tikka 2x240 gm,Chicken Kebabs-Frozen,No Variant,bundle,4,chicken,chicken,0,kebab|nuggets|shish_tawook|tikka,1,0,unspecified,240.0,2.0,,480.0,,multipack,CTBK,TURKISH BEEF KEBABS 360,360GM X 20 PKT,360.0,20.0,0,1,1,1,1,39.8,31.7,46.8,43.3,0,confirmed_negative,1,hard_negative_protein,requires_business_review,rule_generated,needs_review
D0101,Al Kabeer Krazee Chicken Nuggets 400gm x 2/ Chicken Seekh Kebab 300gm x 2/ Shish Tawook 240gm x 2/ Tandoori Chicken Tikka 240gm x 2/ Tandoori Chicken Tikka 2x240 gm,Chicken Kebabs-Frozen,No Variant,bundle,4,chicken,chicken,0,kebab|nuggets|shish_tawook|tikka,1,0,unspecified,240.0,2.0,,480.0,,multipack,VKCCSC,Chicken Cocktail  Frank 300 G  x 24,300 gm x 24 Pkts,300.0,24.0,1,0,1,1,1,47.2,41.5,46.7,47.0,0,confirmed_negative,1,hard_negative_type,requires_business_review,rule_generated,needs_review
D0101,Al Kabeer Krazee Chicken Nuggets 400gm x 2/ Chicken Seekh Kebab 300gm x 2/ Shish Tawook 240gm x 2/ Tandoori Chicken Tikka 240gm x 2/ Tandoori Chicken Tikka 2x240 gm,Chicken Kebabs-Frozen,No Variant,bundle,4,chicken,chicken,0,kebab|nuggets|shish_tawook|tikka,1,0,unspecified,240.0,2.0,,480.0,,multipack,CVSAP,VEGETABLE SAMOSA TWIN PROMO PACK,480 Gms x 10 Pkts,480.0,10.0,0,0,1,1,0,31.3,32.8,33.9,32.6,0,confirmed_negative,1,easy_negative,requires_business_review,rule_generated,needs_review
D0102,Al Kabeer Chicken Seekh Kebabs (320g),Chicken Kebabs-Frozen,No Variant,single_product,1,chicken,chicken,0,kebab,0,0,unspecified,320.0,1.0,,320.0,,single_pack,CKCS,8 CHICKEN SEEKH KEBAB,320 Gms x 24 Pkts,320.0,24.0,1,1,1,1,1,69.5,61.0,66.7,68.1,1,confirmed_positive,1,positive,exact_single_sku,rule_generated,approved
D0102,Al Kabeer Chicken Seekh Kebabs (320g),Chicken Kebabs-Frozen,No Variant,single_product,1,chicken,chicken,0,kebab,0,0,unspecified,320.0,1.0,,320.0,,single_pack,CKCSB,CHICKEN SEEKH KEBAB BULK,1 kg x 5,1000.0,5.0,1,1,1,0,1,71.3,59.1,64.9,68.1,0,confirmed_negative,1,hard_negative_pack_size,exact_single_sku,rule_generated,approved
D0102,Al Kabeer Chicken Seekh Kebabs (320g),Chicken Kebabs-Frozen,No Variant,single_product,1,chicken,chicken,0,kebab,0,0,unspecified,320.0,1.0,,320.0,,single_pack,CKBS,8 BEEF SEEKH KEBAB,320 Gms x 24 Pkts,320.0,24.0,0,1,1,1,1,51.8,50.0,53.8,52.8,0,confirmed_negative,1,hard_negative_protein,exact_single_sku,rule_generated,approved
D0102,Al Kabeer Chicken Seekh Kebabs (320g),Chicken Kebabs-Frozen,No Variant,single_product,1,chicken,chicken,0,kebab,0,0,unspecified,320.0,1.0,,320.0,,single_pack,CKSAPR,AK PRO CHICKEN SAMOSA,4 X 1.2 KGS,1200.0,,1,0,1,0,1,53.1,49.6,50.0,51.5,0,confirmed_negative,1,hard_negative_type,exact_single_sku,rule_generated,approved
D0102,Al Kabeer Chicken Seekh Kebabs (320g),Chicken Kebabs-Frozen,No Variant,single_product,1,chicken,chicken,0,kebab,0,0,unspecified,320.0,1.0,,320.0,,single_pack,CKBCS,BEEF COCKTAIL SAUSAGES,400 Gms x 20 Pkts,400.0,20.0,0,0,1,0,1,37.4,35.8,35.3,36.3,0,confirmed_negative,1,easy_negative,exact_single_sku,rule_generated,approved
D0103,Al Kabeer Turkish Chicken Kebabs 360 gm,Chicken Kebabs-Frozen,No Variant,single_product,1,chicken,chicken,0,kebab,0,0,unspecified,360.0,1.0,,360.0,,single_pack,CKTCK,TURKISH CHICKEN KEBAB,360gms x 20 Pkts,360.0,20.0,1,1,1,1,1,70.6,63.9,68.3,69.4,1,confirmed_positive,1,positive,exact_single_sku,rule_generated,approved
D0103,Al Kabeer Turkish Chicken Kebabs 360 gm,Chicken Kebabs-Frozen,No Variant,single_product,1,chicken,chicken,0,kebab,0,0,unspecified,360.0,1.0,,360.0,,single_pack,CKCS,8 CHICKEN SEEKH KEBAB,320 Gms x 24 Pkts,320.0,24.0,1,1,1,0,1,68.3,51.7,62.7,65.5,0,confirmed_negative,1,hard_negative_pack_size,exact_single_sku,rule_generated,approved
D0103,Al Kabeer Turkish Chicken Kebabs 360 gm,Chicken Kebabs-Frozen,No Variant,single_product,1,chicken,chicken,0,kebab,0,0,unspecified,360.0,1.0,,360.0,,single_pack,CTBK,TURKISH BEEF KEBABS 360,360GM X 20 PKT,360.0,20.0,0,1,1,1,1,56.2,51.2,63.2,59.7,0,confirmed_negative,1,hard_negative_protein,exact_single_sku,rule_generated,approved
D0103,Al Kabeer Turkish Chicken Kebabs 360 gm,Chicken Kebabs-Frozen,No Variant,single_product,1,chicken,chicken,0,kebab,0,0,unspecified,360.0,1.0,,360.0,,single_pack,CKNK,KRAZEE CHICKEN NUGGETS 400,400 Gms x 12 Pkts,400.0,12.0,1,0,1,1,1,56.1,45.5,55.8,55.9,0,confirmed_negative,1,hard_negative_type,exact_single_sku,rule_generated,approved
D0103,Al Kabeer Turkish Chicken Kebabs 360 gm,Chicken Kebabs-Frozen,No Variant,single_product,1,chicken,chicken,0,kebab,0,0,unspecified,360.0,1.0,,360.0,,single_pack,VVGP9,GREEN PEAS 900,900 gm x 10 Pkts,900.0,10.0,0,0,1,0,1,39.6,39.6,40.0,39.8,0,confirmed_negative,1,easy_negative,exact_single_sku,rule_generated,approved
D0105,Al Kabeer Chicken Kibbeh 400 gm,Chicken Kibbeh-Frozen,No Variant,single_product,1,chicken,chicken,0,kibbeh,0,0,unspecified,400.0,1.0,,400.0,,single_pack,CKK,CHICKEN KIBBEH 400,400 Gms x 12 Pkts,400.0,12.0,1,1,1,1,1,67.8,56.2,73.5,70.6,1,confirmed_positive,1,positive,exact_single_sku,rule_generated,approved
D0105,Al Kabeer Chicken Kibbeh 400 gm,Chicken Kibbeh-Frozen,No Variant,single_product,1,chicken,chicken,0,kibbeh,0,0,unspecified,400.0,1.0,,400.0,,single_pack,CKCK,CHICKEN KOFTA 300,300 Gms x 20 Pkts,300.0,20.0,1,1,1,0,1,57.1,43.7,53.3,55.2,0,confirmed_negative,1,hard_negative_pack_size,exact_single_sku,rule_generated,approved
D0105,Al Kabeer Chicken Kibbeh 400 gm,Chicken Kibbeh-Frozen,No Variant,single_product,1,chicken,chicken,0,kibbeh,0,0,unspecified,400.0,1.0,,400.0,,single_pack,CBK,BEEF KIBBEH 400,400 Gms x 12 Pkts,400.0,12.0,0,1,1,1,1,50.4,43.5,50.0,50.2,0,confirmed_negative,1,hard_negative_protein,exact_single_sku,rule_generated,approved
D0105,Al Kabeer Chicken Kibbeh 400 gm,Chicken Kibbeh-Frozen,No Variant,single_product,1,chicken,chicken,0,kibbeh,0,0,unspecified,400.0,1.0,,400.0,,single_pack,CKCS,8 CHICKEN SEEKH KEBAB,320 Gms x 24 Pkts,320.0,24.0,1,0,1,0,1,62.5,46.4,61.3,61.9,0,confirmed_negative,1,hard_negative_type,exact_single_sku,rule_generated,approved
D0105,Al Kabeer Chicken Kibbeh 400 gm,Chicken Kibbeh-Frozen,No Variant,single_product,1,chicken,chicken,0,kibbeh,0,0,unspecified,400.0,1.0,,400.0,,single_pack,CFSA,FISH STICKS BULK,1 Kgs x 5 Pkts,1000.0,5.0,0,0,1,0,1,30.9,30.9,28.9,29.9,0,confirmed_negative,1,easy_negative,exact_single_sku,rule_generated,approved
D0106,ALKABEER CHICKEN KOFTA/VEGETABLE SAMOSA/SPRING ROLL/ROLLS 240/300/280 gm,Chicken Kofta-Frozen,No Variant,bundle,2,,chicken|veg,1,samosa|spring_roll,1,1,unspecified,240.0,1.0,,240.0,,single_pack,CKSR,8 CHICKEN SPRING ROLLS,280 Gms x 20 Pkts,280.0,20.0,1,1,1,1,1,60.0,48.8,57.8,58.9,1,confirmed_positive,1,positive,requires_business_review,rule_generated,needs_review
D0106,ALKABEER CHICKEN KOFTA/VEGETABLE SAMOSA/SPRING ROLL/ROLLS 240/300/280 gm,Chicken Kofta-Frozen,No Variant,bundle,2,,chicken|veg,1,samosa|spring_roll,1,1,unspecified,240.0,1.0,,240.0,,single_pack,CKSRA,CHICKEN SPRING ROLL BULK (5*1120G),1.12 kg x 5 pkts,1120.0,5.0,1,1,1,0,1,54.6,40.4,46.4,50.5,0,confirmed_negative,1,hard_negative_pack_size,requires_business_review,rule_generated,needs_review
D0106,ALKABEER CHICKEN KOFTA/VEGETABLE SAMOSA/SPRING ROLL/ROLLS 240/300/280 gm,Chicken Kofta-Frozen,No Variant,bundle,2,,chicken|veg,1,samosa|spring_roll,1,1,unspecified,240.0,1.0,,240.0,,single_pack,CMSAA,MUTTON SAMOSAS BULK,1.2 Kgs x 4 Pkts,1200.0,4.0,0,1,1,0,1,37.8,33.8,38.4,38.1,0,confirmed_negative,1,hard_negative_protein,requires_business_review,rule_generated,needs_review
D0106,ALKABEER CHICKEN KOFTA/VEGETABLE SAMOSA/SPRING ROLL/ROLLS 240/300/280 gm,Chicken Kofta-Frozen,No Variant,bundle,2,,chicken|veg,1,samosa|spring_roll,1,1,unspecified,240.0,1.0,,240.0,,single_pack,VKCCSC,Chicken Cocktail  Frank 300 G  x 24,300 gm x 24 Pkts,300.0,24.0,1,0,1,1,1,47.2,40.7,49.3,48.2,0,confirmed_negative,1,hard_negative_type,requires_business_review,rule_generated,needs_review
D0106,ALKABEER CHICKEN KOFTA/VEGETABLE SAMOSA/SPRING ROLL/ROLLS 240/300/280 gm,Chicken Kofta-Frozen,No Variant,bundle,2,,chicken|veg,1,samosa|spring_roll,1,1,unspecified,240.0,1.0,,240.0,,single_pack,CTBK,TURKISH BEEF KEBABS 360,360GM X 20 PKT,360.0,20.0,0,0,1,0,1,37.9,35.3,38.4,38.2,0,confirmed_negative,1,easy_negative,requires_business_review,rule_generated,needs_review
D0107,Al Kabeer Chicken Nuggets /Kofta (270 gm),Chicken Kofta-Frozen,No Variant,single_product,1,chicken,chicken,0,nuggets,0,0,unspecified,270.0,1.0,,270.0,,single_pack,CKN,CHICKEN NUGGETS,270 Gms x 20 Pkts,270.0,20.0,1,1,1,1,1,59.5,52.3,59.8,59.6,1,confirmed_positive,1,positive,exact_single_sku,rule_generated,approved
D0107,Al Kabeer Chicken Nuggets /Kofta (270 gm),Chicken Kofta-Frozen,No Variant,single_product,1,chicken,chicken,0,nuggets,0,0,unspecified,270.0,1.0,,270.0,,single_pack,CKNK,KRAZEE CHICKEN NUGGETS 400,400 Gms x 12 Pkts,400.0,12.0,1,1,1,0,1,57.1,52.6,63.8,60.5,0,confirmed_negative,1,hard_negative_pack_size,exact_single_sku,rule_generated,approved
D0107,Al Kabeer Chicken Nuggets /Kofta (270 gm),Chicken Kofta-Frozen,No Variant,single_product,1,chicken,chicken,0,nuggets,0,0,unspecified,270.0,1.0,,270.0,,single_pack,VSC,SWEET CORN 400,400 gm x 20 Pkts,400.0,20.0,0,1,1,0,1,41.1,39.3,43.0,42.0,0,confirmed_negative,1,hard_negative_protein,exact_single_sku,rule_generated,approved
D0107,Al Kabeer Chicken Nuggets /Kofta (270 gm),Chicken Kofta-Frozen,No Variant,single_product,1,chicken,chicken,0,nuggets,0,0,unspecified,270.0,1.0,,270.0,,single_pack,CKCS,8 CHICKEN SEEKH KEBAB,320 Gms x 24 Pkts,320.0,24.0,1,0,1,0,1,56.2,44.6,50.5,53.4,0,confirmed_negative,1,hard_negative_type,exact_single_sku,rule_generated,approved
D0107,Al Kabeer Chicken Nuggets /Kofta (270 gm),Chicken Kofta-Frozen,No Variant,single_product,1,chicken,chicken,0,nuggets,0,0,unspecified,270.0,1.0,,270.0,,single_pack,CLKA,LAMB KIBBEH BULK,1 Kgs x 5 Pkts,1000.0,5.0,0,0,1,0,1,35.8,35.8,38.8,37.3,0,confirmed_negative,1,easy_negative,exact_single_sku,rule_generated,approved
D0108,Al Kabeer Chicken Kofta 300 gm,Chicken Kofta-Frozen,No Variant,single_product,1,chicken,chicken,0,,0,0,unspecified,300.0,1.0,,300.0,,single_pack,CKCK,CHICKEN KOFTA 300,300 Gms x 20 Pkts,300.0,20.0,1,1,1,1,1,65.0,54.7,72.3,68.6,1,confirmed_positive,1,positive,exact_single_sku,rule_generated,approved
D0108,Al Kabeer Chicken Kofta 300 gm,Chicken Kofta-Frozen,No Variant,single_product,1,chicken,chicken,0,,0,0,unspecified,300.0,1.0,,300.0,,single_pack,CKK,CHICKEN KIBBEH 400,400 Gms x 12 Pkts,400.0,12.0,1,1,1,0,1,60.5,43.7,53.3,56.9,0,confirmed_negative,1,hard_negative_pack_size,exact_single_sku,rule_generated,approved
D0108,Al Kabeer Chicken Kofta 300 gm,Chicken Kofta-Frozen,No Variant,single_product,1,chicken,chicken,0,,0,0,unspecified,300.0,1.0,,300.0,,single_pack,CBK,BEEF KIBBEH 400,400 Gms x 12 Pkts,400.0,12.0,0,1,1,0,1,42.5,38.9,41.4,41.9,0,confirmed_negative,1,hard_negative_protein,exact_single_sku,rule_generated,approved
D0109, Al KABEER ZING CHICKEN LOLLYPOP CRATERING 1KG,Chicken Lollipop-Frozen,No Variant,single_product,1,chicken,chicken,0,lollipop,0,0,unspecified,1000.0,1.0,,1000.0,,single_pack,CKZLA,ZING CHICKEN LOLLIPOP BULK (5*1KG),1 Kgs x 5 Pkts,1000.0,5.0,1,1,1,1,1,60.1,54.9,61.0,60.6,1,confirmed_positive,1,positive,exact_single_sku,rule_generated,approved
D0109, Al KABEER ZING CHICKEN LOLLYPOP CRATERING 1KG,Chicken Lollipop-Frozen,No Variant,single_product,1,chicken,chicken,0,lollipop,0,0,unspecified,1000.0,1.0,,1000.0,,single_pack,CKZL,ZING CHICKEN LOLLIPOP 420,420 Gms x 12 Pkts,420.0,12.0,1,1,1,0,1,62.3,59.4,61.1,61.7,0,confirmed_negative,1,hard_negative_pack_size,exact_single_sku,rule_generated,approved
D0109, Al KABEER ZING CHICKEN LOLLYPOP CRATERING 1KG,Chicken Lollipop-Frozen,No Variant,single_product,1,chicken,chicken,0,lollipop,0,0,unspecified,1000.0,1.0,,1000.0,,single_pack,CSPCAPR,AK PRO JUMBO PRAWN CRISPIES,10 X 1 KGS,1000.0,,0,1,1,1,1,38.0,31.0,38.3,38.1,0,confirmed_negative,1,hard_negative_protein,exact_single_sku,rule_generated,approved
D0109, Al KABEER ZING CHICKEN LOLLYPOP CRATERING 1KG,Chicken Lollipop-Frozen,No Variant,single_product,1,chicken,chicken,0,lollipop,0,0,unspecified,1000.0,1.0,,1000.0,,single_pack,CKSR,8 CHICKEN SPRING ROLLS,280 Gms x 20 Pkts,280.0,20.0,1,0,1,0,1,52.9,45.6,50.0,51.5,0,confirmed_negative,1,hard_negative_type,exact_single_sku,rule_generated,approved
D0109, Al KABEER ZING CHICKEN LOLLYPOP CRATERING 1KG,Chicken Lollipop-Frozen,No Variant,single_product,1,chicken,chicken,0,lollipop,0,0,unspecified,1000.0,1.0,,1000.0,,single_pack,CBBAGPR,AK PRO BEEF BURGER 24,1.392 kg x 6 Pkts,1392.0,6.0,0,0,1,0,1,36.9,36.9,36.9,36.9,0,confirmed_negative,1,easy_negative,exact_single_sku,rule_generated,approved
D0110,Al Kabeer Zing Chicken Lollipop 420gm,Chicken Lollipop-Frozen,No Variant,single_product,1,chicken,chicken,0,lollipop,0,0,unspecified,420.0,1.0,,420.0,,single_pack,CKZL,ZING CHICKEN LOLLIPOP 420,420 Gms x 12 Pkts,420.0,12.0,1,1,1,1,1,67.7,66.2,72.4,70.1,1,confirmed_positive,1,positive,exact_single_sku,rule_generated,approved
D0110,Al Kabeer Zing Chicken Lollipop 420gm,Chicken Lollipop-Frozen,No Variant,single_product,1,chicken,chicken,0,lollipop,0,0,unspecified,420.0,1.0,,420.0,,single_pack,CKZLA,ZING CHICKEN LOLLIPOP BULK (5*1KG),1 Kgs x 5 Pkts,1000.0,5.0,1,1,1,0,1,60.7,55.2,72.4,66.6,0,confirmed_negative,1,hard_negative_pack_size,exact_single_sku,rule_generated,approved
D0110,Al Kabeer Zing Chicken Lollipop 420gm,Chicken Lollipop-Frozen,No Variant,single_product,1,chicken,chicken,0,lollipop,0,0,unspecified,420.0,1.0,,420.0,,single_pack,CZSB,Zing Shrimps,750 gm x 8 Pkts,750.0,8.0,0,1,1,0,1,36.7,33.0,36.8,36.7,0,confirmed_negative,1,hard_negative_protein,exact_single_sku,rule_generated,approved
D0110,Al Kabeer Zing Chicken Lollipop 420gm,Chicken Lollipop-Frozen,No Variant,single_product,1,chicken,chicken,0,lollipop,0,0,unspecified,420.0,1.0,,420.0,,single_pack,CKZS,ZING CHICKEN STRIPS,320 Gms x 20 Pkts,320.0,20.0,1,0,1,0,1,54.7,51.3,57.5,56.1,0,confirmed_negative,1,hard_negative_type,exact_single_sku,rule_generated,approved
D0110,Al Kabeer Zing Chicken Lollipop 420gm,Chicken Lollipop-Frozen,No Variant,single_product,1,chicken,chicken,0,lollipop,0,0,unspecified,420.0,1.0,,420.0,,single_pack,CFS,FISH FINGERS 300,300 Gms x 20 Pkts,300.0,20.0,0,0,1,0,1,31.4,29.8,31.3,31.4,0,confirmed_negative,1,easy_negative,exact_single_sku,rule_generated,approved
D0111,Al Kabeer Chicken/Beef Meat Ball 1 kg,Chicken Meatballs-Frozen,No Variant,multiple_choice,2,,beef|chicken,1,meatballs,0,0,unspecified,1000.0,1.0,,1000.0,,single_pack,CKMBA,CHICKEN MEAT BALLS BULK,1 Kgs x 6 Pkts,1000.0,6.0,1,1,1,1,1,61.4,58.3,57.7,59.6,1,confirmed_positive,1,positive,requires_business_review,rule_generated,needs_review
D0111,Al Kabeer Chicken/Beef Meat Ball 1 kg,Chicken Meatballs-Frozen,No Variant,multiple_choice,2,,beef|chicken,1,meatballs,0,0,unspecified,1000.0,1.0,,1000.0,,single_pack,CKMB,CHICKEN MEAT BALLS,300 Gms x 20 Pkts,300.0,20.0,1,1,1,0,1,63.3,61.7,54.2,58.8,0,confirmed_negative,1,hard_negative_pack_size,requires_business_review,rule_generated,needs_review
D0111,Al Kabeer Chicken/Beef Meat Ball 1 kg,Chicken Meatballs-Frozen,No Variant,multiple_choice,2,,beef|chicken,1,meatballs,0,0,unspecified,1000.0,1.0,,1000.0,,single_pack,VSC10,SWEET CORN BULK,1 kg x 10 Pkts,1000.0,10.0,0,1,1,1,1,41.1,37.5,41.6,41.3,0,confirmed_negative,1,hard_negative_protein,requires_business_review,rule_generated,needs_review
D0111,Al Kabeer Chicken/Beef Meat Ball 1 kg,Chicken Meatballs-Frozen,No Variant,multiple_choice,2,,beef|chicken,1,meatballs,0,0,unspecified,1000.0,1.0,,1000.0,,single_pack,CKCSB,CHICKEN SEEKH KEBAB BULK,1 kg x 5,1000.0,5.0,1,0,1,1,1,57.6,50.8,54.3,56.0,0,confirmed_negative,1,hard_negative_type,requires_business_review,rule_generated,needs_review
D0111,Al Kabeer Chicken/Beef Meat Ball 1 kg,Chicken Meatballs-Frozen,No Variant,multiple_choice,2,,beef|chicken,1,meatballs,0,0,unspecified,1000.0,1.0,,1000.0,,single_pack,CFBFA,BREADED FISH FILLET BULK,1 Kgs x 5 Pkts,1000.0,5.0,0,0,1,1,1,34.9,41.3,35.8,35.4,0,confirmed_negative,1,easy_negative,requires_business_review,rule_generated,needs_review
D0113,Al Kabeer Meat Balls Chicken 300 gm,Chicken Meatballs-Frozen,No Variant,single_product,1,chicken,chicken,0,meatballs,0,0,unspecified,300.0,1.0,,300.0,,single_pack,CKMB,CHICKEN MEAT BALLS,300 Gms x 20 Pkts,300.0,20.0,1,1,1,1,1,71.2,57.6,69.8,70.5,1,confirmed_positive,1,positive,exact_single_sku,rule_generated,approved
D0113,Al Kabeer Meat Balls Chicken 300 gm,Chicken Meatballs-Frozen,No Variant,single_product,1,chicken,chicken,0,meatballs,0,0,unspecified,300.0,1.0,,300.0,,single_pack,CKMBA,CHICKEN MEAT BALLS BULK,1 Kgs x 6 Pkts,1000.0,6.0,1,1,1,0,1,64.0,56.0,62.1,63.0,0,confirmed_negative,1,hard_negative_pack_size,exact_single_sku,rule_generated,approved
D0113,Al Kabeer Meat Balls Chicken 300 gm,Chicken Meatballs-Frozen,No Variant,single_product,1,chicken,chicken,0,meatballs,0,0,unspecified,300.0,1.0,,300.0,,single_pack,CMBAKAPR,AK PRO Beef Meat Balls 1 kg x 10,1 kg x 10,1000.0,10.0,0,1,1,0,1,43.5,50.7,54.3,48.9,0,confirmed_negative,1,hard_negative_protein,exact_single_sku,rule_generated,approved
D0113,Al Kabeer Meat Balls Chicken 300 gm,Chicken Meatballs-Frozen,No Variant,single_product,1,chicken,chicken,0,meatballs,0,0,unspecified,300.0,1.0,,300.0,,single_pack,CKSAA,CHICKEN SAMOSAS BULK,1.2 Kgs x 4 Pkts,1200.0,4.0,1,0,1,0,1,56.4,42.7,51.6,54.0,0,confirmed_negative,1,hard_negative_type,exact_single_sku,rule_generated,approved
D0113,Al Kabeer Meat Balls Chicken 300 gm,Chicken Meatballs-Frozen,No Variant,single_product,1,chicken,chicken,0,meatballs,0,0,unspecified,300.0,1.0,,300.0,,single_pack,CLKA,LAMB KIBBEH BULK,1 Kgs x 5 Pkts,1000.0,5.0,0,0,1,0,1,39.7,36.4,39.6,39.6,0,confirmed_negative,1,easy_negative,exact_single_sku,rule_generated,approved
D0114,Al Kabeer Hot & Spicy Chicken Nuggets 1Kg,Chicken Nuggets-Frozen,Hot & Spicy,single_product,1,chicken,chicken,0,nuggets,0,0,spicy,1000.0,1.0,,1000.0,,single_pack,CKNHSA,CHICKEN NUGGETS HOT & SPICY BULK,1 Kgs x 5 Pkts,1000.0,5.0,1,1,1,1,1,79.5,67.9,79.4,79.4,1,confirmed_positive,1,positive,exact_single_sku,rule_generated,approved
D0114,Al Kabeer Hot & Spicy Chicken Nuggets 1Kg,Chicken Nuggets-Frozen,Hot & Spicy,single_product,1,chicken,chicken,0,nuggets,0,0,spicy,1000.0,1.0,,1000.0,,single_pack,CKNHSD,Chicken Nuggets HOT n SPICY,750 g. x 8,750.0,,1,1,1,0,1,76.1,69.0,75.8,75.9,0,confirmed_negative,1,hard_negative_pack_size,exact_single_sku,rule_generated,approved
D0114,Al Kabeer Hot & Spicy Chicken Nuggets 1Kg,Chicken Nuggets-Frozen,Hot & Spicy,single_product,1,chicken,chicken,0,nuggets,0,0,spicy,1000.0,1.0,,1000.0,,single_pack,VSC10,SWEET CORN BULK,1 kg x 10 Pkts,1000.0,10.0,0,1,1,1,1,38.1,36.5,39.1,38.6,0,confirmed_negative,1,hard_negative_protein,exact_single_sku,rule_generated,approved
D0114,Al Kabeer Hot & Spicy Chicken Nuggets 1Kg,Chicken Nuggets-Frozen,Hot & Spicy,single_product,1,chicken,chicken,0,nuggets,0,0,spicy,1000.0,1.0,,1000.0,,single_pack,CKBBS,8 BREADED CHICKEN BURGER HOT & SPICY,400 gm x 12 Pkts,400.0,12.0,1,0,1,0,1,56.6,57.8,63.3,60.0,0,confirmed_negative,1,hard_negative_type,exact_single_sku,rule_generated,approved
D0114,Al Kabeer Hot & Spicy Chicken Nuggets 1Kg,Chicken Nuggets-Frozen,Hot & Spicy,single_product,1,chicken,chicken,0,nuggets,0,0,spicy,1000.0,1.0,,1000.0,,single_pack,CKNTMP,Tempura Chicken Nuggets Non Spicy,750 GMS X 8 PKT,750.0,8.0,1,1,0,0,1,62.9,57.9,67.7,65.3,0,confirmed_negative,1,hard_negative_variant,exact_single_sku,rule_generated,approved
D0114,Al Kabeer Hot & Spicy Chicken Nuggets 1Kg,Chicken Nuggets-Frozen,Hot & Spicy,single_product,1,chicken,chicken,0,nuggets,0,0,spicy,1000.0,1.0,,1000.0,,single_pack,CVSAA,VEGETABLE SAMOSAS BULK,1.2 Kgs x 4 Pkts,1200.0,4.0,0,0,1,0,1,33.6,35.0,33.0,33.3,0,confirmed_negative,1,easy_negative,exact_single_sku,rule_generated,approved
D0115,Al Kabeer Chicken Pop Corn 750gm+250gm,Chicken Nuggets-Frozen,No Variant,multiple_choice,2,,chicken|veg,1,nuggets|popcorn,1,0,unspecified,750.0,1.0,,750.0,,single_pack,CKNKDA,KRAZEE CHICKEN NUGGETS SPICY 750 GRM,750 GMS X 8 PKT,750.0,8.0,1,1,1,1,1,54.7,50.7,65.3,60.0,1,confirmed_positive,1,positive,requires_business_review,rule_generated,needs_review
D0115,Al Kabeer Chicken Pop Corn 750gm+250gm,Chicken Nuggets-Frozen,No Variant,multiple_choice,2,,chicken|veg,1,nuggets|popcorn,1,0,unspecified,750.0,1.0,,750.0,,single_pack,CKNK,KRAZEE CHICKEN NUGGETS 400,400 Gms x 12 Pkts,400.0,12.0,1,1,1,0,1,54.5,51.5,58.1,56.3,0,confirmed_negative,1,hard_negative_pack_size,requires_business_review,rule_generated,needs_review
D0115,Al Kabeer Chicken Pop Corn 750gm+250gm,Chicken Nuggets-Frozen,No Variant,multiple_choice,2,,chicken|veg,1,nuggets|popcorn,1,0,unspecified,750.0,1.0,,750.0,,single_pack,CMBAKAPR,AK PRO Beef Meat Balls 1 kg x 10,1 kg x 10,1000.0,10.0,0,1,1,1,1,31.7,28.8,41.5,36.6,0,confirmed_negative,1,hard_negative_protein,requires_business_review,rule_generated,needs_review
D0115,Al Kabeer Chicken Pop Corn 750gm+250gm,Chicken Nuggets-Frozen,No Variant,multiple_choice,2,,chicken|veg,1,nuggets|popcorn,1,0,unspecified,750.0,1.0,,750.0,,single_pack,CCF,CHICKEN FRIES,12 PKTS X 400 GRM,400.0,12.0,1,0,1,0,1,53.7,47.2,47.3,50.5,0,confirmed_negative,1,hard_negative_type,requires_business_review,rule_generated,needs_review
D0115,Al Kabeer Chicken Pop Corn 750gm+250gm,Chicken Nuggets-Frozen,No Variant,multiple_choice,2,,chicken|veg,1,nuggets|popcorn,1,0,unspecified,750.0,1.0,,750.0,,single_pack,CBBOT,TAYEBAT BEEF BURGERS ONION BULK,1 Kgs x 9 Pkts,1000.0,9.0,0,0,1,1,1,27.3,31.7,29.2,28.3,0,confirmed_negative,1,easy_negative,requires_business_review,rule_generated,needs_review
D0116,Al Kabeer KRAZEE CHICKEN NUGGETS 1000GM,Chicken Nuggets-Frozen,No Variant,single_product,1,chicken,chicken,0,nuggets,0,0,unspecified,1000.0,1.0,,1000.0,,single_pack,CKNAPR,AK PRO CHICKEN NUGGETS BULK,10 X 1000 GMS,1000.0,,1,1,1,1,1,64.1,58.0,64.3,64.2,1,confirmed_positive,1,positive,exact_single_sku,rule_generated,approved
D0116,Al Kabeer KRAZEE CHICKEN NUGGETS 1000GM,Chicken Nuggets-Frozen,No Variant,single_product,1,chicken,chicken,0,nuggets,0,0,unspecified,1000.0,1.0,,1000.0,,single_pack,CKNK,KRAZEE CHICKEN NUGGETS 400,400 Gms x 12 Pkts,400.0,12.0,1,1,1,0,1,72.2,63.2,72.1,72.2,0,confirmed_negative,1,hard_negative_pack_size,exact_single_sku,rule_generated,approved
D0116,Al Kabeer KRAZEE CHICKEN NUGGETS 1000GM,Chicken Nuggets-Frozen,No Variant,single_product,1,chicken,chicken,0,nuggets,0,0,unspecified,1000.0,1.0,,1000.0,,single_pack,VVMV9,MIXED VEGETABLES 900,900 gm x 10 Pkts,900.0,10.0,0,1,1,1,1,45.2,41.9,44.0,44.6,0,confirmed_negative,1,hard_negative_protein,exact_single_sku,rule_generated,approved
D0116,Al Kabeer KRAZEE CHICKEN NUGGETS 1000GM,Chicken Nuggets-Frozen,No Variant,single_product,1,chicken,chicken,0,nuggets,0,0,unspecified,1000.0,1.0,,1000.0,,single_pack,CKK,CHICKEN KIBBEH 400,400 Gms x 12 Pkts,400.0,12.0,1,0,1,0,1,52.3,44.6,52.5,52.4,0,confirmed_negative,1,hard_negative_type,exact_single_sku,rule_generated,approved
D0116,Al Kabeer KRAZEE CHICKEN NUGGETS 1000GM,Chicken Nuggets-Frozen,No Variant,single_product,1,chicken,chicken,0,nuggets,0,0,unspecified,1000.0,1.0,,1000.0,,single_pack,CBBG100,CHAR.JUMBO BEEF BURGERS BULK(100G)6*1 KG,1KG X 6,1000.0,6.0,0,0,1,1,1,30.5,37.1,33.7,32.1,0,confirmed_negative,1,easy_negative,exact_single_sku,rule_generated,approved
D0117,Al Kabeer Chicken Nuggets 2 packs,Chicken Nuggets-Frozen,No Variant,single_product,1,chicken,chicken,0,nuggets,0,0,unspecified,,,,,,unknown,CKN,CHICKEN NUGGETS,270 Gms x 20 Pkts,270.0,20.0,1,1,1,0,1,74.3,62.9,65.8,70.0,-1,unresolved,0,unresolved_near_tie,no_exact_master_sku,rule_generated,needs_review
D0117,Al Kabeer Chicken Nuggets 2 packs,Chicken Nuggets-Frozen,No Variant,single_product,1,chicken,chicken,0,nuggets,0,0,unspecified,,,,,,unknown,CKNK,KRAZEE CHICKEN NUGGETS 400,400 Gms x 12 Pkts,400.0,12.0,1,1,1,0,1,69.3,61.4,67.5,68.4,-1,unresolved,0,unresolved_near_tie,no_exact_master_sku,rule_generated,needs_review
D0117,Al Kabeer Chicken Nuggets 2 packs,Chicken Nuggets-Frozen,No Variant,single_product,1,chicken,chicken,0,nuggets,0,0,unspecified,,,,,,unknown,VECC,CORN ON THE COB,1 kg x 12 Pkts,1000.0,12.0,0,1,1,0,1,37.7,32.1,38.5,38.1,0,confirmed_negative,1,hard_negative_protein,no_exact_master_sku,rule_generated,needs_review
D0117,Al Kabeer Chicken Nuggets 2 packs,Chicken Nuggets-Frozen,No Variant,single_product,1,chicken,chicken,0,nuggets,0,0,unspecified,,,,,,unknown,CKTCK,TURKISH CHICKEN KEBAB,360gms x 20 Pkts,360.0,20.0,1,0,1,0,1,56.1,47.4,55.3,55.7,0,confirmed_negative,1,hard_negative_type,no_exact_master_sku,rule_generated,needs_review
D0117,Al Kabeer Chicken Nuggets 2 packs,Chicken Nuggets-Frozen,No Variant,single_product,1,chicken,chicken,0,nuggets,0,0,unspecified,,,,,,unknown,CFBFA,BREADED FISH FILLET BULK,1 Kgs x 5 Pkts,1000.0,5.0,0,0,1,0,1,35.0,38.3,35.7,35.4,0,confirmed_negative,1,easy_negative,no_exact_master_sku,rule_generated,needs_review
D0118,Al Kabeer Chicken Nuggets 270 gm,Chicken Nuggets-Frozen,No Variant,single_product,1,chicken,chicken,0,nuggets,0,0,unspecified,270.0,1.0,,270.0,,single_pack,CKN,CHICKEN NUGGETS,270 Gms x 20 Pkts,270.0,20.0,1,1,1,1,1,75.0,63.5,63.9,69.4,-1,unresolved,0,unresolved_near_tie,no_exact_master_sku,rule_generated,needs_review
D0118,Al Kabeer Chicken Nuggets 270 gm,Chicken Nuggets-Frozen,No Variant,single_product,1,chicken,chicken,0,nuggets,0,0,unspecified,270.0,1.0,,270.0,,single_pack,CKTN,TANDOORI CHICKEN NUGGETS 270,270 Gms x 20 Pkts,270.0,20.0,1,1,1,1,1,63.1,61.5,74.5,68.8,-1,unresolved,0,unresolved_near_tie,no_exact_master_sku,rule_generated,needs_review
D0118,Al Kabeer Chicken Nuggets 270 gm,Chicken Nuggets-Frozen,No Variant,single_product,1,chicken,chicken,0,nuggets,0,0,unspecified,270.0,1.0,,270.0,,single_pack,CKNK,KRAZEE CHICKEN NUGGETS 400,400 Gms x 12 Pkts,400.0,12.0,1,1,1,0,1,69.8,63.5,68.4,69.1,0,confirmed_negative,1,hard_negative_pack_size,no_exact_master_sku,rule_generated,needs_review
D0118,Al Kabeer Chicken Nuggets 270 gm,Chicken Nuggets-Frozen,No Variant,single_product,1,chicken,chicken,0,nuggets,0,0,unspecified,270.0,1.0,,270.0,,single_pack,VSC,SWEET CORN 400,400 gm x 20 Pkts,400.0,20.0,0,1,1,0,1,43.8,38.1,43.6,43.7,0,confirmed_negative,1,hard_negative_protein,no_exact_master_sku,rule_generated,needs_review
D0118,Al Kabeer Chicken Nuggets 270 gm,Chicken Nuggets-Frozen,No Variant,single_product,1,chicken,chicken,0,nuggets,0,0,unspecified,270.0,1.0,,270.0,,single_pack,CKCS,8 CHICKEN SEEKH KEBAB,320 Gms x 24 Pkts,320.0,24.0,1,0,1,0,1,57.9,43.9,55.3,56.6,0,confirmed_negative,1,hard_negative_type,no_exact_master_sku,rule_generated,needs_review
D0118,Al Kabeer Chicken Nuggets 270 gm,Chicken Nuggets-Frozen,No Variant,single_product,1,chicken,chicken,0,nuggets,0,0,unspecified,270.0,1.0,,270.0,,single_pack,VVGP,GREEN PEAS,400 gm x 20 Pkts,400.0,20.0,0,0,1,0,1,39.2,37.1,40.0,39.6,0,confirmed_negative,1,easy_negative,no_exact_master_sku,rule_generated,needs_review
D0119,Al Kabeer Krazee Chicken Nuggets 2x400 gm,Chicken Nuggets-Frozen,No Variant,single_product,1,chicken,chicken,0,nuggets,0,0,unspecified,400.0,2.0,,800.0,,multipack,CKNK,KRAZEE CHICKEN NUGGETS 400,400 Gms x 12 Pkts,400.0,12.0,1,1,1,1,1,77.0,65.2,75.0,76.0,1,confirmed_positive,1,positive,exact_single_sku,rule_generated,approved
D0119,Al Kabeer Krazee Chicken Nuggets 2x400 gm,Chicken Nuggets-Frozen,No Variant,single_product,1,chicken,chicken,0,nuggets,0,0,unspecified,400.0,2.0,,800.0,,multipack,CKNKPP,KRAZEE CHICKEN NUGGETS +25% FREE,500Gms X 12Ctn,500.0,,1,1,1,0,1,68.1,58.3,69.8,68.9,0,confirmed_negative,1,hard_negative_pack_size,exact_single_sku,rule_generated,approved
D0119,Al Kabeer Krazee Chicken Nuggets 2x400 gm,Chicken Nuggets-Frozen,No Variant,single_product,1,chicken,chicken,0,nuggets,0,0,unspecified,400.0,2.0,,800.0,,multipack,VSC,SWEET CORN 400,400 gm x 20 Pkts,400.0,20.0,0,1,1,1,1,45.6,40.4,48.3,46.9,0,confirmed_negative,1,hard_negative_protein,exact_single_sku,rule_generated,approved
D0119,Al Kabeer Krazee Chicken Nuggets 2x400 gm,Chicken Nuggets-Frozen,No Variant,single_product,1,chicken,chicken,0,nuggets,0,0,unspecified,400.0,2.0,,800.0,,multipack,CKCS,8 CHICKEN SEEKH KEBAB,320 Gms x 24 Pkts,320.0,24.0,1,0,1,0,1,58.5,45.5,56.5,57.5,0,confirmed_negative,1,hard_negative_type,exact_single_sku,rule_generated,approved
D0119,Al Kabeer Krazee Chicken Nuggets 2x400 gm,Chicken Nuggets-Frozen,No Variant,single_product,1,chicken,chicken,0,nuggets,0,0,unspecified,400.0,2.0,,800.0,,multipack,CLKA,LAMB KIBBEH BULK,1 Kgs x 5 Pkts,1000.0,5.0,0,0,1,0,1,33.6,38.4,37.1,35.4,0,confirmed_negative,1,easy_negative,exact_single_sku,rule_generated,approved
D0120,Al Kabeer Crazy Chicken Nugget 800 GM,Chicken Nuggets-Frozen,No Variant,single_product,1,chicken,chicken,0,nuggets,0,0,unspecified,800.0,2.0,,1600.0,,multipack,CKNAD,CHICKEN NUGGETS 750 GMS,750 GMS X 8 PKT,750.0,8.0,1,1,1,1,1,65.0,56.9,60.2,62.6,-1,unresolved,0,unresolved_near_tie,no_exact_master_sku,rule_generated,needs_review
D0120,Al Kabeer Crazy Chicken Nugget 800 GM,Chicken Nuggets-Frozen,No Variant,single_product,1,chicken,chicken,0,nuggets,0,0,unspecified,800.0,2.0,,1600.0,,multipack,CKZNNS,ZING CHICKEN NUGGET NON-SPICY,8 X 750 GMS,750.0,,1,1,1,1,1,58.0,53.4,65.7,61.8,-1,unresolved,0,unresolved_near_tie,no_exact_master_sku,rule_generated,needs_review
D0120,Al Kabeer Crazy Chicken Nugget 800 GM,Chicken Nuggets-Frozen,No Variant,single_product,1,chicken,chicken,0,nuggets,0,0,unspecified,800.0,2.0,,1600.0,,multipack,CKN,CHICKEN NUGGETS,270 Gms x 20 Pkts,270.0,20.0,1,1,1,0,1,67.9,58.7,63.5,65.7,0,confirmed_negative,1,hard_negative_pack_size,no_exact_master_sku,rule_generated,needs_review
D0120,Al Kabeer Crazy Chicken Nugget 800 GM,Chicken Nuggets-Frozen,No Variant,single_product,1,chicken,chicken,0,nuggets,0,0,unspecified,800.0,2.0,,1600.0,,multipack,VSC10,SWEET CORN BULK,1 kg x 10 Pkts,1000.0,10.0,0,1,1,0,1,43.6,38.2,41.8,42.7,0,confirmed_negative,1,hard_negative_protein,no_exact_master_sku,rule_generated,needs_review
D0120,Al Kabeer Crazy Chicken Nugget 800 GM,Chicken Nuggets-Frozen,No Variant,single_product,1,chicken,chicken,0,nuggets,0,0,unspecified,800.0,2.0,,1600.0,,multipack,VFDC,Chicken Frank 340 G  x 24,340 gm x 24 Pkts,340.0,24.0,1,0,1,0,1,52.0,41.9,54.3,53.2,0,confirmed_negative,1,hard_negative_type,no_exact_master_sku,rule_generated,needs_review
D0120,Al Kabeer Crazy Chicken Nugget 800 GM,Chicken Nuggets-Frozen,No Variant,single_product,1,chicken,chicken,0,nuggets,0,0,unspecified,800.0,2.0,,1600.0,,multipack,CFBFA,BREADED FISH FILLET BULK,1 Kgs x 5 Pkts,1000.0,5.0,0,0,1,0,1,29.0,33.9,29.2,29.1,0,confirmed_negative,1,easy_negative,no_exact_master_sku,rule_generated,needs_review
D0121,Al Kabeer zing chicken strips or nuggets or fries 320 gm 2 pcs,Chicken Nuggets-Frozen,No Variant,bundle,3,chicken,chicken,0,fries_wedges|nuggets|strips,1,0,unspecified,,,,,2.0,piece_count,CKZS,ZING CHICKEN STRIPS,320 Gms x 20 Pkts,320.0,20.0,1,1,1,1,1,62.4,59.6,64.7,63.6,1,confirmed_positive,1,positive,requires_business_review,rule_generated,needs_review
D0121,Al Kabeer zing chicken strips or nuggets or fries 320 gm 2 pcs,Chicken Nuggets-Frozen,No Variant,bundle,3,chicken,chicken,0,fries_wedges|nuggets|strips,1,0,unspecified,,,,,2.0,piece_count,CKNK,KRAZEE CHICKEN NUGGETS 400,400 Gms x 12 Pkts,400.0,12.0,1,1,1,0,1,65.4,55.1,62.3,63.8,0,confirmed_negative,1,hard_negative_pack_size,requires_business_review,rule_generated,needs_review
D0121,Al Kabeer zing chicken strips or nuggets or fries 320 gm 2 pcs,Chicken Nuggets-Frozen,No Variant,bundle,3,chicken,chicken,0,fries_wedges|nuggets|strips,1,0,unspecified,,,,,2.0,piece_count,CFS,FISH FINGERS 300,300 Gms x 20 Pkts,300.0,20.0,0,1,1,1,1,45.5,48.3,47.6,46.6,0,confirmed_negative,1,hard_negative_protein,requires_business_review,rule_generated,needs_review
D0121,Al Kabeer zing chicken strips or nuggets or fries 320 gm 2 pcs,Chicken Nuggets-Frozen,No Variant,bundle,3,chicken,chicken,0,fries_wedges|nuggets|strips,1,0,unspecified,,,,,2.0,piece_count,CKZFDA,ZING CHICKEN FILLETS SPICY 750 GRM,750 GMS X 8 PKT,750.0,8.0,1,0,1,0,1,56.5,44.7,58.9,57.7,0,confirmed_negative,1,hard_negative_type,requires_business_review,rule_generated,needs_review
D0121,Al Kabeer zing chicken strips or nuggets or fries 320 gm 2 pcs,Chicken Nuggets-Frozen,No Variant,bundle,3,chicken,chicken,0,fries_wedges|nuggets|strips,1,0,unspecified,,,,,2.0,piece_count,FFW1,WHITE FISH FILLET 1KG,1kg X 10 Pkts,1000.0,10.0,0,0,1,0,1,35.2,36.6,36.2,35.7,0,confirmed_negative,1,easy_negative,requires_business_review,rule_generated,needs_review
D0123,Al Kabeer Chicken Nuggets 400 gm,Chicken Nuggets-Frozen,No Variant,single_product,1,chicken,chicken,0,nuggets,0,0,unspecified,400.0,1.0,,400.0,,single_pack,CKNK,KRAZEE CHICKEN NUGGETS 400,400 Gms x 12 Pkts,400.0,12.0,1,1,1,1,1,71.4,66.7,74.5,73.0,1,confirmed_positive,1,positive,exact_single_sku,rule_generated,approved
D0123,Al Kabeer Chicken Nuggets 400 gm,Chicken Nuggets-Frozen,No Variant,single_product,1,chicken,chicken,0,nuggets,0,0,unspecified,400.0,1.0,,400.0,,single_pack,CKN,CHICKEN NUGGETS,270 Gms x 20 Pkts,270.0,20.0,1,1,1,0,1,73.1,63.5,63.8,68.5,0,confirmed_negative,1,hard_negative_pack_size,exact_single_sku,rule_generated,approved
D0123,Al Kabeer Chicken Nuggets 400 gm,Chicken Nuggets-Frozen,No Variant,single_product,1,chicken,chicken,0,nuggets,0,0,unspecified,400.0,1.0,,400.0,,single_pack,VSC,SWEET CORN 400,400 gm x 20 Pkts,400.0,20.0,0,1,1,1,1,45.7,41.9,46.2,45.9,0,confirmed_negative,1,hard_negative_protein,exact_single_sku,rule_generated,approved
D0123,Al Kabeer Chicken Nuggets 400 gm,Chicken Nuggets-Frozen,No Variant,single_product,1,chicken,chicken,0,nuggets,0,0,unspecified,400.0,1.0,,400.0,,single_pack,CKBW,BBQ CHICKEN WINGS 400,400 Gms x 12 Pkts,400.0,12.0,1,0,1,1,1,59.6,57.9,56.8,58.2,0,confirmed_negative,1,hard_negative_type,exact_single_sku,rule_generated,approved
D0123,Al Kabeer Chicken Nuggets 400 gm,Chicken Nuggets-Frozen,No Variant,single_product,1,chicken,chicken,0,nuggets,0,0,unspecified,400.0,1.0,,400.0,,single_pack,CVSAA,VEGETABLE SAMOSAS BULK,1.2 Kgs x 4 Pkts,1200.0,4.0,0,0,1,0,1,32.8,31.0,34.1,33.5,0,confirmed_negative,1,easy_negative,exact_single_sku,rule_generated,approved
D0124,AL KABEER CHICKEN KRAZEE NUGGETS 400GM/BREADED CHICKEN FILLET 450GM,Chicken Nuggets-Frozen,No Variant,bundle,2,chicken,chicken,0,fillet|nuggets,1,0,unspecified,450.0,1.0,,450.0,,single_pack,CKNK,KRAZEE CHICKEN NUGGETS 400,400 Gms x 12 Pkts,400.0,12.0,1,1,1,1,1,63.4,59.6,64.2,63.8,1,confirmed_positive,1,positive,requires_business_review,rule_generated,needs_review
D0124,AL KABEER CHICKEN KRAZEE NUGGETS 400GM/BREADED CHICKEN FILLET 450GM,Chicken Nuggets-Frozen,No Variant,bundle,2,chicken,chicken,0,fillet|nuggets,1,0,unspecified,450.0,1.0,,450.0,,single_pack,CKNKDA,KRAZEE CHICKEN NUGGETS SPICY 750 GRM,750 GMS X 8 PKT,750.0,8.0,1,1,1,0,1,57.0,51.4,59.6,58.3,0,confirmed_negative,1,hard_negative_pack_size,requires_business_review,rule_generated,needs_review
D0124,AL KABEER CHICKEN KRAZEE NUGGETS 400GM/BREADED CHICKEN FILLET 450GM,Chicken Nuggets-Frozen,No Variant,bundle,2,chicken,chicken,0,fillet|nuggets,1,0,unspecified,450.0,1.0,,450.0,,single_pack,CFBF,BREADED FISH FILLET,330 Gms x 20 Pkts,330.0,20.0,0,1,1,0,1,43.5,47.6,47.3,45.4,0,confirmed_negative,1,hard_negative_protein,requires_business_review,rule_generated,needs_review
D0124,AL KABEER CHICKEN KRAZEE NUGGETS 400GM/BREADED CHICKEN FILLET 450GM,Chicken Nuggets-Frozen,No Variant,bundle,2,chicken,chicken,0,fillet|nuggets,1,0,unspecified,450.0,1.0,,450.0,,single_pack,CKBBA50,BREADED CHICKEN BURGERS 50GM CAT,1 Kgs x 5 Pkts,1000.0,5.0,1,0,1,0,1,47.1,56.5,55.0,51.1,0,confirmed_negative,1,hard_negative_type,requires_business_review,rule_generated,needs_review
D0124,AL KABEER CHICKEN KRAZEE NUGGETS 400GM/BREADED CHICKEN FILLET 450GM,Chicken Nuggets-Frozen,No Variant,bundle,2,chicken,chicken,0,fillet|nuggets,1,0,unspecified,450.0,1.0,,450.0,,single_pack,VVGP9,GREEN PEAS 900,900 gm x 10 Pkts,900.0,10.0,0,0,1,0,1,35.7,37.1,36.2,36.0,0,confirmed_negative,1,easy_negative,requires_business_review,rule_generated,needs_review
D0125,Al Kabeer Chicken Nuggets 750 gm,Chicken Nuggets-Frozen,No Variant,single_product,1,chicken,chicken,0,nuggets,0,0,unspecified,750.0,1.0,,750.0,,single_pack,CKNAD,CHICKEN NUGGETS 750 GMS,750 GMS X 8 PKT,750.0,8.0,1,1,1,1,1,69.5,64.4,74.5,72.0,1,confirmed_positive,1,positive,exact_single_sku,rule_generated,approved
D0125,Al Kabeer Chicken Nuggets 750 gm,Chicken Nuggets-Frozen,No Variant,single_product,1,chicken,chicken,0,nuggets,0,0,unspecified,750.0,1.0,,750.0,,single_pack,CKN,CHICKEN NUGGETS,270 Gms x 20 Pkts,270.0,20.0,1,1,1,0,1,73.1,63.5,63.8,68.5,0,confirmed_negative,1,hard_negative_pack_size,exact_single_sku,rule_generated,approved
D0125,Al Kabeer Chicken Nuggets 750 gm,Chicken Nuggets-Frozen,No Variant,single_product,1,chicken,chicken,0,nuggets,0,0,unspecified,750.0,1.0,,750.0,,single_pack,VSC,SWEET CORN 400,400 gm x 20 Pkts,400.0,20.0,0,1,1,0,1,41.9,38.1,41.0,41.5,0,confirmed_negative,1,hard_negative_protein,exact_single_sku,rule_generated,approved
D0125,Al Kabeer Chicken Nuggets 750 gm,Chicken Nuggets-Frozen,No Variant,single_product,1,chicken,chicken,0,nuggets,0,0,unspecified,750.0,1.0,,750.0,,single_pack,CKCSB,CHICKEN SEEKH KEBAB BULK,1 kg x 5,1000.0,5.0,1,0,1,0,1,54.1,39.6,55.1,54.6,0,confirmed_negative,1,hard_negative_type,exact_single_sku,rule_generated,approved
D0125,Al Kabeer Chicken Nuggets 750 gm,Chicken Nuggets-Frozen,No Variant,single_product,1,chicken,chicken,0,nuggets,0,0,unspecified,750.0,1.0,,750.0,,single_pack,CBBUR,BEEF BURGERS 56 g.,840 g. x 9,840.0,,0,0,1,0,1,38.8,36.9,36.7,37.8,0,confirmed_negative,1,easy_negative,exact_single_sku,rule_generated,approved
D0126,Al Kabeer Krazee Nuggets 800 gm,Chicken Nuggets-Frozen,No Variant,single_product,1,chicken,chicken,0,nuggets,0,0,unspecified,800.0,1.0,,800.0,,single_pack,CKNKDA,KRAZEE CHICKEN NUGGETS SPICY 750 GRM,750 GMS X 8 PKT,750.0,8.0,1,1,1,1,1,58.7,50.3,72.1,65.4,-1,unresolved,0,unresolved_near_tie,no_exact_master_sku,rule_generated,needs_review
D0126,Al Kabeer Krazee Nuggets 800 gm,Chicken Nuggets-Frozen,No Variant,single_product,1,chicken,chicken,0,nuggets,0,0,unspecified,800.0,1.0,,800.0,,single_pack,CKNKDAP,Krazee Chicken Nuggets +33% Free,(750 g. + 250 g.) x 8,750.0,,1,1,1,1,1,56.7,48.2,72.1,64.4,-1,unresolved,0,unresolved_near_tie,no_exact_master_sku,rule_generated,needs_review
D0126,Al Kabeer Krazee Nuggets 800 gm,Chicken Nuggets-Frozen,No Variant,single_product,1,chicken,chicken,0,nuggets,0,0,unspecified,800.0,1.0,,800.0,,single_pack,CKNK,KRAZEE CHICKEN NUGGETS 400,400 Gms x 12 Pkts,400.0,12.0,1,1,1,0,1,67.2,57.6,72.1,69.7,0,confirmed_negative,1,hard_negative_pack_size,no_exact_master_sku,rule_generated,needs_review
D0126,Al Kabeer Krazee Nuggets 800 gm,Chicken Nuggets-Frozen,No Variant,single_product,1,chicken,chicken,0,nuggets,0,0,unspecified,800.0,1.0,,800.0,,single_pack,VSC,SWEET CORN 400,400 gm x 20 Pkts,400.0,20.0,0,1,1,0,1,42.3,40.4,44.7,43.5,0,confirmed_negative,1,hard_negative_protein,no_exact_master_sku,rule_generated,needs_review
D0126,Al Kabeer Krazee Nuggets 800 gm,Chicken Nuggets-Frozen,No Variant,single_product,1,chicken,chicken,0,nuggets,0,0,unspecified,800.0,1.0,,800.0,,single_pack,CKCS,8 CHICKEN SEEKH KEBAB,320 Gms x 24 Pkts,320.0,24.0,1,0,1,0,1,47.8,40.7,53.0,50.4,0,confirmed_negative,1,hard_negative_type,no_exact_master_sku,rule_generated,needs_review
D0126,Al Kabeer Krazee Nuggets 800 gm,Chicken Nuggets-Frozen,No Variant,single_product,1,chicken,chicken,0,nuggets,0,0,unspecified,800.0,1.0,,800.0,,single_pack,CFZFB,ZING FISH FILLETS MILD SPICY,750 g. x 8,750.0,,0,0,1,1,1,27.9,29.5,31.3,29.6,0,confirmed_negative,1,easy_negative,no_exact_master_sku,rule_generated,needs_review
D0127,Al Kabeer Zing Chicken Nuggets Spicy 270gm,Chicken Nuggets-Frozen,Spicy,single_product,1,chicken,chicken,0,nuggets,0,0,spicy,270.0,1.0,,270.0,,single_pack,CKN,CHICKEN NUGGETS,270 Gms x 20 Pkts,270.0,20.0,1,1,1,1,1,66.7,60.0,61.0,63.8,-1,unresolved,0,unresolved_near_tie,no_exact_master_sku,rule_generated,needs_review
D0127,Al Kabeer Zing Chicken Nuggets Spicy 270gm,Chicken Nuggets-Frozen,Spicy,single_product,1,chicken,chicken,0,nuggets,0,0,spicy,270.0,1.0,,270.0,,single_pack,CKZN,ZING CHICKEN NUGGETS REGULAR,270 Gms x 20 Pkts,270.0,20.0,1,1,1,1,1,61.6,58.9,65.3,63.5,-1,unresolved,0,unresolved_near_tie,no_exact_master_sku,rule_generated,needs_review
D0127,Al Kabeer Zing Chicken Nuggets Spicy 270gm,Chicken Nuggets-Frozen,Spicy,single_product,1,chicken,chicken,0,nuggets,0,0,spicy,270.0,1.0,,270.0,,single_pack,CKZFACKNP,Zing Chicken Fillets Spicy + Free Chicken Nuggets,1kg+750 g. x 3,1000.0,,1,1,1,0,1,59.5,49.7,76.5,68.0,0,confirmed_negative,1,hard_negative_pack_size,no_exact_master_sku,rule_generated,needs_review
D0127,Al Kabeer Zing Chicken Nuggets Spicy 270gm,Chicken Nuggets-Frozen,Spicy,single_product,1,chicken,chicken,0,nuggets,0,0,spicy,270.0,1.0,,270.0,,single_pack,VECC,CORN ON THE COB,1 kg x 12 Pkts,1000.0,12.0,0,1,1,0,1,38.0,33.1,39.1,38.5,0,confirmed_negative,1,hard_negative_protein,no_exact_master_sku,rule_generated,needs_review
D0127,Al Kabeer Zing Chicken Nuggets Spicy 270gm,Chicken Nuggets-Frozen,Spicy,single_product,1,chicken,chicken,0,nuggets,0,0,spicy,270.0,1.0,,270.0,,single_pack,CKZFDA,ZING CHICKEN FILLETS SPICY 750 GRM,750 GMS X 8 PKT,750.0,8.0,1,0,1,0,1,60.3,57.7,60.0,60.1,0,confirmed_negative,1,hard_negative_type,no_exact_master_sku,rule_generated,needs_review
D0127,Al Kabeer Zing Chicken Nuggets Spicy 270gm,Chicken Nuggets-Frozen,Spicy,single_product,1,chicken,chicken,0,nuggets,0,0,spicy,270.0,1.0,,270.0,,single_pack,CKZSCKNP,Zing Strips Non Spicy + Free Chicken Nuggets Combo Pack,(750 g.+750 g.) x 4,750.0,,1,1,0,0,1,54.7,45.8,76.5,65.6,0,confirmed_negative,1,hard_negative_variant,no_exact_master_sku,rule_generated,needs_review
D0127,Al Kabeer Zing Chicken Nuggets Spicy 270gm,Chicken Nuggets-Frozen,Spicy,single_product,1,chicken,chicken,0,nuggets,0,0,spicy,270.0,1.0,,270.0,,single_pack,CBBOT,TAYEBAT BEEF BURGERS ONION BULK,1 Kgs x 9 Pkts,1000.0,9.0,0,0,1,0,1,36.2,38.9,32.6,34.4,0,confirmed_negative,1,easy_negative,no_exact_master_sku,rule_generated,needs_review
D0129,ALKABEER CHICKEN NUGGETS 750 GM,Chicken Nuggets-Frozen,Spicy,single_product,1,chicken,chicken,0,nuggets,0,0,spicy,750.0,1.0,,750.0,,single_pack,CKNKDA,KRAZEE CHICKEN NUGGETS SPICY 750 GRM,750 GMS X 8 PKT,750.0,8.0,1,1,1,1,1,60.4,65.8,80.6,70.5,-1,unresolved,0,unresolved_near_tie,no_exact_master_sku,rule_generated,needs_review
D0129,ALKABEER CHICKEN NUGGETS 750 GM,Chicken Nuggets-Frozen,Spicy,single_product,1,chicken,chicken,0,nuggets,0,0,spicy,750.0,1.0,,750.0,,single_pack,CKNAD,CHICKEN NUGGETS 750 GMS,750 GMS X 8 PKT,750.0,8.0,1,1,1,1,1,68.3,66.7,69.3,68.8,-1,unresolved,0,unresolved_near_tie,no_exact_master_sku,rule_generated,needs_review
D0129,ALKABEER CHICKEN NUGGETS 750 GM,Chicken Nuggets-Frozen,Spicy,single_product,1,chicken,chicken,0,nuggets,0,0,spicy,750.0,1.0,,750.0,,single_pack,CKNHSA,CHICKEN NUGGETS HOT & SPICY BULK,1 Kgs x 5 Pkts,1000.0,5.0,1,1,1,0,1,64.3,57.1,72.4,68.3,0,confirmed_negative,1,hard_negative_pack_size,no_exact_master_sku,rule_generated,needs_review
D0129,ALKABEER CHICKEN NUGGETS 750 GM,Chicken Nuggets-Frozen,Spicy,single_product,1,chicken,chicken,0,nuggets,0,0,spicy,750.0,1.0,,750.0,,single_pack,VSC10,SWEET CORN BULK,1 kg x 10 Pkts,1000.0,10.0,0,1,1,0,1,40.0,34.5,38.6,39.3,0,confirmed_negative,1,hard_negative_protein,no_exact_master_sku,rule_generated,needs_review
D0129,ALKABEER CHICKEN NUGGETS 750 GM,Chicken Nuggets-Frozen,Spicy,single_product,1,chicken,chicken,0,nuggets,0,0,spicy,750.0,1.0,,750.0,,single_pack,CKBCFHDA,BREADED CHICKEN FILLET SPICY 750 GMS,750 GMS X 8 PKT,750.0,8.0,1,0,1,1,1,53.7,52.3,63.0,58.3,0,confirmed_negative,1,hard_negative_type,no_exact_master_sku,rule_generated,needs_review
D0129,ALKABEER CHICKEN NUGGETS 750 GM,Chicken Nuggets-Frozen,Spicy,single_product,1,chicken,chicken,0,nuggets,0,0,spicy,750.0,1.0,,750.0,,single_pack,CKNTMP,Tempura Chicken Nuggets Non Spicy,750 GMS X 8 PKT,750.0,8.0,1,1,0,1,1,57.3,61.5,72.4,64.9,0,confirmed_negative,1,hard_negative_variant,no_exact_master_sku,rule_generated,needs_review
D0129,ALKABEER CHICKEN NUGGETS 750 GM,Chicken Nuggets-Frozen,Spicy,single_product,1,chicken,chicken,0,nuggets,0,0,spicy,750.0,1.0,,750.0,,single_pack,CFSA,FISH STICKS BULK,1 Kgs x 5 Pkts,1000.0,5.0,0,0,1,0,1,39.3,37.6,43.9,41.6,0,confirmed_negative,1,easy_negative,no_exact_master_sku,rule_generated,needs_review
D0132,Al Kabeer Zing Chicken Nuggets/Popcorn (270 gm),Chicken Popcorn-Frozen,No Variant,bundle,2,chicken,chicken,0,nuggets|popcorn,1,0,unspecified,270.0,1.0,,270.0,,single_pack,CKTN,TANDOORI CHICKEN NUGGETS 270,270 Gms x 20 Pkts,270.0,20.0,1,1,1,1,1,59.3,48.3,55.8,57.5,1,confirmed_positive,1,positive,requires_business_review,rule_generated,needs_review
D0132,Al Kabeer Zing Chicken Nuggets/Popcorn (270 gm),Chicken Popcorn-Frozen,No Variant,bundle,2,chicken,chicken,0,nuggets|popcorn,1,0,unspecified,270.0,1.0,,270.0,,single_pack,CKPC,CHICKEN POP-CORN,400 Gms x 12 Pkts,400.0,12.0,1,1,1,0,1,60.9,49.3,62.9,61.9,0,confirmed_negative,1,hard_negative_pack_size,requires_business_review,rule_generated,needs_review
D0132,Al Kabeer Zing Chicken Nuggets/Popcorn (270 gm),Chicken Popcorn-Frozen,No Variant,bundle,2,chicken,chicken,0,nuggets|popcorn,1,0,unspecified,270.0,1.0,,270.0,,single_pack,CSL,PRAWNS LARGE 400,400 Gms x 20 Pkts,400.0,20.0,0,1,1,0,1,37.5,32.8,41.1,39.3,0,confirmed_negative,1,hard_negative_protein,requires_business_review,rule_generated,needs_review
D0132,Al Kabeer Zing Chicken Nuggets/Popcorn (270 gm),Chicken Popcorn-Frozen,No Variant,bundle,2,chicken,chicken,0,nuggets|popcorn,1,0,unspecified,270.0,1.0,,270.0,,single_pack,CKSR,8 CHICKEN SPRING ROLLS,280 Gms x 20 Pkts,280.0,20.0,1,0,1,1,1,56.9,43.8,51.4,54.2,0,confirmed_negative,1,hard_negative_type,requires_business_review,rule_generated,needs_review
D0132,Al Kabeer Zing Chicken Nuggets/Popcorn (270 gm),Chicken Popcorn-Frozen,No Variant,bundle,2,chicken,chicken,0,nuggets|popcorn,1,0,unspecified,270.0,1.0,,270.0,,single_pack,MC40,MUTTON CUBES,2 lbs x 20 Pkts,907.184,20.0,0,0,1,0,1,37.9,32.8,37.6,37.8,0,confirmed_negative,1,easy_negative,requires_business_review,rule_generated,needs_review
D0133,Al Kabeer Popcorn Chicken 2 x 400 gm ,Chicken Popcorn-Frozen,No Variant,single_product,1,chicken,chicken,0,popcorn,0,0,unspecified,400.0,2.0,,800.0,,multipack,CKPC,CHICKEN POP-CORN,400 Gms x 12 Pkts,400.0,12.0,1,1,1,1,1,66.1,56.2,60.5,63.3,1,confirmed_positive,1,positive,exact_single_sku,rule_generated,approved
D0133,Al Kabeer Popcorn Chicken 2 x 400 gm ,Chicken Popcorn-Frozen,No Variant,single_product,1,chicken,chicken,0,popcorn,0,0,unspecified,400.0,2.0,,800.0,,multipack,CKPCDA,CHICKEN POP-CORN 750 GMS,750 GMS X 8 PKT,750.0,8.0,1,1,1,1,0,62.4,50.7,62.7,62.5,0,confirmed_negative,1,hard_negative_pack_size,exact_single_sku,rule_generated,approved
D0133,Al Kabeer Popcorn Chicken 2 x 400 gm ,Chicken Popcorn-Frozen,No Variant,single_product,1,chicken,chicken,0,popcorn,0,0,unspecified,400.0,2.0,,800.0,,multipack,VSC,SWEET CORN 400,400 gm x 20 Pkts,400.0,20.0,0,1,1,1,1,45.9,41.8,51.2,48.5,0,confirmed_negative,1,hard_negative_protein,exact_single_sku,rule_generated,approved
D0133,Al Kabeer Popcorn Chicken 2 x 400 gm ,Chicken Popcorn-Frozen,No Variant,single_product,1,chicken,chicken,0,popcorn,0,0,unspecified,400.0,2.0,,800.0,,multipack,CCF,CHICKEN FRIES,12 PKTS X 400 GRM,400.0,12.0,1,0,1,1,1,62.8,50.8,67.5,65.1,0,confirmed_negative,1,hard_negative_type,exact_single_sku,rule_generated,approved
D0133,Al Kabeer Popcorn Chicken 2 x 400 gm ,Chicken Popcorn-Frozen,No Variant,single_product,1,chicken,chicken,0,popcorn,0,0,unspecified,400.0,2.0,,800.0,,multipack,FSFT,TABARRUK SUTCHI FISH FILLET,2kg X 5pkts,2000.0,,0,0,1,0,1,31.7,29.9,31.5,31.6,0,confirmed_negative,1,easy_negative,exact_single_sku,rule_generated,approved
D0134,Al Kabeer Chicken Popcorn 400g,Chicken Popcorn-Frozen,No Variant,single_product,1,chicken,chicken,0,popcorn,0,0,unspecified,400.0,1.0,,400.0,,single_pack,CKPC,CHICKEN POP-CORN,400 Gms x 12 Pkts,400.0,12.0,1,1,1,1,1,62.8,52.9,50.0,56.4,1,confirmed_positive,1,positive,exact_single_sku,rule_generated,approved
D0134,Al Kabeer Chicken Popcorn 400g,Chicken Popcorn-Frozen,No Variant,single_product,1,chicken,chicken,0,popcorn,0,0,unspecified,400.0,1.0,,400.0,,single_pack,CKPCDA,CHICKEN POP-CORN 750 GMS,750 GMS X 8 PKT,750.0,8.0,1,1,1,0,1,59.3,50.4,54.5,56.9,0,confirmed_negative,1,hard_negative_pack_size,exact_single_sku,rule_generated,approved
D0134,Al Kabeer Chicken Popcorn 400g,Chicken Popcorn-Frozen,No Variant,single_product,1,chicken,chicken,0,popcorn,0,0,unspecified,400.0,1.0,,400.0,,single_pack,VSC,SWEET CORN 400,400 gm x 20 Pkts,400.0,20.0,0,1,1,1,1,35.0,36.9,36.8,35.9,0,confirmed_negative,1,hard_negative_protein,exact_single_sku,rule_generated,approved
D0134,Al Kabeer Chicken Popcorn 400g,Chicken Popcorn-Frozen,No Variant,single_product,1,chicken,chicken,0,popcorn,0,0,unspecified,400.0,1.0,,400.0,,single_pack,CCF,CHICKEN FRIES,12 PKTS X 400 GRM,400.0,12.0,1,0,1,1,1,59.1,47.0,59.7,59.4,0,confirmed_negative,1,hard_negative_type,exact_single_sku,rule_generated,approved
D0134,Al Kabeer Chicken Popcorn 400g,Chicken Popcorn-Frozen,No Variant,single_product,1,chicken,chicken,0,popcorn,0,0,unspecified,400.0,1.0,,400.0,,single_pack,CFZFB,ZING FISH FILLETS MILD SPICY,750 g. x 8,750.0,,0,0,1,0,1,26.4,26.4,27.0,26.7,0,confirmed_negative,1,easy_negative,exact_single_sku,rule_generated,approved
D0135,AL KABEER CHICKEN POPCORN 750GM,Chicken Popcorn-Frozen,No Variant,single_product,1,chicken,chicken,0,popcorn,0,0,unspecified,750.0,1.0,,750.0,,single_pack,CKPCDA,CHICKEN POP-CORN 750 GMS,750 GMS X 8 PKT,750.0,8.0,1,1,1,1,1,60.3,54.4,61.5,60.9,1,confirmed_positive,1,positive,exact_single_sku,rule_generated,approved
D0135,AL KABEER CHICKEN POPCORN 750GM,Chicken Popcorn-Frozen,No Variant,single_product,1,chicken,chicken,0,popcorn,0,0,unspecified,750.0,1.0,,750.0,,single_pack,CKPC,CHICKEN POP-CORN,400 Gms x 12 Pkts,400.0,12.0,1,1,1,0,1,62.3,52.5,51.9,57.1,0,confirmed_negative,1,hard_negative_pack_size,exact_single_sku,rule_generated,approved
D0135,AL KABEER CHICKEN POPCORN 750GM,Chicken Popcorn-Frozen,No Variant,single_product,1,chicken,chicken,0,popcorn,0,0,unspecified,750.0,1.0,,750.0,,single_pack,CSJ,JUMBO PRAWNS,1 lb x 10 Pkts,453.592,10.0,0,1,1,0,1,31.7,27.7,35.4,33.6,0,confirmed_negative,1,hard_negative_protein,exact_single_sku,rule_generated,approved
D0135,AL KABEER CHICKEN POPCORN 750GM,Chicken Popcorn-Frozen,No Variant,single_product,1,chicken,chicken,0,popcorn,0,0,unspecified,750.0,1.0,,750.0,,single_pack,CCFA,CHICKEN FRIES BULK,1 kg x 5 Pkts,1000.0,5.0,1,0,1,0,1,55.7,44.3,56.4,56.1,0,confirmed_negative,1,hard_negative_type,exact_single_sku,rule_generated,approved
D0135,AL KABEER CHICKEN POPCORN 750GM,Chicken Popcorn-Frozen,No Variant,single_product,1,chicken,chicken,0,popcorn,0,0,unspecified,750.0,1.0,,750.0,,single_pack,VVGP9,GREEN PEAS 900,900 gm x 10 Pkts,900.0,10.0,0,0,1,0,1,32.7,30.8,31.2,31.9,0,confirmed_negative,1,easy_negative,exact_single_sku,rule_generated,approved
D0136,AL KABEER ZING CHICKEN STRIPS/POP CORN/FILLET 750 GM,Chicken Popcorn-Frozen,Zing,bundle,3,,chicken|veg,1,fillet|popcorn|strips,1,0,unspecified,750.0,1.0,,750.0,,single_pack,CKZFNS,ZING CHICKEN FILLET NON-SPICY,8 X 750 GMS,750.0,,1,1,1,1,1,62.3,51.7,61.0,61.6,1,confirmed_positive,1,positive,valid_multi_sku,rule_generated,approved
D0136,AL KABEER ZING CHICKEN STRIPS/POP CORN/FILLET 750 GM,Chicken Popcorn-Frozen,Zing,bundle,3,,chicken|veg,1,fillet|popcorn|strips,1,0,unspecified,750.0,1.0,,750.0,,single_pack,CKZSDA,ZING CHICKEN STRIPS SPICY 750 GRM,750 GMS X 8 PKT,750.0,8.0,1,1,1,1,1,61.7,53.1,60.7,61.2,1,confirmed_positive,1,positive,valid_multi_sku,rule_generated,approved
D0136,AL KABEER ZING CHICKEN STRIPS/POP CORN/FILLET 750 GM,Chicken Popcorn-Frozen,Zing,bundle,3,,chicken|veg,1,fillet|popcorn|strips,1,0,unspecified,750.0,1.0,,750.0,,single_pack,CKPCDA,CHICKEN POP-CORN 750 GMS,750 GMS X 8 PKT,750.0,8.0,1,1,1,1,1,56.8,49.4,56.1,56.4,1,confirmed_positive,1,positive,valid_multi_sku,rule_generated,approved
D0136,AL KABEER ZING CHICKEN STRIPS/POP CORN/FILLET 750 GM,Chicken Popcorn-Frozen,Zing,bundle,3,,chicken|veg,1,fillet|popcorn|strips,1,0,unspecified,750.0,1.0,,750.0,,single_pack,CKZS,ZING CHICKEN STRIPS,320 Gms x 20 Pkts,320.0,20.0,1,1,1,0,1,61.8,52.9,54.4,58.1,0,confirmed_negative,1,hard_negative_pack_size,valid_multi_sku,rule_generated,approved
D0136,AL KABEER ZING CHICKEN STRIPS/POP CORN/FILLET 750 GM,Chicken Popcorn-Frozen,Zing,bundle,3,,chicken|veg,1,fillet|popcorn|strips,1,0,unspecified,750.0,1.0,,750.0,,single_pack,CSPCAPR,AK PRO JUMBO PRAWN CRISPIES,10 X 1 KGS,1000.0,,0,1,1,0,1,41.8,36.6,46.3,44.1,0,confirmed_negative,1,hard_negative_protein,valid_multi_sku,rule_generated,approved
D0136,AL KABEER ZING CHICKEN STRIPS/POP CORN/FILLET 750 GM,Chicken Popcorn-Frozen,Zing,bundle,3,,chicken|veg,1,fillet|popcorn|strips,1,0,unspecified,750.0,1.0,,750.0,,single_pack,CKZNNS,ZING CHICKEN NUGGET NON-SPICY,8 X 750 GMS,750.0,,1,0,1,1,1,57.0,47.7,49.2,53.1,0,confirmed_negative,1,hard_negative_type,valid_multi_sku,rule_generated,approved
D0136,AL KABEER ZING CHICKEN STRIPS/POP CORN/FILLET 750 GM,Chicken Popcorn-Frozen,Zing,bundle,3,,chicken|veg,1,fillet|popcorn|strips,1,0,unspecified,750.0,1.0,,750.0,,single_pack,CKBCS,BEEF COCKTAIL SAUSAGES,400 Gms x 20 Pkts,400.0,20.0,0,0,1,0,1,36.1,33.3,35.2,35.6,0,confirmed_negative,1,easy_negative,valid_multi_sku,rule_generated,approved
D0137,Al Kabeer Chicken And Cheese Rings 300gm,Chicken Rings,No Variant,single_product,1,chicken,chicken,0,,0,1,unspecified,300.0,1.0,,300.0,,single_pack,CKCCR,CHICKEN ‘N’ CHEESE RINGS 300,300 gms x 12 pkts,300.0,12.0,1,1,1,1,1,58.8,52.3,66.7,62.7,1,confirmed_positive,1,positive,exact_single_sku,rule_generated,approved
D0137,Al Kabeer Chicken And Cheese Rings 300gm,Chicken Rings,No Variant,single_product,1,chicken,chicken,0,,0,1,unspecified,300.0,1.0,,300.0,,single_pack,CKCCN,CHICKEN  N CHEESE NUGGETS,400 Gms x 12 Pkts,400.0,12.0,1,1,1,0,1,53.1,52.3,56.2,54.7,0,confirmed_negative,1,hard_negative_pack_size,exact_single_sku,rule_generated,approved
D0137,Al Kabeer Chicken And Cheese Rings 300gm,Chicken Rings,No Variant,single_product,1,chicken,chicken,0,,0,1,unspecified,300.0,1.0,,300.0,,single_pack,CTBK,TURKISH BEEF KEBABS 360,360GM X 20 PKT,360.0,20.0,0,1,1,0,1,44.6,38.0,43.7,44.2,0,confirmed_negative,1,hard_negative_protein,exact_single_sku,rule_generated,approved
D0139,Al Kabeer ZingChckn Strp/Flt NoSpicy750+250 gm,Chicken Strips-Frozen,No Variant,single_product,1,chicken,chicken,0,strips,0,0,spicy,250.0,1.0,,250.0,,single_pack,CKZSSR,ZING CHICKEN STRIPS SRIRACHA,700 GM X 8 PKT,700.0,8.0,1,1,1,1,1,57.6,50.4,60.7,59.1,1,confirmed_positive,1,positive,exact_single_sku,rule_generated,approved
D0139,Al Kabeer ZingChckn Strp/Flt NoSpicy750+250 gm,Chicken Strips-Frozen,No Variant,single_product,1,chicken,chicken,0,strips,0,0,spicy,250.0,1.0,,250.0,,single_pack,CKZS,ZING CHICKEN STRIPS,320 Gms x 20 Pkts,320.0,20.0,1,1,1,0,1,54.8,54.8,59.6,57.2,0,confirmed_negative,1,hard_negative_pack_size,exact_single_sku,rule_generated,approved
D0139,Al Kabeer ZingChckn Strp/Flt NoSpicy750+250 gm,Chicken Strips-Frozen,No Variant,single_product,1,chicken,chicken,0,strips,0,0,spicy,250.0,1.0,,250.0,,single_pack,CZSB,Zing Shrimps,750 gm x 8 Pkts,750.0,8.0,0,1,1,1,1,43.1,39.7,45.0,44.1,0,confirmed_negative,1,hard_negative_protein,exact_single_sku,rule_generated,approved
D0139,Al Kabeer ZingChckn Strp/Flt NoSpicy750+250 gm,Chicken Strips-Frozen,No Variant,single_product,1,chicken,chicken,0,strips,0,0,spicy,250.0,1.0,,250.0,,single_pack,CKTCB,TENDER CHICKEN BREAST TRAY PACK,450 GMS X 10 PKTS,450.0,10.0,1,0,1,0,1,44.6,42.0,52.3,48.4,0,confirmed_negative,1,hard_negative_type,exact_single_sku,rule_generated,approved
D0139,Al Kabeer ZingChckn Strp/Flt NoSpicy750+250 gm,Chicken Strips-Frozen,No Variant,single_product,1,chicken,chicken,0,strips,0,0,spicy,250.0,1.0,,250.0,,single_pack,CKZSNS,ZING CHICKEN STRIPS NON-SPICY,8 X 750 GMS,750.0,,1,1,0,1,1,56.5,56.5,61.3,58.9,0,confirmed_negative,1,hard_negative_variant,exact_single_sku,rule_generated,approved
D0139,Al Kabeer ZingChckn Strp/Flt NoSpicy750+250 gm,Chicken Strips-Frozen,No Variant,single_product,1,chicken,chicken,0,strips,0,0,spicy,250.0,1.0,,250.0,,single_pack,VVGP9,GREEN PEAS 900,900 gm x 10 Pkts,900.0,10.0,0,0,1,1,1,33.9,32.2,33.6,33.8,0,confirmed_negative,1,easy_negative,exact_single_sku,rule_generated,approved
D0140,Al Kabeer Zing Chicken Strips (750g/1Kg),Chicken Strips-Frozen,No Variant,single_product,1,chicken,chicken,0,strips,0,0,unspecified,1000.0,1.0,,1000.0,,single_pack,CKZSNS,ZING CHICKEN STRIPS NON-SPICY,8 X 750 GMS,750.0,,1,1,1,1,1,60.6,54.5,64.4,62.5,-1,unresolved,0,unresolved_near_tie,no_exact_master_sku,rule_generated,needs_review
D0140,Al Kabeer Zing Chicken Strips (750g/1Kg),Chicken Strips-Frozen,No Variant,single_product,1,chicken,chicken,0,strips,0,0,unspecified,1000.0,1.0,,1000.0,,single_pack,CKZSSR,ZING CHICKEN STRIPS SRIRACHA,700 GM X 8 PKT,700.0,8.0,1,1,1,1,1,58.6,54.1,64.4,61.5,-1,unresolved,0,unresolved_near_tie,no_exact_master_sku,rule_generated,needs_review
D0140,Al Kabeer Zing Chicken Strips (750g/1Kg),Chicken Strips-Frozen,No Variant,single_product,1,chicken,chicken,0,strips,0,0,unspecified,1000.0,1.0,,1000.0,,single_pack,CKZS,ZING CHICKEN STRIPS,320 Gms x 20 Pkts,320.0,20.0,1,1,1,0,1,66.1,61.0,64.4,65.3,0,confirmed_negative,1,hard_negative_pack_size,no_exact_master_sku,rule_generated,needs_review
D0140,Al Kabeer Zing Chicken Strips (750g/1Kg),Chicken Strips-Frozen,No Variant,single_product,1,chicken,chicken,0,strips,0,0,unspecified,1000.0,1.0,,1000.0,,single_pack,CZSB,Zing Shrimps,750 gm x 8 Pkts,750.0,8.0,0,1,1,1,1,43.6,40.0,42.2,42.9,0,confirmed_negative,1,hard_negative_protein,no_exact_master_sku,rule_generated,needs_review
D0140,Al Kabeer Zing Chicken Strips (750g/1Kg),Chicken Strips-Frozen,No Variant,single_product,1,chicken,chicken,0,strips,0,0,unspecified,1000.0,1.0,,1000.0,,single_pack,CKTCK,TURKISH CHICKEN KEBAB,360gms x 20 Pkts,360.0,20.0,1,0,1,0,1,58.3,45.0,53.0,55.7,0,confirmed_negative,1,hard_negative_type,no_exact_master_sku,rule_generated,needs_review
D0140,Al Kabeer Zing Chicken Strips (750g/1Kg),Chicken Strips-Frozen,No Variant,single_product,1,chicken,chicken,0,strips,0,0,unspecified,1000.0,1.0,,1000.0,,single_pack,CVSAA,VEGETABLE SAMOSAS BULK,1.2 Kgs x 4 Pkts,1200.0,4.0,0,0,1,0,1,27.6,30.9,28.9,28.3,0,confirmed_negative,1,easy_negative,no_exact_master_sku,rule_generated,needs_review
D0141,Al Kabeer Zing chicken Strips 1000gm,Chicken Strips-Frozen,No Variant,single_product,1,chicken,chicken,0,strips,0,0,unspecified,1000.0,1.0,,1000.0,,single_pack,CKZSNSAPR,AK PRO Zing Chicken Strips Non Spicy 1 kg x 10,1kg X 10pkts,1000.0,,1,1,1,1,1,54.0,51.5,69.1,61.5,-1,unresolved,0,unresolved_near_tie,no_exact_master_sku,rule_generated,needs_review
D0141,Al Kabeer Zing chicken Strips 1000gm,Chicken Strips-Frozen,No Variant,single_product,1,chicken,chicken,0,strips,0,0,unspecified,1000.0,1.0,,1000.0,,single_pack,CKPSAPR,AK PRO Plain Chicken Strips 30 g. 1 kg x 10,1 kg x 10,1000.0,10.0,1,1,1,1,1,54.5,50.6,62.7,58.6,-1,unresolved,0,unresolved_near_tie,no_exact_master_sku,rule_generated,needs_review
D0141,Al Kabeer Zing chicken Strips 1000gm,Chicken Strips-Frozen,No Variant,single_product,1,chicken,chicken,0,strips,0,0,unspecified,1000.0,1.0,,1000.0,,single_pack,CKZS,ZING CHICKEN STRIPS,320 Gms x 20 Pkts,320.0,20.0,1,1,1,0,1,68.4,63.2,69.1,68.8,0,confirmed_negative,1,hard_negative_pack_size,no_exact_master_sku,rule_generated,needs_review
D0141,Al Kabeer Zing chicken Strips 1000gm,Chicken Strips-Frozen,No Variant,single_product,1,chicken,chicken,0,strips,0,0,unspecified,1000.0,1.0,,1000.0,,single_pack,CZSB,Zing Shrimps,750 gm x 8 Pkts,750.0,8.0,0,1,1,0,1,45.3,41.5,44.2,44.7,0,confirmed_negative,1,hard_negative_protein,no_exact_master_sku,rule_generated,needs_review
D0141,Al Kabeer Zing chicken Strips 1000gm,Chicken Strips-Frozen,No Variant,single_product,1,chicken,chicken,0,strips,0,0,unspecified,1000.0,1.0,,1000.0,,single_pack,CKTCK,TURKISH CHICKEN KEBAB,360gms x 20 Pkts,360.0,20.0,1,0,1,0,1,60.3,46.6,55.7,58.0,0,confirmed_negative,1,hard_negative_type,no_exact_master_sku,rule_generated,needs_review
D0141,Al Kabeer Zing chicken Strips 1000gm,Chicken Strips-Frozen,No Variant,single_product,1,chicken,chicken,0,strips,0,0,unspecified,1000.0,1.0,,1000.0,,single_pack,CTBK,TURKISH BEEF KEBABS 360,360GM X 20 PKT,360.0,20.0,0,0,1,0,1,45.8,35.6,45.8,45.8,0,confirmed_negative,1,easy_negative,no_exact_master_sku,rule_generated,needs_review
D0142,Al Kabeer Chicken Fillets 330gm x 2 / Strips 320gm x 2 / Breaded Chicken Fillet/Nuggets 750gm,Chicken Strips-Frozen,No Variant,bundle,3,chicken,chicken,0,fillet|nuggets|strips,1,0,unspecified,320.0,2.0,,640.0,,multipack,CKBCFHDA,BREADED CHICKEN FILLET SPICY 750 GMS,750 GMS X 8 PKT,750.0,8.0,1,1,1,1,1,57.8,57.8,65.2,61.5,1,confirmed_positive,1,positive,requires_business_review,rule_generated,needs_review
D0142,Al Kabeer Chicken Fillets 330gm x 2 / Strips 320gm x 2 / Breaded Chicken Fillet/Nuggets 750gm,Chicken Strips-Frozen,No Variant,bundle,3,chicken,chicken,0,fillet|nuggets|strips,1,0,unspecified,320.0,2.0,,640.0,,multipack,CKBCFS,BREADED CHICKEN FILLETS BULK,1 Kgs x 5 Pkts,1000.0,5.0,1,1,1,0,1,58.8,58.8,69.4,64.1,0,confirmed_negative,1,hard_negative_pack_size,requires_business_review,rule_generated,needs_review
D0142,Al Kabeer Chicken Fillets 330gm x 2 / Strips 320gm x 2 / Breaded Chicken Fillet/Nuggets 750gm,Chicken Strips-Frozen,No Variant,bundle,3,chicken,chicken,0,fillet|nuggets|strips,1,0,unspecified,320.0,2.0,,640.0,,multipack,CFBFA,BREADED FISH FILLET BULK,1 Kgs x 5 Pkts,1000.0,5.0,0,1,1,0,1,48.0,46.9,55.4,51.7,0,confirmed_negative,1,hard_negative_protein,requires_business_review,rule_generated,needs_review
D0142,Al Kabeer Chicken Fillets 330gm x 2 / Strips 320gm x 2 / Breaded Chicken Fillet/Nuggets 750gm,Chicken Strips-Frozen,No Variant,bundle,3,chicken,chicken,0,fillet|nuggets|strips,1,0,unspecified,320.0,2.0,,640.0,,multipack,CKCCSA,CHICKEN & CHEESE STICKS BULK,1 Kgs x 5 Pkts,1000.0,5.0,1,0,1,0,1,55.1,42.9,50.7,52.9,0,confirmed_negative,1,hard_negative_type,requires_business_review,rule_generated,needs_review
D0142,Al Kabeer Chicken Fillets 330gm x 2 / Strips 320gm x 2 / Breaded Chicken Fillet/Nuggets 750gm,Chicken Strips-Frozen,No Variant,bundle,3,chicken,chicken,0,fillet|nuggets|strips,1,0,unspecified,320.0,2.0,,640.0,,multipack,CKBS,8 BEEF SEEKH KEBAB,320 Gms x 24 Pkts,320.0,24.0,0,0,1,1,1,33.3,33.3,35.0,34.2,0,confirmed_negative,1,easy_negative,requires_business_review,rule_generated,needs_review
D0143,Al Kabeer Zing Chicken Strips 320gm,Chicken Strips-Frozen,No Variant,single_product,1,chicken,chicken,0,strips,0,0,unspecified,320.0,1.0,,320.0,,single_pack,CKZS,ZING CHICKEN STRIPS,320 Gms x 20 Pkts,320.0,20.0,1,1,1,1,1,70.8,63.7,70.4,70.6,1,confirmed_positive,1,positive,exact_single_sku,rule_generated,approved
D0143,Al Kabeer Zing Chicken Strips 320gm,Chicken Strips-Frozen,No Variant,single_product,1,chicken,chicken,0,strips,0,0,unspecified,320.0,1.0,,320.0,,single_pack,CKZSSR,ZING CHICKEN STRIPS SRIRACHA,700 GM X 8 PKT,700.0,8.0,1,1,1,0,1,60.9,56.2,70.4,65.7,0,confirmed_negative,1,hard_negative_pack_size,exact_single_sku,rule_generated,approved
D0143,Al Kabeer Zing Chicken Strips 320gm,Chicken Strips-Frozen,No Variant,single_product,1,chicken,chicken,0,strips,0,0,unspecified,320.0,1.0,,320.0,,single_pack,CZSB,Zing Shrimps,750 gm x 8 Pkts,750.0,8.0,0,1,1,0,1,45.7,41.9,44.7,45.2,0,confirmed_negative,1,hard_negative_protein,exact_single_sku,rule_generated,approved
D0143,Al Kabeer Zing Chicken Strips 320gm,Chicken Strips-Frozen,No Variant,single_product,1,chicken,chicken,0,strips,0,0,unspecified,320.0,1.0,,320.0,,single_pack,CKTCK,TURKISH CHICKEN KEBAB,360gms x 20 Pkts,360.0,20.0,1,0,1,0,1,62.6,47.0,59.0,60.8,0,confirmed_negative,1,hard_negative_type,exact_single_sku,rule_generated,approved
D0143,Al Kabeer Zing Chicken Strips 320gm,Chicken Strips-Frozen,No Variant,single_product,1,chicken,chicken,0,strips,0,0,unspecified,320.0,1.0,,320.0,,single_pack,CBBOT,TAYEBAT BEEF BURGERS ONION BULK,1 Kgs x 9 Pkts,1000.0,9.0,0,0,1,0,1,29.6,34.1,32.9,31.3,0,confirmed_negative,1,easy_negative,exact_single_sku,rule_generated,approved
D0144,Al Kabeer Chicken Fillet H&S/Strips/Nuggets 2X330Gm,Chicken Strips-Frozen,No Variant,bundle,3,chicken,chicken,0,fillet|nuggets|strips,1,0,unspecified,330.0,2.0,,660.0,,multipack,CKZS,ZING CHICKEN STRIPS,320 Gms x 20 Pkts,320.0,20.0,1,1,1,1,1,55.8,52.7,59.4,57.6,1,confirmed_positive,1,positive,requires_business_review,rule_generated,needs_review
D0144,Al Kabeer Chicken Fillet H&S/Strips/Nuggets 2X330Gm,Chicken Strips-Frozen,No Variant,bundle,3,chicken,chicken,0,fillet|nuggets|strips,1,0,unspecified,330.0,2.0,,660.0,,multipack,CKN,CHICKEN NUGGETS,270 Gms x 20 Pkts,270.0,20.0,1,1,1,0,1,57.4,49.2,55.1,56.2,0,confirmed_negative,1,hard_negative_pack_size,requires_business_review,rule_generated,needs_review
D0144,Al Kabeer Chicken Fillet H&S/Strips/Nuggets 2X330Gm,Chicken Strips-Frozen,No Variant,bundle,3,chicken,chicken,0,fillet|nuggets|strips,1,0,unspecified,330.0,2.0,,660.0,,multipack,CFBF,BREADED FISH FILLET,330 Gms x 20 Pkts,330.0,20.0,0,1,1,1,1,41.5,44.6,44.0,42.8,0,confirmed_negative,1,hard_negative_protein,requires_business_review,rule_generated,needs_review
D0144,Al Kabeer Chicken Fillet H&S/Strips/Nuggets 2X330Gm,Chicken Strips-Frozen,No Variant,bundle,3,chicken,chicken,0,fillet|nuggets|strips,1,0,unspecified,330.0,2.0,,660.0,,multipack,CKCCS,CHICKEN & CHEESE STICKS,250 Gms x 20 Pkts,250.0,20.0,1,0,1,0,1,49.0,44.9,47.8,48.4,0,confirmed_negative,1,hard_negative_type,requires_business_review,rule_generated,needs_review
D0144,Al Kabeer Chicken Fillet H&S/Strips/Nuggets 2X330Gm,Chicken Strips-Frozen,No Variant,bundle,3,chicken,chicken,0,fillet|nuggets|strips,1,0,unspecified,330.0,2.0,,660.0,,multipack,VVGPC9,Green Peas with Carrots 900,900 gm x 10 Pkts,900.0,10.0,0,0,1,0,1,32.2,34.9,30.8,31.5,0,confirmed_negative,1,easy_negative,requires_business_review,rule_generated,needs_review
D0145,Al Kabeer Chicken Fries 400 gm,Chicken Strips-Frozen,No Variant,single_product,1,chicken,chicken,0,fries_wedges|strips,1,0,unspecified,400.0,1.0,,400.0,,single_pack,CCF,CHICKEN FRIES,12 PKTS X 400 GRM,400.0,12.0,1,1,1,1,1,57.9,54.4,63.0,60.4,1,confirmed_positive,1,positive,exact_single_sku,rule_generated,approved
D0145,Al Kabeer Chicken Fries 400 gm,Chicken Strips-Frozen,No Variant,single_product,1,chicken,chicken,0,fries_wedges|strips,1,0,unspecified,400.0,1.0,,400.0,,single_pack,CKZS,ZING CHICKEN STRIPS,320 Gms x 20 Pkts,320.0,20.0,1,1,1,0,1,55.6,55.6,57.5,56.5,0,confirmed_negative,1,hard_negative_pack_size,exact_single_sku,rule_generated,approved
D0145,Al Kabeer Chicken Fries 400 gm,Chicken Strips-Frozen,No Variant,single_product,1,chicken,chicken,0,fries_wedges|strips,1,0,unspecified,400.0,1.0,,400.0,,single_pack,CFS,FISH FINGERS 300,300 Gms x 20 Pkts,300.0,20.0,0,1,1,0,1,42.9,41.1,48.2,45.5,0,confirmed_negative,1,hard_negative_protein,exact_single_sku,rule_generated,approved
D0145,Al Kabeer Chicken Fries 400 gm,Chicken Strips-Frozen,No Variant,single_product,1,chicken,chicken,0,fries_wedges|strips,1,0,unspecified,400.0,1.0,,400.0,,single_pack,CKNK,KRAZEE CHICKEN NUGGETS 400,400 Gms x 12 Pkts,400.0,12.0,1,0,1,1,1,55.3,53.7,59.5,57.4,0,confirmed_negative,1,hard_negative_type,exact_single_sku,rule_generated,approved
D0145,Al Kabeer Chicken Fries 400 gm,Chicken Strips-Frozen,No Variant,single_product,1,chicken,chicken,0,fries_wedges|strips,1,0,unspecified,400.0,1.0,,400.0,,single_pack,CBBO,4 BEEF BURGERS,200 Gms x 30 Pkt,200.0,30.0,0,0,1,0,1,38.8,40.8,40.0,39.4,0,confirmed_negative,1,easy_negative,exact_single_sku,rule_generated,approved
D0146,AL KABEER ZING CHICKEN STRIPS SMOKED BUFFALO/SPICY SRIRACHA FLAVOR 700GM,Chicken Strips-Frozen,No Variant,single_product,1,chicken,chicken,0,strips,0,0,spicy,700.0,1.0,,700.0,,single_pack,CKZSSR,ZING CHICKEN STRIPS SRIRACHA,700 GM X 8 PKT,700.0,8.0,1,1,1,1,1,59.4,57.0,70.9,65.1,1,confirmed_positive,1,positive,exact_single_sku,rule_generated,approved
D0146,AL KABEER ZING CHICKEN STRIPS SMOKED BUFFALO/SPICY SRIRACHA FLAVOR 700GM,Chicken Strips-Frozen,No Variant,single_product,1,chicken,chicken,0,strips,0,0,spicy,700.0,1.0,,700.0,,single_pack,CKZS,ZING CHICKEN STRIPS,320 Gms x 20 Pkts,320.0,20.0,1,1,1,0,1,58.7,53.3,61.3,60.0,0,confirmed_negative,1,hard_negative_pack_size,exact_single_sku,rule_generated,approved
D0146,AL KABEER ZING CHICKEN STRIPS SMOKED BUFFALO/SPICY SRIRACHA FLAVOR 700GM,Chicken Strips-Frozen,No Variant,single_product,1,chicken,chicken,0,strips,0,0,spicy,700.0,1.0,,700.0,,single_pack,CZSB,Zing Shrimps,750 gm x 8 Pkts,750.0,8.0,0,1,1,1,1,40.8,38.0,41.0,40.9,0,confirmed_negative,1,hard_negative_protein,exact_single_sku,rule_generated,approved
D0146,AL KABEER ZING CHICKEN STRIPS SMOKED BUFFALO/SPICY SRIRACHA FLAVOR 700GM,Chicken Strips-Frozen,No Variant,single_product,1,chicken,chicken,0,strips,0,0,spicy,700.0,1.0,,700.0,,single_pack,CKMCBA,TENDER CHICKEN BREAST SPICY FLAVOURED,2 KG X 6 PKT,2000.0,6.0,1,0,1,0,1,51.6,44.2,49.0,50.3,0,confirmed_negative,1,hard_negative_type,exact_single_sku,rule_generated,approved
D0146,AL KABEER ZING CHICKEN STRIPS SMOKED BUFFALO/SPICY SRIRACHA FLAVOR 700GM,Chicken Strips-Frozen,No Variant,single_product,1,chicken,chicken,0,strips,0,0,spicy,700.0,1.0,,700.0,,single_pack,CKZSNS,ZING CHICKEN STRIPS NON-SPICY,8 X 750 GMS,750.0,,1,1,0,1,1,54.9,57.3,59.0,56.9,0,confirmed_negative,1,hard_negative_variant,exact_single_sku,rule_generated,approved
D0146,AL KABEER ZING CHICKEN STRIPS SMOKED BUFFALO/SPICY SRIRACHA FLAVOR 700GM,Chicken Strips-Frozen,No Variant,single_product,1,chicken,chicken,0,strips,0,0,spicy,700.0,1.0,,700.0,,single_pack,CBBAGPR,AK PRO BEEF BURGER 24,1.392 kg x 6 Pkts,1392.0,6.0,0,0,1,0,1,32.3,33.5,31.4,31.8,0,confirmed_negative,1,easy_negative,exact_single_sku,rule_generated,approved
D0147,Al Kabeer Zing Chicken Strips 750 gm,Chicken Strips-Frozen,No Variant,single_product,1,chicken,chicken,0,strips,0,0,unspecified,750.0,1.0,,750.0,,single_pack,CKZSNS,ZING CHICKEN STRIPS NON-SPICY,8 X 750 GMS,750.0,,1,1,1,1,1,67.2,57.8,78.0,72.6,-1,unresolved,0,unresolved_near_tie,no_exact_master_sku,rule_generated,needs_review
D0147,Al Kabeer Zing Chicken Strips 750 gm,Chicken Strips-Frozen,No Variant,single_product,1,chicken,chicken,0,strips,0,0,unspecified,750.0,1.0,,750.0,,single_pack,CKZSDA,ZING CHICKEN STRIPS SPICY 750 GRM,750 GMS X 8 PKT,750.0,8.0,1,1,1,1,1,64.3,58.6,78.0,71.1,-1,unresolved,0,unresolved_near_tie,no_exact_master_sku,rule_generated,needs_review
D0147,Al Kabeer Zing Chicken Strips 750 gm,Chicken Strips-Frozen,No Variant,single_product,1,chicken,chicken,0,strips,0,0,unspecified,750.0,1.0,,750.0,,single_pack,CKZS,ZING CHICKEN STRIPS,320 Gms x 20 Pkts,320.0,20.0,1,1,1,0,1,73.7,64.9,69.1,71.4,0,confirmed_negative,1,hard_negative_pack_size,no_exact_master_sku,rule_generated,needs_review
D0147,Al Kabeer Zing Chicken Strips 750 gm,Chicken Strips-Frozen,No Variant,single_product,1,chicken,chicken,0,strips,0,0,unspecified,750.0,1.0,,750.0,,single_pack,CZSB,Zing Shrimps,750 gm x 8 Pkts,750.0,8.0,0,1,1,1,1,45.3,45.3,46.5,45.9,0,confirmed_negative,1,hard_negative_protein,no_exact_master_sku,rule_generated,needs_review
D0147,Al Kabeer Zing Chicken Strips 750 gm,Chicken Strips-Frozen,No Variant,single_product,1,chicken,chicken,0,strips,0,0,unspecified,750.0,1.0,,750.0,,single_pack,CKTCK,TURKISH CHICKEN KEBAB,360gms x 20 Pkts,360.0,20.0,1,0,1,0,1,60.3,46.6,55.7,58.0,0,confirmed_negative,1,hard_negative_type,no_exact_master_sku,rule_generated,needs_review
D0147,Al Kabeer Zing Chicken Strips 750 gm,Chicken Strips-Frozen,No Variant,single_product,1,chicken,chicken,0,strips,0,0,unspecified,750.0,1.0,,750.0,,single_pack,CBBOA,BEEF BURGERS BULK,2 Kgs x 5 Pkts,2000.0,5.0,0,0,1,0,1,37.0,35.2,38.9,38.0,0,confirmed_negative,1,easy_negative,no_exact_master_sku,rule_generated,needs_review
D0148,Al Kabeer Zing Chicken Strips Non Spicy/Chicken Fillet Spicy/ Chicken Popcorn 750gm + 33% Extra,Chicken Strips-Frozen,No Variant,bundle,3,chicken,chicken,0,fillet|popcorn|strips,1,0,non_spicy,750.0,1.0,33.0,783.0,,bonus_pack,CKZFNS,ZING CHICKEN FILLET NON-SPICY,8 X 750 GMS,750.0,,1,1,1,1,1,59.6,54.3,60.7,60.1,1,confirmed_positive,1,positive,requires_business_review,rule_generated,needs_review
D0148,Al Kabeer Zing Chicken Strips Non Spicy/Chicken Fillet Spicy/ Chicken Popcorn 750gm + 33% Extra,Chicken Strips-Frozen,No Variant,bundle,3,chicken,chicken,0,fillet|popcorn|strips,1,0,non_spicy,750.0,1.0,33.0,783.0,,bonus_pack,CKZSNS,ZING CHICKEN STRIPS NON-SPICY,8 X 750 GMS,750.0,,1,1,1,1,1,58.8,55.6,58.4,58.6,1,confirmed_positive,1,positive,requires_business_review,rule_generated,needs_review
D0148,Al Kabeer Zing Chicken Strips Non Spicy/Chicken Fillet Spicy/ Chicken Popcorn 750gm + 33% Extra,Chicken Strips-Frozen,No Variant,bundle,3,chicken,chicken,0,fillet|popcorn|strips,1,0,non_spicy,750.0,1.0,33.0,783.0,,bonus_pack,CKZSNSAPR,AK PRO Zing Chicken Strips Non Spicy 1 kg x 10,1kg X 10pkts,1000.0,,1,1,1,0,1,61.3,55.9,58.9,60.1,0,confirmed_negative,1,hard_negative_pack_size,requires_business_review,rule_generated,needs_review
D0148,Al Kabeer Zing Chicken Strips Non Spicy/Chicken Fillet Spicy/ Chicken Popcorn 750gm + 33% Extra,Chicken Strips-Frozen,No Variant,bundle,3,chicken,chicken,0,fillet|popcorn|strips,1,0,non_spicy,750.0,1.0,33.0,783.0,,bonus_pack,CFZFB,ZING FISH FILLETS MILD SPICY,750 g. x 8,750.0,,0,1,0,1,1,40.0,43.2,42.7,41.4,0,confirmed_negative,1,hard_negative_protein,requires_business_review,rule_generated,needs_review
D0148,Al Kabeer Zing Chicken Strips Non Spicy/Chicken Fillet Spicy/ Chicken Popcorn 750gm + 33% Extra,Chicken Strips-Frozen,No Variant,bundle,3,chicken,chicken,0,fillet|popcorn|strips,1,0,non_spicy,750.0,1.0,33.0,783.0,,bonus_pack,CKCCNS,CHICKEN & CHEESE STICKS HOT & SPICY,250 gm x 20 Pkts,250.0,20.0,1,0,0,0,1,56.1,46.7,52.0,54.0,0,confirmed_negative,1,hard_negative_type,requires_business_review,rule_generated,needs_review
D0148,Al Kabeer Zing Chicken Strips Non Spicy/Chicken Fillet Spicy/ Chicken Popcorn 750gm + 33% Extra,Chicken Strips-Frozen,No Variant,bundle,3,chicken,chicken,0,fillet|popcorn|strips,1,0,non_spicy,750.0,1.0,33.0,783.0,,bonus_pack,CKZSDA,ZING CHICKEN STRIPS SPICY 750 GRM,750 GMS X 8 PKT,750.0,8.0,1,1,0,1,1,60.3,54.3,54.7,57.5,0,confirmed_negative,1,hard_negative_variant,requires_business_review,rule_generated,needs_review
D0148,Al Kabeer Zing Chicken Strips Non Spicy/Chicken Fillet Spicy/ Chicken Popcorn 750gm + 33% Extra,Chicken Strips-Frozen,No Variant,bundle,3,chicken,chicken,0,fillet|popcorn|strips,1,0,non_spicy,750.0,1.0,33.0,783.0,,bonus_pack,CBK,BEEF KIBBEH 400,400 Gms x 12 Pkts,400.0,12.0,0,0,1,0,1,29.1,31.3,29.2,29.1,0,confirmed_negative,1,easy_negative,requires_business_review,rule_generated,needs_review
D0149,Al Kabeer Zing Chicken Strips/Fillet/Pop Corn (750+250) gm	,Chicken Strips-Frozen,Spicy,bundle,3,,chicken|veg,1,fillet|popcorn|strips,1,0,spicy,,,,,,unknown,CKZSDA,ZING CHICKEN STRIPS SPICY 750 GRM,750 GMS X 8 PKT,750.0,8.0,1,1,1,1,1,66.7,58.0,64.9,65.8,1,confirmed_positive,1,positive,requires_business_review,rule_generated,needs_review
D0149,Al Kabeer Zing Chicken Strips/Fillet/Pop Corn (750+250) gm	,Chicken Strips-Frozen,Spicy,bundle,3,,chicken|veg,1,fillet|popcorn|strips,1,0,spicy,,,,,,unknown,CKZS,ZING CHICKEN STRIPS,320 Gms x 20 Pkts,320.0,20.0,1,1,1,0,1,64.8,58.7,61.4,63.1,0,confirmed_negative,1,hard_negative_pack_size,requires_business_review,rule_generated,needs_review
D0149,Al Kabeer Zing Chicken Strips/Fillet/Pop Corn (750+250) gm	,Chicken Strips-Frozen,Spicy,bundle,3,,chicken|veg,1,fillet|popcorn|strips,1,0,spicy,,,,,,unknown,CSB,BREADED SHRIMPS 250,250 Gms x 20 Pkts,250.0,20.0,0,1,1,1,1,41.3,37.1,42.9,42.1,0,confirmed_negative,1,hard_negative_protein,requires_business_review,rule_generated,needs_review
D0149,Al Kabeer Zing Chicken Strips/Fillet/Pop Corn (750+250) gm	,Chicken Strips-Frozen,Spicy,bundle,3,,chicken|veg,1,fillet|popcorn|strips,1,0,spicy,,,,,,unknown,CKNKDA,KRAZEE CHICKEN NUGGETS SPICY 750 GRM,750 GMS X 8 PKT,750.0,8.0,1,0,1,1,1,51.4,46.6,55.6,53.5,0,confirmed_negative,1,hard_negative_type,requires_business_review,rule_generated,needs_review
D0149,Al Kabeer Zing Chicken Strips/Fillet/Pop Corn (750+250) gm	,Chicken Strips-Frozen,Spicy,bundle,3,,chicken|veg,1,fillet|popcorn|strips,1,0,spicy,,,,,,unknown,CKZSNS,ZING CHICKEN STRIPS NON-SPICY,8 X 750 GMS,750.0,,1,1,0,1,1,64.1,58.6,59.5,61.8,0,confirmed_negative,1,hard_negative_variant,requires_business_review,rule_generated,needs_review
D0149,Al Kabeer Zing Chicken Strips/Fillet/Pop Corn (750+250) gm	,Chicken Strips-Frozen,Spicy,bundle,3,,chicken|veg,1,fillet|popcorn|strips,1,0,spicy,,,,,,unknown,MC40,MUTTON CUBES,2 lbs x 20 Pkts,907.184,20.0,0,0,1,1,1,36.4,31.6,37.6,37.0,0,confirmed_negative,1,easy_negative,requires_business_review,rule_generated,needs_review
D0150,AL KABEER ZING CHICKEN STRIPS 1KG,Chicken Strips-Frozen,Spicy,single_product,1,chicken,chicken,0,strips,0,0,spicy,1000.0,1.0,,1000.0,,single_pack,CCKSB,CHICKEN STICKS BULK,1 Kgs x 5 Pkts,1000.0,5.0,1,1,1,1,1,61.3,50.0,52.9,57.1,1,confirmed_positive,1,positive,exact_single_sku,rule_generated,approved
D0150,AL KABEER ZING CHICKEN STRIPS 1KG,Chicken Strips-Frozen,Spicy,single_product,1,chicken,chicken,0,strips,0,0,spicy,1000.0,1.0,,1000.0,,single_pack,CKZSDA,ZING CHICKEN STRIPS SPICY 750 GRM,750 GMS X 8 PKT,750.0,8.0,1,1,1,0,1,61.5,58.7,78.1,69.8,0,confirmed_negative,1,hard_negative_pack_size,exact_single_sku,rule_generated,approved
D0150,AL KABEER ZING CHICKEN STRIPS 1KG,Chicken Strips-Frozen,Spicy,single_product,1,chicken,chicken,0,strips,0,0,spicy,1000.0,1.0,,1000.0,,single_pack,CZSB,Zing Shrimps,750 gm x 8 Pkts,750.0,8.0,0,1,1,0,1,44.0,44.0,44.9,44.5,0,confirmed_negative,1,hard_negative_protein,exact_single_sku,rule_generated,approved
D0150,AL KABEER ZING CHICKEN STRIPS 1KG,Chicken Strips-Frozen,Spicy,single_product,1,chicken,chicken,0,strips,0,0,spicy,1000.0,1.0,,1000.0,,single_pack,CKZFDA,ZING CHICKEN FILLETS SPICY 750 GRM,750 GMS X 8 PKT,750.0,8.0,1,0,1,0,1,50.7,49.3,63.2,56.9,0,confirmed_negative,1,hard_negative_type,exact_single_sku,rule_generated,approved
D0150,AL KABEER ZING CHICKEN STRIPS 1KG,Chicken Strips-Frozen,Spicy,single_product,1,chicken,chicken,0,strips,0,0,spicy,1000.0,1.0,,1000.0,,single_pack,CKZSNSAPR,AK PRO Zing Chicken Strips Non Spicy 1 kg x 10,1kg X 10pkts,1000.0,,1,1,0,1,1,59.0,57.8,78.1,68.6,0,confirmed_negative,1,hard_negative_variant,exact_single_sku,rule_generated,approved
D0150,AL KABEER ZING CHICKEN STRIPS 1KG,Chicken Strips-Frozen,Spicy,single_product,1,chicken,chicken,0,strips,0,0,spicy,1000.0,1.0,,1000.0,,single_pack,CBK,BEEF KIBBEH 400,400 Gms x 12 Pkts,400.0,12.0,0,0,1,0,1,32.5,29.3,33.3,32.9,0,confirmed_negative,1,easy_negative,exact_single_sku,rule_generated,approved
D0152,Al Kabeer Krazee Chicken Nuggets 400gm x 2/Zing Chicken Strips 320 gm x 2,Chicken Strips-Frozen,Spicy,bundle,2,chicken,chicken,0,nuggets|strips,1,0,spicy,320.0,2.0,,640.0,,multipack,CKNK,KRAZEE CHICKEN NUGGETS 400,400 Gms x 12 Pkts,400.0,12.0,1,1,1,1,1,65.1,61.6,67.6,66.4,1,confirmed_positive,1,positive,valid_multi_sku,rule_generated,approved
D0152,Al Kabeer Krazee Chicken Nuggets 400gm x 2/Zing Chicken Strips 320 gm x 2,Chicken Strips-Frozen,Spicy,bundle,2,chicken,chicken,0,nuggets|strips,1,0,spicy,320.0,2.0,,640.0,,multipack,CKZS,ZING CHICKEN STRIPS,320 Gms x 20 Pkts,320.0,20.0,1,1,1,1,1,57.3,59.9,54.2,55.8,1,confirmed_positive,1,positive,valid_multi_sku,rule_generated,approved
D0152,Al Kabeer Krazee Chicken Nuggets 400gm x 2/Zing Chicken Strips 320 gm x 2,Chicken Strips-Frozen,Spicy,bundle,2,chicken,chicken,0,nuggets|strips,1,0,spicy,320.0,2.0,,640.0,,multipack,CKNKDA,KRAZEE CHICKEN NUGGETS SPICY 750 GRM,750 GMS X 8 PKT,750.0,8.0,1,1,1,1,0,58.9,53.7,70.6,64.8,0,confirmed_negative,1,hard_negative_pack_size,valid_multi_sku,rule_generated,approved
D0152,Al Kabeer Krazee Chicken Nuggets 400gm x 2/Zing Chicken Strips 320 gm x 2,Chicken Strips-Frozen,Spicy,bundle,2,chicken,chicken,0,nuggets|strips,1,0,spicy,320.0,2.0,,640.0,,multipack,CSB,BREADED SHRIMPS 250,250 Gms x 20 Pkts,250.0,20.0,0,1,1,0,1,47.3,42.4,48.4,47.8,0,confirmed_negative,1,hard_negative_protein,valid_multi_sku,rule_generated,approved
D0152,Al Kabeer Krazee Chicken Nuggets 400gm x 2/Zing Chicken Strips 320 gm x 2,Chicken Strips-Frozen,Spicy,bundle,2,chicken,chicken,0,nuggets|strips,1,0,spicy,320.0,2.0,,640.0,,multipack,VKCCSC,Chicken Cocktail  Frank 300 G  x 24,300 gm x 24 Pkts,300.0,24.0,1,0,1,1,1,54.8,46.3,56.0,55.4,0,confirmed_negative,1,hard_negative_type,valid_multi_sku,rule_generated,approved
D0152,Al Kabeer Krazee Chicken Nuggets 400gm x 2/Zing Chicken Strips 320 gm x 2,Chicken Strips-Frozen,Spicy,bundle,2,chicken,chicken,0,nuggets|strips,1,0,spicy,320.0,2.0,,640.0,,multipack,CKZSNSAPR,AK PRO Zing Chicken Strips Non Spicy 1 kg x 10,1kg X 10pkts,1000.0,,1,1,0,0,1,57.3,51.5,59.4,58.3,0,confirmed_negative,1,hard_negative_variant,valid_multi_sku,rule_generated,approved
D0152,Al Kabeer Krazee Chicken Nuggets 400gm x 2/Zing Chicken Strips 320 gm x 2,Chicken Strips-Frozen,Spicy,bundle,2,chicken,chicken,0,nuggets|strips,1,0,spicy,320.0,2.0,,640.0,,multipack,CVSAPR,AK PRO VEGETABLE SAMOSA,1.2 Kgs x 4 Pkts,1200.0,4.0,0,0,1,0,1,31.7,35.4,31.3,31.5,0,confirmed_negative,1,easy_negative,valid_multi_sku,rule_generated,approved
D0153,Al Kabeer Zing Chicken Strips 320 gm,Chicken Strips-Frozen,Spicy,single_product,1,chicken,chicken,0,strips,0,0,spicy,320.0,1.0,,320.0,,single_pack,CKZS,ZING CHICKEN STRIPS,320 Gms x 20 Pkts,320.0,20.0,1,1,1,1,1,75.0,66.7,70.6,72.8,1,confirmed_positive,1,positive,exact_single_sku,rule_generated,approved
D0153,Al Kabeer Zing Chicken Strips 320 gm,Chicken Strips-Frozen,Spicy,single_product,1,chicken,chicken,0,strips,0,0,spicy,320.0,1.0,,320.0,,single_pack,CKZSDA,ZING CHICKEN STRIPS SPICY 750 GRM,750 GMS X 8 PKT,750.0,8.0,1,1,1,0,1,65.8,61.6,74.6,70.2,0,confirmed_negative,1,hard_negative_pack_size,exact_single_sku,rule_generated,approved
D0153,Al Kabeer Zing Chicken Strips 320 gm,Chicken Strips-Frozen,Spicy,single_product,1,chicken,chicken,0,strips,0,0,spicy,320.0,1.0,,320.0,,single_pack,CZSB,Zing Shrimps,750 gm x 8 Pkts,750.0,8.0,0,1,1,0,1,44.6,42.9,47.8,46.2,0,confirmed_negative,1,hard_negative_protein,exact_single_sku,rule_generated,approved
D0153,Al Kabeer Zing Chicken Strips 320 gm,Chicken Strips-Frozen,Spicy,single_product,1,chicken,chicken,0,strips,0,0,spicy,320.0,1.0,,320.0,,single_pack,CKTCK,TURKISH CHICKEN KEBAB,360gms x 20 Pkts,360.0,20.0,1,0,1,0,1,60.7,44.3,56.5,58.6,0,confirmed_negative,1,hard_negative_type,exact_single_sku,rule_generated,approved
D0153,Al Kabeer Zing Chicken Strips 320 gm,Chicken Strips-Frozen,Spicy,single_product,1,chicken,chicken,0,strips,0,0,spicy,320.0,1.0,,320.0,,single_pack,CKZSNS,ZING CHICKEN STRIPS NON-SPICY,8 X 750 GMS,750.0,,1,1,0,0,1,68.7,64.2,67.4,68.0,0,confirmed_negative,1,hard_negative_variant,exact_single_sku,rule_generated,approved
D0153,Al Kabeer Zing Chicken Strips 320 gm,Chicken Strips-Frozen,Spicy,single_product,1,chicken,chicken,0,strips,0,0,spicy,320.0,1.0,,320.0,,single_pack,VVGPC,Green Peas with Carrots,400 gm x 20 Pkts,400.0,20.0,0,0,1,0,1,37.9,36.4,41.6,39.7,0,confirmed_negative,1,easy_negative,exact_single_sku,rule_generated,approved
D0154,AL KABEER ZING CHICKEN STRIPS SMOKED BUFFALO/SPICY SRIRACHA FLAVOR 700GM,Chicken Strips-Frozen,Spicy,single_product,1,chicken,chicken,0,strips,0,0,spicy,700.0,1.0,,700.0,,single_pack,CKZSSR,ZING CHICKEN STRIPS SRIRACHA,700 GM X 8 PKT,700.0,8.0,1,1,1,1,1,59.6,59.6,70.9,65.3,-1,unresolved,0,unresolved_near_tie,no_exact_master_sku,rule_generated,needs_review
D0154,AL KABEER ZING CHICKEN STRIPS SMOKED BUFFALO/SPICY SRIRACHA FLAVOR 700GM,Chicken Strips-Frozen,Spicy,single_product,1,chicken,chicken,0,strips,0,0,spicy,700.0,1.0,,700.0,,single_pack,CKZSDA,ZING CHICKEN STRIPS SPICY 750 GRM,750 GMS X 8 PKT,750.0,8.0,1,1,1,1,1,60.4,57.1,64.9,62.7,-1,unresolved,0,unresolved_near_tie,no_exact_master_sku,rule_generated,needs_review
D0154,AL KABEER ZING CHICKEN STRIPS SMOKED BUFFALO/SPICY SRIRACHA FLAVOR 700GM,Chicken Strips-Frozen,Spicy,single_product,1,chicken,chicken,0,strips,0,0,spicy,700.0,1.0,,700.0,,single_pack,CKZS,ZING CHICKEN STRIPS,320 Gms x 20 Pkts,320.0,20.0,1,1,1,0,1,56.4,55.1,61.3,58.9,0,confirmed_negative,1,hard_negative_pack_size,no_exact_master_sku,rule_generated,needs_review
D0154,AL KABEER ZING CHICKEN STRIPS SMOKED BUFFALO/SPICY SRIRACHA FLAVOR 700GM,Chicken Strips-Frozen,Spicy,single_product,1,chicken,chicken,0,strips,0,0,spicy,700.0,1.0,,700.0,,single_pack,CZSB,Zing Shrimps,750 gm x 8 Pkts,750.0,8.0,0,1,1,1,1,39.2,37.8,40.6,39.9,0,confirmed_negative,1,hard_negative_protein,no_exact_master_sku,rule_generated,needs_review
D0154,AL KABEER ZING CHICKEN STRIPS SMOKED BUFFALO/SPICY SRIRACHA FLAVOR 700GM,Chicken Strips-Frozen,Spicy,single_product,1,chicken,chicken,0,strips,0,0,spicy,700.0,1.0,,700.0,,single_pack,CKMCBA,TENDER CHICKEN BREAST SPICY FLAVOURED,2 KG X 6 PKT,2000.0,6.0,1,0,1,0,1,55.1,48.0,52.3,53.7,0,confirmed_negative,1,hard_negative_type,no_exact_master_sku,rule_generated,needs_review
D0154,AL KABEER ZING CHICKEN STRIPS SMOKED BUFFALO/SPICY SRIRACHA FLAVOR 700GM,Chicken Strips-Frozen,Spicy,single_product,1,chicken,chicken,0,strips,0,0,spicy,700.0,1.0,,700.0,,single_pack,CKZSNS,ZING CHICKEN STRIPS NON-SPICY,8 X 750 GMS,750.0,,1,1,0,1,1,58.8,62.4,60.9,59.9,0,confirmed_negative,1,hard_negative_variant,no_exact_master_sku,rule_generated,needs_review
D0154,AL KABEER ZING CHICKEN STRIPS SMOKED BUFFALO/SPICY SRIRACHA FLAVOR 700GM,Chicken Strips-Frozen,Spicy,single_product,1,chicken,chicken,0,strips,0,0,spicy,700.0,1.0,,700.0,,single_pack,CBBG100,CHAR.JUMBO BEEF BURGERS BULK(100G)6*1 KG,1KG X 6,1000.0,6.0,0,0,1,0,1,28.6,32.8,28.1,28.3,0,confirmed_negative,1,easy_negative,no_exact_master_sku,rule_generated,needs_review
D0155,Al Kabeer Zing Chicken Strips 750 gm,Chicken Strips-Frozen,Spicy,single_product,1,chicken,chicken,0,strips,0,0,spicy,750.0,1.0,,750.0,,single_pack,CKZSDA,ZING CHICKEN STRIPS SPICY 750 GRM,750 GMS X 8 PKT,750.0,8.0,1,1,1,1,1,68.5,64.4,81.7,75.1,1,confirmed_positive,1,positive,exact_single_sku,rule_generated,approved
D0155,Al Kabeer Zing Chicken Strips 750 gm,Chicken Strips-Frozen,Spicy,single_product,1,chicken,chicken,0,strips,0,0,spicy,750.0,1.0,,750.0,,single_pack,CKZS,ZING CHICKEN STRIPS,320 Gms x 20 Pkts,320.0,20.0,1,1,1,0,1,73.3,66.7,68.2,70.8,0,confirmed_negative,1,hard_negative_pack_size,exact_single_sku,rule_generated,approved
D0155,Al Kabeer Zing Chicken Strips 750 gm,Chicken Strips-Frozen,Spicy,single_product,1,chicken,chicken,0,strips,0,0,spicy,750.0,1.0,,750.0,,single_pack,CZSB,Zing Shrimps,750 gm x 8 Pkts,750.0,8.0,0,1,1,1,1,44.6,42.9,47.8,46.2,0,confirmed_negative,1,hard_negative_protein,exact_single_sku,rule_generated,approved
D0155,Al Kabeer Zing Chicken Strips 750 gm,Chicken Strips-Frozen,Spicy,single_product,1,chicken,chicken,0,strips,0,0,spicy,750.0,1.0,,750.0,,single_pack,CKZFDA,ZING CHICKEN FILLETS SPICY 750 GRM,750 GMS X 8 PKT,750.0,8.0,1,0,1,1,1,55.0,52.3,68.8,61.9,0,confirmed_negative,1,hard_negative_type,exact_single_sku,rule_generated,approved
D0155,Al Kabeer Zing Chicken Strips 750 gm,Chicken Strips-Frozen,Spicy,single_product,1,chicken,chicken,0,strips,0,0,spicy,750.0,1.0,,750.0,,single_pack,CKZSNS,ZING CHICKEN STRIPS NON-SPICY,8 X 750 GMS,750.0,,1,1,0,1,1,71.6,64.2,71.7,71.7,0,confirmed_negative,1,hard_negative_variant,exact_single_sku,rule_generated,approved
D0155,Al Kabeer Zing Chicken Strips 750 gm,Chicken Strips-Frozen,Spicy,single_product,1,chicken,chicken,0,strips,0,0,spicy,750.0,1.0,,750.0,,single_pack,CVSA,12 VEGETABLE SAMOSAS,240 Gms x 20 Pkts,240.0,20.0,0,0,1,0,1,27.9,29.5,29.8,28.8,0,confirmed_negative,1,easy_negative,exact_single_sku,rule_generated,approved
D0156,Al Kabeer Chicken Breast Tender 1 kg,Chicken Tender-Frozen,No Variant,single_product,1,chicken,chicken,0,breast,0,0,unspecified,1000.0,1.0,,1000.0,,single_pack,CKMCB,TENDER CHICKEN BREAST,1 Kgs x 5 Pkts,1000.0,5.0,1,1,1,1,1,69.4,58.1,73.7,71.5,1,confirmed_positive,1,positive,exact_single_sku,rule_generated,approved
D0156,Al Kabeer Chicken Breast Tender 1 kg,Chicken Tender-Frozen,No Variant,single_product,1,chicken,chicken,0,breast,0,0,unspecified,1000.0,1.0,,1000.0,,single_pack,CKMCBA,TENDER CHICKEN BREAST SPICY FLAVOURED,2 KG X 6 PKT,2000.0,6.0,1,1,1,0,1,59.7,48.1,80.0,69.9,0,confirmed_negative,1,hard_negative_pack_size,exact_single_sku,rule_generated,approved
D0156,Al Kabeer Chicken Breast Tender 1 kg,Chicken Tender-Frozen,No Variant,single_product,1,chicken,chicken,0,breast,0,0,unspecified,1000.0,1.0,,1000.0,,single_pack,VSC10,SWEET CORN BULK,1 kg x 10 Pkts,1000.0,10.0,0,1,1,1,1,42.6,38.9,46.3,44.5,0,confirmed_negative,1,hard_negative_protein,exact_single_sku,rule_generated,approved
D0156,Al Kabeer Chicken Breast Tender 1 kg,Chicken Tender-Frozen,No Variant,single_product,1,chicken,chicken,0,breast,0,0,unspecified,1000.0,1.0,,1000.0,,single_pack,CKCSB,CHICKEN SEEKH KEBAB BULK,1 kg x 5,1000.0,5.0,1,0,1,1,1,61.4,43.9,60.3,60.8,0,confirmed_negative,1,hard_negative_type,exact_single_sku,rule_generated,approved
D0156,Al Kabeer Chicken Breast Tender 1 kg,Chicken Tender-Frozen,No Variant,single_product,1,chicken,chicken,0,breast,0,0,unspecified,1000.0,1.0,,1000.0,,single_pack,CVSA,12 VEGETABLE SAMOSAS,240 Gms x 20 Pkts,240.0,20.0,0,0,1,0,1,29.3,29.3,27.3,28.3,0,confirmed_negative,1,easy_negative,exact_single_sku,rule_generated,approved
D0157,Alkabeer Tandoori Chicken Tikka 1000 gm,Chicken Tikka-Frozen,No Variant,single_product,1,chicken,chicken,0,tikka,0,0,unspecified,1000.0,1.0,,1000.0,,single_pack,CKTCTB,TANDOORI CHICKEN TIKKA BULK,1 Kgs x 5 Pkts,1000.0,5.0,1,1,1,1,1,63.7,56.3,72.1,67.9,1,confirmed_positive,1,positive,exact_single_sku,rule_generated,approved
D0157,Alkabeer Tandoori Chicken Tikka 1000 gm,Chicken Tikka-Frozen,No Variant,single_product,1,chicken,chicken,0,tikka,0,0,unspecified,1000.0,1.0,,1000.0,,single_pack,CKTCT,TANDOORI CHICKEN TIKKA,240 Gms x 20 Pkts,240.0,20.0,1,1,1,0,1,64.1,59.4,72.1,68.1,0,confirmed_negative,1,hard_negative_pack_size,exact_single_sku,rule_generated,approved
D0157,Alkabeer Tandoori Chicken Tikka 1000 gm,Chicken Tikka-Frozen,No Variant,single_product,1,chicken,chicken,0,tikka,0,0,unspecified,1000.0,1.0,,1000.0,,single_pack,CMBAKAPR,AK PRO Beef Meat Balls 1 kg x 10,1 kg x 10,1000.0,10.0,0,1,1,1,1,36.2,33.3,45.3,40.8,0,confirmed_negative,1,hard_negative_protein,exact_single_sku,rule_generated,approved
D0157,Alkabeer Tandoori Chicken Tikka 1000 gm,Chicken Tikka-Frozen,No Variant,single_product,1,chicken,chicken,0,tikka,0,0,unspecified,1000.0,1.0,,1000.0,,single_pack,CKTN,TANDOORI CHICKEN NUGGETS 270,270 Gms x 20 Pkts,270.0,20.0,1,0,1,0,1,51.9,48.9,59.1,55.5,0,confirmed_negative,1,hard_negative_type,exact_single_sku,rule_generated,approved
D0157,Alkabeer Tandoori Chicken Tikka 1000 gm,Chicken Tikka-Frozen,No Variant,single_product,1,chicken,chicken,0,tikka,0,0,unspecified,1000.0,1.0,,1000.0,,single_pack,VVGPC,Green Peas with Carrots,400 gm x 20 Pkts,400.0,20.0,0,0,1,0,1,32.8,34.4,36.7,34.8,0,confirmed_negative,1,easy_negative,exact_single_sku,rule_generated,approved
D0158,Al Kabeer Tandoori Chicken Tikka 2x240 gm,Chicken Tikka-Frozen,No Variant,single_product,1,chicken,chicken,0,tikka,0,0,unspecified,240.0,2.0,,480.0,,multipack,CKTCT,TANDOORI CHICKEN TIKKA,240 Gms x 20 Pkts,240.0,20.0,1,1,1,1,1,70.8,58.5,69.8,70.3,1,confirmed_positive,1,positive,exact_single_sku,rule_generated,approved
D0158,Al Kabeer Tandoori Chicken Tikka 2x240 gm,Chicken Tikka-Frozen,No Variant,single_product,1,chicken,chicken,0,tikka,0,0,unspecified,240.0,2.0,,480.0,,multipack,CKTCTB,TANDOORI CHICKEN TIKKA BULK,1 Kgs x 5 Pkts,1000.0,5.0,1,1,1,0,1,65.7,55.5,69.8,67.8,0,confirmed_negative,1,hard_negative_pack_size,exact_single_sku,rule_generated,approved
D0158,Al Kabeer Tandoori Chicken Tikka 2x240 gm,Chicken Tikka-Frozen,No Variant,single_product,1,chicken,chicken,0,tikka,0,0,unspecified,240.0,2.0,,480.0,,multipack,VSC,SWEET CORN 400,400 gm x 20 Pkts,400.0,20.0,0,1,1,0,1,41.1,35.7,46.0,43.5,0,confirmed_negative,1,hard_negative_protein,exact_single_sku,rule_generated,approved
D0158,Al Kabeer Tandoori Chicken Tikka 2x240 gm,Chicken Tikka-Frozen,No Variant,single_product,1,chicken,chicken,0,tikka,0,0,unspecified,240.0,2.0,,480.0,,multipack,CKTN,TANDOORI CHICKEN NUGGETS 270,270 Gms x 20 Pkts,270.0,20.0,1,0,1,0,1,56.9,49.6,62.2,59.6,0,confirmed_negative,1,hard_negative_type,exact_single_sku,rule_generated,approved
D0158,Al Kabeer Tandoori Chicken Tikka 2x240 gm,Chicken Tikka-Frozen,No Variant,single_product,1,chicken,chicken,0,tikka,0,0,unspecified,240.0,2.0,,480.0,,multipack,CVSRA,VEGETABLE SPRING ROLLS BULK (5*1120G),1.12 kg x 5 pkts,1120.0,5.0,0,0,1,0,1,30.4,26.6,33.0,31.7,0,confirmed_negative,1,easy_negative,exact_single_sku,rule_generated,approved
D0165,Al Kabeer Felafel 360 gm,Falafel-Frozen,Non-Stuffed,single_product,1,,,0,,0,0,unspecified,360.0,1.0,,360.0,,single_pack,CVF,FELAFEL,360 Gms x 20 Pkts,360.0,20.0,1,1,1,1,1,57.7,51.5,57.7,57.7,1,confirmed_positive,1,positive,exact_single_sku,rule_generated,approved
D0165,Al Kabeer Felafel 360 gm,Falafel-Frozen,Non-Stuffed,single_product,1,,,0,,0,0,unspecified,360.0,1.0,,360.0,,single_pack,CVSF,STUFFED FELAFEL,750 g. x 8,750.0,,1,1,1,0,1,58.5,47.2,63.3,60.9,0,confirmed_negative,1,hard_negative_pack_size,exact_single_sku,rule_generated,approved
D0166,Al Kabeer Stuffed Felafel 750g,Falafel-Frozen,Stuffed,single_product,1,,,0,,0,0,unspecified,750.0,1.0,,750.0,,single_pack,CVSF,STUFFED FELAFEL,750 g. x 8,750.0,,1,1,1,1,1,68.5,57.4,63.0,65.8,1,confirmed_positive,1,positive,exact_single_sku,rule_generated,approved
D0166,Al Kabeer Stuffed Felafel 750g,Falafel-Frozen,Stuffed,single_product,1,,,0,,0,0,unspecified,750.0,1.0,,750.0,,single_pack,CVF,FELAFEL,360 Gms x 20 Pkts,360.0,20.0,1,1,1,0,1,52.5,48.5,52.7,52.6,0,confirmed_negative,1,hard_negative_pack_size,exact_single_sku,rule_generated,approved
D0167,AL KABEER FISH STICK CAT 1KG,Fish Fingers,No Variant,single_product,1,fish,fish,0,fish_sticks|fries_wedges,1,0,unspecified,1000.0,1.0,,1000.0,,single_pack,CFSA,FISH STICKS BULK,1 Kgs x 5 Pkts,1000.0,5.0,1,1,1,1,1,55.2,43.8,61.7,58.5,1,confirmed_positive,1,positive,exact_single_sku,rule_generated,approved
D0167,AL KABEER FISH STICK CAT 1KG,Fish Fingers,No Variant,single_product,1,fish,fish,0,fish_sticks|fries_wedges,1,0,unspecified,1000.0,1.0,,1000.0,,single_pack,CFS,FISH FINGERS 300,300 Gms x 20 Pkts,300.0,20.0,1,1,1,0,1,51.9,48.1,56.1,54.0,0,confirmed_negative,1,hard_negative_pack_size,exact_single_sku,rule_generated,approved
D0167,AL KABEER FISH STICK CAT 1KG,Fish Fingers,No Variant,single_product,1,fish,fish,0,fish_sticks|fries_wedges,1,0,unspecified,1000.0,1.0,,1000.0,,single_pack,CCKSB,CHICKEN STICKS BULK,1 Kgs x 5 Pkts,1000.0,5.0,0,1,1,1,1,46.8,37.8,54.8,50.8,0,confirmed_negative,1,hard_negative_protein,exact_single_sku,rule_generated,approved
D0167,AL KABEER FISH STICK CAT 1KG,Fish Fingers,No Variant,single_product,1,fish,fish,0,fish_sticks|fries_wedges,1,0,unspecified,1000.0,1.0,,1000.0,,single_pack,FSAPR,AK PRO FISH FILLET,2 KGS X 5,2000.0,5.0,1,0,1,0,1,52.6,50.5,48.7,50.7,0,confirmed_negative,1,hard_negative_type,exact_single_sku,rule_generated,approved
D0167,AL KABEER FISH STICK CAT 1KG,Fish Fingers,No Variant,single_product,1,fish,fish,0,fish_sticks|fries_wedges,1,0,unspecified,1000.0,1.0,,1000.0,,single_pack,CKNHSD,Chicken Nuggets HOT n SPICY,750 g. x 8,750.0,,0,0,1,0,1,33.3,33.3,38.0,35.7,0,confirmed_negative,1,easy_negative,exact_single_sku,rule_generated,approved
D0169,Al Kabeer Fish Fingers 300 gm,Fish Fingers,No Variant,single_product,1,fish,fish,0,fries_wedges,0,0,unspecified,300.0,1.0,,300.0,,single_pack,CFS,FISH FINGERS 300,300 Gms x 20 Pkts,300.0,20.0,1,1,1,1,1,64.2,56.9,71.1,67.7,1,confirmed_positive,1,positive,exact_single_sku,rule_generated,approved
D0169,Al Kabeer Fish Fingers 300 gm,Fish Fingers,No Variant,single_product,1,fish,fish,0,fries_wedges,0,0,unspecified,300.0,1.0,,300.0,,single_pack,VFFA,FRENCH FRIES 1,1 kg x 10 Pkts,1000.0,10.0,1,1,1,0,1,45.4,39.2,42.3,43.8,0,confirmed_negative,1,hard_negative_pack_size,exact_single_sku,rule_generated,approved
D0169,Al Kabeer Fish Fingers 300 gm,Fish Fingers,No Variant,single_product,1,fish,fish,0,fries_wedges,0,0,unspecified,300.0,1.0,,300.0,,single_pack,CCF,CHICKEN FRIES,12 PKTS X 400 GRM,400.0,12.0,0,1,1,0,1,46.8,36.0,47.4,47.1,0,confirmed_negative,1,hard_negative_protein,exact_single_sku,rule_generated,approved
D0169,Al Kabeer Fish Fingers 300 gm,Fish Fingers,No Variant,single_product,1,fish,fish,0,fries_wedges,0,0,unspecified,300.0,1.0,,300.0,,single_pack,CFSA,FISH STICKS BULK,1 Kgs x 5 Pkts,1000.0,5.0,1,0,1,0,1,47.2,43.4,58.5,52.9,0,confirmed_negative,1,hard_negative_type,exact_single_sku,rule_generated,approved
D0169,Al Kabeer Fish Fingers 300 gm,Fish Fingers,No Variant,single_product,1,fish,fish,0,fries_wedges,0,0,unspecified,300.0,1.0,,300.0,,single_pack,BTS,BEEF TOPSIDE ALK,20 KGS,20000.0,,0,0,1,0,1,33.0,33.0,31.0,32.0,0,confirmed_negative,1,easy_negative,exact_single_sku,rule_generated,approved
D0170,Al Kabeer French Fries 1 kg,French Fries-Frozen,No Variant,single_product,1,,,0,fries_wedges,0,0,unspecified,1000.0,1.0,,1000.0,,single_pack,VFFA,FRENCH FRIES 1,1 kg x 10 Pkts,1000.0,10.0,1,1,1,1,1,69.5,61.1,77.3,73.4,1,confirmed_positive,1,positive,exact_single_sku,rule_generated,approved
D0170,Al Kabeer French Fries 1 kg,French Fries-Frozen,No Variant,single_product,1,,,0,fries_wedges,0,0,unspecified,1000.0,1.0,,1000.0,,single_pack,VFA,FRENCH FRIES 2.5x4,2.5 kg x 4 Pkts,2500.0,4.0,1,1,1,0,1,61.5,53.8,71.4,66.5,0,confirmed_negative,1,hard_negative_pack_size,exact_single_sku,rule_generated,approved
D0170,Al Kabeer French Fries 1 kg,French Fries-Frozen,No Variant,single_product,1,,,0,fries_wedges,0,0,unspecified,1000.0,1.0,,1000.0,,single_pack,CKCSB,CHICKEN SEEKH KEBAB BULK,1 kg x 5,1000.0,5.0,1,0,1,1,1,40.8,36.9,50.0,45.4,0,confirmed_negative,1,hard_negative_type,exact_single_sku,rule_generated,approved
D0171,Al Kabeer French Fries 2.5 kg,French Fries-Frozen,No Variant,single_product,1,,,0,fries_wedges,0,0,unspecified,2500.0,1.0,,2500.0,,single_pack,VFA,FRENCH FRIES 2.5x4,2.5 kg x 4 Pkts,2500.0,4.0,1,1,1,1,1,66.0,58.5,68.2,67.1,-1,unresolved,0,unresolved_near_tie,no_exact_master_sku,rule_generated,needs_review
D0171,Al Kabeer French Fries 2.5 kg,French Fries-Frozen,No Variant,single_product,1,,,0,fries_wedges,0,0,unspecified,2500.0,1.0,,2500.0,,single_pack,VF6APR,AK PRO French Fries 2.5 kg x 4 (6x6 MM),2.5 kg x 4,2500.0,4.0,1,1,1,1,1,50.3,50.3,79.2,64.8,-1,unresolved,0,unresolved_near_tie,no_exact_master_sku,rule_generated,needs_review
D0171,Al Kabeer French Fries 2.5 kg,French Fries-Frozen,No Variant,single_product,1,,,0,fries_wedges,0,0,unspecified,2500.0,1.0,,2500.0,,single_pack,VFFA,FRENCH FRIES 1,1 kg x 10 Pkts,1000.0,10.0,1,1,1,0,1,66.0,57.7,68.2,67.1,0,confirmed_negative,1,hard_negative_pack_size,no_exact_master_sku,rule_generated,needs_review
D0171,Al Kabeer French Fries 2.5 kg,French Fries-Frozen,No Variant,single_product,1,,,0,fries_wedges,0,0,unspecified,2500.0,1.0,,2500.0,,single_pack,CKCSB,CHICKEN SEEKH KEBAB BULK,1 kg x 5,1000.0,5.0,1,0,1,0,1,41.9,34.3,51.5,46.7,0,confirmed_negative,1,hard_negative_type,no_exact_master_sku,rule_generated,needs_review
D0173,Al Kabeer Green Peas2x400gm+Paneer 200gm,Green/Garden Peas-Frozen,No Variant,single_product,1,veg,veg,0,peas,0,1,unspecified,400.0,2.0,,800.0,,multipack,VVGP,GREEN PEAS,400 gm x 20 Pkts,400.0,20.0,1,1,1,1,1,61.7,48.6,53.5,57.6,1,confirmed_positive,1,positive,exact_single_sku,rule_generated,approved
D0173,Al Kabeer Green Peas2x400gm+Paneer 200gm,Green/Garden Peas-Frozen,No Variant,single_product,1,veg,veg,0,peas,0,1,unspecified,400.0,2.0,,800.0,,multipack,VVGP9,GREEN PEAS 900,900 gm x 10 Pkts,900.0,10.0,1,1,1,0,1,52.2,47.0,46.2,49.2,0,confirmed_negative,1,hard_negative_pack_size,exact_single_sku,rule_generated,approved
D0173,Al Kabeer Green Peas2x400gm+Paneer 200gm,Green/Garden Peas-Frozen,No Variant,single_product,1,veg,veg,0,peas,0,1,unspecified,400.0,2.0,,800.0,,multipack,CSL,PRAWNS LARGE 400,400 Gms x 20 Pkts,400.0,20.0,0,1,1,1,1,43.9,39.0,40.0,42.0,0,confirmed_negative,1,hard_negative_protein,exact_single_sku,rule_generated,approved
D0173,Al Kabeer Green Peas2x400gm+Paneer 200gm,Green/Garden Peas-Frozen,No Variant,single_product,1,veg,veg,0,peas,0,1,unspecified,400.0,2.0,,800.0,,multipack,VPAN,PANEER CUBES,200 gm x 20 Pkts,200.0,20.0,1,0,1,1,1,41.4,45.0,38.5,40.0,0,confirmed_negative,1,hard_negative_type,exact_single_sku,rule_generated,approved
D0173,Al Kabeer Green Peas2x400gm+Paneer 200gm,Green/Garden Peas-Frozen,No Variant,single_product,1,veg,veg,0,peas,0,1,unspecified,400.0,2.0,,800.0,,multipack,CKBCFFAPR,AK PRO Breaded Chicken Fillets,10X1000g,1000.0,,0,0,1,0,1,43.0,34.1,42.3,42.6,0,confirmed_negative,1,easy_negative,exact_single_sku,rule_generated,approved
D0176,Al Kabeer Hash Browns 1 kg,Hash browns,No Variant,single_product,1,,,0,,0,0,unspecified,1000.0,1.0,,1000.0,,single_pack,VHBPA,HASH BROWN,10  X 1 KG,1000.0,,1,1,1,1,1,70.0,56.8,60.3,65.2,1,confirmed_positive,1,positive,exact_single_sku,rule_generated,approved
D0176,Al Kabeer Hash Browns 1 kg,Hash browns,No Variant,single_product,1,,,0,,0,0,unspecified,1000.0,1.0,,1000.0,,single_pack,VHBP,HASH BROWNS,2.5 kg x 4 Pkts,2500.0,4.0,1,1,1,0,1,65.9,56.8,70.0,68.0,0,confirmed_negative,1,hard_negative_pack_size,exact_single_sku,rule_generated,approved
D0177,Al Kabeer Hash Browns 2.5 kg,Hash browns,No Variant,single_product,1,,,0,,0,0,unspecified,2500.0,1.0,,2500.0,,single_pack,VHBP,HASH BROWNS,2.5 kg x 4 Pkts,2500.0,4.0,1,1,1,1,1,64.4,55.6,66.7,65.6,1,confirmed_positive,1,positive,exact_single_sku,rule_generated,approved
D0177,Al Kabeer Hash Browns 2.5 kg,Hash browns,No Variant,single_product,1,,,0,,0,0,unspecified,2500.0,1.0,,2500.0,,single_pack,VHBPA,HASH BROWN,10  X 1 KG,1000.0,,1,1,1,0,1,65.9,55.4,55.4,60.6,0,confirmed_negative,1,hard_negative_pack_size,exact_single_sku,rule_generated,approved
D0178,Al Kabeer Hash Browns 2500 gm,Hash browns,No Variant,single_product,1,,,0,,0,0,unspecified,2500.0,1.0,,2500.0,,single_pack,VHBP,HASH BROWNS,2.5 kg x 4 Pkts,2500.0,4.0,1,1,1,1,1,61.5,54.9,55.0,58.3,1,confirmed_positive,1,positive,exact_single_sku,rule_generated,approved
D0178,Al Kabeer Hash Browns 2500 gm,Hash browns,No Variant,single_product,1,,,0,,0,0,unspecified,2500.0,1.0,,2500.0,,single_pack,VHBPA,HASH BROWN,10  X 1 KG,1000.0,,1,1,1,0,1,62.7,54.8,51.5,57.1,0,confirmed_negative,1,hard_negative_pack_size,exact_single_sku,rule_generated,approved
D0179,AL KABEER JUMBO HOT DOG 400G,Hotdogs-Frozen,No Variant,single_product,1,,,0,hotdog,0,0,spicy,400.0,1.0,,400.0,,single_pack,CFBJ,JUMBO HOTDOGS,400 Gms x 20 Pkts,400.0,20.0,1,1,1,1,1,56.2,51.7,60.2,58.2,1,confirmed_positive,1,positive,exact_single_sku,rule_generated,approved
D0179,AL KABEER JUMBO HOT DOG 400G,Hotdogs-Frozen,No Variant,single_product,1,,,0,hotdog,0,0,spicy,400.0,1.0,,400.0,,single_pack,MRC,MUTTON RIB CHOPS,1 lb x 40 Pkts,453.592,40.0,1,1,1,0,1,35.4,33.3,37.6,36.5,0,confirmed_negative,1,hard_negative_pack_size,exact_single_sku,rule_generated,approved
D0179,AL KABEER JUMBO HOT DOG 400G,Hotdogs-Frozen,No Variant,single_product,1,,,0,hotdog,0,0,spicy,400.0,1.0,,400.0,,single_pack,CVSAPR,AK PRO VEGETABLE SAMOSA,1.2 Kgs x 4 Pkts,1200.0,4.0,1,0,1,0,1,35.8,35.8,43.9,39.9,0,confirmed_negative,1,hard_negative_type,exact_single_sku,rule_generated,approved
D0180,ALKABEER LAMB KIBBEH 1000GM,Lamb Kibbeh-Frozen,No Variant,single_product,1,lamb,lamb,0,kibbeh,0,0,unspecified,1000.0,1.0,,1000.0,,single_pack,CLKA,LAMB KIBBEH BULK,1 Kgs x 5 Pkts,1000.0,5.0,1,1,1,1,1,56.1,46.7,57.9,57.0,1,confirmed_positive,1,positive,exact_single_sku,rule_generated,approved
D0180,ALKABEER LAMB KIBBEH 1000GM,Lamb Kibbeh-Frozen,No Variant,single_product,1,lamb,lamb,0,kibbeh,0,0,unspecified,1000.0,1.0,,1000.0,,single_pack,CLK,LAMB KIBBEH,400 Gms x 12 Pkts,400.0,12.0,1,1,1,0,1,62.0,50.0,57.9,59.9,0,confirmed_negative,1,hard_negative_pack_size,exact_single_sku,rule_generated,approved
D0180,ALKABEER LAMB KIBBEH 1000GM,Lamb Kibbeh-Frozen,No Variant,single_product,1,lamb,lamb,0,kibbeh,0,0,unspecified,1000.0,1.0,,1000.0,,single_pack,CBK,BEEF KIBBEH 400,400 Gms x 12 Pkts,400.0,12.0,0,1,1,0,1,50.0,44.4,50.0,50.0,0,confirmed_negative,1,hard_negative_protein,exact_single_sku,rule_generated,approved
D0180,ALKABEER LAMB KIBBEH 1000GM,Lamb Kibbeh-Frozen,No Variant,single_product,1,lamb,lamb,0,kibbeh,0,0,unspecified,1000.0,1.0,,1000.0,,single_pack,CKSK,SHISH KEBAB,600 Gms x 12 Pkts,600.0,12.0,1,0,1,0,1,42.4,40.0,42.6,42.5,0,confirmed_negative,1,hard_negative_type,exact_single_sku,rule_generated,approved
D0180,ALKABEER LAMB KIBBEH 1000GM,Lamb Kibbeh-Frozen,No Variant,single_product,1,lamb,lamb,0,kibbeh,0,0,unspecified,1000.0,1.0,,1000.0,,single_pack,CKNHSA,CHICKEN NUGGETS HOT & SPICY BULK,1 Kgs x 5 Pkts,1000.0,5.0,0,0,1,1,1,22.2,23.8,25.6,23.9,0,confirmed_negative,1,easy_negative,exact_single_sku,rule_generated,approved
D0181,Al Kabeer LAMB KIBBEH 400 gm,Lamb Kibbeh-Frozen,No Variant,single_product,1,lamb,lamb,0,kibbeh,0,0,unspecified,400.0,1.0,,400.0,,single_pack,CLK,LAMB KIBBEH,400 Gms x 12 Pkts,400.0,12.0,1,1,1,1,1,61.4,55.4,56.4,58.9,1,confirmed_positive,1,positive,exact_single_sku,rule_generated,approved
D0181,Al Kabeer LAMB KIBBEH 400 gm,Lamb Kibbeh-Frozen,No Variant,single_product,1,lamb,lamb,0,kibbeh,0,0,unspecified,400.0,1.0,,400.0,,single_pack,CLKA,LAMB KIBBEH BULK,1 Kgs x 5 Pkts,1000.0,5.0,1,1,1,0,1,59.3,48.1,56.4,57.8,0,confirmed_negative,1,hard_negative_pack_size,exact_single_sku,rule_generated,approved
D0181,Al Kabeer LAMB KIBBEH 400 gm,Lamb Kibbeh-Frozen,No Variant,single_product,1,lamb,lamb,0,kibbeh,0,0,unspecified,400.0,1.0,,400.0,,single_pack,CBK,BEEF KIBBEH 400,400 Gms x 12 Pkts,400.0,12.0,0,1,1,1,1,51.4,47.7,52.6,52.0,0,confirmed_negative,1,hard_negative_protein,exact_single_sku,rule_generated,approved
D0181,Al Kabeer LAMB KIBBEH 400 gm,Lamb Kibbeh-Frozen,No Variant,single_product,1,lamb,lamb,0,kibbeh,0,0,unspecified,400.0,1.0,,400.0,,single_pack,CKSK,SHISH KEBAB,600 Gms x 12 Pkts,600.0,12.0,1,0,1,0,1,41.9,44.2,41.9,41.9,0,confirmed_negative,1,hard_negative_type,exact_single_sku,rule_generated,approved
D0181,Al Kabeer LAMB KIBBEH 400 gm,Lamb Kibbeh-Frozen,No Variant,single_product,1,lamb,lamb,0,kibbeh,0,0,unspecified,400.0,1.0,,400.0,,single_pack,CKSRP,8 CHICKEN SPRING ROLLS TWIN PROMO PACK,560 Gms x 10 Pkts,560.0,10.0,0,0,1,0,1,21.9,26.0,25.8,23.9,0,confirmed_negative,1,easy_negative,exact_single_sku,rule_generated,approved
D0183,Al Kabeer Arabic Kofta Meat 300 gm,Meat Kofta/Arabic Kofta-Frozen,No Variant,single_product,1,,,0,,0,0,unspecified,300.0,1.0,,300.0,,single_pack,CKB,ARABIC KOFTA,300 Gms x 20 Pkts,300.0,20.0,1,1,1,1,1,56.2,51.2,60.2,58.2,1,confirmed_positive,1,positive,exact_single_sku,rule_generated,approved
D0183,Al Kabeer Arabic Kofta Meat 300 gm,Meat Kofta/Arabic Kofta-Frozen,No Variant,single_product,1,,,0,,0,0,unspecified,300.0,1.0,,300.0,,single_pack,VPAN500,PANEER CUBES 500,500 gm x 10 Pkts,500.0,10.0,1,1,1,0,1,43.7,38.7,46.3,45.0,0,confirmed_negative,1,hard_negative_pack_size,exact_single_sku,rule_generated,approved
D0184,Al Kabeer Chicken Mince 400gm,Minced Chicken-Frozen,No Variant,single_product,1,chicken,chicken,0,,0,0,unspecified,400.0,1.0,,400.0,,single_pack,CKCM,CHICKEN MINCE 400,400 Gms x 20 Pkts,400.0,20.0,1,1,1,1,1,60.7,53.6,57.8,59.2,1,confirmed_positive,1,positive,exact_single_sku,rule_generated,approved
D0184,Al Kabeer Chicken Mince 400gm,Minced Chicken-Frozen,No Variant,single_product,1,chicken,chicken,0,,0,0,unspecified,400.0,1.0,,400.0,,single_pack,CKCS,8 CHICKEN SEEKH KEBAB,320 Gms x 24 Pkts,320.0,24.0,1,1,1,0,1,50.9,40.0,50.0,50.5,0,confirmed_negative,1,hard_negative_pack_size,exact_single_sku,rule_generated,approved
D0184,Al Kabeer Chicken Mince 400gm,Minced Chicken-Frozen,No Variant,single_product,1,chicken,chicken,0,,0,0,unspecified,400.0,1.0,,400.0,,single_pack,VSC,SWEET CORN 400,400 gm x 20 Pkts,400.0,20.0,0,1,1,1,1,39.6,35.6,39.0,39.3,0,confirmed_negative,1,hard_negative_protein,exact_single_sku,rule_generated,approved
D0185,AL Kabeer green peas\ mix veg 400gm,Mix Vegetables-Frozen,No Variant,single_product,1,veg,veg,0,peas,0,1,unspecified,400.0,1.0,,400.0,,single_pack,VVMV,MIXED VEGETABLES 400,400 gm x 20 Pkts,400.0,20.0,1,1,1,1,1,53.8,45.4,57.1,55.5,1,confirmed_positive,1,positive,exact_single_sku,rule_generated,approved
D0185,AL Kabeer green peas\ mix veg 400gm,Mix Vegetables-Frozen,No Variant,single_product,1,veg,veg,0,peas,0,1,unspecified,400.0,1.0,,400.0,,single_pack,VVMV9,MIXED VEGETABLES 900,900 gm x 10 Pkts,900.0,10.0,1,1,1,0,1,52.1,43.7,55.1,53.6,0,confirmed_negative,1,hard_negative_pack_size,exact_single_sku,rule_generated,approved
D0185,AL Kabeer green peas\ mix veg 400gm,Mix Vegetables-Frozen,No Variant,single_product,1,veg,veg,0,peas,0,1,unspecified,400.0,1.0,,400.0,,single_pack,CSS,PRAWNS REGULAR,400 Gms x 20 Pkts,400.0,20.0,0,1,1,1,1,39.6,43.2,40.0,39.8,0,confirmed_negative,1,hard_negative_protein,exact_single_sku,rule_generated,approved
D0185,AL Kabeer green peas\ mix veg 400gm,Mix Vegetables-Frozen,No Variant,single_product,1,veg,veg,0,peas,0,1,unspecified,400.0,1.0,,400.0,,single_pack,CVSAPR,AK PRO VEGETABLE SAMOSA,1.2 Kgs x 4 Pkts,1200.0,4.0,1,0,1,0,1,48.3,41.7,50.0,49.2,0,confirmed_negative,1,hard_negative_type,exact_single_sku,rule_generated,approved
D0185,AL Kabeer green peas\ mix veg 400gm,Mix Vegetables-Frozen,No Variant,single_product,1,veg,veg,0,peas,0,1,unspecified,400.0,1.0,,400.0,,single_pack,CKBCF,BREADED CHICKEN FILLETS,450 Gms x 12 Pkts,450.0,12.0,0,0,1,0,1,36.1,37.7,36.2,36.1,0,confirmed_negative,1,easy_negative,exact_single_sku,rule_generated,approved
D0186,Al Kabeer Green Peas/Mix Vegetable 2x400 gm,Mix Vegetables-Frozen,No Variant,single_product,1,veg,veg,0,peas,0,1,unspecified,400.0,2.0,,800.0,,multipack,VVMV,MIXED VEGETABLES 400,400 gm x 20 Pkts,400.0,20.0,1,1,1,1,1,61.4,53.5,54.5,58.0,1,confirmed_positive,1,positive,exact_single_sku,rule_generated,approved
D0186,Al Kabeer Green Peas/Mix Vegetable 2x400 gm,Mix Vegetables-Frozen,No Variant,single_product,1,veg,veg,0,peas,0,1,unspecified,400.0,2.0,,800.0,,multipack,VVMV9,MIXED VEGETABLES 900,900 gm x 10 Pkts,900.0,10.0,1,1,1,0,1,58.3,52.0,50.9,54.6,0,confirmed_negative,1,hard_negative_pack_size,exact_single_sku,rule_generated,approved
D0186,Al Kabeer Green Peas/Mix Vegetable 2x400 gm,Mix Vegetables-Frozen,No Variant,single_product,1,veg,veg,0,peas,0,1,unspecified,400.0,2.0,,800.0,,multipack,CSS,PRAWNS REGULAR,400 Gms x 20 Pkts,400.0,20.0,0,1,1,1,1,38.7,43.7,39.3,39.0,0,confirmed_negative,1,hard_negative_protein,exact_single_sku,rule_generated,approved
D0186,Al Kabeer Green Peas/Mix Vegetable 2x400 gm,Mix Vegetables-Frozen,No Variant,single_product,1,veg,veg,0,peas,0,1,unspecified,400.0,2.0,,800.0,,multipack,CVSAPR,AK PRO VEGETABLE SAMOSA,1.2 Kgs x 4 Pkts,1200.0,4.0,1,0,1,0,1,54.7,46.9,46.2,50.4,0,confirmed_negative,1,hard_negative_type,exact_single_sku,rule_generated,approved
D0186,Al Kabeer Green Peas/Mix Vegetable 2x400 gm,Mix Vegetables-Frozen,No Variant,single_product,1,veg,veg,0,peas,0,1,unspecified,400.0,2.0,,800.0,,multipack,CKNKP,KRAZEE CHICKEN NUGGETS TWIN PROMO PACK,400 Gmsx2Pktx6,400.0,,0,0,1,1,1,31.8,33.1,27.8,29.8,0,confirmed_negative,1,easy_negative,exact_single_sku,rule_generated,approved
D0187,AL KABEER GREEN PEAS/MIX VEGETABLE 900GM,Mix Vegetables-Frozen,No Variant,single_product,1,veg,veg,0,peas,0,1,unspecified,900.0,1.0,,900.0,,single_pack,VVMV9,MIXED VEGETABLES 900,900 gm x 10 Pkts,900.0,10.0,1,1,1,1,1,59.7,53.2,52.3,56.0,1,confirmed_positive,1,positive,exact_single_sku,rule_generated,approved
D0187,AL KABEER GREEN PEAS/MIX VEGETABLE 900GM,Mix Vegetables-Frozen,No Variant,single_product,1,veg,veg,0,peas,0,1,unspecified,900.0,1.0,,900.0,,single_pack,VVMV,MIXED VEGETABLES 400,400 gm x 20 Pkts,400.0,20.0,1,1,1,0,1,58.1,51.6,50.5,54.3,0,confirmed_negative,1,hard_negative_pack_size,exact_single_sku,rule_generated,approved
D0187,AL KABEER GREEN PEAS/MIX VEGETABLE 900GM,Mix Vegetables-Frozen,No Variant,single_product,1,veg,veg,0,peas,0,1,unspecified,900.0,1.0,,900.0,,single_pack,CSS,PRAWNS REGULAR,400 Gms x 20 Pkts,400.0,20.0,0,1,1,0,1,37.9,41.4,38.5,38.2,0,confirmed_negative,1,hard_negative_protein,exact_single_sku,rule_generated,approved
D0187,AL KABEER GREEN PEAS/MIX VEGETABLE 900GM,Mix Vegetables-Frozen,No Variant,single_product,1,veg,veg,0,peas,0,1,unspecified,900.0,1.0,,900.0,,single_pack,CVSAPR,AK PRO VEGETABLE SAMOSA,1.2 Kgs x 4 Pkts,1200.0,4.0,1,0,1,0,1,52.8,46.4,45.5,49.2,0,confirmed_negative,1,hard_negative_type,exact_single_sku,rule_generated,approved
D0187,AL KABEER GREEN PEAS/MIX VEGETABLE 900GM,Mix Vegetables-Frozen,No Variant,single_product,1,veg,veg,0,peas,0,1,unspecified,900.0,1.0,,900.0,,single_pack,CKZSNS,ZING CHICKEN STRIPS NON-SPICY,8 X 750 GMS,750.0,,0,0,1,0,1,28.8,28.8,26.7,27.7,0,confirmed_negative,1,easy_negative,exact_single_sku,rule_generated,approved
D0188,Al Kabeer Paneer Cubes 200 gm,Paneer,No Variant,single_product,1,,,0,cube,0,1,unspecified,200.0,1.0,,200.0,,single_pack,VPAN,PANEER CUBES,200 gm x 20 Pkts,200.0,20.0,1,1,1,1,1,65.2,58.4,68.2,66.7,1,confirmed_positive,1,positive,exact_single_sku,rule_generated,approved
D0188,Al Kabeer Paneer Cubes 200 gm,Paneer,No Variant,single_product,1,,,0,cube,0,1,unspecified,200.0,1.0,,200.0,,single_pack,VPAN500,PANEER CUBES 500,500 gm x 10 Pkts,500.0,10.0,1,1,1,0,1,59.8,53.6,68.2,64.0,0,confirmed_negative,1,hard_negative_pack_size,exact_single_sku,rule_generated,approved
D0188,Al Kabeer Paneer Cubes 200 gm,Paneer,No Variant,single_product,1,,,0,cube,0,1,unspecified,200.0,1.0,,200.0,,single_pack,CKBS,8 BEEF SEEKH KEBAB,320 Gms x 24 Pkts,320.0,24.0,1,0,1,0,1,43.8,39.6,48.6,46.2,0,confirmed_negative,1,hard_negative_type,exact_single_sku,rule_generated,approved
D0189,Al Kabeer Paneer Cubes 500 gm,Paneer,No Variant,single_product,1,,,0,cube,0,1,unspecified,500.0,1.0,,500.0,,single_pack,VPAN500,PANEER CUBES 500,500 gm x 10 Pkts,500.0,10.0,1,1,1,1,1,61.9,55.7,79.2,70.5,1,confirmed_positive,1,positive,exact_single_sku,rule_generated,approved
D0189,Al Kabeer Paneer Cubes 500 gm,Paneer,No Variant,single_product,1,,,0,cube,0,1,unspecified,500.0,1.0,,500.0,,single_pack,VPAN,PANEER CUBES,200 gm x 20 Pkts,200.0,20.0,1,1,1,0,1,62.9,56.2,68.2,65.6,0,confirmed_negative,1,hard_negative_pack_size,exact_single_sku,rule_generated,approved
D0189,Al Kabeer Paneer Cubes 500 gm,Paneer,No Variant,single_product,1,,,0,cube,0,1,unspecified,500.0,1.0,,500.0,,single_pack,CKBS,8 BEEF SEEKH KEBAB,320 Gms x 24 Pkts,320.0,24.0,1,0,1,0,1,41.7,37.5,45.7,43.7,0,confirmed_negative,1,hard_negative_type,exact_single_sku,rule_generated,approved
D0190,Al Kabeer Paratha Plain ,Paratha-Frozen,No Variant,single_product,1,,,0,paratha,0,0,unspecified,,,,,,unknown,VPR,PLAIN PARATHA,400 gm x 24 Pkts,400.0,24.0,1,1,1,0,1,56.8,58.4,72.2,64.5,-1,unresolved,0,unresolved_near_tie,no_exact_master_sku,rule_generated,needs_review
D0190,Al Kabeer Paratha Plain ,Paratha-Frozen,No Variant,single_product,1,,,0,paratha,0,0,unspecified,,,,,,unknown,VRTP,TAY. PARATHA PLAIN,400 gm x 24 Pkts,400.0,24.0,1,1,1,0,1,51.0,48.5,72.2,61.6,-1,unresolved,0,unresolved_near_tie,no_exact_master_sku,rule_generated,needs_review
D0190,Al Kabeer Paratha Plain ,Paratha-Frozen,No Variant,single_product,1,,,0,paratha,0,0,unspecified,,,,,,unknown,BTS,BEEF TOPSIDE ALK,20 KGS,20000.0,,1,0,1,0,1,37.2,32.2,43.1,40.1,0,confirmed_negative,1,hard_negative_type,no_exact_master_sku,rule_generated,needs_review
D0191,Al Kabeer Chocolate Paratha (270 gm),Paratha-Frozen,No Variant,single_product,1,,,0,paratha,0,0,unspecified,270.0,1.0,,270.0,,single_pack,VPCR,Chocolate Paratha 270 g. x 24,270 Gms x 24 Pkts,270.0,24.0,1,1,1,1,1,57.8,50.0,67.5,62.7,1,confirmed_positive,1,positive,exact_single_sku,rule_generated,approved
D0191,Al Kabeer Chocolate Paratha (270 gm),Paratha-Frozen,No Variant,single_product,1,,,0,paratha,0,0,unspecified,270.0,1.0,,270.0,,single_pack,CVF,FELAFEL,360 Gms x 20 Pkts,360.0,20.0,1,1,1,0,1,45.4,41.2,47.2,46.3,0,confirmed_negative,1,hard_negative_pack_size,exact_single_sku,rule_generated,approved
D0191,Al Kabeer Chocolate Paratha (270 gm),Paratha-Frozen,No Variant,single_product,1,,,0,paratha,0,0,unspecified,270.0,1.0,,270.0,,single_pack,COCOS,chocolate Samosas 240 g x 20,240 Gms x 20 Pkts,240.0,20.0,1,0,1,0,1,41.6,40.0,51.2,46.4,0,confirmed_negative,1,hard_negative_type,exact_single_sku,rule_generated,approved
D0192,Al Kabeer Paratha Plain 400 gm 3s,Paratha-Frozen,No Variant,single_product,1,,,0,paratha,0,0,unspecified,400.0,3.0,,1200.0,,multipack,VPR,PLAIN PARATHA,400 gm x 24 Pkts,400.0,24.0,1,1,1,1,1,59.2,59.2,65.3,62.2,-1,unresolved,0,unresolved_near_tie,no_exact_master_sku,rule_generated,needs_review
D0192,Al Kabeer Paratha Plain 400 gm 3s,Paratha-Frozen,No Variant,single_product,1,,,0,paratha,0,0,unspecified,400.0,3.0,,1200.0,,multipack,VRTP,TAY. PARATHA PLAIN,400 gm x 24 Pkts,400.0,24.0,1,1,1,1,1,53.7,53.7,65.3,59.5,-1,unresolved,0,unresolved_near_tie,no_exact_master_sku,rule_generated,needs_review
D0192,Al Kabeer Paratha Plain 400 gm 3s,Paratha-Frozen,No Variant,single_product,1,,,0,paratha,0,0,unspecified,400.0,3.0,,1200.0,,multipack,VPRP,PLAIN PARATHA PROMO,1200 gm x 8 Pkts,1200.0,8.0,1,1,1,1,0,50.9,50.9,65.3,58.1,0,confirmed_negative,1,hard_negative_pack_size,no_exact_master_sku,rule_generated,needs_review
D0192,Al Kabeer Paratha Plain 400 gm 3s,Paratha-Frozen,No Variant,single_product,1,,,0,paratha,0,0,unspecified,400.0,3.0,,1200.0,,multipack,VPAN,PANEER CUBES,200 gm x 20 Pkts,200.0,20.0,1,0,1,0,1,48.9,44.7,48.1,48.5,0,confirmed_negative,1,hard_negative_type,no_exact_master_sku,rule_generated,needs_review
D0193,Al Kabeer Malabar Paratha 400 gm,Paratha-Frozen,No Variant,single_product,1,,,0,paratha,0,0,unspecified,400.0,1.0,,400.0,,single_pack,VPMR,MALABAR PARATHA,400G. X 24Pkts.,400.0,,1,1,1,1,1,62.0,56.0,63.8,62.9,1,confirmed_positive,1,positive,exact_single_sku,rule_generated,approved
D0193,Al Kabeer Malabar Paratha 400 gm,Paratha-Frozen,No Variant,single_product,1,,,0,paratha,0,0,unspecified,400.0,1.0,,400.0,,single_pack,VPCR,Chocolate Paratha 270 g. x 24,270 Gms x 24 Pkts,270.0,24.0,1,1,1,0,1,48.4,40.3,50.0,49.2,0,confirmed_negative,1,hard_negative_pack_size,exact_single_sku,rule_generated,approved
D0193,Al Kabeer Malabar Paratha 400 gm,Paratha-Frozen,No Variant,single_product,1,,,0,paratha,0,0,unspecified,400.0,1.0,,400.0,,single_pack,CTBK,TURKISH BEEF KEBABS 360,360GM X 20 PKT,360.0,20.0,1,0,1,1,1,39.3,37.4,43.0,41.1,0,confirmed_negative,1,hard_negative_type,exact_single_sku,rule_generated,approved
D0194,Al Kabeer Large Prawns 400 gm,Peeled Shrimps/Prawns Frozen,No Variant,single_product,1,fish,fish,0,,0,0,unspecified,400.0,1.0,,400.0,,single_pack,CSL,PRAWNS LARGE 400,400 Gms x 20 Pkts,400.0,20.0,1,1,1,1,1,55.3,48.8,58.2,56.7,-1,unresolved,0,unresolved_near_tie,no_exact_master_sku,rule_generated,needs_review
D0194,Al Kabeer Large Prawns 400 gm,Peeled Shrimps/Prawns Frozen,No Variant,single_product,1,fish,fish,0,,0,0,unspecified,400.0,1.0,,400.0,,single_pack,CSXL,PRAWNS EXTRA LARGE,400 Gms x 10 Pkts,400.0,10.0,1,1,1,1,1,55.1,52.0,56.1,55.6,-1,unresolved,0,unresolved_near_tie,no_exact_master_sku,rule_generated,needs_review
D0194,Al Kabeer Large Prawns 400 gm,Peeled Shrimps/Prawns Frozen,No Variant,single_product,1,fish,fish,0,,0,0,unspecified,400.0,1.0,,400.0,,single_pack,CSJ,JUMBO PRAWNS,1 lb x 10 Pkts,453.592,10.0,1,1,1,0,1,55.4,42.9,54.7,55.0,0,confirmed_negative,1,hard_negative_pack_size,no_exact_master_sku,rule_generated,needs_review
D0194,Al Kabeer Large Prawns 400 gm,Peeled Shrimps/Prawns Frozen,No Variant,single_product,1,fish,fish,0,,0,0,unspecified,400.0,1.0,,400.0,,single_pack,VVGP,GREEN PEAS,400 gm x 20 Pkts,400.0,20.0,0,1,1,1,1,43.0,39.3,43.6,43.3,0,confirmed_negative,1,hard_negative_protein,no_exact_master_sku,rule_generated,needs_review
D0195,Al Kabeer Large Prawns 450 Gm,Peeled Shrimps/Prawns Frozen,No Variant,single_product,1,fish,fish,0,,0,0,unspecified,450.0,1.0,,450.0,,single_pack,CSJ,JUMBO PRAWNS,1 lb x 10 Pkts,453.592,10.0,1,1,1,1,1,55.4,42.9,54.7,55.0,1,confirmed_positive,1,positive,exact_single_sku,rule_generated,approved
D0195,Al Kabeer Large Prawns 450 Gm,Peeled Shrimps/Prawns Frozen,No Variant,single_product,1,fish,fish,0,,0,0,unspecified,450.0,1.0,,450.0,,single_pack,CSXL,PRAWNS EXTRA LARGE,400 Gms x 10 Pkts,400.0,10.0,1,1,1,0,1,55.1,52.0,56.1,55.6,0,confirmed_negative,1,hard_negative_pack_size,exact_single_sku,rule_generated,approved
D0195,Al Kabeer Large Prawns 450 Gm,Peeled Shrimps/Prawns Frozen,No Variant,single_product,1,fish,fish,0,,0,0,unspecified,450.0,1.0,,450.0,,single_pack,VVGP,GREEN PEAS,400 gm x 20 Pkts,400.0,20.0,0,1,1,0,1,43.0,37.4,43.6,43.3,0,confirmed_negative,1,hard_negative_protein,exact_single_sku,rule_generated,approved
D0198,AL KABEER POTATO BITES 1000GM,Potato Bites-Frozen,No Variant,single_product,1,,,0,,0,0,unspecified,1000.0,1.0,,1000.0,,single_pack,VPB,POTATO BITES,1 Kgs x 10 Pkts,1000.0,10.0,1,1,1,1,1,63.8,57.4,58.5,61.2,1,confirmed_positive,1,positive,exact_single_sku,rule_generated,approved
D0198,AL KABEER POTATO BITES 1000GM,Potato Bites-Frozen,No Variant,single_product,1,,,0,,0,0,unspecified,1000.0,1.0,,1000.0,,single_pack,VPAN500,PANEER CUBES 500,500 gm x 10 Pkts,500.0,10.0,1,1,1,0,1,48.5,42.7,46.8,47.6,0,confirmed_negative,1,hard_negative_pack_size,exact_single_sku,rule_generated,approved
D0199,Al Kabeer Potato Bites 1000 gm,Potato Bites-Frozen,No Variant,single_product,1,,,0,,0,0,unspecified,1000.0,1.0,,1000.0,,single_pack,VPB,POTATO BITES,1 Kgs x 10 Pkts,1000.0,10.0,1,1,1,1,1,67.4,56.8,58.7,63.0,1,confirmed_positive,1,positive,exact_single_sku,rule_generated,approved
D0199,Al Kabeer Potato Bites 1000 gm,Potato Bites-Frozen,No Variant,single_product,1,,,0,,0,0,unspecified,1000.0,1.0,,1000.0,,single_pack,VPAN500,PANEER CUBES 500,500 gm x 10 Pkts,500.0,10.0,1,1,1,0,1,53.8,44.2,53.8,53.8,0,confirmed_negative,1,hard_negative_pack_size,exact_single_sku,rule_generated,approved
D0200,Al Kabeer Seasoned Wedges 750 gm,Potato Wedges-Frozen,No Variant,single_product,1,,,0,fries_wedges,0,0,unspecified,750.0,1.0,,750.0,,single_pack,VSW,SEASONED WEDGES,750 gm x 12 Pkts,750.0,12.0,1,1,1,1,1,59.0,59.0,63.2,61.1,1,confirmed_positive,1,positive,exact_single_sku,rule_generated,approved
D0200,Al Kabeer Seasoned Wedges 750 gm,Potato Wedges-Frozen,No Variant,single_product,1,,,0,fries_wedges,0,0,unspecified,750.0,1.0,,750.0,,single_pack,VPB,POTATO BITES,1 Kgs x 10 Pkts,1000.0,10.0,1,1,1,0,1,42.9,42.9,45.2,44.0,0,confirmed_negative,1,hard_negative_pack_size,exact_single_sku,rule_generated,approved
D0200,Al Kabeer Seasoned Wedges 750 gm,Potato Wedges-Frozen,No Variant,single_product,1,,,0,fries_wedges,0,0,unspecified,750.0,1.0,,750.0,,single_pack,VVGP,GREEN PEAS,400 gm x 20 Pkts,400.0,20.0,1,0,1,0,1,44.2,42.1,43.9,44.1,0,confirmed_negative,1,hard_negative_type,exact_single_sku,rule_generated,approved
D0201,Al Kabeer Chicken Samosas 2PCS,Samosa-Frozen,Chicken,single_product,1,chicken,chicken,0,samosa,0,0,unspecified,,,,,2.0,piece_count,CKSAPR,AK PRO CHICKEN SAMOSA,4 X 1.2 KGS,1200.0,,1,1,1,0,1,69.8,62.3,73.7,71.7,-1,unresolved,0,unresolved_near_tie,no_exact_master_sku,rule_generated,needs_review
D0201,Al Kabeer Chicken Samosas 2PCS,Samosa-Frozen,Chicken,single_product,1,chicken,chicken,0,samosa,0,0,unspecified,,,,,2.0,piece_count,CKSA,12 CHICKEN SAMOSAS,240 Gms x 20 Pkts,240.0,20.0,1,1,1,0,1,67.9,58.5,74.6,71.3,-1,unresolved,0,unresolved_near_tie,no_exact_master_sku,rule_generated,needs_review
D0201,Al Kabeer Chicken Samosas 2PCS,Samosa-Frozen,Chicken,single_product,1,chicken,chicken,0,samosa,0,0,unspecified,,,,,2.0,piece_count,CMSAA,MUTTON SAMOSAS BULK,1.2 Kgs x 4 Pkts,1200.0,4.0,0,1,1,0,1,46.7,39.3,54.9,50.8,0,confirmed_negative,1,hard_negative_protein,no_exact_master_sku,rule_generated,needs_review
D0201,Al Kabeer Chicken Samosas 2PCS,Samosa-Frozen,Chicken,single_product,1,chicken,chicken,0,samosa,0,0,unspecified,,,,,2.0,piece_count,CKTCK,TURKISH CHICKEN KEBAB,360gms x 20 Pkts,360.0,20.0,1,0,1,0,1,54.5,40.0,50.0,52.3,0,confirmed_negative,1,hard_negative_type,no_exact_master_sku,rule_generated,needs_review
D0201,Al Kabeer Chicken Samosas 2PCS,Samosa-Frozen,Chicken,single_product,1,chicken,chicken,0,samosa,0,0,unspecified,,,,,2.0,piece_count,CBK,BEEF KIBBEH 400,400 Gms x 12 Pkts,400.0,12.0,0,0,1,0,1,29.8,28.1,29.8,29.8,0,confirmed_negative,1,easy_negative,no_exact_master_sku,rule_generated,needs_review
D0202,"Al Kabeer Assorted (Chicken Spring Rolls 1120g, Vegetable & Chicken Samosas 1200g)",Samosa-Frozen,Chicken,bundle,2,,chicken|veg,1,samosa|spring_roll,1,1,unspecified,1200.0,1.0,,1200.0,,single_pack,CKSAA,CHICKEN SAMOSAS BULK,1.2 Kgs x 4 Pkts,1200.0,4.0,1,1,1,1,1,53.4,47.2,62.9,58.1,1,confirmed_positive,1,positive,requires_business_review,rule_generated,needs_review
D0202,"Al Kabeer Assorted (Chicken Spring Rolls 1120g, Vegetable & Chicken Samosas 1200g)",Samosa-Frozen,Chicken,bundle,2,,chicken|veg,1,samosa|spring_roll,1,1,unspecified,1200.0,1.0,,1200.0,,single_pack,CKSA,12 CHICKEN SAMOSAS,240 Gms x 20 Pkts,240.0,20.0,1,1,1,0,1,54.4,49.4,61.1,57.8,0,confirmed_negative,1,hard_negative_pack_size,requires_business_review,rule_generated,needs_review
D0202,"Al Kabeer Assorted (Chicken Spring Rolls 1120g, Vegetable & Chicken Samosas 1200g)",Samosa-Frozen,Chicken,bundle,2,,chicken|veg,1,samosa|spring_roll,1,1,unspecified,1200.0,1.0,,1200.0,,single_pack,CMSAA,MUTTON SAMOSAS BULK,1.2 Kgs x 4 Pkts,1200.0,4.0,0,1,1,1,1,41.5,35.2,45.9,43.7,0,confirmed_negative,1,hard_negative_protein,requires_business_review,rule_generated,needs_review
D0202,"Al Kabeer Assorted (Chicken Spring Rolls 1120g, Vegetable & Chicken Samosas 1200g)",Samosa-Frozen,Chicken,bundle,2,,chicken|veg,1,samosa|spring_roll,1,1,unspecified,1200.0,1.0,,1200.0,,single_pack,CKPSAPR,AK PRO Plain Chicken Strips 30 g. 1 kg x 10,1 kg x 10,1000.0,10.0,1,0,1,0,1,47.0,43.0,44.1,45.6,0,confirmed_negative,1,hard_negative_type,requires_business_review,rule_generated,needs_review
D0202,"Al Kabeer Assorted (Chicken Spring Rolls 1120g, Vegetable & Chicken Samosas 1200g)",Samosa-Frozen,Chicken,bundle,2,,chicken|veg,1,samosa|spring_roll,1,1,unspecified,1200.0,1.0,,1200.0,,single_pack,CFS,FISH FINGERS 300,300 Gms x 20 Pkts,300.0,20.0,0,0,1,0,1,36.6,34.1,35.6,36.1,0,confirmed_negative,1,easy_negative,requires_business_review,rule_generated,needs_review
D0203,Al Kabeer Chicken Samosa 240gm,Samosa-Frozen,Chicken,single_product,1,chicken,chicken,0,samosa,0,0,unspecified,240.0,1.0,,240.0,,single_pack,CKSA,12 CHICKEN SAMOSAS,240 Gms x 20 Pkts,240.0,20.0,1,1,1,1,1,66.0,56.6,63.6,64.8,1,confirmed_positive,1,positive,exact_single_sku,rule_generated,approved
D0203,Al Kabeer Chicken Samosa 240gm,Samosa-Frozen,Chicken,single_product,1,chicken,chicken,0,samosa,0,0,unspecified,240.0,1.0,,240.0,,single_pack,CKSAPR,AK PRO CHICKEN SAMOSA,4 X 1.2 KGS,1200.0,,1,1,1,0,1,67.9,62.3,63.6,65.8,0,confirmed_negative,1,hard_negative_pack_size,exact_single_sku,rule_generated,approved
D0203,Al Kabeer Chicken Samosa 240gm,Samosa-Frozen,Chicken,single_product,1,chicken,chicken,0,samosa,0,0,unspecified,240.0,1.0,,240.0,,single_pack,CMSA,12 MUTTON SAMOSAS,240 Gms x 20 Pkts,240.0,20.0,0,1,1,1,1,48.1,40.4,40.5,44.3,0,confirmed_negative,1,hard_negative_protein,exact_single_sku,rule_generated,approved
D0203,Al Kabeer Chicken Samosa 240gm,Samosa-Frozen,Chicken,single_product,1,chicken,chicken,0,samosa,0,0,unspecified,240.0,1.0,,240.0,,single_pack,CKCS,8 CHICKEN SEEKH KEBAB,320 Gms x 24 Pkts,320.0,24.0,1,0,1,0,1,54.1,41.4,56.8,55.4,0,confirmed_negative,1,hard_negative_type,exact_single_sku,rule_generated,approved
D0203,Al Kabeer Chicken Samosa 240gm,Samosa-Frozen,Chicken,single_product,1,chicken,chicken,0,samosa,0,0,unspecified,240.0,1.0,,240.0,,single_pack,BC40,BEEF CUBES,2 lb x 20 Pkts,907.184,20.0,0,0,1,0,1,33.3,29.2,34.2,33.8,0,confirmed_negative,1,easy_negative,exact_single_sku,rule_generated,approved
D0204,ALKABEER VEGETABLE SAMOSA/SPRING ROLL/ROLLS 240/280 gm,Samosa-Frozen,Chicken,bundle,2,,chicken|veg,1,samosa|spring_roll,1,1,unspecified,280.0,1.0,,280.0,,single_pack,CKSR,8 CHICKEN SPRING ROLLS,280 Gms x 20 Pkts,280.0,20.0,1,1,1,1,1,55.9,44.8,58.8,57.4,1,confirmed_positive,1,positive,requires_business_review,rule_generated,needs_review
D0204,ALKABEER VEGETABLE SAMOSA/SPRING ROLL/ROLLS 240/280 gm,Samosa-Frozen,Chicken,bundle,2,,chicken|veg,1,samosa|spring_roll,1,1,unspecified,280.0,1.0,,280.0,,single_pack,CKSAPR,AK PRO CHICKEN SAMOSA,4 X 1.2 KGS,1200.0,,1,1,1,0,1,56.9,41.5,59.3,58.1,0,confirmed_negative,1,hard_negative_pack_size,requires_business_review,rule_generated,needs_review
D0204,ALKABEER VEGETABLE SAMOSA/SPRING ROLL/ROLLS 240/280 gm,Samosa-Frozen,Chicken,bundle,2,,chicken|veg,1,samosa|spring_roll,1,1,unspecified,280.0,1.0,,280.0,,single_pack,CMSAA,MUTTON SAMOSAS BULK,1.2 Kgs x 4 Pkts,1200.0,4.0,0,1,1,0,1,44.3,36.6,46.6,45.4,0,confirmed_negative,1,hard_negative_protein,requires_business_review,rule_generated,needs_review
D0204,ALKABEER VEGETABLE SAMOSA/SPRING ROLL/ROLLS 240/280 gm,Samosa-Frozen,Chicken,bundle,2,,chicken|veg,1,samosa|spring_roll,1,1,unspecified,280.0,1.0,,280.0,,single_pack,CKZL,ZING CHICKEN LOLLIPOP 420,420 Gms x 12 Pkts,420.0,12.0,1,0,1,0,1,48.3,35.9,47.2,47.7,0,confirmed_negative,1,hard_negative_type,requires_business_review,rule_generated,needs_review
D0204,ALKABEER VEGETABLE SAMOSA/SPRING ROLL/ROLLS 240/280 gm,Samosa-Frozen,Chicken,bundle,2,,chicken|veg,1,samosa|spring_roll,1,1,unspecified,280.0,1.0,,280.0,,single_pack,FFW1,WHITE FISH FILLET 1KG,1kg X 10 Pkts,1000.0,10.0,0,0,1,0,1,31.6,25.6,33.0,32.3,0,confirmed_negative,1,easy_negative,requires_business_review,rule_generated,needs_review
D0205,Al Kabeer Chicken Samosa+ Chocolate Samosa 240 gm x 2 pcs,Samosa-Frozen,Chicken,single_product,1,chicken,chicken,0,samosa,0,0,unspecified,240.0,2.0,,480.0,,multipack,COCOS,chocolate Samosas 240 g x 20,240 Gms x 20 Pkts,240.0,20.0,1,1,1,1,1,66.7,56.2,72.9,69.8,-1,unresolved,0,unresolved_near_tie,no_exact_master_sku,rule_generated,needs_review
D0205,Al Kabeer Chicken Samosa+ Chocolate Samosa 240 gm x 2 pcs,Samosa-Frozen,Chicken,single_product,1,chicken,chicken,0,samosa,0,0,unspecified,240.0,2.0,,480.0,,multipack,CKSA,12 CHICKEN SAMOSAS,240 Gms x 20 Pkts,240.0,20.0,1,1,1,1,1,73.7,60.2,65.4,69.6,-1,unresolved,0,unresolved_near_tie,no_exact_master_sku,rule_generated,needs_review
D0205,Al Kabeer Chicken Samosa+ Chocolate Samosa 240 gm x 2 pcs,Samosa-Frozen,Chicken,single_product,1,chicken,chicken,0,samosa,0,0,unspecified,240.0,2.0,,480.0,,multipack,CKSAPR,AK PRO CHICKEN SAMOSA,4 X 1.2 KGS,1200.0,,1,1,1,0,1,73.7,57.1,64.6,69.1,0,confirmed_negative,1,hard_negative_pack_size,no_exact_master_sku,rule_generated,needs_review
D0205,Al Kabeer Chicken Samosa+ Chocolate Samosa 240 gm x 2 pcs,Samosa-Frozen,Chicken,single_product,1,chicken,chicken,0,samosa,0,0,unspecified,240.0,2.0,,480.0,,multipack,CMSAA,MUTTON SAMOSAS BULK,1.2 Kgs x 4 Pkts,1200.0,4.0,0,1,1,0,1,55.2,44.8,53.8,54.5,0,confirmed_negative,1,hard_negative_protein,no_exact_master_sku,rule_generated,needs_review
D0205,Al Kabeer Chicken Samosa+ Chocolate Samosa 240 gm x 2 pcs,Samosa-Frozen,Chicken,single_product,1,chicken,chicken,0,samosa,0,0,unspecified,240.0,2.0,,480.0,,multipack,VKCCSC,Chicken Cocktail  Frank 300 G  x 24,300 gm x 24 Pkts,300.0,24.0,1,0,1,0,1,53.7,41.7,61.9,57.8,0,confirmed_negative,1,hard_negative_type,no_exact_master_sku,rule_generated,needs_review
D0205,Al Kabeer Chicken Samosa+ Chocolate Samosa 240 gm x 2 pcs,Samosa-Frozen,Chicken,single_product,1,chicken,chicken,0,samosa,0,0,unspecified,240.0,2.0,,480.0,,multipack,CFZFB,ZING FISH FILLETS MILD SPICY,750 g. x 8,750.0,,0,0,1,0,1,29.9,28.6,31.7,30.8,0,confirmed_negative,1,easy_negative,no_exact_master_sku,rule_generated,needs_review
D0207,AL KABEER MUTTON/CHEESE SAMOSA 240GM,Samosa-Frozen,Mutton,single_product,1,lamb,lamb,0,samosa,0,1,unspecified,240.0,1.0,,240.0,,single_pack,CMSA,12 MUTTON SAMOSAS,240 Gms x 20 Pkts,240.0,20.0,1,1,1,1,1,60.6,51.4,54.3,57.4,1,confirmed_positive,1,positive,exact_single_sku,rule_generated,approved
D0207,AL KABEER MUTTON/CHEESE SAMOSA 240GM,Samosa-Frozen,Mutton,single_product,1,lamb,lamb,0,samosa,0,1,unspecified,240.0,1.0,,240.0,,single_pack,CMSAA,MUTTON SAMOSAS BULK,1.2 Kgs x 4 Pkts,1200.0,4.0,1,1,1,0,1,60.7,50.0,51.1,55.9,0,confirmed_negative,1,hard_negative_pack_size,exact_single_sku,rule_generated,approved
D0207,AL KABEER MUTTON/CHEESE SAMOSA 240GM,Samosa-Frozen,Mutton,single_product,1,lamb,lamb,0,samosa,0,1,unspecified,240.0,1.0,,240.0,,single_pack,CKSAPR,AK PRO CHICKEN SAMOSA,4 X 1.2 KGS,1200.0,,0,1,1,0,1,50.5,43.2,46.3,48.4,0,confirmed_negative,1,hard_negative_protein,exact_single_sku,rule_generated,approved
D0207,AL KABEER MUTTON/CHEESE SAMOSA 240GM,Samosa-Frozen,Mutton,single_product,1,lamb,lamb,0,samosa,0,1,unspecified,240.0,1.0,,240.0,,single_pack,MC40,MUTTON CUBES,2 lbs x 20 Pkts,907.184,20.0,1,0,1,0,1,50.5,40.8,47.2,48.8,0,confirmed_negative,1,hard_negative_type,exact_single_sku,rule_generated,approved
D0207,AL KABEER MUTTON/CHEESE SAMOSA 240GM,Samosa-Frozen,Mutton,single_product,1,lamb,lamb,0,samosa,0,1,unspecified,240.0,1.0,,240.0,,single_pack,VVGPC,Green Peas with Carrots,400 gm x 20 Pkts,400.0,20.0,0,0,1,0,1,32.0,35.2,31.4,31.7,0,confirmed_negative,1,easy_negative,exact_single_sku,rule_generated,approved
D0208,"AL KABEER CHICKEN OR VEGETABLE SPRING ROLLS, MUTTON SAMOSAS, 240 - 280 gm",Samosa-Frozen,Mutton,bundle,2,,chicken|lamb|veg,1,samosa|spring_roll,1,1,unspecified,280.0,1.0,,280.0,,single_pack,CVSR,8 VEGETABLE SPRING ROLLS,280 Gms x 20 Pkts,280.0,20.0,1,1,1,1,1,50.9,50.9,59.1,55.0,1,confirmed_positive,1,positive,requires_business_review,rule_generated,needs_review
D0208,"AL KABEER CHICKEN OR VEGETABLE SPRING ROLLS, MUTTON SAMOSAS, 240 - 280 gm",Samosa-Frozen,Mutton,bundle,2,,chicken|lamb|veg,1,samosa|spring_roll,1,1,unspecified,280.0,1.0,,280.0,,single_pack,CVSA,12 VEGETABLE SAMOSAS,240 Gms x 20 Pkts,240.0,20.0,1,1,1,0,1,55.3,46.1,59.1,57.2,0,confirmed_negative,1,hard_negative_pack_size,requires_business_review,rule_generated,needs_review
D0208,"AL KABEER CHICKEN OR VEGETABLE SPRING ROLLS, MUTTON SAMOSAS, 240 - 280 gm",Samosa-Frozen,Mutton,bundle,2,,chicken|lamb|veg,1,samosa|spring_roll,1,1,unspecified,280.0,1.0,,280.0,,single_pack,CSB,BREADED SHRIMPS 250,250 Gms x 20 Pkts,250.0,20.0,0,1,1,0,1,40.5,36.7,40.0,40.3,0,confirmed_negative,1,hard_negative_protein,requires_business_review,rule_generated,needs_review
D0208,"AL KABEER CHICKEN OR VEGETABLE SPRING ROLLS, MUTTON SAMOSAS, 240 - 280 gm",Samosa-Frozen,Mutton,bundle,2,,chicken|lamb|veg,1,samosa|spring_roll,1,1,unspecified,280.0,1.0,,280.0,,single_pack,VFKJC,Chicken jumbo Hot Dogs 400 g x  24,400 gm x 20 Pkts,400.0,20.0,1,0,1,0,1,43.6,39.8,48.9,46.2,0,confirmed_negative,1,hard_negative_type,requires_business_review,rule_generated,needs_review
D0208,"AL KABEER CHICKEN OR VEGETABLE SPRING ROLLS, MUTTON SAMOSAS, 240 - 280 gm",Samosa-Frozen,Mutton,bundle,2,,chicken|lamb|veg,1,samosa|spring_roll,1,1,unspecified,280.0,1.0,,280.0,,single_pack,CBBO,4 BEEF BURGERS,200 Gms x 30 Pkt,200.0,30.0,0,0,1,0,1,34.3,37.1,32.2,33.2,0,confirmed_negative,1,easy_negative,requires_business_review,rule_generated,needs_review
D0209,Al Kabeer mutton Samosa 2X240 gm,Samosa-Frozen,Mutton,single_product,1,lamb,lamb,0,samosa,0,0,unspecified,240.0,2.0,,480.0,,multipack,CMSA,12 MUTTON SAMOSAS,240 Gms x 20 Pkts,240.0,20.0,1,1,1,1,1,64.8,53.3,57.8,61.3,1,confirmed_positive,1,positive,exact_single_sku,rule_generated,approved
D0209,Al Kabeer mutton Samosa 2X240 gm,Samosa-Frozen,Mutton,single_product,1,lamb,lamb,0,samosa,0,0,unspecified,240.0,2.0,,480.0,,multipack,CMSAA,MUTTON SAMOSAS BULK,1.2 Kgs x 4 Pkts,1200.0,4.0,1,1,1,0,1,63.0,51.9,57.8,60.4,0,confirmed_negative,1,hard_negative_pack_size,exact_single_sku,rule_generated,approved
D0209,Al Kabeer mutton Samosa 2X240 gm,Samosa-Frozen,Mutton,single_product,1,lamb,lamb,0,samosa,0,0,unspecified,240.0,2.0,,480.0,,multipack,CKSAPR,AK PRO CHICKEN SAMOSA,4 X 1.2 KGS,1200.0,,0,1,1,0,1,52.3,44.9,47.9,50.1,0,confirmed_negative,1,hard_negative_protein,exact_single_sku,rule_generated,approved
D0209,Al Kabeer mutton Samosa 2X240 gm,Samosa-Frozen,Mutton,single_product,1,lamb,lamb,0,samosa,0,0,unspecified,240.0,2.0,,480.0,,multipack,MC40,MUTTON CUBES,2 lbs x 20 Pkts,907.184,20.0,1,0,1,0,1,52.5,40.4,46.2,49.3,0,confirmed_negative,1,hard_negative_type,exact_single_sku,rule_generated,approved
D0209,Al Kabeer mutton Samosa 2X240 gm,Samosa-Frozen,Mutton,single_product,1,lamb,lamb,0,samosa,0,0,unspecified,240.0,2.0,,480.0,,multipack,VVGPC9,Green Peas with Carrots 900,900 gm x 10 Pkts,900.0,10.0,0,0,1,0,1,29.5,31.0,30.8,30.1,0,confirmed_negative,1,easy_negative,exact_single_sku,rule_generated,approved
D0211,Al Kabeer Chocolate Samosas (240 gm),Samosa-Frozen,No Variant,single_product,1,,,0,samosa,0,0,unspecified,240.0,1.0,,240.0,,single_pack,COCOS,chocolate Samosas 240 g x 20,240 Gms x 20 Pkts,240.0,20.0,1,1,1,1,1,58.1,50.0,73.1,65.6,-1,unresolved,0,unresolved_near_tie,no_exact_master_sku,rule_generated,needs_review
D0211,Al Kabeer Chocolate Samosas (240 gm),Samosa-Frozen,No Variant,single_product,1,,,0,samosa,0,0,unspecified,240.0,1.0,,240.0,,single_pack,CCSK,KIRI CHEESE SAMOSA,20 X 240 GMS,240.0,,1,1,1,1,1,58.6,48.5,67.5,63.0,-1,unresolved,0,unresolved_near_tie,no_exact_master_sku,rule_generated,needs_review
D0211,Al Kabeer Chocolate Samosas (240 gm),Samosa-Frozen,No Variant,single_product,1,,,0,samosa,0,0,unspecified,240.0,1.0,,240.0,,single_pack,CKSAPR,AK PRO CHICKEN SAMOSA,4 X 1.2 KGS,1200.0,,1,1,1,0,1,51.9,48.1,63.4,57.7,0,confirmed_negative,1,hard_negative_pack_size,no_exact_master_sku,rule_generated,needs_review
D0211,Al Kabeer Chocolate Samosas (240 gm),Samosa-Frozen,No Variant,single_product,1,,,0,samosa,0,0,unspecified,240.0,1.0,,240.0,,single_pack,CKBCS,BEEF COCKTAIL SAUSAGES,400 Gms x 20 Pkts,400.0,20.0,1,0,1,0,1,49.1,43.9,52.7,50.9,0,confirmed_negative,1,hard_negative_type,no_exact_master_sku,rule_generated,needs_review
D0212,Al Kabeer Chicken Samosa+ Chocolate Samosa 240 gm x 2 pcs,Samosa-Frozen,No Variant,single_product,1,chicken,chicken,0,samosa,0,0,unspecified,240.0,2.0,,480.0,,multipack,COCOS,chocolate Samosas 240 g x 20,240 Gms x 20 Pkts,240.0,20.0,1,1,1,1,1,69.0,57.9,72.9,70.9,-1,unresolved,0,unresolved_near_tie,no_exact_master_sku,rule_generated,needs_review
D0212,Al Kabeer Chicken Samosa+ Chocolate Samosa 240 gm x 2 pcs,Samosa-Frozen,No Variant,single_product,1,chicken,chicken,0,samosa,0,0,unspecified,240.0,2.0,,480.0,,multipack,CKSA,12 CHICKEN SAMOSAS,240 Gms x 20 Pkts,240.0,20.0,1,1,1,1,1,73.6,64.0,65.4,69.5,-1,unresolved,0,unresolved_near_tie,no_exact_master_sku,rule_generated,needs_review
D0212,Al Kabeer Chicken Samosa+ Chocolate Samosa 240 gm x 2 pcs,Samosa-Frozen,No Variant,single_product,1,chicken,chicken,0,samosa,0,0,unspecified,240.0,2.0,,480.0,,multipack,CKSAPR,AK PRO CHICKEN SAMOSA,4 X 1.2 KGS,1200.0,,1,1,1,0,1,73.6,59.2,64.6,69.1,0,confirmed_negative,1,hard_negative_pack_size,no_exact_master_sku,rule_generated,needs_review
D0212,Al Kabeer Chicken Samosa+ Chocolate Samosa 240 gm x 2 pcs,Samosa-Frozen,No Variant,single_product,1,chicken,chicken,0,samosa,0,0,unspecified,240.0,2.0,,480.0,,multipack,CMSA,12 MUTTON SAMOSAS,240 Gms x 20 Pkts,240.0,20.0,0,1,1,1,1,56.9,53.7,54.7,55.8,0,confirmed_negative,1,hard_negative_protein,no_exact_master_sku,rule_generated,needs_review
D0212,Al Kabeer Chicken Samosa+ Chocolate Samosa 240 gm x 2 pcs,Samosa-Frozen,No Variant,single_product,1,chicken,chicken,0,samosa,0,0,unspecified,240.0,2.0,,480.0,,multipack,VFKJ,CHICKEN JUMBO HOT DOGS,400 gm x 20 Pkts,400.0,20.0,1,0,1,0,1,50.7,49.3,58.7,54.7,0,confirmed_negative,1,hard_negative_type,no_exact_master_sku,rule_generated,needs_review
D0212,Al Kabeer Chicken Samosa+ Chocolate Samosa 240 gm x 2 pcs,Samosa-Frozen,No Variant,single_product,1,chicken,chicken,0,samosa,0,0,unspecified,240.0,2.0,,480.0,,multipack,CBBO24,24 BEEF BURGERS,1.2 Kgs x 8 Pkts,1200.0,8.0,0,0,1,0,1,40.3,35.3,39.6,40.0,0,confirmed_negative,1,easy_negative,no_exact_master_sku,rule_generated,needs_review
D0213,Al Kabeer Samosa Vegetable 480gm,Samosa-Frozen,No Variant,single_product,1,veg,veg,0,samosa,0,1,unspecified,480.0,1.0,,480.0,,single_pack,CVSAP,VEGETABLE SAMOSA TWIN PROMO PACK,480 Gms x 10 Pkts,480.0,10.0,1,1,1,1,1,50.0,46.9,66.7,58.3,1,confirmed_positive,1,positive,exact_single_sku,rule_generated,approved
D0213,Al Kabeer Samosa Vegetable 480gm,Samosa-Frozen,No Variant,single_product,1,veg,veg,0,samosa,0,1,unspecified,480.0,1.0,,480.0,,single_pack,CVSA,12 VEGETABLE SAMOSAS,240 Gms x 20 Pkts,240.0,20.0,1,1,1,0,1,57.7,53.8,66.7,62.2,0,confirmed_negative,1,hard_negative_pack_size,exact_single_sku,rule_generated,approved
D0213,Al Kabeer Samosa Vegetable 480gm,Samosa-Frozen,No Variant,single_product,1,veg,veg,0,samosa,0,1,unspecified,480.0,1.0,,480.0,,single_pack,CKSAPR,AK PRO CHICKEN SAMOSA,4 X 1.2 KGS,1200.0,,0,1,1,0,1,46.0,42.0,42.3,44.1,0,confirmed_negative,1,hard_negative_protein,exact_single_sku,rule_generated,approved
D0213,Al Kabeer Samosa Vegetable 480gm,Samosa-Frozen,No Variant,single_product,1,veg,veg,0,samosa,0,1,unspecified,480.0,1.0,,480.0,,single_pack,CVSR,8 VEGETABLE SPRING ROLLS,280 Gms x 20 Pkts,280.0,20.0,1,0,1,0,1,41.0,42.7,47.6,44.3,0,confirmed_negative,1,hard_negative_type,exact_single_sku,rule_generated,approved
D0213,Al Kabeer Samosa Vegetable 480gm,Samosa-Frozen,No Variant,single_product,1,veg,veg,0,samosa,0,1,unspecified,480.0,1.0,,480.0,,single_pack,CLKA,LAMB KIBBEH BULK,1 Kgs x 5 Pkts,1000.0,5.0,0,0,1,0,1,29.9,35.5,29.5,29.7,0,confirmed_negative,1,easy_negative,exact_single_sku,rule_generated,approved
D0214,"Al Kabeer Assorted (Chicken Spring Rolls 1120g, Vegetable & Chicken Samosas 1200g)",Samosa-Frozen,Other-Veg,bundle,2,,chicken|veg,1,samosa|spring_roll,1,1,unspecified,1200.0,1.0,,1200.0,,single_pack,CVSAA,VEGETABLE SAMOSAS BULK,1.2 Kgs x 4 Pkts,1200.0,4.0,1,1,1,1,1,49.1,45.5,64.9,57.0,1,confirmed_positive,1,positive,requires_business_review,rule_generated,needs_review
D0214,"Al Kabeer Assorted (Chicken Spring Rolls 1120g, Vegetable & Chicken Samosas 1200g)",Samosa-Frozen,Other-Veg,bundle,2,,chicken|veg,1,samosa|spring_roll,1,1,unspecified,1200.0,1.0,,1200.0,,single_pack,CVSA,12 VEGETABLE SAMOSAS,240 Gms x 20 Pkts,240.0,20.0,1,1,1,0,1,50.0,48.8,63.2,56.6,0,confirmed_negative,1,hard_negative_pack_size,requires_business_review,rule_generated,needs_review
D0214,"Al Kabeer Assorted (Chicken Spring Rolls 1120g, Vegetable & Chicken Samosas 1200g)",Samosa-Frozen,Other-Veg,bundle,2,,chicken|veg,1,samosa|spring_roll,1,1,unspecified,1200.0,1.0,,1200.0,,single_pack,CMSAA,MUTTON SAMOSAS BULK,1.2 Kgs x 4 Pkts,1200.0,4.0,0,1,1,1,1,41.0,34.8,45.9,43.4,0,confirmed_negative,1,hard_negative_protein,requires_business_review,rule_generated,needs_review
D0214,"Al Kabeer Assorted (Chicken Spring Rolls 1120g, Vegetable & Chicken Samosas 1200g)",Samosa-Frozen,Other-Veg,bundle,2,,chicken|veg,1,samosa|spring_roll,1,1,unspecified,1200.0,1.0,,1200.0,,single_pack,CKZSNSAPR,AK PRO Zing Chicken Strips Non Spicy 1 kg x 10,1kg X 10pkts,1000.0,,1,0,1,0,1,42.7,43.6,43.0,42.8,0,confirmed_negative,1,hard_negative_type,requires_business_review,rule_generated,needs_review
D0214,"Al Kabeer Assorted (Chicken Spring Rolls 1120g, Vegetable & Chicken Samosas 1200g)",Samosa-Frozen,Other-Veg,bundle,2,,chicken|veg,1,samosa|spring_roll,1,1,unspecified,1200.0,1.0,,1200.0,,single_pack,CLKA,LAMB KIBBEH BULK,1 Kgs x 5 Pkts,1000.0,5.0,0,0,1,0,1,37.1,29.9,33.5,35.3,0,confirmed_negative,1,easy_negative,requires_business_review,rule_generated,needs_review
D0215,Al Kabeer Kiri Cheese Samosas 240 gm,Samosa-Frozen,Other-Veg,single_product,1,,,0,samosa,0,1,unspecified,240.0,1.0,,240.0,,single_pack,CCSK,KIRI CHEESE SAMOSA,20 X 240 GMS,240.0,,1,1,1,1,1,69.7,55.0,74.6,72.2,1,confirmed_positive,1,positive,exact_single_sku,rule_generated,approved
D0215,Al Kabeer Kiri Cheese Samosas 240 gm,Samosa-Frozen,Other-Veg,single_product,1,,,0,samosa,0,1,unspecified,240.0,1.0,,240.0,,single_pack,CCSAKPR,A.K PRO CHEESE SAMOSA,4 X 1.2 KGS,1200.0,,1,1,1,0,1,57.9,54.4,63.0,60.5,0,confirmed_negative,1,hard_negative_pack_size,exact_single_sku,rule_generated,approved
D0215,Al Kabeer Kiri Cheese Samosas 240 gm,Samosa-Frozen,Other-Veg,single_product,1,,,0,samosa,0,1,unspecified,240.0,1.0,,240.0,,single_pack,VPAN,PANEER CUBES,200 gm x 20 Pkts,200.0,20.0,1,0,1,0,1,47.2,37.7,50.5,48.8,0,confirmed_negative,1,hard_negative_type,exact_single_sku,rule_generated,approved
D0216,ALKABEER VEGETABLE SAMOSA/SPRING ROLL/ROLLS 240/280 gm,Samosa-Frozen,Other-Veg,bundle,2,veg,veg,0,samosa|spring_roll,1,1,unspecified,280.0,1.0,,280.0,,single_pack,CVSR,8 VEGETABLE SPRING ROLLS,280 Gms x 20 Pkts,280.0,20.0,1,1,1,1,1,55.0,52.3,61.8,58.4,1,confirmed_positive,1,positive,requires_business_review,rule_generated,needs_review
D0216,ALKABEER VEGETABLE SAMOSA/SPRING ROLL/ROLLS 240/280 gm,Samosa-Frozen,Other-Veg,bundle,2,veg,veg,0,samosa|spring_roll,1,1,unspecified,280.0,1.0,,280.0,,single_pack,CVSAPR,AK PRO VEGETABLE SAMOSA,1.2 Kgs x 4 Pkts,1200.0,4.0,1,1,1,0,1,56.7,49.6,59.8,58.3,0,confirmed_negative,1,hard_negative_pack_size,requires_business_review,rule_generated,needs_review
D0216,ALKABEER VEGETABLE SAMOSA/SPRING ROLL/ROLLS 240/280 gm,Samosa-Frozen,Other-Veg,bundle,2,veg,veg,0,samosa|spring_roll,1,1,unspecified,280.0,1.0,,280.0,,single_pack,CKSR,8 CHICKEN SPRING ROLLS,280 Gms x 20 Pkts,280.0,20.0,0,1,1,1,1,48.3,44.1,52.9,50.6,0,confirmed_negative,1,hard_negative_protein,requires_business_review,rule_generated,needs_review
D0216,ALKABEER VEGETABLE SAMOSA/SPRING ROLL/ROLLS 240/280 gm,Samosa-Frozen,Other-Veg,bundle,2,veg,veg,0,samosa|spring_roll,1,1,unspecified,280.0,1.0,,280.0,,single_pack,VVGPC,Green Peas with Carrots,400 gm x 20 Pkts,400.0,20.0,1,0,1,0,1,39.7,37.0,43.1,41.4,0,confirmed_negative,1,hard_negative_type,requires_business_review,rule_generated,needs_review
D0216,ALKABEER VEGETABLE SAMOSA/SPRING ROLL/ROLLS 240/280 gm,Samosa-Frozen,Other-Veg,bundle,2,veg,veg,0,samosa|spring_roll,1,1,unspecified,280.0,1.0,,280.0,,single_pack,CKBT,TAYEBAT CHICKEN BURGER,1 Kgs x 9 Pkts,1000.0,9.0,0,0,1,0,1,31.9,31.9,32.8,32.3,0,confirmed_negative,1,easy_negative,requires_business_review,rule_generated,needs_review
D0220,ALKABEER SAMOSAS PUNJABI 1 kg,Samosa-Frozen,Punjabi,single_product,1,,,0,samosa,0,0,unspecified,1000.0,1.0,,1000.0,,single_pack,CVPS,FROZEN PUNJABI SAMOSA,900GM X 10PKT,900.0,,1,1,1,1,1,65.4,50.5,64.9,65.2,1,confirmed_positive,1,positive,exact_single_sku,rule_generated,approved
D0220,ALKABEER SAMOSAS PUNJABI 1 kg,Samosa-Frozen,Punjabi,single_product,1,,,0,samosa,0,0,unspecified,1000.0,1.0,,1000.0,,single_pack,VPS,PUNJABI SAMOSA,450 GMS X 10 PKTS,450.0,10.0,1,1,1,0,1,72.2,55.7,70.3,71.2,0,confirmed_negative,1,hard_negative_pack_size,exact_single_sku,rule_generated,approved
D0220,ALKABEER SAMOSAS PUNJABI 1 kg,Samosa-Frozen,Punjabi,single_product,1,,,0,samosa,0,0,unspecified,1000.0,1.0,,1000.0,,single_pack,CKBCS,BEEF COCKTAIL SAUSAGES,400 Gms x 20 Pkts,400.0,20.0,1,0,1,0,1,41.7,38.3,47.6,44.7,0,confirmed_negative,1,hard_negative_type,exact_single_sku,rule_generated,approved
D0221,"Al Kabeer MUTTON, PUNJABI SAMOSA OR CHEESE SPRING ROLLS, 240 - 450 gm",Samosa-Frozen,Punjabi,bundle,2,lamb,lamb,0,samosa|spring_roll,1,1,unspecified,240.0,1.0,,240.0,,single_pack,CCSK,KIRI CHEESE SAMOSA,20 X 240 GMS,240.0,,1,1,1,1,1,55.7,52.9,63.0,59.3,1,confirmed_positive,1,positive,requires_business_review,rule_generated,needs_review
D0221,"Al Kabeer MUTTON, PUNJABI SAMOSA OR CHEESE SPRING ROLLS, 240 - 450 gm",Samosa-Frozen,Punjabi,bundle,2,lamb,lamb,0,samosa|spring_roll,1,1,unspecified,240.0,1.0,,240.0,,single_pack,CVPS,FROZEN PUNJABI SAMOSA,900GM X 10PKT,900.0,,1,1,1,0,1,55.8,47.6,50.9,53.3,0,confirmed_negative,1,hard_negative_pack_size,requires_business_review,rule_generated,needs_review
D0221,"Al Kabeer MUTTON, PUNJABI SAMOSA OR CHEESE SPRING ROLLS, 240 - 450 gm",Samosa-Frozen,Punjabi,bundle,2,lamb,lamb,0,samosa|spring_roll,1,1,unspecified,240.0,1.0,,240.0,,single_pack,CKSR,8 CHICKEN SPRING ROLLS,280 Gms x 20 Pkts,280.0,20.0,0,1,1,0,1,45.6,46.8,52.1,48.8,0,confirmed_negative,1,hard_negative_protein,requires_business_review,rule_generated,needs_review
D0221,"Al Kabeer MUTTON, PUNJABI SAMOSA OR CHEESE SPRING ROLLS, 240 - 450 gm",Samosa-Frozen,Punjabi,bundle,2,lamb,lamb,0,samosa|spring_roll,1,1,unspecified,240.0,1.0,,240.0,,single_pack,CVJCS,JALAPENO & CHEESE STICKS 250,250 Gms x 20 Pkts,250.0,20.0,1,0,1,1,1,43.4,42.3,47.6,45.5,0,confirmed_negative,1,hard_negative_type,requires_business_review,rule_generated,needs_review
D0221,"Al Kabeer MUTTON, PUNJABI SAMOSA OR CHEESE SPRING ROLLS, 240 - 450 gm",Samosa-Frozen,Punjabi,bundle,2,lamb,lamb,0,samosa|spring_roll,1,1,unspecified,240.0,1.0,,240.0,,single_pack,CKZSSB,ZING CHICKEN STRIPS -SMOKEY BUFFALO,700 GM X 8 PKT,700.0,8.0,0,0,1,0,1,36.4,37.5,39.7,38.0,0,confirmed_negative,1,easy_negative,requires_business_review,rule_generated,needs_review
D0222,Al Kabeer Punjabi Samosas 450 gm,Samosa-Frozen,Punjabi,single_product,1,,,0,samosa,0,0,unspecified,450.0,1.0,,450.0,,single_pack,VPS,PUNJABI SAMOSA,450 GMS X 10 PKTS,450.0,10.0,1,1,1,1,1,74.0,58.0,72.7,73.4,1,confirmed_positive,1,positive,exact_single_sku,rule_generated,approved
D0222,Al Kabeer Punjabi Samosas 450 gm,Samosa-Frozen,Punjabi,single_product,1,,,0,samosa,0,0,unspecified,450.0,1.0,,450.0,,single_pack,CVPS,FROZEN PUNJABI SAMOSA,900GM X 10PKT,900.0,,1,1,1,0,1,63.6,56.4,62.5,63.1,0,confirmed_negative,1,hard_negative_pack_size,exact_single_sku,rule_generated,approved
D0222,Al Kabeer Punjabi Samosas 450 gm,Samosa-Frozen,Punjabi,single_product,1,,,0,samosa,0,0,unspecified,450.0,1.0,,450.0,,single_pack,CKBCS,BEEF COCKTAIL SAUSAGES,400 Gms x 20 Pkts,400.0,20.0,1,0,1,0,1,40.7,40.7,46.0,43.3,0,confirmed_negative,1,hard_negative_type,exact_single_sku,rule_generated,approved
D0223,Al Kabeer Punjabi Samosa 900 gm,Samosa-Frozen,Punjabi,single_product,1,,,0,samosa,0,0,unspecified,900.0,1.0,,900.0,,single_pack,CVPS,FROZEN PUNJABI SAMOSA,900GM X 10PKT,900.0,,1,1,1,1,1,62.4,56.9,62.2,62.3,1,confirmed_positive,1,positive,exact_single_sku,rule_generated,approved
D0223,Al Kabeer Punjabi Samosa 900 gm,Samosa-Frozen,Punjabi,single_product,1,,,0,samosa,0,0,unspecified,900.0,1.0,,900.0,,single_pack,VPS,PUNJABI SAMOSA,450 GMS X 10 PKTS,450.0,10.0,1,1,1,0,1,72.7,58.6,63.8,68.2,0,confirmed_negative,1,hard_negative_pack_size,exact_single_sku,rule_generated,approved
D0223,Al Kabeer Punjabi Samosa 900 gm,Samosa-Frozen,Punjabi,single_product,1,,,0,samosa,0,0,unspecified,900.0,1.0,,900.0,,single_pack,CKBCS,BEEF COCKTAIL SAUSAGES,400 Gms x 20 Pkts,400.0,20.0,1,0,1,0,1,39.3,39.3,43.0,41.2,0,confirmed_negative,1,hard_negative_type,exact_single_sku,rule_generated,approved
D0224,Al Kabeer Beef Cocktail Sausages 400Gm,Sausages-Frozen,No Variant,single_product,1,beef,beef,0,sausage,0,0,unspecified,400.0,1.0,,400.0,,single_pack,CKBCS,BEEF COCKTAIL SAUSAGES,400 Gms x 20 Pkts,400.0,20.0,1,1,1,1,1,64.4,61.0,73.3,68.9,1,confirmed_positive,1,positive,exact_single_sku,rule_generated,approved
D0224,Al Kabeer Beef Cocktail Sausages 400Gm,Sausages-Frozen,No Variant,single_product,1,beef,beef,0,sausage,0,0,unspecified,400.0,1.0,,400.0,,single_pack,CVSF,STUFFED FELAFEL,750 g. x 8,750.0,,1,1,1,0,1,40.4,34.9,39.1,39.7,0,confirmed_negative,1,hard_negative_pack_size,exact_single_sku,rule_generated,approved
D0224,Al Kabeer Beef Cocktail Sausages 400Gm,Sausages-Frozen,No Variant,single_product,1,beef,beef,0,sausage,0,0,unspecified,400.0,1.0,,400.0,,single_pack,VKCCSC,Chicken Cocktail  Frank 300 G  x 24,300 gm x 24 Pkts,300.0,24.0,0,1,1,0,1,47.5,39.2,61.8,54.7,0,confirmed_negative,1,hard_negative_protein,exact_single_sku,rule_generated,approved
D0224,Al Kabeer Beef Cocktail Sausages 400Gm,Sausages-Frozen,No Variant,single_product,1,beef,beef,0,sausage,0,0,unspecified,400.0,1.0,,400.0,,single_pack,CFB,BEEF FRANKS,454 Gms x 20 Pkts,454.0,20.0,1,0,1,0,1,52.1,43.8,51.2,51.7,0,confirmed_negative,1,hard_negative_type,exact_single_sku,rule_generated,approved
D0224,Al Kabeer Beef Cocktail Sausages 400Gm,Sausages-Frozen,No Variant,single_product,1,beef,beef,0,sausage,0,0,unspecified,400.0,1.0,,400.0,,single_pack,CKN400,CHICKEN NUGGETS (400G),400 Gms x 12 Pkts,400.0,12.0,0,0,1,1,1,42.7,37.6,40.5,41.6,0,confirmed_negative,1,easy_negative,exact_single_sku,rule_generated,approved
D0225,Al Kabeer Tandoori Chicken Tikka/Shish Tawook/Chicken Seekh Kebab 1 kg,Seekh Kabab-Frozen,No Variant,bundle,3,chicken,chicken,0,kebab|shish_tawook|tikka,1,0,unspecified,1000.0,1.0,,1000.0,,single_pack,CKCSB,CHICKEN SEEKH KEBAB BULK,1 kg x 5,1000.0,5.0,1,1,1,1,1,56.6,53.8,74.6,65.6,1,confirmed_positive,1,positive,requires_business_review,rule_generated,needs_review
D0225,Al Kabeer Tandoori Chicken Tikka/Shish Tawook/Chicken Seekh Kebab 1 kg,Seekh Kabab-Frozen,No Variant,bundle,3,chicken,chicken,0,kebab|shish_tawook|tikka,1,0,unspecified,1000.0,1.0,,1000.0,,single_pack,CKCS,8 CHICKEN SEEKH KEBAB,320 Gms x 24 Pkts,320.0,24.0,1,1,1,0,1,52.7,51.4,60.3,56.5,0,confirmed_negative,1,hard_negative_pack_size,requires_business_review,rule_generated,needs_review
D0225,Al Kabeer Tandoori Chicken Tikka/Shish Tawook/Chicken Seekh Kebab 1 kg,Seekh Kabab-Frozen,No Variant,bundle,3,chicken,chicken,0,kebab|shish_tawook|tikka,1,0,unspecified,1000.0,1.0,,1000.0,,single_pack,CKBS,8 BEEF SEEKH KEBAB,320 Gms x 24 Pkts,320.0,24.0,0,1,1,0,1,46.5,42.3,42.7,44.6,0,confirmed_negative,1,hard_negative_protein,requires_business_review,rule_generated,needs_review
D0225,Al Kabeer Tandoori Chicken Tikka/Shish Tawook/Chicken Seekh Kebab 1 kg,Seekh Kabab-Frozen,No Variant,bundle,3,chicken,chicken,0,kebab|shish_tawook|tikka,1,0,unspecified,1000.0,1.0,,1000.0,,single_pack,CKMCB,TENDER CHICKEN BREAST,1 Kgs x 5 Pkts,1000.0,5.0,1,0,1,1,1,47.7,51.6,55.2,51.5,0,confirmed_negative,1,hard_negative_type,requires_business_review,rule_generated,needs_review
D0225,Al Kabeer Tandoori Chicken Tikka/Shish Tawook/Chicken Seekh Kebab 1 kg,Seekh Kabab-Frozen,No Variant,bundle,3,chicken,chicken,0,kebab|shish_tawook|tikka,1,0,unspecified,1000.0,1.0,,1000.0,,single_pack,CBBUR,BEEF BURGERS 56 g.,840 g. x 9,840.0,,0,0,1,0,1,26.3,27.7,23.1,24.7,0,confirmed_negative,1,easy_negative,requires_business_review,rule_generated,needs_review
D0227,Al Kabeer Chicken Seekh Kebabs 320 gm,Seekh Kabab-Frozen,No Variant,single_product,1,chicken,chicken,0,kebab,0,0,unspecified,320.0,1.0,,320.0,,single_pack,CKCS,8 CHICKEN SEEKH KEBAB,320 Gms x 24 Pkts,320.0,24.0,1,1,1,1,1,71.3,59.1,71.3,71.3,1,confirmed_positive,1,positive,exact_single_sku,rule_generated,approved
D0227,Al Kabeer Chicken Seekh Kebabs 320 gm,Seekh Kabab-Frozen,No Variant,single_product,1,chicken,chicken,0,kebab,0,0,unspecified,320.0,1.0,,320.0,,single_pack,CKCSB,CHICKEN SEEKH KEBAB BULK,1 kg x 5,1000.0,5.0,1,1,1,0,1,67.9,57.1,62.5,65.2,0,confirmed_negative,1,hard_negative_pack_size,exact_single_sku,rule_generated,approved
D0227,Al Kabeer Chicken Seekh Kebabs 320 gm,Seekh Kabab-Frozen,No Variant,single_product,1,chicken,chicken,0,kebab,0,0,unspecified,320.0,1.0,,320.0,,single_pack,CKBS,8 BEEF SEEKH KEBAB,320 Gms x 24 Pkts,320.0,24.0,0,1,1,1,1,64.2,53.2,59.5,61.9,0,confirmed_negative,1,hard_negative_protein,exact_single_sku,rule_generated,approved
D0227,Al Kabeer Chicken Seekh Kebabs 320 gm,Seekh Kabab-Frozen,No Variant,single_product,1,chicken,chicken,0,kebab,0,0,unspecified,320.0,1.0,,320.0,,single_pack,CKK,CHICKEN KIBBEH 400,400 Gms x 12 Pkts,400.0,12.0,1,0,1,0,1,50.0,41.9,54.4,52.2,0,confirmed_negative,1,hard_negative_type,exact_single_sku,rule_generated,approved
D0227,Al Kabeer Chicken Seekh Kebabs 320 gm,Seekh Kabab-Frozen,No Variant,single_product,1,chicken,chicken,0,kebab,0,0,unspecified,320.0,1.0,,320.0,,single_pack,CVSAA,VEGETABLE SAMOSAS BULK,1.2 Kgs x 4 Pkts,1200.0,4.0,0,0,1,0,1,35.9,34.2,36.6,36.2,0,confirmed_negative,1,easy_negative,exact_single_sku,rule_generated,approved
D0229,Al Kabeer Shish Tawook 240 gm,Shish/Sheesh Tawook-Frozen,No Variant,single_product,1,,,0,shish_tawook,0,0,unspecified,240.0,1.0,,240.0,,single_pack,CKST,SHISH TAWOOK,240 Gms x 20 Pkts,240.0,20.0,1,1,1,1,1,63.5,50.0,50.5,57.0,1,confirmed_positive,1,positive,exact_single_sku,rule_generated,approved
D0229,Al Kabeer Shish Tawook 240 gm,Shish/Sheesh Tawook-Frozen,No Variant,single_product,1,,,0,shish_tawook,0,0,unspecified,240.0,1.0,,240.0,,single_pack,CKSTA,SHISH TAWOOK BULK,1 Kgs x 5 Pkts,1000.0,5.0,1,1,1,0,1,57.7,48.6,46.2,51.9,0,confirmed_negative,1,hard_negative_pack_size,exact_single_sku,rule_generated,approved
D0229,Al Kabeer Shish Tawook 240 gm,Shish/Sheesh Tawook-Frozen,No Variant,single_product,1,,,0,shish_tawook,0,0,unspecified,240.0,1.0,,240.0,,single_pack,CKSK,SHISH KEBAB,600 Gms x 12 Pkts,600.0,12.0,1,0,1,0,1,48.4,42.1,47.4,47.9,0,confirmed_negative,1,hard_negative_type,exact_single_sku,rule_generated,approved
D0233,Al Kabeer Chicken Spring Rolls 1120g,Spring Roll-Frozen,No Variant,single_product,1,chicken,chicken,0,spring_roll,0,0,unspecified,1120.0,1.0,,1120.0,,single_pack,CKSRA,CHICKEN SPRING ROLL BULK (5*1120G),1.12 kg x 5 pkts,1120.0,5.0,1,1,1,1,1,60.7,51.0,63.3,62.0,1,confirmed_positive,1,positive,exact_single_sku,rule_generated,approved
D0233,Al Kabeer Chicken Spring Rolls 1120g,Spring Roll-Frozen,No Variant,single_product,1,chicken,chicken,0,spring_roll,0,0,unspecified,1120.0,1.0,,1120.0,,single_pack,CKSR,8 CHICKEN SPRING ROLLS,280 Gms x 20 Pkts,280.0,20.0,1,1,1,0,1,65.6,57.4,75.8,70.7,0,confirmed_negative,1,hard_negative_pack_size,exact_single_sku,rule_generated,approved
D0233,Al Kabeer Chicken Spring Rolls 1120g,Spring Roll-Frozen,No Variant,single_product,1,chicken,chicken,0,spring_roll,0,0,unspecified,1120.0,1.0,,1120.0,,single_pack,CVSR,8 VEGETABLE SPRING ROLLS,280 Gms x 20 Pkts,280.0,20.0,0,1,1,0,1,50.8,52.4,60.2,55.5,0,confirmed_negative,1,hard_negative_protein,exact_single_sku,rule_generated,approved
D0233,Al Kabeer Chicken Spring Rolls 1120g,Spring Roll-Frozen,No Variant,single_product,1,chicken,chicken,0,spring_roll,0,0,unspecified,1120.0,1.0,,1120.0,,single_pack,CKZL,ZING CHICKEN LOLLIPOP 420,420 Gms x 12 Pkts,420.0,12.0,1,0,1,0,1,51.6,38.7,52.6,52.1,0,confirmed_negative,1,hard_negative_type,exact_single_sku,rule_generated,approved
D0233,Al Kabeer Chicken Spring Rolls 1120g,Spring Roll-Frozen,No Variant,single_product,1,chicken,chicken,0,spring_roll,0,0,unspecified,1120.0,1.0,,1120.0,,single_pack,CBK,BEEF KIBBEH 400,400 Gms x 12 Pkts,400.0,12.0,0,0,1,0,1,32.5,29.1,36.7,34.6,0,confirmed_negative,1,easy_negative,exact_single_sku,rule_generated,approved
D0235,AL KABEER CHEESE SPRING ROLLS 240GM/ VEGETABLE SPRING ROLLS 280GM /CHICKEN SPRING ROLLS 280GM,Spring Roll-Frozen,No Variant,multiple_choice,2,,chicken|veg,1,spring_roll,0,1,unspecified,240.0,1.0,,240.0,,single_pack,CVSR,8 VEGETABLE SPRING ROLLS,280 Gms x 20 Pkts,280.0,20.0,1,1,1,1,1,66.7,60.1,68.4,67.5,1,confirmed_positive,1,positive,valid_multi_sku,rule_generated,approved
D0235,AL KABEER CHEESE SPRING ROLLS 240GM/ VEGETABLE SPRING ROLLS 280GM /CHICKEN SPRING ROLLS 280GM,Spring Roll-Frozen,No Variant,multiple_choice,2,,chicken|veg,1,spring_roll,0,1,unspecified,240.0,1.0,,240.0,,single_pack,CKSR,8 CHICKEN SPRING ROLLS,280 Gms x 20 Pkts,280.0,20.0,1,1,1,1,1,59.2,65.9,56.9,58.1,1,confirmed_positive,1,positive,valid_multi_sku,rule_generated,approved
D0235,AL KABEER CHEESE SPRING ROLLS 240GM/ VEGETABLE SPRING ROLLS 280GM /CHICKEN SPRING ROLLS 280GM,Spring Roll-Frozen,No Variant,multiple_choice,2,,chicken|veg,1,spring_roll,0,1,unspecified,240.0,1.0,,240.0,,single_pack,CVSRP,8 VEGETABLE SPRING ROLLS TWIN PROMO PACK,560 Gms x 10 Pkts,560.0,10.0,1,1,1,0,1,64.2,52.1,60.2,62.2,0,confirmed_negative,1,hard_negative_pack_size,valid_multi_sku,rule_generated,approved
D0235,AL KABEER CHEESE SPRING ROLLS 240GM/ VEGETABLE SPRING ROLLS 280GM /CHICKEN SPRING ROLLS 280GM,Spring Roll-Frozen,No Variant,multiple_choice,2,,chicken|veg,1,spring_roll,0,1,unspecified,240.0,1.0,,240.0,,single_pack,LBVL,BONELESS VEAL LOCAL,20 X 2 LB,907.184,,0,1,1,0,1,34.9,34.9,40.7,37.8,0,confirmed_negative,1,hard_negative_protein,valid_multi_sku,rule_generated,approved
D0235,AL KABEER CHEESE SPRING ROLLS 240GM/ VEGETABLE SPRING ROLLS 280GM /CHICKEN SPRING ROLLS 280GM,Spring Roll-Frozen,No Variant,multiple_choice,2,,chicken|veg,1,spring_roll,0,1,unspecified,240.0,1.0,,240.0,,single_pack,CVSAP,VEGETABLE SAMOSA TWIN PROMO PACK,480 Gms x 10 Pkts,480.0,10.0,1,0,1,0,1,43.3,42.3,48.3,45.8,0,confirmed_negative,1,hard_negative_type,valid_multi_sku,rule_generated,approved
D0235,AL KABEER CHEESE SPRING ROLLS 240GM/ VEGETABLE SPRING ROLLS 280GM /CHICKEN SPRING ROLLS 280GM,Spring Roll-Frozen,No Variant,multiple_choice,2,,chicken|veg,1,spring_roll,0,1,unspecified,240.0,1.0,,240.0,,single_pack,CKBCS,BEEF COCKTAIL SAUSAGES,400 Gms x 20 Pkts,400.0,20.0,0,0,1,0,1,34.1,35.2,31.6,32.8,0,confirmed_negative,1,easy_negative,valid_multi_sku,rule_generated,approved
D0236,Al Kabeer Chicken Spring Rolls 280 gm,Spring Roll-Frozen,No Variant,single_product,1,chicken,chicken,0,spring_roll,0,0,unspecified,280.0,1.0,,280.0,,single_pack,CKSR,8 CHICKEN SPRING ROLLS,280 Gms x 20 Pkts,280.0,20.0,1,1,1,1,1,68.3,58.5,76.1,72.2,1,confirmed_positive,1,positive,exact_single_sku,rule_generated,approved
D0236,Al Kabeer Chicken Spring Rolls 280 gm,Spring Roll-Frozen,No Variant,single_product,1,chicken,chicken,0,spring_roll,0,0,unspecified,280.0,1.0,,280.0,,single_pack,CCSRA,8 CHEESE SPRING ROLLS,240 Gms x 20 Pkts,240.0,20.0,1,1,1,0,1,64.5,54.5,68.1,66.3,0,confirmed_negative,1,hard_negative_pack_size,exact_single_sku,rule_generated,approved
D0236,Al Kabeer Chicken Spring Rolls 280 gm,Spring Roll-Frozen,No Variant,single_product,1,chicken,chicken,0,spring_roll,0,0,unspecified,280.0,1.0,,280.0,,single_pack,CVSR,8 VEGETABLE SPRING ROLLS,280 Gms x 20 Pkts,280.0,20.0,0,1,1,1,1,55.1,55.1,61.7,58.4,0,confirmed_negative,1,hard_negative_protein,exact_single_sku,rule_generated,approved
D0236,Al Kabeer Chicken Spring Rolls 280 gm,Spring Roll-Frozen,No Variant,single_product,1,chicken,chicken,0,spring_roll,0,0,unspecified,280.0,1.0,,280.0,,single_pack,CKZS,ZING CHICKEN STRIPS,320 Gms x 20 Pkts,320.0,20.0,1,0,1,0,1,55.4,44.6,56.5,55.9,0,confirmed_negative,1,hard_negative_type,exact_single_sku,rule_generated,approved
D0236,Al Kabeer Chicken Spring Rolls 280 gm,Spring Roll-Frozen,No Variant,single_product,1,chicken,chicken,0,spring_roll,0,0,unspecified,280.0,1.0,,280.0,,single_pack,VVGP,GREEN PEAS,400 gm x 20 Pkts,400.0,20.0,0,0,1,0,1,40.8,36.7,42.4,41.6,0,confirmed_negative,1,easy_negative,exact_single_sku,rule_generated,approved
D0237,Al Kabeer Cheese Spring Roll 2x240 gm / Chicken Spring Roll 560 gm,Spring Roll-Frozen,No Variant,single_product,1,chicken,chicken,0,spring_roll,0,1,unspecified,240.0,2.0,,480.0,,multipack,CCSRA,8 CHEESE SPRING ROLLS,240 Gms x 20 Pkts,240.0,20.0,1,1,1,1,1,74.7,60.0,56.0,65.3,1,confirmed_positive,1,positive,exact_single_sku,rule_generated,approved
D0237,Al Kabeer Cheese Spring Roll 2x240 gm / Chicken Spring Roll 560 gm,Spring Roll-Frozen,No Variant,single_product,1,chicken,chicken,0,spring_roll,0,1,unspecified,240.0,2.0,,480.0,,multipack,CKSR,8 CHICKEN SPRING ROLLS,280 Gms x 20 Pkts,280.0,20.0,1,1,1,0,1,75.0,59.2,57.4,66.2,0,confirmed_negative,1,hard_negative_pack_size,exact_single_sku,rule_generated,approved
D0237,Al Kabeer Cheese Spring Roll 2x240 gm / Chicken Spring Roll 560 gm,Spring Roll-Frozen,No Variant,single_product,1,chicken,chicken,0,spring_roll,0,1,unspecified,240.0,2.0,,480.0,,multipack,CVSR,8 VEGETABLE SPRING ROLLS,280 Gms x 20 Pkts,280.0,20.0,0,1,1,0,1,57.7,55.1,48.5,53.1,0,confirmed_negative,1,hard_negative_protein,exact_single_sku,rule_generated,approved
D0237,Al Kabeer Cheese Spring Roll 2x240 gm / Chicken Spring Roll 560 gm,Spring Roll-Frozen,No Variant,single_product,1,chicken,chicken,0,spring_roll,0,1,unspecified,240.0,2.0,,480.0,,multipack,CKZF,ZING CHICKEN FILLETS 465,465 Gms x 12 Pkts,465.0,12.0,1,0,1,1,0,48.7,42.1,56.2,52.5,0,confirmed_negative,1,hard_negative_type,exact_single_sku,rule_generated,approved
D0237,Al Kabeer Cheese Spring Roll 2x240 gm / Chicken Spring Roll 560 gm,Spring Roll-Frozen,No Variant,single_product,1,chicken,chicken,0,spring_roll,0,1,unspecified,240.0,2.0,,480.0,,multipack,BC40,BEEF CUBES,2 lb x 20 Pkts,907.184,20.0,0,0,1,0,1,32.6,34.1,33.0,32.8,0,confirmed_negative,1,easy_negative,exact_single_sku,rule_generated,approved
D0239,Al Kabeer Chicken Samosas 24's 480gm / Vegetable Samosas 24pc 480gm / Vegetable Spring Rolls 16pc 560gm / Chicken Spring Rolls 16pcs 560gm,Spring Roll-Frozen,No Variant,bundle,2,,chicken|veg,1,samosa|spring_roll,1,1,unspecified,,,,,24.0,piece_count,CVSRP,8 VEGETABLE SPRING ROLLS TWIN PROMO PACK,560 Gms x 10 Pkts,560.0,10.0,1,1,1,1,1,58.5,46.9,58.1,58.3,1,confirmed_positive,1,positive,requires_business_review,rule_generated,needs_review
D0239,Al Kabeer Chicken Samosas 24's 480gm / Vegetable Samosas 24pc 480gm / Vegetable Spring Rolls 16pc 560gm / Chicken Spring Rolls 16pcs 560gm,Spring Roll-Frozen,No Variant,bundle,2,,chicken|veg,1,samosa|spring_roll,1,1,unspecified,,,,,24.0,piece_count,CVSR,8 VEGETABLE SPRING ROLLS,280 Gms x 20 Pkts,280.0,20.0,1,1,1,0,1,59.6,45.6,68.4,64.0,0,confirmed_negative,1,hard_negative_pack_size,requires_business_review,rule_generated,needs_review
D0239,Al Kabeer Chicken Samosas 24's 480gm / Vegetable Samosas 24pc 480gm / Vegetable Spring Rolls 16pc 560gm / Chicken Spring Rolls 16pcs 560gm,Spring Roll-Frozen,No Variant,bundle,2,,chicken|veg,1,samosa|spring_roll,1,1,unspecified,,,,,24.0,piece_count,CMSA,12 MUTTON SAMOSAS,240 Gms x 20 Pkts,240.0,20.0,0,1,1,0,1,36.4,34.4,39.4,37.9,0,confirmed_negative,1,hard_negative_protein,requires_business_review,rule_generated,needs_review
D0239,Al Kabeer Chicken Samosas 24's 480gm / Vegetable Samosas 24pc 480gm / Vegetable Spring Rolls 16pc 560gm / Chicken Spring Rolls 16pcs 560gm,Spring Roll-Frozen,No Variant,bundle,2,,chicken|veg,1,samosa|spring_roll,1,1,unspecified,,,,,24.0,piece_count,CKZSNSAPR,AK PRO Zing Chicken Strips Non Spicy 1 kg x 10,1kg X 10pkts,1000.0,,1,0,1,0,1,45.0,41.2,44.9,45.0,0,confirmed_negative,1,hard_negative_type,requires_business_review,rule_generated,needs_review
D0239,Al Kabeer Chicken Samosas 24's 480gm / Vegetable Samosas 24pc 480gm / Vegetable Spring Rolls 16pc 560gm / Chicken Spring Rolls 16pcs 560gm,Spring Roll-Frozen,No Variant,bundle,2,,chicken|veg,1,samosa|spring_roll,1,1,unspecified,,,,,24.0,piece_count,CLK,LAMB KIBBEH,400 Gms x 12 Pkts,400.0,12.0,0,0,1,0,1,28.4,26.5,33.3,30.9,0,confirmed_negative,1,easy_negative,requires_business_review,rule_generated,needs_review
D0240,Al Kabeer Chicken Spring Rolls 560 gm,Spring Roll-Frozen,No Variant,single_product,1,chicken,chicken,0,spring_roll,0,0,unspecified,560.0,1.0,,560.0,,single_pack,CKSRP,8 CHICKEN SPRING ROLLS TWIN PROMO PACK,560 Gms x 10 Pkts,560.0,10.0,1,1,1,1,1,54.2,46.5,74.6,64.4,1,confirmed_positive,1,positive,exact_single_sku,rule_generated,approved
D0240,Al Kabeer Chicken Spring Rolls 560 gm,Spring Roll-Frozen,No Variant,single_product,1,chicken,chicken,0,spring_roll,0,0,unspecified,560.0,1.0,,560.0,,single_pack,CKSR,8 CHICKEN SPRING ROLLS,280 Gms x 20 Pkts,280.0,20.0,1,1,1,0,1,66.7,56.9,74.6,70.6,0,confirmed_negative,1,hard_negative_pack_size,exact_single_sku,rule_generated,approved
D0240,Al Kabeer Chicken Spring Rolls 560 gm,Spring Roll-Frozen,No Variant,single_product,1,chicken,chicken,0,spring_roll,0,0,unspecified,560.0,1.0,,560.0,,single_pack,CVSR,8 VEGETABLE SPRING ROLLS,280 Gms x 20 Pkts,280.0,20.0,0,1,1,0,1,53.5,53.5,59.6,56.6,0,confirmed_negative,1,hard_negative_protein,exact_single_sku,rule_generated,approved
D0240,Al Kabeer Chicken Spring Rolls 560 gm,Spring Roll-Frozen,No Variant,single_product,1,chicken,chicken,0,spring_roll,0,0,unspecified,560.0,1.0,,560.0,,single_pack,CKZS,ZING CHICKEN STRIPS,320 Gms x 20 Pkts,320.0,20.0,1,0,1,0,1,53.6,42.9,54.1,53.8,0,confirmed_negative,1,hard_negative_type,exact_single_sku,rule_generated,approved
D0240,Al Kabeer Chicken Spring Rolls 560 gm,Spring Roll-Frozen,No Variant,single_product,1,chicken,chicken,0,spring_roll,0,0,unspecified,560.0,1.0,,560.0,,single_pack,CLKA,LAMB KIBBEH BULK,1 Kgs x 5 Pkts,1000.0,5.0,0,0,1,0,1,37.6,30.8,38.8,38.2,0,confirmed_negative,1,easy_negative,exact_single_sku,rule_generated,approved
D0244,Al Kabeer Strawberries 900 gm,Strawberry-Frozen,No Variant,single_product,1,,,0,,0,0,unspecified,900.0,1.0,,900.0,,single_pack,VSB,STRAWBERRIES,900 gm x 10 Pkts,900.0,10.0,1,1,1,1,1,62.6,52.5,62.6,62.6,1,confirmed_positive,1,positive,exact_single_sku,rule_generated,approved
D0244,Al Kabeer Strawberries 900 gm,Strawberry-Frozen,No Variant,single_product,1,,,0,,0,0,unspecified,900.0,1.0,,900.0,,single_pack,CSL,PRAWNS LARGE 400,400 Gms x 20 Pkts,400.0,20.0,1,1,1,0,1,41.9,36.2,43.5,42.7,0,confirmed_negative,1,hard_negative_pack_size,exact_single_sku,rule_generated,approved
D0245,Al Kabeer Sweet Corn 1 kg,Sweet Corn-Frozen,No Variant,single_product,1,veg,veg,0,,0,0,unspecified,1000.0,1.0,,1000.0,,single_pack,VSC10,SWEET CORN BULK,1 kg x 10 Pkts,1000.0,10.0,1,1,1,1,1,62.4,51.6,68.4,65.4,1,confirmed_positive,1,positive,exact_single_sku,rule_generated,approved
D0245,Al Kabeer Sweet Corn 1 kg,Sweet Corn-Frozen,No Variant,single_product,1,veg,veg,0,,0,0,unspecified,1000.0,1.0,,1000.0,,single_pack,VSC,SWEET CORN 400,400 gm x 20 Pkts,400.0,20.0,1,1,1,0,1,55.9,51.6,57.1,56.5,0,confirmed_negative,1,hard_negative_pack_size,exact_single_sku,rule_generated,approved
D0245,Al Kabeer Sweet Corn 1 kg,Sweet Corn-Frozen,No Variant,single_product,1,veg,veg,0,,0,0,unspecified,1000.0,1.0,,1000.0,,single_pack,CKCSB,CHICKEN SEEKH KEBAB BULK,1 kg x 5,1000.0,5.0,0,1,1,1,1,50.5,38.4,51.6,51.1,0,confirmed_negative,1,hard_negative_protein,exact_single_sku,rule_generated,approved
D0246,ALKABEER CORN ON THE COB 4 pcs,Sweet Corn-Frozen,No Variant,single_product,1,veg,veg,0,,0,0,unspecified,,,,,4.0,piece_count,VECC,CORN ON THE COB,1 kg x 12 Pkts,1000.0,12.0,1,1,1,0,1,57.1,46.9,58.8,58.0,-1,unresolved,0,unresolved_near_tie,no_exact_master_sku,rule_generated,needs_review
D0246,ALKABEER CORN ON THE COB 4 pcs,Sweet Corn-Frozen,No Variant,single_product,1,veg,veg,0,,0,0,unspecified,,,,,4.0,piece_count,VSC10,SWEET CORN BULK,1 kg x 10 Pkts,1000.0,10.0,1,1,1,0,1,57.1,44.9,56.1,56.6,-1,unresolved,0,unresolved_near_tie,no_exact_master_sku,rule_generated,needs_review
D0246,ALKABEER CORN ON THE COB 4 pcs,Sweet Corn-Frozen,No Variant,single_product,1,veg,veg,0,,0,0,unspecified,,,,,4.0,piece_count,CBBOT,TAYEBAT BEEF BURGERS ONION BULK,1 Kgs x 9 Pkts,1000.0,9.0,0,1,1,0,1,41.3,33.3,44.2,42.7,0,confirmed_negative,1,hard_negative_protein,no_exact_master_sku,rule_generated,needs_review
D0247,Al Kabeer Sweet Corn 400 gm,Sweet Corn-Frozen,No Variant,single_product,1,veg,veg,0,,0,0,unspecified,400.0,1.0,,400.0,,single_pack,VSC,SWEET CORN 400,400 gm x 20 Pkts,400.0,20.0,1,1,1,1,1,65.3,56.8,77.3,71.3,1,confirmed_positive,1,positive,exact_single_sku,rule_generated,approved
D0247,Al Kabeer Sweet Corn 400 gm,Sweet Corn-Frozen,No Variant,single_product,1,veg,veg,0,,0,0,unspecified,400.0,1.0,,400.0,,single_pack,VSC10,SWEET CORN BULK,1 kg x 10 Pkts,1000.0,10.0,1,1,1,0,1,61.1,50.5,54.8,57.9,0,confirmed_negative,1,hard_negative_pack_size,exact_single_sku,rule_generated,approved
D0247,Al Kabeer Sweet Corn 400 gm,Sweet Corn-Frozen,No Variant,single_product,1,veg,veg,0,,0,0,unspecified,400.0,1.0,,400.0,,single_pack,CKCS,8 CHICKEN SEEKH KEBAB,320 Gms x 24 Pkts,320.0,24.0,0,1,1,0,1,48.1,32.7,47.9,48.0,0,confirmed_negative,1,hard_negative_protein,exact_single_sku,rule_generated,approved
D0250,AL KABEER TORTILLA WRAPS PLAIN 8INC 12PCS,Tortilla Wraps-Frozen,No Variant,single_product,1,,,0,,0,0,unspecified,,,,,12.0,piece_count,VTORP,"TORTILLA WRAPS PLAIN 8""",570 gm,570.0,,1,1,1,1,1,68.3,65.0,65.6,66.9,1,confirmed_positive,1,positive,exact_single_sku,rule_generated,approved
D0250,AL KABEER TORTILLA WRAPS PLAIN 8INC 12PCS,Tortilla Wraps-Frozen,No Variant,single_product,1,,,0,,0,0,unspecified,,,,,12.0,piece_count,VTORP10,TORTILLA WRAPS PLAIN 10.5 INCHES,875 gm x 10 Pkts,875.0,10.0,1,1,1,0,1,63.6,55.6,65.6,64.6,0,confirmed_negative,1,hard_negative_pack_size,exact_single_sku,rule_generated,approved
D0251,Al Kabeer Tortilla Wraps 875 gm,Tortilla Wraps-Frozen,No Variant,single_product,1,,,0,,0,0,unspecified,875.0,1.0,,875.0,,single_pack,VTOR,"TORTILLA WRAPS HOT  N  SPICY 10.5""",875 gm x 10 Pkts,875.0,10.0,1,1,1,1,1,55.3,44.1,70.8,63.1,-1,unresolved,0,unresolved_near_tie,no_exact_master_sku,rule_generated,needs_review
D0251,Al Kabeer Tortilla Wraps 875 gm,Tortilla Wraps-Frozen,No Variant,single_product,1,,,0,,0,0,unspecified,875.0,1.0,,875.0,,single_pack,VTORP10,TORTILLA WRAPS PLAIN 10.5 INCHES,875 gm x 10 Pkts,875.0,10.0,1,1,1,1,1,55.3,45.4,70.8,63.1,-1,unresolved,0,unresolved_near_tie,no_exact_master_sku,rule_generated,needs_review
D0251,Al Kabeer Tortilla Wraps 875 gm,Tortilla Wraps-Frozen,No Variant,single_product,1,,,0,,0,0,unspecified,875.0,1.0,,875.0,,single_pack,VTORP,"TORTILLA WRAPS PLAIN 8""",570 gm,570.0,,1,1,1,0,1,67.3,56.6,70.8,69.0,0,confirmed_negative,1,hard_negative_pack_size,no_exact_master_sku,rule_generated,needs_review
D0253,Al Kabeer Dori Frozen Fish Fillet 1 kg,White fish Fillet,No Variant,single_product,1,fish,fish,0,fillet,0,0,unspecified,1000.0,1.0,,1000.0,,single_pack,FFW1,WHITE FISH FILLET 1KG,1kg X 10 Pkts,1000.0,10.0,1,1,1,1,1,61.7,60.0,60.0,60.8,-1,unresolved,0,unresolved_near_tie,no_exact_master_sku,rule_generated,needs_review
D0253,Al Kabeer Dori Frozen Fish Fillet 1 kg,White fish Fillet,No Variant,single_product,1,fish,fish,0,fillet,0,0,unspecified,1000.0,1.0,,1000.0,,single_pack,FCD,CREAM DORI FISH FILLETS,Asstd. Wt.,,,1,1,1,0,1,57.9,56.2,58.8,58.3,-1,unresolved,0,unresolved_near_tie,no_exact_master_sku,rule_generated,needs_review
D0253,Al Kabeer Dori Frozen Fish Fillet 1 kg,White fish Fillet,No Variant,single_product,1,fish,fish,0,fillet,0,0,unspecified,1000.0,1.0,,1000.0,,single_pack,FSAPR,AK PRO FISH FILLET,2 KGS X 5,2000.0,5.0,1,1,1,0,1,61.8,60.0,53.5,57.7,0,confirmed_negative,1,hard_negative_pack_size,no_exact_master_sku,rule_generated,needs_review
D0253,Al Kabeer Dori Frozen Fish Fillet 1 kg,White fish Fillet,No Variant,single_product,1,fish,fish,0,fillet,0,0,unspecified,1000.0,1.0,,1000.0,,single_pack,CKBCF,BREADED CHICKEN FILLETS,450 Gms x 12 Pkts,450.0,12.0,0,1,1,0,1,45.3,46.9,43.5,44.4,0,confirmed_negative,1,hard_negative_protein,no_exact_master_sku,rule_generated,needs_review
D0253,Al Kabeer Dori Frozen Fish Fillet 1 kg,White fish Fillet,No Variant,single_product,1,fish,fish,0,fillet,0,0,unspecified,1000.0,1.0,,1000.0,,single_pack,VFFA,FRENCH FRIES 1,1 kg x 10 Pkts,1000.0,10.0,1,0,1,1,1,45.0,43.2,44.2,44.6,0,confirmed_negative,1,hard_negative_type,no_exact_master_sku,rule_generated,needs_review
D0253,Al Kabeer Dori Frozen Fish Fillet 1 kg,White fish Fillet,No Variant,single_product,1,fish,fish,0,fillet,0,0,unspecified,1000.0,1.0,,1000.0,,single_pack,CKNNAPR,AK PRO Chicken Nuggets 1 kg x 10,10 X 1000 GMS,1000.0,,0,0,1,1,1,31.0,31.0,35.6,33.3,0,confirmed_negative,1,easy_negative,no_exact_master_sku,rule_generated,needs_review
D0254,Al Kabeer White Fish Fillets 1000 gm,White fish Fillet,No Variant,single_product,1,fish,fish,0,fillet,0,0,unspecified,1000.0,1.0,,1000.0,,single_pack,FFW1,WHITE FISH FILLET 1KG,1kg X 10 Pkts,1000.0,10.0,1,1,1,1,1,72.9,64.4,74.2,73.5,1,confirmed_positive,1,positive,exact_single_sku,rule_generated,approved
D0254,Al Kabeer White Fish Fillets 1000 gm,White fish Fillet,No Variant,single_product,1,fish,fish,0,fillet,0,0,unspecified,1000.0,1.0,,1000.0,,single_pack,FSAPR,AK PRO FISH FILLET,2 KGS X 5,2000.0,5.0,1,1,1,0,1,63.0,55.6,65.9,64.4,0,confirmed_negative,1,hard_negative_pack_size,exact_single_sku,rule_generated,approved
D0254,Al Kabeer White Fish Fillets 1000 gm,White fish Fillet,No Variant,single_product,1,fish,fish,0,fillet,0,0,unspecified,1000.0,1.0,,1000.0,,single_pack,CKZFA5,ZING CHICKEN FILLET BULK 5-OUNCE,5 PKTS X 1000 GRM,1000.0,5.0,0,1,1,1,1,45.8,38.9,61.3,53.6,0,confirmed_negative,1,hard_negative_protein,exact_single_sku,rule_generated,approved
D0254,Al Kabeer White Fish Fillets 1000 gm,White fish Fillet,No Variant,single_product,1,fish,fish,0,fillet,0,0,unspecified,1000.0,1.0,,1000.0,,single_pack,CFS,FISH FINGERS 300,300 Gms x 20 Pkts,300.0,20.0,1,0,1,0,1,51.2,44.6,47.2,49.2,0,confirmed_negative,1,hard_negative_type,exact_single_sku,rule_generated,approved
D0254,Al Kabeer White Fish Fillets 1000 gm,White fish Fillet,No Variant,single_product,1,fish,fish,0,fillet,0,0,unspecified,1000.0,1.0,,1000.0,,single_pack,CBBAGPR,AK PRO BEEF BURGER 24,1.392 kg x 6 Pkts,1392.0,6.0,0,0,1,0,1,31.1,32.8,32.6,31.9,0,confirmed_negative,1,easy_negative,exact_single_sku,rule_generated,approved
D0255,Al Kabeer FROZEN FISH FILLET 2 kg,White fish Fillet,No Variant,single_product,1,fish,fish,0,fillet,0,0,unspecified,2000.0,1.0,,2000.0,,single_pack,FSAPR,AK PRO FISH FILLET,2 KGS X 5,2000.0,5.0,1,1,1,1,1,62.9,62.9,56.8,59.8,1,confirmed_positive,1,positive,exact_single_sku,rule_generated,approved
D0255,Al Kabeer FROZEN FISH FILLET 2 kg,White fish Fillet,No Variant,single_product,1,fish,fish,0,fillet,0,0,unspecified,2000.0,1.0,,2000.0,,single_pack,FFW1,WHITE FISH FILLET 1KG,1kg X 10 Pkts,1000.0,10.0,1,1,1,0,1,60.9,59.1,60.7,60.8,0,confirmed_negative,1,hard_negative_pack_size,exact_single_sku,rule_generated,approved
D0255,Al Kabeer FROZEN FISH FILLET 2 kg,White fish Fillet,No Variant,single_product,1,fish,fish,0,fillet,0,0,unspecified,2000.0,1.0,,2000.0,,single_pack,CKBCFH,BREADED CHICKEN FILLETS HOT N SPICY,330 Gms x 20 Pkts,330.0,20.0,0,1,1,0,1,43.5,42.2,41.2,42.4,0,confirmed_negative,1,hard_negative_protein,exact_single_sku,rule_generated,approved
D0255,Al Kabeer FROZEN FISH FILLET 2 kg,White fish Fillet,No Variant,single_product,1,fish,fish,0,fillet,0,0,unspecified,2000.0,1.0,,2000.0,,single_pack,CFSA,FISH STICKS BULK,1 Kgs x 5 Pkts,1000.0,5.0,1,0,1,0,1,45.2,36.5,45.2,45.2,0,confirmed_negative,1,hard_negative_type,exact_single_sku,rule_generated,approved
D0255,Al Kabeer FROZEN FISH FILLET 2 kg,White fish Fillet,No Variant,single_product,1,fish,fish,0,fillet,0,0,unspecified,2000.0,1.0,,2000.0,,single_pack,CKB24PR,AK PRO CHICKEN BURGER 24,1.392 kg x 6 Pkts,1392.0,6.0,0,0,1,0,1,33.6,36.8,39.6,36.6,0,confirmed_negative,1,easy_negative,exact_single_sku,rule_generated,approved
D0256,Al Kabeer White Fish Fillets 900 gm,White fish Fillet,No Variant,single_product,1,fish,fish,0,fillet,0,0,unspecified,900.0,1.0,,900.0,,single_pack,FFW1,WHITE FISH FILLET 1KG,1kg X 10 Pkts,1000.0,10.0,1,1,1,1,1,71.8,63.2,74.6,73.2,1,confirmed_positive,1,positive,exact_single_sku,rule_generated,approved
D0256,Al Kabeer White Fish Fillets 900 gm,White fish Fillet,No Variant,single_product,1,fish,fish,0,fillet,0,0,unspecified,900.0,1.0,,900.0,,single_pack,FSAPR,AK PRO FISH FILLET,2 KGS X 5,2000.0,5.0,1,1,1,0,1,63.6,56.1,66.7,65.1,0,confirmed_negative,1,hard_negative_pack_size,exact_single_sku,rule_generated,approved
D0256,Al Kabeer White Fish Fillets 900 gm,White fish Fillet,No Variant,single_product,1,fish,fish,0,fillet,0,0,unspecified,900.0,1.0,,900.0,,single_pack,CKBCFHDA,BREADED CHICKEN FILLET SPICY 750 GMS,750 GMS X 8 PKT,750.0,8.0,0,1,1,0,1,44.3,44.3,55.4,49.9,0,confirmed_negative,1,hard_negative_protein,exact_single_sku,rule_generated,approved
D0256,Al Kabeer White Fish Fillets 900 gm,White fish Fillet,No Variant,single_product,1,fish,fish,0,fillet,0,0,unspecified,900.0,1.0,,900.0,,single_pack,CFS,FISH FINGERS 300,300 Gms x 20 Pkts,300.0,20.0,1,0,1,0,1,50.0,43.3,45.5,47.7,0,confirmed_negative,1,hard_negative_type,exact_single_sku,rule_generated,approved
D0256,Al Kabeer White Fish Fillets 900 gm,White fish Fillet,No Variant,single_product,1,fish,fish,0,fillet,0,0,unspecified,900.0,1.0,,900.0,,single_pack,CKMCB,TENDER CHICKEN BREAST,1 Kgs x 5 Pkts,1000.0,5.0,0,0,1,1,1,39.7,33.3,38.0,38.8,0,confirmed_negative,1,easy_negative,exact_single_sku,rule_generated,approved
D0258,Al Kabeer Zing Fish Fillets 750 gm,Zing Fish Fillet,No Variant,single_product,1,fish,fish,0,fillet,0,0,unspecified,750.0,1.0,,750.0,,single_pack,CFZFB,ZING FISH FILLETS MILD SPICY,750 g. x 8,750.0,,1,1,1,1,1,65.1,57.1,58.6,61.9,1,confirmed_positive,1,positive,exact_single_sku,rule_generated,approved
D0258,Al Kabeer Zing Fish Fillets 750 gm,Zing Fish Fillet,No Variant,single_product,1,fish,fish,0,fillet,0,0,unspecified,750.0,1.0,,750.0,,single_pack,FSAPR,AK PRO FISH FILLET,2 KGS X 5,2000.0,5.0,1,1,1,0,1,66.7,57.1,69.9,68.3,0,confirmed_negative,1,hard_negative_pack_size,exact_single_sku,rule_generated,approved
D0258,Al Kabeer Zing Fish Fillets 750 gm,Zing Fish Fillet,No Variant,single_product,1,fish,fish,0,fillet,0,0,unspecified,750.0,1.0,,750.0,,single_pack,CKZFNS,ZING CHICKEN FILLET NON-SPICY,8 X 750 GMS,750.0,,0,1,1,1,1,55.8,46.5,71.9,63.8,0,confirmed_negative,1,hard_negative_protein,exact_single_sku,rule_generated,approved
D0258,Al Kabeer Zing Fish Fillets 750 gm,Zing Fish Fillet,No Variant,single_product,1,fish,fish,0,fillet,0,0,unspecified,750.0,1.0,,750.0,,single_pack,CFSA,FISH STICKS BULK,1 Kgs x 5 Pkts,1000.0,5.0,1,0,1,0,1,48.7,40.0,48.8,48.8,0,confirmed_negative,1,hard_negative_type,exact_single_sku,rule_generated,approved
D0258,Al Kabeer Zing Fish Fillets 750 gm,Zing Fish Fillet,No Variant,single_product,1,fish,fish,0,fillet,0,0,unspecified,750.0,1.0,,750.0,,single_pack,VVGPC,Green Peas with Carrots,400 gm x 20 Pkts,400.0,20.0,0,0,1,0,1,31.7,34.9,36.0,33.9,0,confirmed_negative,1,easy_negative,exact_single_sku,rule_generated,approved
D0259,Al Kabeer Zing Fish Fillet Non Spicy / Shrimps Non-Spicy 750gm,Zing Shrimps,No Variant,single_product,1,fish,fish,0,fillet,0,0,non_spicy,750.0,1.0,,750.0,,single_pack,CZSB,Zing Shrimps,750 gm x 8 Pkts,750.0,8.0,1,1,1,1,1,60.0,47.7,50.0,55.0,1,confirmed_positive,1,positive,exact_single_sku,rule_generated,approved
D0259,Al Kabeer Zing Fish Fillet Non Spicy / Shrimps Non-Spicy 750gm,Zing Shrimps,No Variant,single_product,1,fish,fish,0,fillet,0,0,non_spicy,750.0,1.0,,750.0,,single_pack,FSAPR,AK PRO FISH FILLET,2 KGS X 5,2000.0,5.0,1,1,1,0,1,41.9,43.4,48.1,45.0,0,confirmed_negative,1,hard_negative_pack_size,exact_single_sku,rule_generated,approved
D0259,Al Kabeer Zing Fish Fillet Non Spicy / Shrimps Non-Spicy 750gm,Zing Shrimps,No Variant,single_product,1,fish,fish,0,fillet,0,0,non_spicy,750.0,1.0,,750.0,,single_pack,CKZFNS,ZING CHICKEN FILLET NON-SPICY,8 X 750 GMS,750.0,,0,1,1,1,1,56.2,57.5,66.7,61.4,0,confirmed_negative,1,hard_negative_protein,exact_single_sku,rule_generated,approved
D0259,Al Kabeer Zing Fish Fillet Non Spicy / Shrimps Non-Spicy 750gm,Zing Shrimps,No Variant,single_product,1,fish,fish,0,fillet,0,0,non_spicy,750.0,1.0,,750.0,,single_pack,CFSA,FISH STICKS BULK,1 Kgs x 5 Pkts,1000.0,5.0,1,0,1,0,1,43.2,37.4,44.9,44.0,0,confirmed_negative,1,hard_negative_type,exact_single_sku,rule_generated,approved
D0259,Al Kabeer Zing Fish Fillet Non Spicy / Shrimps Non-Spicy 750gm,Zing Shrimps,No Variant,single_product,1,fish,fish,0,fillet,0,0,non_spicy,750.0,1.0,,750.0,,single_pack,CFZFB,ZING FISH FILLETS MILD SPICY,750 g. x 8,750.0,,1,1,0,1,1,53.3,54.7,60.4,56.9,0,confirmed_negative,1,hard_negative_variant,exact_single_sku,rule_generated,approved
D0259,Al Kabeer Zing Fish Fillet Non Spicy / Shrimps Non-Spicy 750gm,Zing Shrimps,No Variant,single_product,1,fish,fish,0,fillet,0,0,non_spicy,750.0,1.0,,750.0,,single_pack,VFDC,Chicken Frank 340 G  x 24,340 gm x 24 Pkts,340.0,24.0,0,0,1,0,1,32.2,31.8,33.0,32.6,0,confirmed_negative,1,easy_negative,exact_single_sku,rule_generated,approved
D0260,Al Kabeer Zing Shrimps,Zing Shrimps,Spicy,single_product,1,fish,fish,0,,0,0,spicy,,,,,,unknown,CZSB,Zing Shrimps,750 gm x 8 Pkts,750.0,8.0,1,1,1,0,1,64.6,56.2,60.0,62.3,1,confirmed_positive,1,positive,exact_single_sku,rule_generated,needs_review
D0260,Al Kabeer Zing Shrimps,Zing Shrimps,Spicy,single_product,1,fish,fish,0,,0,0,spicy,,,,,,unknown,CKZS,ZING CHICKEN STRIPS,320 Gms x 20 Pkts,320.0,20.0,0,1,1,0,1,55.8,48.1,47.9,51.8,0,confirmed_negative,1,hard_negative_protein,exact_single_sku,rule_generated,approved
D0262,AL KABEER ZING SHRIMPS SPICY 750GM,Zing Shrimps,Spicy,single_product,1,fish,fish,0,,0,0,spicy,750.0,1.0,,750.0,,single_pack,CZSB,Zing Shrimps,750 gm x 8 Pkts,750.0,8.0,1,1,1,1,1,63.0,57.4,52.4,57.7,1,confirmed_positive,1,positive,exact_single_sku,rule_generated,approved
D0262,AL KABEER ZING SHRIMPS SPICY 750GM,Zing Shrimps,Spicy,single_product,1,fish,fish,0,,0,0,spicy,750.0,1.0,,750.0,,single_pack,CSB,BREADED SHRIMPS 250,250 Gms x 20 Pkts,250.0,20.0,1,1,1,0,1,46.8,43.5,44.9,45.9,0,confirmed_negative,1,hard_negative_pack_size,exact_single_sku,rule_generated,approved
D0262,AL KABEER ZING SHRIMPS SPICY 750GM,Zing Shrimps,Spicy,single_product,1,fish,fish,0,,0,0,spicy,750.0,1.0,,750.0,,single_pack,CKZSDA,ZING CHICKEN STRIPS SPICY 750 GRM,750 GMS X 8 PKT,750.0,8.0,0,1,1,1,1,53.5,54.9,58.1,55.8,0,confirmed_negative,1,hard_negative_protein,exact_single_sku,rule_generated,approved
