dump_row_id,offerid,offer_name,brand_name,dump_product,dump_variant,dump_segment,dump_packsize,candidate_rank,master_itemcode,master_itemname,master_item_spec,master_category,match_score,token_set_score,wratio_score,size_status,top1_margin,label,label_source
11,15711650,Al Kabeer Zing Chicken Nuggets Spicy 270 gm,Al Kabeer,Chicken Nuggets-Frozen,Spicy,Zing,270 gm,1,CKZN,ZING CHICKEN NUGGETS REGULAR,270 Gms x 20 Pkts,NUGGETS,89.4,80.0,76.0,exact,22.57,1,auto_high_confidence
11,15711650,Al Kabeer Zing Chicken Nuggets Spicy 270 gm,Al Kabeer,Chicken Nuggets-Frozen,Spicy,Zing,270 gm,2,CKZSCKNP,Zing Strips Non Spicy + Free Chicken Nuggets Combo Pack,(750 g.+750 g.) x 4,STRIPS,66.83,83.58,85.5,conflict,,0,auto_high_confidence
11,15711650,Al Kabeer Zing Chicken Nuggets Spicy 270 gm,Al Kabeer,Chicken Nuggets-Frozen,Spicy,Zing,270 gm,3,CKZFACKNP,Zing Chicken Fillets Spicy + Free Chicken Nuggets,1kg+750 g. x 3,FILLETS,62.87,83.58,79.4,conflict,,0,auto_high_confidence
11,15711650,Al Kabeer Zing Chicken Nuggets Spicy 270 gm,Al Kabeer,Chicken Nuggets-Frozen,Spicy,Zing,270 gm,4,CKZNNS,ZING CHICKEN NUGGET NON-SPICY,8 X 750 GMS,NUGGETS,62.87,83.58,79.4,conflict,,0,auto_high_confidence
11,15711650,Al Kabeer Zing Chicken Nuggets Spicy 270 gm,Al Kabeer,Chicken Nuggets-Frozen,Spicy,Zing,270 gm,5,CKSK,SHISH KEBAB,600 Gms x 12 Pkts,KEBAB,55.08,50.0,85.5,conflict,,0,auto_high_confidence
55,15737247,AL KABEER CHICKEN KIBBEH 400GM,Al Kabeer,Chicken Kibbeh-Frozen,No Variant,Frozen Kofta / Kibbeh & Meat Balls,400 gm,1,CBK,BEEF KIBBEH 400,400 Gms x 12 Pkts,KOFTA-KIBBEH-FELAFEL,89.68,63.16,85.5,exact,20.69,1,auto_high_confidence
55,15737247,AL KABEER CHICKEN KIBBEH 400GM,Al Kabeer,Chicken Kibbeh-Frozen,No Variant,Frozen Kofta / Kibbeh & Meat Balls,400 gm,2,BVL3,VEAL LEGS 3.6,Asstd. Wt.,MEAT-INDIAN-TRD,68.99,38.33,85.5,,,0,auto_high_confidence
55,15737247,AL KABEER CHICKEN KIBBEH 400GM,Al Kabeer,Chicken Kibbeh-Frozen,No Variant,Frozen Kofta / Kibbeh & Meat Balls,400 gm,3,BC40,BEEF CUBES,2 lb x 20 Pkts,MEAT-INDIAN-TRD,68.52,36.97,85.5,,,0,auto_high_confidence
55,15737247,AL KABEER CHICKEN KIBBEH 400GM,Al Kabeer,Chicken Kibbeh-Frozen,No Variant,Frozen Kofta / Kibbeh & Meat Balls,400 gm,4,BTS,BEEF TOPSIDE ALK,20 KGS,MEAT-INDIAN-TRD,52.41,42.37,85.5,conflict,,0,auto_high_confidence
55,15737247,AL KABEER CHICKEN KIBBEH 400GM,Al Kabeer,Chicken Kibbeh-Frozen,No Variant,Frozen Kofta / Kibbeh & Meat Balls,400 gm,5,CBBOT,TAYEBAT BEEF BURGERS ONION BULK,1 Kgs x 9 Pkts,BURGERS,52.21,41.82,85.5,conflict,,0,auto_high_confidence
218,15906728,AL KABEER Zing CHICKEN Nuggets Spicy 270 gm,Al Kabeer,Chicken Nuggets-Frozen,Spicy,Zing,270 gm,1,CKZN,ZING CHICKEN NUGGETS REGULAR,270 Gms x 20 Pkts,NUGGETS,89.4,80.0,76.0,exact,22.57,1,auto_high_confidence
218,15906728,AL KABEER Zing CHICKEN Nuggets Spicy 270 gm,Al Kabeer,Chicken Nuggets-Frozen,Spicy,Zing,270 gm,2,CKZSCKNP,Zing Strips Non Spicy + Free Chicken Nuggets Combo Pack,(750 g.+750 g.) x 4,STRIPS,66.83,83.58,85.5,conflict,,0,auto_high_confidence
218,15906728,AL KABEER Zing CHICKEN Nuggets Spicy 270 gm,Al Kabeer,Chicken Nuggets-Frozen,Spicy,Zing,270 gm,3,CKZFACKNP,Zing Chicken Fillets Spicy + Free Chicken Nuggets,1kg+750 g. x 3,FILLETS,62.87,83.58,79.4,conflict,,0,auto_high_confidence
218,15906728,AL KABEER Zing CHICKEN Nuggets Spicy 270 gm,Al Kabeer,Chicken Nuggets-Frozen,Spicy,Zing,270 gm,4,CKZNNS,ZING CHICKEN NUGGET NON-SPICY,8 X 750 GMS,NUGGETS,62.87,83.58,79.4,conflict,,0,auto_high_confidence
218,15906728,AL KABEER Zing CHICKEN Nuggets Spicy 270 gm,Al Kabeer,Chicken Nuggets-Frozen,Spicy,Zing,270 gm,5,CKSK,SHISH KEBAB,600 Gms x 12 Pkts,KEBAB,55.08,50.0,85.5,conflict,,0,auto_high_confidence
243,15934180,Al Kabeer Frozen Breaded Chicken Burgers 400g,Al Kabeer,Chicken Burger-Frozen,Breaded,Frozen Burger,400 gm,1,CKBBS,8 BREADED CHICKEN BURGER HOT & SPICY,400 gm x 12 Pkts,BURGERS,100.0,91.14,86.58,exact,43.14,1,auto_high_confidence
243,15934180,Al Kabeer Frozen Breaded Chicken Burgers 400g,Al Kabeer,Chicken Burger-Frozen,Breaded,Frozen Burger,400 gm,2,CBBAGPR,AK PRO BEEF BURGER 24,1.392 kg x 6 Pkts,BURGERS,56.86,55.1,85.5,conflict,,0,auto_high_confidence
243,15934180,Al Kabeer Frozen Breaded Chicken Burgers 400g,Al Kabeer,Chicken Burger-Frozen,Breaded,Frozen Burger,400 gm,3,CBBUR,BEEF BURGERS 56 g.,840 g. x 9,BURGERS,56.83,55.0,85.5,conflict,,0,auto_high_confidence
243,15934180,Al Kabeer Frozen Breaded Chicken Burgers 400g,Al Kabeer,Chicken Burger-Frozen,Breaded,Frozen Burger,400 gm,4,CBBO,4 BEEF BURGERS,200 Gms x 30 Pkt,BURGERS,56.74,54.76,85.5,conflict,,0,auto_high_confidence
243,15934180,Al Kabeer Frozen Breaded Chicken Burgers 400g,Al Kabeer,Chicken Burger-Frozen,Breaded,Frozen Burger,400 gm,5,CBBOA,BEEF BURGERS BULK,2 Kgs x 5 Pkts,BURGERS,55.76,51.95,85.5,conflict,,0,auto_high_confidence
309,15945480,Al Kabeer Zing Chicken Nuggets Spicy 270 gm,Al Kabeer,Chicken Nuggets-Frozen,Spicy,Zing,270 gm,1,CKZN,ZING CHICKEN NUGGETS REGULAR,270 Gms x 20 Pkts,NUGGETS,89.4,80.0,76.0,exact,22.57,1,auto_high_confidence
309,15945480,Al Kabeer Zing Chicken Nuggets Spicy 270 gm,Al Kabeer,Chicken Nuggets-Frozen,Spicy,Zing,270 gm,2,CKZSCKNP,Zing Strips Non Spicy + Free Chicken Nuggets Combo Pack,(750 g.+750 g.) x 4,STRIPS,66.83,83.58,85.5,conflict,,0,auto_high_confidence
309,15945480,Al Kabeer Zing Chicken Nuggets Spicy 270 gm,Al Kabeer,Chicken Nuggets-Frozen,Spicy,Zing,270 gm,3,CKZFACKNP,Zing Chicken Fillets Spicy + Free Chicken Nuggets,1kg+750 g. x 3,FILLETS,62.87,83.58,79.4,conflict,,0,auto_high_confidence
309,15945480,Al Kabeer Zing Chicken Nuggets Spicy 270 gm,Al Kabeer,Chicken Nuggets-Frozen,Spicy,Zing,270 gm,4,CKZNNS,ZING CHICKEN NUGGET NON-SPICY,8 X 750 GMS,NUGGETS,62.87,83.58,79.4,conflict,,0,auto_high_confidence
309,15945480,Al Kabeer Zing Chicken Nuggets Spicy 270 gm,Al Kabeer,Chicken Nuggets-Frozen,Spicy,Zing,270 gm,5,CKSK,SHISH KEBAB,600 Gms x 12 Pkts,KEBAB,55.08,50.0,85.5,conflict,,0,auto_high_confidence
310,15950517,Al Kabeer Chicken Burger 400g,Al Kabeer,Chicken Burger-Frozen,Breaded,Frozen Burger,400 gm,1,CKBBS,8 BREADED CHICKEN BURGER HOT & SPICY,400 gm x 12 Pkts,BURGERS,98.0,88.89,84.44,exact,12.85,1,auto_high_confidence
310,15950517,Al Kabeer Chicken Burger 400g,Al Kabeer,Chicken Burger-Frozen,Breaded,Frozen Burger,400 gm,2,CKBB,8 BREADED CHICKEN BURGERS,400 Gms x 12 Pkts,BURGERS,85.15,75.61,71.83,exact,,0,auto_high_confidence
310,15950517,Al Kabeer Chicken Burger 400g,Al Kabeer,Chicken Burger-Frozen,Breaded,Frozen Burger,400 gm,3,CKBBAD,Breaded Chicken Burger Bag (56 g.),840 g. x 9,BURGERS,60.71,81.36,77.29,conflict,,0,auto_high_confidence
310,15950517,Al Kabeer Chicken Burger 400g,Al Kabeer,Chicken Burger-Frozen,Breaded,Frozen Burger,400 gm,4,CKBBADPR,AK PRO Breaded Chicken Burger Bag 840 g. x 8,840 gm x 8,BURGERS,60.71,81.36,77.29,conflict,,0,auto_high_confidence
310,15950517,Al Kabeer Chicken Burger 400g,Al Kabeer,Chicken Burger-Frozen,Breaded,Frozen Burger,400 gm,5,CKKBJ,JUMBO BREADED CHICKEN BURGER 100G BULK,1000 GM X 6 PKTS,BURGERS,60.71,81.36,77.29,conflict,,0,auto_high_confidence
315,15966932,Al Kabeer Zing Chicken Nuggets Spicy 270g,Al Kabeer,Chicken Nuggets-Frozen,Spicy,Zing,270 gm,1,CKZN,ZING CHICKEN NUGGETS REGULAR,270 Gms x 20 Pkts,NUGGETS,89.4,80.0,76.0,exact,22.57,1,auto_high_confidence
315,15966932,Al Kabeer Zing Chicken Nuggets Spicy 270g,Al Kabeer,Chicken Nuggets-Frozen,Spicy,Zing,270 gm,2,CKZSCKNP,Zing Strips Non Spicy + Free Chicken Nuggets Combo Pack,(750 g.+750 g.) x 4,STRIPS,66.83,83.58,85.5,conflict,,0,auto_high_confidence
315,15966932,Al Kabeer Zing Chicken Nuggets Spicy 270g,Al Kabeer,Chicken Nuggets-Frozen,Spicy,Zing,270 gm,3,CKZFACKNP,Zing Chicken Fillets Spicy + Free Chicken Nuggets,1kg+750 g. x 3,FILLETS,62.87,83.58,79.4,conflict,,0,auto_high_confidence
315,15966932,Al Kabeer Zing Chicken Nuggets Spicy 270g,Al Kabeer,Chicken Nuggets-Frozen,Spicy,Zing,270 gm,4,CKZNNS,ZING CHICKEN NUGGET NON-SPICY,8 X 750 GMS,NUGGETS,62.87,83.58,79.4,conflict,,0,auto_high_confidence
315,15966932,Al Kabeer Zing Chicken Nuggets Spicy 270g,Al Kabeer,Chicken Nuggets-Frozen,Spicy,Zing,270 gm,5,CKSK,SHISH KEBAB,600 Gms x 12 Pkts,KEBAB,55.08,50.0,85.5,conflict,,0,auto_high_confidence
391,16083969,Al Kabeer Frozen Breaded Chicken Burgers 400g,Al Kabeer,Chicken Burger-Frozen,Breaded,Frozen Burger,400 gm,1,CKBBS,8 BREADED CHICKEN BURGER HOT & SPICY,400 gm x 12 Pkts,BURGERS,100.0,91.14,86.58,exact,43.14,1,auto_high_confidence
391,16083969,Al Kabeer Frozen Breaded Chicken Burgers 400g,Al Kabeer,Chicken Burger-Frozen,Breaded,Frozen Burger,400 gm,2,CBBAGPR,AK PRO BEEF BURGER 24,1.392 kg x 6 Pkts,BURGERS,56.86,55.1,85.5,conflict,,0,auto_high_confidence
391,16083969,Al Kabeer Frozen Breaded Chicken Burgers 400g,Al Kabeer,Chicken Burger-Frozen,Breaded,Frozen Burger,400 gm,3,CBBUR,BEEF BURGERS 56 g.,840 g. x 9,BURGERS,56.83,55.0,85.5,conflict,,0,auto_high_confidence
391,16083969,Al Kabeer Frozen Breaded Chicken Burgers 400g,Al Kabeer,Chicken Burger-Frozen,Breaded,Frozen Burger,400 gm,4,CBBO,4 BEEF BURGERS,200 Gms x 30 Pkt,BURGERS,56.74,54.76,85.5,conflict,,0,auto_high_confidence
391,16083969,Al Kabeer Frozen Breaded Chicken Burgers 400g,Al Kabeer,Chicken Burger-Frozen,Breaded,Frozen Burger,400 gm,5,CBBOA,BEEF BURGERS BULK,2 Kgs x 5 Pkts,BURGERS,55.76,51.95,85.5,conflict,,0,auto_high_confidence
562,16264515,Al Kabeer Frozen Breaded Chicken Burgers 400g,Al Kabeer,Chicken Burger-Frozen,Breaded,Frozen Burger,400 gm,1,CKBBS,8 BREADED CHICKEN BURGER HOT & SPICY,400 gm x 12 Pkts,BURGERS,100.0,91.14,86.58,exact,43.14,1,auto_high_confidence
562,16264515,Al Kabeer Frozen Breaded Chicken Burgers 400g,Al Kabeer,Chicken Burger-Frozen,Breaded,Frozen Burger,400 gm,2,CBBAGPR,AK PRO BEEF BURGER 24,1.392 kg x 6 Pkts,BURGERS,56.86,55.1,85.5,conflict,,0,auto_high_confidence
562,16264515,Al Kabeer Frozen Breaded Chicken Burgers 400g,Al Kabeer,Chicken Burger-Frozen,Breaded,Frozen Burger,400 gm,3,CBBUR,BEEF BURGERS 56 g.,840 g. x 9,BURGERS,56.83,55.0,85.5,conflict,,0,auto_high_confidence
562,16264515,Al Kabeer Frozen Breaded Chicken Burgers 400g,Al Kabeer,Chicken Burger-Frozen,Breaded,Frozen Burger,400 gm,4,CBBO,4 BEEF BURGERS,200 Gms x 30 Pkt,BURGERS,56.74,54.76,85.5,conflict,,0,auto_high_confidence
562,16264515,Al Kabeer Frozen Breaded Chicken Burgers 400g,Al Kabeer,Chicken Burger-Frozen,Breaded,Frozen Burger,400 gm,5,CBBOA,BEEF BURGERS BULK,2 Kgs x 5 Pkts,BURGERS,55.76,51.95,85.5,conflict,,0,auto_high_confidence
591,16276777,ALKABEER CHICKEN KIBBEH 400GPCE,Al Kabeer,Chicken Kibbeh-Frozen,No Variant,Frozen Kofta / Kibbeh & Meat Balls,400 gm,1,CBK,BEEF KIBBEH 400,400 Gms x 12 Pkts,KOFTA-KIBBEH-FELAFEL,89.3,62.07,85.5,exact,19.84,1,auto_high_confidence
591,16276777,ALKABEER CHICKEN KIBBEH 400GPCE,Al Kabeer,Chicken Kibbeh-Frozen,No Variant,Frozen Kofta / Kibbeh & Meat Balls,400 gm,2,BC40,BEEF CUBES,2 lb x 20 Pkts,MEAT-INDIAN-TRD,69.46,39.67,85.5,,,0,auto_high_confidence
591,16276777,ALKABEER CHICKEN KIBBEH 400GPCE,Al Kabeer,Chicken Kibbeh-Frozen,No Variant,Frozen Kofta / Kibbeh & Meat Balls,400 gm,3,BVL3,VEAL LEGS 3.6,Asstd. Wt.,MEAT-INDIAN-TRD,68.77,37.7,85.5,,,0,auto_high_confidence
591,16276777,ALKABEER CHICKEN KIBBEH 400GPCE,Al Kabeer,Chicken Kibbeh-Frozen,No Variant,Frozen Kofta / Kibbeh & Meat Balls,400 gm,4,CBBO,4 BEEF BURGERS,200 Gms x 30 Pkt,BURGERS,52.91,43.81,85.5,conflict,,0,auto_high_confidence
591,16276777,ALKABEER CHICKEN KIBBEH 400GPCE,Al Kabeer,Chicken Kibbeh-Frozen,No Variant,Frozen Kofta / Kibbeh & Meat Balls,400 gm,5,CBBOT,TAYEBAT BEEF BURGERS ONION BULK,1 Kgs x 9 Pkts,BURGERS,52.58,42.86,85.5,conflict,,0,auto_high_confidence
713,16395881,AL KABEER 8 BREADED CHICKEN BURGERS 400G,Al Kabeer,Chicken Burger-Frozen,Breaded,Frozen Burger,400 gm,1,CKBBS,8 BREADED CHICKEN BURGER HOT & SPICY,400 gm x 12 Pkts,BURGERS,100.0,91.57,86.99,exact,17.53,1,auto_high_confidence
713,16395881,AL KABEER 8 BREADED CHICKEN BURGERS 400G,Al Kabeer,Chicken Burger-Frozen,Breaded,Frozen Burger,400 gm,2,CFBJ,JUMBO HOTDOGS,400 Gms x 20 Pkts,SAUSAGES,82.47,42.55,85.5,exact,,0,auto_high_confidence
713,16395881,AL KABEER 8 BREADED CHICKEN BURGERS 400G,Al Kabeer,Chicken Burger-Frozen,Breaded,Frozen Burger,400 gm,3,CBBUR,BEEF BURGERS 56 g.,840 g. x 9,BURGERS,57.21,56.1,85.5,conflict,,0,auto_high_confidence
713,16395881,AL KABEER 8 BREADED CHICKEN BURGERS 400G,Al Kabeer,Chicken Burger-Frozen,Breaded,Frozen Burger,400 gm,4,CBBO,4 BEEF BURGERS,200 Gms x 30 Pkt,BURGERS,57.11,55.81,85.5,conflict,,0,auto_high_confidence
713,16395881,AL KABEER 8 BREADED CHICKEN BURGERS 400G,Al Kabeer,Chicken Burger-Frozen,Breaded,Frozen Burger,400 gm,5,CBBO24,24 BEEF BURGERS,1.2 Kgs x 8 Pkts,BURGERS,56.89,55.17,85.5,conflict,,0,auto_high_confidence
782,16443660,Al Kabeer  Kibbeh Chicken/ Beef 400 gm,Al Kabeer,Beef Kibbeh-Frozen,No Variant,Frozen Kofta / Kibbeh & Meat Balls,400 gm,1,CBK,BEEF KIBBEH 400,400 Gms x 12 Pkts,KOFTA-KIBBEH-FELAFEL,92.08,70.0,85.5,exact,20.88,1,auto_high_confidence
782,16443660,Al Kabeer  Kibbeh Chicken/ Beef 400 gm,Al Kabeer,Beef Kibbeh-Frozen,No Variant,Frozen Kofta / Kibbeh & Meat Balls,400 gm,2,BC40,BEEF CUBES,2 lb x 20 Pkts,MEAT-INDIAN-TRD,71.19,44.63,85.5,,,0,auto_high_confidence
782,16443660,Al Kabeer  Kibbeh Chicken/ Beef 400 gm,Al Kabeer,Beef Kibbeh-Frozen,No Variant,Frozen Kofta / Kibbeh & Meat Balls,400 gm,3,BVL3,VEAL LEGS 3.6,Asstd. Wt.,MEAT-INDIAN-TRD,68.77,37.7,85.5,,,0,auto_high_confidence
782,16443660,Al Kabeer  Kibbeh Chicken/ Beef 400 gm,Al Kabeer,Beef Kibbeh-Frozen,No Variant,Frozen Kofta / Kibbeh & Meat Balls,400 gm,4,CBBOT,TAYEBAT BEEF BURGERS ONION BULK,1 Kgs x 9 Pkts,BURGERS,55.08,50.0,85.5,conflict,,0,auto_high_confidence
782,16443660,Al Kabeer  Kibbeh Chicken/ Beef 400 gm,Al Kabeer,Beef Kibbeh-Frozen,No Variant,Frozen Kofta / Kibbeh & Meat Balls,400 gm,5,CBBO,4 BEEF BURGERS,200 Gms x 30 Pkt,BURGERS,54.24,47.62,85.5,conflict,,0,auto_high_confidence
783,16443660,Al Kabeer  Kibbeh Chicken/ Beef 400 gm,Al Kabeer,Chicken Kibbeh-Frozen,No Variant,Frozen Kofta / Kibbeh & Meat Balls,400 gm,1,CBK,BEEF KIBBEH 400,400 Gms x 12 Pkts,KOFTA-KIBBEH-FELAFEL,92.08,70.0,85.5,exact,20.88,1,auto_high_confidence
783,16443660,Al Kabeer  Kibbeh Chicken/ Beef 400 gm,Al Kabeer,Chicken Kibbeh-Frozen,No Variant,Frozen Kofta / Kibbeh & Meat Balls,400 gm,2,BC40,BEEF CUBES,2 lb x 20 Pkts,MEAT-INDIAN-TRD,71.19,44.63,85.5,,,0,auto_high_confidence
783,16443660,Al Kabeer  Kibbeh Chicken/ Beef 400 gm,Al Kabeer,Chicken Kibbeh-Frozen,No Variant,Frozen Kofta / Kibbeh & Meat Balls,400 gm,3,BVL3,VEAL LEGS 3.6,Asstd. Wt.,MEAT-INDIAN-TRD,68.77,37.7,85.5,,,0,auto_high_confidence
783,16443660,Al Kabeer  Kibbeh Chicken/ Beef 400 gm,Al Kabeer,Chicken Kibbeh-Frozen,No Variant,Frozen Kofta / Kibbeh & Meat Balls,400 gm,4,CBBOT,TAYEBAT BEEF BURGERS ONION BULK,1 Kgs x 9 Pkts,BURGERS,55.08,50.0,85.5,conflict,,0,auto_high_confidence
783,16443660,Al Kabeer  Kibbeh Chicken/ Beef 400 gm,Al Kabeer,Chicken Kibbeh-Frozen,No Variant,Frozen Kofta / Kibbeh & Meat Balls,400 gm,5,CBBO,4 BEEF BURGERS,200 Gms x 30 Pkt,BURGERS,54.24,47.62,85.5,conflict,,0,auto_high_confidence
818,16524407,ALKABEER CHICKEN/BEEF KIBBEH 400GR,Al Kabeer,Chicken Kibbeh-Frozen,No Variant,Frozen Kofta / Kibbeh & Meat Balls,400 gm,1,CBK,BEEF KIBBEH 400,400 Gms x 12 Pkts,KOFTA-KIBBEH-FELAFEL,92.08,70.0,85.5,exact,21.26,1,auto_high_confidence
818,16524407,ALKABEER CHICKEN/BEEF KIBBEH 400GR,Al Kabeer,Chicken Kibbeh-Frozen,No Variant,Frozen Kofta / Kibbeh & Meat Balls,400 gm,2,BC40,BEEF CUBES,2 lb x 20 Pkts,MEAT-INDIAN-TRD,70.82,43.55,85.5,,,0,auto_high_confidence
818,16524407,ALKABEER CHICKEN/BEEF KIBBEH 400GR,Al Kabeer,Chicken Kibbeh-Frozen,No Variant,Frozen Kofta / Kibbeh & Meat Balls,400 gm,3,BVL3,VEAL LEGS 3.6,Asstd. Wt.,MEAT-INDIAN-TRD,69.02,38.4,85.5,,,0,auto_high_confidence
818,16524407,ALKABEER CHICKEN/BEEF KIBBEH 400GR,Al Kabeer,Chicken Kibbeh-Frozen,No Variant,Frozen Kofta / Kibbeh & Meat Balls,400 gm,4,CBBOT,TAYEBAT BEEF BURGERS ONION BULK,1 Kgs x 9 Pkts,BURGERS,55.23,50.43,85.5,conflict,,0,auto_high_confidence
818,16524407,ALKABEER CHICKEN/BEEF KIBBEH 400GR,Al Kabeer,Chicken Kibbeh-Frozen,No Variant,Frozen Kofta / Kibbeh & Meat Balls,400 gm,5,BTS,BEEF TOPSIDE ALK,20 KGS,MEAT-INDIAN-TRD,54.65,48.78,85.5,conflict,,0,auto_high_confidence
819,16524407,ALKABEER CHICKEN/BEEF KIBBEH 400GR,Al Kabeer,Beef Kibbeh-Frozen,No Variant,Frozen Kofta / Kibbeh & Meat Balls,400 gm,1,CBK,BEEF KIBBEH 400,400 Gms x 12 Pkts,KOFTA-KIBBEH-FELAFEL,92.08,70.0,85.5,exact,21.26,1,auto_high_confidence
819,16524407,ALKABEER CHICKEN/BEEF KIBBEH 400GR,Al Kabeer,Beef Kibbeh-Frozen,No Variant,Frozen Kofta / Kibbeh & Meat Balls,400 gm,2,BC40,BEEF CUBES,2 lb x 20 Pkts,MEAT-INDIAN-TRD,70.82,43.55,85.5,,,0,auto_high_confidence
819,16524407,ALKABEER CHICKEN/BEEF KIBBEH 400GR,Al Kabeer,Beef Kibbeh-Frozen,No Variant,Frozen Kofta / Kibbeh & Meat Balls,400 gm,3,BVL3,VEAL LEGS 3.6,Asstd. Wt.,MEAT-INDIAN-TRD,69.02,38.4,85.5,,,0,auto_high_confidence
819,16524407,ALKABEER CHICKEN/BEEF KIBBEH 400GR,Al Kabeer,Beef Kibbeh-Frozen,No Variant,Frozen Kofta / Kibbeh & Meat Balls,400 gm,4,CBBOT,TAYEBAT BEEF BURGERS ONION BULK,1 Kgs x 9 Pkts,BURGERS,55.23,50.43,85.5,conflict,,0,auto_high_confidence
819,16524407,ALKABEER CHICKEN/BEEF KIBBEH 400GR,Al Kabeer,Beef Kibbeh-Frozen,No Variant,Frozen Kofta / Kibbeh & Meat Balls,400 gm,5,BTS,BEEF TOPSIDE ALK,20 KGS,MEAT-INDIAN-TRD,54.65,48.78,85.5,conflict,,0,auto_high_confidence
831,16526648,Al Kabeer ZING CHICKEN STRIPS OR FILLET 750 GRAMS,Al Kabeer,Chicken Strips-Frozen,Spicy,Zing,750 gm,1,CKZSDA,ZING CHICKEN STRIPS SPICY 750 GRM,750 GMS X 8 PKT,STRIPS,89.21,78.48,76.53,exact,34.33,1,auto_high_confidence
831,16526648,Al Kabeer ZING CHICKEN STRIPS OR FILLET 750 GRAMS,Al Kabeer,Chicken Strips-Frozen,Spicy,Zing,750 gm,2,CKSK,SHISH KEBAB,600 Gms x 12 Pkts,KEBAB,54.88,49.44,85.5,conflict,,0,auto_high_confidence
831,16526648,Al Kabeer ZING CHICKEN STRIPS OR FILLET 750 GRAMS,Al Kabeer,Chicken Strips-Frozen,Spicy,Zing,750 gm,3,VVGP9,GREEN PEAS 900,900 gm x 10 Pkts,TRADING-VEG,53.31,44.94,85.5,conflict,,0,auto_high_confidence
831,16526648,Al Kabeer ZING CHICKEN STRIPS OR FILLET 750 GRAMS,Al Kabeer,Chicken Strips-Frozen,Spicy,Zing,750 gm,4,VVGP,GREEN PEAS,400 gm x 20 Pkts,TRADING-VEG,51.27,39.13,85.5,conflict,,0,auto_high_confidence
831,16526648,Al Kabeer ZING CHICKEN STRIPS OR FILLET 750 GRAMS,Al Kabeer,Chicken Strips-Frozen,Spicy,Zing,750 gm,5,CFB,BEEF FRANKS,454 Gms x 20 Pkts,SAUSAGES,50.84,37.89,85.5,conflict,,0,auto_high_confidence
833,16528418,ALKABEER CHICKEN/BEEF KIBBEH 400 GM,Al Kabeer,Chicken Kibbeh-Frozen,No Variant,Frozen Kofta / Kibbeh & Meat Balls,400 gm,1,CBK,BEEF KIBBEH 400,400 Gms x 12 Pkts,KOFTA-KIBBEH-FELAFEL,92.08,70.0,85.5,exact,20.88,1,auto_high_confidence
833,16528418,ALKABEER CHICKEN/BEEF KIBBEH 400 GM,Al Kabeer,Chicken Kibbeh-Frozen,No Variant,Frozen Kofta / Kibbeh & Meat Balls,400 gm,2,BC40,BEEF CUBES,2 lb x 20 Pkts,MEAT-INDIAN-TRD,71.19,44.63,85.5,,,0,auto_high_confidence
833,16528418,ALKABEER CHICKEN/BEEF KIBBEH 400 GM,Al Kabeer,Chicken Kibbeh-Frozen,No Variant,Frozen Kofta / Kibbeh & Meat Balls,400 gm,3,BVL3,VEAL LEGS 3.6,Asstd. Wt.,MEAT-INDIAN-TRD,68.77,37.7,85.5,,,0,auto_high_confidence
833,16528418,ALKABEER CHICKEN/BEEF KIBBEH 400 GM,Al Kabeer,Chicken Kibbeh-Frozen,No Variant,Frozen Kofta / Kibbeh & Meat Balls,400 gm,4,CBBOT,TAYEBAT BEEF BURGERS ONION BULK,1 Kgs x 9 Pkts,BURGERS,55.08,50.0,85.5,conflict,,0,auto_high_confidence
833,16528418,ALKABEER CHICKEN/BEEF KIBBEH 400 GM,Al Kabeer,Chicken Kibbeh-Frozen,No Variant,Frozen Kofta / Kibbeh & Meat Balls,400 gm,5,CBBO,4 BEEF BURGERS,200 Gms x 30 Pkt,BURGERS,54.24,47.62,85.5,conflict,,0,auto_high_confidence
834,16528418,ALKABEER CHICKEN/BEEF KIBBEH 400 GM,Al Kabeer,Beef Kibbeh-Frozen,No Variant,Frozen Kofta / Kibbeh & Meat Balls,400 gm,1,CBK,BEEF KIBBEH 400,400 Gms x 12 Pkts,KOFTA-KIBBEH-FELAFEL,92.08,70.0,85.5,exact,20.88,1,auto_high_confidence
834,16528418,ALKABEER CHICKEN/BEEF KIBBEH 400 GM,Al Kabeer,Beef Kibbeh-Frozen,No Variant,Frozen Kofta / Kibbeh & Meat Balls,400 gm,2,BC40,BEEF CUBES,2 lb x 20 Pkts,MEAT-INDIAN-TRD,71.19,44.63,85.5,,,0,auto_high_confidence
834,16528418,ALKABEER CHICKEN/BEEF KIBBEH 400 GM,Al Kabeer,Beef Kibbeh-Frozen,No Variant,Frozen Kofta / Kibbeh & Meat Balls,400 gm,3,BVL3,VEAL LEGS 3.6,Asstd. Wt.,MEAT-INDIAN-TRD,68.77,37.7,85.5,,,0,auto_high_confidence
834,16528418,ALKABEER CHICKEN/BEEF KIBBEH 400 GM,Al Kabeer,Beef Kibbeh-Frozen,No Variant,Frozen Kofta / Kibbeh & Meat Balls,400 gm,4,CBBOT,TAYEBAT BEEF BURGERS ONION BULK,1 Kgs x 9 Pkts,BURGERS,55.08,50.0,85.5,conflict,,0,auto_high_confidence
834,16528418,ALKABEER CHICKEN/BEEF KIBBEH 400 GM,Al Kabeer,Beef Kibbeh-Frozen,No Variant,Frozen Kofta / Kibbeh & Meat Balls,400 gm,5,CBBO,4 BEEF BURGERS,200 Gms x 30 Pkt,BURGERS,54.24,47.62,85.5,conflict,,0,auto_high_confidence
851,16533537,AL KABEER CHICKEN/BEEF KIBBEH 400GM,Al Kabeer,Beef Kibbeh-Frozen,No Variant,Frozen Kofta / Kibbeh & Meat Balls,400 gm,1,CBK,BEEF KIBBEH 400,400 Gms x 12 Pkts,KOFTA-KIBBEH-FELAFEL,92.08,70.0,85.5,exact,21.26,1,auto_high_confidence
851,16533537,AL KABEER CHICKEN/BEEF KIBBEH 400GM,Al Kabeer,Beef Kibbeh-Frozen,No Variant,Frozen Kofta / Kibbeh & Meat Balls,400 gm,2,BC40,BEEF CUBES,2 lb x 20 Pkts,MEAT-INDIAN-TRD,70.82,43.55,85.5,,,0,auto_high_confidence
851,16533537,AL KABEER CHICKEN/BEEF KIBBEH 400GM,Al Kabeer,Beef Kibbeh-Frozen,No Variant,Frozen Kofta / Kibbeh & Meat Balls,400 gm,3,BVL3,VEAL LEGS 3.6,Asstd. Wt.,MEAT-INDIAN-TRD,68.45,36.8,85.5,,,0,auto_high_confidence
851,16533537,AL KABEER CHICKEN/BEEF KIBBEH 400GM,Al Kabeer,Beef Kibbeh-Frozen,No Variant,Frozen Kofta / Kibbeh & Meat Balls,400 gm,4,CBBOT,TAYEBAT BEEF BURGERS ONION BULK,1 Kgs x 9 Pkts,BURGERS,54.62,48.7,85.5,conflict,,0,auto_high_confidence
851,16533537,AL KABEER CHICKEN/BEEF KIBBEH 400GM,Al Kabeer,Beef Kibbeh-Frozen,No Variant,Frozen Kofta / Kibbeh & Meat Balls,400 gm,5,CBBO,4 BEEF BURGERS,200 Gms x 30 Pkt,BURGERS,54.43,48.15,85.5,conflict,,0,auto_high_confidence
852,16533537,AL KABEER CHICKEN/BEEF KIBBEH 400GM,Al Kabeer,Chicken Kibbeh-Frozen,No Variant,Frozen Kofta / Kibbeh & Meat Balls,400 gm,1,CBK,BEEF KIBBEH 400,400 Gms x 12 Pkts,KOFTA-KIBBEH-FELAFEL,92.08,70.0,85.5,exact,21.26,1,auto_high_confidence
852,16533537,AL KABEER CHICKEN/BEEF KIBBEH 400GM,Al Kabeer,Chicken Kibbeh-Frozen,No Variant,Frozen Kofta / Kibbeh & Meat Balls,400 gm,2,BC40,BEEF CUBES,2 lb x 20 Pkts,MEAT-INDIAN-TRD,70.82,43.55,85.5,,,0,auto_high_confidence
852,16533537,AL KABEER CHICKEN/BEEF KIBBEH 400GM,Al Kabeer,Chicken Kibbeh-Frozen,No Variant,Frozen Kofta / Kibbeh & Meat Balls,400 gm,3,BVL3,VEAL LEGS 3.6,Asstd. Wt.,MEAT-INDIAN-TRD,68.45,36.8,85.5,,,0,auto_high_confidence
852,16533537,AL KABEER CHICKEN/BEEF KIBBEH 400GM,Al Kabeer,Chicken Kibbeh-Frozen,No Variant,Frozen Kofta / Kibbeh & Meat Balls,400 gm,4,CBBOT,TAYEBAT BEEF BURGERS ONION BULK,1 Kgs x 9 Pkts,BURGERS,54.62,48.7,85.5,conflict,,0,auto_high_confidence
852,16533537,AL KABEER CHICKEN/BEEF KIBBEH 400GM,Al Kabeer,Chicken Kibbeh-Frozen,No Variant,Frozen Kofta / Kibbeh & Meat Balls,400 gm,5,CBBO,4 BEEF BURGERS,200 Gms x 30 Pkt,BURGERS,54.43,48.15,85.5,conflict,,0,auto_high_confidence
868,16534252,Al Kabeer Mutton Samosas 12's / Cheese Spring Rolls 8's (240g),Al Kabeer,Samosa-Frozen,Mutton,"Frozen Pizzas, Wraps, Sandwiches",240 gm,1,CCSAK,12 CHEESE SAMOSAS,240 Gms x 20 Pkts,SAMOSA,93.18,73.17,85.5,exact,16.64,1,auto_high_confidence
868,16534252,Al Kabeer Mutton Samosas 12's / Cheese Spring Rolls 8's (240g),Al Kabeer,Samosa-Frozen,Mutton,"Frozen Pizzas, Wraps, Sandwiches",240 gm,2,CCMS,MOZZERELLA CHEESE STICKS,250 GMS X24 PKTS,STICKS & FINGERS,76.55,45.64,85.5,close,,0,auto_high_confidence
868,16534252,Al Kabeer Mutton Samosas 12's / Cheese Spring Rolls 8's (240g),Al Kabeer,Samosa-Frozen,Mutton,"Frozen Pizzas, Wraps, Sandwiches",240 gm,3,CCMSA,MOZZARELLA CHEESE STICKS,1000G X 5 Pkts,STICKS & FINGERS,53.4,45.21,85.5,conflict,,0,auto_high_confidence
868,16534252,Al Kabeer Mutton Samosas 12's / Cheese Spring Rolls 8's (240g),Al Kabeer,Samosa-Frozen,Mutton,"Frozen Pizzas, Wraps, Sandwiches",240 gm,4,CBBO24,24 BEEF BURGERS,1.2 Kgs x 8 Pkts,BURGERS,51.91,40.94,85.5,conflict,,0,auto_high_confidence
868,16534252,Al Kabeer Mutton Samosas 12's / Cheese Spring Rolls 8's (240g),Al Kabeer,Samosa-Frozen,Mutton,"Frozen Pizzas, Wraps, Sandwiches",240 gm,5,CBK,BEEF KIBBEH 400,400 Gms x 12 Pkts,KOFTA-KIBBEH-FELAFEL,51.88,40.88,85.5,conflict,,0,auto_high_confidence
869,16534252,Al Kabeer Mutton Samosas 12's / Cheese Spring Rolls 8's (240g),Al Kabeer,Spring Roll-Frozen,No Variant,"Frozen Pizzas, Wraps, Sandwiches",240 gm,1,CCSAK,12 CHEESE SAMOSAS,240 Gms x 20 Pkts,SAMOSA,89.04,61.33,85.5,exact,12.96,1,auto_high_confidence
869,16534252,Al Kabeer Mutton Samosas 12's / Cheese Spring Rolls 8's (240g),Al Kabeer,Spring Roll-Frozen,No Variant,"Frozen Pizzas, Wraps, Sandwiches",240 gm,2,CCMS,MOZZERELLA CHEESE STICKS,250 GMS X24 PKTS,STICKS & FINGERS,76.08,44.3,85.5,close,,0,auto_high_confidence
869,16534252,Al Kabeer Mutton Samosas 12's / Cheese Spring Rolls 8's (240g),Al Kabeer,Spring Roll-Frozen,No Variant,"Frozen Pizzas, Wraps, Sandwiches",240 gm,3,CCMSA,MOZZARELLA CHEESE STICKS,1000G X 5 Pkts,STICKS & FINGERS,52.48,42.58,85.5,conflict,,0,auto_high_confidence
869,16534252,Al Kabeer Mutton Samosas 12's / Cheese Spring Rolls 8's (240g),Al Kabeer,Spring Roll-Frozen,No Variant,"Frozen Pizzas, Wraps, Sandwiches",240 gm,4,CBBO24,24 BEEF BURGERS,1.2 Kgs x 8 Pkts,BURGERS,51.99,41.18,85.5,conflict,,0,auto_high_confidence
869,16534252,Al Kabeer Mutton Samosas 12's / Cheese Spring Rolls 8's (240g),Al Kabeer,Spring Roll-Frozen,No Variant,"Frozen Pizzas, Wraps, Sandwiches",240 gm,5,CCF,CHICKEN FRIES,12 PKTS X 400 GRM,POP-CORN & CHICKEN FRIES,51.38,39.44,85.5,conflict,,0,auto_high_confidence
894,16536699,Al Kabeer Chicken / Beef Kibbeh 400gm,Al Kabeer,Chicken Kibbeh-Frozen,No Variant,Frozen Kofta / Kibbeh & Meat Balls,400 gm,1,CBK,BEEF KIBBEH 400,400 Gms x 12 Pkts,KOFTA-KIBBEH-FELAFEL,92.08,70.0,85.5,exact,21.26,1,auto_high_confidence
894,16536699,Al Kabeer Chicken / Beef Kibbeh 400gm,Al Kabeer,Chicken Kibbeh-Frozen,No Variant,Frozen Kofta / Kibbeh & Meat Balls,400 gm,2,BC40,BEEF CUBES,2 lb x 20 Pkts,MEAT-INDIAN-TRD,70.82,43.55,85.5,,,0,auto_high_confidence
894,16536699,Al Kabeer Chicken / Beef Kibbeh 400gm,Al Kabeer,Chicken Kibbeh-Frozen,No Variant,Frozen Kofta / Kibbeh & Meat Balls,400 gm,3,BVL3,VEAL LEGS 3.6,Asstd. Wt.,MEAT-INDIAN-TRD,68.45,36.8,85.5,,,0,auto_high_confidence
894,16536699,Al Kabeer Chicken / Beef Kibbeh 400gm,Al Kabeer,Chicken Kibbeh-Frozen,No Variant,Frozen Kofta / Kibbeh & Meat Balls,400 gm,4,CBBOT,TAYEBAT BEEF BURGERS ONION BULK,1 Kgs x 9 Pkts,BURGERS,54.62,48.7,85.5,conflict,,0,auto_high_confidence
894,16536699,Al Kabeer Chicken / Beef Kibbeh 400gm,Al Kabeer,Chicken Kibbeh-Frozen,No Variant,Frozen Kofta / Kibbeh & Meat Balls,400 gm,5,CBBO,4 BEEF BURGERS,200 Gms x 30 Pkt,BURGERS,54.43,48.15,85.5,conflict,,0,auto_high_confidence
895,16536699,Al Kabeer Chicken / Beef Kibbeh 400gm,Al Kabeer,Beef Kibbeh-Frozen,No Variant,Frozen Kofta / Kibbeh & Meat Balls,400 gm,1,CBK,BEEF KIBBEH 400,400 Gms x 12 Pkts,KOFTA-KIBBEH-FELAFEL,92.08,70.0,85.5,exact,21.26,1,auto_high_confidence
895,16536699,Al Kabeer Chicken / Beef Kibbeh 400gm,Al Kabeer,Beef Kibbeh-Frozen,No Variant,Frozen Kofta / Kibbeh & Meat Balls,400 gm,2,BC40,BEEF CUBES,2 lb x 20 Pkts,MEAT-INDIAN-TRD,70.82,43.55,85.5,,,0,auto_high_confidence
895,16536699,Al Kabeer Chicken / Beef Kibbeh 400gm,Al Kabeer,Beef Kibbeh-Frozen,No Variant,Frozen Kofta / Kibbeh & Meat Balls,400 gm,3,BVL3,VEAL LEGS 3.6,Asstd. Wt.,MEAT-INDIAN-TRD,68.45,36.8,85.5,,,0,auto_high_confidence
895,16536699,Al Kabeer Chicken / Beef Kibbeh 400gm,Al Kabeer,Beef Kibbeh-Frozen,No Variant,Frozen Kofta / Kibbeh & Meat Balls,400 gm,4,CBBOT,TAYEBAT BEEF BURGERS ONION BULK,1 Kgs x 9 Pkts,BURGERS,54.62,48.7,85.5,conflict,,0,auto_high_confidence
895,16536699,Al Kabeer Chicken / Beef Kibbeh 400gm,Al Kabeer,Beef Kibbeh-Frozen,No Variant,Frozen Kofta / Kibbeh & Meat Balls,400 gm,5,CBBO,4 BEEF BURGERS,200 Gms x 30 Pkt,BURGERS,54.43,48.15,85.5,conflict,,0,auto_high_confidence
905,16540016,Al Kabeer Chicken / Lamb Kibbeh 400gm,Al Kabeer,Chicken Kibbeh-Frozen,No Variant,Frozen Kofta / Kibbeh & Meat Balls,400 gm,1,CBK,BEEF KIBBEH 400,400 Gms x 12 Pkts,KOFTA-KIBBEH-FELAFEL,89.34,62.18,85.5,exact,19.65,1,auto_high_confidence
905,16540016,Al Kabeer Chicken / Lamb Kibbeh 400gm,Al Kabeer,Chicken Kibbeh-Frozen,No Variant,Frozen Kofta / Kibbeh & Meat Balls,400 gm,2,BC40,BEEF CUBES,2 lb x 20 Pkts,MEAT-INDIAN-TRD,69.69,40.32,85.5,,,0,auto_high_confidence
905,16540016,Al Kabeer Chicken / Lamb Kibbeh 400gm,Al Kabeer,Chicken Kibbeh-Frozen,No Variant,Frozen Kofta / Kibbeh & Meat Balls,400 gm,3,BVL3,VEAL LEGS 3.6,Asstd. Wt.,MEAT-INDIAN-TRD,69.02,38.4,85.5,,,0,auto_high_confidence
905,16540016,Al Kabeer Chicken / Lamb Kibbeh 400gm,Al Kabeer,Chicken Kibbeh-Frozen,No Variant,Frozen Kofta / Kibbeh & Meat Balls,400 gm,4,CBBO,4 BEEF BURGERS,200 Gms x 30 Pkt,BURGERS,51.83,40.74,85.5,conflict,,0,auto_high_confidence
905,16540016,Al Kabeer Chicken / Lamb Kibbeh 400gm,Al Kabeer,Chicken Kibbeh-Frozen,No Variant,Frozen Kofta / Kibbeh & Meat Balls,400 gm,5,BTS,BEEF TOPSIDE ALK,20 KGS,MEAT-INDIAN-TRD,51.8,40.65,85.5,conflict,,0,auto_high_confidence
906,16540016,Al Kabeer Chicken / Lamb Kibbeh 400gm,Al Kabeer,Lamb Kibbeh-Frozen,No Variant,Frozen Kofta / Kibbeh & Meat Balls,400 gm,1,CBK,BEEF KIBBEH 400,400 Gms x 12 Pkts,KOFTA-KIBBEH-FELAFEL,89.34,62.18,85.5,exact,19.65,1,auto_high_confidence
906,16540016,Al Kabeer Chicken / Lamb Kibbeh 400gm,Al Kabeer,Lamb Kibbeh-Frozen,No Variant,Frozen Kofta / Kibbeh & Meat Balls,400 gm,2,BC40,BEEF CUBES,2 lb x 20 Pkts,MEAT-INDIAN-TRD,69.69,40.32,85.5,,,0,auto_high_confidence
906,16540016,Al Kabeer Chicken / Lamb Kibbeh 400gm,Al Kabeer,Lamb Kibbeh-Frozen,No Variant,Frozen Kofta / Kibbeh & Meat Balls,400 gm,3,BVL3,VEAL LEGS 3.6,Asstd. Wt.,MEAT-INDIAN-TRD,69.02,38.4,85.5,,,0,auto_high_confidence
906,16540016,Al Kabeer Chicken / Lamb Kibbeh 400gm,Al Kabeer,Lamb Kibbeh-Frozen,No Variant,Frozen Kofta / Kibbeh & Meat Balls,400 gm,4,CBBO,4 BEEF BURGERS,200 Gms x 30 Pkt,BURGERS,51.83,40.74,85.5,conflict,,0,auto_high_confidence
906,16540016,Al Kabeer Chicken / Lamb Kibbeh 400gm,Al Kabeer,Lamb Kibbeh-Frozen,No Variant,Frozen Kofta / Kibbeh & Meat Balls,400 gm,5,BTS,BEEF TOPSIDE ALK,20 KGS,MEAT-INDIAN-TRD,51.8,40.65,85.5,conflict,,0,auto_high_confidence
935,16553239,Al Kabeer Chicken Kibbeh 400Gm,Al Kabeer,Chicken Kibbeh-Frozen,No Variant,Frozen Kofta / Kibbeh & Meat Balls,400 gm,1,CBK,BEEF KIBBEH 400,400 Gms x 12 Pkts,KOFTA-KIBBEH-FELAFEL,89.68,63.16,85.5,exact,20.69,1,auto_high_confidence
935,16553239,Al Kabeer Chicken Kibbeh 400Gm,Al Kabeer,Chicken Kibbeh-Frozen,No Variant,Frozen Kofta / Kibbeh & Meat Balls,400 gm,2,BVL3,VEAL LEGS 3.6,Asstd. Wt.,MEAT-INDIAN-TRD,68.99,38.33,85.5,,,0,auto_high_confidence
935,16553239,Al Kabeer Chicken Kibbeh 400Gm,Al Kabeer,Chicken Kibbeh-Frozen,No Variant,Frozen Kofta / Kibbeh & Meat Balls,400 gm,3,BC40,BEEF CUBES,2 lb x 20 Pkts,MEAT-INDIAN-TRD,68.52,36.97,85.5,,,0,auto_high_confidence
935,16553239,Al Kabeer Chicken Kibbeh 400Gm,Al Kabeer,Chicken Kibbeh-Frozen,No Variant,Frozen Kofta / Kibbeh & Meat Balls,400 gm,4,BTS,BEEF TOPSIDE ALK,20 KGS,MEAT-INDIAN-TRD,52.41,42.37,85.5,conflict,,0,auto_high_confidence
935,16553239,Al Kabeer Chicken Kibbeh 400Gm,Al Kabeer,Chicken Kibbeh-Frozen,No Variant,Frozen Kofta / Kibbeh & Meat Balls,400 gm,5,CBBOT,TAYEBAT BEEF BURGERS ONION BULK,1 Kgs x 9 Pkts,BURGERS,52.21,41.82,85.5,conflict,,0,auto_high_confidence
1004,16695605,Al Kabeer Chicken Burger 400gm,Al Kabeer,Chicken Burger-Frozen,Breaded,Frozen Burger,400 gm,1,CKBBS,8 BREADED CHICKEN BURGER HOT & SPICY,400 gm x 12 Pkts,BURGERS,94.09,84.85,80.61,exact,9.24,1,auto_high_confidence
1004,16695605,Al Kabeer Chicken Burger 400gm,Al Kabeer,Chicken Burger-Frozen,Breaded,Frozen Burger,400 gm,2,CKBB,8 BREADED CHICKEN BURGERS,400 Gms x 12 Pkts,BURGERS,84.85,75.29,71.53,exact,,0,auto_high_confidence
1004,16695605,Al Kabeer Chicken Burger 400gm,Al Kabeer,Chicken Burger-Frozen,Breaded,Frozen Burger,400 gm,3,CKBBAD,Breaded Chicken Burger Bag (56 g.),840 g. x 9,BURGERS,56.9,77.42,73.55,conflict,,0,auto_high_confidence
1004,16695605,Al Kabeer Chicken Burger 400gm,Al Kabeer,Chicken Burger-Frozen,Breaded,Frozen Burger,400 gm,4,CKBBADPR,AK PRO Breaded Chicken Burger Bag 840 g. x 8,840 gm x 8,BURGERS,56.9,77.42,73.55,conflict,,0,auto_high_confidence
1004,16695605,Al Kabeer Chicken Burger 400gm,Al Kabeer,Chicken Burger-Frozen,Breaded,Frozen Burger,400 gm,5,CKKBJ,JUMBO BREADED CHICKEN BURGER 100G BULK,1000 GM X 6 PKTS,BURGERS,56.9,77.42,73.55,conflict,,0,auto_high_confidence
1014,16695615,Al Kabeer 8 Breaded Chicken Burgers 400 Gm,Al Kabeer,Chicken Burger-Frozen,Breaded,Frozen Burger,400 gm,1,CKBBS,8 BREADED CHICKEN BURGER HOT & SPICY,400 gm x 12 Pkts,BURGERS,100.0,91.57,86.99,exact,17.53,1,auto_high_confidence
1014,16695615,Al Kabeer 8 Breaded Chicken Burgers 400 Gm,Al Kabeer,Chicken Burger-Frozen,Breaded,Frozen Burger,400 gm,2,CFBJ,JUMBO HOTDOGS,400 Gms x 20 Pkts,SAUSAGES,82.47,42.55,85.5,exact,,0,auto_high_confidence
1014,16695615,Al Kabeer 8 Breaded Chicken Burgers 400 Gm,Al Kabeer,Chicken Burger-Frozen,Breaded,Frozen Burger,400 gm,3,CBBUR,BEEF BURGERS 56 g.,840 g. x 9,BURGERS,57.21,56.1,85.5,conflict,,0,auto_high_confidence
1014,16695615,Al Kabeer 8 Breaded Chicken Burgers 400 Gm,Al Kabeer,Chicken Burger-Frozen,Breaded,Frozen Burger,400 gm,4,CBBO,4 BEEF BURGERS,200 Gms x 30 Pkt,BURGERS,57.11,55.81,85.5,conflict,,0,auto_high_confidence
1014,16695615,Al Kabeer 8 Breaded Chicken Burgers 400 Gm,Al Kabeer,Chicken Burger-Frozen,Breaded,Frozen Burger,400 gm,5,CBBO24,24 BEEF BURGERS,1.2 Kgs x 8 Pkts,BURGERS,56.89,55.17,85.5,conflict,,0,auto_high_confidence
1034,16700885,Al Kabeer 8 Breaded Chicken Burgers 400 Gm,Al Kabeer,Chicken Burger-Frozen,Breaded,Frozen Burger,400 gm,1,CKBBS,8 BREADED CHICKEN BURGER HOT & SPICY,400 gm x 12 Pkts,BURGERS,100.0,91.57,86.99,exact,17.53,1,auto_high_confidence
1034,16700885,Al Kabeer 8 Breaded Chicken Burgers 400 Gm,Al Kabeer,Chicken Burger-Frozen,Breaded,Frozen Burger,400 gm,2,CFBJ,JUMBO HOTDOGS,400 Gms x 20 Pkts,SAUSAGES,82.47,42.55,85.5,exact,,0,auto_high_confidence
1034,16700885,Al Kabeer 8 Breaded Chicken Burgers 400 Gm,Al Kabeer,Chicken Burger-Frozen,Breaded,Frozen Burger,400 gm,3,CBBUR,BEEF BURGERS 56 g.,840 g. x 9,BURGERS,57.21,56.1,85.5,conflict,,0,auto_high_confidence
1034,16700885,Al Kabeer 8 Breaded Chicken Burgers 400 Gm,Al Kabeer,Chicken Burger-Frozen,Breaded,Frozen Burger,400 gm,4,CBBO,4 BEEF BURGERS,200 Gms x 30 Pkt,BURGERS,57.11,55.81,85.5,conflict,,0,auto_high_confidence
1034,16700885,Al Kabeer 8 Breaded Chicken Burgers 400 Gm,Al Kabeer,Chicken Burger-Frozen,Breaded,Frozen Burger,400 gm,5,CBBO24,24 BEEF BURGERS,1.2 Kgs x 8 Pkts,BURGERS,56.89,55.17,85.5,conflict,,0,auto_high_confidence
1060,16712441,ALKABEER CHICKEN/BEEF KIBBEH 400 GM,Al Kabeer,Chicken Kibbeh-Frozen,No Variant,Frozen Kofta / Kibbeh & Meat Balls,400 gm,1,CBK,BEEF KIBBEH 400,400 Gms x 12 Pkts,KOFTA-KIBBEH-FELAFEL,92.08,70.0,85.5,exact,20.88,1,auto_high_confidence
1060,16712441,ALKABEER CHICKEN/BEEF KIBBEH 400 GM,Al Kabeer,Chicken Kibbeh-Frozen,No Variant,Frozen Kofta / Kibbeh & Meat Balls,400 gm,2,BC40,BEEF CUBES,2 lb x 20 Pkts,MEAT-INDIAN-TRD,71.19,44.63,85.5,,,0,auto_high_confidence
1060,16712441,ALKABEER CHICKEN/BEEF KIBBEH 400 GM,Al Kabeer,Chicken Kibbeh-Frozen,No Variant,Frozen Kofta / Kibbeh & Meat Balls,400 gm,3,BVL3,VEAL LEGS 3.6,Asstd. Wt.,MEAT-INDIAN-TRD,68.77,37.7,85.5,,,0,auto_high_confidence
1060,16712441,ALKABEER CHICKEN/BEEF KIBBEH 400 GM,Al Kabeer,Chicken Kibbeh-Frozen,No Variant,Frozen Kofta / Kibbeh & Meat Balls,400 gm,4,CBBOT,TAYEBAT BEEF BURGERS ONION BULK,1 Kgs x 9 Pkts,BURGERS,55.08,50.0,85.5,conflict,,0,auto_high_confidence
1060,16712441,ALKABEER CHICKEN/BEEF KIBBEH 400 GM,Al Kabeer,Chicken Kibbeh-Frozen,No Variant,Frozen Kofta / Kibbeh & Meat Balls,400 gm,5,CBBO,4 BEEF BURGERS,200 Gms x 30 Pkt,BURGERS,54.24,47.62,85.5,conflict,,0,auto_high_confidence
1061,16712441,ALKABEER CHICKEN/BEEF KIBBEH 400 GM,Al Kabeer,Beef Kibbeh-Frozen,No Variant,Frozen Kofta / Kibbeh & Meat Balls,400 gm,1,CBK,BEEF KIBBEH 400,400 Gms x 12 Pkts,KOFTA-KIBBEH-FELAFEL,92.08,70.0,85.5,exact,20.88,1,auto_high_confidence
1061,16712441,ALKABEER CHICKEN/BEEF KIBBEH 400 GM,Al Kabeer,Beef Kibbeh-Frozen,No Variant,Frozen Kofta / Kibbeh & Meat Balls,400 gm,2,BC40,BEEF CUBES,2 lb x 20 Pkts,MEAT-INDIAN-TRD,71.19,44.63,85.5,,,0,auto_high_confidence
1061,16712441,ALKABEER CHICKEN/BEEF KIBBEH 400 GM,Al Kabeer,Beef Kibbeh-Frozen,No Variant,Frozen Kofta / Kibbeh & Meat Balls,400 gm,3,BVL3,VEAL LEGS 3.6,Asstd. Wt.,MEAT-INDIAN-TRD,68.77,37.7,85.5,,,0,auto_high_confidence
1061,16712441,ALKABEER CHICKEN/BEEF KIBBEH 400 GM,Al Kabeer,Beef Kibbeh-Frozen,No Variant,Frozen Kofta / Kibbeh & Meat Balls,400 gm,4,CBBOT,TAYEBAT BEEF BURGERS ONION BULK,1 Kgs x 9 Pkts,BURGERS,55.08,50.0,85.5,conflict,,0,auto_high_confidence
1061,16712441,ALKABEER CHICKEN/BEEF KIBBEH 400 GM,Al Kabeer,Beef Kibbeh-Frozen,No Variant,Frozen Kofta / Kibbeh & Meat Balls,400 gm,5,CBBO,4 BEEF BURGERS,200 Gms x 30 Pkt,BURGERS,54.24,47.62,85.5,conflict,,0,auto_high_confidence
1070,16716172,AL KABEER BREADED CHICKEN BURGERS 400 GM,Al Kabeer,Chicken Burger-Frozen,Breaded,Frozen Burger,400 gm,1,CKBBS,8 BREADED CHICKEN BURGER HOT & SPICY,400 gm x 12 Pkts,BURGERS,100.0,91.14,86.58,exact,17.97,1,auto_high_confidence
1070,16716172,AL KABEER BREADED CHICKEN BURGERS 400 GM,Al Kabeer,Chicken Burger-Frozen,Breaded,Frozen Burger,400 gm,2,CFBJ,JUMBO HOTDOGS,400 Gms x 20 Pkts,SAUSAGES,82.03,41.3,85.5,exact,,0,auto_high_confidence
1070,16716172,AL KABEER BREADED CHICKEN BURGERS 400 GM,Al Kabeer,Chicken Burger-Frozen,Breaded,Frozen Burger,400 gm,3,CBBUR,BEEF BURGERS 56 g.,840 g. x 9,BURGERS,56.83,55.0,85.5,conflict,,0,auto_high_confidence
1070,16716172,AL KABEER BREADED CHICKEN BURGERS 400 GM,Al Kabeer,Chicken Burger-Frozen,Breaded,Frozen Burger,400 gm,4,CBBO,4 BEEF BURGERS,200 Gms x 30 Pkt,BURGERS,56.74,54.76,85.5,conflict,,0,auto_high_confidence
1070,16716172,AL KABEER BREADED CHICKEN BURGERS 400 GM,Al Kabeer,Chicken Burger-Frozen,Breaded,Frozen Burger,400 gm,5,CBBOA,BEEF BURGERS BULK,2 Kgs x 5 Pkts,BURGERS,55.76,51.95,85.5,conflict,,0,auto_high_confidence
1087,16717456,Al Kabeer Cheese Spring Rolls 8's (240g),Al Kabeer,Spring Roll-Frozen,No Variant,"Frozen Pizzas, Wraps, Sandwiches",240 gm,1,CCSRA,8 CHEESE SPRING ROLLS,240 Gms x 20 Pkts,SPRING ROLL,93.62,74.42,85.5,exact,9.09,1,auto_high_confidence
1087,16717456,Al Kabeer Cheese Spring Rolls 8's (240g),Al Kabeer,Spring Roll-Frozen,No Variant,"Frozen Pizzas, Wraps, Sandwiches",240 gm,2,CCSAK,12 CHEESE SAMOSAS,240 Gms x 20 Pkts,SAMOSA,84.53,48.44,85.5,exact,,0,auto_high_confidence
1087,16717456,Al Kabeer Cheese Spring Rolls 8's (240g),Al Kabeer,Spring Roll-Frozen,No Variant,"Frozen Pizzas, Wraps, Sandwiches",240 gm,3,CCSK,KIRI CHEESE SAMOSA,20 X 240 GMS,SAMOSA,83.46,45.38,85.5,exact,,0,auto_high_confidence
1087,16717456,Al Kabeer Cheese Spring Rolls 8's (240g),Al Kabeer,Spring Roll-Frozen,No Variant,"Frozen Pizzas, Wraps, Sandwiches",240 gm,4,CCSAKA,CHEESE SAMOSAS BULK,1.2 Kgs x 4 Pkts,SAMOSA,51.92,40.98,85.5,conflict,,0,auto_high_confidence
1087,16717456,Al Kabeer Cheese Spring Rolls 8's (240g),Al Kabeer,Spring Roll-Frozen,No Variant,"Frozen Pizzas, Wraps, Sandwiches",240 gm,5,CCSAKPR,A.K PRO CHEESE SAMOSA,4 X 1.2 KGS,SAMOSA,51.69,40.34,85.5,conflict,,0,auto_high_confidence
1109,16719024,AL KABEER CHICKEN/BEEF KIBBEH 400GN,Al Kabeer,Beef Kibbeh-Frozen,No Variant,Frozen Kofta / Kibbeh & Meat Balls,400 gm,1,CBK,BEEF KIBBEH 400,400 Gms x 12 Pkts,KOFTA-KIBBEH-FELAFEL,92.08,70.0,85.5,exact,21.26,1,auto_high_confidence
1109,16719024,AL KABEER CHICKEN/BEEF KIBBEH 400GN,Al Kabeer,Beef Kibbeh-Frozen,No Variant,Frozen Kofta / Kibbeh & Meat Balls,400 gm,2,BC40,BEEF CUBES,2 lb x 20 Pkts,MEAT-INDIAN-TRD,70.82,43.55,85.5,,,0,auto_high_confidence
1109,16719024,AL KABEER CHICKEN/BEEF KIBBEH 400GN,Al Kabeer,Beef Kibbeh-Frozen,No Variant,Frozen Kofta / Kibbeh & Meat Balls,400 gm,3,BVL3,VEAL LEGS 3.6,Asstd. Wt.,MEAT-INDIAN-TRD,68.45,36.8,85.5,,,0,auto_high_confidence
1109,16719024,AL KABEER CHICKEN/BEEF KIBBEH 400GN,Al Kabeer,Beef Kibbeh-Frozen,No Variant,Frozen Kofta / Kibbeh & Meat Balls,400 gm,4,CBBOT,TAYEBAT BEEF BURGERS ONION BULK,1 Kgs x 9 Pkts,BURGERS,55.23,50.43,85.5,conflict,,0,auto_high_confidence
1109,16719024,AL KABEER CHICKEN/BEEF KIBBEH 400GN,Al Kabeer,Beef Kibbeh-Frozen,No Variant,Frozen Kofta / Kibbeh & Meat Balls,400 gm,5,CBBO,4 BEEF BURGERS,200 Gms x 30 Pkt,BURGERS,54.43,48.15,85.5,conflict,,0,auto_high_confidence
1110,16719024,AL KABEER CHICKEN/BEEF KIBBEH 400GN,Al Kabeer,Chicken Kibbeh-Frozen,No Variant,Frozen Kofta / Kibbeh & Meat Balls,400 gm,1,CBK,BEEF KIBBEH 400,400 Gms x 12 Pkts,KOFTA-KIBBEH-FELAFEL,92.08,70.0,85.5,exact,21.26,1,auto_high_confidence
1110,16719024,AL KABEER CHICKEN/BEEF KIBBEH 400GN,Al Kabeer,Chicken Kibbeh-Frozen,No Variant,Frozen Kofta / Kibbeh & Meat Balls,400 gm,2,BC40,BEEF CUBES,2 lb x 20 Pkts,MEAT-INDIAN-TRD,70.82,43.55,85.5,,,0,auto_high_confidence
1110,16719024,AL KABEER CHICKEN/BEEF KIBBEH 400GN,Al Kabeer,Chicken Kibbeh-Frozen,No Variant,Frozen Kofta / Kibbeh & Meat Balls,400 gm,3,BVL3,VEAL LEGS 3.6,Asstd. Wt.,MEAT-INDIAN-TRD,68.45,36.8,85.5,,,0,auto_high_confidence
1110,16719024,AL KABEER CHICKEN/BEEF KIBBEH 400GN,Al Kabeer,Chicken Kibbeh-Frozen,No Variant,Frozen Kofta / Kibbeh & Meat Balls,400 gm,4,CBBOT,TAYEBAT BEEF BURGERS ONION BULK,1 Kgs x 9 Pkts,BURGERS,55.23,50.43,85.5,conflict,,0,auto_high_confidence
1110,16719024,AL KABEER CHICKEN/BEEF KIBBEH 400GN,Al Kabeer,Chicken Kibbeh-Frozen,No Variant,Frozen Kofta / Kibbeh & Meat Balls,400 gm,5,CBBO,4 BEEF BURGERS,200 Gms x 30 Pkt,BURGERS,54.43,48.15,85.5,conflict,,0,auto_high_confidence
1215,16741104,Al Kabeer  Breaded Chicken Burger/ Spicy 400 gm,Al Kabeer,Chicken Burger-Frozen,Breaded,Frozen Burger,400 gm,1,CKBBS,8 BREADED CHICKEN BURGER HOT & SPICY,400 gm x 12 Pkts,BURGERS,99.72,90.67,86.13,exact,18.92,1,auto_high_confidence
1215,16741104,Al Kabeer  Breaded Chicken Burger/ Spicy 400 gm,Al Kabeer,Chicken Burger-Frozen,Breaded,Frozen Burger,400 gm,2,CFBJ,JUMBO HOTDOGS,400 Gms x 20 Pkts,SAUSAGES,80.8,37.78,85.5,exact,,0,auto_high_confidence
1215,16741104,Al Kabeer  Breaded Chicken Burger/ Spicy 400 gm,Al Kabeer,Chicken Burger-Frozen,Breaded,Frozen Burger,400 gm,3,CKCKB,CHICKEN BURGERS 56 g,840 g. x 9,BURGERS,57.84,57.89,85.5,conflict,,0,auto_high_confidence
1215,16741104,Al Kabeer  Breaded Chicken Burger/ Spicy 400 gm,Al Kabeer,Chicken Burger-Frozen,Breaded,Frozen Burger,400 gm,4,CBBO,4 BEEF BURGERS,200 Gms x 30 Pkt,BURGERS,55.5,51.22,85.5,conflict,,0,auto_high_confidence
1215,16741104,Al Kabeer  Breaded Chicken Burger/ Spicy 400 gm,Al Kabeer,Chicken Burger-Frozen,Breaded,Frozen Burger,400 gm,5,CBBUR,BEEF BURGERS 56 g.,840 g. x 9,BURGERS,53.73,46.15,85.5,conflict,,0,auto_high_confidence
1238,16775439,Al Kabeer Zing Chicken Srips 750 gm,Al Kabeer,Chicken Strips-Frozen,No Variant,Zing,750 gm,1,CKZSCKNP,Zing Strips Non Spicy + Free Chicken Nuggets Combo Pack,(750 g.+750 g.) x 4,STRIPS,91.22,67.57,85.5,exact,9.04,1,auto_high_confidence
1238,16775439,Al Kabeer Zing Chicken Srips 750 gm,Al Kabeer,Chicken Strips-Frozen,No Variant,Zing,750 gm,2,CKZSDA,ZING CHICKEN STRIPS SPICY 750 GRM,750 GMS X 8 PKT,STRIPS,82.18,67.57,71.59,exact,,0,auto_high_confidence
1238,16775439,Al Kabeer Zing Chicken Srips 750 gm,Al Kabeer,Chicken Strips-Frozen,No Variant,Zing,750 gm,3,CKZSNS,ZING CHICKEN STRIPS NON-SPICY,8 X 750 GMS,STRIPS,81.54,68.69,70.0,exact,,0,auto_high_confidence
1238,16775439,Al Kabeer Zing Chicken Srips 750 gm,Al Kabeer,Chicken Strips-Frozen,No Variant,Zing,750 gm,4,CKZFDA,ZING CHICKEN FILLETS SPICY 750 GRM,750 GMS X 8 PKT,FILLETS,71.49,56.57,61.07,exact,,0,auto_high_confidence
1238,16775439,Al Kabeer Zing Chicken Srips 750 gm,Al Kabeer,Chicken Strips-Frozen,No Variant,Zing,750 gm,5,CKZFNS,ZING CHICKEN FILLET NON-SPICY,8 X 750 GMS,FILLETS,71.26,56.07,60.97,exact,,0,auto_high_confidence
1301,16878453,Al Kabeer Chicken/Beef KIBBEH 400 GM,Al Kabeer,Beef Kibbeh-Frozen,No Variant,Frozen Kofta / Kibbeh & Meat Balls,400 gm,1,CBK,BEEF KIBBEH 400,400 Gms x 12 Pkts,KOFTA-KIBBEH-FELAFEL,92.08,70.0,85.5,exact,20.88,1,auto_high_confidence
1301,16878453,Al Kabeer Chicken/Beef KIBBEH 400 GM,Al Kabeer,Beef Kibbeh-Frozen,No Variant,Frozen Kofta / Kibbeh & Meat Balls,400 gm,2,BC40,BEEF CUBES,2 lb x 20 Pkts,MEAT-INDIAN-TRD,71.19,44.63,85.5,,,0,auto_high_confidence
1301,16878453,Al Kabeer Chicken/Beef KIBBEH 400 GM,Al Kabeer,Beef Kibbeh-Frozen,No Variant,Frozen Kofta / Kibbeh & Meat Balls,400 gm,3,BVL3,VEAL LEGS 3.6,Asstd. Wt.,MEAT-INDIAN-TRD,68.77,37.7,85.5,,,0,auto_high_confidence
1301,16878453,Al Kabeer Chicken/Beef KIBBEH 400 GM,Al Kabeer,Beef Kibbeh-Frozen,No Variant,Frozen Kofta / Kibbeh & Meat Balls,400 gm,4,CBBOT,TAYEBAT BEEF BURGERS ONION BULK,1 Kgs x 9 Pkts,BURGERS,55.08,50.0,85.5,conflict,,0,auto_high_confidence
1301,16878453,Al Kabeer Chicken/Beef KIBBEH 400 GM,Al Kabeer,Beef Kibbeh-Frozen,No Variant,Frozen Kofta / Kibbeh & Meat Balls,400 gm,5,CBBO,4 BEEF BURGERS,200 Gms x 30 Pkt,BURGERS,54.24,47.62,85.5,conflict,,0,auto_high_confidence
1302,16878453,Al Kabeer Chicken/Beef KIBBEH 400 GM,Al Kabeer,Chicken Kibbeh-Frozen,No Variant,Frozen Kofta / Kibbeh & Meat Balls,400 gm,1,CBK,BEEF KIBBEH 400,400 Gms x 12 Pkts,KOFTA-KIBBEH-FELAFEL,92.08,70.0,85.5,exact,20.88,1,auto_high_confidence
1302,16878453,Al Kabeer Chicken/Beef KIBBEH 400 GM,Al Kabeer,Chicken Kibbeh-Frozen,No Variant,Frozen Kofta / Kibbeh & Meat Balls,400 gm,2,BC40,BEEF CUBES,2 lb x 20 Pkts,MEAT-INDIAN-TRD,71.19,44.63,85.5,,,0,auto_high_confidence
1302,16878453,Al Kabeer Chicken/Beef KIBBEH 400 GM,Al Kabeer,Chicken Kibbeh-Frozen,No Variant,Frozen Kofta / Kibbeh & Meat Balls,400 gm,3,BVL3,VEAL LEGS 3.6,Asstd. Wt.,MEAT-INDIAN-TRD,68.77,37.7,85.5,,,0,auto_high_confidence
1302,16878453,Al Kabeer Chicken/Beef KIBBEH 400 GM,Al Kabeer,Chicken Kibbeh-Frozen,No Variant,Frozen Kofta / Kibbeh & Meat Balls,400 gm,4,CBBOT,TAYEBAT BEEF BURGERS ONION BULK,1 Kgs x 9 Pkts,BURGERS,55.08,50.0,85.5,conflict,,0,auto_high_confidence
1302,16878453,Al Kabeer Chicken/Beef KIBBEH 400 GM,Al Kabeer,Chicken Kibbeh-Frozen,No Variant,Frozen Kofta / Kibbeh & Meat Balls,400 gm,5,CBBO,4 BEEF BURGERS,200 Gms x 30 Pkt,BURGERS,54.24,47.62,85.5,conflict,,0,auto_high_confidence
1306,16878726,Al Kabeer  CHICKEN / BEEF KIBBEH 400 GM,Al Kabeer,Beef Kibbeh-Frozen,No Variant,Frozen Kofta / Kibbeh & Meat Balls,400 gm,1,CBK,BEEF KIBBEH 400,400 Gms x 12 Pkts,KOFTA-KIBBEH-FELAFEL,92.08,70.0,85.5,exact,20.88,1,auto_high_confidence
1306,16878726,Al Kabeer  CHICKEN / BEEF KIBBEH 400 GM,Al Kabeer,Beef Kibbeh-Frozen,No Variant,Frozen Kofta / Kibbeh & Meat Balls,400 gm,2,BC40,BEEF CUBES,2 lb x 20 Pkts,MEAT-INDIAN-TRD,71.19,44.63,85.5,,,0,auto_high_confidence
1306,16878726,Al Kabeer  CHICKEN / BEEF KIBBEH 400 GM,Al Kabeer,Beef Kibbeh-Frozen,No Variant,Frozen Kofta / Kibbeh & Meat Balls,400 gm,3,BVL3,VEAL LEGS 3.6,Asstd. Wt.,MEAT-INDIAN-TRD,68.77,37.7,85.5,,,0,auto_high_confidence
1306,16878726,Al Kabeer  CHICKEN / BEEF KIBBEH 400 GM,Al Kabeer,Beef Kibbeh-Frozen,No Variant,Frozen Kofta / Kibbeh & Meat Balls,400 gm,4,CBBOT,TAYEBAT BEEF BURGERS ONION BULK,1 Kgs x 9 Pkts,BURGERS,55.08,50.0,85.5,conflict,,0,auto_high_confidence
1306,16878726,Al Kabeer  CHICKEN / BEEF KIBBEH 400 GM,Al Kabeer,Beef Kibbeh-Frozen,No Variant,Frozen Kofta / Kibbeh & Meat Balls,400 gm,5,CBBO,4 BEEF BURGERS,200 Gms x 30 Pkt,BURGERS,54.24,47.62,85.5,conflict,,0,auto_high_confidence
1307,16878726,Al Kabeer  CHICKEN / BEEF KIBBEH 400 GM,Al Kabeer,Chicken Kibbeh-Frozen,No Variant,Frozen Kofta / Kibbeh & Meat Balls,400 gm,1,CBK,BEEF KIBBEH 400,400 Gms x 12 Pkts,KOFTA-KIBBEH-FELAFEL,92.08,70.0,85.5,exact,20.88,1,auto_high_confidence
1307,16878726,Al Kabeer  CHICKEN / BEEF KIBBEH 400 GM,Al Kabeer,Chicken Kibbeh-Frozen,No Variant,Frozen Kofta / Kibbeh & Meat Balls,400 gm,2,BC40,BEEF CUBES,2 lb x 20 Pkts,MEAT-INDIAN-TRD,71.19,44.63,85.5,,,0,auto_high_confidence
1307,16878726,Al Kabeer  CHICKEN / BEEF KIBBEH 400 GM,Al Kabeer,Chicken Kibbeh-Frozen,No Variant,Frozen Kofta / Kibbeh & Meat Balls,400 gm,3,BVL3,VEAL LEGS 3.6,Asstd. Wt.,MEAT-INDIAN-TRD,68.77,37.7,85.5,,,0,auto_high_confidence
1307,16878726,Al Kabeer  CHICKEN / BEEF KIBBEH 400 GM,Al Kabeer,Chicken Kibbeh-Frozen,No Variant,Frozen Kofta / Kibbeh & Meat Balls,400 gm,4,CBBOT,TAYEBAT BEEF BURGERS ONION BULK,1 Kgs x 9 Pkts,BURGERS,55.08,50.0,85.5,conflict,,0,auto_high_confidence
1307,16878726,Al Kabeer  CHICKEN / BEEF KIBBEH 400 GM,Al Kabeer,Chicken Kibbeh-Frozen,No Variant,Frozen Kofta / Kibbeh & Meat Balls,400 gm,5,CBBO,4 BEEF BURGERS,200 Gms x 30 Pkt,BURGERS,54.24,47.62,85.5,conflict,,0,auto_high_confidence
1317,16879654,"AL KABEER BEEF OR CHICKEN KIBBEH, 400 GRAMS",Al Kabeer,Beef Kibbeh-Frozen,No Variant,Frozen Kofta / Kibbeh & Meat Balls,400 gm,1,CBK,BEEF KIBBEH 400,400 Gms x 12 Pkts,KOFTA-KIBBEH-FELAFEL,92.08,70.0,85.5,exact,20.69,1,auto_high_confidence
1317,16879654,"AL KABEER BEEF OR CHICKEN KIBBEH, 400 GRAMS",Al Kabeer,Beef Kibbeh-Frozen,No Variant,Frozen Kofta / Kibbeh & Meat Balls,400 gm,2,BC40,BEEF CUBES,2 lb x 20 Pkts,MEAT-INDIAN-TRD,71.38,45.16,85.5,,,0,auto_high_confidence
1317,16879654,"AL KABEER BEEF OR CHICKEN KIBBEH, 400 GRAMS",Al Kabeer,Beef Kibbeh-Frozen,No Variant,Frozen Kofta / Kibbeh & Meat Balls,400 gm,3,BVL3,VEAL LEGS 3.6,Asstd. Wt.,MEAT-INDIAN-TRD,69.02,38.4,85.5,,,0,auto_high_confidence
1317,16879654,"AL KABEER BEEF OR CHICKEN KIBBEH, 400 GRAMS",Al Kabeer,Beef Kibbeh-Frozen,No Variant,Frozen Kofta / Kibbeh & Meat Balls,400 gm,4,CBBOT,TAYEBAT BEEF BURGERS ONION BULK,1 Kgs x 9 Pkts,BURGERS,55.23,50.43,85.5,conflict,,0,auto_high_confidence
1317,16879654,"AL KABEER BEEF OR CHICKEN KIBBEH, 400 GRAMS",Al Kabeer,Beef Kibbeh-Frozen,No Variant,Frozen Kofta / Kibbeh & Meat Balls,400 gm,5,CBBO,4 BEEF BURGERS,200 Gms x 30 Pkt,BURGERS,54.43,48.15,85.5,conflict,,0,auto_high_confidence
1360,16886858,AL KABEER CHICKEN KIBBEH 400GM,Al Kabeer,Chicken Kibbeh-Frozen,No Variant,Frozen Kofta / Kibbeh & Meat Balls,400 gm,1,CBK,BEEF KIBBEH 400,400 Gms x 12 Pkts,KOFTA-KIBBEH-FELAFEL,89.68,63.16,85.5,exact,20.69,1,auto_high_confidence
1360,16886858,AL KABEER CHICKEN KIBBEH 400GM,Al Kabeer,Chicken Kibbeh-Frozen,No Variant,Frozen Kofta / Kibbeh & Meat Balls,400 gm,2,BVL3,VEAL LEGS 3.6,Asstd. Wt.,MEAT-INDIAN-TRD,68.99,38.33,85.5,,,0,auto_high_confidence
1360,16886858,AL KABEER CHICKEN KIBBEH 400GM,Al Kabeer,Chicken Kibbeh-Frozen,No Variant,Frozen Kofta / Kibbeh & Meat Balls,400 gm,3,BC40,BEEF CUBES,2 lb x 20 Pkts,MEAT-INDIAN-TRD,68.52,36.97,85.5,,,0,auto_high_confidence
1360,16886858,AL KABEER CHICKEN KIBBEH 400GM,Al Kabeer,Chicken Kibbeh-Frozen,No Variant,Frozen Kofta / Kibbeh & Meat Balls,400 gm,4,BTS,BEEF TOPSIDE ALK,20 KGS,MEAT-INDIAN-TRD,52.41,42.37,85.5,conflict,,0,auto_high_confidence
1360,16886858,AL KABEER CHICKEN KIBBEH 400GM,Al Kabeer,Chicken Kibbeh-Frozen,No Variant,Frozen Kofta / Kibbeh & Meat Balls,400 gm,5,CBBOT,TAYEBAT BEEF BURGERS ONION BULK,1 Kgs x 9 Pkts,BURGERS,52.21,41.82,85.5,conflict,,0,auto_high_confidence
1385,16888537,Al Kabeer Beef / Chicken Kibbeh 400 gm,Al Kabeer,Chicken Kibbeh-Frozen,No Variant,Frozen Kofta / Kibbeh & Meat Balls,400 gm,1,CBK,BEEF KIBBEH 400,400 Gms x 12 Pkts,KOFTA-KIBBEH-FELAFEL,92.08,70.0,85.5,exact,20.88,1,auto_high_confidence
1385,16888537,Al Kabeer Beef / Chicken Kibbeh 400 gm,Al Kabeer,Chicken Kibbeh-Frozen,No Variant,Frozen Kofta / Kibbeh & Meat Balls,400 gm,2,BC40,BEEF CUBES,2 lb x 20 Pkts,MEAT-INDIAN-TRD,71.19,44.63,85.5,,,0,auto_high_confidence
1385,16888537,Al Kabeer Beef / Chicken Kibbeh 400 gm,Al Kabeer,Chicken Kibbeh-Frozen,No Variant,Frozen Kofta / Kibbeh & Meat Balls,400 gm,3,BVL3,VEAL LEGS 3.6,Asstd. Wt.,MEAT-INDIAN-TRD,68.77,37.7,85.5,,,0,auto_high_confidence
1385,16888537,Al Kabeer Beef / Chicken Kibbeh 400 gm,Al Kabeer,Chicken Kibbeh-Frozen,No Variant,Frozen Kofta / Kibbeh & Meat Balls,400 gm,4,CBBOT,TAYEBAT BEEF BURGERS ONION BULK,1 Kgs x 9 Pkts,BURGERS,55.08,50.0,85.5,conflict,,0,auto_high_confidence
1385,16888537,Al Kabeer Beef / Chicken Kibbeh 400 gm,Al Kabeer,Chicken Kibbeh-Frozen,No Variant,Frozen Kofta / Kibbeh & Meat Balls,400 gm,5,CBBO,4 BEEF BURGERS,200 Gms x 30 Pkt,BURGERS,54.24,47.62,85.5,conflict,,0,auto_high_confidence
1386,16888537,Al Kabeer Beef / Chicken Kibbeh 400 gm,Al Kabeer,Beef Kibbeh-Frozen,No Variant,Frozen Kofta / Kibbeh & Meat Balls,400 gm,1,CBK,BEEF KIBBEH 400,400 Gms x 12 Pkts,KOFTA-KIBBEH-FELAFEL,92.08,70.0,85.5,exact,20.88,1,auto_high_confidence
1386,16888537,Al Kabeer Beef / Chicken Kibbeh 400 gm,Al Kabeer,Beef Kibbeh-Frozen,No Variant,Frozen Kofta / Kibbeh & Meat Balls,400 gm,2,BC40,BEEF CUBES,2 lb x 20 Pkts,MEAT-INDIAN-TRD,71.19,44.63,85.5,,,0,auto_high_confidence
1386,16888537,Al Kabeer Beef / Chicken Kibbeh 400 gm,Al Kabeer,Beef Kibbeh-Frozen,No Variant,Frozen Kofta / Kibbeh & Meat Balls,400 gm,3,BVL3,VEAL LEGS 3.6,Asstd. Wt.,MEAT-INDIAN-TRD,68.77,37.7,85.5,,,0,auto_high_confidence
1386,16888537,Al Kabeer Beef / Chicken Kibbeh 400 gm,Al Kabeer,Beef Kibbeh-Frozen,No Variant,Frozen Kofta / Kibbeh & Meat Balls,400 gm,4,CBBOT,TAYEBAT BEEF BURGERS ONION BULK,1 Kgs x 9 Pkts,BURGERS,55.08,50.0,85.5,conflict,,0,auto_high_confidence
1386,16888537,Al Kabeer Beef / Chicken Kibbeh 400 gm,Al Kabeer,Beef Kibbeh-Frozen,No Variant,Frozen Kofta / Kibbeh & Meat Balls,400 gm,5,CBBO,4 BEEF BURGERS,200 Gms x 30 Pkt,BURGERS,54.24,47.62,85.5,conflict,,0,auto_high_confidence
1404,16889519,Al Kabeer Chicken / Beef Kibbeh 400 gm ,Al Kabeer,Chicken Kibbeh-Frozen,No Variant,Frozen Kofta / Kibbeh & Meat Balls,400 gm,1,CBK,BEEF KIBBEH 400,400 Gms x 12 Pkts,KOFTA-KIBBEH-FELAFEL,92.08,70.0,85.5,exact,20.88,1,auto_high_confidence
1404,16889519,Al Kabeer Chicken / Beef Kibbeh 400 gm ,Al Kabeer,Chicken Kibbeh-Frozen,No Variant,Frozen Kofta / Kibbeh & Meat Balls,400 gm,2,BC40,BEEF CUBES,2 lb x 20 Pkts,MEAT-INDIAN-TRD,71.19,44.63,85.5,,,0,auto_high_confidence
1404,16889519,Al Kabeer Chicken / Beef Kibbeh 400 gm ,Al Kabeer,Chicken Kibbeh-Frozen,No Variant,Frozen Kofta / Kibbeh & Meat Balls,400 gm,3,BVL3,VEAL LEGS 3.6,Asstd. Wt.,MEAT-INDIAN-TRD,68.77,37.7,85.5,,,0,auto_high_confidence
1404,16889519,Al Kabeer Chicken / Beef Kibbeh 400 gm ,Al Kabeer,Chicken Kibbeh-Frozen,No Variant,Frozen Kofta / Kibbeh & Meat Balls,400 gm,4,CBBOT,TAYEBAT BEEF BURGERS ONION BULK,1 Kgs x 9 Pkts,BURGERS,55.08,50.0,85.5,conflict,,0,auto_high_confidence
1404,16889519,Al Kabeer Chicken / Beef Kibbeh 400 gm ,Al Kabeer,Chicken Kibbeh-Frozen,No Variant,Frozen Kofta / Kibbeh & Meat Balls,400 gm,5,CBBO,4 BEEF BURGERS,200 Gms x 30 Pkt,BURGERS,54.24,47.62,85.5,conflict,,0,auto_high_confidence
1405,16889519,Al Kabeer Chicken / Beef Kibbeh 400 gm ,Al Kabeer,Beef Kibbeh-Frozen,No Variant,Frozen Kofta / Kibbeh & Meat Balls,400 gm,1,CBK,BEEF KIBBEH 400,400 Gms x 12 Pkts,KOFTA-KIBBEH-FELAFEL,92.08,70.0,85.5,exact,20.88,1,auto_high_confidence
1405,16889519,Al Kabeer Chicken / Beef Kibbeh 400 gm ,Al Kabeer,Beef Kibbeh-Frozen,No Variant,Frozen Kofta / Kibbeh & Meat Balls,400 gm,2,BC40,BEEF CUBES,2 lb x 20 Pkts,MEAT-INDIAN-TRD,71.19,44.63,85.5,,,0,auto_high_confidence
1405,16889519,Al Kabeer Chicken / Beef Kibbeh 400 gm ,Al Kabeer,Beef Kibbeh-Frozen,No Variant,Frozen Kofta / Kibbeh & Meat Balls,400 gm,3,BVL3,VEAL LEGS 3.6,Asstd. Wt.,MEAT-INDIAN-TRD,68.77,37.7,85.5,,,0,auto_high_confidence
1405,16889519,Al Kabeer Chicken / Beef Kibbeh 400 gm ,Al Kabeer,Beef Kibbeh-Frozen,No Variant,Frozen Kofta / Kibbeh & Meat Balls,400 gm,4,CBBOT,TAYEBAT BEEF BURGERS ONION BULK,1 Kgs x 9 Pkts,BURGERS,55.08,50.0,85.5,conflict,,0,auto_high_confidence
1405,16889519,Al Kabeer Chicken / Beef Kibbeh 400 gm ,Al Kabeer,Beef Kibbeh-Frozen,No Variant,Frozen Kofta / Kibbeh & Meat Balls,400 gm,5,CBBO,4 BEEF BURGERS,200 Gms x 30 Pkt,BURGERS,54.24,47.62,85.5,conflict,,0,auto_high_confidence
1418,16894364,Al Kabeer  Chicken/ Beef Kibbeh 400 gm,Al Kabeer,Beef Kibbeh-Frozen,No Variant,Frozen Kofta / Kibbeh & Meat Balls,400 gm,1,CBK,BEEF KIBBEH 400,400 Gms x 12 Pkts,KOFTA-KIBBEH-FELAFEL,92.08,70.0,85.5,exact,20.88,1,auto_high_confidence
1418,16894364,Al Kabeer  Chicken/ Beef Kibbeh 400 gm,Al Kabeer,Beef Kibbeh-Frozen,No Variant,Frozen Kofta / Kibbeh & Meat Balls,400 gm,2,BC40,BEEF CUBES,2 lb x 20 Pkts,MEAT-INDIAN-TRD,71.19,44.63,85.5,,,0,auto_high_confidence
1418,16894364,Al Kabeer  Chicken/ Beef Kibbeh 400 gm,Al Kabeer,Beef Kibbeh-Frozen,No Variant,Frozen Kofta / Kibbeh & Meat Balls,400 gm,3,BVL3,VEAL LEGS 3.6,Asstd. Wt.,MEAT-INDIAN-TRD,68.77,37.7,85.5,,,0,auto_high_confidence
1418,16894364,Al Kabeer  Chicken/ Beef Kibbeh 400 gm,Al Kabeer,Beef Kibbeh-Frozen,No Variant,Frozen Kofta / Kibbeh & Meat Balls,400 gm,4,CBBOT,TAYEBAT BEEF BURGERS ONION BULK,1 Kgs x 9 Pkts,BURGERS,55.08,50.0,85.5,conflict,,0,auto_high_confidence
1418,16894364,Al Kabeer  Chicken/ Beef Kibbeh 400 gm,Al Kabeer,Beef Kibbeh-Frozen,No Variant,Frozen Kofta / Kibbeh & Meat Balls,400 gm,5,CBBO,4 BEEF BURGERS,200 Gms x 30 Pkt,BURGERS,54.24,47.62,85.5,conflict,,0,auto_high_confidence
1419,16894364,Al Kabeer  Chicken/ Beef Kibbeh 400 gm,Al Kabeer,Chicken Kibbeh-Frozen,No Variant,Frozen Kofta / Kibbeh & Meat Balls,400 gm,1,CBK,BEEF KIBBEH 400,400 Gms x 12 Pkts,KOFTA-KIBBEH-FELAFEL,92.08,70.0,85.5,exact,20.88,1,auto_high_confidence
1419,16894364,Al Kabeer  Chicken/ Beef Kibbeh 400 gm,Al Kabeer,Chicken Kibbeh-Frozen,No Variant,Frozen Kofta / Kibbeh & Meat Balls,400 gm,2,BC40,BEEF CUBES,2 lb x 20 Pkts,MEAT-INDIAN-TRD,71.19,44.63,85.5,,,0,auto_high_confidence
1419,16894364,Al Kabeer  Chicken/ Beef Kibbeh 400 gm,Al Kabeer,Chicken Kibbeh-Frozen,No Variant,Frozen Kofta / Kibbeh & Meat Balls,400 gm,3,BVL3,VEAL LEGS 3.6,Asstd. Wt.,MEAT-INDIAN-TRD,68.77,37.7,85.5,,,0,auto_high_confidence
1419,16894364,Al Kabeer  Chicken/ Beef Kibbeh 400 gm,Al Kabeer,Chicken Kibbeh-Frozen,No Variant,Frozen Kofta / Kibbeh & Meat Balls,400 gm,4,CBBOT,TAYEBAT BEEF BURGERS ONION BULK,1 Kgs x 9 Pkts,BURGERS,55.08,50.0,85.5,conflict,,0,auto_high_confidence
1419,16894364,Al Kabeer  Chicken/ Beef Kibbeh 400 gm,Al Kabeer,Chicken Kibbeh-Frozen,No Variant,Frozen Kofta / Kibbeh & Meat Balls,400 gm,5,CBBO,4 BEEF BURGERS,200 Gms x 30 Pkt,BURGERS,54.24,47.62,85.5,conflict,,0,auto_high_confidence
1468,16930637,Al Kabeer Zing Chicken Fillets 465 gm,Al Kabeer,Chicken Fillets-Frozen,Spicy,Zing,465 gm,1,CKZF,ZING CHICKEN FILLETS 465,465 Gms x 12 Pkts,FILLETS,89.59,80.0,76.29,exact,22.76,1,auto_high_confidence
1468,16930637,Al Kabeer Zing Chicken Fillets 465 gm,Al Kabeer,Chicken Fillets-Frozen,Spicy,Zing,465 gm,2,CZFNSCFHP,Zing Chicken Fillets Non Spicy + Free Chicken Fillets Spicy,750+750 g. x 4,FILLETS,66.83,83.58,85.5,conflict,,0,auto_high_confidence
1468,16930637,Al Kabeer Zing Chicken Fillets 465 gm,Al Kabeer,Chicken Fillets-Frozen,Spicy,Zing,465 gm,3,CKZFACKNP,Zing Chicken Fillets Spicy + Free Chicken Nuggets,1kg+750 g. x 3,FILLETS,62.87,83.58,79.4,conflict,,0,auto_high_confidence
1468,16930637,Al Kabeer Zing Chicken Fillets 465 gm,Al Kabeer,Chicken Fillets-Frozen,Spicy,Zing,465 gm,4,CKZFDA,ZING CHICKEN FILLETS SPICY 750 GRM,750 GMS X 8 PKT,FILLETS,62.87,83.58,79.4,conflict,,0,auto_high_confidence
1468,16930637,Al Kabeer Zing Chicken Fillets 465 gm,Al Kabeer,Chicken Fillets-Frozen,Spicy,Zing,465 gm,5,CKZFNS,ZING CHICKEN FILLET NON-SPICY,8 X 750 GMS,FILLETS,62.87,83.58,79.4,conflict,,0,auto_high_confidence
1475,16944854,Al-Kabeer Kibbeh Chicken/ Beef 400 GM,Al Kabeer,Beef Kibbeh-Frozen,No Variant,Frozen Kofta / Kibbeh & Meat Balls,400 gm,1,CBK,BEEF KIBBEH 400,400 Gms x 12 Pkts,KOFTA-KIBBEH-FELAFEL,92.08,70.0,85.5,exact,20.88,1,auto_high_confidence
1475,16944854,Al-Kabeer Kibbeh Chicken/ Beef 400 GM,Al Kabeer,Beef Kibbeh-Frozen,No Variant,Frozen Kofta / Kibbeh & Meat Balls,400 gm,2,BC40,BEEF CUBES,2 lb x 20 Pkts,MEAT-INDIAN-TRD,71.19,44.63,85.5,,,0,auto_high_confidence
1475,16944854,Al-Kabeer Kibbeh Chicken/ Beef 400 GM,Al Kabeer,Beef Kibbeh-Frozen,No Variant,Frozen Kofta / Kibbeh & Meat Balls,400 gm,3,BVL3,VEAL LEGS 3.6,Asstd. Wt.,MEAT-INDIAN-TRD,68.77,37.7,85.5,,,0,auto_high_confidence
1475,16944854,Al-Kabeer Kibbeh Chicken/ Beef 400 GM,Al Kabeer,Beef Kibbeh-Frozen,No Variant,Frozen Kofta / Kibbeh & Meat Balls,400 gm,4,CBBOT,TAYEBAT BEEF BURGERS ONION BULK,1 Kgs x 9 Pkts,BURGERS,55.08,50.0,85.5,conflict,,0,auto_high_confidence
1475,16944854,Al-Kabeer Kibbeh Chicken/ Beef 400 GM,Al Kabeer,Beef Kibbeh-Frozen,No Variant,Frozen Kofta / Kibbeh & Meat Balls,400 gm,5,CBBO,4 BEEF BURGERS,200 Gms x 30 Pkt,BURGERS,54.24,47.62,85.5,conflict,,0,auto_high_confidence
1476,16944854,Al-Kabeer Kibbeh Chicken/ Beef 400 GM,Al Kabeer,Chicken Kibbeh-Frozen,No Variant,Frozen Kofta / Kibbeh & Meat Balls,400 gm,1,CBK,BEEF KIBBEH 400,400 Gms x 12 Pkts,KOFTA-KIBBEH-FELAFEL,92.08,70.0,85.5,exact,20.88,1,auto_high_confidence
1476,16944854,Al-Kabeer Kibbeh Chicken/ Beef 400 GM,Al Kabeer,Chicken Kibbeh-Frozen,No Variant,Frozen Kofta / Kibbeh & Meat Balls,400 gm,2,BC40,BEEF CUBES,2 lb x 20 Pkts,MEAT-INDIAN-TRD,71.19,44.63,85.5,,,0,auto_high_confidence
1476,16944854,Al-Kabeer Kibbeh Chicken/ Beef 400 GM,Al Kabeer,Chicken Kibbeh-Frozen,No Variant,Frozen Kofta / Kibbeh & Meat Balls,400 gm,3,BVL3,VEAL LEGS 3.6,Asstd. Wt.,MEAT-INDIAN-TRD,68.77,37.7,85.5,,,0,auto_high_confidence
1476,16944854,Al-Kabeer Kibbeh Chicken/ Beef 400 GM,Al Kabeer,Chicken Kibbeh-Frozen,No Variant,Frozen Kofta / Kibbeh & Meat Balls,400 gm,4,CBBOT,TAYEBAT BEEF BURGERS ONION BULK,1 Kgs x 9 Pkts,BURGERS,55.08,50.0,85.5,conflict,,0,auto_high_confidence
1476,16944854,Al-Kabeer Kibbeh Chicken/ Beef 400 GM,Al Kabeer,Chicken Kibbeh-Frozen,No Variant,Frozen Kofta / Kibbeh & Meat Balls,400 gm,5,CBBO,4 BEEF BURGERS,200 Gms x 30 Pkt,BURGERS,54.24,47.62,85.5,conflict,,0,auto_high_confidence
1576,17055052,ALKABEER CHICKEN/BEEF KIBBEH 400 GM,Al Kabeer,Chicken Kibbeh-Frozen,No Variant,Frozen Kofta / Kibbeh & Meat Balls,400 gm,1,CBK,BEEF KIBBEH 400,400 Gms x 12 Pkts,KOFTA-KIBBEH-FELAFEL,92.08,70.0,85.5,exact,20.88,1,auto_high_confidence
1576,17055052,ALKABEER CHICKEN/BEEF KIBBEH 400 GM,Al Kabeer,Chicken Kibbeh-Frozen,No Variant,Frozen Kofta / Kibbeh & Meat Balls,400 gm,2,BC40,BEEF CUBES,2 lb x 20 Pkts,MEAT-INDIAN-TRD,71.19,44.63,85.5,,,0,auto_high_confidence
1576,17055052,ALKABEER CHICKEN/BEEF KIBBEH 400 GM,Al Kabeer,Chicken Kibbeh-Frozen,No Variant,Frozen Kofta / Kibbeh & Meat Balls,400 gm,3,BVL3,VEAL LEGS 3.6,Asstd. Wt.,MEAT-INDIAN-TRD,68.77,37.7,85.5,,,0,auto_high_confidence
1576,17055052,ALKABEER CHICKEN/BEEF KIBBEH 400 GM,Al Kabeer,Chicken Kibbeh-Frozen,No Variant,Frozen Kofta / Kibbeh & Meat Balls,400 gm,4,CBBOT,TAYEBAT BEEF BURGERS ONION BULK,1 Kgs x 9 Pkts,BURGERS,55.08,50.0,85.5,conflict,,0,auto_high_confidence
1576,17055052,ALKABEER CHICKEN/BEEF KIBBEH 400 GM,Al Kabeer,Chicken Kibbeh-Frozen,No Variant,Frozen Kofta / Kibbeh & Meat Balls,400 gm,5,CBBO,4 BEEF BURGERS,200 Gms x 30 Pkt,BURGERS,54.24,47.62,85.5,conflict,,0,auto_high_confidence
1577,17055052,ALKABEER CHICKEN/BEEF KIBBEH 400 GM,Al Kabeer,Beef Kibbeh-Frozen,No Variant,Frozen Kofta / Kibbeh & Meat Balls,400 gm,1,CBK,BEEF KIBBEH 400,400 Gms x 12 Pkts,KOFTA-KIBBEH-FELAFEL,92.08,70.0,85.5,exact,20.88,1,auto_high_confidence
1577,17055052,ALKABEER CHICKEN/BEEF KIBBEH 400 GM,Al Kabeer,Beef Kibbeh-Frozen,No Variant,Frozen Kofta / Kibbeh & Meat Balls,400 gm,2,BC40,BEEF CUBES,2 lb x 20 Pkts,MEAT-INDIAN-TRD,71.19,44.63,85.5,,,0,auto_high_confidence
1577,17055052,ALKABEER CHICKEN/BEEF KIBBEH 400 GM,Al Kabeer,Beef Kibbeh-Frozen,No Variant,Frozen Kofta / Kibbeh & Meat Balls,400 gm,3,BVL3,VEAL LEGS 3.6,Asstd. Wt.,MEAT-INDIAN-TRD,68.77,37.7,85.5,,,0,auto_high_confidence
1577,17055052,ALKABEER CHICKEN/BEEF KIBBEH 400 GM,Al Kabeer,Beef Kibbeh-Frozen,No Variant,Frozen Kofta / Kibbeh & Meat Balls,400 gm,4,CBBOT,TAYEBAT BEEF BURGERS ONION BULK,1 Kgs x 9 Pkts,BURGERS,55.08,50.0,85.5,conflict,,0,auto_high_confidence
1577,17055052,ALKABEER CHICKEN/BEEF KIBBEH 400 GM,Al Kabeer,Beef Kibbeh-Frozen,No Variant,Frozen Kofta / Kibbeh & Meat Balls,400 gm,5,CBBO,4 BEEF BURGERS,200 Gms x 30 Pkt,BURGERS,54.24,47.62,85.5,conflict,,0,auto_high_confidence
1654,17061308,Al Kabeer Beef/ Chicken Kibbeh 400 gm,Al Kabeer,Beef Kibbeh-Frozen,No Variant,Frozen Kofta / Kibbeh & Meat Balls,400 gm,1,CBK,BEEF KIBBEH 400,400 Gms x 12 Pkts,KOFTA-KIBBEH-FELAFEL,92.08,70.0,85.5,exact,20.88,1,auto_high_confidence
1654,17061308,Al Kabeer Beef/ Chicken Kibbeh 400 gm,Al Kabeer,Beef Kibbeh-Frozen,No Variant,Frozen Kofta / Kibbeh & Meat Balls,400 gm,2,BC40,BEEF CUBES,2 lb x 20 Pkts,MEAT-INDIAN-TRD,71.19,44.63,85.5,,,0,auto_high_confidence
1654,17061308,Al Kabeer Beef/ Chicken Kibbeh 400 gm,Al Kabeer,Beef Kibbeh-Frozen,No Variant,Frozen Kofta / Kibbeh & Meat Balls,400 gm,3,BVL3,VEAL LEGS 3.6,Asstd. Wt.,MEAT-INDIAN-TRD,68.77,37.7,85.5,,,0,auto_high_confidence
1654,17061308,Al Kabeer Beef/ Chicken Kibbeh 400 gm,Al Kabeer,Beef Kibbeh-Frozen,No Variant,Frozen Kofta / Kibbeh & Meat Balls,400 gm,4,CBBOT,TAYEBAT BEEF BURGERS ONION BULK,1 Kgs x 9 Pkts,BURGERS,55.08,50.0,85.5,conflict,,0,auto_high_confidence
1654,17061308,Al Kabeer Beef/ Chicken Kibbeh 400 gm,Al Kabeer,Beef Kibbeh-Frozen,No Variant,Frozen Kofta / Kibbeh & Meat Balls,400 gm,5,CBBO,4 BEEF BURGERS,200 Gms x 30 Pkt,BURGERS,54.24,47.62,85.5,conflict,,0,auto_high_confidence
1655,17061308,Al Kabeer Beef/ Chicken Kibbeh 400 gm,Al Kabeer,Chicken Kibbeh-Frozen,No Variant,Frozen Kofta / Kibbeh & Meat Balls,400 gm,1,CBK,BEEF KIBBEH 400,400 Gms x 12 Pkts,KOFTA-KIBBEH-FELAFEL,92.08,70.0,85.5,exact,20.88,1,auto_high_confidence
1655,17061308,Al Kabeer Beef/ Chicken Kibbeh 400 gm,Al Kabeer,Chicken Kibbeh-Frozen,No Variant,Frozen Kofta / Kibbeh & Meat Balls,400 gm,2,BC40,BEEF CUBES,2 lb x 20 Pkts,MEAT-INDIAN-TRD,71.19,44.63,85.5,,,0,auto_high_confidence
1655,17061308,Al Kabeer Beef/ Chicken Kibbeh 400 gm,Al Kabeer,Chicken Kibbeh-Frozen,No Variant,Frozen Kofta / Kibbeh & Meat Balls,400 gm,3,BVL3,VEAL LEGS 3.6,Asstd. Wt.,MEAT-INDIAN-TRD,68.77,37.7,85.5,,,0,auto_high_confidence
1655,17061308,Al Kabeer Beef/ Chicken Kibbeh 400 gm,Al Kabeer,Chicken Kibbeh-Frozen,No Variant,Frozen Kofta / Kibbeh & Meat Balls,400 gm,4,CBBOT,TAYEBAT BEEF BURGERS ONION BULK,1 Kgs x 9 Pkts,BURGERS,55.08,50.0,85.5,conflict,,0,auto_high_confidence
1655,17061308,Al Kabeer Beef/ Chicken Kibbeh 400 gm,Al Kabeer,Chicken Kibbeh-Frozen,No Variant,Frozen Kofta / Kibbeh & Meat Balls,400 gm,5,CBBO,4 BEEF BURGERS,200 Gms x 30 Pkt,BURGERS,54.24,47.62,85.5,conflict,,0,auto_high_confidence
1742,17173088,AL KABEER CHICKEN/BEEF KIBBEH 400 GM,Al Kabeer,Beef Kibbeh-Frozen,No Variant,Frozen Kofta / Kibbeh & Meat Balls,400 gm,1,CBK,BEEF KIBBEH 400,400 Gms x 12 Pkts,KOFTA-KIBBEH-FELAFEL,92.08,70.0,85.5,exact,20.88,1,auto_high_confidence
1742,17173088,AL KABEER CHICKEN/BEEF KIBBEH 400 GM,Al Kabeer,Beef Kibbeh-Frozen,No Variant,Frozen Kofta / Kibbeh & Meat Balls,400 gm,2,BC40,BEEF CUBES,2 lb x 20 Pkts,MEAT-INDIAN-TRD,71.19,44.63,85.5,,,0,auto_high_confidence
1742,17173088,AL KABEER CHICKEN/BEEF KIBBEH 400 GM,Al Kabeer,Beef Kibbeh-Frozen,No Variant,Frozen Kofta / Kibbeh & Meat Balls,400 gm,3,BVL3,VEAL LEGS 3.6,Asstd. Wt.,MEAT-INDIAN-TRD,68.77,37.7,85.5,,,0,auto_high_confidence
1742,17173088,AL KABEER CHICKEN/BEEF KIBBEH 400 GM,Al Kabeer,Beef Kibbeh-Frozen,No Variant,Frozen Kofta / Kibbeh & Meat Balls,400 gm,4,CBBOT,TAYEBAT BEEF BURGERS ONION BULK,1 Kgs x 9 Pkts,BURGERS,55.08,50.0,85.5,conflict,,0,auto_high_confidence
1742,17173088,AL KABEER CHICKEN/BEEF KIBBEH 400 GM,Al Kabeer,Beef Kibbeh-Frozen,No Variant,Frozen Kofta / Kibbeh & Meat Balls,400 gm,5,CBBO,4 BEEF BURGERS,200 Gms x 30 Pkt,BURGERS,54.24,47.62,85.5,conflict,,0,auto_high_confidence
1743,17173088,AL KABEER CHICKEN/BEEF KIBBEH 400 GM,Al Kabeer,Chicken Kibbeh-Frozen,No Variant,Frozen Kofta / Kibbeh & Meat Balls,400 gm,1,CBK,BEEF KIBBEH 400,400 Gms x 12 Pkts,KOFTA-KIBBEH-FELAFEL,92.08,70.0,85.5,exact,20.88,1,auto_high_confidence
1743,17173088,AL KABEER CHICKEN/BEEF KIBBEH 400 GM,Al Kabeer,Chicken Kibbeh-Frozen,No Variant,Frozen Kofta / Kibbeh & Meat Balls,400 gm,2,BC40,BEEF CUBES,2 lb x 20 Pkts,MEAT-INDIAN-TRD,71.19,44.63,85.5,,,0,auto_high_confidence
1743,17173088,AL KABEER CHICKEN/BEEF KIBBEH 400 GM,Al Kabeer,Chicken Kibbeh-Frozen,No Variant,Frozen Kofta / Kibbeh & Meat Balls,400 gm,3,BVL3,VEAL LEGS 3.6,Asstd. Wt.,MEAT-INDIAN-TRD,68.77,37.7,85.5,,,0,auto_high_confidence
1743,17173088,AL KABEER CHICKEN/BEEF KIBBEH 400 GM,Al Kabeer,Chicken Kibbeh-Frozen,No Variant,Frozen Kofta / Kibbeh & Meat Balls,400 gm,4,CBBOT,TAYEBAT BEEF BURGERS ONION BULK,1 Kgs x 9 Pkts,BURGERS,55.08,50.0,85.5,conflict,,0,auto_high_confidence
1743,17173088,AL KABEER CHICKEN/BEEF KIBBEH 400 GM,Al Kabeer,Chicken Kibbeh-Frozen,No Variant,Frozen Kofta / Kibbeh & Meat Balls,400 gm,5,CBBO,4 BEEF BURGERS,200 Gms x 30 Pkt,BURGERS,54.24,47.62,85.5,conflict,,0,auto_high_confidence
1871,17239797,Al Kabeer Chicken / Beef Kibbeh 400g,Al Kabeer,Beef Kibbeh-Frozen,No Variant,Frozen Kofta / Kibbeh & Meat Balls,400 gm,1,CBK,BEEF KIBBEH 400,400 Gms x 12 Pkts,KOFTA-KIBBEH-FELAFEL,92.08,70.0,85.5,exact,20.88,1,auto_high_confidence
1871,17239797,Al Kabeer Chicken / Beef Kibbeh 400g,Al Kabeer,Beef Kibbeh-Frozen,No Variant,Frozen Kofta / Kibbeh & Meat Balls,400 gm,2,BC40,BEEF CUBES,2 lb x 20 Pkts,MEAT-INDIAN-TRD,71.19,44.63,85.5,,,0,auto_high_confidence
1871,17239797,Al Kabeer Chicken / Beef Kibbeh 400g,Al Kabeer,Beef Kibbeh-Frozen,No Variant,Frozen Kofta / Kibbeh & Meat Balls,400 gm,3,BVL3,VEAL LEGS 3.6,Asstd. Wt.,MEAT-INDIAN-TRD,68.77,37.7,85.5,,,0,auto_high_confidence
1871,17239797,Al Kabeer Chicken / Beef Kibbeh 400g,Al Kabeer,Beef Kibbeh-Frozen,No Variant,Frozen Kofta / Kibbeh & Meat Balls,400 gm,4,CBBOT,TAYEBAT BEEF BURGERS ONION BULK,1 Kgs x 9 Pkts,BURGERS,55.08,50.0,85.5,conflict,,0,auto_high_confidence
1871,17239797,Al Kabeer Chicken / Beef Kibbeh 400g,Al Kabeer,Beef Kibbeh-Frozen,No Variant,Frozen Kofta / Kibbeh & Meat Balls,400 gm,5,CBBO,4 BEEF BURGERS,200 Gms x 30 Pkt,BURGERS,54.24,47.62,85.5,conflict,,0,auto_high_confidence
1872,17239797,Al Kabeer Chicken / Beef Kibbeh 400g,Al Kabeer,Chicken Kibbeh-Frozen,No Variant,Frozen Kofta / Kibbeh & Meat Balls,400 gm,1,CBK,BEEF KIBBEH 400,400 Gms x 12 Pkts,KOFTA-KIBBEH-FELAFEL,92.08,70.0,85.5,exact,20.88,1,auto_high_confidence
1872,17239797,Al Kabeer Chicken / Beef Kibbeh 400g,Al Kabeer,Chicken Kibbeh-Frozen,No Variant,Frozen Kofta / Kibbeh & Meat Balls,400 gm,2,BC40,BEEF CUBES,2 lb x 20 Pkts,MEAT-INDIAN-TRD,71.19,44.63,85.5,,,0,auto_high_confidence
1872,17239797,Al Kabeer Chicken / Beef Kibbeh 400g,Al Kabeer,Chicken Kibbeh-Frozen,No Variant,Frozen Kofta / Kibbeh & Meat Balls,400 gm,3,BVL3,VEAL LEGS 3.6,Asstd. Wt.,MEAT-INDIAN-TRD,68.77,37.7,85.5,,,0,auto_high_confidence
1872,17239797,Al Kabeer Chicken / Beef Kibbeh 400g,Al Kabeer,Chicken Kibbeh-Frozen,No Variant,Frozen Kofta / Kibbeh & Meat Balls,400 gm,4,CBBOT,TAYEBAT BEEF BURGERS ONION BULK,1 Kgs x 9 Pkts,BURGERS,55.08,50.0,85.5,conflict,,0,auto_high_confidence
1872,17239797,Al Kabeer Chicken / Beef Kibbeh 400g,Al Kabeer,Chicken Kibbeh-Frozen,No Variant,Frozen Kofta / Kibbeh & Meat Balls,400 gm,5,CBBO,4 BEEF BURGERS,200 Gms x 30 Pkt,BURGERS,54.24,47.62,85.5,conflict,,0,auto_high_confidence
1875,17241224,Al Kabeer -Breaded Chicken Burgers 840 gm,Al Kabeer,Chicken Burger-Frozen,Breaded,Frozen Burger,840 gm,1,CKBBADPR,AK PRO Breaded Chicken Burger Bag 840 g. x 8,840 gm x 8,BURGERS,100.0,91.14,86.58,exact,29.82,1,auto_high_confidence
1875,17241224,Al Kabeer -Breaded Chicken Burgers 840 gm,Al Kabeer,Chicken Burger-Frozen,Breaded,Frozen Burger,840 gm,2,CKBBAD,Breaded Chicken Burger Bag (56 g.),840 g. x 9,BURGERS,70.18,91.14,86.58,conflict,,0,auto_high_confidence
1875,17241224,Al Kabeer -Breaded Chicken Burgers 840 gm,Al Kabeer,Chicken Burger-Frozen,Breaded,Frozen Burger,840 gm,3,CBBUR,BEEF BURGERS 56 g.,840 g. x 9,BURGERS,57.7,57.5,85.5,conflict,,0,auto_high_confidence
1875,17241224,Al Kabeer -Breaded Chicken Burgers 840 gm,Al Kabeer,Chicken Burger-Frozen,Breaded,Frozen Burger,840 gm,4,CBBO,4 BEEF BURGERS,200 Gms x 30 Pkt,BURGERS,55.91,52.38,85.5,conflict,,0,auto_high_confidence
1875,17241224,Al Kabeer -Breaded Chicken Burgers 840 gm,Al Kabeer,Chicken Burger-Frozen,Breaded,Frozen Burger,840 gm,5,CBBOA,BEEF BURGERS BULK,2 Kgs x 5 Pkts,BURGERS,55.76,51.95,85.5,conflict,,0,auto_high_confidence
1878,17241228,Al Kabeer Beef / Chicken Kibbeh 400gm,Al Kabeer,Chicken Kibbeh-Frozen,No Variant,Frozen Kofta / Kibbeh & Meat Balls,400 gm,1,CBK,BEEF KIBBEH 400,400 Gms x 12 Pkts,KOFTA-KIBBEH-FELAFEL,92.08,70.0,85.5,exact,21.26,1,auto_high_confidence
1878,17241228,Al Kabeer Beef / Chicken Kibbeh 400gm,Al Kabeer,Chicken Kibbeh-Frozen,No Variant,Frozen Kofta / Kibbeh & Meat Balls,400 gm,2,BC40,BEEF CUBES,2 lb x 20 Pkts,MEAT-INDIAN-TRD,70.82,43.55,85.5,,,0,auto_high_confidence
1878,17241228,Al Kabeer Beef / Chicken Kibbeh 400gm,Al Kabeer,Chicken Kibbeh-Frozen,No Variant,Frozen Kofta / Kibbeh & Meat Balls,400 gm,3,BVL3,VEAL LEGS 3.6,Asstd. Wt.,MEAT-INDIAN-TRD,68.45,36.8,85.5,,,0,auto_high_confidence
1878,17241228,Al Kabeer Beef / Chicken Kibbeh 400gm,Al Kabeer,Chicken Kibbeh-Frozen,No Variant,Frozen Kofta / Kibbeh & Meat Balls,400 gm,4,CBBOT,TAYEBAT BEEF BURGERS ONION BULK,1 Kgs x 9 Pkts,BURGERS,54.62,48.7,85.5,conflict,,0,auto_high_confidence
1878,17241228,Al Kabeer Beef / Chicken Kibbeh 400gm,Al Kabeer,Chicken Kibbeh-Frozen,No Variant,Frozen Kofta / Kibbeh & Meat Balls,400 gm,5,CBBO,4 BEEF BURGERS,200 Gms x 30 Pkt,BURGERS,54.43,48.15,85.5,conflict,,0,auto_high_confidence
1879,17241228,Al Kabeer Beef / Chicken Kibbeh 400gm,Al Kabeer,Beef Kibbeh-Frozen,No Variant,Frozen Kofta / Kibbeh & Meat Balls,400 gm,1,CBK,BEEF KIBBEH 400,400 Gms x 12 Pkts,KOFTA-KIBBEH-FELAFEL,92.08,70.0,85.5,exact,21.26,1,auto_high_confidence
1879,17241228,Al Kabeer Beef / Chicken Kibbeh 400gm,Al Kabeer,Beef Kibbeh-Frozen,No Variant,Frozen Kofta / Kibbeh & Meat Balls,400 gm,2,BC40,BEEF CUBES,2 lb x 20 Pkts,MEAT-INDIAN-TRD,70.82,43.55,85.5,,,0,auto_high_confidence
1879,17241228,Al Kabeer Beef / Chicken Kibbeh 400gm,Al Kabeer,Beef Kibbeh-Frozen,No Variant,Frozen Kofta / Kibbeh & Meat Balls,400 gm,3,BVL3,VEAL LEGS 3.6,Asstd. Wt.,MEAT-INDIAN-TRD,68.45,36.8,85.5,,,0,auto_high_confidence
1879,17241228,Al Kabeer Beef / Chicken Kibbeh 400gm,Al Kabeer,Beef Kibbeh-Frozen,No Variant,Frozen Kofta / Kibbeh & Meat Balls,400 gm,4,CBBOT,TAYEBAT BEEF BURGERS ONION BULK,1 Kgs x 9 Pkts,BURGERS,54.62,48.7,85.5,conflict,,0,auto_high_confidence
1879,17241228,Al Kabeer Beef / Chicken Kibbeh 400gm,Al Kabeer,Beef Kibbeh-Frozen,No Variant,Frozen Kofta / Kibbeh & Meat Balls,400 gm,5,CBBO,4 BEEF BURGERS,200 Gms x 30 Pkt,BURGERS,54.43,48.15,85.5,conflict,,0,auto_high_confidence
1995,17385871,AL KABEER BREADED CHICKEN BURGERS 840 GM,Al Kabeer,Chicken Burger-Frozen,Breaded,Frozen Burger,840 gm,1,CKBBADPR,AK PRO Breaded Chicken Burger Bag 840 g. x 8,840 gm x 8,BURGERS,100.0,91.14,86.58,exact,29.82,1,auto_high_confidence
1995,17385871,AL KABEER BREADED CHICKEN BURGERS 840 GM,Al Kabeer,Chicken Burger-Frozen,Breaded,Frozen Burger,840 gm,2,CKBBAD,Breaded Chicken Burger Bag (56 g.),840 g. x 9,BURGERS,70.18,91.14,86.58,conflict,,0,auto_high_confidence
1995,17385871,AL KABEER BREADED CHICKEN BURGERS 840 GM,Al Kabeer,Chicken Burger-Frozen,Breaded,Frozen Burger,840 gm,3,CBBUR,BEEF BURGERS 56 g.,840 g. x 9,BURGERS,57.7,57.5,85.5,conflict,,0,auto_high_confidence
1995,17385871,AL KABEER BREADED CHICKEN BURGERS 840 GM,Al Kabeer,Chicken Burger-Frozen,Breaded,Frozen Burger,840 gm,4,CBBO,4 BEEF BURGERS,200 Gms x 30 Pkt,BURGERS,55.91,52.38,85.5,conflict,,0,auto_high_confidence
1995,17385871,AL KABEER BREADED CHICKEN BURGERS 840 GM,Al Kabeer,Chicken Burger-Frozen,Breaded,Frozen Burger,840 gm,5,CBBOA,BEEF BURGERS BULK,2 Kgs x 5 Pkts,BURGERS,55.76,51.95,85.5,conflict,,0,auto_high_confidence
2005,17386066,AL KABEER CHICKEN/BEEF KIBBEH 400 GM,Al Kabeer,Chicken Kibbeh-Frozen,No Variant,Frozen Kofta / Kibbeh & Meat Balls,400 gm,1,CBK,BEEF KIBBEH 400,400 Gms x 12 Pkts,KOFTA-KIBBEH-FELAFEL,92.08,70.0,85.5,exact,20.88,1,auto_high_confidence
2005,17386066,AL KABEER CHICKEN/BEEF KIBBEH 400 GM,Al Kabeer,Chicken Kibbeh-Frozen,No Variant,Frozen Kofta / Kibbeh & Meat Balls,400 gm,2,BC40,BEEF CUBES,2 lb x 20 Pkts,MEAT-INDIAN-TRD,71.19,44.63,85.5,,,0,auto_high_confidence
2005,17386066,AL KABEER CHICKEN/BEEF KIBBEH 400 GM,Al Kabeer,Chicken Kibbeh-Frozen,No Variant,Frozen Kofta / Kibbeh & Meat Balls,400 gm,3,BVL3,VEAL LEGS 3.6,Asstd. Wt.,MEAT-INDIAN-TRD,68.77,37.7,85.5,,,0,auto_high_confidence
2005,17386066,AL KABEER CHICKEN/BEEF KIBBEH 400 GM,Al Kabeer,Chicken Kibbeh-Frozen,No Variant,Frozen Kofta / Kibbeh & Meat Balls,400 gm,4,CBBOT,TAYEBAT BEEF BURGERS ONION BULK,1 Kgs x 9 Pkts,BURGERS,55.08,50.0,85.5,conflict,,0,auto_high_confidence
2005,17386066,AL KABEER CHICKEN/BEEF KIBBEH 400 GM,Al Kabeer,Chicken Kibbeh-Frozen,No Variant,Frozen Kofta / Kibbeh & Meat Balls,400 gm,5,CBBO,4 BEEF BURGERS,200 Gms x 30 Pkt,BURGERS,54.24,47.62,85.5,conflict,,0,auto_high_confidence
2006,17386066,AL KABEER CHICKEN/BEEF KIBBEH 400 GM,Al Kabeer,Beef Kibbeh-Frozen,No Variant,Frozen Kofta / Kibbeh & Meat Balls,400 gm,1,CBK,BEEF KIBBEH 400,400 Gms x 12 Pkts,KOFTA-KIBBEH-FELAFEL,92.08,70.0,85.5,exact,20.88,1,auto_high_confidence
2006,17386066,AL KABEER CHICKEN/BEEF KIBBEH 400 GM,Al Kabeer,Beef Kibbeh-Frozen,No Variant,Frozen Kofta / Kibbeh & Meat Balls,400 gm,2,BC40,BEEF CUBES,2 lb x 20 Pkts,MEAT-INDIAN-TRD,71.19,44.63,85.5,,,0,auto_high_confidence
2006,17386066,AL KABEER CHICKEN/BEEF KIBBEH 400 GM,Al Kabeer,Beef Kibbeh-Frozen,No Variant,Frozen Kofta / Kibbeh & Meat Balls,400 gm,3,BVL3,VEAL LEGS 3.6,Asstd. Wt.,MEAT-INDIAN-TRD,68.77,37.7,85.5,,,0,auto_high_confidence
2006,17386066,AL KABEER CHICKEN/BEEF KIBBEH 400 GM,Al Kabeer,Beef Kibbeh-Frozen,No Variant,Frozen Kofta / Kibbeh & Meat Balls,400 gm,4,CBBOT,TAYEBAT BEEF BURGERS ONION BULK,1 Kgs x 9 Pkts,BURGERS,55.08,50.0,85.5,conflict,,0,auto_high_confidence
2006,17386066,AL KABEER CHICKEN/BEEF KIBBEH 400 GM,Al Kabeer,Beef Kibbeh-Frozen,No Variant,Frozen Kofta / Kibbeh & Meat Balls,400 gm,5,CBBO,4 BEEF BURGERS,200 Gms x 30 Pkt,BURGERS,54.24,47.62,85.5,conflict,,0,auto_high_confidence
2028,17386693,AL KABEER CHICKEN KIBBEH 400GM,Al Kabeer,Chicken Kibbeh-Frozen,No Variant,Frozen Kofta / Kibbeh & Meat Balls,400 gm,1,CBK,BEEF KIBBEH 400,400 Gms x 12 Pkts,KOFTA-KIBBEH-FELAFEL,89.68,63.16,85.5,exact,20.69,1,auto_high_confidence
2028,17386693,AL KABEER CHICKEN KIBBEH 400GM,Al Kabeer,Chicken Kibbeh-Frozen,No Variant,Frozen Kofta / Kibbeh & Meat Balls,400 gm,2,BVL3,VEAL LEGS 3.6,Asstd. Wt.,MEAT-INDIAN-TRD,68.99,38.33,85.5,,,0,auto_high_confidence
2028,17386693,AL KABEER CHICKEN KIBBEH 400GM,Al Kabeer,Chicken Kibbeh-Frozen,No Variant,Frozen Kofta / Kibbeh & Meat Balls,400 gm,3,BC40,BEEF CUBES,2 lb x 20 Pkts,MEAT-INDIAN-TRD,68.52,36.97,85.5,,,0,auto_high_confidence
2028,17386693,AL KABEER CHICKEN KIBBEH 400GM,Al Kabeer,Chicken Kibbeh-Frozen,No Variant,Frozen Kofta / Kibbeh & Meat Balls,400 gm,4,BTS,BEEF TOPSIDE ALK,20 KGS,MEAT-INDIAN-TRD,52.41,42.37,85.5,conflict,,0,auto_high_confidence
2028,17386693,AL KABEER CHICKEN KIBBEH 400GM,Al Kabeer,Chicken Kibbeh-Frozen,No Variant,Frozen Kofta / Kibbeh & Meat Balls,400 gm,5,CBBOT,TAYEBAT BEEF BURGERS ONION BULK,1 Kgs x 9 Pkts,BURGERS,52.21,41.82,85.5,conflict,,0,auto_high_confidence
2101,17402619,AL Kabeer Beef/ Chicken Kibbeh 400gm,Al Kabeer,Chicken Kibbeh-Frozen,No Variant,Frozen Kofta / Kibbeh & Meat Balls,400 gm,1,CBK,BEEF KIBBEH 400,400 Gms x 12 Pkts,KOFTA-KIBBEH-FELAFEL,92.08,70.0,85.5,exact,21.26,1,auto_high_confidence
2101,17402619,AL Kabeer Beef/ Chicken Kibbeh 400gm,Al Kabeer,Chicken Kibbeh-Frozen,No Variant,Frozen Kofta / Kibbeh & Meat Balls,400 gm,2,BC40,BEEF CUBES,2 lb x 20 Pkts,MEAT-INDIAN-TRD,70.82,43.55,85.5,,,0,auto_high_confidence
2101,17402619,AL Kabeer Beef/ Chicken Kibbeh 400gm,Al Kabeer,Chicken Kibbeh-Frozen,No Variant,Frozen Kofta / Kibbeh & Meat Balls,400 gm,3,BVL3,VEAL LEGS 3.6,Asstd. Wt.,MEAT-INDIAN-TRD,68.45,36.8,85.5,,,0,auto_high_confidence
2101,17402619,AL Kabeer Beef/ Chicken Kibbeh 400gm,Al Kabeer,Chicken Kibbeh-Frozen,No Variant,Frozen Kofta / Kibbeh & Meat Balls,400 gm,4,CBBOT,TAYEBAT BEEF BURGERS ONION BULK,1 Kgs x 9 Pkts,BURGERS,54.62,48.7,85.5,conflict,,0,auto_high_confidence
2101,17402619,AL Kabeer Beef/ Chicken Kibbeh 400gm,Al Kabeer,Chicken Kibbeh-Frozen,No Variant,Frozen Kofta / Kibbeh & Meat Balls,400 gm,5,CBBO,4 BEEF BURGERS,200 Gms x 30 Pkt,BURGERS,54.43,48.15,85.5,conflict,,0,auto_high_confidence
2102,17402619,AL Kabeer Beef/ Chicken Kibbeh 400gm,Al Kabeer,Beef Kibbeh-Frozen,No Variant,Frozen Kofta / Kibbeh & Meat Balls,400 gm,1,CBK,BEEF KIBBEH 400,400 Gms x 12 Pkts,KOFTA-KIBBEH-FELAFEL,92.08,70.0,85.5,exact,21.26,1,auto_high_confidence
2102,17402619,AL Kabeer Beef/ Chicken Kibbeh 400gm,Al Kabeer,Beef Kibbeh-Frozen,No Variant,Frozen Kofta / Kibbeh & Meat Balls,400 gm,2,BC40,BEEF CUBES,2 lb x 20 Pkts,MEAT-INDIAN-TRD,70.82,43.55,85.5,,,0,auto_high_confidence
2102,17402619,AL Kabeer Beef/ Chicken Kibbeh 400gm,Al Kabeer,Beef Kibbeh-Frozen,No Variant,Frozen Kofta / Kibbeh & Meat Balls,400 gm,3,BVL3,VEAL LEGS 3.6,Asstd. Wt.,MEAT-INDIAN-TRD,68.45,36.8,85.5,,,0,auto_high_confidence
2102,17402619,AL Kabeer Beef/ Chicken Kibbeh 400gm,Al Kabeer,Beef Kibbeh-Frozen,No Variant,Frozen Kofta / Kibbeh & Meat Balls,400 gm,4,CBBOT,TAYEBAT BEEF BURGERS ONION BULK,1 Kgs x 9 Pkts,BURGERS,54.62,48.7,85.5,conflict,,0,auto_high_confidence
2102,17402619,AL Kabeer Beef/ Chicken Kibbeh 400gm,Al Kabeer,Beef Kibbeh-Frozen,No Variant,Frozen Kofta / Kibbeh & Meat Balls,400 gm,5,CBBO,4 BEEF BURGERS,200 Gms x 30 Pkt,BURGERS,54.43,48.15,85.5,conflict,,0,auto_high_confidence
2134,17417484,Al Kabeer Chicken Kibbeh 400Gm,Al Kabeer,Chicken Kibbeh-Frozen,No Variant,Frozen Kofta / Kibbeh & Meat Balls,400 gm,1,CBK,BEEF KIBBEH 400,400 Gms x 12 Pkts,KOFTA-KIBBEH-FELAFEL,89.68,63.16,85.5,exact,20.69,1,auto_high_confidence
2134,17417484,Al Kabeer Chicken Kibbeh 400Gm,Al Kabeer,Chicken Kibbeh-Frozen,No Variant,Frozen Kofta / Kibbeh & Meat Balls,400 gm,2,BVL3,VEAL LEGS 3.6,Asstd. Wt.,MEAT-INDIAN-TRD,68.99,38.33,85.5,,,0,auto_high_confidence
2134,17417484,Al Kabeer Chicken Kibbeh 400Gm,Al Kabeer,Chicken Kibbeh-Frozen,No Variant,Frozen Kofta / Kibbeh & Meat Balls,400 gm,3,BC40,BEEF CUBES,2 lb x 20 Pkts,MEAT-INDIAN-TRD,68.52,36.97,85.5,,,0,auto_high_confidence
2134,17417484,Al Kabeer Chicken Kibbeh 400Gm,Al Kabeer,Chicken Kibbeh-Frozen,No Variant,Frozen Kofta / Kibbeh & Meat Balls,400 gm,4,BTS,BEEF TOPSIDE ALK,20 KGS,MEAT-INDIAN-TRD,52.41,42.37,85.5,conflict,,0,auto_high_confidence
2134,17417484,Al Kabeer Chicken Kibbeh 400Gm,Al Kabeer,Chicken Kibbeh-Frozen,No Variant,Frozen Kofta / Kibbeh & Meat Balls,400 gm,5,CBBOT,TAYEBAT BEEF BURGERS ONION BULK,1 Kgs x 9 Pkts,BURGERS,52.21,41.82,85.5,conflict,,0,auto_high_confidence
2233,17556332,Al Kabeer BREADED CHICKEN BURGERS 400 Gm ,Al Kabeer,Chicken Burger-Frozen,Breaded,Frozen Burger,400 gm,1,CKBBS,8 BREADED CHICKEN BURGER HOT & SPICY,400 gm x 12 Pkts,BURGERS,100.0,91.14,86.58,exact,17.97,1,auto_high_confidence
2233,17556332,Al Kabeer BREADED CHICKEN BURGERS 400 Gm ,Al Kabeer,Chicken Burger-Frozen,Breaded,Frozen Burger,400 gm,2,CFBJ,JUMBO HOTDOGS,400 Gms x 20 Pkts,SAUSAGES,82.03,41.3,85.5,exact,,0,auto_high_confidence
2233,17556332,Al Kabeer BREADED CHICKEN BURGERS 400 Gm ,Al Kabeer,Chicken Burger-Frozen,Breaded,Frozen Burger,400 gm,3,CBBUR,BEEF BURGERS 56 g.,840 g. x 9,BURGERS,56.83,55.0,85.5,conflict,,0,auto_high_confidence
2233,17556332,Al Kabeer BREADED CHICKEN BURGERS 400 Gm ,Al Kabeer,Chicken Burger-Frozen,Breaded,Frozen Burger,400 gm,4,CBBO,4 BEEF BURGERS,200 Gms x 30 Pkt,BURGERS,56.74,54.76,85.5,conflict,,0,auto_high_confidence
2233,17556332,Al Kabeer BREADED CHICKEN BURGERS 400 Gm ,Al Kabeer,Chicken Burger-Frozen,Breaded,Frozen Burger,400 gm,5,CBBOA,BEEF BURGERS BULK,2 Kgs x 5 Pkts,BURGERS,55.76,51.95,85.5,conflict,,0,auto_high_confidence
2303,17569318,AL KABEER CHICKEN/BEEF KIBBEH 400GM,Al Kabeer,Chicken Kibbeh-Frozen,No Variant,Frozen Kofta / Kibbeh & Meat Balls,400 gm,1,CBK,BEEF KIBBEH 400,400 Gms x 12 Pkts,KOFTA-KIBBEH-FELAFEL,92.08,70.0,85.5,exact,21.26,1,auto_high_confidence
2303,17569318,AL KABEER CHICKEN/BEEF KIBBEH 400GM,Al Kabeer,Chicken Kibbeh-Frozen,No Variant,Frozen Kofta / Kibbeh & Meat Balls,400 gm,2,BC40,BEEF CUBES,2 lb x 20 Pkts,MEAT-INDIAN-TRD,70.82,43.55,85.5,,,0,auto_high_confidence
2303,17569318,AL KABEER CHICKEN/BEEF KIBBEH 400GM,Al Kabeer,Chicken Kibbeh-Frozen,No Variant,Frozen Kofta / Kibbeh & Meat Balls,400 gm,3,BVL3,VEAL LEGS 3.6,Asstd. Wt.,MEAT-INDIAN-TRD,68.45,36.8,85.5,,,0,auto_high_confidence
2303,17569318,AL KABEER CHICKEN/BEEF KIBBEH 400GM,Al Kabeer,Chicken Kibbeh-Frozen,No Variant,Frozen Kofta / Kibbeh & Meat Balls,400 gm,4,CBBOT,TAYEBAT BEEF BURGERS ONION BULK,1 Kgs x 9 Pkts,BURGERS,54.62,48.7,85.5,conflict,,0,auto_high_confidence
2303,17569318,AL KABEER CHICKEN/BEEF KIBBEH 400GM,Al Kabeer,Chicken Kibbeh-Frozen,No Variant,Frozen Kofta / Kibbeh & Meat Balls,400 gm,5,CBBO,4 BEEF BURGERS,200 Gms x 30 Pkt,BURGERS,54.43,48.15,85.5,conflict,,0,auto_high_confidence
2304,17569318,AL KABEER CHICKEN/BEEF KIBBEH 400GM,Al Kabeer,Beef Kibbeh-Frozen,No Variant,Frozen Kofta / Kibbeh & Meat Balls,400 gm,1,CBK,BEEF KIBBEH 400,400 Gms x 12 Pkts,KOFTA-KIBBEH-FELAFEL,92.08,70.0,85.5,exact,21.26,1,auto_high_confidence
2304,17569318,AL KABEER CHICKEN/BEEF KIBBEH 400GM,Al Kabeer,Beef Kibbeh-Frozen,No Variant,Frozen Kofta / Kibbeh & Meat Balls,400 gm,2,BC40,BEEF CUBES,2 lb x 20 Pkts,MEAT-INDIAN-TRD,70.82,43.55,85.5,,,0,auto_high_confidence
2304,17569318,AL KABEER CHICKEN/BEEF KIBBEH 400GM,Al Kabeer,Beef Kibbeh-Frozen,No Variant,Frozen Kofta / Kibbeh & Meat Balls,400 gm,3,BVL3,VEAL LEGS 3.6,Asstd. Wt.,MEAT-INDIAN-TRD,68.45,36.8,85.5,,,0,auto_high_confidence
2304,17569318,AL KABEER CHICKEN/BEEF KIBBEH 400GM,Al Kabeer,Beef Kibbeh-Frozen,No Variant,Frozen Kofta / Kibbeh & Meat Balls,400 gm,4,CBBOT,TAYEBAT BEEF BURGERS ONION BULK,1 Kgs x 9 Pkts,BURGERS,54.62,48.7,85.5,conflict,,0,auto_high_confidence
2304,17569318,AL KABEER CHICKEN/BEEF KIBBEH 400GM,Al Kabeer,Beef Kibbeh-Frozen,No Variant,Frozen Kofta / Kibbeh & Meat Balls,400 gm,5,CBBO,4 BEEF BURGERS,200 Gms x 30 Pkt,BURGERS,54.43,48.15,85.5,conflict,,0,auto_high_confidence
2311,17569406,AL KABEER BREADED CHICKEN BURGERS 840 GM,Al Kabeer,Chicken Burger-Frozen,Breaded,Frozen Burger,840 gm,1,CKBBADPR,AK PRO Breaded Chicken Burger Bag 840 g. x 8,840 gm x 8,BURGERS,100.0,91.14,86.58,exact,29.82,1,auto_high_confidence
2311,17569406,AL KABEER BREADED CHICKEN BURGERS 840 GM,Al Kabeer,Chicken Burger-Frozen,Breaded,Frozen Burger,840 gm,2,CKBBAD,Breaded Chicken Burger Bag (56 g.),840 g. x 9,BURGERS,70.18,91.14,86.58,conflict,,0,auto_high_confidence
2311,17569406,AL KABEER BREADED CHICKEN BURGERS 840 GM,Al Kabeer,Chicken Burger-Frozen,Breaded,Frozen Burger,840 gm,3,CBBUR,BEEF BURGERS 56 g.,840 g. x 9,BURGERS,57.7,57.5,85.5,conflict,,0,auto_high_confidence
2311,17569406,AL KABEER BREADED CHICKEN BURGERS 840 GM,Al Kabeer,Chicken Burger-Frozen,Breaded,Frozen Burger,840 gm,4,CBBO,4 BEEF BURGERS,200 Gms x 30 Pkt,BURGERS,55.91,52.38,85.5,conflict,,0,auto_high_confidence
2311,17569406,AL KABEER BREADED CHICKEN BURGERS 840 GM,Al Kabeer,Chicken Burger-Frozen,Breaded,Frozen Burger,840 gm,5,CBBOA,BEEF BURGERS BULK,2 Kgs x 5 Pkts,BURGERS,55.76,51.95,85.5,conflict,,0,auto_high_confidence
2425,17735078,Alkabeer Breaded Chicken Burger 8 PCS 400g,Al Kabeer,Chicken Burger-Frozen,Breaded,Frozen Burger,400 gm,1,CKBBS,8 BREADED CHICKEN BURGER HOT & SPICY,400 gm x 12 Pkts,BURGERS,99.47,90.41,85.89,exact,41.16,1,auto_high_confidence
2425,17735078,Alkabeer Breaded Chicken Burger 8 PCS 400g,Al Kabeer,Chicken Burger-Frozen,Breaded,Frozen Burger,400 gm,2,CBBO,4 BEEF BURGERS,200 Gms x 30 Pkt,BURGERS,58.32,59.26,85.5,conflict,,0,auto_high_confidence
2425,17735078,Alkabeer Breaded Chicken Burger 8 PCS 400g,Al Kabeer,Chicken Burger-Frozen,Breaded,Frozen Burger,400 gm,3,CBBO24,24 BEEF BURGERS,1.2 Kgs x 8 Pkts,BURGERS,58.06,58.54,85.5,conflict,,0,auto_high_confidence
2425,17735078,Alkabeer Breaded Chicken Burger 8 PCS 400g,Al Kabeer,Chicken Burger-Frozen,Breaded,Frozen Burger,400 gm,4,CBBOA,BEEF BURGERS BULK,2 Kgs x 5 Pkts,BURGERS,56.49,54.05,85.5,conflict,,0,auto_high_confidence
2425,17735078,Alkabeer Breaded Chicken Burger 8 PCS 400g,Al Kabeer,Chicken Burger-Frozen,Breaded,Frozen Burger,400 gm,5,CBBUR,BEEF BURGERS 56 g.,840 g. x 9,BURGERS,54.85,49.35,85.5,conflict,,0,auto_high_confidence
2483,17755115,AL KABEER CHICKEN/BEEF KIBBEH 400GM,Al Kabeer,Chicken Kibbeh-Frozen,No Variant,Frozen Kofta / Kibbeh & Meat Balls,400 gm,1,CBK,BEEF KIBBEH 400,400 Gms x 12 Pkts,KOFTA-KIBBEH-FELAFEL,92.08,70.0,85.5,exact,21.26,1,auto_high_confidence
2483,17755115,AL KABEER CHICKEN/BEEF KIBBEH 400GM,Al Kabeer,Chicken Kibbeh-Frozen,No Variant,Frozen Kofta / Kibbeh & Meat Balls,400 gm,2,BC40,BEEF CUBES,2 lb x 20 Pkts,MEAT-INDIAN-TRD,70.82,43.55,85.5,,,0,auto_high_confidence
2483,17755115,AL KABEER CHICKEN/BEEF KIBBEH 400GM,Al Kabeer,Chicken Kibbeh-Frozen,No Variant,Frozen Kofta / Kibbeh & Meat Balls,400 gm,3,BVL3,VEAL LEGS 3.6,Asstd. Wt.,MEAT-INDIAN-TRD,68.45,36.8,85.5,,,0,auto_high_confidence
2483,17755115,AL KABEER CHICKEN/BEEF KIBBEH 400GM,Al Kabeer,Chicken Kibbeh-Frozen,No Variant,Frozen Kofta / Kibbeh & Meat Balls,400 gm,4,CBBOT,TAYEBAT BEEF BURGERS ONION BULK,1 Kgs x 9 Pkts,BURGERS,54.62,48.7,85.5,conflict,,0,auto_high_confidence
2483,17755115,AL KABEER CHICKEN/BEEF KIBBEH 400GM,Al Kabeer,Chicken Kibbeh-Frozen,No Variant,Frozen Kofta / Kibbeh & Meat Balls,400 gm,5,CBBO,4 BEEF BURGERS,200 Gms x 30 Pkt,BURGERS,54.43,48.15,85.5,conflict,,0,auto_high_confidence
2484,17755115,AL KABEER CHICKEN/BEEF KIBBEH 400GM,Al Kabeer,Beef Kibbeh-Frozen,No Variant,Frozen Kofta / Kibbeh & Meat Balls,400 gm,1,CBK,BEEF KIBBEH 400,400 Gms x 12 Pkts,KOFTA-KIBBEH-FELAFEL,92.08,70.0,85.5,exact,21.26,1,auto_high_confidence
2484,17755115,AL KABEER CHICKEN/BEEF KIBBEH 400GM,Al Kabeer,Beef Kibbeh-Frozen,No Variant,Frozen Kofta / Kibbeh & Meat Balls,400 gm,2,BC40,BEEF CUBES,2 lb x 20 Pkts,MEAT-INDIAN-TRD,70.82,43.55,85.5,,,0,auto_high_confidence
2484,17755115,AL KABEER CHICKEN/BEEF KIBBEH 400GM,Al Kabeer,Beef Kibbeh-Frozen,No Variant,Frozen Kofta / Kibbeh & Meat Balls,400 gm,3,BVL3,VEAL LEGS 3.6,Asstd. Wt.,MEAT-INDIAN-TRD,68.45,36.8,85.5,,,0,auto_high_confidence
2484,17755115,AL KABEER CHICKEN/BEEF KIBBEH 400GM,Al Kabeer,Beef Kibbeh-Frozen,No Variant,Frozen Kofta / Kibbeh & Meat Balls,400 gm,4,CBBOT,TAYEBAT BEEF BURGERS ONION BULK,1 Kgs x 9 Pkts,BURGERS,54.62,48.7,85.5,conflict,,0,auto_high_confidence
2484,17755115,AL KABEER CHICKEN/BEEF KIBBEH 400GM,Al Kabeer,Beef Kibbeh-Frozen,No Variant,Frozen Kofta / Kibbeh & Meat Balls,400 gm,5,CBBO,4 BEEF BURGERS,200 Gms x 30 Pkt,BURGERS,54.43,48.15,85.5,conflict,,0,auto_high_confidence
2564,17842192,AL KABEER CHICKEN/BEEF KIBBEH 400GM,Al Kabeer,Beef Kibbeh-Frozen,No Variant,Frozen Kofta / Kibbeh & Meat Balls,400 gm,1,CBK,BEEF KIBBEH 400,400 Gms x 12 Pkts,KOFTA-KIBBEH-FELAFEL,92.08,70.0,85.5,exact,21.26,1,auto_high_confidence
2564,17842192,AL KABEER CHICKEN/BEEF KIBBEH 400GM,Al Kabeer,Beef Kibbeh-Frozen,No Variant,Frozen Kofta / Kibbeh & Meat Balls,400 gm,2,BC40,BEEF CUBES,2 lb x 20 Pkts,MEAT-INDIAN-TRD,70.82,43.55,85.5,,,0,auto_high_confidence
2564,17842192,AL KABEER CHICKEN/BEEF KIBBEH 400GM,Al Kabeer,Beef Kibbeh-Frozen,No Variant,Frozen Kofta / Kibbeh & Meat Balls,400 gm,3,BVL3,VEAL LEGS 3.6,Asstd. Wt.,MEAT-INDIAN-TRD,68.45,36.8,85.5,,,0,auto_high_confidence
2564,17842192,AL KABEER CHICKEN/BEEF KIBBEH 400GM,Al Kabeer,Beef Kibbeh-Frozen,No Variant,Frozen Kofta / Kibbeh & Meat Balls,400 gm,4,CBBOT,TAYEBAT BEEF BURGERS ONION BULK,1 Kgs x 9 Pkts,BURGERS,54.62,48.7,85.5,conflict,,0,auto_high_confidence
2564,17842192,AL KABEER CHICKEN/BEEF KIBBEH 400GM,Al Kabeer,Beef Kibbeh-Frozen,No Variant,Frozen Kofta / Kibbeh & Meat Balls,400 gm,5,CBBO,4 BEEF BURGERS,200 Gms x 30 Pkt,BURGERS,54.43,48.15,85.5,conflict,,0,auto_high_confidence
2565,17842192,AL KABEER CHICKEN/BEEF KIBBEH 400GM,Al Kabeer,Chicken Kibbeh-Frozen,No Variant,Frozen Kofta / Kibbeh & Meat Balls,400 gm,1,CBK,BEEF KIBBEH 400,400 Gms x 12 Pkts,KOFTA-KIBBEH-FELAFEL,92.08,70.0,85.5,exact,21.26,1,auto_high_confidence
2565,17842192,AL KABEER CHICKEN/BEEF KIBBEH 400GM,Al Kabeer,Chicken Kibbeh-Frozen,No Variant,Frozen Kofta / Kibbeh & Meat Balls,400 gm,2,BC40,BEEF CUBES,2 lb x 20 Pkts,MEAT-INDIAN-TRD,70.82,43.55,85.5,,,0,auto_high_confidence
2565,17842192,AL KABEER CHICKEN/BEEF KIBBEH 400GM,Al Kabeer,Chicken Kibbeh-Frozen,No Variant,Frozen Kofta / Kibbeh & Meat Balls,400 gm,3,BVL3,VEAL LEGS 3.6,Asstd. Wt.,MEAT-INDIAN-TRD,68.45,36.8,85.5,,,0,auto_high_confidence
2565,17842192,AL KABEER CHICKEN/BEEF KIBBEH 400GM,Al Kabeer,Chicken Kibbeh-Frozen,No Variant,Frozen Kofta / Kibbeh & Meat Balls,400 gm,4,CBBOT,TAYEBAT BEEF BURGERS ONION BULK,1 Kgs x 9 Pkts,BURGERS,54.62,48.7,85.5,conflict,,0,auto_high_confidence
2565,17842192,AL KABEER CHICKEN/BEEF KIBBEH 400GM,Al Kabeer,Chicken Kibbeh-Frozen,No Variant,Frozen Kofta / Kibbeh & Meat Balls,400 gm,5,CBBO,4 BEEF BURGERS,200 Gms x 30 Pkt,BURGERS,54.43,48.15,85.5,conflict,,0,auto_high_confidence
2705,17981739,AL KABEER 24 BEEF BURGERS 1200G OR CHICKEN,Al Kabeer,Chicken Burger-Frozen,Unbreaded,Frozen Burger,1200 gm,1,CBBO24,24 BEEF BURGERS,1.2 Kgs x 8 Pkts,BURGERS,88.08,58.59,85.5,exact,29.79,1,auto_high_confidence
2705,17981739,AL KABEER 24 BEEF BURGERS 1200G OR CHICKEN,Al Kabeer,Chicken Burger-Frozen,Unbreaded,Frozen Burger,1200 gm,2,CBBO,4 BEEF BURGERS,200 Gms x 30 Pkt,BURGERS,58.29,59.18,85.5,conflict,,0,auto_high_confidence
2705,17981739,AL KABEER 24 BEEF BURGERS 1200G OR CHICKEN,Al Kabeer,Chicken Burger-Frozen,Unbreaded,Frozen Burger,1200 gm,3,CBBAGPR,AK PRO BEEF BURGER 24,1.392 kg x 6 Pkts,BURGERS,58.2,58.93,85.5,conflict,,0,auto_high_confidence
2705,17981739,AL KABEER 24 BEEF BURGERS 1200G OR CHICKEN,Al Kabeer,Chicken Burger-Frozen,Unbreaded,Frozen Burger,1200 gm,4,CBBUR,BEEF BURGERS 56 g.,840 g. x 9,BURGERS,56.79,54.9,85.5,conflict,,0,auto_high_confidence
2705,17981739,AL KABEER 24 BEEF BURGERS 1200G OR CHICKEN,Al Kabeer,Chicken Burger-Frozen,Unbreaded,Frozen Burger,1200 gm,5,CBBOA,BEEF BURGERS BULK,2 Kgs x 5 Pkts,BURGERS,56.04,52.75,85.5,conflict,,0,auto_high_confidence
2706,17981739,AL KABEER 24 BEEF BURGERS 1200G OR CHICKEN,Al Kabeer,Beef Burger-Frozen,Unbreaded,Frozen Burger,1200 gm,1,CBBO24,24 BEEF BURGERS,1.2 Kgs x 8 Pkts,BURGERS,88.08,58.59,85.5,exact,29.79,1,auto_high_confidence
2706,17981739,AL KABEER 24 BEEF BURGERS 1200G OR CHICKEN,Al Kabeer,Beef Burger-Frozen,Unbreaded,Frozen Burger,1200 gm,2,CBBO,4 BEEF BURGERS,200 Gms x 30 Pkt,BURGERS,58.29,59.18,85.5,conflict,,0,auto_high_confidence
2706,17981739,AL KABEER 24 BEEF BURGERS 1200G OR CHICKEN,Al Kabeer,Beef Burger-Frozen,Unbreaded,Frozen Burger,1200 gm,3,CBBAGPR,AK PRO BEEF BURGER 24,1.392 kg x 6 Pkts,BURGERS,58.2,58.93,85.5,conflict,,0,auto_high_confidence
2706,17981739,AL KABEER 24 BEEF BURGERS 1200G OR CHICKEN,Al Kabeer,Beef Burger-Frozen,Unbreaded,Frozen Burger,1200 gm,4,CBBUR,BEEF BURGERS 56 g.,840 g. x 9,BURGERS,56.79,54.9,85.5,conflict,,0,auto_high_confidence
2706,17981739,AL KABEER 24 BEEF BURGERS 1200G OR CHICKEN,Al Kabeer,Beef Burger-Frozen,Unbreaded,Frozen Burger,1200 gm,5,CBBOA,BEEF BURGERS BULK,2 Kgs x 5 Pkts,BURGERS,56.04,52.75,85.5,conflict,,0,auto_high_confidence
2758,17999786,Al Kabeer Lamb/Chicken Kibbeh 400g,Al Kabeer,Lamb Kibbeh-Frozen,No Variant,Frozen Kofta / Kibbeh & Meat Balls,400 gm,1,CBK,BEEF KIBBEH 400,400 Gms x 12 Pkts,KOFTA-KIBBEH-FELAFEL,89.3,62.07,85.5,exact,19.26,1,auto_high_confidence
2758,17999786,Al Kabeer Lamb/Chicken Kibbeh 400g,Al Kabeer,Lamb Kibbeh-Frozen,No Variant,Frozen Kofta / Kibbeh & Meat Balls,400 gm,2,BC40,BEEF CUBES,2 lb x 20 Pkts,MEAT-INDIAN-TRD,70.04,41.32,85.5,,,0,auto_high_confidence
2758,17999786,Al Kabeer Lamb/Chicken Kibbeh 400g,Al Kabeer,Lamb Kibbeh-Frozen,No Variant,Frozen Kofta / Kibbeh & Meat Balls,400 gm,3,BVL3,VEAL LEGS 3.6,Asstd. Wt.,MEAT-INDIAN-TRD,69.35,39.34,85.5,,,0,auto_high_confidence
2758,17999786,Al Kabeer Lamb/Chicken Kibbeh 400g,Al Kabeer,Lamb Kibbeh-Frozen,No Variant,Frozen Kofta / Kibbeh & Meat Balls,400 gm,4,CBBO,4 BEEF BURGERS,200 Gms x 30 Pkt,BURGERS,52.24,41.9,85.5,conflict,,0,auto_high_confidence
2758,17999786,Al Kabeer Lamb/Chicken Kibbeh 400g,Al Kabeer,Lamb Kibbeh-Frozen,No Variant,Frozen Kofta / Kibbeh & Meat Balls,400 gm,5,BTS,BEEF TOPSIDE ALK,20 KGS,MEAT-INDIAN-TRD,52.16,41.67,85.5,conflict,,0,auto_high_confidence
2759,17999786,Al Kabeer Lamb/Chicken Kibbeh 400g,Al Kabeer,Chicken Kibbeh-Frozen,No Variant,Frozen Kofta / Kibbeh & Meat Balls,400 gm,1,CBK,BEEF KIBBEH 400,400 Gms x 12 Pkts,KOFTA-KIBBEH-FELAFEL,89.3,62.07,85.5,exact,19.26,1,auto_high_confidence
2759,17999786,Al Kabeer Lamb/Chicken Kibbeh 400g,Al Kabeer,Chicken Kibbeh-Frozen,No Variant,Frozen Kofta / Kibbeh & Meat Balls,400 gm,2,BC40,BEEF CUBES,2 lb x 20 Pkts,MEAT-INDIAN-TRD,70.04,41.32,85.5,,,0,auto_high_confidence
2759,17999786,Al Kabeer Lamb/Chicken Kibbeh 400g,Al Kabeer,Chicken Kibbeh-Frozen,No Variant,Frozen Kofta / Kibbeh & Meat Balls,400 gm,3,BVL3,VEAL LEGS 3.6,Asstd. Wt.,MEAT-INDIAN-TRD,69.35,39.34,85.5,,,0,auto_high_confidence
2759,17999786,Al Kabeer Lamb/Chicken Kibbeh 400g,Al Kabeer,Chicken Kibbeh-Frozen,No Variant,Frozen Kofta / Kibbeh & Meat Balls,400 gm,4,CBBO,4 BEEF BURGERS,200 Gms x 30 Pkt,BURGERS,52.24,41.9,85.5,conflict,,0,auto_high_confidence
2759,17999786,Al Kabeer Lamb/Chicken Kibbeh 400g,Al Kabeer,Chicken Kibbeh-Frozen,No Variant,Frozen Kofta / Kibbeh & Meat Balls,400 gm,5,BTS,BEEF TOPSIDE ALK,20 KGS,MEAT-INDIAN-TRD,52.16,41.67,85.5,conflict,,0,auto_high_confidence
2767,18002005,AL KABEER CHICKEN/BEEF KIBBEH 400GM,Al Kabeer,Beef Kibbeh-Frozen,No Variant,Frozen Kofta / Kibbeh & Meat Balls,400 gm,1,CBK,BEEF KIBBEH 400,400 Gms x 12 Pkts,KOFTA-KIBBEH-FELAFEL,92.08,70.0,85.5,exact,21.26,1,auto_high_confidence
2767,18002005,AL KABEER CHICKEN/BEEF KIBBEH 400GM,Al Kabeer,Beef Kibbeh-Frozen,No Variant,Frozen Kofta / Kibbeh & Meat Balls,400 gm,2,BC40,BEEF CUBES,2 lb x 20 Pkts,MEAT-INDIAN-TRD,70.82,43.55,85.5,,,0,auto_high_confidence
2767,18002005,AL KABEER CHICKEN/BEEF KIBBEH 400GM,Al Kabeer,Beef Kibbeh-Frozen,No Variant,Frozen Kofta / Kibbeh & Meat Balls,400 gm,3,BVL3,VEAL LEGS 3.6,Asstd. Wt.,MEAT-INDIAN-TRD,68.45,36.8,85.5,,,0,auto_high_confidence
2767,18002005,AL KABEER CHICKEN/BEEF KIBBEH 400GM,Al Kabeer,Beef Kibbeh-Frozen,No Variant,Frozen Kofta / Kibbeh & Meat Balls,400 gm,4,CBBOT,TAYEBAT BEEF BURGERS ONION BULK,1 Kgs x 9 Pkts,BURGERS,54.62,48.7,85.5,conflict,,0,auto_high_confidence
2767,18002005,AL KABEER CHICKEN/BEEF KIBBEH 400GM,Al Kabeer,Beef Kibbeh-Frozen,No Variant,Frozen Kofta / Kibbeh & Meat Balls,400 gm,5,CBBO,4 BEEF BURGERS,200 Gms x 30 Pkt,BURGERS,54.43,48.15,85.5,conflict,,0,auto_high_confidence
2768,18002005,AL KABEER CHICKEN/BEEF KIBBEH 400GM,Al Kabeer,Chicken Kibbeh-Frozen,No Variant,Frozen Kofta / Kibbeh & Meat Balls,400 gm,1,CBK,BEEF KIBBEH 400,400 Gms x 12 Pkts,KOFTA-KIBBEH-FELAFEL,92.08,70.0,85.5,exact,21.26,1,auto_high_confidence
2768,18002005,AL KABEER CHICKEN/BEEF KIBBEH 400GM,Al Kabeer,Chicken Kibbeh-Frozen,No Variant,Frozen Kofta / Kibbeh & Meat Balls,400 gm,2,BC40,BEEF CUBES,2 lb x 20 Pkts,MEAT-INDIAN-TRD,70.82,43.55,85.5,,,0,auto_high_confidence
2768,18002005,AL KABEER CHICKEN/BEEF KIBBEH 400GM,Al Kabeer,Chicken Kibbeh-Frozen,No Variant,Frozen Kofta / Kibbeh & Meat Balls,400 gm,3,BVL3,VEAL LEGS 3.6,Asstd. Wt.,MEAT-INDIAN-TRD,68.45,36.8,85.5,,,0,auto_high_confidence
2768,18002005,AL KABEER CHICKEN/BEEF KIBBEH 400GM,Al Kabeer,Chicken Kibbeh-Frozen,No Variant,Frozen Kofta / Kibbeh & Meat Balls,400 gm,4,CBBOT,TAYEBAT BEEF BURGERS ONION BULK,1 Kgs x 9 Pkts,BURGERS,54.62,48.7,85.5,conflict,,0,auto_high_confidence
2768,18002005,AL KABEER CHICKEN/BEEF KIBBEH 400GM,Al Kabeer,Chicken Kibbeh-Frozen,No Variant,Frozen Kofta / Kibbeh & Meat Balls,400 gm,5,CBBO,4 BEEF BURGERS,200 Gms x 30 Pkt,BURGERS,54.43,48.15,85.5,conflict,,0,auto_high_confidence
2850,18097225,Al Kabeer Burger Beef Burger 1200gm 24'S,Al Kabeer,Beef Burger-Frozen,Unbreaded,Frozen Burger,1200 gm,1,CBBO24,24 BEEF BURGERS,1.2 Kgs x 8 Pkts,BURGERS,88.99,61.18,85.5,exact,29.75,1,auto_high_confidence
2850,18097225,Al Kabeer Burger Beef Burger 1200gm 24'S,Al Kabeer,Beef Burger-Frozen,Unbreaded,Frozen Burger,1200 gm,2,CBBO,4 BEEF BURGERS,200 Gms x 30 Pkt,BURGERS,59.24,61.9,85.5,conflict,,0,auto_high_confidence
2850,18097225,Al Kabeer Burger Beef Burger 1200gm 24'S,Al Kabeer,Beef Burger-Frozen,Unbreaded,Frozen Burger,1200 gm,3,CKBS,8 BEEF SEEKH KEBAB,320 Gms x 24 Pkts,KEBAB,55.87,52.27,85.5,conflict,,0,auto_high_confidence
2850,18097225,Al Kabeer Burger Beef Burger 1200gm 24'S,Al Kabeer,Beef Burger-Frozen,Unbreaded,Frozen Burger,1200 gm,4,CBBOA,BEEF BURGERS BULK,2 Kgs x 5 Pkts,BURGERS,55.76,51.95,85.5,conflict,,0,auto_high_confidence
2850,18097225,Al Kabeer Burger Beef Burger 1200gm 24'S,Al Kabeer,Beef Burger-Frozen,Unbreaded,Frozen Burger,1200 gm,5,CFB,BEEF FRANKS,454 Gms x 20 Pkts,SAUSAGES,55.46,51.11,85.5,conflict,,0,auto_high_confidence
2872,18120029,Al Kabeer Breaded Chicken Burger 8 pcs 400 gm,Al Kabeer,Chicken Burger-Frozen,Breaded,Frozen Burger,400 gm,1,CKBBS,8 BREADED CHICKEN BURGER HOT & SPICY,400 gm x 12 Pkts,BURGERS,99.47,90.41,85.89,exact,41.16,1,auto_high_confidence
2872,18120029,Al Kabeer Breaded Chicken Burger 8 pcs 400 gm,Al Kabeer,Chicken Burger-Frozen,Breaded,Frozen Burger,400 gm,2,CBBO,4 BEEF BURGERS,200 Gms x 30 Pkt,BURGERS,58.32,59.26,85.5,conflict,,0,auto_high_confidence
2872,18120029,Al Kabeer Breaded Chicken Burger 8 pcs 400 gm,Al Kabeer,Chicken Burger-Frozen,Breaded,Frozen Burger,400 gm,3,CBBO24,24 BEEF BURGERS,1.2 Kgs x 8 Pkts,BURGERS,58.06,58.54,85.5,conflict,,0,auto_high_confidence
2872,18120029,Al Kabeer Breaded Chicken Burger 8 pcs 400 gm,Al Kabeer,Chicken Burger-Frozen,Breaded,Frozen Burger,400 gm,4,CBBOA,BEEF BURGERS BULK,2 Kgs x 5 Pkts,BURGERS,56.49,54.05,85.5,conflict,,0,auto_high_confidence
2872,18120029,Al Kabeer Breaded Chicken Burger 8 pcs 400 gm,Al Kabeer,Chicken Burger-Frozen,Breaded,Frozen Burger,400 gm,5,CBBUR,BEEF BURGERS 56 g.,840 g. x 9,BURGERS,54.85,49.35,85.5,conflict,,0,auto_high_confidence
2874,18120031,Al Kabeer Breaded Spicy Chicken Burger 400 gm,Al Kabeer,Chicken Burger-Frozen,Breaded,Frozen Burger,400 gm,1,CKBBS,8 BREADED CHICKEN BURGER HOT & SPICY,400 gm x 12 Pkts,BURGERS,99.72,90.67,86.13,exact,18.92,1,auto_high_confidence
2874,18120031,Al Kabeer Breaded Spicy Chicken Burger 400 gm,Al Kabeer,Chicken Burger-Frozen,Breaded,Frozen Burger,400 gm,2,CFBJ,JUMBO HOTDOGS,400 Gms x 20 Pkts,SAUSAGES,80.8,37.78,85.5,exact,,0,auto_high_confidence
2874,18120031,Al Kabeer Breaded Spicy Chicken Burger 400 gm,Al Kabeer,Chicken Burger-Frozen,Breaded,Frozen Burger,400 gm,3,CKCKB,CHICKEN BURGERS 56 g,840 g. x 9,BURGERS,57.84,57.89,85.5,conflict,,0,auto_high_confidence
2874,18120031,Al Kabeer Breaded Spicy Chicken Burger 400 gm,Al Kabeer,Chicken Burger-Frozen,Breaded,Frozen Burger,400 gm,4,CBBO,4 BEEF BURGERS,200 Gms x 30 Pkt,BURGERS,55.5,51.22,85.5,conflict,,0,auto_high_confidence
2874,18120031,Al Kabeer Breaded Spicy Chicken Burger 400 gm,Al Kabeer,Chicken Burger-Frozen,Breaded,Frozen Burger,400 gm,5,CBBUR,BEEF BURGERS 56 g.,840 g. x 9,BURGERS,53.73,46.15,85.5,conflict,,0,auto_high_confidence
2907,18147168,AL KABEER 24 BEEF BURGERS 1200G OR CHICKEN BURGER X24,Al Kabeer,Beef Burger-Frozen,Unbreaded,Frozen Burger,1200 gm,1,CBBO24,24 BEEF BURGERS,1.2 Kgs x 8 Pkts,BURGERS,89.06,61.39,85.5,exact,17.8,1,auto_high_confidence
2907,18147168,AL KABEER 24 BEEF BURGERS 1200G OR CHICKEN BURGER X24,Al Kabeer,Beef Burger-Frozen,Unbreaded,Frozen Burger,1200 gm,2,BC40,BEEF CUBES,2 lb x 20 Pkts,MEAT-INDIAN-TRD,71.26,44.83,85.5,,,0,auto_high_confidence
2907,18147168,AL KABEER 24 BEEF BURGERS 1200G OR CHICKEN BURGER X24,Al Kabeer,Beef Burger-Frozen,Unbreaded,Frozen Burger,1200 gm,3,CBBO,4 BEEF BURGERS,200 Gms x 30 Pkt,BURGERS,59.28,62.0,85.5,conflict,,0,auto_high_confidence
2907,18147168,AL KABEER 24 BEEF BURGERS 1200G OR CHICKEN BURGER X24,Al Kabeer,Beef Burger-Frozen,Unbreaded,Frozen Burger,1200 gm,4,CBBAGPR,AK PRO BEEF BURGER 24,1.392 kg x 6 Pkts,BURGERS,59.07,61.4,85.5,conflict,,0,auto_high_confidence
2907,18147168,AL KABEER 24 BEEF BURGERS 1200G OR CHICKEN BURGER X24,Al Kabeer,Beef Burger-Frozen,Unbreaded,Frozen Burger,1200 gm,5,CBBUR,BEEF BURGERS 56 g.,840 g. x 9,BURGERS,58.71,60.38,85.5,conflict,,0,auto_high_confidence
2924,18151233,AL KABEER ZING CHICKEN FILLETS 465G,Al Kabeer,Chicken Fillets-Frozen,Spicy,Zing,465 gm,1,CKZF,ZING CHICKEN FILLETS 465,465 Gms x 12 Pkts,FILLETS,89.59,80.0,76.29,exact,22.76,1,auto_high_confidence
2924,18151233,AL KABEER ZING CHICKEN FILLETS 465G,Al Kabeer,Chicken Fillets-Frozen,Spicy,Zing,465 gm,2,CZFNSCFHP,Zing Chicken Fillets Non Spicy + Free Chicken Fillets Spicy,750+750 g. x 4,FILLETS,66.83,83.58,85.5,conflict,,0,auto_high_confidence
2924,18151233,AL KABEER ZING CHICKEN FILLETS 465G,Al Kabeer,Chicken Fillets-Frozen,Spicy,Zing,465 gm,3,CKZFACKNP,Zing Chicken Fillets Spicy + Free Chicken Nuggets,1kg+750 g. x 3,FILLETS,62.87,83.58,79.4,conflict,,0,auto_high_confidence
2924,18151233,AL KABEER ZING CHICKEN FILLETS 465G,Al Kabeer,Chicken Fillets-Frozen,Spicy,Zing,465 gm,4,CKZFDA,ZING CHICKEN FILLETS SPICY 750 GRM,750 GMS X 8 PKT,FILLETS,62.87,83.58,79.4,conflict,,0,auto_high_confidence
2924,18151233,AL KABEER ZING CHICKEN FILLETS 465G,Al Kabeer,Chicken Fillets-Frozen,Spicy,Zing,465 gm,5,CKZFNS,ZING CHICKEN FILLET NON-SPICY,8 X 750 GMS,FILLETS,62.87,83.58,79.4,conflict,,0,auto_high_confidence
2987,18162427,Al Kabeer Chicken Fillet Breaded 330gm,Al Kabeer,Chicken Fillets-Frozen,No Variant,Marinated & Breaded,330 gm,1,CFBF,BREADED FISH FILLET,330 Gms x 20 Pkts,FILLETS,90.63,65.88,85.5,exact,32.25,1,auto_high_confidence
2987,18162427,Al Kabeer Chicken Fillet Breaded 330gm,Al Kabeer,Chicken Fillets-Frozen,No Variant,Marinated & Breaded,330 gm,2,CFBFA,BREADED FISH FILLET BULK,1 Kgs x 5 Pkts,FILLETS,58.39,59.46,85.5,conflict,,0,auto_high_confidence
2987,18162427,Al Kabeer Chicken Fillet Breaded 330gm,Al Kabeer,Chicken Fillets-Frozen,No Variant,Marinated & Breaded,330 gm,3,CKB,ARABIC KOFTA,300 Gms x 20 Pkts,KOFTA-KIBBEH-FELAFEL,52.7,43.2,85.5,conflict,,0,auto_high_confidence
2987,18162427,Al Kabeer Chicken Fillet Breaded 330gm,Al Kabeer,Chicken Fillets-Frozen,No Variant,Marinated & Breaded,330 gm,4,CBBO,4 BEEF BURGERS,200 Gms x 30 Pkt,BURGERS,51.33,39.29,85.5,conflict,,0,auto_high_confidence
2987,18162427,Al Kabeer Chicken Fillet Breaded 330gm,Al Kabeer,Chicken Fillets-Frozen,No Variant,Marinated & Breaded,330 gm,5,CFB,BEEF FRANKS,454 Gms x 20 Pkts,SAUSAGES,51.22,38.98,85.5,conflict,,0,auto_high_confidence
3005,18174286,AL KABEER BREADED CHICKEN BURGERS 840 GM,Al Kabeer,Chicken Burger-Frozen,Breaded,Frozen Burger,840 gm,1,CKBBADPR,AK PRO Breaded Chicken Burger Bag 840 g. x 8,840 gm x 8,BURGERS,100.0,91.14,86.58,exact,29.82,1,auto_high_confidence
3005,18174286,AL KABEER BREADED CHICKEN BURGERS 840 GM,Al Kabeer,Chicken Burger-Frozen,Breaded,Frozen Burger,840 gm,2,CKBBAD,Breaded Chicken Burger Bag (56 g.),840 g. x 9,BURGERS,70.18,91.14,86.58,conflict,,0,auto_high_confidence
3005,18174286,AL KABEER BREADED CHICKEN BURGERS 840 GM,Al Kabeer,Chicken Burger-Frozen,Breaded,Frozen Burger,840 gm,3,CBBUR,BEEF BURGERS 56 g.,840 g. x 9,BURGERS,57.7,57.5,85.5,conflict,,0,auto_high_confidence
3005,18174286,AL KABEER BREADED CHICKEN BURGERS 840 GM,Al Kabeer,Chicken Burger-Frozen,Breaded,Frozen Burger,840 gm,4,CBBO,4 BEEF BURGERS,200 Gms x 30 Pkt,BURGERS,55.91,52.38,85.5,conflict,,0,auto_high_confidence
3005,18174286,AL KABEER BREADED CHICKEN BURGERS 840 GM,Al Kabeer,Chicken Burger-Frozen,Breaded,Frozen Burger,840 gm,5,CBBOA,BEEF BURGERS BULK,2 Kgs x 5 Pkts,BURGERS,55.76,51.95,85.5,conflict,,0,auto_high_confidence
3023,18175381,Al Kabeer Zng Chckn Fillts 465Gm,Al Kabeer,Chicken Fillets-Frozen,No Variant,Zing,465 gm,1,CKZF,ZING CHICKEN FILLETS 465,465 Gms x 12 Pkts,FILLETS,88.38,78.95,75.0,exact,32.55,1,auto_high_confidence
3023,18175381,Al Kabeer Zng Chckn Fillts 465Gm,Al Kabeer,Chicken Fillets-Frozen,No Variant,Zing,465 gm,2,CKZSCKNP,Zing Strips Non Spicy + Free Chicken Nuggets Combo Pack,(750 g.+750 g.) x 4,STRIPS,55.84,52.17,85.5,conflict,,0,auto_high_confidence
3023,18175381,Al Kabeer Zng Chckn Fillts 465Gm,Al Kabeer,Chicken Fillets-Frozen,No Variant,Zing,465 gm,3,CKZFA,ZING CHICKEN FILLETS BULK (5*1 KG),1 Kgs x 5 Pkts,FILLETS,51.31,71.64,68.06,conflict,,0,auto_high_confidence
3023,18175381,Al Kabeer Zng Chckn Fillts 465Gm,Al Kabeer,Chicken Fillets-Frozen,No Variant,Zing,465 gm,4,CKZFBC,Butter Chicken Zing Fillets 700 g. x 8,700 g. x 8,FILLETS,49.99,70.27,66.76,conflict,,0,auto_high_confidence
3023,18175381,Al Kabeer Zng Chckn Fillts 465Gm,Al Kabeer,Chicken Fillets-Frozen,No Variant,Zing,465 gm,5,CKZFDATS,Zing Chicken Fillets Tamiya,750 GMS X 8 PKT,FILLETS,48.63,67.53,66.15,conflict,,0,auto_high_confidence
3032,18192690,Al Kabeer Zing Chicken Fillets 465 gm,Al Kabeer,Chicken Fillets-Frozen,Spicy,Zing,465 gm,1,CKZF,ZING CHICKEN FILLETS 465,465 Gms x 12 Pkts,FILLETS,89.59,80.0,76.29,exact,22.76,1,auto_high_confidence
3032,18192690,Al Kabeer Zing Chicken Fillets 465 gm,Al Kabeer,Chicken Fillets-Frozen,Spicy,Zing,465 gm,2,CZFNSCFHP,Zing Chicken Fillets Non Spicy + Free Chicken Fillets Spicy,750+750 g. x 4,FILLETS,66.83,83.58,85.5,conflict,,0,auto_high_confidence
3032,18192690,Al Kabeer Zing Chicken Fillets 465 gm,Al Kabeer,Chicken Fillets-Frozen,Spicy,Zing,465 gm,3,CKZFACKNP,Zing Chicken Fillets Spicy + Free Chicken Nuggets,1kg+750 g. x 3,FILLETS,62.87,83.58,79.4,conflict,,0,auto_high_confidence
3032,18192690,Al Kabeer Zing Chicken Fillets 465 gm,Al Kabeer,Chicken Fillets-Frozen,Spicy,Zing,465 gm,4,CKZFDA,ZING CHICKEN FILLETS SPICY 750 GRM,750 GMS X 8 PKT,FILLETS,62.87,83.58,79.4,conflict,,0,auto_high_confidence
3032,18192690,Al Kabeer Zing Chicken Fillets 465 gm,Al Kabeer,Chicken Fillets-Frozen,Spicy,Zing,465 gm,5,CKZFNS,ZING CHICKEN FILLET NON-SPICY,8 X 750 GMS,FILLETS,62.87,83.58,79.4,conflict,,0,auto_high_confidence
3218,18349676,Al Kabeer Zing Chicken Srips reg/spicy 750GM,Al Kabeer,Chicken Strips-Frozen,Spicy,Zing,750 gm,1,CKZSDA,ZING CHICKEN STRIPS SPICY 750 GRM,750 GMS X 8 PKT,STRIPS,89.73,77.5,77.85,exact,33.89,1,auto_high_confidence
3218,18349676,Al Kabeer Zing Chicken Srips reg/spicy 750GM,Al Kabeer,Chicken Strips-Frozen,Spicy,Zing,750 gm,2,CKSK,SHISH KEBAB,600 Gms x 12 Pkts,KEBAB,55.84,52.17,85.5,conflict,,0,auto_high_confidence
3218,18349676,Al Kabeer Zing Chicken Srips reg/spicy 750GM,Al Kabeer,Chicken Strips-Frozen,Spicy,Zing,750 gm,3,VVGP9,GREEN PEAS 900,900 gm x 10 Pkts,TRADING-VEG,53.55,45.65,85.5,conflict,,0,auto_high_confidence
3218,18349676,Al Kabeer Zing Chicken Srips reg/spicy 750GM,Al Kabeer,Chicken Strips-Frozen,Spicy,Zing,750 gm,4,CFB,BEEF FRANKS,454 Gms x 20 Pkts,SAUSAGES,52.58,42.86,85.5,conflict,,0,auto_high_confidence
3218,18349676,Al Kabeer Zing Chicken Srips reg/spicy 750GM,Al Kabeer,Chicken Strips-Frozen,Spicy,Zing,750 gm,5,VVGP,GREEN PEAS,400 gm x 20 Pkts,TRADING-VEG,52.31,42.11,85.5,conflict,,0,auto_high_confidence
3241,18383791,Al Kabeer Chicken Burger 840 gm,Al Kabeer,Chicken Burger-Frozen,Breaded,Frozen Burger,840 gm,1,CKBBADPR,AK PRO Breaded Chicken Burger Bag 840 g. x 8,840 gm x 8,BURGERS,98.0,88.89,84.44,exact,13.44,1,auto_high_confidence
3241,18383791,Al Kabeer Chicken Burger 840 gm,Al Kabeer,Chicken Burger-Frozen,Breaded,Frozen Burger,840 gm,2,CKBBTY,TAYEBAT BREADED CHICKEN BURGERS 840 g. x 8 Pkts,840 g. x 8 Pkts,BURGERS,84.56,75.0,71.25,exact,,0,auto_high_confidence
3241,18383791,Al Kabeer Chicken Burger 840 gm,Al Kabeer,Chicken Burger-Frozen,Breaded,Frozen Burger,840 gm,3,CKBBAD,Breaded Chicken Burger Bag (56 g.),840 g. x 9,BURGERS,68.0,88.89,84.44,conflict,,0,auto_high_confidence
3241,18383791,Al Kabeer Chicken Burger 840 gm,Al Kabeer,Chicken Burger-Frozen,Breaded,Frozen Burger,840 gm,4,CKBBS,8 BREADED CHICKEN BURGER HOT & SPICY,400 gm x 12 Pkts,BURGERS,60.71,81.36,77.29,conflict,,0,auto_high_confidence
3241,18383791,Al Kabeer Chicken Burger 840 gm,Al Kabeer,Chicken Burger-Frozen,Breaded,Frozen Burger,840 gm,5,CKKBJ,JUMBO BREADED CHICKEN BURGER 100G BULK,1000 GM X 6 PKTS,BURGERS,60.71,81.36,77.29,conflict,,0,auto_high_confidence
3340,18442110,Al Kabeer Chicken / Beef Burgers 24's (1200g),Al Kabeer,Beef Burger-Frozen,Unbreaded,Frozen Burger,1200 gm,1,CBBO24,24 BEEF BURGERS,1.2 Kgs x 8 Pkts,BURGERS,88.29,59.18,85.5,exact,27.83,1,auto_high_confidence
3340,18442110,Al Kabeer Chicken / Beef Burgers 24's (1200g),Al Kabeer,Beef Burger-Frozen,Unbreaded,Frozen Burger,1200 gm,2,CKCKB,CHICKEN BURGERS 56 g,840 g. x 9,BURGERS,60.46,65.38,85.5,conflict,,0,auto_high_confidence
3340,18442110,Al Kabeer Chicken / Beef Burgers 24's (1200g),Al Kabeer,Beef Burger-Frozen,Unbreaded,Frozen Burger,1200 gm,3,CBBO,4 BEEF BURGERS,200 Gms x 30 Pkt,BURGERS,58.5,59.79,85.5,conflict,,0,auto_high_confidence
3340,18442110,Al Kabeer Chicken / Beef Burgers 24's (1200g),Al Kabeer,Beef Burger-Frozen,Unbreaded,Frozen Burger,1200 gm,4,CBBUR,BEEF BURGERS 56 g.,840 g. x 9,BURGERS,56.79,54.9,85.5,conflict,,0,auto_high_confidence
3340,18442110,Al Kabeer Chicken / Beef Burgers 24's (1200g),Al Kabeer,Beef Burger-Frozen,Unbreaded,Frozen Burger,1200 gm,5,CBBOA,BEEF BURGERS BULK,2 Kgs x 5 Pkts,BURGERS,56.24,53.33,85.5,conflict,,0,auto_high_confidence
3341,18442110,Al Kabeer Chicken / Beef Burgers 24's (1200g),Al Kabeer,Chicken Burger-Frozen,Unbreaded,Frozen Burger,1200 gm,1,CBBO24,24 BEEF BURGERS,1.2 Kgs x 8 Pkts,BURGERS,88.29,59.18,85.5,exact,29.79,1,auto_high_confidence
3341,18442110,Al Kabeer Chicken / Beef Burgers 24's (1200g),Al Kabeer,Chicken Burger-Frozen,Unbreaded,Frozen Burger,1200 gm,2,CBBO,4 BEEF BURGERS,200 Gms x 30 Pkt,BURGERS,58.5,59.79,85.5,conflict,,0,auto_high_confidence
3341,18442110,Al Kabeer Chicken / Beef Burgers 24's (1200g),Al Kabeer,Chicken Burger-Frozen,Unbreaded,Frozen Burger,1200 gm,3,CBBAGPR,AK PRO BEEF BURGER 24,1.392 kg x 6 Pkts,BURGERS,58.39,59.46,85.5,conflict,,0,auto_high_confidence
3341,18442110,Al Kabeer Chicken / Beef Burgers 24's (1200g),Al Kabeer,Chicken Burger-Frozen,Unbreaded,Frozen Burger,1200 gm,4,CBBUR,BEEF BURGERS 56 g.,840 g. x 9,BURGERS,56.79,54.9,85.5,conflict,,0,auto_high_confidence
3341,18442110,Al Kabeer Chicken / Beef Burgers 24's (1200g),Al Kabeer,Chicken Burger-Frozen,Unbreaded,Frozen Burger,1200 gm,5,CBBOA,BEEF BURGERS BULK,2 Kgs x 5 Pkts,BURGERS,56.24,53.33,85.5,conflict,,0,auto_high_confidence
3474,18589486,AL KABEER ZING CHICKEN FILLETS SPICY 465 Gm ,Al Kabeer,Chicken Fillets-Frozen,Spicy,Zing,465 gm,1,CKZF,ZING CHICKEN FILLETS 465,465 Gms x 12 Pkts,FILLETS,89.4,80.0,76.0,exact,15.8,1,auto_high_confidence
3474,18589486,AL KABEER ZING CHICKEN FILLETS SPICY 465 Gm ,Al Kabeer,Chicken Fillets-Frozen,Spicy,Zing,465 gm,2,CFB,BEEF FRANKS,454 Gms x 20 Pkts,SAUSAGES,73.6,37.21,85.5,close,,0,auto_high_confidence
3474,18589486,AL KABEER ZING CHICKEN FILLETS SPICY 465 Gm ,Al Kabeer,Chicken Fillets-Frozen,Spicy,Zing,465 gm,3,CKZFACKNP,Zing Chicken Fillets Spicy + Free Chicken Nuggets,1kg+750 g. x 3,FILLETS,62.87,83.58,79.4,conflict,,0,auto_high_confidence
3474,18589486,AL KABEER ZING CHICKEN FILLETS SPICY 465 Gm ,Al Kabeer,Chicken Fillets-Frozen,Spicy,Zing,465 gm,4,CKZFDA,ZING CHICKEN FILLETS SPICY 750 GRM,750 GMS X 8 PKT,FILLETS,62.87,83.58,79.4,conflict,,0,auto_high_confidence
3474,18589486,AL KABEER ZING CHICKEN FILLETS SPICY 465 Gm ,Al Kabeer,Chicken Fillets-Frozen,Spicy,Zing,465 gm,5,CKZFNS,ZING CHICKEN FILLET NON-SPICY,8 X 750 GMS,FILLETS,62.87,83.58,79.4,conflict,,0,auto_high_confidence
3554,18608650,Al Kabeer Chicken Burger 400g,Al Kabeer,Chicken Burger-Frozen,Breaded,Frozen Burger,400 gm,1,CKBBS,8 BREADED CHICKEN BURGER HOT & SPICY,400 gm x 12 Pkts,BURGERS,98.0,88.89,84.44,exact,12.85,1,auto_high_confidence
3554,18608650,Al Kabeer Chicken Burger 400g,Al Kabeer,Chicken Burger-Frozen,Breaded,Frozen Burger,400 gm,2,CKBB,8 BREADED CHICKEN BURGERS,400 Gms x 12 Pkts,BURGERS,85.15,75.61,71.83,exact,,0,auto_high_confidence
3554,18608650,Al Kabeer Chicken Burger 400g,Al Kabeer,Chicken Burger-Frozen,Breaded,Frozen Burger,400 gm,3,CKBBAD,Breaded Chicken Burger Bag (56 g.),840 g. x 9,BURGERS,60.71,81.36,77.29,conflict,,0,auto_high_confidence
3554,18608650,Al Kabeer Chicken Burger 400g,Al Kabeer,Chicken Burger-Frozen,Breaded,Frozen Burger,400 gm,4,CKBBADPR,AK PRO Breaded Chicken Burger Bag 840 g. x 8,840 gm x 8,BURGERS,60.71,81.36,77.29,conflict,,0,auto_high_confidence
3554,18608650,Al Kabeer Chicken Burger 400g,Al Kabeer,Chicken Burger-Frozen,Breaded,Frozen Burger,400 gm,5,CKKBJ,JUMBO BREADED CHICKEN BURGER 100G BULK,1000 GM X 6 PKTS,BURGERS,60.71,81.36,77.29,conflict,,0,auto_high_confidence
3733,18804295,Al Kabeer Zng Chicken Fillets 465Gm,Al Kabeer,Chicken Fillets-Frozen,No Variant,Zing,465 gm,1,CKZF,ZING CHICKEN FILLETS 465,465 Gms x 12 Pkts,FILLETS,88.38,78.95,75.0,exact,13.52,1,auto_high_confidence
3733,18804295,Al Kabeer Zng Chicken Fillets 465Gm,Al Kabeer,Chicken Fillets-Frozen,No Variant,Zing,465 gm,2,CFB,BEEF FRANKS,454 Gms x 20 Pkts,SAUSAGES,74.86,40.82,85.5,close,,0,auto_high_confidence
3733,18804295,Al Kabeer Zng Chicken Fillets 465Gm,Al Kabeer,Chicken Fillets-Frozen,No Variant,Zing,465 gm,3,CKZSCKNP,Zing Strips Non Spicy + Free Chicken Nuggets Combo Pack,(750 g.+750 g.) x 4,STRIPS,56.62,54.4,85.5,conflict,,0,auto_high_confidence
3733,18804295,Al Kabeer Zng Chicken Fillets 465Gm,Al Kabeer,Chicken Fillets-Frozen,No Variant,Zing,465 gm,4,CKSK,SHISH KEBAB,600 Gms x 12 Pkts,KEBAB,54.31,47.83,85.5,conflict,,0,auto_high_confidence
3733,18804295,Al Kabeer Zng Chicken Fillets 465Gm,Al Kabeer,Chicken Fillets-Frozen,No Variant,Zing,465 gm,5,CKZFA,ZING CHICKEN FILLETS BULK (5*1 KG),1 Kgs x 5 Pkts,FILLETS,51.31,71.64,68.06,conflict,,0,auto_high_confidence
3804,18893800,Alkabeer chicken burgers 840gm,Al Kabeer,Chicken Burger-Frozen,Breaded,Frozen Burger,840 gm,1,CKBBADPR,AK PRO Breaded Chicken Burger Bag 840 g. x 8,840 gm x 8,BURGERS,96.95,87.8,83.41,exact,30.0,1,auto_high_confidence
3804,18893800,Alkabeer chicken burgers 840gm,Al Kabeer,Chicken Burger-Frozen,Breaded,Frozen Burger,840 gm,2,CKBBAD,Breaded Chicken Burger Bag (56 g.),840 g. x 9,BURGERS,66.95,87.8,83.41,conflict,,0,auto_high_confidence
3804,18893800,Alkabeer chicken burgers 840gm,Al Kabeer,Chicken Burger-Frozen,Breaded,Frozen Burger,840 gm,3,CKBBS,8 BREADED CHICKEN BURGER HOT & SPICY,400 gm x 12 Pkts,BURGERS,61.38,82.05,77.95,conflict,,0,auto_high_confidence
3804,18893800,Alkabeer chicken burgers 840gm,Al Kabeer,Chicken Burger-Frozen,Breaded,Frozen Burger,840 gm,4,CKKBJ,JUMBO BREADED CHICKEN BURGER 100G BULK,1000 GM X 6 PKTS,BURGERS,61.38,82.05,77.95,conflict,,0,auto_high_confidence
3804,18893800,Alkabeer chicken burgers 840gm,Al Kabeer,Chicken Burger-Frozen,Breaded,Frozen Burger,840 gm,5,CBBOA,BEEF BURGERS BULK,2 Kgs x 5 Pkts,BURGERS,55.95,52.5,85.5,conflict,,0,auto_high_confidence
3808,18893808,Al Kabeer chicken& cheese sticks kg,Al Kabeer,Chicken Cheese Stick-Frozen,No Variant,Frozen Barbeque Products,1 kg,1,CCKSB,CHICKEN STICKS BULK,1 Kgs x 5 Pkts,STICKS & FINGERS,91.97,69.7,85.5,exact,9.23,1,auto_high_confidence
3808,18893808,Al Kabeer chicken& cheese sticks kg,Al Kabeer,Chicken Cheese Stick-Frozen,No Variant,Frozen Barbeque Products,1 kg,2,CBBOT,TAYEBAT BEEF BURGERS ONION BULK,1 Kgs x 9 Pkts,BURGERS,82.74,43.33,85.5,exact,,0,auto_high_confidence
3808,18893808,Al Kabeer chicken& cheese sticks kg,Al Kabeer,Chicken Cheese Stick-Frozen,No Variant,Frozen Barbeque Products,1 kg,3,CCSAKPR,A.K PRO CHEESE SAMOSA,4 X 1.2 KGS,SAMOSA,54.01,46.96,85.5,conflict,,0,auto_high_confidence
3808,18893808,Al Kabeer chicken& cheese sticks kg,Al Kabeer,Chicken Cheese Stick-Frozen,No Variant,Frozen Barbeque Products,1 kg,4,CCSAKA,CHEESE SAMOSAS BULK,1.2 Kgs x 4 Pkts,SAMOSA,53.59,45.76,85.5,conflict,,0,auto_high_confidence
3808,18893808,Al Kabeer chicken& cheese sticks kg,Al Kabeer,Chicken Cheese Stick-Frozen,No Variant,Frozen Barbeque Products,1 kg,5,CCSAK,12 CHEESE SAMOSAS,240 Gms x 20 Pkts,SAMOSA,51.69,40.32,85.5,conflict,,0,auto_high_confidence
3858,18938598,AL KABEER ZING CHICKEN STRIPS SPICY 320G,Al Kabeer,Chicken Strips-Frozen,Spicy,Zing,320 gm,1,CKZS,ZING CHICKEN STRIPS,320 Gms x 20 Pkts,STRIPS,88.79,79.37,75.4,exact,22.13,1,auto_high_confidence
3858,18938598,AL KABEER ZING CHICKEN STRIPS SPICY 320G,Al Kabeer,Chicken Strips-Frozen,Spicy,Zing,320 gm,2,CKZSCKNP,Zing Strips Non Spicy + Free Chicken Nuggets Combo Pack,(750 g.+750 g.) x 4,STRIPS,66.65,83.08,85.5,conflict,,0,auto_high_confidence
3858,18938598,AL KABEER ZING CHICKEN STRIPS SPICY 320G,Al Kabeer,Chicken Strips-Frozen,Spicy,Zing,320 gm,3,CKZSDA,ZING CHICKEN STRIPS SPICY 750 GRM,750 GMS X 8 PKT,STRIPS,62.38,83.08,78.92,conflict,,0,auto_high_confidence
3858,18938598,AL KABEER ZING CHICKEN STRIPS SPICY 320G,Al Kabeer,Chicken Strips-Frozen,Spicy,Zing,320 gm,4,CKZSNS,ZING CHICKEN STRIPS NON-SPICY,8 X 750 GMS,STRIPS,62.38,83.08,78.92,conflict,,0,auto_high_confidence
3858,18938598,AL KABEER ZING CHICKEN STRIPS SPICY 320G,Al Kabeer,Chicken Strips-Frozen,Spicy,Zing,320 gm,5,CKZSNSAPR,AK PRO Zing Chicken Strips Non Spicy 1 kg x 10,1kg X 10pkts,STRIPS,58.79,79.37,75.4,conflict,,0,auto_high_confidence
3861,18938601,AL KABEER ZING CHICKEN FILLETS SPICY 465G,Al Kabeer,Chicken Fillets-Frozen,Spicy,Zing,465 gm,1,CKZF,ZING CHICKEN FILLETS 465,465 Gms x 12 Pkts,FILLETS,89.4,80.0,76.0,exact,15.8,1,auto_high_confidence
3861,18938601,AL KABEER ZING CHICKEN FILLETS SPICY 465G,Al Kabeer,Chicken Fillets-Frozen,Spicy,Zing,465 gm,2,CFB,BEEF FRANKS,454 Gms x 20 Pkts,SAUSAGES,73.6,37.21,85.5,close,,0,auto_high_confidence
3861,18938601,AL KABEER ZING CHICKEN FILLETS SPICY 465G,Al Kabeer,Chicken Fillets-Frozen,Spicy,Zing,465 gm,3,CKZFACKNP,Zing Chicken Fillets Spicy + Free Chicken Nuggets,1kg+750 g. x 3,FILLETS,62.87,83.58,79.4,conflict,,0,auto_high_confidence
3861,18938601,AL KABEER ZING CHICKEN FILLETS SPICY 465G,Al Kabeer,Chicken Fillets-Frozen,Spicy,Zing,465 gm,4,CKZFDA,ZING CHICKEN FILLETS SPICY 750 GRM,750 GMS X 8 PKT,FILLETS,62.87,83.58,79.4,conflict,,0,auto_high_confidence
3861,18938601,AL KABEER ZING CHICKEN FILLETS SPICY 465G,Al Kabeer,Chicken Fillets-Frozen,Spicy,Zing,465 gm,5,CKZFNS,ZING CHICKEN FILLET NON-SPICY,8 X 750 GMS,FILLETS,62.87,83.58,79.4,conflict,,0,auto_high_confidence
3956,19064335,Alkabeer Chicken burger 840gm,Al Kabeer,Chicken Burger-Frozen,Breaded,Frozen Burger,840 gm,1,CKBBADPR,AK PRO Breaded Chicken Burger Bag 840 g. x 8,840 gm x 8,BURGERS,94.09,84.85,80.61,exact,13.22,1,auto_high_confidence
3956,19064335,Alkabeer Chicken burger 840gm,Al Kabeer,Chicken Burger-Frozen,Breaded,Frozen Burger,840 gm,2,CKBBTY,TAYEBAT BREADED CHICKEN BURGERS 840 g. x 8 Pkts,840 g. x 8 Pkts,BURGERS,80.87,71.19,67.63,exact,,0,auto_high_confidence
3956,19064335,Alkabeer Chicken burger 840gm,Al Kabeer,Chicken Burger-Frozen,Breaded,Frozen Burger,840 gm,3,CKBBAD,Breaded Chicken Burger Bag (56 g.),840 g. x 9,BURGERS,64.09,84.85,80.61,conflict,,0,auto_high_confidence
3956,19064335,Alkabeer Chicken burger 840gm,Al Kabeer,Chicken Burger-Frozen,Breaded,Frozen Burger,840 gm,4,CKBBS,8 BREADED CHICKEN BURGER HOT & SPICY,400 gm x 12 Pkts,BURGERS,56.9,77.42,73.55,conflict,,0,auto_high_confidence
3956,19064335,Alkabeer Chicken burger 840gm,Al Kabeer,Chicken Burger-Frozen,Breaded,Frozen Burger,840 gm,5,CKKBJ,JUMBO BREADED CHICKEN BURGER 100G BULK,1000 GM X 6 PKTS,BURGERS,56.9,77.42,73.55,conflict,,0,auto_high_confidence
3976,19083705,Al Kabeer Breaded Chicken Fillet 1000Gm,Al Kabeer,Chicken Fillets-Frozen,No Variant,Marinated & Breaded,1000 gm,1,CFBFA,BREADED FISH FILLET BULK,1 Kgs x 5 Pkts,FILLETS,88.39,59.46,85.5,exact,29.65,1,auto_high_confidence
3976,19083705,Al Kabeer Breaded Chicken Fillet 1000Gm,Al Kabeer,Chicken Fillets-Frozen,No Variant,Marinated & Breaded,1000 gm,2,CFBF,BREADED FISH FILLET,330 Gms x 20 Pkts,FILLETS,58.74,60.47,85.5,conflict,,0,auto_high_confidence
3976,19083705,Al Kabeer Breaded Chicken Fillet 1000Gm,Al Kabeer,Chicken Fillets-Frozen,No Variant,Marinated & Breaded,1000 gm,3,CCCB,CHICKEN BIRYANI 400,400 Gms x 12 Pkts,READY2EAT,54.35,47.93,85.5,conflict,,0,auto_high_confidence
3976,19083705,Al Kabeer Breaded Chicken Fillet 1000Gm,Al Kabeer,Chicken Fillets-Frozen,No Variant,Marinated & Breaded,1000 gm,4,CBBO,4 BEEF BURGERS,200 Gms x 30 Pkt,BURGERS,51.82,40.71,85.5,conflict,,0,auto_high_confidence
3976,19083705,Al Kabeer Breaded Chicken Fillet 1000Gm,Al Kabeer,Chicken Fillets-Frozen,No Variant,Marinated & Breaded,1000 gm,5,CFB,BEEF FRANKS,454 Gms x 20 Pkts,SAUSAGES,51.1,38.66,85.5,conflict,,0,auto_high_confidence
3994,19105350,ALKABEER CHICKEN BURGER BREADED REGULAR /HOT& SPICY 400GM,Al Kabeer,Chicken Burger-Frozen,Breaded,Frozen Burger,400 gm,1,CKBBS,8 BREADED CHICKEN BURGER HOT & SPICY,400 gm x 12 Pkts,BURGERS,99.95,90.91,86.36,exact,13.0,1,auto_high_confidence
3994,19105350,ALKABEER CHICKEN BURGER BREADED REGULAR /HOT& SPICY 400GM,Al Kabeer,Chicken Burger-Frozen,Breaded,Frozen Burger,400 gm,2,CBK,BEEF KIBBEH 400,400 Gms x 12 Pkts,KOFTA-KIBBEH-FELAFEL,86.95,55.36,85.5,exact,,0,auto_high_confidence
3994,19105350,ALKABEER CHICKEN BURGER BREADED REGULAR /HOT& SPICY 400GM,Al Kabeer,Chicken Burger-Frozen,Breaded,Frozen Burger,400 gm,3,BC40,BEEF CUBES,2 lb x 20 Pkts,MEAT-INDIAN-TRD,72.33,47.86,85.5,,,0,auto_high_confidence
3994,19105350,ALKABEER CHICKEN BURGER BREADED REGULAR /HOT& SPICY 400GM,Al Kabeer,Chicken Burger-Frozen,Breaded,Frozen Burger,400 gm,4,BVL3,VEAL LEGS 3.6,Asstd. Wt.,MEAT-INDIAN-TRD,69.81,40.68,85.5,,,0,auto_high_confidence
3994,19105350,ALKABEER CHICKEN BURGER BREADED REGULAR /HOT& SPICY 400GM,Al Kabeer,Chicken Burger-Frozen,Breaded,Frozen Burger,400 gm,5,CBBO,4 BEEF BURGERS,200 Gms x 30 Pkt,BURGERS,58.37,59.41,85.5,conflict,,0,auto_high_confidence
4008,19115200,AL KABEER ZING CHICKEN FILLETS SPICY 465 Gm ,Al Kabeer,Chicken Fillets-Frozen,Spicy,Zing,465 gm,1,CKZF,ZING CHICKEN FILLETS 465,465 Gms x 12 Pkts,FILLETS,89.4,80.0,76.0,exact,15.8,1,auto_high_confidence
4008,19115200,AL KABEER ZING CHICKEN FILLETS SPICY 465 Gm ,Al Kabeer,Chicken Fillets-Frozen,Spicy,Zing,465 gm,2,CFB,BEEF FRANKS,454 Gms x 20 Pkts,SAUSAGES,73.6,37.21,85.5,close,,0,auto_high_confidence
4008,19115200,AL KABEER ZING CHICKEN FILLETS SPICY 465 Gm ,Al Kabeer,Chicken Fillets-Frozen,Spicy,Zing,465 gm,3,CKZFACKNP,Zing Chicken Fillets Spicy + Free Chicken Nuggets,1kg+750 g. x 3,FILLETS,62.87,83.58,79.4,conflict,,0,auto_high_confidence
4008,19115200,AL KABEER ZING CHICKEN FILLETS SPICY 465 Gm ,Al Kabeer,Chicken Fillets-Frozen,Spicy,Zing,465 gm,4,CKZFDA,ZING CHICKEN FILLETS SPICY 750 GRM,750 GMS X 8 PKT,FILLETS,62.87,83.58,79.4,conflict,,0,auto_high_confidence
4008,19115200,AL KABEER ZING CHICKEN FILLETS SPICY 465 Gm ,Al Kabeer,Chicken Fillets-Frozen,Spicy,Zing,465 gm,5,CKZFNS,ZING CHICKEN FILLET NON-SPICY,8 X 750 GMS,FILLETS,62.87,83.58,79.4,conflict,,0,auto_high_confidence
4095,19157520,Alkabeer Zing Chicken Fillets465g,Al Kabeer,Chicken Fillets-Frozen,Spicy,Zing,465 gm,1,CKZF,ZING CHICKEN FILLETS 465,465 Gms x 12 Pkts,FILLETS,89.59,80.0,76.29,exact,22.76,1,auto_high_confidence
4095,19157520,Alkabeer Zing Chicken Fillets465g,Al Kabeer,Chicken Fillets-Frozen,Spicy,Zing,465 gm,2,CZFNSCFHP,Zing Chicken Fillets Non Spicy + Free Chicken Fillets Spicy,750+750 g. x 4,FILLETS,66.83,83.58,85.5,conflict,,0,auto_high_confidence
4095,19157520,Alkabeer Zing Chicken Fillets465g,Al Kabeer,Chicken Fillets-Frozen,Spicy,Zing,465 gm,3,CKZFACKNP,Zing Chicken Fillets Spicy + Free Chicken Nuggets,1kg+750 g. x 3,FILLETS,62.87,83.58,79.4,conflict,,0,auto_high_confidence
4095,19157520,Alkabeer Zing Chicken Fillets465g,Al Kabeer,Chicken Fillets-Frozen,Spicy,Zing,465 gm,4,CKZFDA,ZING CHICKEN FILLETS SPICY 750 GRM,750 GMS X 8 PKT,FILLETS,62.87,83.58,79.4,conflict,,0,auto_high_confidence
4095,19157520,Alkabeer Zing Chicken Fillets465g,Al Kabeer,Chicken Fillets-Frozen,Spicy,Zing,465 gm,5,CKZFNS,ZING CHICKEN FILLET NON-SPICY,8 X 750 GMS,FILLETS,62.87,83.58,79.4,conflict,,0,auto_high_confidence
4110,19189387,Al-Kabeer Paratha Plain,Al Kabeer,Paratha-Frozen,No Variant,Frozen Pranthas,400 gm,1,VPRWWP,Plain Paratha + Free Wheat Paratha Promo 400+400 g. x 12,400+400G X 12,PARATHA-WRAPS,89.06,61.39,85.5,exact,15.85,1,auto_high_confidence
4110,19189387,Al-Kabeer Paratha Plain,Al Kabeer,Paratha-Frozen,No Variant,Frozen Pranthas,400 gm,2,VRTP,TAY. PARATHA PLAIN,400 gm x 24 Pkts,PARATHA-WRAPS,73.21,63.27,60.1,exact,,0,auto_high_confidence
4110,19189387,Al-Kabeer Paratha Plain,Al Kabeer,Paratha-Frozen,No Variant,Frozen Pranthas,400 gm,3,VPR,PLAIN PARATHA,400 gm x 24 Pkts,PARATHA-WRAPS,72.34,62.37,59.25,exact,,0,auto_high_confidence
4110,19189387,Al-Kabeer Paratha Plain,Al Kabeer,Paratha-Frozen,No Variant,Frozen Pranthas,400 gm,4,SVPRP,PARATHA PLAIN PROMO  400gmsx3 Pktsx8,400 gm x 3 Pkts x 8,PARATHA-WRAPS,68.56,58.46,55.54,exact,,0,auto_high_confidence
4110,19189387,Al-Kabeer Paratha Plain,Al Kabeer,Paratha-Frozen,No Variant,Frozen Pranthas,400 gm,5,VPRW,PARATHA ROLL WHEAT,400 gm x 24 Pkts,PARATHA-WRAPS,65.99,55.1,53.39,exact,,0,auto_high_confidence
4350,19578642,AL KABEER ZING CHICKEN FILLETS SPICY 465G,Al Kabeer,Chicken Fillets-Frozen,Spicy,Zing,465 gm,1,CKZF,ZING CHICKEN FILLETS 465,465 Gms x 12 Pkts,FILLETS,89.4,80.0,76.0,exact,15.8,1,auto_high_confidence
4350,19578642,AL KABEER ZING CHICKEN FILLETS SPICY 465G,Al Kabeer,Chicken Fillets-Frozen,Spicy,Zing,465 gm,2,CFB,BEEF FRANKS,454 Gms x 20 Pkts,SAUSAGES,73.6,37.21,85.5,close,,0,auto_high_confidence
4350,19578642,AL KABEER ZING CHICKEN FILLETS SPICY 465G,Al Kabeer,Chicken Fillets-Frozen,Spicy,Zing,465 gm,3,CKZFACKNP,Zing Chicken Fillets Spicy + Free Chicken Nuggets,1kg+750 g. x 3,FILLETS,62.87,83.58,79.4,conflict,,0,auto_high_confidence
4350,19578642,AL KABEER ZING CHICKEN FILLETS SPICY 465G,Al Kabeer,Chicken Fillets-Frozen,Spicy,Zing,465 gm,4,CKZFDA,ZING CHICKEN FILLETS SPICY 750 GRM,750 GMS X 8 PKT,FILLETS,62.87,83.58,79.4,conflict,,0,auto_high_confidence
4350,19578642,AL KABEER ZING CHICKEN FILLETS SPICY 465G,Al Kabeer,Chicken Fillets-Frozen,Spicy,Zing,465 gm,5,CKZFNS,ZING CHICKEN FILLET NON-SPICY,8 X 750 GMS,FILLETS,62.87,83.58,79.4,conflict,,0,auto_high_confidence
4420,19591485,Al kabeer Breaded Burgers 400gm,Al Kabeer,Chicken Burger-Frozen,Breaded,Frozen Burger,400 gm,1,CKBBS,8 BREADED CHICKEN BURGER HOT & SPICY,400 gm x 12 Pkts,BURGERS,96.95,87.8,83.41,exact,13.04,1,auto_high_confidence
4420,19591485,Al kabeer Breaded Burgers 400gm,Al Kabeer,Chicken Burger-Frozen,Breaded,Frozen Burger,400 gm,2,VVGP,GREEN PEAS,400 gm x 20 Pkts,TRADING-VEG,83.91,46.67,85.5,exact,,0,auto_high_confidence
4420,19591485,Al kabeer Breaded Burgers 400gm,Al Kabeer,Chicken Burger-Frozen,Breaded,Frozen Burger,400 gm,3,CKBBAD,Breaded Chicken Burger Bag (56 g.),840 g. x 9,BURGERS,61.38,82.05,77.95,conflict,,0,auto_high_confidence
4420,19591485,Al kabeer Breaded Burgers 400gm,Al Kabeer,Chicken Burger-Frozen,Breaded,Frozen Burger,400 gm,4,CKBBADPR,AK PRO Breaded Chicken Burger Bag 840 g. x 8,840 gm x 8,BURGERS,61.38,82.05,77.95,conflict,,0,auto_high_confidence
4420,19591485,Al kabeer Breaded Burgers 400gm,Al Kabeer,Chicken Burger-Frozen,Breaded,Frozen Burger,400 gm,5,CKKBJ,JUMBO BREADED CHICKEN BURGER 100G BULK,1000 GM X 6 PKTS,BURGERS,61.38,82.05,77.95,conflict,,0,auto_high_confidence
4421,19591491,Al kabeer Zing Chicken Fillets 465g,Al Kabeer,Chicken Fillets-Frozen,Spicy,Zing,465 gm,1,CKZF,ZING CHICKEN FILLETS 465,465 Gms x 12 Pkts,FILLETS,89.59,80.0,76.29,exact,22.76,1,auto_high_confidence
4421,19591491,Al kabeer Zing Chicken Fillets 465g,Al Kabeer,Chicken Fillets-Frozen,Spicy,Zing,465 gm,2,CZFNSCFHP,Zing Chicken Fillets Non Spicy + Free Chicken Fillets Spicy,750+750 g. x 4,FILLETS,66.83,83.58,85.5,conflict,,0,auto_high_confidence
4421,19591491,Al kabeer Zing Chicken Fillets 465g,Al Kabeer,Chicken Fillets-Frozen,Spicy,Zing,465 gm,3,CKZFACKNP,Zing Chicken Fillets Spicy + Free Chicken Nuggets,1kg+750 g. x 3,FILLETS,62.87,83.58,79.4,conflict,,0,auto_high_confidence
4421,19591491,Al kabeer Zing Chicken Fillets 465g,Al Kabeer,Chicken Fillets-Frozen,Spicy,Zing,465 gm,4,CKZFDA,ZING CHICKEN FILLETS SPICY 750 GRM,750 GMS X 8 PKT,FILLETS,62.87,83.58,79.4,conflict,,0,auto_high_confidence
4421,19591491,Al kabeer Zing Chicken Fillets 465g,Al Kabeer,Chicken Fillets-Frozen,Spicy,Zing,465 gm,5,CKZFNS,ZING CHICKEN FILLET NON-SPICY,8 X 750 GMS,FILLETS,62.87,83.58,79.4,conflict,,0,auto_high_confidence
4447,19688286,Al Kabeer chicken& cheese sticks 1kg,Al Kabeer,Chicken Cheese Stick-Frozen,No Variant,Frozen Barbeque Products,1 kg,1,CCKSB,CHICKEN STICKS BULK,1 Kgs x 5 Pkts,STICKS & FINGERS,91.97,69.7,85.5,exact,9.23,1,auto_high_confidence
4447,19688286,Al Kabeer chicken& cheese sticks 1kg,Al Kabeer,Chicken Cheese Stick-Frozen,No Variant,Frozen Barbeque Products,1 kg,2,CBBOT,TAYEBAT BEEF BURGERS ONION BULK,1 Kgs x 9 Pkts,BURGERS,82.74,43.33,85.5,exact,,0,auto_high_confidence
4447,19688286,Al Kabeer chicken& cheese sticks 1kg,Al Kabeer,Chicken Cheese Stick-Frozen,No Variant,Frozen Barbeque Products,1 kg,3,CCSAKPR,A.K PRO CHEESE SAMOSA,4 X 1.2 KGS,SAMOSA,54.01,46.96,85.5,conflict,,0,auto_high_confidence
4447,19688286,Al Kabeer chicken& cheese sticks 1kg,Al Kabeer,Chicken Cheese Stick-Frozen,No Variant,Frozen Barbeque Products,1 kg,4,CCSAKA,CHEESE SAMOSAS BULK,1.2 Kgs x 4 Pkts,SAMOSA,53.59,45.76,85.5,conflict,,0,auto_high_confidence
4447,19688286,Al Kabeer chicken& cheese sticks 1kg,Al Kabeer,Chicken Cheese Stick-Frozen,No Variant,Frozen Barbeque Products,1 kg,5,CCSAK,12 CHEESE SAMOSAS,240 Gms x 20 Pkts,SAMOSA,51.69,40.32,85.5,conflict,,0,auto_high_confidence
4470,19730603,"AL KABEER BEEF OR CHICKEN KIBBEH, 400 GRAMS",Al Kabeer,Beef Kibbeh-Frozen,No Variant,Frozen Kofta / Kibbeh & Meat Balls,400 gm,1,CBK,BEEF KIBBEH 400,400 Gms x 12 Pkts,KOFTA-KIBBEH-FELAFEL,92.08,70.0,85.5,exact,20.69,1,auto_high_confidence
4470,19730603,"AL KABEER BEEF OR CHICKEN KIBBEH, 400 GRAMS",Al Kabeer,Beef Kibbeh-Frozen,No Variant,Frozen Kofta / Kibbeh & Meat Balls,400 gm,2,BC40,BEEF CUBES,2 lb x 20 Pkts,MEAT-INDIAN-TRD,71.38,45.16,85.5,,,0,auto_high_confidence
4470,19730603,"AL KABEER BEEF OR CHICKEN KIBBEH, 400 GRAMS",Al Kabeer,Beef Kibbeh-Frozen,No Variant,Frozen Kofta / Kibbeh & Meat Balls,400 gm,3,BVL3,VEAL LEGS 3.6,Asstd. Wt.,MEAT-INDIAN-TRD,69.02,38.4,85.5,,,0,auto_high_confidence
4470,19730603,"AL KABEER BEEF OR CHICKEN KIBBEH, 400 GRAMS",Al Kabeer,Beef Kibbeh-Frozen,No Variant,Frozen Kofta / Kibbeh & Meat Balls,400 gm,4,CBBOT,TAYEBAT BEEF BURGERS ONION BULK,1 Kgs x 9 Pkts,BURGERS,55.23,50.43,85.5,conflict,,0,auto_high_confidence
4470,19730603,"AL KABEER BEEF OR CHICKEN KIBBEH, 400 GRAMS",Al Kabeer,Beef Kibbeh-Frozen,No Variant,Frozen Kofta / Kibbeh & Meat Balls,400 gm,5,CBBO,4 BEEF BURGERS,200 Gms x 30 Pkt,BURGERS,54.43,48.15,85.5,conflict,,0,auto_high_confidence
4500,19739977,Al Kabeer Breaded Chicken Fillets (330g),Al Kabeer,Chicken Fillets-Frozen,Spicy,Marinated & Breaded,330 gm,1,CFBF,BREADED FISH FILLET,330 Gms x 20 Pkts,FILLETS,88.64,60.18,85.5,exact,12.81,1,auto_high_confidence
4500,19739977,Al Kabeer Breaded Chicken Fillets (330g),Al Kabeer,Chicken Fillets-Frozen,Spicy,Marinated & Breaded,330 gm,2,CKBS,8 BEEF SEEKH KEBAB,320 Gms x 24 Pkts,KEBAB,75.82,43.56,85.5,close,,0,auto_high_confidence
4500,19739977,Al Kabeer Breaded Chicken Fillets (330g),Al Kabeer,Chicken Fillets-Frozen,Spicy,Marinated & Breaded,330 gm,3,CFBFA,BREADED FISH FILLET BULK,1 Kgs x 5 Pkts,FILLETS,55.72,51.85,85.5,conflict,,0,auto_high_confidence
4500,19739977,Al Kabeer Breaded Chicken Fillets (330g),Al Kabeer,Chicken Fillets-Frozen,Spicy,Marinated & Breaded,330 gm,4,CKBW,BBQ CHICKEN WINGS 400,400 Gms x 12 Pkts,WINGS,53.79,46.32,85.5,conflict,,0,auto_high_confidence
4500,19739977,Al Kabeer Breaded Chicken Fillets (330g),Al Kabeer,Chicken Fillets-Frozen,Spicy,Marinated & Breaded,330 gm,5,CBBO,4 BEEF BURGERS,200 Gms x 30 Pkt,BURGERS,52.01,41.24,85.5,conflict,,0,auto_high_confidence
4548,19748245,Al Kabeer Beef/ Chicken Kibbeh 400gm,Al Kabeer,Chicken Kibbeh-Frozen,No Variant,Frozen Kofta / Kibbeh & Meat Balls,400 gm,1,CBK,BEEF KIBBEH 400,400 Gms x 12 Pkts,KOFTA-KIBBEH-FELAFEL,92.08,70.0,85.5,exact,21.26,1,auto_high_confidence
4548,19748245,Al Kabeer Beef/ Chicken Kibbeh 400gm,Al Kabeer,Chicken Kibbeh-Frozen,No Variant,Frozen Kofta / Kibbeh & Meat Balls,400 gm,2,BC40,BEEF CUBES,2 lb x 20 Pkts,MEAT-INDIAN-TRD,70.82,43.55,85.5,,,0,auto_high_confidence
4548,19748245,Al Kabeer Beef/ Chicken Kibbeh 400gm,Al Kabeer,Chicken Kibbeh-Frozen,No Variant,Frozen Kofta / Kibbeh & Meat Balls,400 gm,3,BVL3,VEAL LEGS 3.6,Asstd. Wt.,MEAT-INDIAN-TRD,68.45,36.8,85.5,,,0,auto_high_confidence
4548,19748245,Al Kabeer Beef/ Chicken Kibbeh 400gm,Al Kabeer,Chicken Kibbeh-Frozen,No Variant,Frozen Kofta / Kibbeh & Meat Balls,400 gm,4,CBBOT,TAYEBAT BEEF BURGERS ONION BULK,1 Kgs x 9 Pkts,BURGERS,54.62,48.7,85.5,conflict,,0,auto_high_confidence
4548,19748245,Al Kabeer Beef/ Chicken Kibbeh 400gm,Al Kabeer,Chicken Kibbeh-Frozen,No Variant,Frozen Kofta / Kibbeh & Meat Balls,400 gm,5,CBBO,4 BEEF BURGERS,200 Gms x 30 Pkt,BURGERS,54.43,48.15,85.5,conflict,,0,auto_high_confidence
4549,19748245,Al Kabeer Beef/ Chicken Kibbeh 400gm,Al Kabeer,Beef Kibbeh-Frozen,No Variant,Frozen Kofta / Kibbeh & Meat Balls,400 gm,1,CBK,BEEF KIBBEH 400,400 Gms x 12 Pkts,KOFTA-KIBBEH-FELAFEL,92.08,70.0,85.5,exact,21.26,1,auto_high_confidence
4549,19748245,Al Kabeer Beef/ Chicken Kibbeh 400gm,Al Kabeer,Beef Kibbeh-Frozen,No Variant,Frozen Kofta / Kibbeh & Meat Balls,400 gm,2,BC40,BEEF CUBES,2 lb x 20 Pkts,MEAT-INDIAN-TRD,70.82,43.55,85.5,,,0,auto_high_confidence
4549,19748245,Al Kabeer Beef/ Chicken Kibbeh 400gm,Al Kabeer,Beef Kibbeh-Frozen,No Variant,Frozen Kofta / Kibbeh & Meat Balls,400 gm,3,BVL3,VEAL LEGS 3.6,Asstd. Wt.,MEAT-INDIAN-TRD,68.45,36.8,85.5,,,0,auto_high_confidence
4549,19748245,Al Kabeer Beef/ Chicken Kibbeh 400gm,Al Kabeer,Beef Kibbeh-Frozen,No Variant,Frozen Kofta / Kibbeh & Meat Balls,400 gm,4,CBBOT,TAYEBAT BEEF BURGERS ONION BULK,1 Kgs x 9 Pkts,BURGERS,54.62,48.7,85.5,conflict,,0,auto_high_confidence
4549,19748245,Al Kabeer Beef/ Chicken Kibbeh 400gm,Al Kabeer,Beef Kibbeh-Frozen,No Variant,Frozen Kofta / Kibbeh & Meat Balls,400 gm,5,CBBO,4 BEEF BURGERS,200 Gms x 30 Pkt,BURGERS,54.43,48.15,85.5,conflict,,0,auto_high_confidence
4577,19835819,Al Kabeer chicken& cheese sticks KG,Al Kabeer,Chicken Cheese Stick-Frozen,No Variant,Frozen Barbeque Products,1 kg,1,CCKSB,CHICKEN STICKS BULK,1 Kgs x 5 Pkts,STICKS & FINGERS,91.97,69.7,85.5,exact,9.23,1,auto_high_confidence
4577,19835819,Al Kabeer chicken& cheese sticks KG,Al Kabeer,Chicken Cheese Stick-Frozen,No Variant,Frozen Barbeque Products,1 kg,2,CBBOT,TAYEBAT BEEF BURGERS ONION BULK,1 Kgs x 9 Pkts,BURGERS,82.74,43.33,85.5,exact,,0,auto_high_confidence
4577,19835819,Al Kabeer chicken& cheese sticks KG,Al Kabeer,Chicken Cheese Stick-Frozen,No Variant,Frozen Barbeque Products,1 kg,3,CCSAKPR,A.K PRO CHEESE SAMOSA,4 X 1.2 KGS,SAMOSA,54.01,46.96,85.5,conflict,,0,auto_high_confidence
4577,19835819,Al Kabeer chicken& cheese sticks KG,Al Kabeer,Chicken Cheese Stick-Frozen,No Variant,Frozen Barbeque Products,1 kg,4,CCSAKA,CHEESE SAMOSAS BULK,1.2 Kgs x 4 Pkts,SAMOSA,53.59,45.76,85.5,conflict,,0,auto_high_confidence
4577,19835819,Al Kabeer chicken& cheese sticks KG,Al Kabeer,Chicken Cheese Stick-Frozen,No Variant,Frozen Barbeque Products,1 kg,5,CCSAK,12 CHEESE SAMOSAS,240 Gms x 20 Pkts,SAMOSA,51.69,40.32,85.5,conflict,,0,auto_high_confidence
4585,19844257,Al Kabeer Chicken Burger 400gm,Al Kabeer,Chicken Burger-Frozen,Breaded,Frozen Burger,400 gm,1,CKBBS,8 BREADED CHICKEN BURGER HOT & SPICY,400 gm x 12 Pkts,BURGERS,94.09,84.85,80.61,exact,9.24,1,auto_high_confidence
4585,19844257,Al Kabeer Chicken Burger 400gm,Al Kabeer,Chicken Burger-Frozen,Breaded,Frozen Burger,400 gm,2,CKBB,8 BREADED CHICKEN BURGERS,400 Gms x 12 Pkts,BURGERS,84.85,75.29,71.53,exact,,0,auto_high_confidence
4585,19844257,Al Kabeer Chicken Burger 400gm,Al Kabeer,Chicken Burger-Frozen,Breaded,Frozen Burger,400 gm,3,CKBBAD,Breaded Chicken Burger Bag (56 g.),840 g. x 9,BURGERS,56.9,77.42,73.55,conflict,,0,auto_high_confidence
4585,19844257,Al Kabeer Chicken Burger 400gm,Al Kabeer,Chicken Burger-Frozen,Breaded,Frozen Burger,400 gm,4,CKBBADPR,AK PRO Breaded Chicken Burger Bag 840 g. x 8,840 gm x 8,BURGERS,56.9,77.42,73.55,conflict,,0,auto_high_confidence
4585,19844257,Al Kabeer Chicken Burger 400gm,Al Kabeer,Chicken Burger-Frozen,Breaded,Frozen Burger,400 gm,5,CKKBJ,JUMBO BREADED CHICKEN BURGER 100G BULK,1000 GM X 6 PKTS,BURGERS,56.9,77.42,73.55,conflict,,0,auto_high_confidence
4596,19875989,ALKABEER CHICKEN/BEEF KIBBEH 400GR,Al Kabeer,Beef Kibbeh-Frozen,No Variant,Frozen Kofta / Kibbeh & Meat Balls,400 gm,1,CBK,BEEF KIBBEH 400,400 Gms x 12 Pkts,KOFTA-KIBBEH-FELAFEL,92.08,70.0,85.5,exact,21.26,1,auto_high_confidence
4596,19875989,ALKABEER CHICKEN/BEEF KIBBEH 400GR,Al Kabeer,Beef Kibbeh-Frozen,No Variant,Frozen Kofta / Kibbeh & Meat Balls,400 gm,2,BC40,BEEF CUBES,2 lb x 20 Pkts,MEAT-INDIAN-TRD,70.82,43.55,85.5,,,0,auto_high_confidence
4596,19875989,ALKABEER CHICKEN/BEEF KIBBEH 400GR,Al Kabeer,Beef Kibbeh-Frozen,No Variant,Frozen Kofta / Kibbeh & Meat Balls,400 gm,3,BVL3,VEAL LEGS 3.6,Asstd. Wt.,MEAT-INDIAN-TRD,69.02,38.4,85.5,,,0,auto_high_confidence
4596,19875989,ALKABEER CHICKEN/BEEF KIBBEH 400GR,Al Kabeer,Beef Kibbeh-Frozen,No Variant,Frozen Kofta / Kibbeh & Meat Balls,400 gm,4,CBBOT,TAYEBAT BEEF BURGERS ONION BULK,1 Kgs x 9 Pkts,BURGERS,55.23,50.43,85.5,conflict,,0,auto_high_confidence
4596,19875989,ALKABEER CHICKEN/BEEF KIBBEH 400GR,Al Kabeer,Beef Kibbeh-Frozen,No Variant,Frozen Kofta / Kibbeh & Meat Balls,400 gm,5,BTS,BEEF TOPSIDE ALK,20 KGS,MEAT-INDIAN-TRD,54.65,48.78,85.5,conflict,,0,auto_high_confidence
4597,19875989,ALKABEER CHICKEN/BEEF KIBBEH 400GR,Al Kabeer,Chicken Kibbeh-Frozen,No Variant,Frozen Kofta / Kibbeh & Meat Balls,400 gm,1,CBK,BEEF KIBBEH 400,400 Gms x 12 Pkts,KOFTA-KIBBEH-FELAFEL,92.08,70.0,85.5,exact,21.26,1,auto_high_confidence
4597,19875989,ALKABEER CHICKEN/BEEF KIBBEH 400GR,Al Kabeer,Chicken Kibbeh-Frozen,No Variant,Frozen Kofta / Kibbeh & Meat Balls,400 gm,2,BC40,BEEF CUBES,2 lb x 20 Pkts,MEAT-INDIAN-TRD,70.82,43.55,85.5,,,0,auto_high_confidence
4597,19875989,ALKABEER CHICKEN/BEEF KIBBEH 400GR,Al Kabeer,Chicken Kibbeh-Frozen,No Variant,Frozen Kofta / Kibbeh & Meat Balls,400 gm,3,BVL3,VEAL LEGS 3.6,Asstd. Wt.,MEAT-INDIAN-TRD,69.02,38.4,85.5,,,0,auto_high_confidence
4597,19875989,ALKABEER CHICKEN/BEEF KIBBEH 400GR,Al Kabeer,Chicken Kibbeh-Frozen,No Variant,Frozen Kofta / Kibbeh & Meat Balls,400 gm,4,CBBOT,TAYEBAT BEEF BURGERS ONION BULK,1 Kgs x 9 Pkts,BURGERS,55.23,50.43,85.5,conflict,,0,auto_high_confidence
4597,19875989,ALKABEER CHICKEN/BEEF KIBBEH 400GR,Al Kabeer,Chicken Kibbeh-Frozen,No Variant,Frozen Kofta / Kibbeh & Meat Balls,400 gm,5,BTS,BEEF TOPSIDE ALK,20 KGS,MEAT-INDIAN-TRD,54.65,48.78,85.5,conflict,,0,auto_high_confidence
4627,19886400,Al Kabeer Breaded Chicken Burgers 400G,Al Kabeer,Chicken Burger-Frozen,Breaded,Frozen Burger,400 gm,1,CKBBS,8 BREADED CHICKEN BURGER HOT & SPICY,400 gm x 12 Pkts,BURGERS,100.0,91.14,86.58,exact,17.97,1,auto_high_confidence
4627,19886400,Al Kabeer Breaded Chicken Burgers 400G,Al Kabeer,Chicken Burger-Frozen,Breaded,Frozen Burger,400 gm,2,CFBJ,JUMBO HOTDOGS,400 Gms x 20 Pkts,SAUSAGES,82.03,41.3,85.5,exact,,0,auto_high_confidence
4627,19886400,Al Kabeer Breaded Chicken Burgers 400G,Al Kabeer,Chicken Burger-Frozen,Breaded,Frozen Burger,400 gm,3,CBBUR,BEEF BURGERS 56 g.,840 g. x 9,BURGERS,56.83,55.0,85.5,conflict,,0,auto_high_confidence
4627,19886400,Al Kabeer Breaded Chicken Burgers 400G,Al Kabeer,Chicken Burger-Frozen,Breaded,Frozen Burger,400 gm,4,CBBO,4 BEEF BURGERS,200 Gms x 30 Pkt,BURGERS,56.74,54.76,85.5,conflict,,0,auto_high_confidence
4627,19886400,Al Kabeer Breaded Chicken Burgers 400G,Al Kabeer,Chicken Burger-Frozen,Breaded,Frozen Burger,400 gm,5,CBBOA,BEEF BURGERS BULK,2 Kgs x 5 Pkts,BURGERS,55.76,51.95,85.5,conflict,,0,auto_high_confidence
4645,19894937,Al Kabeer Chicken / Beef Kibbeh 400gm,Al Kabeer,Chicken Kibbeh-Frozen,No Variant,Frozen Kofta / Kibbeh & Meat Balls,400 gm,1,CBK,BEEF KIBBEH 400,400 Gms x 12 Pkts,KOFTA-KIBBEH-FELAFEL,92.08,70.0,85.5,exact,21.26,1,auto_high_confidence
4645,19894937,Al Kabeer Chicken / Beef Kibbeh 400gm,Al Kabeer,Chicken Kibbeh-Frozen,No Variant,Frozen Kofta / Kibbeh & Meat Balls,400 gm,2,BC40,BEEF CUBES,2 lb x 20 Pkts,MEAT-INDIAN-TRD,70.82,43.55,85.5,,,0,auto_high_confidence
4645,19894937,Al Kabeer Chicken / Beef Kibbeh 400gm,Al Kabeer,Chicken Kibbeh-Frozen,No Variant,Frozen Kofta / Kibbeh & Meat Balls,400 gm,3,BVL3,VEAL LEGS 3.6,Asstd. Wt.,MEAT-INDIAN-TRD,68.45,36.8,85.5,,,0,auto_high_confidence
4645,19894937,Al Kabeer Chicken / Beef Kibbeh 400gm,Al Kabeer,Chicken Kibbeh-Frozen,No Variant,Frozen Kofta / Kibbeh & Meat Balls,400 gm,4,CBBOT,TAYEBAT BEEF BURGERS ONION BULK,1 Kgs x 9 Pkts,BURGERS,54.62,48.7,85.5,conflict,,0,auto_high_confidence
4645,19894937,Al Kabeer Chicken / Beef Kibbeh 400gm,Al Kabeer,Chicken Kibbeh-Frozen,No Variant,Frozen Kofta / Kibbeh & Meat Balls,400 gm,5,CBBO,4 BEEF BURGERS,200 Gms x 30 Pkt,BURGERS,54.43,48.15,85.5,conflict,,0,auto_high_confidence
4646,19894937,Al Kabeer Chicken / Beef Kibbeh 400gm,Al Kabeer,Beef Kibbeh-Frozen,No Variant,Frozen Kofta / Kibbeh & Meat Balls,400 gm,1,CBK,BEEF KIBBEH 400,400 Gms x 12 Pkts,KOFTA-KIBBEH-FELAFEL,92.08,70.0,85.5,exact,21.26,1,auto_high_confidence
4646,19894937,Al Kabeer Chicken / Beef Kibbeh 400gm,Al Kabeer,Beef Kibbeh-Frozen,No Variant,Frozen Kofta / Kibbeh & Meat Balls,400 gm,2,BC40,BEEF CUBES,2 lb x 20 Pkts,MEAT-INDIAN-TRD,70.82,43.55,85.5,,,0,auto_high_confidence
4646,19894937,Al Kabeer Chicken / Beef Kibbeh 400gm,Al Kabeer,Beef Kibbeh-Frozen,No Variant,Frozen Kofta / Kibbeh & Meat Balls,400 gm,3,BVL3,VEAL LEGS 3.6,Asstd. Wt.,MEAT-INDIAN-TRD,68.45,36.8,85.5,,,0,auto_high_confidence
4646,19894937,Al Kabeer Chicken / Beef Kibbeh 400gm,Al Kabeer,Beef Kibbeh-Frozen,No Variant,Frozen Kofta / Kibbeh & Meat Balls,400 gm,4,CBBOT,TAYEBAT BEEF BURGERS ONION BULK,1 Kgs x 9 Pkts,BURGERS,54.62,48.7,85.5,conflict,,0,auto_high_confidence
4646,19894937,Al Kabeer Chicken / Beef Kibbeh 400gm,Al Kabeer,Beef Kibbeh-Frozen,No Variant,Frozen Kofta / Kibbeh & Meat Balls,400 gm,5,CBBO,4 BEEF BURGERS,200 Gms x 30 Pkt,BURGERS,54.43,48.15,85.5,conflict,,0,auto_high_confidence
4649,19895322,Al Kabeer Beef / Chicken Kibbeh 400gm,Al Kabeer,Beef Kibbeh-Frozen,No Variant,Frozen Kofta / Kibbeh & Meat Balls,400 gm,1,CBK,BEEF KIBBEH 400,400 Gms x 12 Pkts,KOFTA-KIBBEH-FELAFEL,92.08,70.0,85.5,exact,21.26,1,auto_high_confidence
4649,19895322,Al Kabeer Beef / Chicken Kibbeh 400gm,Al Kabeer,Beef Kibbeh-Frozen,No Variant,Frozen Kofta / Kibbeh & Meat Balls,400 gm,2,BC40,BEEF CUBES,2 lb x 20 Pkts,MEAT-INDIAN-TRD,70.82,43.55,85.5,,,0,auto_high_confidence
4649,19895322,Al Kabeer Beef / Chicken Kibbeh 400gm,Al Kabeer,Beef Kibbeh-Frozen,No Variant,Frozen Kofta / Kibbeh & Meat Balls,400 gm,3,BVL3,VEAL LEGS 3.6,Asstd. Wt.,MEAT-INDIAN-TRD,68.45,36.8,85.5,,,0,auto_high_confidence
4649,19895322,Al Kabeer Beef / Chicken Kibbeh 400gm,Al Kabeer,Beef Kibbeh-Frozen,No Variant,Frozen Kofta / Kibbeh & Meat Balls,400 gm,4,CBBOT,TAYEBAT BEEF BURGERS ONION BULK,1 Kgs x 9 Pkts,BURGERS,54.62,48.7,85.5,conflict,,0,auto_high_confidence
4649,19895322,Al Kabeer Beef / Chicken Kibbeh 400gm,Al Kabeer,Beef Kibbeh-Frozen,No Variant,Frozen Kofta / Kibbeh & Meat Balls,400 gm,5,CBBO,4 BEEF BURGERS,200 Gms x 30 Pkt,BURGERS,54.43,48.15,85.5,conflict,,0,auto_high_confidence
4650,19895322,Al Kabeer Beef / Chicken Kibbeh 400gm,Al Kabeer,Chicken Kibbeh-Frozen,No Variant,Frozen Kofta / Kibbeh & Meat Balls,400 gm,1,CBK,BEEF KIBBEH 400,400 Gms x 12 Pkts,KOFTA-KIBBEH-FELAFEL,92.08,70.0,85.5,exact,21.26,1,auto_high_confidence
4650,19895322,Al Kabeer Beef / Chicken Kibbeh 400gm,Al Kabeer,Chicken Kibbeh-Frozen,No Variant,Frozen Kofta / Kibbeh & Meat Balls,400 gm,2,BC40,BEEF CUBES,2 lb x 20 Pkts,MEAT-INDIAN-TRD,70.82,43.55,85.5,,,0,auto_high_confidence
4650,19895322,Al Kabeer Beef / Chicken Kibbeh 400gm,Al Kabeer,Chicken Kibbeh-Frozen,No Variant,Frozen Kofta / Kibbeh & Meat Balls,400 gm,3,BVL3,VEAL LEGS 3.6,Asstd. Wt.,MEAT-INDIAN-TRD,68.45,36.8,85.5,,,0,auto_high_confidence
4650,19895322,Al Kabeer Beef / Chicken Kibbeh 400gm,Al Kabeer,Chicken Kibbeh-Frozen,No Variant,Frozen Kofta / Kibbeh & Meat Balls,400 gm,4,CBBOT,TAYEBAT BEEF BURGERS ONION BULK,1 Kgs x 9 Pkts,BURGERS,54.62,48.7,85.5,conflict,,0,auto_high_confidence
4650,19895322,Al Kabeer Beef / Chicken Kibbeh 400gm,Al Kabeer,Chicken Kibbeh-Frozen,No Variant,Frozen Kofta / Kibbeh & Meat Balls,400 gm,5,CBBO,4 BEEF BURGERS,200 Gms x 30 Pkt,BURGERS,54.43,48.15,85.5,conflict,,0,auto_high_confidence
4687,19908684,AL KABEER CHICKEN KIBBEH 400GM,Al Kabeer,Chicken Kibbeh-Frozen,No Variant,Frozen Kofta / Kibbeh & Meat Balls,400 gm,1,CBK,BEEF KIBBEH 400,400 Gms x 12 Pkts,KOFTA-KIBBEH-FELAFEL,89.68,63.16,85.5,exact,20.69,1,auto_high_confidence
4687,19908684,AL KABEER CHICKEN KIBBEH 400GM,Al Kabeer,Chicken Kibbeh-Frozen,No Variant,Frozen Kofta / Kibbeh & Meat Balls,400 gm,2,BVL3,VEAL LEGS 3.6,Asstd. Wt.,MEAT-INDIAN-TRD,68.99,38.33,85.5,,,0,auto_high_confidence
4687,19908684,AL KABEER CHICKEN KIBBEH 400GM,Al Kabeer,Chicken Kibbeh-Frozen,No Variant,Frozen Kofta / Kibbeh & Meat Balls,400 gm,3,BC40,BEEF CUBES,2 lb x 20 Pkts,MEAT-INDIAN-TRD,68.52,36.97,85.5,,,0,auto_high_confidence
4687,19908684,AL KABEER CHICKEN KIBBEH 400GM,Al Kabeer,Chicken Kibbeh-Frozen,No Variant,Frozen Kofta / Kibbeh & Meat Balls,400 gm,4,BTS,BEEF TOPSIDE ALK,20 KGS,MEAT-INDIAN-TRD,52.41,42.37,85.5,conflict,,0,auto_high_confidence
4687,19908684,AL KABEER CHICKEN KIBBEH 400GM,Al Kabeer,Chicken Kibbeh-Frozen,No Variant,Frozen Kofta / Kibbeh & Meat Balls,400 gm,5,CBBOT,TAYEBAT BEEF BURGERS ONION BULK,1 Kgs x 9 Pkts,BURGERS,52.21,41.82,85.5,conflict,,0,auto_high_confidence
4777,20020283,Al Kabeer Chicken Burgers 840Gm,Al Kabeer,Chicken Burger-Frozen,Breaded,Frozen Burger,840 gm,1,CKBBADPR,AK PRO Breaded Chicken Burger Bag 840 g. x 8,840 gm x 8,BURGERS,96.95,87.8,83.41,exact,30.0,1,auto_high_confidence
4777,20020283,Al Kabeer Chicken Burgers 840Gm,Al Kabeer,Chicken Burger-Frozen,Breaded,Frozen Burger,840 gm,2,CKBBAD,Breaded Chicken Burger Bag (56 g.),840 g. x 9,BURGERS,66.95,87.8,83.41,conflict,,0,auto_high_confidence
4777,20020283,Al Kabeer Chicken Burgers 840Gm,Al Kabeer,Chicken Burger-Frozen,Breaded,Frozen Burger,840 gm,3,CKBBS,8 BREADED CHICKEN BURGER HOT & SPICY,400 gm x 12 Pkts,BURGERS,61.38,82.05,77.95,conflict,,0,auto_high_confidence
4777,20020283,Al Kabeer Chicken Burgers 840Gm,Al Kabeer,Chicken Burger-Frozen,Breaded,Frozen Burger,840 gm,4,CKKBJ,JUMBO BREADED CHICKEN BURGER 100G BULK,1000 GM X 6 PKTS,BURGERS,61.38,82.05,77.95,conflict,,0,auto_high_confidence
4777,20020283,Al Kabeer Chicken Burgers 840Gm,Al Kabeer,Chicken Burger-Frozen,Breaded,Frozen Burger,840 gm,5,CBBOA,BEEF BURGERS BULK,2 Kgs x 5 Pkts,BURGERS,55.95,52.5,85.5,conflict,,0,auto_high_confidence
4894,20125547,Jumbo Chicken Nuggets,Al Kabeer,Chicken Nuggets-Frozen,No Variant,Marinated & Breaded,1 kg,1,CKJCNA,JUMBO CHICKEN NUGGETS,1 Kgs x 5 Pkts,NUGGETS,96.01,81.25,85.5,exact,9.77,1,auto_high_confidence
4894,20125547,Jumbo Chicken Nuggets,Al Kabeer,Chicken Nuggets-Frozen,No Variant,Marinated & Breaded,1 kg,2,CKCSB,CHICKEN SEEKH KEBAB BULK,1 kg x 5,KEBAB,86.24,53.33,85.5,exact,,0,auto_high_confidence
4894,20125547,Jumbo Chicken Nuggets,Al Kabeer,Chicken Nuggets-Frozen,No Variant,Marinated & Breaded,1 kg,3,CKN,CHICKEN NUGGETS,270 Gms x 20 Pkts,NUGGETS,57.77,57.69,85.5,conflict,,0,auto_high_confidence
4894,20125547,Jumbo Chicken Nuggets,Al Kabeer,Chicken Nuggets-Frozen,No Variant,Marinated & Breaded,1 kg,4,CFBJ,JUMBO HOTDOGS,400 Gms x 20 Pkts,SAUSAGES,52.79,43.48,85.5,conflict,,0,auto_high_confidence
4894,20125547,Jumbo Chicken Nuggets,Al Kabeer,Chicken Nuggets-Frozen,No Variant,Marinated & Breaded,1 kg,5,CKSA,12 CHICKEN SAMOSAS,240 Gms x 20 Pkts,SAMOSA,52.28,42.02,85.5,conflict,,0,auto_high_confidence
4899,20125552,Plain Paratha,Al Kabeer,Paratha-Frozen,No Variant,Frozen Pranthas,400 gm,1,VPRWWP,Plain Paratha + Free Wheat Paratha Promo 400+400 g. x 12,400+400G X 12,PARATHA-WRAPS,89.06,61.39,85.5,exact,15.85,1,auto_high_confidence
4899,20125552,Plain Paratha,Al Kabeer,Paratha-Frozen,No Variant,Frozen Pranthas,400 gm,2,VRTP,TAY. PARATHA PLAIN,400 gm x 24 Pkts,PARATHA-WRAPS,73.21,63.27,60.1,exact,,0,auto_high_confidence
4899,20125552,Plain Paratha,Al Kabeer,Paratha-Frozen,No Variant,Frozen Pranthas,400 gm,3,VPR,PLAIN PARATHA,400 gm x 24 Pkts,PARATHA-WRAPS,72.34,62.37,59.25,exact,,0,auto_high_confidence
4899,20125552,Plain Paratha,Al Kabeer,Paratha-Frozen,No Variant,Frozen Pranthas,400 gm,4,SVPRP,PARATHA PLAIN PROMO  400gmsx3 Pktsx8,400 gm x 3 Pkts x 8,PARATHA-WRAPS,68.56,58.46,55.54,exact,,0,auto_high_confidence
4899,20125552,Plain Paratha,Al Kabeer,Paratha-Frozen,No Variant,Frozen Pranthas,400 gm,5,VPRW,PARATHA ROLL WHEAT,400 gm x 24 Pkts,PARATHA-WRAPS,65.99,55.1,53.39,exact,,0,auto_high_confidence
4905,20128915,Jumbo Chicken Nuggets,Al Kabeer,Chicken Nuggets-Frozen,No Variant,Marinated & Breaded,1 kg,1,CKJCNA,JUMBO CHICKEN NUGGETS,1 Kgs x 5 Pkts,NUGGETS,96.01,81.25,85.5,exact,9.77,1,auto_high_confidence
4905,20128915,Jumbo Chicken Nuggets,Al Kabeer,Chicken Nuggets-Frozen,No Variant,Marinated & Breaded,1 kg,2,CKCSB,CHICKEN SEEKH KEBAB BULK,1 kg x 5,KEBAB,86.24,53.33,85.5,exact,,0,auto_high_confidence
4905,20128915,Jumbo Chicken Nuggets,Al Kabeer,Chicken Nuggets-Frozen,No Variant,Marinated & Breaded,1 kg,3,CKN,CHICKEN NUGGETS,270 Gms x 20 Pkts,NUGGETS,57.77,57.69,85.5,conflict,,0,auto_high_confidence
4905,20128915,Jumbo Chicken Nuggets,Al Kabeer,Chicken Nuggets-Frozen,No Variant,Marinated & Breaded,1 kg,4,CFBJ,JUMBO HOTDOGS,400 Gms x 20 Pkts,SAUSAGES,52.79,43.48,85.5,conflict,,0,auto_high_confidence
4905,20128915,Jumbo Chicken Nuggets,Al Kabeer,Chicken Nuggets-Frozen,No Variant,Marinated & Breaded,1 kg,5,CKSA,12 CHICKEN SAMOSAS,240 Gms x 20 Pkts,SAMOSA,52.28,42.02,85.5,conflict,,0,auto_high_confidence
4915,20130275,Al Kabeer Chicken 840gm,Al Kabeer,Chicken Burger-Frozen,Breaded,Frozen Burger,840 gm,1,CKBBADPR,AK PRO Breaded Chicken Burger Bag 840 g. x 8,840 gm x 8,BURGERS,94.09,84.85,80.61,exact,30.0,1,auto_high_confidence
4915,20130275,Al Kabeer Chicken 840gm,Al Kabeer,Chicken Burger-Frozen,Breaded,Frozen Burger,840 gm,2,CKBBAD,Breaded Chicken Burger Bag (56 g.),840 g. x 9,BURGERS,64.09,84.85,80.61,conflict,,0,auto_high_confidence
4915,20130275,Al Kabeer Chicken 840gm,Al Kabeer,Chicken Burger-Frozen,Breaded,Frozen Burger,840 gm,3,CKBBS,8 BREADED CHICKEN BURGER HOT & SPICY,400 gm x 12 Pkts,BURGERS,56.9,77.42,73.55,conflict,,0,auto_high_confidence
4915,20130275,Al Kabeer Chicken 840gm,Al Kabeer,Chicken Burger-Frozen,Breaded,Frozen Burger,840 gm,4,CKKBJ,JUMBO BREADED CHICKEN BURGER 100G BULK,1000 GM X 6 PKTS,BURGERS,56.9,77.42,73.55,conflict,,0,auto_high_confidence
4915,20130275,Al Kabeer Chicken 840gm,Al Kabeer,Chicken Burger-Frozen,Breaded,Frozen Burger,840 gm,5,CZFNSCFHP,Zing Chicken Fillets Non Spicy + Free Chicken Fillets Spicy,750+750 g. x 4,FILLETS,55.8,52.08,85.5,conflict,,0,auto_high_confidence
4929,20145277,Al Kabeer Zing Chicken Strip/Fillets,Al Kabeer,Chicken Strips-Frozen,No Variant,Zing,750 gm,1,CKZSCKNP,Zing Strips Non Spicy + Free Chicken Nuggets Combo Pack,(750 g.+750 g.) x 4,STRIPS,88.95,61.07,85.5,exact,9.49,1,auto_high_confidence
4929,20145277,Al Kabeer Zing Chicken Strip/Fillets,Al Kabeer,Chicken Strips-Frozen,No Variant,Zing,750 gm,2,CKZSNS,ZING CHICKEN STRIPS NON-SPICY,8 X 750 GMS,STRIPS,79.46,67.29,67.56,exact,,0,auto_high_confidence
4929,20145277,Al Kabeer Zing Chicken Strip/Fillets,Al Kabeer,Chicken Strips-Frozen,No Variant,Zing,750 gm,3,CKZFDATS,Zing Chicken Fillets Tamiya,750 GMS X 8 PKT,FILLETS,78.91,67.53,66.57,exact,,0,auto_high_confidence
4929,20145277,Al Kabeer Zing Chicken Strip/Fillets,Al Kabeer,Chicken Strips-Frozen,No Variant,Zing,750 gm,4,CKZFNS,ZING CHICKEN FILLET NON-SPICY,8 X 750 GMS,FILLETS,78.72,66.09,67.06,exact,,0,auto_high_confidence
4929,20145277,Al Kabeer Zing Chicken Strip/Fillets,Al Kabeer,Chicken Strips-Frozen,No Variant,Zing,750 gm,5,CKZFDA,ZING CHICKEN FILLETS SPICY 750 GRM,750 GMS X 8 PKT,FILLETS,78.2,68.42,65.0,exact,,0,auto_high_confidence
4996,20182960,Al Kabeer Zing Chicken Strips 320g,Al Kabeer,Chicken Strips-Frozen,Spicy,Zing,320 gm,1,CKZS,ZING CHICKEN STRIPS,320 Gms x 20 Pkts,STRIPS,89.58,79.37,76.61,exact,22.92,1,auto_high_confidence
4996,20182960,Al Kabeer Zing Chicken Strips 320g,Al Kabeer,Chicken Strips-Frozen,Spicy,Zing,320 gm,2,CKZSCKNP,Zing Strips Non Spicy + Free Chicken Nuggets Combo Pack,(750 g.+750 g.) x 4,STRIPS,66.65,83.08,85.5,conflict,,0,auto_high_confidence
4996,20182960,Al Kabeer Zing Chicken Strips 320g,Al Kabeer,Chicken Strips-Frozen,Spicy,Zing,320 gm,3,CKZSDA,ZING CHICKEN STRIPS SPICY 750 GRM,750 GMS X 8 PKT,STRIPS,62.38,83.08,78.92,conflict,,0,auto_high_confidence
4996,20182960,Al Kabeer Zing Chicken Strips 320g,Al Kabeer,Chicken Strips-Frozen,Spicy,Zing,320 gm,4,CKZSNS,ZING CHICKEN STRIPS NON-SPICY,8 X 750 GMS,STRIPS,62.38,83.08,78.92,conflict,,0,auto_high_confidence
4996,20182960,Al Kabeer Zing Chicken Strips 320g,Al Kabeer,Chicken Strips-Frozen,Spicy,Zing,320 gm,5,CZFNSCFHP,Zing Chicken Fillets Non Spicy + Free Chicken Fillets Spicy,750+750 g. x 4,FILLETS,61.71,68.97,85.5,conflict,,0,auto_high_confidence
5089,20316184,"AL KABEER BEEF OR CHICKEN KIBBEH, 400 GRAMS",Al Kabeer,Beef Kibbeh-Frozen,No Variant,Frozen Kofta / Kibbeh & Meat Balls,400 gm,1,CBK,BEEF KIBBEH 400,400 Gms x 12 Pkts,KOFTA-KIBBEH-FELAFEL,92.08,70.0,85.5,exact,20.69,1,auto_high_confidence
5089,20316184,"AL KABEER BEEF OR CHICKEN KIBBEH, 400 GRAMS",Al Kabeer,Beef Kibbeh-Frozen,No Variant,Frozen Kofta / Kibbeh & Meat Balls,400 gm,2,BC40,BEEF CUBES,2 lb x 20 Pkts,MEAT-INDIAN-TRD,71.38,45.16,85.5,,,0,auto_high_confidence
5089,20316184,"AL KABEER BEEF OR CHICKEN KIBBEH, 400 GRAMS",Al Kabeer,Beef Kibbeh-Frozen,No Variant,Frozen Kofta / Kibbeh & Meat Balls,400 gm,3,BVL3,VEAL LEGS 3.6,Asstd. Wt.,MEAT-INDIAN-TRD,69.02,38.4,85.5,,,0,auto_high_confidence
5089,20316184,"AL KABEER BEEF OR CHICKEN KIBBEH, 400 GRAMS",Al Kabeer,Beef Kibbeh-Frozen,No Variant,Frozen Kofta / Kibbeh & Meat Balls,400 gm,4,CBBOT,TAYEBAT BEEF BURGERS ONION BULK,1 Kgs x 9 Pkts,BURGERS,55.23,50.43,85.5,conflict,,0,auto_high_confidence
5089,20316184,"AL KABEER BEEF OR CHICKEN KIBBEH, 400 GRAMS",Al Kabeer,Beef Kibbeh-Frozen,No Variant,Frozen Kofta / Kibbeh & Meat Balls,400 gm,5,CBBO,4 BEEF BURGERS,200 Gms x 30 Pkt,BURGERS,54.43,48.15,85.5,conflict,,0,auto_high_confidence
5106,20322707,Al Kabeer Zing Chicken Nuggets / Strips 270Gm / 320 Gm ,Al Kabeer,Chicken Nuggets-Frozen,Spicy,Zing,270 gm,1,CKN,CHICKEN NUGGETS,270 Gms x 20 Pkts,NUGGETS,92.92,72.41,85.5,exact,38.64,1,auto_high_confidence
5106,20322707,Al Kabeer Zing Chicken Nuggets / Strips 270Gm / 320 Gm ,Al Kabeer,Chicken Nuggets-Frozen,Spicy,Zing,270 gm,2,CKCKB,CHICKEN BURGERS 56 g,840 g. x 9,BURGERS,54.28,47.73,85.5,conflict,,0,auto_high_confidence
5106,20322707,Al Kabeer Zing Chicken Nuggets / Strips 270Gm / 320 Gm ,Al Kabeer,Chicken Nuggets-Frozen,Spicy,Zing,270 gm,3,CBBO,4 BEEF BURGERS,200 Gms x 30 Pkt,BURGERS,53.96,46.81,85.5,conflict,,0,auto_high_confidence
5106,20322707,Al Kabeer Zing Chicken Nuggets / Strips 270Gm / 320 Gm ,Al Kabeer,Chicken Nuggets-Frozen,Spicy,Zing,270 gm,4,CKBS,8 BEEF SEEKH KEBAB,320 Gms x 24 Pkts,KEBAB,53.29,44.9,85.5,conflict,,0,auto_high_confidence
5106,20322707,Al Kabeer Zing Chicken Nuggets / Strips 270Gm / 320 Gm ,Al Kabeer,Chicken Nuggets-Frozen,Spicy,Zing,270 gm,5,CFB,BEEF FRANKS,454 Gms x 20 Pkts,SAUSAGES,52.97,44.0,85.5,conflict,,0,auto_high_confidence
5227,20475836,ALKABEER CHICKEN/BEEF KIBBEH 400GR,Al Kabeer,Chicken Kibbeh-Frozen,No Variant,Frozen Kofta / Kibbeh & Meat Balls,400 gm,1,CBK,BEEF KIBBEH 400,400 Gms x 12 Pkts,KOFTA-KIBBEH-FELAFEL,92.08,70.0,85.5,exact,21.26,1,auto_high_confidence
5227,20475836,ALKABEER CHICKEN/BEEF KIBBEH 400GR,Al Kabeer,Chicken Kibbeh-Frozen,No Variant,Frozen Kofta / Kibbeh & Meat Balls,400 gm,2,BC40,BEEF CUBES,2 lb x 20 Pkts,MEAT-INDIAN-TRD,70.82,43.55,85.5,,,0,auto_high_confidence
5227,20475836,ALKABEER CHICKEN/BEEF KIBBEH 400GR,Al Kabeer,Chicken Kibbeh-Frozen,No Variant,Frozen Kofta / Kibbeh & Meat Balls,400 gm,3,BVL3,VEAL LEGS 3.6,Asstd. Wt.,MEAT-INDIAN-TRD,69.02,38.4,85.5,,,0,auto_high_confidence
5227,20475836,ALKABEER CHICKEN/BEEF KIBBEH 400GR,Al Kabeer,Chicken Kibbeh-Frozen,No Variant,Frozen Kofta / Kibbeh & Meat Balls,400 gm,4,CBBOT,TAYEBAT BEEF BURGERS ONION BULK,1 Kgs x 9 Pkts,BURGERS,55.23,50.43,85.5,conflict,,0,auto_high_confidence
5227,20475836,ALKABEER CHICKEN/BEEF KIBBEH 400GR,Al Kabeer,Chicken Kibbeh-Frozen,No Variant,Frozen Kofta / Kibbeh & Meat Balls,400 gm,5,BTS,BEEF TOPSIDE ALK,20 KGS,MEAT-INDIAN-TRD,54.65,48.78,85.5,conflict,,0,auto_high_confidence
5228,20475836,ALKABEER CHICKEN/BEEF KIBBEH 400GR,Al Kabeer,Beef Kibbeh-Frozen,No Variant,Frozen Kofta / Kibbeh & Meat Balls,400 gm,1,CBK,BEEF KIBBEH 400,400 Gms x 12 Pkts,KOFTA-KIBBEH-FELAFEL,92.08,70.0,85.5,exact,21.26,1,auto_high_confidence
5228,20475836,ALKABEER CHICKEN/BEEF KIBBEH 400GR,Al Kabeer,Beef Kibbeh-Frozen,No Variant,Frozen Kofta / Kibbeh & Meat Balls,400 gm,2,BC40,BEEF CUBES,2 lb x 20 Pkts,MEAT-INDIAN-TRD,70.82,43.55,85.5,,,0,auto_high_confidence
5228,20475836,ALKABEER CHICKEN/BEEF KIBBEH 400GR,Al Kabeer,Beef Kibbeh-Frozen,No Variant,Frozen Kofta / Kibbeh & Meat Balls,400 gm,3,BVL3,VEAL LEGS 3.6,Asstd. Wt.,MEAT-INDIAN-TRD,69.02,38.4,85.5,,,0,auto_high_confidence
5228,20475836,ALKABEER CHICKEN/BEEF KIBBEH 400GR,Al Kabeer,Beef Kibbeh-Frozen,No Variant,Frozen Kofta / Kibbeh & Meat Balls,400 gm,4,CBBOT,TAYEBAT BEEF BURGERS ONION BULK,1 Kgs x 9 Pkts,BURGERS,55.23,50.43,85.5,conflict,,0,auto_high_confidence
5228,20475836,ALKABEER CHICKEN/BEEF KIBBEH 400GR,Al Kabeer,Beef Kibbeh-Frozen,No Variant,Frozen Kofta / Kibbeh & Meat Balls,400 gm,5,BTS,BEEF TOPSIDE ALK,20 KGS,MEAT-INDIAN-TRD,54.65,48.78,85.5,conflict,,0,auto_high_confidence
5287,20496472,Al Kabeer Breaded Chicken Burgers 840 GM,Al Kabeer,Chicken Burger-Frozen,Breaded,Frozen Burger,840 gm,1,CKBBADPR,AK PRO Breaded Chicken Burger Bag 840 g. x 8,840 gm x 8,BURGERS,100.0,91.14,86.58,exact,29.82,1,auto_high_confidence
5287,20496472,Al Kabeer Breaded Chicken Burgers 840 GM,Al Kabeer,Chicken Burger-Frozen,Breaded,Frozen Burger,840 gm,2,CKBBAD,Breaded Chicken Burger Bag (56 g.),840 g. x 9,BURGERS,70.18,91.14,86.58,conflict,,0,auto_high_confidence
5287,20496472,Al Kabeer Breaded Chicken Burgers 840 GM,Al Kabeer,Chicken Burger-Frozen,Breaded,Frozen Burger,840 gm,3,CBBUR,BEEF BURGERS 56 g.,840 g. x 9,BURGERS,57.7,57.5,85.5,conflict,,0,auto_high_confidence
5287,20496472,Al Kabeer Breaded Chicken Burgers 840 GM,Al Kabeer,Chicken Burger-Frozen,Breaded,Frozen Burger,840 gm,4,CBBO,4 BEEF BURGERS,200 Gms x 30 Pkt,BURGERS,55.91,52.38,85.5,conflict,,0,auto_high_confidence
5287,20496472,Al Kabeer Breaded Chicken Burgers 840 GM,Al Kabeer,Chicken Burger-Frozen,Breaded,Frozen Burger,840 gm,5,CBBOA,BEEF BURGERS BULK,2 Kgs x 5 Pkts,BURGERS,55.76,51.95,85.5,conflict,,0,auto_high_confidence
5312,20497768,AL KABEER BREADED CHICKEN BURGERS 840 GM ,Al Kabeer,Chicken Burger-Frozen,Breaded,Frozen Burger,840 gm,1,CKBBADPR,AK PRO Breaded Chicken Burger Bag 840 g. x 8,840 gm x 8,BURGERS,100.0,91.14,86.58,exact,29.82,1,auto_high_confidence
5312,20497768,AL KABEER BREADED CHICKEN BURGERS 840 GM ,Al Kabeer,Chicken Burger-Frozen,Breaded,Frozen Burger,840 gm,2,CKBBAD,Breaded Chicken Burger Bag (56 g.),840 g. x 9,BURGERS,70.18,91.14,86.58,conflict,,0,auto_high_confidence
5312,20497768,AL KABEER BREADED CHICKEN BURGERS 840 GM ,Al Kabeer,Chicken Burger-Frozen,Breaded,Frozen Burger,840 gm,3,CBBUR,BEEF BURGERS 56 g.,840 g. x 9,BURGERS,57.7,57.5,85.5,conflict,,0,auto_high_confidence
5312,20497768,AL KABEER BREADED CHICKEN BURGERS 840 GM ,Al Kabeer,Chicken Burger-Frozen,Breaded,Frozen Burger,840 gm,4,CBBO,4 BEEF BURGERS,200 Gms x 30 Pkt,BURGERS,55.91,52.38,85.5,conflict,,0,auto_high_confidence
5312,20497768,AL KABEER BREADED CHICKEN BURGERS 840 GM ,Al Kabeer,Chicken Burger-Frozen,Breaded,Frozen Burger,840 gm,5,CBBOA,BEEF BURGERS BULK,2 Kgs x 5 Pkts,BURGERS,55.76,51.95,85.5,conflict,,0,auto_high_confidence
5323,20498933,Al Kabeer Breaded Chicken Burgers 400 Gm ,Al Kabeer,Chicken Burger-Frozen,Breaded,Frozen Burger,400 gm,1,CKBBS,8 BREADED CHICKEN BURGER HOT & SPICY,400 gm x 12 Pkts,BURGERS,100.0,91.14,86.58,exact,17.97,1,auto_high_confidence
5323,20498933,Al Kabeer Breaded Chicken Burgers 400 Gm ,Al Kabeer,Chicken Burger-Frozen,Breaded,Frozen Burger,400 gm,2,CFBJ,JUMBO HOTDOGS,400 Gms x 20 Pkts,SAUSAGES,82.03,41.3,85.5,exact,,0,auto_high_confidence
5323,20498933,Al Kabeer Breaded Chicken Burgers 400 Gm ,Al Kabeer,Chicken Burger-Frozen,Breaded,Frozen Burger,400 gm,3,CBBUR,BEEF BURGERS 56 g.,840 g. x 9,BURGERS,56.83,55.0,85.5,conflict,,0,auto_high_confidence
5323,20498933,Al Kabeer Breaded Chicken Burgers 400 Gm ,Al Kabeer,Chicken Burger-Frozen,Breaded,Frozen Burger,400 gm,4,CBBO,4 BEEF BURGERS,200 Gms x 30 Pkt,BURGERS,56.74,54.76,85.5,conflict,,0,auto_high_confidence
5323,20498933,Al Kabeer Breaded Chicken Burgers 400 Gm ,Al Kabeer,Chicken Burger-Frozen,Breaded,Frozen Burger,400 gm,5,CBBOA,BEEF BURGERS BULK,2 Kgs x 5 Pkts,BURGERS,55.76,51.95,85.5,conflict,,0,auto_high_confidence
5358,20606755,Al Kabeer Chicken Kibbeh 400gm,Al Kabeer,Chicken Kibbeh-Frozen,No Variant,Frozen Kofta / Kibbeh & Meat Balls,400 gm,1,CBK,BEEF KIBBEH 400,400 Gms x 12 Pkts,KOFTA-KIBBEH-FELAFEL,89.68,63.16,85.5,exact,20.69,1,auto_high_confidence
5358,20606755,Al Kabeer Chicken Kibbeh 400gm,Al Kabeer,Chicken Kibbeh-Frozen,No Variant,Frozen Kofta / Kibbeh & Meat Balls,400 gm,2,BVL3,VEAL LEGS 3.6,Asstd. Wt.,MEAT-INDIAN-TRD,68.99,38.33,85.5,,,0,auto_high_confidence
5358,20606755,Al Kabeer Chicken Kibbeh 400gm,Al Kabeer,Chicken Kibbeh-Frozen,No Variant,Frozen Kofta / Kibbeh & Meat Balls,400 gm,3,BC40,BEEF CUBES,2 lb x 20 Pkts,MEAT-INDIAN-TRD,68.52,36.97,85.5,,,0,auto_high_confidence
5358,20606755,Al Kabeer Chicken Kibbeh 400gm,Al Kabeer,Chicken Kibbeh-Frozen,No Variant,Frozen Kofta / Kibbeh & Meat Balls,400 gm,4,BTS,BEEF TOPSIDE ALK,20 KGS,MEAT-INDIAN-TRD,52.41,42.37,85.5,conflict,,0,auto_high_confidence
5358,20606755,Al Kabeer Chicken Kibbeh 400gm,Al Kabeer,Chicken Kibbeh-Frozen,No Variant,Frozen Kofta / Kibbeh & Meat Balls,400 gm,5,CBBOT,TAYEBAT BEEF BURGERS ONION BULK,1 Kgs x 9 Pkts,BURGERS,52.21,41.82,85.5,conflict,,0,auto_high_confidence
5460,20667955,Alkabeer Breaded Chicken Burger/Spicy 400g,Al Kabeer,Chicken Burger-Frozen,Breaded,Frozen Burger,400 gm,1,CKBBS,8 BREADED CHICKEN BURGER HOT & SPICY,400 gm x 12 Pkts,BURGERS,99.72,90.67,86.13,exact,18.92,1,auto_high_confidence
5460,20667955,Alkabeer Breaded Chicken Burger/Spicy 400g,Al Kabeer,Chicken Burger-Frozen,Breaded,Frozen Burger,400 gm,2,CFBJ,JUMBO HOTDOGS,400 Gms x 20 Pkts,SAUSAGES,80.8,37.78,85.5,exact,,0,auto_high_confidence
5460,20667955,Alkabeer Breaded Chicken Burger/Spicy 400g,Al Kabeer,Chicken Burger-Frozen,Breaded,Frozen Burger,400 gm,3,CKCKB,CHICKEN BURGERS 56 g,840 g. x 9,BURGERS,57.84,57.89,85.5,conflict,,0,auto_high_confidence
5460,20667955,Alkabeer Breaded Chicken Burger/Spicy 400g,Al Kabeer,Chicken Burger-Frozen,Breaded,Frozen Burger,400 gm,4,CBBO,4 BEEF BURGERS,200 Gms x 30 Pkt,BURGERS,55.5,51.22,85.5,conflict,,0,auto_high_confidence
5460,20667955,Alkabeer Breaded Chicken Burger/Spicy 400g,Al Kabeer,Chicken Burger-Frozen,Breaded,Frozen Burger,400 gm,5,CBBUR,BEEF BURGERS 56 g.,840 g. x 9,BURGERS,53.73,46.15,85.5,conflict,,0,auto_high_confidence
5496,20779272,Al Kabeer Chicken Kibbeh 400gm ,Al Kabeer,Chicken Kibbeh-Frozen,No Variant,Frozen Kofta / Kibbeh & Meat Balls,400 gm,1,CBK,BEEF KIBBEH 400,400 Gms x 12 Pkts,KOFTA-KIBBEH-FELAFEL,89.68,63.16,85.5,exact,20.69,1,auto_high_confidence
5496,20779272,Al Kabeer Chicken Kibbeh 400gm ,Al Kabeer,Chicken Kibbeh-Frozen,No Variant,Frozen Kofta / Kibbeh & Meat Balls,400 gm,2,BVL3,VEAL LEGS 3.6,Asstd. Wt.,MEAT-INDIAN-TRD,68.99,38.33,85.5,,,0,auto_high_confidence
5496,20779272,Al Kabeer Chicken Kibbeh 400gm ,Al Kabeer,Chicken Kibbeh-Frozen,No Variant,Frozen Kofta / Kibbeh & Meat Balls,400 gm,3,BC40,BEEF CUBES,2 lb x 20 Pkts,MEAT-INDIAN-TRD,68.52,36.97,85.5,,,0,auto_high_confidence
5496,20779272,Al Kabeer Chicken Kibbeh 400gm ,Al Kabeer,Chicken Kibbeh-Frozen,No Variant,Frozen Kofta / Kibbeh & Meat Balls,400 gm,4,BTS,BEEF TOPSIDE ALK,20 KGS,MEAT-INDIAN-TRD,52.41,42.37,85.5,conflict,,0,auto_high_confidence
5496,20779272,Al Kabeer Chicken Kibbeh 400gm ,Al Kabeer,Chicken Kibbeh-Frozen,No Variant,Frozen Kofta / Kibbeh & Meat Balls,400 gm,5,CBBOT,TAYEBAT BEEF BURGERS ONION BULK,1 Kgs x 9 Pkts,BURGERS,52.21,41.82,85.5,conflict,,0,auto_high_confidence
5532,20833411,"Al Kabeer Beef or Chicken Kibbeh, 400 grams",Al Kabeer,Beef Kibbeh-Frozen,No Variant,Frozen Kofta / Kibbeh & Meat Balls,400 gm,1,CBK,BEEF KIBBEH 400,400 Gms x 12 Pkts,KOFTA-KIBBEH-FELAFEL,92.08,70.0,85.5,exact,20.69,1,auto_high_confidence
5532,20833411,"Al Kabeer Beef or Chicken Kibbeh, 400 grams",Al Kabeer,Beef Kibbeh-Frozen,No Variant,Frozen Kofta / Kibbeh & Meat Balls,400 gm,2,BC40,BEEF CUBES,2 lb x 20 Pkts,MEAT-INDIAN-TRD,71.38,45.16,85.5,,,0,auto_high_confidence
5532,20833411,"Al Kabeer Beef or Chicken Kibbeh, 400 grams",Al Kabeer,Beef Kibbeh-Frozen,No Variant,Frozen Kofta / Kibbeh & Meat Balls,400 gm,3,BVL3,VEAL LEGS 3.6,Asstd. Wt.,MEAT-INDIAN-TRD,69.02,38.4,85.5,,,0,auto_high_confidence
5532,20833411,"Al Kabeer Beef or Chicken Kibbeh, 400 grams",Al Kabeer,Beef Kibbeh-Frozen,No Variant,Frozen Kofta / Kibbeh & Meat Balls,400 gm,4,CBBOT,TAYEBAT BEEF BURGERS ONION BULK,1 Kgs x 9 Pkts,BURGERS,55.23,50.43,85.5,conflict,,0,auto_high_confidence
5532,20833411,"Al Kabeer Beef or Chicken Kibbeh, 400 grams",Al Kabeer,Beef Kibbeh-Frozen,No Variant,Frozen Kofta / Kibbeh & Meat Balls,400 gm,5,CBBO,4 BEEF BURGERS,200 Gms x 30 Pkt,BURGERS,54.43,48.15,85.5,conflict,,0,auto_high_confidence
5557,20844286,Al Kabeer Zng Chicken Fillets 465gm,Al Kabeer,Chicken Fillets-Frozen,No Variant,Zing,465 gm,1,CKZF,ZING CHICKEN FILLETS 465,465 Gms x 12 Pkts,FILLETS,88.38,78.95,75.0,exact,13.52,1,auto_high_confidence
5557,20844286,Al Kabeer Zng Chicken Fillets 465gm,Al Kabeer,Chicken Fillets-Frozen,No Variant,Zing,465 gm,2,CFB,BEEF FRANKS,454 Gms x 20 Pkts,SAUSAGES,74.86,40.82,85.5,close,,0,auto_high_confidence
5557,20844286,Al Kabeer Zng Chicken Fillets 465gm,Al Kabeer,Chicken Fillets-Frozen,No Variant,Zing,465 gm,3,CKZSCKNP,Zing Strips Non Spicy + Free Chicken Nuggets Combo Pack,(750 g.+750 g.) x 4,STRIPS,56.62,54.4,85.5,conflict,,0,auto_high_confidence
5557,20844286,Al Kabeer Zng Chicken Fillets 465gm,Al Kabeer,Chicken Fillets-Frozen,No Variant,Zing,465 gm,4,CKSK,SHISH KEBAB,600 Gms x 12 Pkts,KEBAB,54.31,47.83,85.5,conflict,,0,auto_high_confidence
5557,20844286,Al Kabeer Zng Chicken Fillets 465gm,Al Kabeer,Chicken Fillets-Frozen,No Variant,Zing,465 gm,5,CKZFA,ZING CHICKEN FILLETS BULK (5*1 KG),1 Kgs x 5 Pkts,FILLETS,51.31,71.64,68.06,conflict,,0,auto_high_confidence
5563,20846284,Al Kabeer Zng Chicken Fillets 465gm,Al Kabeer,Chicken Fillets-Frozen,No Variant,Zing,465 gm,1,CKZF,ZING CHICKEN FILLETS 465,465 Gms x 12 Pkts,FILLETS,88.38,78.95,75.0,exact,13.52,1,auto_high_confidence
5563,20846284,Al Kabeer Zng Chicken Fillets 465gm,Al Kabeer,Chicken Fillets-Frozen,No Variant,Zing,465 gm,2,CFB,BEEF FRANKS,454 Gms x 20 Pkts,SAUSAGES,74.86,40.82,85.5,close,,0,auto_high_confidence
5563,20846284,Al Kabeer Zng Chicken Fillets 465gm,Al Kabeer,Chicken Fillets-Frozen,No Variant,Zing,465 gm,3,CKZSCKNP,Zing Strips Non Spicy + Free Chicken Nuggets Combo Pack,(750 g.+750 g.) x 4,STRIPS,56.62,54.4,85.5,conflict,,0,auto_high_confidence
5563,20846284,Al Kabeer Zng Chicken Fillets 465gm,Al Kabeer,Chicken Fillets-Frozen,No Variant,Zing,465 gm,4,CKSK,SHISH KEBAB,600 Gms x 12 Pkts,KEBAB,54.31,47.83,85.5,conflict,,0,auto_high_confidence
5563,20846284,Al Kabeer Zng Chicken Fillets 465gm,Al Kabeer,Chicken Fillets-Frozen,No Variant,Zing,465 gm,5,CKZFA,ZING CHICKEN FILLETS BULK (5*1 KG),1 Kgs x 5 Pkts,FILLETS,51.31,71.64,68.06,conflict,,0,auto_high_confidence
5727,21013216,Al Kabeer Chicken Burger 840 gm,Al Kabeer,Chicken Burger-Frozen,Breaded,Frozen Burger,840 gm,1,CKBBADPR,AK PRO Breaded Chicken Burger Bag 840 g. x 8,840 gm x 8,BURGERS,98.0,88.89,84.44,exact,13.44,1,auto_high_confidence
5727,21013216,Al Kabeer Chicken Burger 840 gm,Al Kabeer,Chicken Burger-Frozen,Breaded,Frozen Burger,840 gm,2,CKBBTY,TAYEBAT BREADED CHICKEN BURGERS 840 g. x 8 Pkts,840 g. x 8 Pkts,BURGERS,84.56,75.0,71.25,exact,,0,auto_high_confidence
5727,21013216,Al Kabeer Chicken Burger 840 gm,Al Kabeer,Chicken Burger-Frozen,Breaded,Frozen Burger,840 gm,3,CKBBAD,Breaded Chicken Burger Bag (56 g.),840 g. x 9,BURGERS,68.0,88.89,84.44,conflict,,0,auto_high_confidence
5727,21013216,Al Kabeer Chicken Burger 840 gm,Al Kabeer,Chicken Burger-Frozen,Breaded,Frozen Burger,840 gm,4,CKBBS,8 BREADED CHICKEN BURGER HOT & SPICY,400 gm x 12 Pkts,BURGERS,60.71,81.36,77.29,conflict,,0,auto_high_confidence
5727,21013216,Al Kabeer Chicken Burger 840 gm,Al Kabeer,Chicken Burger-Frozen,Breaded,Frozen Burger,840 gm,5,CKKBJ,JUMBO BREADED CHICKEN BURGER 100G BULK,1000 GM X 6 PKTS,BURGERS,60.71,81.36,77.29,conflict,,0,auto_high_confidence
5766,21018175,Al Kabeer Breaded Chicken Burgers 840 Gm,Al Kabeer,Chicken Burger-Frozen,Breaded,Frozen Burger,840 gm,1,CKBBADPR,AK PRO Breaded Chicken Burger Bag 840 g. x 8,840 gm x 8,BURGERS,100.0,91.14,86.58,exact,29.82,1,auto_high_confidence
5766,21018175,Al Kabeer Breaded Chicken Burgers 840 Gm,Al Kabeer,Chicken Burger-Frozen,Breaded,Frozen Burger,840 gm,2,CKBBAD,Breaded Chicken Burger Bag (56 g.),840 g. x 9,BURGERS,70.18,91.14,86.58,conflict,,0,auto_high_confidence
5766,21018175,Al Kabeer Breaded Chicken Burgers 840 Gm,Al Kabeer,Chicken Burger-Frozen,Breaded,Frozen Burger,840 gm,3,CBBUR,BEEF BURGERS 56 g.,840 g. x 9,BURGERS,57.7,57.5,85.5,conflict,,0,auto_high_confidence
5766,21018175,Al Kabeer Breaded Chicken Burgers 840 Gm,Al Kabeer,Chicken Burger-Frozen,Breaded,Frozen Burger,840 gm,4,CBBO,4 BEEF BURGERS,200 Gms x 30 Pkt,BURGERS,55.91,52.38,85.5,conflict,,0,auto_high_confidence
5766,21018175,Al Kabeer Breaded Chicken Burgers 840 Gm,Al Kabeer,Chicken Burger-Frozen,Breaded,Frozen Burger,840 gm,5,CBBOA,BEEF BURGERS BULK,2 Kgs x 5 Pkts,BURGERS,55.76,51.95,85.5,conflict,,0,auto_high_confidence
5839,21178137,Al Kabeer Breaded Chicken Burgers 400 gm,Al Kabeer,Chicken Burger-Frozen,Breaded,Frozen Burger,400 gm,1,CKBBS,8 BREADED CHICKEN BURGER HOT & SPICY,400 gm x 12 Pkts,BURGERS,100.0,91.14,86.58,exact,17.97,1,auto_high_confidence
5839,21178137,Al Kabeer Breaded Chicken Burgers 400 gm,Al Kabeer,Chicken Burger-Frozen,Breaded,Frozen Burger,400 gm,2,CFBJ,JUMBO HOTDOGS,400 Gms x 20 Pkts,SAUSAGES,82.03,41.3,85.5,exact,,0,auto_high_confidence
5839,21178137,Al Kabeer Breaded Chicken Burgers 400 gm,Al Kabeer,Chicken Burger-Frozen,Breaded,Frozen Burger,400 gm,3,CBBUR,BEEF BURGERS 56 g.,840 g. x 9,BURGERS,56.83,55.0,85.5,conflict,,0,auto_high_confidence
5839,21178137,Al Kabeer Breaded Chicken Burgers 400 gm,Al Kabeer,Chicken Burger-Frozen,Breaded,Frozen Burger,400 gm,4,CBBO,4 BEEF BURGERS,200 Gms x 30 Pkt,BURGERS,56.74,54.76,85.5,conflict,,0,auto_high_confidence
5839,21178137,Al Kabeer Breaded Chicken Burgers 400 gm,Al Kabeer,Chicken Burger-Frozen,Breaded,Frozen Burger,400 gm,5,CBBOA,BEEF BURGERS BULK,2 Kgs x 5 Pkts,BURGERS,55.76,51.95,85.5,conflict,,0,auto_high_confidence
5851,21183728,ALKABEER CHICKEN/BEEF KIBBEH 400GR,Al Kabeer,Beef Kibbeh-Frozen,No Variant,Frozen Kofta / Kibbeh & Meat Balls,400 gm,1,CBK,BEEF KIBBEH 400,400 Gms x 12 Pkts,KOFTA-KIBBEH-FELAFEL,92.08,70.0,85.5,exact,21.26,1,auto_high_confidence
5851,21183728,ALKABEER CHICKEN/BEEF KIBBEH 400GR,Al Kabeer,Beef Kibbeh-Frozen,No Variant,Frozen Kofta / Kibbeh & Meat Balls,400 gm,2,BC40,BEEF CUBES,2 lb x 20 Pkts,MEAT-INDIAN-TRD,70.82,43.55,85.5,,,0,auto_high_confidence
5851,21183728,ALKABEER CHICKEN/BEEF KIBBEH 400GR,Al Kabeer,Beef Kibbeh-Frozen,No Variant,Frozen Kofta / Kibbeh & Meat Balls,400 gm,3,BVL3,VEAL LEGS 3.6,Asstd. Wt.,MEAT-INDIAN-TRD,69.02,38.4,85.5,,,0,auto_high_confidence
5851,21183728,ALKABEER CHICKEN/BEEF KIBBEH 400GR,Al Kabeer,Beef Kibbeh-Frozen,No Variant,Frozen Kofta / Kibbeh & Meat Balls,400 gm,4,CBBOT,TAYEBAT BEEF BURGERS ONION BULK,1 Kgs x 9 Pkts,BURGERS,55.23,50.43,85.5,conflict,,0,auto_high_confidence
5851,21183728,ALKABEER CHICKEN/BEEF KIBBEH 400GR,Al Kabeer,Beef Kibbeh-Frozen,No Variant,Frozen Kofta / Kibbeh & Meat Balls,400 gm,5,BTS,BEEF TOPSIDE ALK,20 KGS,MEAT-INDIAN-TRD,54.65,48.78,85.5,conflict,,0,auto_high_confidence
5852,21183728,ALKABEER CHICKEN/BEEF KIBBEH 400GR,Al Kabeer,Chicken Kibbeh-Frozen,No Variant,Frozen Kofta / Kibbeh & Meat Balls,400 gm,1,CBK,BEEF KIBBEH 400,400 Gms x 12 Pkts,KOFTA-KIBBEH-FELAFEL,92.08,70.0,85.5,exact,21.26,1,auto_high_confidence
5852,21183728,ALKABEER CHICKEN/BEEF KIBBEH 400GR,Al Kabeer,Chicken Kibbeh-Frozen,No Variant,Frozen Kofta / Kibbeh & Meat Balls,400 gm,2,BC40,BEEF CUBES,2 lb x 20 Pkts,MEAT-INDIAN-TRD,70.82,43.55,85.5,,,0,auto_high_confidence
5852,21183728,ALKABEER CHICKEN/BEEF KIBBEH 400GR,Al Kabeer,Chicken Kibbeh-Frozen,No Variant,Frozen Kofta / Kibbeh & Meat Balls,400 gm,3,BVL3,VEAL LEGS 3.6,Asstd. Wt.,MEAT-INDIAN-TRD,69.02,38.4,85.5,,,0,auto_high_confidence
5852,21183728,ALKABEER CHICKEN/BEEF KIBBEH 400GR,Al Kabeer,Chicken Kibbeh-Frozen,No Variant,Frozen Kofta / Kibbeh & Meat Balls,400 gm,4,CBBOT,TAYEBAT BEEF BURGERS ONION BULK,1 Kgs x 9 Pkts,BURGERS,55.23,50.43,85.5,conflict,,0,auto_high_confidence
5852,21183728,ALKABEER CHICKEN/BEEF KIBBEH 400GR,Al Kabeer,Chicken Kibbeh-Frozen,No Variant,Frozen Kofta / Kibbeh & Meat Balls,400 gm,5,BTS,BEEF TOPSIDE ALK,20 KGS,MEAT-INDIAN-TRD,54.65,48.78,85.5,conflict,,0,auto_high_confidence
5904,21200307,Al Kabeer Breaded Chicken Burgers 400 Gm ,Al Kabeer,Chicken Burger-Frozen,Breaded,Frozen Burger,400 gm,1,CKBBS,8 BREADED CHICKEN BURGER HOT & SPICY,400 gm x 12 Pkts,BURGERS,100.0,91.14,86.58,exact,17.97,1,auto_high_confidence
5904,21200307,Al Kabeer Breaded Chicken Burgers 400 Gm ,Al Kabeer,Chicken Burger-Frozen,Breaded,Frozen Burger,400 gm,2,CFBJ,JUMBO HOTDOGS,400 Gms x 20 Pkts,SAUSAGES,82.03,41.3,85.5,exact,,0,auto_high_confidence
5904,21200307,Al Kabeer Breaded Chicken Burgers 400 Gm ,Al Kabeer,Chicken Burger-Frozen,Breaded,Frozen Burger,400 gm,3,CBBUR,BEEF BURGERS 56 g.,840 g. x 9,BURGERS,56.83,55.0,85.5,conflict,,0,auto_high_confidence
5904,21200307,Al Kabeer Breaded Chicken Burgers 400 Gm ,Al Kabeer,Chicken Burger-Frozen,Breaded,Frozen Burger,400 gm,4,CBBO,4 BEEF BURGERS,200 Gms x 30 Pkt,BURGERS,56.74,54.76,85.5,conflict,,0,auto_high_confidence
5904,21200307,Al Kabeer Breaded Chicken Burgers 400 Gm ,Al Kabeer,Chicken Burger-Frozen,Breaded,Frozen Burger,400 gm,5,CBBOA,BEEF BURGERS BULK,2 Kgs x 5 Pkts,BURGERS,55.76,51.95,85.5,conflict,,0,auto_high_confidence
5974,21238290,Al Kabeer Beef Cocktail Sausages 400Gm,Al Kabeer,Sausages-Frozen,No Variant, Frozen Franks & Hotdogs,400 gm,1,CFBJ,JUMBO HOTDOGS,400 Gms x 20 Pkts,SAUSAGES,89.27,61.97,85.5,exact,29.37,1,auto_high_confidence
5974,21238290,Al Kabeer Beef Cocktail Sausages 400Gm,Al Kabeer,Sausages-Frozen,No Variant, Frozen Franks & Hotdogs,400 gm,2,CFB,BEEF FRANKS,454 Gms x 20 Pkts,SAUSAGES,59.89,63.77,85.5,conflict,,0,auto_high_confidence
5974,21238290,Al Kabeer Beef Cocktail Sausages 400Gm,Al Kabeer,Sausages-Frozen,No Variant, Frozen Franks & Hotdogs,400 gm,3,CCSAK,12 CHEESE SAMOSAS,240 Gms x 20 Pkts,SAMOSA,52.16,41.67,85.5,conflict,,0,auto_high_confidence
5974,21238290,Al Kabeer Beef Cocktail Sausages 400Gm,Al Kabeer,Sausages-Frozen,No Variant, Frozen Franks & Hotdogs,400 gm,4,CBBO,4 BEEF BURGERS,200 Gms x 30 Pkt,BURGERS,51.7,40.37,85.5,conflict,,0,auto_high_confidence
5974,21238290,Al Kabeer Beef Cocktail Sausages 400Gm,Al Kabeer,Sausages-Frozen,No Variant, Frozen Franks & Hotdogs,400 gm,5,CBBUR,BEEF BURGERS 56 g.,840 g. x 9,BURGERS,51.58,40.0,85.5,conflict,,0,auto_high_confidence
6037,21376667,Al Kabeer Zing Chicken Strips 320 Gm,Al Kabeer,Chicken Strips-Frozen,Spicy,Zing,320 gm,1,CKZS,ZING CHICKEN STRIPS,320 Gms x 20 Pkts,STRIPS,89.58,79.37,76.61,exact,22.92,1,auto_high_confidence
6037,21376667,Al Kabeer Zing Chicken Strips 320 Gm,Al Kabeer,Chicken Strips-Frozen,Spicy,Zing,320 gm,2,CKZSCKNP,Zing Strips Non Spicy + Free Chicken Nuggets Combo Pack,(750 g.+750 g.) x 4,STRIPS,66.65,83.08,85.5,conflict,,0,auto_high_confidence
6037,21376667,Al Kabeer Zing Chicken Strips 320 Gm,Al Kabeer,Chicken Strips-Frozen,Spicy,Zing,320 gm,3,CKZSDA,ZING CHICKEN STRIPS SPICY 750 GRM,750 GMS X 8 PKT,STRIPS,62.38,83.08,78.92,conflict,,0,auto_high_confidence
6037,21376667,Al Kabeer Zing Chicken Strips 320 Gm,Al Kabeer,Chicken Strips-Frozen,Spicy,Zing,320 gm,4,CKZSNS,ZING CHICKEN STRIPS NON-SPICY,8 X 750 GMS,STRIPS,62.38,83.08,78.92,conflict,,0,auto_high_confidence
6037,21376667,Al Kabeer Zing Chicken Strips 320 Gm,Al Kabeer,Chicken Strips-Frozen,Spicy,Zing,320 gm,5,CZFNSCFHP,Zing Chicken Fillets Non Spicy + Free Chicken Fillets Spicy,750+750 g. x 4,FILLETS,61.71,68.97,85.5,conflict,,0,auto_high_confidence
6046,21378323,Al Kabeer Beef Cocktail Sausages 400 gm,Al Kabeer,Sausages-Frozen,No Variant, Frozen Franks & Hotdogs,400 gm,1,CFBJ,JUMBO HOTDOGS,400 Gms x 20 Pkts,SAUSAGES,89.27,61.97,85.5,exact,29.37,1,auto_high_confidence
6046,21378323,Al Kabeer Beef Cocktail Sausages 400 gm,Al Kabeer,Sausages-Frozen,No Variant, Frozen Franks & Hotdogs,400 gm,2,CFB,BEEF FRANKS,454 Gms x 20 Pkts,SAUSAGES,59.89,63.77,85.5,conflict,,0,auto_high_confidence
6046,21378323,Al Kabeer Beef Cocktail Sausages 400 gm,Al Kabeer,Sausages-Frozen,No Variant, Frozen Franks & Hotdogs,400 gm,3,CBBO,4 BEEF BURGERS,200 Gms x 30 Pkt,BURGERS,52.1,41.51,85.5,conflict,,0,auto_high_confidence
6046,21378323,Al Kabeer Beef Cocktail Sausages 400 gm,Al Kabeer,Sausages-Frozen,No Variant, Frozen Franks & Hotdogs,400 gm,4,CBBUR,BEEF BURGERS 56 g.,840 g. x 9,BURGERS,51.99,41.18,85.5,conflict,,0,auto_high_confidence
6046,21378323,Al Kabeer Beef Cocktail Sausages 400 gm,Al Kabeer,Sausages-Frozen,No Variant, Frozen Franks & Hotdogs,400 gm,5,CCSAK,12 CHEESE SAMOSAS,240 Gms x 20 Pkts,SAMOSA,51.93,41.03,85.5,conflict,,0,auto_high_confidence
6191,21552940,AL KABEER  Zing Chicken Strips Spicy 320 gm,Al Kabeer,Chicken Strips-Frozen,Spicy,Zing,320 gm,1,CKZS,ZING CHICKEN STRIPS,320 Gms x 20 Pkts,STRIPS,88.79,79.37,75.4,exact,22.13,1,auto_high_confidence
6191,21552940,AL KABEER  Zing Chicken Strips Spicy 320 gm,Al Kabeer,Chicken Strips-Frozen,Spicy,Zing,320 gm,2,CKZSCKNP,Zing Strips Non Spicy + Free Chicken Nuggets Combo Pack,(750 g.+750 g.) x 4,STRIPS,66.65,83.08,85.5,conflict,,0,auto_high_confidence
6191,21552940,AL KABEER  Zing Chicken Strips Spicy 320 gm,Al Kabeer,Chicken Strips-Frozen,Spicy,Zing,320 gm,3,CKZSDA,ZING CHICKEN STRIPS SPICY 750 GRM,750 GMS X 8 PKT,STRIPS,62.38,83.08,78.92,conflict,,0,auto_high_confidence
6191,21552940,AL KABEER  Zing Chicken Strips Spicy 320 gm,Al Kabeer,Chicken Strips-Frozen,Spicy,Zing,320 gm,4,CKZSNS,ZING CHICKEN STRIPS NON-SPICY,8 X 750 GMS,STRIPS,62.38,83.08,78.92,conflict,,0,auto_high_confidence
6191,21552940,AL KABEER  Zing Chicken Strips Spicy 320 gm,Al Kabeer,Chicken Strips-Frozen,Spicy,Zing,320 gm,5,CKZSNSAPR,AK PRO Zing Chicken Strips Non Spicy 1 kg x 10,1kg X 10pkts,STRIPS,58.79,79.37,75.4,conflict,,0,auto_high_confidence
6299,21569056,Al Kabeer Beef Cocktail Sausages 400gm,Al Kabeer,Sausages-Frozen,No Variant, Frozen Franks & Hotdogs,400 gm,1,CFBJ,JUMBO HOTDOGS,400 Gms x 20 Pkts,SAUSAGES,89.27,61.97,85.5,exact,29.37,1,auto_high_confidence
6299,21569056,Al Kabeer Beef Cocktail Sausages 400gm,Al Kabeer,Sausages-Frozen,No Variant, Frozen Franks & Hotdogs,400 gm,2,CFB,BEEF FRANKS,454 Gms x 20 Pkts,SAUSAGES,59.89,63.77,85.5,conflict,,0,auto_high_confidence
6299,21569056,Al Kabeer Beef Cocktail Sausages 400gm,Al Kabeer,Sausages-Frozen,No Variant, Frozen Franks & Hotdogs,400 gm,3,CCSAK,12 CHEESE SAMOSAS,240 Gms x 20 Pkts,SAMOSA,52.16,41.67,85.5,conflict,,0,auto_high_confidence
6299,21569056,Al Kabeer Beef Cocktail Sausages 400gm,Al Kabeer,Sausages-Frozen,No Variant, Frozen Franks & Hotdogs,400 gm,4,CBBO,4 BEEF BURGERS,200 Gms x 30 Pkt,BURGERS,51.7,40.37,85.5,conflict,,0,auto_high_confidence
6299,21569056,Al Kabeer Beef Cocktail Sausages 400gm,Al Kabeer,Sausages-Frozen,No Variant, Frozen Franks & Hotdogs,400 gm,5,CBBUR,BEEF BURGERS 56 g.,840 g. x 9,BURGERS,51.58,40.0,85.5,conflict,,0,auto_high_confidence
6474,21749415,Al Kabeer Beef Cocktail Sausages 400Gm,Al Kabeer,Sausages-Frozen,No Variant, Frozen Franks & Hotdogs,400 gm,1,CFBJ,JUMBO HOTDOGS,400 Gms x 20 Pkts,SAUSAGES,89.27,61.97,85.5,exact,29.37,1,auto_high_confidence
6474,21749415,Al Kabeer Beef Cocktail Sausages 400Gm,Al Kabeer,Sausages-Frozen,No Variant, Frozen Franks & Hotdogs,400 gm,2,CFB,BEEF FRANKS,454 Gms x 20 Pkts,SAUSAGES,59.89,63.77,85.5,conflict,,0,auto_high_confidence
6474,21749415,Al Kabeer Beef Cocktail Sausages 400Gm,Al Kabeer,Sausages-Frozen,No Variant, Frozen Franks & Hotdogs,400 gm,3,CCSAK,12 CHEESE SAMOSAS,240 Gms x 20 Pkts,SAMOSA,52.16,41.67,85.5,conflict,,0,auto_high_confidence
6474,21749415,Al Kabeer Beef Cocktail Sausages 400Gm,Al Kabeer,Sausages-Frozen,No Variant, Frozen Franks & Hotdogs,400 gm,4,CBBO,4 BEEF BURGERS,200 Gms x 30 Pkt,BURGERS,51.7,40.37,85.5,conflict,,0,auto_high_confidence
6474,21749415,Al Kabeer Beef Cocktail Sausages 400Gm,Al Kabeer,Sausages-Frozen,No Variant, Frozen Franks & Hotdogs,400 gm,5,CBBUR,BEEF BURGERS 56 g.,840 g. x 9,BURGERS,51.58,40.0,85.5,conflict,,0,auto_high_confidence
6590,21894664,Al Kabeer- Chicken Burger 400gm,Al Kabeer,Chicken Burger-Frozen,Breaded,Frozen Burger,400 gm,1,CKBBS,8 BREADED CHICKEN BURGER HOT & SPICY,400 gm x 12 Pkts,BURGERS,94.09,84.85,80.61,exact,9.24,1,auto_high_confidence
6590,21894664,Al Kabeer- Chicken Burger 400gm,Al Kabeer,Chicken Burger-Frozen,Breaded,Frozen Burger,400 gm,2,CKBB,8 BREADED CHICKEN BURGERS,400 Gms x 12 Pkts,BURGERS,84.85,75.29,71.53,exact,,0,auto_high_confidence
6590,21894664,Al Kabeer- Chicken Burger 400gm,Al Kabeer,Chicken Burger-Frozen,Breaded,Frozen Burger,400 gm,3,CKBBAD,Breaded Chicken Burger Bag (56 g.),840 g. x 9,BURGERS,56.9,77.42,73.55,conflict,,0,auto_high_confidence
6590,21894664,Al Kabeer- Chicken Burger 400gm,Al Kabeer,Chicken Burger-Frozen,Breaded,Frozen Burger,400 gm,4,CKBBADPR,AK PRO Breaded Chicken Burger Bag 840 g. x 8,840 gm x 8,BURGERS,56.9,77.42,73.55,conflict,,0,auto_high_confidence
6590,21894664,Al Kabeer- Chicken Burger 400gm,Al Kabeer,Chicken Burger-Frozen,Breaded,Frozen Burger,400 gm,5,CKKBJ,JUMBO BREADED CHICKEN BURGER 100G BULK,1000 GM X 6 PKTS,BURGERS,56.9,77.42,73.55,conflict,,0,auto_high_confidence
6614,21903278,Al Kabeer Zng Chckn Fillts 465Gm,Al Kabeer,Chicken Fillets-Frozen,No Variant,Zing,465 gm,1,CKZF,ZING CHICKEN FILLETS 465,465 Gms x 12 Pkts,FILLETS,88.38,78.95,75.0,exact,32.55,1,auto_high_confidence
6614,21903278,Al Kabeer Zng Chckn Fillts 465Gm,Al Kabeer,Chicken Fillets-Frozen,No Variant,Zing,465 gm,2,CKZSCKNP,Zing Strips Non Spicy + Free Chicken Nuggets Combo Pack,(750 g.+750 g.) x 4,STRIPS,55.84,52.17,85.5,conflict,,0,auto_high_confidence
6614,21903278,Al Kabeer Zng Chckn Fillts 465Gm,Al Kabeer,Chicken Fillets-Frozen,No Variant,Zing,465 gm,3,CKZFA,ZING CHICKEN FILLETS BULK (5*1 KG),1 Kgs x 5 Pkts,FILLETS,51.31,71.64,68.06,conflict,,0,auto_high_confidence
6614,21903278,Al Kabeer Zng Chckn Fillts 465Gm,Al Kabeer,Chicken Fillets-Frozen,No Variant,Zing,465 gm,4,CKZFBC,Butter Chicken Zing Fillets 700 g. x 8,700 g. x 8,FILLETS,49.99,70.27,66.76,conflict,,0,auto_high_confidence
6614,21903278,Al Kabeer Zng Chckn Fillts 465Gm,Al Kabeer,Chicken Fillets-Frozen,No Variant,Zing,465 gm,5,CKZFDATS,Zing Chicken Fillets Tamiya,750 GMS X 8 PKT,FILLETS,48.63,67.53,66.15,conflict,,0,auto_high_confidence
6619,21903287,Al Kabeer Beef Cocktail Sausages 400Gm,Al Kabeer,Beef Franks-Frozen,No Variant, Frozen Franks & Hotdogs,400 gm,1,CFBJ,JUMBO HOTDOGS,400 Gms x 20 Pkts,SAUSAGES,89.27,61.97,85.5,exact,29.37,1,auto_high_confidence
6619,21903287,Al Kabeer Beef Cocktail Sausages 400Gm,Al Kabeer,Beef Franks-Frozen,No Variant, Frozen Franks & Hotdogs,400 gm,2,CFB,BEEF FRANKS,454 Gms x 20 Pkts,SAUSAGES,59.89,63.77,85.5,conflict,,0,auto_high_confidence
6619,21903287,Al Kabeer Beef Cocktail Sausages 400Gm,Al Kabeer,Beef Franks-Frozen,No Variant, Frozen Franks & Hotdogs,400 gm,3,CCSAK,12 CHEESE SAMOSAS,240 Gms x 20 Pkts,SAMOSA,52.16,41.67,85.5,conflict,,0,auto_high_confidence
6619,21903287,Al Kabeer Beef Cocktail Sausages 400Gm,Al Kabeer,Beef Franks-Frozen,No Variant, Frozen Franks & Hotdogs,400 gm,4,CBBO,4 BEEF BURGERS,200 Gms x 30 Pkt,BURGERS,51.7,40.37,85.5,conflict,,0,auto_high_confidence
6619,21903287,Al Kabeer Beef Cocktail Sausages 400Gm,Al Kabeer,Beef Franks-Frozen,No Variant, Frozen Franks & Hotdogs,400 gm,5,CBBUR,BEEF BURGERS 56 g.,840 g. x 9,BURGERS,51.58,40.0,85.5,conflict,,0,auto_high_confidence
6785,22077544,Al Kabeer Zing Chicken Strips 320 Gm,Al Kabeer,Chicken Strips-Frozen,Spicy,Zing,320 gm,1,CKZS,ZING CHICKEN STRIPS,320 Gms x 20 Pkts,STRIPS,89.58,79.37,76.61,exact,22.92,1,auto_high_confidence
6785,22077544,Al Kabeer Zing Chicken Strips 320 Gm,Al Kabeer,Chicken Strips-Frozen,Spicy,Zing,320 gm,2,CKZSCKNP,Zing Strips Non Spicy + Free Chicken Nuggets Combo Pack,(750 g.+750 g.) x 4,STRIPS,66.65,83.08,85.5,conflict,,0,auto_high_confidence
6785,22077544,Al Kabeer Zing Chicken Strips 320 Gm,Al Kabeer,Chicken Strips-Frozen,Spicy,Zing,320 gm,3,CKZSDA,ZING CHICKEN STRIPS SPICY 750 GRM,750 GMS X 8 PKT,STRIPS,62.38,83.08,78.92,conflict,,0,auto_high_confidence
6785,22077544,Al Kabeer Zing Chicken Strips 320 Gm,Al Kabeer,Chicken Strips-Frozen,Spicy,Zing,320 gm,4,CKZSNS,ZING CHICKEN STRIPS NON-SPICY,8 X 750 GMS,STRIPS,62.38,83.08,78.92,conflict,,0,auto_high_confidence
6785,22077544,Al Kabeer Zing Chicken Strips 320 Gm,Al Kabeer,Chicken Strips-Frozen,Spicy,Zing,320 gm,5,CZFNSCFHP,Zing Chicken Fillets Non Spicy + Free Chicken Fillets Spicy,750+750 g. x 4,FILLETS,61.71,68.97,85.5,conflict,,0,auto_high_confidence
6810,22189944,AL KABEER ZING CHICKEN FILLETS SPICY 465G,Al Kabeer,Chicken Fillets-Frozen,Spicy,Zing,465 gm,1,CKZF,ZING CHICKEN FILLETS 465,465 Gms x 12 Pkts,FILLETS,89.4,80.0,76.0,exact,15.8,1,auto_high_confidence
6810,22189944,AL KABEER ZING CHICKEN FILLETS SPICY 465G,Al Kabeer,Chicken Fillets-Frozen,Spicy,Zing,465 gm,2,CFB,BEEF FRANKS,454 Gms x 20 Pkts,SAUSAGES,73.6,37.21,85.5,close,,0,auto_high_confidence
6810,22189944,AL KABEER ZING CHICKEN FILLETS SPICY 465G,Al Kabeer,Chicken Fillets-Frozen,Spicy,Zing,465 gm,3,CKZFACKNP,Zing Chicken Fillets Spicy + Free Chicken Nuggets,1kg+750 g. x 3,FILLETS,62.87,83.58,79.4,conflict,,0,auto_high_confidence
6810,22189944,AL KABEER ZING CHICKEN FILLETS SPICY 465G,Al Kabeer,Chicken Fillets-Frozen,Spicy,Zing,465 gm,4,CKZFDA,ZING CHICKEN FILLETS SPICY 750 GRM,750 GMS X 8 PKT,FILLETS,62.87,83.58,79.4,conflict,,0,auto_high_confidence
6810,22189944,AL KABEER ZING CHICKEN FILLETS SPICY 465G,Al Kabeer,Chicken Fillets-Frozen,Spicy,Zing,465 gm,5,CKZFNS,ZING CHICKEN FILLET NON-SPICY,8 X 750 GMS,FILLETS,62.87,83.58,79.4,conflict,,0,auto_high_confidence
6873,22211355,Al Kabeer Breaded Chicken Burgers 400G,Al Kabeer,Chicken Burger-Frozen,Breaded,Frozen Burger,400 gm,1,CKBBS,8 BREADED CHICKEN BURGER HOT & SPICY,400 gm x 12 Pkts,BURGERS,100.0,91.14,86.58,exact,17.97,1,auto_high_confidence
6873,22211355,Al Kabeer Breaded Chicken Burgers 400G,Al Kabeer,Chicken Burger-Frozen,Breaded,Frozen Burger,400 gm,2,CFBJ,JUMBO HOTDOGS,400 Gms x 20 Pkts,SAUSAGES,82.03,41.3,85.5,exact,,0,auto_high_confidence
6873,22211355,Al Kabeer Breaded Chicken Burgers 400G,Al Kabeer,Chicken Burger-Frozen,Breaded,Frozen Burger,400 gm,3,CBBUR,BEEF BURGERS 56 g.,840 g. x 9,BURGERS,56.83,55.0,85.5,conflict,,0,auto_high_confidence
6873,22211355,Al Kabeer Breaded Chicken Burgers 400G,Al Kabeer,Chicken Burger-Frozen,Breaded,Frozen Burger,400 gm,4,CBBO,4 BEEF BURGERS,200 Gms x 30 Pkt,BURGERS,56.74,54.76,85.5,conflict,,0,auto_high_confidence
6873,22211355,Al Kabeer Breaded Chicken Burgers 400G,Al Kabeer,Chicken Burger-Frozen,Breaded,Frozen Burger,400 gm,5,CBBOA,BEEF BURGERS BULK,2 Kgs x 5 Pkts,BURGERS,55.76,51.95,85.5,conflict,,0,auto_high_confidence
6876,22211617,Al Kabeer Breaded Fish Fillets ,Al Kabeer,Breaded Fish Fillet,No Variant,Breaded Seafood,1 kg,1,CFBFA,BREADED FISH FILLET BULK,1 Kgs x 5 Pkts,FILLETS,97.05,87.91,83.52,exact,10.45,1,auto_high_confidence
6876,22211617,Al Kabeer Breaded Fish Fillets ,Al Kabeer,Breaded Fish Fillet,No Variant,Breaded Seafood,1 kg,2,FFW1,WHITE FISH FILLET 1KG,1kg X 10 Pkts,FILLETS,86.6,77.11,73.25,exact,,0,auto_high_confidence
6876,22211617,Al Kabeer Breaded Fish Fillets ,Al Kabeer,Breaded Fish Fillet,No Variant,Breaded Seafood,1 kg,3,CMBAKA,MEAT BALLS BULK,1 kg x 6  Pkts,MEAT BALLS,81.04,38.46,85.5,exact,,0,auto_high_confidence
6876,22211617,Al Kabeer Breaded Fish Fillets ,Al Kabeer,Breaded Fish Fillet,No Variant,Breaded Seafood,1 kg,4,CKBCFS,BREADED CHICKEN FILLETS BULK,1 Kgs x 5 Pkts,FILLETS,76.5,66.67,63.33,exact,,0,auto_high_confidence
6876,22211617,Al Kabeer Breaded Fish Fillets ,Al Kabeer,Breaded Fish Fillet,No Variant,Breaded Seafood,1 kg,5,CFSA,FISH STICKS BULK,1 Kgs x 5 Pkts,STICKS & FINGERS,70.64,60.61,57.58,exact,,0,auto_high_confidence
6887,22213077,Al Kabeer Chicken & Cheese Sticks 1Kg,Al Kabeer,Chicken Cheese Stick-Frozen,No Variant,Frozen Barbeque Products,1 kg,1,CCKSB,CHICKEN STICKS BULK,1 Kgs x 5 Pkts,STICKS & FINGERS,91.97,69.7,85.5,exact,9.23,1,auto_high_confidence
6887,22213077,Al Kabeer Chicken & Cheese Sticks 1Kg,Al Kabeer,Chicken Cheese Stick-Frozen,No Variant,Frozen Barbeque Products,1 kg,2,CBBOT,TAYEBAT BEEF BURGERS ONION BULK,1 Kgs x 9 Pkts,BURGERS,82.74,43.33,85.5,exact,,0,auto_high_confidence
6887,22213077,Al Kabeer Chicken & Cheese Sticks 1Kg,Al Kabeer,Chicken Cheese Stick-Frozen,No Variant,Frozen Barbeque Products,1 kg,3,CCSAKPR,A.K PRO CHEESE SAMOSA,4 X 1.2 KGS,SAMOSA,54.01,46.96,85.5,conflict,,0,auto_high_confidence
6887,22213077,Al Kabeer Chicken & Cheese Sticks 1Kg,Al Kabeer,Chicken Cheese Stick-Frozen,No Variant,Frozen Barbeque Products,1 kg,4,CCSAKA,CHEESE SAMOSAS BULK,1.2 Kgs x 4 Pkts,SAMOSA,53.59,45.76,85.5,conflict,,0,auto_high_confidence
6887,22213077,Al Kabeer Chicken & Cheese Sticks 1Kg,Al Kabeer,Chicken Cheese Stick-Frozen,No Variant,Frozen Barbeque Products,1 kg,5,CCSAK,12 CHEESE SAMOSAS,240 Gms x 20 Pkts,SAMOSA,51.69,40.32,85.5,conflict,,0,auto_high_confidence
6930,22217129,Al Kabeer Chicken Kibbeh 400Gm,Al Kabeer,Chicken Kibbeh-Frozen,No Variant,Frozen Kofta / Kibbeh & Meat Balls,400 gm,1,CBK,BEEF KIBBEH 400,400 Gms x 12 Pkts,KOFTA-KIBBEH-FELAFEL,89.68,63.16,85.5,exact,20.69,1,auto_high_confidence
6930,22217129,Al Kabeer Chicken Kibbeh 400Gm,Al Kabeer,Chicken Kibbeh-Frozen,No Variant,Frozen Kofta / Kibbeh & Meat Balls,400 gm,2,BVL3,VEAL LEGS 3.6,Asstd. Wt.,MEAT-INDIAN-TRD,68.99,38.33,85.5,,,0,auto_high_confidence
6930,22217129,Al Kabeer Chicken Kibbeh 400Gm,Al Kabeer,Chicken Kibbeh-Frozen,No Variant,Frozen Kofta / Kibbeh & Meat Balls,400 gm,3,BC40,BEEF CUBES,2 lb x 20 Pkts,MEAT-INDIAN-TRD,68.52,36.97,85.5,,,0,auto_high_confidence
6930,22217129,Al Kabeer Chicken Kibbeh 400Gm,Al Kabeer,Chicken Kibbeh-Frozen,No Variant,Frozen Kofta / Kibbeh & Meat Balls,400 gm,4,BTS,BEEF TOPSIDE ALK,20 KGS,MEAT-INDIAN-TRD,52.41,42.37,85.5,conflict,,0,auto_high_confidence
6930,22217129,Al Kabeer Chicken Kibbeh 400Gm,Al Kabeer,Chicken Kibbeh-Frozen,No Variant,Frozen Kofta / Kibbeh & Meat Balls,400 gm,5,CBBOT,TAYEBAT BEEF BURGERS ONION BULK,1 Kgs x 9 Pkts,BURGERS,52.21,41.82,85.5,conflict,,0,auto_high_confidence
6989,22386474,Al Kabeer Zing Chicken Fillets 465g,Al Kabeer,Chicken Fillets-Frozen,Spicy,Zing,465 gm,1,CKZF,ZING CHICKEN FILLETS 465,465 Gms x 12 Pkts,FILLETS,89.59,80.0,76.29,exact,22.76,1,auto_high_confidence
6989,22386474,Al Kabeer Zing Chicken Fillets 465g,Al Kabeer,Chicken Fillets-Frozen,Spicy,Zing,465 gm,2,CZFNSCFHP,Zing Chicken Fillets Non Spicy + Free Chicken Fillets Spicy,750+750 g. x 4,FILLETS,66.83,83.58,85.5,conflict,,0,auto_high_confidence
6989,22386474,Al Kabeer Zing Chicken Fillets 465g,Al Kabeer,Chicken Fillets-Frozen,Spicy,Zing,465 gm,3,CKZFACKNP,Zing Chicken Fillets Spicy + Free Chicken Nuggets,1kg+750 g. x 3,FILLETS,62.87,83.58,79.4,conflict,,0,auto_high_confidence
6989,22386474,Al Kabeer Zing Chicken Fillets 465g,Al Kabeer,Chicken Fillets-Frozen,Spicy,Zing,465 gm,4,CKZFDA,ZING CHICKEN FILLETS SPICY 750 GRM,750 GMS X 8 PKT,FILLETS,62.87,83.58,79.4,conflict,,0,auto_high_confidence
6989,22386474,Al Kabeer Zing Chicken Fillets 465g,Al Kabeer,Chicken Fillets-Frozen,Spicy,Zing,465 gm,5,CKZFNS,ZING CHICKEN FILLET NON-SPICY,8 X 750 GMS,FILLETS,62.87,83.58,79.4,conflict,,0,auto_high_confidence
7124,22551101,ALKABEER ZING CHICKEN FILLETS 465GR,Al Kabeer,Chicken Fillets-Frozen,Spicy,Zing,465 gm,1,CKZF,ZING CHICKEN FILLETS 465,465 Gms x 12 Pkts,FILLETS,88.91,76.47,77.14,exact,28.75,1,auto_high_confidence
7124,22551101,ALKABEER ZING CHICKEN FILLETS 465GR,Al Kabeer,Chicken Fillets-Frozen,Spicy,Zing,465 gm,2,CKZSCKNP,Zing Strips Non Spicy + Free Chicken Nuggets Combo Pack,(750 g.+750 g.) x 4,STRIPS,60.16,64.52,85.5,conflict,,0,auto_high_confidence
7124,22551101,ALKABEER ZING CHICKEN FILLETS 465GR,Al Kabeer,Chicken Fillets-Frozen,Spicy,Zing,465 gm,3,CKZFACKNP,Zing Chicken Fillets Spicy + Free Chicken Nuggets,1kg+750 g. x 3,FILLETS,59.4,80.0,76.0,conflict,,0,auto_high_confidence
7124,22551101,ALKABEER ZING CHICKEN FILLETS 465GR,Al Kabeer,Chicken Fillets-Frozen,Spicy,Zing,465 gm,4,CKZFDA,ZING CHICKEN FILLETS SPICY 750 GRM,750 GMS X 8 PKT,FILLETS,59.4,80.0,76.0,conflict,,0,auto_high_confidence
7124,22551101,ALKABEER ZING CHICKEN FILLETS 465GR,Al Kabeer,Chicken Fillets-Frozen,Spicy,Zing,465 gm,5,CKZFNS,ZING CHICKEN FILLET NON-SPICY,8 X 750 GMS,FILLETS,59.4,80.0,76.0,conflict,,0,auto_high_confidence
7143,22566509,Al Kabeer 8 Chicken/Beef Seekh Kebabs 320gm,Al Kabeer,Seekh Kabab-Frozen,No Variant,Frozen Kabab ,320 gm,1,CKBS,8 BEEF SEEKH KEBAB,320 Gms x 24 Pkts,KEBAB,88.24,59.05,85.5,exact,34.73,1,auto_high_confidence
7143,22566509,Al Kabeer 8 Chicken/Beef Seekh Kebabs 320gm,Al Kabeer,Seekh Kabab-Frozen,No Variant,Frozen Kabab ,320 gm,2,CBBO,4 BEEF BURGERS,200 Gms x 30 Pkt,BURGERS,53.52,45.54,85.5,conflict,,0,auto_high_confidence
7143,22566509,Al Kabeer 8 Chicken/Beef Seekh Kebabs 320gm,Al Kabeer,Seekh Kabab-Frozen,No Variant,Frozen Kabab ,320 gm,3,CBBO24,24 BEEF BURGERS,1.2 Kgs x 8 Pkts,BURGERS,53.36,45.1,85.5,conflict,,0,auto_high_confidence
7143,22566509,Al Kabeer 8 Chicken/Beef Seekh Kebabs 320gm,Al Kabeer,Seekh Kabab-Frozen,No Variant,Frozen Kabab ,320 gm,4,CFB,BEEF FRANKS,454 Gms x 20 Pkts,SAUSAGES,53.28,44.86,85.5,conflict,,0,auto_high_confidence
7143,22566509,Al Kabeer 8 Chicken/Beef Seekh Kebabs 320gm,Al Kabeer,Seekh Kabab-Frozen,No Variant,Frozen Kabab ,320 gm,5,CBBOA,BEEF BURGERS BULK,2 Kgs x 5 Pkts,BURGERS,52.47,42.55,85.5,conflict,,0,auto_high_confidence
7366,22849571,Al Kabeer Chicken and Cheese Sticks 1 kg,Al Kabeer,Chicken Cheese Stick-Frozen,No Variant,Frozen Barbeque Products,1 kg,1,CCKSB,CHICKEN STICKS BULK,1 Kgs x 5 Pkts,STICKS & FINGERS,91.97,69.7,85.5,exact,9.23,1,auto_high_confidence
7366,22849571,Al Kabeer Chicken and Cheese Sticks 1 kg,Al Kabeer,Chicken Cheese Stick-Frozen,No Variant,Frozen Barbeque Products,1 kg,2,CBBOT,TAYEBAT BEEF BURGERS ONION BULK,1 Kgs x 9 Pkts,BURGERS,82.74,43.33,85.5,exact,,0,auto_high_confidence
7366,22849571,Al Kabeer Chicken and Cheese Sticks 1 kg,Al Kabeer,Chicken Cheese Stick-Frozen,No Variant,Frozen Barbeque Products,1 kg,3,CCSAKPR,A.K PRO CHEESE SAMOSA,4 X 1.2 KGS,SAMOSA,54.01,46.96,85.5,conflict,,0,auto_high_confidence
7366,22849571,Al Kabeer Chicken and Cheese Sticks 1 kg,Al Kabeer,Chicken Cheese Stick-Frozen,No Variant,Frozen Barbeque Products,1 kg,4,CCSAKA,CHEESE SAMOSAS BULK,1.2 Kgs x 4 Pkts,SAMOSA,53.59,45.76,85.5,conflict,,0,auto_high_confidence
7366,22849571,Al Kabeer Chicken and Cheese Sticks 1 kg,Al Kabeer,Chicken Cheese Stick-Frozen,No Variant,Frozen Barbeque Products,1 kg,5,CCSAK,12 CHEESE SAMOSAS,240 Gms x 20 Pkts,SAMOSA,51.69,40.32,85.5,conflict,,0,auto_high_confidence
7427,22894750,Al Kabeer Lamb / Chicken Kibbeh (400g),Al Kabeer,Lamb Kibbeh-Frozen,No Variant,Frozen Kofta / Kibbeh & Meat Balls,400 gm,1,CBK,BEEF KIBBEH 400,400 Gms x 12 Pkts,KOFTA-KIBBEH-FELAFEL,89.3,62.07,85.5,exact,19.26,1,auto_high_confidence
7427,22894750,Al Kabeer Lamb / Chicken Kibbeh (400g),Al Kabeer,Lamb Kibbeh-Frozen,No Variant,Frozen Kofta / Kibbeh & Meat Balls,400 gm,2,BC40,BEEF CUBES,2 lb x 20 Pkts,MEAT-INDIAN-TRD,70.04,41.32,85.5,,,0,auto_high_confidence
7427,22894750,Al Kabeer Lamb / Chicken Kibbeh (400g),Al Kabeer,Lamb Kibbeh-Frozen,No Variant,Frozen Kofta / Kibbeh & Meat Balls,400 gm,3,BVL3,VEAL LEGS 3.6,Asstd. Wt.,MEAT-INDIAN-TRD,69.35,39.34,85.5,,,0,auto_high_confidence
7427,22894750,Al Kabeer Lamb / Chicken Kibbeh (400g),Al Kabeer,Lamb Kibbeh-Frozen,No Variant,Frozen Kofta / Kibbeh & Meat Balls,400 gm,4,CBBO,4 BEEF BURGERS,200 Gms x 30 Pkt,BURGERS,52.24,41.9,85.5,conflict,,0,auto_high_confidence
7427,22894750,Al Kabeer Lamb / Chicken Kibbeh (400g),Al Kabeer,Lamb Kibbeh-Frozen,No Variant,Frozen Kofta / Kibbeh & Meat Balls,400 gm,5,BTS,BEEF TOPSIDE ALK,20 KGS,MEAT-INDIAN-TRD,52.16,41.67,85.5,conflict,,0,auto_high_confidence
7428,22894750,Al Kabeer Lamb / Chicken Kibbeh (400g),Al Kabeer,Chicken Kibbeh-Frozen,No Variant,Frozen Kofta / Kibbeh & Meat Balls,400 gm,1,CBK,BEEF KIBBEH 400,400 Gms x 12 Pkts,KOFTA-KIBBEH-FELAFEL,89.3,62.07,85.5,exact,19.26,1,auto_high_confidence
7428,22894750,Al Kabeer Lamb / Chicken Kibbeh (400g),Al Kabeer,Chicken Kibbeh-Frozen,No Variant,Frozen Kofta / Kibbeh & Meat Balls,400 gm,2,BC40,BEEF CUBES,2 lb x 20 Pkts,MEAT-INDIAN-TRD,70.04,41.32,85.5,,,0,auto_high_confidence
7428,22894750,Al Kabeer Lamb / Chicken Kibbeh (400g),Al Kabeer,Chicken Kibbeh-Frozen,No Variant,Frozen Kofta / Kibbeh & Meat Balls,400 gm,3,BVL3,VEAL LEGS 3.6,Asstd. Wt.,MEAT-INDIAN-TRD,69.35,39.34,85.5,,,0,auto_high_confidence
7428,22894750,Al Kabeer Lamb / Chicken Kibbeh (400g),Al Kabeer,Chicken Kibbeh-Frozen,No Variant,Frozen Kofta / Kibbeh & Meat Balls,400 gm,4,CBBO,4 BEEF BURGERS,200 Gms x 30 Pkt,BURGERS,52.24,41.9,85.5,conflict,,0,auto_high_confidence
7428,22894750,Al Kabeer Lamb / Chicken Kibbeh (400g),Al Kabeer,Chicken Kibbeh-Frozen,No Variant,Frozen Kofta / Kibbeh & Meat Balls,400 gm,5,BTS,BEEF TOPSIDE ALK,20 KGS,MEAT-INDIAN-TRD,52.16,41.67,85.5,conflict,,0,auto_high_confidence
7447,22903763,Al Kabeer Breaded Chicken Burgers 400G,Al Kabeer,Chicken Burger-Frozen,Breaded,Frozen Burger,400 gm,1,CKBBS,8 BREADED CHICKEN BURGER HOT & SPICY,400 gm x 12 Pkts,BURGERS,100.0,91.14,86.58,exact,17.97,1,auto_high_confidence
7447,22903763,Al Kabeer Breaded Chicken Burgers 400G,Al Kabeer,Chicken Burger-Frozen,Breaded,Frozen Burger,400 gm,2,CFBJ,JUMBO HOTDOGS,400 Gms x 20 Pkts,SAUSAGES,82.03,41.3,85.5,exact,,0,auto_high_confidence
7447,22903763,Al Kabeer Breaded Chicken Burgers 400G,Al Kabeer,Chicken Burger-Frozen,Breaded,Frozen Burger,400 gm,3,CBBUR,BEEF BURGERS 56 g.,840 g. x 9,BURGERS,56.83,55.0,85.5,conflict,,0,auto_high_confidence
7447,22903763,Al Kabeer Breaded Chicken Burgers 400G,Al Kabeer,Chicken Burger-Frozen,Breaded,Frozen Burger,400 gm,4,CBBO,4 BEEF BURGERS,200 Gms x 30 Pkt,BURGERS,56.74,54.76,85.5,conflict,,0,auto_high_confidence
7447,22903763,Al Kabeer Breaded Chicken Burgers 400G,Al Kabeer,Chicken Burger-Frozen,Breaded,Frozen Burger,400 gm,5,CBBOA,BEEF BURGERS BULK,2 Kgs x 5 Pkts,BURGERS,55.76,51.95,85.5,conflict,,0,auto_high_confidence
7492,22923352,AL KABEER CHICKEN KIBBEH 400GM,Al Kabeer,Chicken Kibbeh-Frozen,No Variant,Frozen Kofta / Kibbeh & Meat Balls,400 gm,1,CBK,BEEF KIBBEH 400,400 Gms x 12 Pkts,KOFTA-KIBBEH-FELAFEL,89.68,63.16,85.5,exact,20.69,1,auto_high_confidence
7492,22923352,AL KABEER CHICKEN KIBBEH 400GM,Al Kabeer,Chicken Kibbeh-Frozen,No Variant,Frozen Kofta / Kibbeh & Meat Balls,400 gm,2,BVL3,VEAL LEGS 3.6,Asstd. Wt.,MEAT-INDIAN-TRD,68.99,38.33,85.5,,,0,auto_high_confidence
7492,22923352,AL KABEER CHICKEN KIBBEH 400GM,Al Kabeer,Chicken Kibbeh-Frozen,No Variant,Frozen Kofta / Kibbeh & Meat Balls,400 gm,3,BC40,BEEF CUBES,2 lb x 20 Pkts,MEAT-INDIAN-TRD,68.52,36.97,85.5,,,0,auto_high_confidence
7492,22923352,AL KABEER CHICKEN KIBBEH 400GM,Al Kabeer,Chicken Kibbeh-Frozen,No Variant,Frozen Kofta / Kibbeh & Meat Balls,400 gm,4,BTS,BEEF TOPSIDE ALK,20 KGS,MEAT-INDIAN-TRD,52.41,42.37,85.5,conflict,,0,auto_high_confidence
7492,22923352,AL KABEER CHICKEN KIBBEH 400GM,Al Kabeer,Chicken Kibbeh-Frozen,No Variant,Frozen Kofta / Kibbeh & Meat Balls,400 gm,5,CBBOT,TAYEBAT BEEF BURGERS ONION BULK,1 Kgs x 9 Pkts,BURGERS,52.21,41.82,85.5,conflict,,0,auto_high_confidence
7635,23163824,Al Kabeer Kiri Cheese Samosas 12 pcs 240 gm,Al Kabeer,Samosa-Frozen,Other-Veg,"Frozen Pizzas, Wraps, Sandwiches",240 gm,1,CCSAK,12 CHEESE SAMOSAS,240 Gms x 20 Pkts,SAMOSA,94.75,77.65,85.5,exact,33.18,1,auto_high_confidence
7635,23163824,Al Kabeer Kiri Cheese Samosas 12 pcs 240 gm,Al Kabeer,Samosa-Frozen,Other-Veg,"Frozen Pizzas, Wraps, Sandwiches",240 gm,2,CCSAKA,CHEESE SAMOSAS BULK,1.2 Kgs x 4 Pkts,SAMOSA,61.58,68.57,85.5,conflict,,0,auto_high_confidence
7635,23163824,Al Kabeer Kiri Cheese Samosas 12 pcs 240 gm,Al Kabeer,Samosa-Frozen,Other-Veg,"Frozen Pizzas, Wraps, Sandwiches",240 gm,3,CCSAKPR,A.K PRO CHEESE SAMOSA,4 X 1.2 KGS,SAMOSA,54.21,47.54,85.5,conflict,,0,auto_high_confidence
7635,23163824,Al Kabeer Kiri Cheese Samosas 12 pcs 240 gm,Al Kabeer,Samosa-Frozen,Other-Veg,"Frozen Pizzas, Wraps, Sandwiches",240 gm,4,CCCB,CHICKEN BIRYANI 400,400 Gms x 12 Pkts,READY2EAT,52.34,42.19,85.5,conflict,,0,auto_high_confidence
7635,23163824,Al Kabeer Kiri Cheese Samosas 12 pcs 240 gm,Al Kabeer,Samosa-Frozen,Other-Veg,"Frozen Pizzas, Wraps, Sandwiches",240 gm,5,CBBO24,24 BEEF BURGERS,1.2 Kgs x 8 Pkts,BURGERS,52.04,41.32,85.5,conflict,,0,auto_high_confidence
7640,23164226,Al Kabeer Kiri Cheese Samosas 12 pcs 240 gm,Al Kabeer,Samosa-Frozen,Other-Veg,"Frozen Pizzas, Wraps, Sandwiches",240 gm,1,CCSAK,12 CHEESE SAMOSAS,240 Gms x 20 Pkts,SAMOSA,94.75,77.65,85.5,exact,33.18,1,auto_high_confidence
7640,23164226,Al Kabeer Kiri Cheese Samosas 12 pcs 240 gm,Al Kabeer,Samosa-Frozen,Other-Veg,"Frozen Pizzas, Wraps, Sandwiches",240 gm,2,CCSAKA,CHEESE SAMOSAS BULK,1.2 Kgs x 4 Pkts,SAMOSA,61.58,68.57,85.5,conflict,,0,auto_high_confidence
7640,23164226,Al Kabeer Kiri Cheese Samosas 12 pcs 240 gm,Al Kabeer,Samosa-Frozen,Other-Veg,"Frozen Pizzas, Wraps, Sandwiches",240 gm,3,CCSAKPR,A.K PRO CHEESE SAMOSA,4 X 1.2 KGS,SAMOSA,54.21,47.54,85.5,conflict,,0,auto_high_confidence
7640,23164226,Al Kabeer Kiri Cheese Samosas 12 pcs 240 gm,Al Kabeer,Samosa-Frozen,Other-Veg,"Frozen Pizzas, Wraps, Sandwiches",240 gm,4,CCCB,CHICKEN BIRYANI 400,400 Gms x 12 Pkts,READY2EAT,52.34,42.19,85.5,conflict,,0,auto_high_confidence
7640,23164226,Al Kabeer Kiri Cheese Samosas 12 pcs 240 gm,Al Kabeer,Samosa-Frozen,Other-Veg,"Frozen Pizzas, Wraps, Sandwiches",240 gm,5,CBBO24,24 BEEF BURGERS,1.2 Kgs x 8 Pkts,BURGERS,52.04,41.32,85.5,conflict,,0,auto_high_confidence
7857,23453840,Al kabeer Zing Chicken Strips 320g,Al Kabeer,Chicken Strips-Frozen,Spicy,Zing,320 gm,1,CKZS,ZING CHICKEN STRIPS,320 Gms x 20 Pkts,STRIPS,89.58,79.37,76.61,exact,22.92,1,auto_high_confidence
7857,23453840,Al kabeer Zing Chicken Strips 320g,Al Kabeer,Chicken Strips-Frozen,Spicy,Zing,320 gm,2,CKZSCKNP,Zing Strips Non Spicy + Free Chicken Nuggets Combo Pack,(750 g.+750 g.) x 4,STRIPS,66.65,83.08,85.5,conflict,,0,auto_high_confidence
7857,23453840,Al kabeer Zing Chicken Strips 320g,Al Kabeer,Chicken Strips-Frozen,Spicy,Zing,320 gm,3,CKZSDA,ZING CHICKEN STRIPS SPICY 750 GRM,750 GMS X 8 PKT,STRIPS,62.38,83.08,78.92,conflict,,0,auto_high_confidence
7857,23453840,Al kabeer Zing Chicken Strips 320g,Al Kabeer,Chicken Strips-Frozen,Spicy,Zing,320 gm,4,CKZSNS,ZING CHICKEN STRIPS NON-SPICY,8 X 750 GMS,STRIPS,62.38,83.08,78.92,conflict,,0,auto_high_confidence
7857,23453840,Al kabeer Zing Chicken Strips 320g,Al Kabeer,Chicken Strips-Frozen,Spicy,Zing,320 gm,5,CZFNSCFHP,Zing Chicken Fillets Non Spicy + Free Chicken Fillets Spicy,750+750 g. x 4,FILLETS,61.71,68.97,85.5,conflict,,0,auto_high_confidence
7861,23460107,Al Kabeer Breaded Chicken Burgers 400G,Al Kabeer,Chicken Burger-Frozen,Breaded,Frozen Burger,400 gm,1,CKBBS,8 BREADED CHICKEN BURGER HOT & SPICY,400 gm x 12 Pkts,BURGERS,100.0,91.14,86.58,exact,17.97,1,auto_high_confidence
7861,23460107,Al Kabeer Breaded Chicken Burgers 400G,Al Kabeer,Chicken Burger-Frozen,Breaded,Frozen Burger,400 gm,2,CFBJ,JUMBO HOTDOGS,400 Gms x 20 Pkts,SAUSAGES,82.03,41.3,85.5,exact,,0,auto_high_confidence
7861,23460107,Al Kabeer Breaded Chicken Burgers 400G,Al Kabeer,Chicken Burger-Frozen,Breaded,Frozen Burger,400 gm,3,CBBUR,BEEF BURGERS 56 g.,840 g. x 9,BURGERS,56.83,55.0,85.5,conflict,,0,auto_high_confidence
7861,23460107,Al Kabeer Breaded Chicken Burgers 400G,Al Kabeer,Chicken Burger-Frozen,Breaded,Frozen Burger,400 gm,4,CBBO,4 BEEF BURGERS,200 Gms x 30 Pkt,BURGERS,56.74,54.76,85.5,conflict,,0,auto_high_confidence
7861,23460107,Al Kabeer Breaded Chicken Burgers 400G,Al Kabeer,Chicken Burger-Frozen,Breaded,Frozen Burger,400 gm,5,CBBOA,BEEF BURGERS BULK,2 Kgs x 5 Pkts,BURGERS,55.76,51.95,85.5,conflict,,0,auto_high_confidence
7960,23609188,Al Kabeer Zing Chicken Nuggets Spicy 270 gm,Al Kabeer,Chicken Nuggets-Frozen,Spicy,Zing,270 gm,1,CKZN,ZING CHICKEN NUGGETS REGULAR,270 Gms x 20 Pkts,NUGGETS,89.4,80.0,76.0,exact,22.57,1,auto_high_confidence
7960,23609188,Al Kabeer Zing Chicken Nuggets Spicy 270 gm,Al Kabeer,Chicken Nuggets-Frozen,Spicy,Zing,270 gm,2,CKZSCKNP,Zing Strips Non Spicy + Free Chicken Nuggets Combo Pack,(750 g.+750 g.) x 4,STRIPS,66.83,83.58,85.5,conflict,,0,auto_high_confidence
7960,23609188,Al Kabeer Zing Chicken Nuggets Spicy 270 gm,Al Kabeer,Chicken Nuggets-Frozen,Spicy,Zing,270 gm,3,CKZFACKNP,Zing Chicken Fillets Spicy + Free Chicken Nuggets,1kg+750 g. x 3,FILLETS,62.87,83.58,79.4,conflict,,0,auto_high_confidence
7960,23609188,Al Kabeer Zing Chicken Nuggets Spicy 270 gm,Al Kabeer,Chicken Nuggets-Frozen,Spicy,Zing,270 gm,4,CKZNNS,ZING CHICKEN NUGGET NON-SPICY,8 X 750 GMS,NUGGETS,62.87,83.58,79.4,conflict,,0,auto_high_confidence
7960,23609188,Al Kabeer Zing Chicken Nuggets Spicy 270 gm,Al Kabeer,Chicken Nuggets-Frozen,Spicy,Zing,270 gm,5,CKSK,SHISH KEBAB,600 Gms x 12 Pkts,KEBAB,55.08,50.0,85.5,conflict,,0,auto_high_confidence
7961,23609190,Al Kabeer Zing Chicken Strips 320 gm,Al Kabeer,Chicken Strips-Frozen,Spicy,Zing,320 gm,1,CKZS,ZING CHICKEN STRIPS,320 Gms x 20 Pkts,STRIPS,89.58,79.37,76.61,exact,22.92,1,auto_high_confidence
7961,23609190,Al Kabeer Zing Chicken Strips 320 gm,Al Kabeer,Chicken Strips-Frozen,Spicy,Zing,320 gm,2,CKZSCKNP,Zing Strips Non Spicy + Free Chicken Nuggets Combo Pack,(750 g.+750 g.) x 4,STRIPS,66.65,83.08,85.5,conflict,,0,auto_high_confidence
7961,23609190,Al Kabeer Zing Chicken Strips 320 gm,Al Kabeer,Chicken Strips-Frozen,Spicy,Zing,320 gm,3,CKZSDA,ZING CHICKEN STRIPS SPICY 750 GRM,750 GMS X 8 PKT,STRIPS,62.38,83.08,78.92,conflict,,0,auto_high_confidence
7961,23609190,Al Kabeer Zing Chicken Strips 320 gm,Al Kabeer,Chicken Strips-Frozen,Spicy,Zing,320 gm,4,CKZSNS,ZING CHICKEN STRIPS NON-SPICY,8 X 750 GMS,STRIPS,62.38,83.08,78.92,conflict,,0,auto_high_confidence
7961,23609190,Al Kabeer Zing Chicken Strips 320 gm,Al Kabeer,Chicken Strips-Frozen,Spicy,Zing,320 gm,5,CZFNSCFHP,Zing Chicken Fillets Non Spicy + Free Chicken Fillets Spicy,750+750 g. x 4,FILLETS,61.71,68.97,85.5,conflict,,0,auto_high_confidence
8000,23632567,Alkabeer Breaded Chicken Burger/Spicy 400 gm,Al Kabeer,Chicken Burger-Frozen,Breaded,Frozen Burger,400 gm,1,CKBBS,8 BREADED CHICKEN BURGER HOT & SPICY,400 gm x 12 Pkts,BURGERS,99.72,90.67,86.13,exact,18.92,1,auto_high_confidence
8000,23632567,Alkabeer Breaded Chicken Burger/Spicy 400 gm,Al Kabeer,Chicken Burger-Frozen,Breaded,Frozen Burger,400 gm,2,CFBJ,JUMBO HOTDOGS,400 Gms x 20 Pkts,SAUSAGES,80.8,37.78,85.5,exact,,0,auto_high_confidence
8000,23632567,Alkabeer Breaded Chicken Burger/Spicy 400 gm,Al Kabeer,Chicken Burger-Frozen,Breaded,Frozen Burger,400 gm,3,CKCKB,CHICKEN BURGERS 56 g,840 g. x 9,BURGERS,57.84,57.89,85.5,conflict,,0,auto_high_confidence
8000,23632567,Alkabeer Breaded Chicken Burger/Spicy 400 gm,Al Kabeer,Chicken Burger-Frozen,Breaded,Frozen Burger,400 gm,4,CBBO,4 BEEF BURGERS,200 Gms x 30 Pkt,BURGERS,55.5,51.22,85.5,conflict,,0,auto_high_confidence
8000,23632567,Alkabeer Breaded Chicken Burger/Spicy 400 gm,Al Kabeer,Chicken Burger-Frozen,Breaded,Frozen Burger,400 gm,5,CBBUR,BEEF BURGERS 56 g.,840 g. x 9,BURGERS,53.73,46.15,85.5,conflict,,0,auto_high_confidence
8011,23638121,Al Kabeer Chicken Kibbeh 400Gm,Al Kabeer,Chicken Kibbeh-Frozen,No Variant,Frozen Kofta / Kibbeh & Meat Balls,400 gm,1,CBK,BEEF KIBBEH 400,400 Gms x 12 Pkts,KOFTA-KIBBEH-FELAFEL,89.68,63.16,85.5,exact,20.69,1,auto_high_confidence
8011,23638121,Al Kabeer Chicken Kibbeh 400Gm,Al Kabeer,Chicken Kibbeh-Frozen,No Variant,Frozen Kofta / Kibbeh & Meat Balls,400 gm,2,BVL3,VEAL LEGS 3.6,Asstd. Wt.,MEAT-INDIAN-TRD,68.99,38.33,85.5,,,0,auto_high_confidence
8011,23638121,Al Kabeer Chicken Kibbeh 400Gm,Al Kabeer,Chicken Kibbeh-Frozen,No Variant,Frozen Kofta / Kibbeh & Meat Balls,400 gm,3,BC40,BEEF CUBES,2 lb x 20 Pkts,MEAT-INDIAN-TRD,68.52,36.97,85.5,,,0,auto_high_confidence
8011,23638121,Al Kabeer Chicken Kibbeh 400Gm,Al Kabeer,Chicken Kibbeh-Frozen,No Variant,Frozen Kofta / Kibbeh & Meat Balls,400 gm,4,BTS,BEEF TOPSIDE ALK,20 KGS,MEAT-INDIAN-TRD,52.41,42.37,85.5,conflict,,0,auto_high_confidence
8011,23638121,Al Kabeer Chicken Kibbeh 400Gm,Al Kabeer,Chicken Kibbeh-Frozen,No Variant,Frozen Kofta / Kibbeh & Meat Balls,400 gm,5,CBBOT,TAYEBAT BEEF BURGERS ONION BULK,1 Kgs x 9 Pkts,BURGERS,52.21,41.82,85.5,conflict,,0,auto_high_confidence
8110,23811994,Alkabeer Breaded Chicken Burger/Spicy 400 gm,Al Kabeer,Chicken Burger-Frozen,Breaded,Frozen Burger,400 gm,1,CKBBS,8 BREADED CHICKEN BURGER HOT & SPICY,400 gm x 12 Pkts,BURGERS,99.72,90.67,86.13,exact,18.92,1,auto_high_confidence
8110,23811994,Alkabeer Breaded Chicken Burger/Spicy 400 gm,Al Kabeer,Chicken Burger-Frozen,Breaded,Frozen Burger,400 gm,2,CFBJ,JUMBO HOTDOGS,400 Gms x 20 Pkts,SAUSAGES,80.8,37.78,85.5,exact,,0,auto_high_confidence
8110,23811994,Alkabeer Breaded Chicken Burger/Spicy 400 gm,Al Kabeer,Chicken Burger-Frozen,Breaded,Frozen Burger,400 gm,3,CKCKB,CHICKEN BURGERS 56 g,840 g. x 9,BURGERS,57.84,57.89,85.5,conflict,,0,auto_high_confidence
8110,23811994,Alkabeer Breaded Chicken Burger/Spicy 400 gm,Al Kabeer,Chicken Burger-Frozen,Breaded,Frozen Burger,400 gm,4,CBBO,4 BEEF BURGERS,200 Gms x 30 Pkt,BURGERS,55.5,51.22,85.5,conflict,,0,auto_high_confidence
8110,23811994,Alkabeer Breaded Chicken Burger/Spicy 400 gm,Al Kabeer,Chicken Burger-Frozen,Breaded,Frozen Burger,400 gm,5,CBBUR,BEEF BURGERS 56 g.,840 g. x 9,BURGERS,53.73,46.15,85.5,conflict,,0,auto_high_confidence
8115,23817068,Al Kabeer Chicken Kibbeh 400Gm,Al Kabeer,Chicken Kibbeh-Frozen,No Variant,Frozen Kofta / Kibbeh & Meat Balls,400 gm,1,CBK,BEEF KIBBEH 400,400 Gms x 12 Pkts,KOFTA-KIBBEH-FELAFEL,89.68,63.16,85.5,exact,20.69,1,auto_high_confidence
8115,23817068,Al Kabeer Chicken Kibbeh 400Gm,Al Kabeer,Chicken Kibbeh-Frozen,No Variant,Frozen Kofta / Kibbeh & Meat Balls,400 gm,2,BVL3,VEAL LEGS 3.6,Asstd. Wt.,MEAT-INDIAN-TRD,68.99,38.33,85.5,,,0,auto_high_confidence
8115,23817068,Al Kabeer Chicken Kibbeh 400Gm,Al Kabeer,Chicken Kibbeh-Frozen,No Variant,Frozen Kofta / Kibbeh & Meat Balls,400 gm,3,BC40,BEEF CUBES,2 lb x 20 Pkts,MEAT-INDIAN-TRD,68.52,36.97,85.5,,,0,auto_high_confidence
8115,23817068,Al Kabeer Chicken Kibbeh 400Gm,Al Kabeer,Chicken Kibbeh-Frozen,No Variant,Frozen Kofta / Kibbeh & Meat Balls,400 gm,4,BTS,BEEF TOPSIDE ALK,20 KGS,MEAT-INDIAN-TRD,52.41,42.37,85.5,conflict,,0,auto_high_confidence
8115,23817068,Al Kabeer Chicken Kibbeh 400Gm,Al Kabeer,Chicken Kibbeh-Frozen,No Variant,Frozen Kofta / Kibbeh & Meat Balls,400 gm,5,CBBOT,TAYEBAT BEEF BURGERS ONION BULK,1 Kgs x 9 Pkts,BURGERS,52.21,41.82,85.5,conflict,,0,auto_high_confidence
8138,23868357,Alkabeer Kebbah Chicken 400gm,Al Kabeer,Chicken Kibbeh-Frozen,No Variant,Frozen Kofta / Kibbeh & Meat Balls,400 gm,1,CBK,BEEF KIBBEH 400,400 Gms x 12 Pkts,KOFTA-KIBBEH-FELAFEL,89.04,61.33,85.5,exact,20.24,1,auto_high_confidence
8138,23868357,Alkabeer Kebbah Chicken 400gm,Al Kabeer,Chicken Kibbeh-Frozen,No Variant,Frozen Kofta / Kibbeh & Meat Balls,400 gm,2,BVL3,VEAL LEGS 3.6,Asstd. Wt.,MEAT-INDIAN-TRD,68.8,37.8,85.5,,,0,auto_high_confidence
8138,23868357,Alkabeer Kebbah Chicken 400gm,Al Kabeer,Chicken Kibbeh-Frozen,No Variant,Frozen Kofta / Kibbeh & Meat Balls,400 gm,3,BC40,BEEF CUBES,2 lb x 20 Pkts,MEAT-INDIAN-TRD,68.35,36.51,85.5,,,0,auto_high_confidence
8138,23868357,Alkabeer Kebbah Chicken 400gm,Al Kabeer,Chicken Kibbeh-Frozen,No Variant,Frozen Kofta / Kibbeh & Meat Balls,400 gm,4,BTS,BEEF TOPSIDE ALK,20 KGS,MEAT-INDIAN-TRD,52.14,41.6,85.5,conflict,,0,auto_high_confidence
8138,23868357,Alkabeer Kebbah Chicken 400gm,Al Kabeer,Chicken Kibbeh-Frozen,No Variant,Frozen Kofta / Kibbeh & Meat Balls,400 gm,5,CBBOT,TAYEBAT BEEF BURGERS ONION BULK,1 Kgs x 9 Pkts,BURGERS,51.93,41.03,85.5,conflict,,0,auto_high_confidence
8261,23999966,Alkabeer Breaded Chicken Burger/Spicy 400 gm,Al Kabeer,Chicken Burger-Frozen,Breaded,Frozen Burger,400 gm,1,CKBBS,8 BREADED CHICKEN BURGER HOT & SPICY,400 gm x 12 Pkts,BURGERS,99.72,90.67,86.13,exact,18.92,1,auto_high_confidence
8261,23999966,Alkabeer Breaded Chicken Burger/Spicy 400 gm,Al Kabeer,Chicken Burger-Frozen,Breaded,Frozen Burger,400 gm,2,CFBJ,JUMBO HOTDOGS,400 Gms x 20 Pkts,SAUSAGES,80.8,37.78,85.5,exact,,0,auto_high_confidence
8261,23999966,Alkabeer Breaded Chicken Burger/Spicy 400 gm,Al Kabeer,Chicken Burger-Frozen,Breaded,Frozen Burger,400 gm,3,CKCKB,CHICKEN BURGERS 56 g,840 g. x 9,BURGERS,57.84,57.89,85.5,conflict,,0,auto_high_confidence
8261,23999966,Alkabeer Breaded Chicken Burger/Spicy 400 gm,Al Kabeer,Chicken Burger-Frozen,Breaded,Frozen Burger,400 gm,4,CBBO,4 BEEF BURGERS,200 Gms x 30 Pkt,BURGERS,55.5,51.22,85.5,conflict,,0,auto_high_confidence
8261,23999966,Alkabeer Breaded Chicken Burger/Spicy 400 gm,Al Kabeer,Chicken Burger-Frozen,Breaded,Frozen Burger,400 gm,5,CBBUR,BEEF BURGERS 56 g.,840 g. x 9,BURGERS,53.73,46.15,85.5,conflict,,0,auto_high_confidence
8290,24068555,Al Kabeer Chicken Seekh Kebabs 8 pcs 320 gm,Al Kabeer,Seekh Kabab-Frozen,No Variant,Frozen Kabab ,320 gm,1,CKBS,8 BEEF SEEKH KEBAB,320 Gms x 24 Pkts,KEBAB,88.58,60.0,85.5,exact,35.22,1,auto_high_confidence
8290,24068555,Al Kabeer Chicken Seekh Kebabs 8 pcs 320 gm,Al Kabeer,Seekh Kabab-Frozen,No Variant,Frozen Kabab ,320 gm,2,CFB,BEEF FRANKS,454 Gms x 20 Pkts,SAUSAGES,53.36,45.1,85.5,conflict,,0,auto_high_confidence
8290,24068555,Al Kabeer Chicken Seekh Kebabs 8 pcs 320 gm,Al Kabeer,Seekh Kabab-Frozen,No Variant,Frozen Kabab ,320 gm,3,CCSAK,12 CHEESE SAMOSAS,240 Gms x 20 Pkts,SAMOSA,52.62,42.99,85.5,conflict,,0,auto_high_confidence
8290,24068555,Al Kabeer Chicken Seekh Kebabs 8 pcs 320 gm,Al Kabeer,Seekh Kabab-Frozen,No Variant,Frozen Kabab ,320 gm,4,CBBO,4 BEEF BURGERS,200 Gms x 30 Pkt,BURGERS,52.16,41.67,85.5,conflict,,0,auto_high_confidence
8290,24068555,Al Kabeer Chicken Seekh Kebabs 8 pcs 320 gm,Al Kabeer,Seekh Kabab-Frozen,No Variant,Frozen Kabab ,320 gm,5,CCSAKA,CHEESE SAMOSAS BULK,1.2 Kgs x 4 Pkts,SAMOSA,52.13,41.58,85.5,conflict,,0,auto_high_confidence
8330,24141904,ALKABEER CHICKEN BURGER BREADED REGULAR / HOT & SPICY 400 GM,Al Kabeer,Chicken Burger-Frozen,Breaded,Frozen Burger,400 gm,1,CKBBS,8 BREADED CHICKEN BURGER HOT & SPICY,400 gm x 12 Pkts,BURGERS,100.0,93.46,88.79,exact,10.63,1,auto_high_confidence
8330,24141904,ALKABEER CHICKEN BURGER BREADED REGULAR / HOT & SPICY 400 GM,Al Kabeer,Chicken Burger-Frozen,Breaded,Frozen Burger,400 gm,2,CCCB,CHICKEN BIRYANI 400,400 Gms x 12 Pkts,READY2EAT,89.37,62.26,85.5,exact,,0,auto_high_confidence
8330,24141904,ALKABEER CHICKEN BURGER BREADED REGULAR / HOT & SPICY 400 GM,Al Kabeer,Chicken Burger-Frozen,Breaded,Frozen Burger,400 gm,3,CBK,BEEF KIBBEH 400,400 Gms x 12 Pkts,KOFTA-KIBBEH-FELAFEL,86.84,55.05,85.5,exact,,0,auto_high_confidence
8330,24141904,ALKABEER CHICKEN BURGER BREADED REGULAR / HOT & SPICY 400 GM,Al Kabeer,Chicken Burger-Frozen,Breaded,Frozen Burger,400 gm,4,BC40,BEEF CUBES,2 lb x 20 Pkts,MEAT-INDIAN-TRD,72.15,47.37,85.5,,,0,auto_high_confidence
8330,24141904,ALKABEER CHICKEN BURGER BREADED REGULAR / HOT & SPICY 400 GM,Al Kabeer,Chicken Burger-Frozen,Breaded,Frozen Burger,400 gm,5,BVL3,VEAL LEGS 3.6,Asstd. Wt.,MEAT-INDIAN-TRD,69.58,40.0,85.5,,,0,auto_high_confidence
8363,24150316,Al Kabeer Breaded Chicken Burger/Spicy 400 gm,Al Kabeer,Chicken Burger-Frozen,Breaded,Frozen Burger,400 gm,1,CKBBS,8 BREADED CHICKEN BURGER HOT & SPICY,400 gm x 12 Pkts,BURGERS,99.72,90.67,86.13,exact,18.92,1,auto_high_confidence
8363,24150316,Al Kabeer Breaded Chicken Burger/Spicy 400 gm,Al Kabeer,Chicken Burger-Frozen,Breaded,Frozen Burger,400 gm,2,CFBJ,JUMBO HOTDOGS,400 Gms x 20 Pkts,SAUSAGES,80.8,37.78,85.5,exact,,0,auto_high_confidence
8363,24150316,Al Kabeer Breaded Chicken Burger/Spicy 400 gm,Al Kabeer,Chicken Burger-Frozen,Breaded,Frozen Burger,400 gm,3,CKCKB,CHICKEN BURGERS 56 g,840 g. x 9,BURGERS,57.84,57.89,85.5,conflict,,0,auto_high_confidence
8363,24150316,Al Kabeer Breaded Chicken Burger/Spicy 400 gm,Al Kabeer,Chicken Burger-Frozen,Breaded,Frozen Burger,400 gm,4,CBBO,4 BEEF BURGERS,200 Gms x 30 Pkt,BURGERS,55.5,51.22,85.5,conflict,,0,auto_high_confidence
8363,24150316,Al Kabeer Breaded Chicken Burger/Spicy 400 gm,Al Kabeer,Chicken Burger-Frozen,Breaded,Frozen Burger,400 gm,5,CBBUR,BEEF BURGERS 56 g.,840 g. x 9,BURGERS,53.73,46.15,85.5,conflict,,0,auto_high_confidence
8392,24152023,Al Kabeer Breaded Chicken Burgers 400 G,Al Kabeer,Chicken Burger-Frozen,Breaded,Frozen Burger,400 gm,1,CKBBS,8 BREADED CHICKEN BURGER HOT & SPICY,400 gm x 12 Pkts,BURGERS,100.0,91.14,86.58,exact,17.97,1,auto_high_confidence
8392,24152023,Al Kabeer Breaded Chicken Burgers 400 G,Al Kabeer,Chicken Burger-Frozen,Breaded,Frozen Burger,400 gm,2,CFBJ,JUMBO HOTDOGS,400 Gms x 20 Pkts,SAUSAGES,82.03,41.3,85.5,exact,,0,auto_high_confidence
8392,24152023,Al Kabeer Breaded Chicken Burgers 400 G,Al Kabeer,Chicken Burger-Frozen,Breaded,Frozen Burger,400 gm,3,CBBUR,BEEF BURGERS 56 g.,840 g. x 9,BURGERS,56.83,55.0,85.5,conflict,,0,auto_high_confidence
8392,24152023,Al Kabeer Breaded Chicken Burgers 400 G,Al Kabeer,Chicken Burger-Frozen,Breaded,Frozen Burger,400 gm,4,CBBO,4 BEEF BURGERS,200 Gms x 30 Pkt,BURGERS,56.74,54.76,85.5,conflict,,0,auto_high_confidence
8392,24152023,Al Kabeer Breaded Chicken Burgers 400 G,Al Kabeer,Chicken Burger-Frozen,Breaded,Frozen Burger,400 gm,5,CBBOA,BEEF BURGERS BULK,2 Kgs x 5 Pkts,BURGERS,55.76,51.95,85.5,conflict,,0,auto_high_confidence
8425,24294085,Al Kabeer Zing Chicken Strips 320 gm,Al Kabeer,Chicken Strips-Frozen,Spicy,Zing,320 gm,1,CKZS,ZING CHICKEN STRIPS,320 Gms x 20 Pkts,STRIPS,89.58,79.37,76.61,exact,22.92,1,auto_high_confidence
8425,24294085,Al Kabeer Zing Chicken Strips 320 gm,Al Kabeer,Chicken Strips-Frozen,Spicy,Zing,320 gm,2,CKZSCKNP,Zing Strips Non Spicy + Free Chicken Nuggets Combo Pack,(750 g.+750 g.) x 4,STRIPS,66.65,83.08,85.5,conflict,,0,auto_high_confidence
8425,24294085,Al Kabeer Zing Chicken Strips 320 gm,Al Kabeer,Chicken Strips-Frozen,Spicy,Zing,320 gm,3,CKZSDA,ZING CHICKEN STRIPS SPICY 750 GRM,750 GMS X 8 PKT,STRIPS,62.38,83.08,78.92,conflict,,0,auto_high_confidence
8425,24294085,Al Kabeer Zing Chicken Strips 320 gm,Al Kabeer,Chicken Strips-Frozen,Spicy,Zing,320 gm,4,CKZSNS,ZING CHICKEN STRIPS NON-SPICY,8 X 750 GMS,STRIPS,62.38,83.08,78.92,conflict,,0,auto_high_confidence
8425,24294085,Al Kabeer Zing Chicken Strips 320 gm,Al Kabeer,Chicken Strips-Frozen,Spicy,Zing,320 gm,5,CZFNSCFHP,Zing Chicken Fillets Non Spicy + Free Chicken Fillets Spicy,750+750 g. x 4,FILLETS,61.71,68.97,85.5,conflict,,0,auto_high_confidence
8434,24295367,"Al Kabeer ZING CHICKEN NUGGETS SPICY, 270 gm",Al Kabeer,Chicken Nuggets-Frozen,Spicy,Zing,270 gm,1,CKZN,ZING CHICKEN NUGGETS REGULAR,270 Gms x 20 Pkts,NUGGETS,89.4,80.0,76.0,exact,22.57,1,auto_high_confidence
8434,24295367,"Al Kabeer ZING CHICKEN NUGGETS SPICY, 270 gm",Al Kabeer,Chicken Nuggets-Frozen,Spicy,Zing,270 gm,2,CKZSCKNP,Zing Strips Non Spicy + Free Chicken Nuggets Combo Pack,(750 g.+750 g.) x 4,STRIPS,66.83,83.58,85.5,conflict,,0,auto_high_confidence
8434,24295367,"Al Kabeer ZING CHICKEN NUGGETS SPICY, 270 gm",Al Kabeer,Chicken Nuggets-Frozen,Spicy,Zing,270 gm,3,CKZFACKNP,Zing Chicken Fillets Spicy + Free Chicken Nuggets,1kg+750 g. x 3,FILLETS,62.87,83.58,79.4,conflict,,0,auto_high_confidence
8434,24295367,"Al Kabeer ZING CHICKEN NUGGETS SPICY, 270 gm",Al Kabeer,Chicken Nuggets-Frozen,Spicy,Zing,270 gm,4,CKZNNS,ZING CHICKEN NUGGET NON-SPICY,8 X 750 GMS,NUGGETS,62.87,83.58,79.4,conflict,,0,auto_high_confidence
8434,24295367,"Al Kabeer ZING CHICKEN NUGGETS SPICY, 270 gm",Al Kabeer,Chicken Nuggets-Frozen,Spicy,Zing,270 gm,5,CKSK,SHISH KEBAB,600 Gms x 12 Pkts,KEBAB,55.08,50.0,85.5,conflict,,0,auto_high_confidence
8489,24310976,Alkabeer Breaded Chicken Burger/Spicy 400 gm,Al Kabeer,Chicken Burger-Frozen,Breaded,Frozen Burger,400 gm,1,CKBBS,8 BREADED CHICKEN BURGER HOT & SPICY,400 gm x 12 Pkts,BURGERS,99.72,90.67,86.13,exact,18.92,1,auto_high_confidence
8489,24310976,Alkabeer Breaded Chicken Burger/Spicy 400 gm,Al Kabeer,Chicken Burger-Frozen,Breaded,Frozen Burger,400 gm,2,CFBJ,JUMBO HOTDOGS,400 Gms x 20 Pkts,SAUSAGES,80.8,37.78,85.5,exact,,0,auto_high_confidence
8489,24310976,Alkabeer Breaded Chicken Burger/Spicy 400 gm,Al Kabeer,Chicken Burger-Frozen,Breaded,Frozen Burger,400 gm,3,CKCKB,CHICKEN BURGERS 56 g,840 g. x 9,BURGERS,57.84,57.89,85.5,conflict,,0,auto_high_confidence
8489,24310976,Alkabeer Breaded Chicken Burger/Spicy 400 gm,Al Kabeer,Chicken Burger-Frozen,Breaded,Frozen Burger,400 gm,4,CBBO,4 BEEF BURGERS,200 Gms x 30 Pkt,BURGERS,55.5,51.22,85.5,conflict,,0,auto_high_confidence
8489,24310976,Alkabeer Breaded Chicken Burger/Spicy 400 gm,Al Kabeer,Chicken Burger-Frozen,Breaded,Frozen Burger,400 gm,5,CBBUR,BEEF BURGERS 56 g.,840 g. x 9,BURGERS,53.73,46.15,85.5,conflict,,0,auto_high_confidence
8508,24336600,Al Kabeer Zing Chicken Fillets 465 gm,Al Kabeer,Chicken Fillets-Frozen,Spicy,Zing,465 gm,1,CKZF,ZING CHICKEN FILLETS 465,465 Gms x 12 Pkts,FILLETS,89.59,80.0,76.29,exact,22.76,1,auto_high_confidence
8508,24336600,Al Kabeer Zing Chicken Fillets 465 gm,Al Kabeer,Chicken Fillets-Frozen,Spicy,Zing,465 gm,2,CZFNSCFHP,Zing Chicken Fillets Non Spicy + Free Chicken Fillets Spicy,750+750 g. x 4,FILLETS,66.83,83.58,85.5,conflict,,0,auto_high_confidence
8508,24336600,Al Kabeer Zing Chicken Fillets 465 gm,Al Kabeer,Chicken Fillets-Frozen,Spicy,Zing,465 gm,3,CKZFACKNP,Zing Chicken Fillets Spicy + Free Chicken Nuggets,1kg+750 g. x 3,FILLETS,62.87,83.58,79.4,conflict,,0,auto_high_confidence
8508,24336600,Al Kabeer Zing Chicken Fillets 465 gm,Al Kabeer,Chicken Fillets-Frozen,Spicy,Zing,465 gm,4,CKZFDA,ZING CHICKEN FILLETS SPICY 750 GRM,750 GMS X 8 PKT,FILLETS,62.87,83.58,79.4,conflict,,0,auto_high_confidence
8508,24336600,Al Kabeer Zing Chicken Fillets 465 gm,Al Kabeer,Chicken Fillets-Frozen,Spicy,Zing,465 gm,5,CKZFNS,ZING CHICKEN FILLET NON-SPICY,8 X 750 GMS,FILLETS,62.87,83.58,79.4,conflict,,0,auto_high_confidence
8543,24470809,ALKABEER ZING CHICKEN STRIPS 320 gm,Al Kabeer,Chicken Strips-Frozen,Spicy,Zing,320 gm,1,CKZS,ZING CHICKEN STRIPS,320 Gms x 20 Pkts,STRIPS,89.58,79.37,76.61,exact,22.92,1,auto_high_confidence
8543,24470809,ALKABEER ZING CHICKEN STRIPS 320 gm,Al Kabeer,Chicken Strips-Frozen,Spicy,Zing,320 gm,2,CKZSCKNP,Zing Strips Non Spicy + Free Chicken Nuggets Combo Pack,(750 g.+750 g.) x 4,STRIPS,66.65,83.08,85.5,conflict,,0,auto_high_confidence
8543,24470809,ALKABEER ZING CHICKEN STRIPS 320 gm,Al Kabeer,Chicken Strips-Frozen,Spicy,Zing,320 gm,3,CKZSDA,ZING CHICKEN STRIPS SPICY 750 GRM,750 GMS X 8 PKT,STRIPS,62.38,83.08,78.92,conflict,,0,auto_high_confidence
8543,24470809,ALKABEER ZING CHICKEN STRIPS 320 gm,Al Kabeer,Chicken Strips-Frozen,Spicy,Zing,320 gm,4,CKZSNS,ZING CHICKEN STRIPS NON-SPICY,8 X 750 GMS,STRIPS,62.38,83.08,78.92,conflict,,0,auto_high_confidence
8543,24470809,ALKABEER ZING CHICKEN STRIPS 320 gm,Al Kabeer,Chicken Strips-Frozen,Spicy,Zing,320 gm,5,CZFNSCFHP,Zing Chicken Fillets Non Spicy + Free Chicken Fillets Spicy,750+750 g. x 4,FILLETS,61.71,68.97,85.5,conflict,,0,auto_high_confidence
8551,24471888,Al Kabeer Chicken/Beef Kibbeh 400 gm,Al Kabeer,Chicken Kibbeh-Frozen,No Variant,Frozen Kofta / Kibbeh & Meat Balls,400 gm,1,CBK,BEEF KIBBEH 400,400 Gms x 12 Pkts,KOFTA-KIBBEH-FELAFEL,92.08,70.0,85.5,exact,20.88,1,auto_high_confidence
8551,24471888,Al Kabeer Chicken/Beef Kibbeh 400 gm,Al Kabeer,Chicken Kibbeh-Frozen,No Variant,Frozen Kofta / Kibbeh & Meat Balls,400 gm,2,BC40,BEEF CUBES,2 lb x 20 Pkts,MEAT-INDIAN-TRD,71.19,44.63,85.5,,,0,auto_high_confidence
8551,24471888,Al Kabeer Chicken/Beef Kibbeh 400 gm,Al Kabeer,Chicken Kibbeh-Frozen,No Variant,Frozen Kofta / Kibbeh & Meat Balls,400 gm,3,BVL3,VEAL LEGS 3.6,Asstd. Wt.,MEAT-INDIAN-TRD,68.77,37.7,85.5,,,0,auto_high_confidence
8551,24471888,Al Kabeer Chicken/Beef Kibbeh 400 gm,Al Kabeer,Chicken Kibbeh-Frozen,No Variant,Frozen Kofta / Kibbeh & Meat Balls,400 gm,4,CBBOT,TAYEBAT BEEF BURGERS ONION BULK,1 Kgs x 9 Pkts,BURGERS,55.08,50.0,85.5,conflict,,0,auto_high_confidence
8551,24471888,Al Kabeer Chicken/Beef Kibbeh 400 gm,Al Kabeer,Chicken Kibbeh-Frozen,No Variant,Frozen Kofta / Kibbeh & Meat Balls,400 gm,5,CBBO,4 BEEF BURGERS,200 Gms x 30 Pkt,BURGERS,54.24,47.62,85.5,conflict,,0,auto_high_confidence
8552,24471888,Al Kabeer Chicken/Beef Kibbeh 400 gm,Al Kabeer,Beef Kibbeh-Frozen,No Variant,Frozen Kofta / Kibbeh & Meat Balls,400 gm,1,CBK,BEEF KIBBEH 400,400 Gms x 12 Pkts,KOFTA-KIBBEH-FELAFEL,92.08,70.0,85.5,exact,20.88,1,auto_high_confidence
8552,24471888,Al Kabeer Chicken/Beef Kibbeh 400 gm,Al Kabeer,Beef Kibbeh-Frozen,No Variant,Frozen Kofta / Kibbeh & Meat Balls,400 gm,2,BC40,BEEF CUBES,2 lb x 20 Pkts,MEAT-INDIAN-TRD,71.19,44.63,85.5,,,0,auto_high_confidence
8552,24471888,Al Kabeer Chicken/Beef Kibbeh 400 gm,Al Kabeer,Beef Kibbeh-Frozen,No Variant,Frozen Kofta / Kibbeh & Meat Balls,400 gm,3,BVL3,VEAL LEGS 3.6,Asstd. Wt.,MEAT-INDIAN-TRD,68.77,37.7,85.5,,,0,auto_high_confidence
8552,24471888,Al Kabeer Chicken/Beef Kibbeh 400 gm,Al Kabeer,Beef Kibbeh-Frozen,No Variant,Frozen Kofta / Kibbeh & Meat Balls,400 gm,4,CBBOT,TAYEBAT BEEF BURGERS ONION BULK,1 Kgs x 9 Pkts,BURGERS,55.08,50.0,85.5,conflict,,0,auto_high_confidence
8552,24471888,Al Kabeer Chicken/Beef Kibbeh 400 gm,Al Kabeer,Beef Kibbeh-Frozen,No Variant,Frozen Kofta / Kibbeh & Meat Balls,400 gm,5,CBBO,4 BEEF BURGERS,200 Gms x 30 Pkt,BURGERS,54.24,47.62,85.5,conflict,,0,auto_high_confidence
8591,24488473,Alkabeer Breaded Chicken Burger/Spicy 400 gm,Al Kabeer,Chicken Burger-Frozen,Breaded,Frozen Burger,400 gm,1,CKBBS,8 BREADED CHICKEN BURGER HOT & SPICY,400 gm x 12 Pkts,BURGERS,99.72,90.67,86.13,exact,18.92,1,auto_high_confidence
8591,24488473,Alkabeer Breaded Chicken Burger/Spicy 400 gm,Al Kabeer,Chicken Burger-Frozen,Breaded,Frozen Burger,400 gm,2,CFBJ,JUMBO HOTDOGS,400 Gms x 20 Pkts,SAUSAGES,80.8,37.78,85.5,exact,,0,auto_high_confidence
8591,24488473,Alkabeer Breaded Chicken Burger/Spicy 400 gm,Al Kabeer,Chicken Burger-Frozen,Breaded,Frozen Burger,400 gm,3,CKCKB,CHICKEN BURGERS 56 g,840 g. x 9,BURGERS,57.84,57.89,85.5,conflict,,0,auto_high_confidence
8591,24488473,Alkabeer Breaded Chicken Burger/Spicy 400 gm,Al Kabeer,Chicken Burger-Frozen,Breaded,Frozen Burger,400 gm,4,CBBO,4 BEEF BURGERS,200 Gms x 30 Pkt,BURGERS,55.5,51.22,85.5,conflict,,0,auto_high_confidence
8591,24488473,Alkabeer Breaded Chicken Burger/Spicy 400 gm,Al Kabeer,Chicken Burger-Frozen,Breaded,Frozen Burger,400 gm,5,CBBUR,BEEF BURGERS 56 g.,840 g. x 9,BURGERS,53.73,46.15,85.5,conflict,,0,auto_high_confidence
8641,24623880,Al Kabeer Breaded Chicken Burgers 400 gm,Al Kabeer,Chicken Burger-Frozen,Breaded,Frozen Burger,400 gm,1,CKBBS,8 BREADED CHICKEN BURGER HOT & SPICY,400 gm x 12 Pkts,BURGERS,100.0,91.14,86.58,exact,17.97,1,auto_high_confidence
8641,24623880,Al Kabeer Breaded Chicken Burgers 400 gm,Al Kabeer,Chicken Burger-Frozen,Breaded,Frozen Burger,400 gm,2,CFBJ,JUMBO HOTDOGS,400 Gms x 20 Pkts,SAUSAGES,82.03,41.3,85.5,exact,,0,auto_high_confidence
8641,24623880,Al Kabeer Breaded Chicken Burgers 400 gm,Al Kabeer,Chicken Burger-Frozen,Breaded,Frozen Burger,400 gm,3,CBBUR,BEEF BURGERS 56 g.,840 g. x 9,BURGERS,56.83,55.0,85.5,conflict,,0,auto_high_confidence
8641,24623880,Al Kabeer Breaded Chicken Burgers 400 gm,Al Kabeer,Chicken Burger-Frozen,Breaded,Frozen Burger,400 gm,4,CBBO,4 BEEF BURGERS,200 Gms x 30 Pkt,BURGERS,56.74,54.76,85.5,conflict,,0,auto_high_confidence
8641,24623880,Al Kabeer Breaded Chicken Burgers 400 gm,Al Kabeer,Chicken Burger-Frozen,Breaded,Frozen Burger,400 gm,5,CBBOA,BEEF BURGERS BULK,2 Kgs x 5 Pkts,BURGERS,55.76,51.95,85.5,conflict,,0,auto_high_confidence
8673,24645568,Al Kabeer Zing Chicken Fillets 465 gm,Al Kabeer,Chicken Fillets-Frozen,Spicy,Zing,465 gm,1,CKZF,ZING CHICKEN FILLETS 465,465 Gms x 12 Pkts,FILLETS,89.59,80.0,76.29,exact,22.76,1,auto_high_confidence
8673,24645568,Al Kabeer Zing Chicken Fillets 465 gm,Al Kabeer,Chicken Fillets-Frozen,Spicy,Zing,465 gm,2,CZFNSCFHP,Zing Chicken Fillets Non Spicy + Free Chicken Fillets Spicy,750+750 g. x 4,FILLETS,66.83,83.58,85.5,conflict,,0,auto_high_confidence
8673,24645568,Al Kabeer Zing Chicken Fillets 465 gm,Al Kabeer,Chicken Fillets-Frozen,Spicy,Zing,465 gm,3,CKZFACKNP,Zing Chicken Fillets Spicy + Free Chicken Nuggets,1kg+750 g. x 3,FILLETS,62.87,83.58,79.4,conflict,,0,auto_high_confidence
8673,24645568,Al Kabeer Zing Chicken Fillets 465 gm,Al Kabeer,Chicken Fillets-Frozen,Spicy,Zing,465 gm,4,CKZFDA,ZING CHICKEN FILLETS SPICY 750 GRM,750 GMS X 8 PKT,FILLETS,62.87,83.58,79.4,conflict,,0,auto_high_confidence
8673,24645568,Al Kabeer Zing Chicken Fillets 465 gm,Al Kabeer,Chicken Fillets-Frozen,Spicy,Zing,465 gm,5,CKZFNS,ZING CHICKEN FILLET NON-SPICY,8 X 750 GMS,FILLETS,62.87,83.58,79.4,conflict,,0,auto_high_confidence
8685,24655983,Al Kabeer CHICKEN & CHEESE STICKS 1 kg,Al Kabeer,Chicken Cheese Stick-Frozen,No Variant,Frozen Barbeque Products,1 kg,1,CCKSB,CHICKEN STICKS BULK,1 Kgs x 5 Pkts,STICKS & FINGERS,91.97,69.7,85.5,exact,9.23,1,auto_high_confidence
8685,24655983,Al Kabeer CHICKEN & CHEESE STICKS 1 kg,Al Kabeer,Chicken Cheese Stick-Frozen,No Variant,Frozen Barbeque Products,1 kg,2,CBBOT,TAYEBAT BEEF BURGERS ONION BULK,1 Kgs x 9 Pkts,BURGERS,82.74,43.33,85.5,exact,,0,auto_high_confidence
8685,24655983,Al Kabeer CHICKEN & CHEESE STICKS 1 kg,Al Kabeer,Chicken Cheese Stick-Frozen,No Variant,Frozen Barbeque Products,1 kg,3,CCSAKPR,A.K PRO CHEESE SAMOSA,4 X 1.2 KGS,SAMOSA,54.01,46.96,85.5,conflict,,0,auto_high_confidence
8685,24655983,Al Kabeer CHICKEN & CHEESE STICKS 1 kg,Al Kabeer,Chicken Cheese Stick-Frozen,No Variant,Frozen Barbeque Products,1 kg,4,CCSAKA,CHEESE SAMOSAS BULK,1.2 Kgs x 4 Pkts,SAMOSA,53.59,45.76,85.5,conflict,,0,auto_high_confidence
8685,24655983,Al Kabeer CHICKEN & CHEESE STICKS 1 kg,Al Kabeer,Chicken Cheese Stick-Frozen,No Variant,Frozen Barbeque Products,1 kg,5,CCSAK,12 CHEESE SAMOSAS,240 Gms x 20 Pkts,SAMOSA,51.69,40.32,85.5,conflict,,0,auto_high_confidence
8732,24673428,Al Kabeer Zing Chicken Strips 320 gm,Al Kabeer,Chicken Strips-Frozen,Spicy,Zing,320 gm,1,CKZS,ZING CHICKEN STRIPS,320 Gms x 20 Pkts,STRIPS,89.58,79.37,76.61,exact,22.92,1,auto_high_confidence
8732,24673428,Al Kabeer Zing Chicken Strips 320 gm,Al Kabeer,Chicken Strips-Frozen,Spicy,Zing,320 gm,2,CKZSCKNP,Zing Strips Non Spicy + Free Chicken Nuggets Combo Pack,(750 g.+750 g.) x 4,STRIPS,66.65,83.08,85.5,conflict,,0,auto_high_confidence
8732,24673428,Al Kabeer Zing Chicken Strips 320 gm,Al Kabeer,Chicken Strips-Frozen,Spicy,Zing,320 gm,3,CKZSDA,ZING CHICKEN STRIPS SPICY 750 GRM,750 GMS X 8 PKT,STRIPS,62.38,83.08,78.92,conflict,,0,auto_high_confidence
8732,24673428,Al Kabeer Zing Chicken Strips 320 gm,Al Kabeer,Chicken Strips-Frozen,Spicy,Zing,320 gm,4,CKZSNS,ZING CHICKEN STRIPS NON-SPICY,8 X 750 GMS,STRIPS,62.38,83.08,78.92,conflict,,0,auto_high_confidence
8732,24673428,Al Kabeer Zing Chicken Strips 320 gm,Al Kabeer,Chicken Strips-Frozen,Spicy,Zing,320 gm,5,CZFNSCFHP,Zing Chicken Fillets Non Spicy + Free Chicken Fillets Spicy,750+750 g. x 4,FILLETS,61.71,68.97,85.5,conflict,,0,auto_high_confidence
8739,24674225,Alkabeer Breaded Chicken Burger/Spicy 400 gm,Al Kabeer,Chicken Burger-Frozen,Breaded,Frozen Burger,400 gm,1,CKBBS,8 BREADED CHICKEN BURGER HOT & SPICY,400 gm x 12 Pkts,BURGERS,99.72,90.67,86.13,exact,18.92,1,auto_high_confidence
8739,24674225,Alkabeer Breaded Chicken Burger/Spicy 400 gm,Al Kabeer,Chicken Burger-Frozen,Breaded,Frozen Burger,400 gm,2,CFBJ,JUMBO HOTDOGS,400 Gms x 20 Pkts,SAUSAGES,80.8,37.78,85.5,exact,,0,auto_high_confidence
8739,24674225,Alkabeer Breaded Chicken Burger/Spicy 400 gm,Al Kabeer,Chicken Burger-Frozen,Breaded,Frozen Burger,400 gm,3,CKCKB,CHICKEN BURGERS 56 g,840 g. x 9,BURGERS,57.84,57.89,85.5,conflict,,0,auto_high_confidence
8739,24674225,Alkabeer Breaded Chicken Burger/Spicy 400 gm,Al Kabeer,Chicken Burger-Frozen,Breaded,Frozen Burger,400 gm,4,CBBO,4 BEEF BURGERS,200 Gms x 30 Pkt,BURGERS,55.5,51.22,85.5,conflict,,0,auto_high_confidence
8739,24674225,Alkabeer Breaded Chicken Burger/Spicy 400 gm,Al Kabeer,Chicken Burger-Frozen,Breaded,Frozen Burger,400 gm,5,CBBUR,BEEF BURGERS 56 g.,840 g. x 9,BURGERS,53.73,46.15,85.5,conflict,,0,auto_high_confidence
8759,24687461,Al Kabeer Zing Chicken Strips 320 gm,Al Kabeer,Chicken Strips-Frozen,Spicy,Zing,320 gm,1,CKZS,ZING CHICKEN STRIPS,320 Gms x 20 Pkts,STRIPS,89.58,79.37,76.61,exact,22.92,1,auto_high_confidence
8759,24687461,Al Kabeer Zing Chicken Strips 320 gm,Al Kabeer,Chicken Strips-Frozen,Spicy,Zing,320 gm,2,CKZSCKNP,Zing Strips Non Spicy + Free Chicken Nuggets Combo Pack,(750 g.+750 g.) x 4,STRIPS,66.65,83.08,85.5,conflict,,0,auto_high_confidence
8759,24687461,Al Kabeer Zing Chicken Strips 320 gm,Al Kabeer,Chicken Strips-Frozen,Spicy,Zing,320 gm,3,CKZSDA,ZING CHICKEN STRIPS SPICY 750 GRM,750 GMS X 8 PKT,STRIPS,62.38,83.08,78.92,conflict,,0,auto_high_confidence
8759,24687461,Al Kabeer Zing Chicken Strips 320 gm,Al Kabeer,Chicken Strips-Frozen,Spicy,Zing,320 gm,4,CKZSNS,ZING CHICKEN STRIPS NON-SPICY,8 X 750 GMS,STRIPS,62.38,83.08,78.92,conflict,,0,auto_high_confidence
8759,24687461,Al Kabeer Zing Chicken Strips 320 gm,Al Kabeer,Chicken Strips-Frozen,Spicy,Zing,320 gm,5,CZFNSCFHP,Zing Chicken Fillets Non Spicy + Free Chicken Fillets Spicy,750+750 g. x 4,FILLETS,61.71,68.97,85.5,conflict,,0,auto_high_confidence
8812,24842210,"Al Kabeer ZING CHICKEN NUGGETS SPICY, 270 gm",Al Kabeer,Chicken Nuggets-Frozen,Spicy,Zing,270 gm,1,CKZN,ZING CHICKEN NUGGETS REGULAR,270 Gms x 20 Pkts,NUGGETS,89.4,80.0,76.0,exact,22.57,1,auto_high_confidence
8812,24842210,"Al Kabeer ZING CHICKEN NUGGETS SPICY, 270 gm",Al Kabeer,Chicken Nuggets-Frozen,Spicy,Zing,270 gm,2,CKZSCKNP,Zing Strips Non Spicy + Free Chicken Nuggets Combo Pack,(750 g.+750 g.) x 4,STRIPS,66.83,83.58,85.5,conflict,,0,auto_high_confidence
8812,24842210,"Al Kabeer ZING CHICKEN NUGGETS SPICY, 270 gm",Al Kabeer,Chicken Nuggets-Frozen,Spicy,Zing,270 gm,3,CKZFACKNP,Zing Chicken Fillets Spicy + Free Chicken Nuggets,1kg+750 g. x 3,FILLETS,62.87,83.58,79.4,conflict,,0,auto_high_confidence
8812,24842210,"Al Kabeer ZING CHICKEN NUGGETS SPICY, 270 gm",Al Kabeer,Chicken Nuggets-Frozen,Spicy,Zing,270 gm,4,CKZNNS,ZING CHICKEN NUGGET NON-SPICY,8 X 750 GMS,NUGGETS,62.87,83.58,79.4,conflict,,0,auto_high_confidence
8812,24842210,"Al Kabeer ZING CHICKEN NUGGETS SPICY, 270 gm",Al Kabeer,Chicken Nuggets-Frozen,Spicy,Zing,270 gm,5,CKSK,SHISH KEBAB,600 Gms x 12 Pkts,KEBAB,55.08,50.0,85.5,conflict,,0,auto_high_confidence
8900,24892693,Al Kabeer Seekh Kebabs Chicken/Beef 320 gm,Al Kabeer,Seekh Kabab-Frozen,No Variant,Frozen Kabab ,320 gm,1,CKBS,8 BEEF SEEKH KEBAB,320 Gms x 24 Pkts,KEBAB,88.58,60.0,85.5,exact,34.53,1,auto_high_confidence
8900,24892693,Al Kabeer Seekh Kebabs Chicken/Beef 320 gm,Al Kabeer,Seekh Kabab-Frozen,No Variant,Frozen Kabab ,320 gm,2,CFB,BEEF FRANKS,454 Gms x 20 Pkts,SAUSAGES,54.05,47.06,85.5,conflict,,0,auto_high_confidence
8900,24892693,Al Kabeer Seekh Kebabs Chicken/Beef 320 gm,Al Kabeer,Seekh Kabab-Frozen,No Variant,Frozen Kabab ,320 gm,3,CBBO,4 BEEF BURGERS,200 Gms x 30 Pkt,BURGERS,52.89,43.75,85.5,conflict,,0,auto_high_confidence
8900,24892693,Al Kabeer Seekh Kebabs Chicken/Beef 320 gm,Al Kabeer,Seekh Kabab-Frozen,No Variant,Frozen Kabab ,320 gm,4,CBBO24,24 BEEF BURGERS,1.2 Kgs x 8 Pkts,BURGERS,52.01,41.24,85.5,conflict,,0,auto_high_confidence
8900,24892693,Al Kabeer Seekh Kebabs Chicken/Beef 320 gm,Al Kabeer,Seekh Kabab-Frozen,No Variant,Frozen Kabab ,320 gm,5,CKCKB,CHICKEN BURGERS 56 g,840 g. x 9,BURGERS,51.89,40.91,85.5,conflict,,0,auto_high_confidence
8927,24993056,Al Kabeer Breaded Chicken Burgers 400 gm,Al Kabeer,Chicken Burger-Frozen,Breaded,Frozen Burger,400 gm,1,CKBBS,8 BREADED CHICKEN BURGER HOT & SPICY,400 gm x 12 Pkts,BURGERS,100.0,91.14,86.58,exact,17.97,1,auto_high_confidence
8927,24993056,Al Kabeer Breaded Chicken Burgers 400 gm,Al Kabeer,Chicken Burger-Frozen,Breaded,Frozen Burger,400 gm,2,CFBJ,JUMBO HOTDOGS,400 Gms x 20 Pkts,SAUSAGES,82.03,41.3,85.5,exact,,0,auto_high_confidence
8927,24993056,Al Kabeer Breaded Chicken Burgers 400 gm,Al Kabeer,Chicken Burger-Frozen,Breaded,Frozen Burger,400 gm,3,CBBUR,BEEF BURGERS 56 g.,840 g. x 9,BURGERS,56.83,55.0,85.5,conflict,,0,auto_high_confidence
8927,24993056,Al Kabeer Breaded Chicken Burgers 400 gm,Al Kabeer,Chicken Burger-Frozen,Breaded,Frozen Burger,400 gm,4,CBBO,4 BEEF BURGERS,200 Gms x 30 Pkt,BURGERS,56.74,54.76,85.5,conflict,,0,auto_high_confidence
8927,24993056,Al Kabeer Breaded Chicken Burgers 400 gm,Al Kabeer,Chicken Burger-Frozen,Breaded,Frozen Burger,400 gm,5,CBBOA,BEEF BURGERS BULK,2 Kgs x 5 Pkts,BURGERS,55.76,51.95,85.5,conflict,,0,auto_high_confidence
8988,25026881,Al Kabeer Cheese / Mutton Samosas 12’s / Cheese Spring Rolls 8’s (240 gm),Al Kabeer,Samosa-Frozen,Mutton,"Frozen Pizzas, Wraps, Sandwiches",240 gm,1,CCSAK,12 CHEESE SAMOSAS,240 Gms x 20 Pkts,SAMOSA,93.18,73.17,85.5,exact,16.64,1,auto_high_confidence
8988,25026881,Al Kabeer Cheese / Mutton Samosas 12’s / Cheese Spring Rolls 8’s (240 gm),Al Kabeer,Samosa-Frozen,Mutton,"Frozen Pizzas, Wraps, Sandwiches",240 gm,2,CCMS,MOZZERELLA CHEESE STICKS,250 GMS X24 PKTS,STICKS & FINGERS,76.55,45.64,85.5,close,,0,auto_high_confidence
8988,25026881,Al Kabeer Cheese / Mutton Samosas 12’s / Cheese Spring Rolls 8’s (240 gm),Al Kabeer,Samosa-Frozen,Mutton,"Frozen Pizzas, Wraps, Sandwiches",240 gm,3,CCMSA,MOZZARELLA CHEESE STICKS,1000G X 5 Pkts,STICKS & FINGERS,53.4,45.21,85.5,conflict,,0,auto_high_confidence
8988,25026881,Al Kabeer Cheese / Mutton Samosas 12’s / Cheese Spring Rolls 8’s (240 gm),Al Kabeer,Samosa-Frozen,Mutton,"Frozen Pizzas, Wraps, Sandwiches",240 gm,4,CBBO24,24 BEEF BURGERS,1.2 Kgs x 8 Pkts,BURGERS,51.91,40.94,85.5,conflict,,0,auto_high_confidence
8988,25026881,Al Kabeer Cheese / Mutton Samosas 12’s / Cheese Spring Rolls 8’s (240 gm),Al Kabeer,Samosa-Frozen,Mutton,"Frozen Pizzas, Wraps, Sandwiches",240 gm,5,CBK,BEEF KIBBEH 400,400 Gms x 12 Pkts,KOFTA-KIBBEH-FELAFEL,51.88,40.88,85.5,conflict,,0,auto_high_confidence
9008,25030243,Alkabeer Breaded Chicken Burger/Spicy 400 gm,Al Kabeer,Chicken Burger-Frozen,Breaded,Frozen Burger,400 gm,1,CKBBS,8 BREADED CHICKEN BURGER HOT & SPICY,400 gm x 12 Pkts,BURGERS,99.72,90.67,86.13,exact,18.92,1,auto_high_confidence
9008,25030243,Alkabeer Breaded Chicken Burger/Spicy 400 gm,Al Kabeer,Chicken Burger-Frozen,Breaded,Frozen Burger,400 gm,2,CFBJ,JUMBO HOTDOGS,400 Gms x 20 Pkts,SAUSAGES,80.8,37.78,85.5,exact,,0,auto_high_confidence
9008,25030243,Alkabeer Breaded Chicken Burger/Spicy 400 gm,Al Kabeer,Chicken Burger-Frozen,Breaded,Frozen Burger,400 gm,3,CKCKB,CHICKEN BURGERS 56 g,840 g. x 9,BURGERS,57.84,57.89,85.5,conflict,,0,auto_high_confidence
9008,25030243,Alkabeer Breaded Chicken Burger/Spicy 400 gm,Al Kabeer,Chicken Burger-Frozen,Breaded,Frozen Burger,400 gm,4,CBBO,4 BEEF BURGERS,200 Gms x 30 Pkt,BURGERS,55.5,51.22,85.5,conflict,,0,auto_high_confidence
9008,25030243,Alkabeer Breaded Chicken Burger/Spicy 400 gm,Al Kabeer,Chicken Burger-Frozen,Breaded,Frozen Burger,400 gm,5,CBBUR,BEEF BURGERS 56 g.,840 g. x 9,BURGERS,53.73,46.15,85.5,conflict,,0,auto_high_confidence
9037,25040361,Al Kabeer Breaded Chicken Burgers 400 gm,Al Kabeer,Chicken Burger-Frozen,Breaded,Frozen Burger,400 gm,1,CKBBS,8 BREADED CHICKEN BURGER HOT & SPICY,400 gm x 12 Pkts,BURGERS,100.0,91.14,86.58,exact,17.97,1,auto_high_confidence
9037,25040361,Al Kabeer Breaded Chicken Burgers 400 gm,Al Kabeer,Chicken Burger-Frozen,Breaded,Frozen Burger,400 gm,2,CFBJ,JUMBO HOTDOGS,400 Gms x 20 Pkts,SAUSAGES,82.03,41.3,85.5,exact,,0,auto_high_confidence
9037,25040361,Al Kabeer Breaded Chicken Burgers 400 gm,Al Kabeer,Chicken Burger-Frozen,Breaded,Frozen Burger,400 gm,3,CBBUR,BEEF BURGERS 56 g.,840 g. x 9,BURGERS,56.83,55.0,85.5,conflict,,0,auto_high_confidence
9037,25040361,Al Kabeer Breaded Chicken Burgers 400 gm,Al Kabeer,Chicken Burger-Frozen,Breaded,Frozen Burger,400 gm,4,CBBO,4 BEEF BURGERS,200 Gms x 30 Pkt,BURGERS,56.74,54.76,85.5,conflict,,0,auto_high_confidence
9037,25040361,Al Kabeer Breaded Chicken Burgers 400 gm,Al Kabeer,Chicken Burger-Frozen,Breaded,Frozen Burger,400 gm,5,CBBOA,BEEF BURGERS BULK,2 Kgs x 5 Pkts,BURGERS,55.76,51.95,85.5,conflict,,0,auto_high_confidence
9072,25149967,Al Kabeer Kiri Cheese Samosas 12 pcs 240 gm,Al Kabeer,Samosa-Frozen,No Variant,"Frozen Pizzas, Wraps, Sandwiches",240 gm,1,CCSAK,12 CHEESE SAMOSAS,240 Gms x 20 Pkts,SAMOSA,94.75,77.65,85.5,exact,24.36,1,auto_high_confidence
9072,25149967,Al Kabeer Kiri Cheese Samosas 12 pcs 240 gm,Al Kabeer,Samosa-Frozen,No Variant,"Frozen Pizzas, Wraps, Sandwiches",240 gm,2,BC40,BEEF CUBES,2 lb x 20 Pkts,MEAT-INDIAN-TRD,70.39,42.34,85.5,,,0,auto_high_confidence
9072,25149967,Al Kabeer Kiri Cheese Samosas 12 pcs 240 gm,Al Kabeer,Samosa-Frozen,No Variant,"Frozen Pizzas, Wraps, Sandwiches",240 gm,3,CCSAKA,CHEESE SAMOSAS BULK,1.2 Kgs x 4 Pkts,SAMOSA,61.58,68.57,85.5,conflict,,0,auto_high_confidence
9072,25149967,Al Kabeer Kiri Cheese Samosas 12 pcs 240 gm,Al Kabeer,Samosa-Frozen,No Variant,"Frozen Pizzas, Wraps, Sandwiches",240 gm,4,CCCB,CHICKEN BIRYANI 400,400 Gms x 12 Pkts,READY2EAT,52.23,41.86,85.5,conflict,,0,auto_high_confidence
9072,25149967,Al Kabeer Kiri Cheese Samosas 12 pcs 240 gm,Al Kabeer,Samosa-Frozen,No Variant,"Frozen Pizzas, Wraps, Sandwiches",240 gm,5,CBBO24,24 BEEF BURGERS,1.2 Kgs x 8 Pkts,BURGERS,51.92,40.98,85.5,conflict,,0,auto_high_confidence
9195,25244822,Al Kabeer-Breaded Chicken Burgers 840 gm,Al Kabeer,Chicken Burger-Frozen,Breaded,Frozen Burger,840 gm,1,CKBBADPR,AK PRO Breaded Chicken Burger Bag 840 g. x 8,840 gm x 8,BURGERS,100.0,91.14,86.58,exact,29.82,1,auto_high_confidence
9195,25244822,Al Kabeer-Breaded Chicken Burgers 840 gm,Al Kabeer,Chicken Burger-Frozen,Breaded,Frozen Burger,840 gm,2,CKBBAD,Breaded Chicken Burger Bag (56 g.),840 g. x 9,BURGERS,70.18,91.14,86.58,conflict,,0,auto_high_confidence
9195,25244822,Al Kabeer-Breaded Chicken Burgers 840 gm,Al Kabeer,Chicken Burger-Frozen,Breaded,Frozen Burger,840 gm,3,CBBUR,BEEF BURGERS 56 g.,840 g. x 9,BURGERS,57.7,57.5,85.5,conflict,,0,auto_high_confidence
9195,25244822,Al Kabeer-Breaded Chicken Burgers 840 gm,Al Kabeer,Chicken Burger-Frozen,Breaded,Frozen Burger,840 gm,4,CBBO,4 BEEF BURGERS,200 Gms x 30 Pkt,BURGERS,55.91,52.38,85.5,conflict,,0,auto_high_confidence
9195,25244822,Al Kabeer-Breaded Chicken Burgers 840 gm,Al Kabeer,Chicken Burger-Frozen,Breaded,Frozen Burger,840 gm,5,CBBOA,BEEF BURGERS BULK,2 Kgs x 5 Pkts,BURGERS,55.76,51.95,85.5,conflict,,0,auto_high_confidence
9196,25245107,Al Kabeer Breaded Chicken Burgers 840 gm,Al Kabeer,Chicken Burger-Frozen,Breaded,Frozen Burger,840 gm,1,CKBBADPR,AK PRO Breaded Chicken Burger Bag 840 g. x 8,840 gm x 8,BURGERS,100.0,91.14,86.58,exact,29.82,1,auto_high_confidence
9196,25245107,Al Kabeer Breaded Chicken Burgers 840 gm,Al Kabeer,Chicken Burger-Frozen,Breaded,Frozen Burger,840 gm,2,CKBBAD,Breaded Chicken Burger Bag (56 g.),840 g. x 9,BURGERS,70.18,91.14,86.58,conflict,,0,auto_high_confidence
9196,25245107,Al Kabeer Breaded Chicken Burgers 840 gm,Al Kabeer,Chicken Burger-Frozen,Breaded,Frozen Burger,840 gm,3,CBBUR,BEEF BURGERS 56 g.,840 g. x 9,BURGERS,57.7,57.5,85.5,conflict,,0,auto_high_confidence
9196,25245107,Al Kabeer Breaded Chicken Burgers 840 gm,Al Kabeer,Chicken Burger-Frozen,Breaded,Frozen Burger,840 gm,4,CBBO,4 BEEF BURGERS,200 Gms x 30 Pkt,BURGERS,55.91,52.38,85.5,conflict,,0,auto_high_confidence
9196,25245107,Al Kabeer Breaded Chicken Burgers 840 gm,Al Kabeer,Chicken Burger-Frozen,Breaded,Frozen Burger,840 gm,5,CBBOA,BEEF BURGERS BULK,2 Kgs x 5 Pkts,BURGERS,55.76,51.95,85.5,conflict,,0,auto_high_confidence
9344,25480297,"Al Kabeer CHICKEN OR BEEF KIBBEH, 400 gm",Al Kabeer,Beef Kibbeh-Frozen,No Variant,Frozen Kofta / Kibbeh & Meat Balls,400 gm,1,CBK,BEEF KIBBEH 400,400 Gms x 12 Pkts,KOFTA-KIBBEH-FELAFEL,92.08,70.0,85.5,exact,20.69,1,auto_high_confidence
9344,25480297,"Al Kabeer CHICKEN OR BEEF KIBBEH, 400 gm",Al Kabeer,Beef Kibbeh-Frozen,No Variant,Frozen Kofta / Kibbeh & Meat Balls,400 gm,2,BC40,BEEF CUBES,2 lb x 20 Pkts,MEAT-INDIAN-TRD,71.38,45.16,85.5,,,0,auto_high_confidence
9344,25480297,"Al Kabeer CHICKEN OR BEEF KIBBEH, 400 gm",Al Kabeer,Beef Kibbeh-Frozen,No Variant,Frozen Kofta / Kibbeh & Meat Balls,400 gm,3,BVL3,VEAL LEGS 3.6,Asstd. Wt.,MEAT-INDIAN-TRD,69.02,38.4,85.5,,,0,auto_high_confidence
9344,25480297,"Al Kabeer CHICKEN OR BEEF KIBBEH, 400 gm",Al Kabeer,Beef Kibbeh-Frozen,No Variant,Frozen Kofta / Kibbeh & Meat Balls,400 gm,4,CBBOT,TAYEBAT BEEF BURGERS ONION BULK,1 Kgs x 9 Pkts,BURGERS,55.23,50.43,85.5,conflict,,0,auto_high_confidence
9344,25480297,"Al Kabeer CHICKEN OR BEEF KIBBEH, 400 gm",Al Kabeer,Beef Kibbeh-Frozen,No Variant,Frozen Kofta / Kibbeh & Meat Balls,400 gm,5,CBBO,4 BEEF BURGERS,200 Gms x 30 Pkt,BURGERS,54.43,48.15,85.5,conflict,,0,auto_high_confidence
9408,25492475,Al Kabeer Chicken/Beef Kibbeh 400 gm,Al Kabeer,Beef Kibbeh-Frozen,No Variant,Frozen Kofta / Kibbeh & Meat Balls,400 gm,1,CBK,BEEF KIBBEH 400,400 Gms x 12 Pkts,KOFTA-KIBBEH-FELAFEL,92.08,70.0,85.5,exact,20.88,1,auto_high_confidence
9408,25492475,Al Kabeer Chicken/Beef Kibbeh 400 gm,Al Kabeer,Beef Kibbeh-Frozen,No Variant,Frozen Kofta / Kibbeh & Meat Balls,400 gm,2,BC40,BEEF CUBES,2 lb x 20 Pkts,MEAT-INDIAN-TRD,71.19,44.63,85.5,,,0,auto_high_confidence
9408,25492475,Al Kabeer Chicken/Beef Kibbeh 400 gm,Al Kabeer,Beef Kibbeh-Frozen,No Variant,Frozen Kofta / Kibbeh & Meat Balls,400 gm,3,BVL3,VEAL LEGS 3.6,Asstd. Wt.,MEAT-INDIAN-TRD,68.77,37.7,85.5,,,0,auto_high_confidence
9408,25492475,Al Kabeer Chicken/Beef Kibbeh 400 gm,Al Kabeer,Beef Kibbeh-Frozen,No Variant,Frozen Kofta / Kibbeh & Meat Balls,400 gm,4,CBBOT,TAYEBAT BEEF BURGERS ONION BULK,1 Kgs x 9 Pkts,BURGERS,55.08,50.0,85.5,conflict,,0,auto_high_confidence
9408,25492475,Al Kabeer Chicken/Beef Kibbeh 400 gm,Al Kabeer,Beef Kibbeh-Frozen,No Variant,Frozen Kofta / Kibbeh & Meat Balls,400 gm,5,CBBO,4 BEEF BURGERS,200 Gms x 30 Pkt,BURGERS,54.24,47.62,85.5,conflict,,0,auto_high_confidence
9409,25492475,Al Kabeer Chicken/Beef Kibbeh 400 gm,Al Kabeer,Chicken Kibbeh-Frozen,No Variant,Frozen Kofta / Kibbeh & Meat Balls,400 gm,1,CBK,BEEF KIBBEH 400,400 Gms x 12 Pkts,KOFTA-KIBBEH-FELAFEL,92.08,70.0,85.5,exact,20.88,1,auto_high_confidence
9409,25492475,Al Kabeer Chicken/Beef Kibbeh 400 gm,Al Kabeer,Chicken Kibbeh-Frozen,No Variant,Frozen Kofta / Kibbeh & Meat Balls,400 gm,2,BC40,BEEF CUBES,2 lb x 20 Pkts,MEAT-INDIAN-TRD,71.19,44.63,85.5,,,0,auto_high_confidence
9409,25492475,Al Kabeer Chicken/Beef Kibbeh 400 gm,Al Kabeer,Chicken Kibbeh-Frozen,No Variant,Frozen Kofta / Kibbeh & Meat Balls,400 gm,3,BVL3,VEAL LEGS 3.6,Asstd. Wt.,MEAT-INDIAN-TRD,68.77,37.7,85.5,,,0,auto_high_confidence
9409,25492475,Al Kabeer Chicken/Beef Kibbeh 400 gm,Al Kabeer,Chicken Kibbeh-Frozen,No Variant,Frozen Kofta / Kibbeh & Meat Balls,400 gm,4,CBBOT,TAYEBAT BEEF BURGERS ONION BULK,1 Kgs x 9 Pkts,BURGERS,55.08,50.0,85.5,conflict,,0,auto_high_confidence
9409,25492475,Al Kabeer Chicken/Beef Kibbeh 400 gm,Al Kabeer,Chicken Kibbeh-Frozen,No Variant,Frozen Kofta / Kibbeh & Meat Balls,400 gm,5,CBBO,4 BEEF BURGERS,200 Gms x 30 Pkt,BURGERS,54.24,47.62,85.5,conflict,,0,auto_high_confidence
9413,25492479,Al Kabeer Chicken / Beef Seekh Kebab 320 gm,Al Kabeer,Seekh Kabab-Frozen,No Variant,Frozen Kabab ,320 gm,1,CKBS,8 BEEF SEEKH KEBAB,320 Gms x 24 Pkts,KEBAB,90.56,65.67,85.5,exact,27.41,1,auto_high_confidence
9413,25492479,Al Kabeer Chicken / Beef Seekh Kebab 320 gm,Al Kabeer,Seekh Kabab-Frozen,No Variant,Frozen Kabab ,320 gm,2,CKCSB,CHICKEN SEEKH KEBAB BULK,1 kg x 5,KEBAB,63.15,73.08,85.5,conflict,,0,auto_high_confidence
9413,25492479,Al Kabeer Chicken / Beef Seekh Kebab 320 gm,Al Kabeer,Seekh Kabab-Frozen,No Variant,Frozen Kabab ,320 gm,3,CFB,BEEF FRANKS,454 Gms x 20 Pkts,SAUSAGES,54.21,47.52,85.5,conflict,,0,auto_high_confidence
9413,25492479,Al Kabeer Chicken / Beef Seekh Kebab 320 gm,Al Kabeer,Seekh Kabab-Frozen,No Variant,Frozen Kabab ,320 gm,4,CBBO,4 BEEF BURGERS,200 Gms x 30 Pkt,BURGERS,53.05,44.21,85.5,conflict,,0,auto_high_confidence
9413,25492479,Al Kabeer Chicken / Beef Seekh Kebab 320 gm,Al Kabeer,Seekh Kabab-Frozen,No Variant,Frozen Kabab ,320 gm,5,CBBO24,24 BEEF BURGERS,1.2 Kgs x 8 Pkts,BURGERS,52.16,41.67,85.5,conflict,,0,auto_high_confidence
9435,25496987,Al Kabeer-Breaded Chicken Burgers 840 gm,Al Kabeer,Chicken Burger-Frozen,Breaded,Frozen Burger,840 gm,1,CKBBADPR,AK PRO Breaded Chicken Burger Bag 840 g. x 8,840 gm x 8,BURGERS,100.0,91.14,86.58,exact,29.82,1,auto_high_confidence
9435,25496987,Al Kabeer-Breaded Chicken Burgers 840 gm,Al Kabeer,Chicken Burger-Frozen,Breaded,Frozen Burger,840 gm,2,CKBBAD,Breaded Chicken Burger Bag (56 g.),840 g. x 9,BURGERS,70.18,91.14,86.58,conflict,,0,auto_high_confidence
9435,25496987,Al Kabeer-Breaded Chicken Burgers 840 gm,Al Kabeer,Chicken Burger-Frozen,Breaded,Frozen Burger,840 gm,3,CBBUR,BEEF BURGERS 56 g.,840 g. x 9,BURGERS,57.7,57.5,85.5,conflict,,0,auto_high_confidence
9435,25496987,Al Kabeer-Breaded Chicken Burgers 840 gm,Al Kabeer,Chicken Burger-Frozen,Breaded,Frozen Burger,840 gm,4,CBBO,4 BEEF BURGERS,200 Gms x 30 Pkt,BURGERS,55.91,52.38,85.5,conflict,,0,auto_high_confidence
9435,25496987,Al Kabeer-Breaded Chicken Burgers 840 gm,Al Kabeer,Chicken Burger-Frozen,Breaded,Frozen Burger,840 gm,5,CBBOA,BEEF BURGERS BULK,2 Kgs x 5 Pkts,BURGERS,55.76,51.95,85.5,conflict,,0,auto_high_confidence
9445,25501579,Al Kabeer Chicken / Beef Kibbeh 400 gm,Al Kabeer,Beef Kibbeh-Frozen,No Variant,Frozen Kofta / Kibbeh & Meat Balls,400 gm,1,CBK,BEEF KIBBEH 400,400 Gms x 12 Pkts,KOFTA-KIBBEH-FELAFEL,92.08,70.0,85.5,exact,20.88,1,auto_high_confidence
9445,25501579,Al Kabeer Chicken / Beef Kibbeh 400 gm,Al Kabeer,Beef Kibbeh-Frozen,No Variant,Frozen Kofta / Kibbeh & Meat Balls,400 gm,2,BC40,BEEF CUBES,2 lb x 20 Pkts,MEAT-INDIAN-TRD,71.19,44.63,85.5,,,0,auto_high_confidence
9445,25501579,Al Kabeer Chicken / Beef Kibbeh 400 gm,Al Kabeer,Beef Kibbeh-Frozen,No Variant,Frozen Kofta / Kibbeh & Meat Balls,400 gm,3,BVL3,VEAL LEGS 3.6,Asstd. Wt.,MEAT-INDIAN-TRD,68.77,37.7,85.5,,,0,auto_high_confidence
9445,25501579,Al Kabeer Chicken / Beef Kibbeh 400 gm,Al Kabeer,Beef Kibbeh-Frozen,No Variant,Frozen Kofta / Kibbeh & Meat Balls,400 gm,4,CBBOT,TAYEBAT BEEF BURGERS ONION BULK,1 Kgs x 9 Pkts,BURGERS,55.08,50.0,85.5,conflict,,0,auto_high_confidence
9445,25501579,Al Kabeer Chicken / Beef Kibbeh 400 gm,Al Kabeer,Beef Kibbeh-Frozen,No Variant,Frozen Kofta / Kibbeh & Meat Balls,400 gm,5,CBBO,4 BEEF BURGERS,200 Gms x 30 Pkt,BURGERS,54.24,47.62,85.5,conflict,,0,auto_high_confidence
9446,25501579,Al Kabeer Chicken / Beef Kibbeh 400 gm,Al Kabeer,Chicken Kibbeh-Frozen,No Variant,Frozen Kofta / Kibbeh & Meat Balls,400 gm,1,CBK,BEEF KIBBEH 400,400 Gms x 12 Pkts,KOFTA-KIBBEH-FELAFEL,92.08,70.0,85.5,exact,20.88,1,auto_high_confidence
9446,25501579,Al Kabeer Chicken / Beef Kibbeh 400 gm,Al Kabeer,Chicken Kibbeh-Frozen,No Variant,Frozen Kofta / Kibbeh & Meat Balls,400 gm,2,BC40,BEEF CUBES,2 lb x 20 Pkts,MEAT-INDIAN-TRD,71.19,44.63,85.5,,,0,auto_high_confidence
9446,25501579,Al Kabeer Chicken / Beef Kibbeh 400 gm,Al Kabeer,Chicken Kibbeh-Frozen,No Variant,Frozen Kofta / Kibbeh & Meat Balls,400 gm,3,BVL3,VEAL LEGS 3.6,Asstd. Wt.,MEAT-INDIAN-TRD,68.77,37.7,85.5,,,0,auto_high_confidence
9446,25501579,Al Kabeer Chicken / Beef Kibbeh 400 gm,Al Kabeer,Chicken Kibbeh-Frozen,No Variant,Frozen Kofta / Kibbeh & Meat Balls,400 gm,4,CBBOT,TAYEBAT BEEF BURGERS ONION BULK,1 Kgs x 9 Pkts,BURGERS,55.08,50.0,85.5,conflict,,0,auto_high_confidence
9446,25501579,Al Kabeer Chicken / Beef Kibbeh 400 gm,Al Kabeer,Chicken Kibbeh-Frozen,No Variant,Frozen Kofta / Kibbeh & Meat Balls,400 gm,5,CBBO,4 BEEF BURGERS,200 Gms x 30 Pkt,BURGERS,54.24,47.62,85.5,conflict,,0,auto_high_confidence
9560,25690272,"AL KABEER CHICKEN OR BEEF KIBBEH, 400 gm",Al Kabeer,Beef Kibbeh-Frozen,No Variant,Frozen Kofta / Kibbeh & Meat Balls,400 gm,1,CBK,BEEF KIBBEH 400,400 Gms x 12 Pkts,KOFTA-KIBBEH-FELAFEL,92.08,70.0,85.5,exact,20.69,1,auto_high_confidence
9560,25690272,"AL KABEER CHICKEN OR BEEF KIBBEH, 400 gm",Al Kabeer,Beef Kibbeh-Frozen,No Variant,Frozen Kofta / Kibbeh & Meat Balls,400 gm,2,BC40,BEEF CUBES,2 lb x 20 Pkts,MEAT-INDIAN-TRD,71.38,45.16,85.5,,,0,auto_high_confidence
9560,25690272,"AL KABEER CHICKEN OR BEEF KIBBEH, 400 gm",Al Kabeer,Beef Kibbeh-Frozen,No Variant,Frozen Kofta / Kibbeh & Meat Balls,400 gm,3,BVL3,VEAL LEGS 3.6,Asstd. Wt.,MEAT-INDIAN-TRD,69.02,38.4,85.5,,,0,auto_high_confidence
9560,25690272,"AL KABEER CHICKEN OR BEEF KIBBEH, 400 gm",Al Kabeer,Beef Kibbeh-Frozen,No Variant,Frozen Kofta / Kibbeh & Meat Balls,400 gm,4,CBBOT,TAYEBAT BEEF BURGERS ONION BULK,1 Kgs x 9 Pkts,BURGERS,55.23,50.43,85.5,conflict,,0,auto_high_confidence
9560,25690272,"AL KABEER CHICKEN OR BEEF KIBBEH, 400 gm",Al Kabeer,Beef Kibbeh-Frozen,No Variant,Frozen Kofta / Kibbeh & Meat Balls,400 gm,5,CBBO,4 BEEF BURGERS,200 Gms x 30 Pkt,BURGERS,54.43,48.15,85.5,conflict,,0,auto_high_confidence
9618,25702102,Al Kabeer Chicken/Beef Kibbeh 400 gm,Al Kabeer,Chicken Kibbeh-Frozen,No Variant,Frozen Kofta / Kibbeh & Meat Balls,400 gm,1,CBK,BEEF KIBBEH 400,400 Gms x 12 Pkts,KOFTA-KIBBEH-FELAFEL,92.08,70.0,85.5,exact,20.88,1,auto_high_confidence
9618,25702102,Al Kabeer Chicken/Beef Kibbeh 400 gm,Al Kabeer,Chicken Kibbeh-Frozen,No Variant,Frozen Kofta / Kibbeh & Meat Balls,400 gm,2,BC40,BEEF CUBES,2 lb x 20 Pkts,MEAT-INDIAN-TRD,71.19,44.63,85.5,,,0,auto_high_confidence
9618,25702102,Al Kabeer Chicken/Beef Kibbeh 400 gm,Al Kabeer,Chicken Kibbeh-Frozen,No Variant,Frozen Kofta / Kibbeh & Meat Balls,400 gm,3,BVL3,VEAL LEGS 3.6,Asstd. Wt.,MEAT-INDIAN-TRD,68.77,37.7,85.5,,,0,auto_high_confidence
9618,25702102,Al Kabeer Chicken/Beef Kibbeh 400 gm,Al Kabeer,Chicken Kibbeh-Frozen,No Variant,Frozen Kofta / Kibbeh & Meat Balls,400 gm,4,CBBOT,TAYEBAT BEEF BURGERS ONION BULK,1 Kgs x 9 Pkts,BURGERS,55.08,50.0,85.5,conflict,,0,auto_high_confidence
9618,25702102,Al Kabeer Chicken/Beef Kibbeh 400 gm,Al Kabeer,Chicken Kibbeh-Frozen,No Variant,Frozen Kofta / Kibbeh & Meat Balls,400 gm,5,CBBO,4 BEEF BURGERS,200 Gms x 30 Pkt,BURGERS,54.24,47.62,85.5,conflict,,0,auto_high_confidence
9619,25702102,Al Kabeer Chicken/Beef Kibbeh 400 gm,Al Kabeer,Beef Kibbeh-Frozen,No Variant,Frozen Kofta / Kibbeh & Meat Balls,400 gm,1,CBK,BEEF KIBBEH 400,400 Gms x 12 Pkts,KOFTA-KIBBEH-FELAFEL,92.08,70.0,85.5,exact,20.88,1,auto_high_confidence
9619,25702102,Al Kabeer Chicken/Beef Kibbeh 400 gm,Al Kabeer,Beef Kibbeh-Frozen,No Variant,Frozen Kofta / Kibbeh & Meat Balls,400 gm,2,BC40,BEEF CUBES,2 lb x 20 Pkts,MEAT-INDIAN-TRD,71.19,44.63,85.5,,,0,auto_high_confidence
9619,25702102,Al Kabeer Chicken/Beef Kibbeh 400 gm,Al Kabeer,Beef Kibbeh-Frozen,No Variant,Frozen Kofta / Kibbeh & Meat Balls,400 gm,3,BVL3,VEAL LEGS 3.6,Asstd. Wt.,MEAT-INDIAN-TRD,68.77,37.7,85.5,,,0,auto_high_confidence
9619,25702102,Al Kabeer Chicken/Beef Kibbeh 400 gm,Al Kabeer,Beef Kibbeh-Frozen,No Variant,Frozen Kofta / Kibbeh & Meat Balls,400 gm,4,CBBOT,TAYEBAT BEEF BURGERS ONION BULK,1 Kgs x 9 Pkts,BURGERS,55.08,50.0,85.5,conflict,,0,auto_high_confidence
9619,25702102,Al Kabeer Chicken/Beef Kibbeh 400 gm,Al Kabeer,Beef Kibbeh-Frozen,No Variant,Frozen Kofta / Kibbeh & Meat Balls,400 gm,5,CBBO,4 BEEF BURGERS,200 Gms x 30 Pkt,BURGERS,54.24,47.62,85.5,conflict,,0,auto_high_confidence
9626,25702108,Al Kabeer Zing Chicken Fillets 465 gm,Al Kabeer,Chicken Fillets-Frozen,Spicy,Zing,465 gm,1,CKZF,ZING CHICKEN FILLETS 465,465 Gms x 12 Pkts,FILLETS,89.59,80.0,76.29,exact,22.76,1,auto_high_confidence
9626,25702108,Al Kabeer Zing Chicken Fillets 465 gm,Al Kabeer,Chicken Fillets-Frozen,Spicy,Zing,465 gm,2,CZFNSCFHP,Zing Chicken Fillets Non Spicy + Free Chicken Fillets Spicy,750+750 g. x 4,FILLETS,66.83,83.58,85.5,conflict,,0,auto_high_confidence
9626,25702108,Al Kabeer Zing Chicken Fillets 465 gm,Al Kabeer,Chicken Fillets-Frozen,Spicy,Zing,465 gm,3,CKZFACKNP,Zing Chicken Fillets Spicy + Free Chicken Nuggets,1kg+750 g. x 3,FILLETS,62.87,83.58,79.4,conflict,,0,auto_high_confidence
9626,25702108,Al Kabeer Zing Chicken Fillets 465 gm,Al Kabeer,Chicken Fillets-Frozen,Spicy,Zing,465 gm,4,CKZFDA,ZING CHICKEN FILLETS SPICY 750 GRM,750 GMS X 8 PKT,FILLETS,62.87,83.58,79.4,conflict,,0,auto_high_confidence
9626,25702108,Al Kabeer Zing Chicken Fillets 465 gm,Al Kabeer,Chicken Fillets-Frozen,Spicy,Zing,465 gm,5,CKZFNS,ZING CHICKEN FILLET NON-SPICY,8 X 750 GMS,FILLETS,62.87,83.58,79.4,conflict,,0,auto_high_confidence
9690,25845041,Al Kabeer Breaded Chicken Burgers 400 gm,Al Kabeer,Chicken Burger-Frozen,Breaded,Frozen Burger,400 gm,1,CKBBS,8 BREADED CHICKEN BURGER HOT & SPICY,400 gm x 12 Pkts,BURGERS,100.0,91.14,86.58,exact,17.97,1,auto_high_confidence
9690,25845041,Al Kabeer Breaded Chicken Burgers 400 gm,Al Kabeer,Chicken Burger-Frozen,Breaded,Frozen Burger,400 gm,2,CFBJ,JUMBO HOTDOGS,400 Gms x 20 Pkts,SAUSAGES,82.03,41.3,85.5,exact,,0,auto_high_confidence
9690,25845041,Al Kabeer Breaded Chicken Burgers 400 gm,Al Kabeer,Chicken Burger-Frozen,Breaded,Frozen Burger,400 gm,3,CBBUR,BEEF BURGERS 56 g.,840 g. x 9,BURGERS,56.83,55.0,85.5,conflict,,0,auto_high_confidence
9690,25845041,Al Kabeer Breaded Chicken Burgers 400 gm,Al Kabeer,Chicken Burger-Frozen,Breaded,Frozen Burger,400 gm,4,CBBO,4 BEEF BURGERS,200 Gms x 30 Pkt,BURGERS,56.74,54.76,85.5,conflict,,0,auto_high_confidence
9690,25845041,Al Kabeer Breaded Chicken Burgers 400 gm,Al Kabeer,Chicken Burger-Frozen,Breaded,Frozen Burger,400 gm,5,CBBOA,BEEF BURGERS BULK,2 Kgs x 5 Pkts,BURGERS,55.76,51.95,85.5,conflict,,0,auto_high_confidence
9710,25855118,ALKABEER CHICKEN BURGER 400 gm,Al Kabeer,Chicken Burger-Frozen,Breaded,Frozen Burger,400 gm,1,CKBBS,8 BREADED CHICKEN BURGER HOT & SPICY,400 gm x 12 Pkts,BURGERS,98.0,88.89,84.44,exact,12.85,1,auto_high_confidence
9710,25855118,ALKABEER CHICKEN BURGER 400 gm,Al Kabeer,Chicken Burger-Frozen,Breaded,Frozen Burger,400 gm,2,CKBB,8 BREADED CHICKEN BURGERS,400 Gms x 12 Pkts,BURGERS,85.15,75.61,71.83,exact,,0,auto_high_confidence
9710,25855118,ALKABEER CHICKEN BURGER 400 gm,Al Kabeer,Chicken Burger-Frozen,Breaded,Frozen Burger,400 gm,3,CKBBAD,Breaded Chicken Burger Bag (56 g.),840 g. x 9,BURGERS,60.71,81.36,77.29,conflict,,0,auto_high_confidence
9710,25855118,ALKABEER CHICKEN BURGER 400 gm,Al Kabeer,Chicken Burger-Frozen,Breaded,Frozen Burger,400 gm,4,CKBBADPR,AK PRO Breaded Chicken Burger Bag 840 g. x 8,840 gm x 8,BURGERS,60.71,81.36,77.29,conflict,,0,auto_high_confidence
9710,25855118,ALKABEER CHICKEN BURGER 400 gm,Al Kabeer,Chicken Burger-Frozen,Breaded,Frozen Burger,400 gm,5,CKKBJ,JUMBO BREADED CHICKEN BURGER 100G BULK,1000 GM X 6 PKTS,BURGERS,60.71,81.36,77.29,conflict,,0,auto_high_confidence
9711,25855233,ALKABEER ZING CHICKEN FILLETS 465 gm,Al Kabeer,Chicken Fillets-Frozen,Spicy,Zing,465 gm,1,CKZF,ZING CHICKEN FILLETS 465,465 Gms x 12 Pkts,FILLETS,89.59,80.0,76.29,exact,22.76,1,auto_high_confidence
9711,25855233,ALKABEER ZING CHICKEN FILLETS 465 gm,Al Kabeer,Chicken Fillets-Frozen,Spicy,Zing,465 gm,2,CZFNSCFHP,Zing Chicken Fillets Non Spicy + Free Chicken Fillets Spicy,750+750 g. x 4,FILLETS,66.83,83.58,85.5,conflict,,0,auto_high_confidence
9711,25855233,ALKABEER ZING CHICKEN FILLETS 465 gm,Al Kabeer,Chicken Fillets-Frozen,Spicy,Zing,465 gm,3,CKZFACKNP,Zing Chicken Fillets Spicy + Free Chicken Nuggets,1kg+750 g. x 3,FILLETS,62.87,83.58,79.4,conflict,,0,auto_high_confidence
9711,25855233,ALKABEER ZING CHICKEN FILLETS 465 gm,Al Kabeer,Chicken Fillets-Frozen,Spicy,Zing,465 gm,4,CKZFDA,ZING CHICKEN FILLETS SPICY 750 GRM,750 GMS X 8 PKT,FILLETS,62.87,83.58,79.4,conflict,,0,auto_high_confidence
9711,25855233,ALKABEER ZING CHICKEN FILLETS 465 gm,Al Kabeer,Chicken Fillets-Frozen,Spicy,Zing,465 gm,5,CKZFNS,ZING CHICKEN FILLET NON-SPICY,8 X 750 GMS,FILLETS,62.87,83.58,79.4,conflict,,0,auto_high_confidence
9724,25870068,"Al Kabeer BUTTER CHICKEN FILLET, 700 gm",Al Kabeer,Chicken Fillets-Frozen,No Variant,Zing,700 gm,1,CKZFBC,Butter Chicken Zing Fillets 700 g. x 8,700 g. x 8,FILLETS,90.83,81.48,77.41,exact,12.76,1,auto_high_confidence
9724,25870068,"Al Kabeer BUTTER CHICKEN FILLET, 700 gm",Al Kabeer,Chicken Fillets-Frozen,No Variant,Zing,700 gm,2,CKZSCKNP,Zing Strips Non Spicy + Free Chicken Nuggets Combo Pack,(750 g.+750 g.) x 4,STRIPS,78.08,50.0,85.5,close,,0,auto_high_confidence
9724,25870068,"Al Kabeer BUTTER CHICKEN FILLET, 700 gm",Al Kabeer,Chicken Fillets-Frozen,No Variant,Zing,700 gm,3,CKZFNS,ZING CHICKEN FILLET NON-SPICY,8 X 750 GMS,FILLETS,75.06,72.41,68.79,close,,0,auto_high_confidence
9724,25870068,"Al Kabeer BUTTER CHICKEN FILLET, 700 gm",Al Kabeer,Chicken Fillets-Frozen,No Variant,Zing,700 gm,4,CKZFDATS,Zing Chicken Fillets Tamiya,750 GMS X 8 PKT,FILLETS,71.66,66.06,66.98,close,,0,auto_high_confidence
9724,25870068,"Al Kabeer BUTTER CHICKEN FILLET, 700 gm",Al Kabeer,Chicken Fillets-Frozen,No Variant,Zing,700 gm,5,CKZFDA,ZING CHICKEN FILLETS SPICY 750 GRM,750 GMS X 8 PKT,FILLETS,70.78,62.96,67.29,close,,0,auto_high_confidence
9728,25870212,"Al Kabeer BEEF OR CHICKEN KIBBEH, 400 gm",Al Kabeer,Beef Kibbeh-Frozen,No Variant,Frozen Kofta / Kibbeh & Meat Balls,400 gm,1,CBK,BEEF KIBBEH 400,400 Gms x 12 Pkts,KOFTA-KIBBEH-FELAFEL,92.08,70.0,85.5,exact,20.69,1,auto_high_confidence
9728,25870212,"Al Kabeer BEEF OR CHICKEN KIBBEH, 400 gm",Al Kabeer,Beef Kibbeh-Frozen,No Variant,Frozen Kofta / Kibbeh & Meat Balls,400 gm,2,BC40,BEEF CUBES,2 lb x 20 Pkts,MEAT-INDIAN-TRD,71.38,45.16,85.5,,,0,auto_high_confidence
9728,25870212,"Al Kabeer BEEF OR CHICKEN KIBBEH, 400 gm",Al Kabeer,Beef Kibbeh-Frozen,No Variant,Frozen Kofta / Kibbeh & Meat Balls,400 gm,3,BVL3,VEAL LEGS 3.6,Asstd. Wt.,MEAT-INDIAN-TRD,69.02,38.4,85.5,,,0,auto_high_confidence
9728,25870212,"Al Kabeer BEEF OR CHICKEN KIBBEH, 400 gm",Al Kabeer,Beef Kibbeh-Frozen,No Variant,Frozen Kofta / Kibbeh & Meat Balls,400 gm,4,CBBOT,TAYEBAT BEEF BURGERS ONION BULK,1 Kgs x 9 Pkts,BURGERS,55.23,50.43,85.5,conflict,,0,auto_high_confidence
9728,25870212,"Al Kabeer BEEF OR CHICKEN KIBBEH, 400 gm",Al Kabeer,Beef Kibbeh-Frozen,No Variant,Frozen Kofta / Kibbeh & Meat Balls,400 gm,5,CBBO,4 BEEF BURGERS,200 Gms x 30 Pkt,BURGERS,54.43,48.15,85.5,conflict,,0,auto_high_confidence
9790,25884945,Al Kabeer Chicken/Beef Kibbeh 400 gm,Al Kabeer,Beef Kibbeh-Frozen,No Variant,Frozen Kofta / Kibbeh & Meat Balls,400 gm,1,CBK,BEEF KIBBEH 400,400 Gms x 12 Pkts,KOFTA-KIBBEH-FELAFEL,92.08,70.0,85.5,exact,20.88,1,auto_high_confidence
9790,25884945,Al Kabeer Chicken/Beef Kibbeh 400 gm,Al Kabeer,Beef Kibbeh-Frozen,No Variant,Frozen Kofta / Kibbeh & Meat Balls,400 gm,2,BC40,BEEF CUBES,2 lb x 20 Pkts,MEAT-INDIAN-TRD,71.19,44.63,85.5,,,0,auto_high_confidence
9790,25884945,Al Kabeer Chicken/Beef Kibbeh 400 gm,Al Kabeer,Beef Kibbeh-Frozen,No Variant,Frozen Kofta / Kibbeh & Meat Balls,400 gm,3,BVL3,VEAL LEGS 3.6,Asstd. Wt.,MEAT-INDIAN-TRD,68.77,37.7,85.5,,,0,auto_high_confidence
9790,25884945,Al Kabeer Chicken/Beef Kibbeh 400 gm,Al Kabeer,Beef Kibbeh-Frozen,No Variant,Frozen Kofta / Kibbeh & Meat Balls,400 gm,4,CBBOT,TAYEBAT BEEF BURGERS ONION BULK,1 Kgs x 9 Pkts,BURGERS,55.08,50.0,85.5,conflict,,0,auto_high_confidence
9790,25884945,Al Kabeer Chicken/Beef Kibbeh 400 gm,Al Kabeer,Beef Kibbeh-Frozen,No Variant,Frozen Kofta / Kibbeh & Meat Balls,400 gm,5,CBBO,4 BEEF BURGERS,200 Gms x 30 Pkt,BURGERS,54.24,47.62,85.5,conflict,,0,auto_high_confidence
9791,25884945,Al Kabeer Chicken/Beef Kibbeh 400 gm,Al Kabeer,Chicken Kibbeh-Frozen,No Variant,Frozen Kofta / Kibbeh & Meat Balls,400 gm,1,CBK,BEEF KIBBEH 400,400 Gms x 12 Pkts,KOFTA-KIBBEH-FELAFEL,92.08,70.0,85.5,exact,20.88,1,auto_high_confidence
9791,25884945,Al Kabeer Chicken/Beef Kibbeh 400 gm,Al Kabeer,Chicken Kibbeh-Frozen,No Variant,Frozen Kofta / Kibbeh & Meat Balls,400 gm,2,BC40,BEEF CUBES,2 lb x 20 Pkts,MEAT-INDIAN-TRD,71.19,44.63,85.5,,,0,auto_high_confidence
9791,25884945,Al Kabeer Chicken/Beef Kibbeh 400 gm,Al Kabeer,Chicken Kibbeh-Frozen,No Variant,Frozen Kofta / Kibbeh & Meat Balls,400 gm,3,BVL3,VEAL LEGS 3.6,Asstd. Wt.,MEAT-INDIAN-TRD,68.77,37.7,85.5,,,0,auto_high_confidence
9791,25884945,Al Kabeer Chicken/Beef Kibbeh 400 gm,Al Kabeer,Chicken Kibbeh-Frozen,No Variant,Frozen Kofta / Kibbeh & Meat Balls,400 gm,4,CBBOT,TAYEBAT BEEF BURGERS ONION BULK,1 Kgs x 9 Pkts,BURGERS,55.08,50.0,85.5,conflict,,0,auto_high_confidence
9791,25884945,Al Kabeer Chicken/Beef Kibbeh 400 gm,Al Kabeer,Chicken Kibbeh-Frozen,No Variant,Frozen Kofta / Kibbeh & Meat Balls,400 gm,5,CBBO,4 BEEF BURGERS,200 Gms x 30 Pkt,BURGERS,54.24,47.62,85.5,conflict,,0,auto_high_confidence
9812,25889612,Al Kabeer- Chicken Burger 400 gm,Al Kabeer,Chicken Burger-Frozen,Breaded,Frozen Burger,400 gm,1,CKBBS,8 BREADED CHICKEN BURGER HOT & SPICY,400 gm x 12 Pkts,BURGERS,98.0,88.89,84.44,exact,12.85,1,auto_high_confidence
9812,25889612,Al Kabeer- Chicken Burger 400 gm,Al Kabeer,Chicken Burger-Frozen,Breaded,Frozen Burger,400 gm,2,CKBB,8 BREADED CHICKEN BURGERS,400 Gms x 12 Pkts,BURGERS,85.15,75.61,71.83,exact,,0,auto_high_confidence
9812,25889612,Al Kabeer- Chicken Burger 400 gm,Al Kabeer,Chicken Burger-Frozen,Breaded,Frozen Burger,400 gm,3,CKBBAD,Breaded Chicken Burger Bag (56 g.),840 g. x 9,BURGERS,60.71,81.36,77.29,conflict,,0,auto_high_confidence
9812,25889612,Al Kabeer- Chicken Burger 400 gm,Al Kabeer,Chicken Burger-Frozen,Breaded,Frozen Burger,400 gm,4,CKBBADPR,AK PRO Breaded Chicken Burger Bag 840 g. x 8,840 gm x 8,BURGERS,60.71,81.36,77.29,conflict,,0,auto_high_confidence
9812,25889612,Al Kabeer- Chicken Burger 400 gm,Al Kabeer,Chicken Burger-Frozen,Breaded,Frozen Burger,400 gm,5,CKKBJ,JUMBO BREADED CHICKEN BURGER 100G BULK,1000 GM X 6 PKTS,BURGERS,60.71,81.36,77.29,conflict,,0,auto_high_confidence
9815,25889615,Al Kabeer Chicken/Mutton Samosas Cheese Spring Roll 240 gm,Al Kabeer,Samosa-Frozen,Mutton,"Frozen Pizzas, Wraps, Sandwiches",240 gm,1,CCSAK,12 CHEESE SAMOSAS,240 Gms x 20 Pkts,SAMOSA,91.5,68.35,85.5,exact,38.58,1,auto_high_confidence
9815,25889615,Al Kabeer Chicken/Mutton Samosas Cheese Spring Roll 240 gm,Al Kabeer,Samosa-Frozen,Mutton,"Frozen Pizzas, Wraps, Sandwiches",240 gm,2,CCMSA,MOZZARELLA CHEESE STICKS,1000G X 5 Pkts,STICKS & FINGERS,52.92,43.84,85.5,conflict,,0,auto_high_confidence
9815,25889615,Al Kabeer Chicken/Mutton Samosas Cheese Spring Roll 240 gm,Al Kabeer,Samosa-Frozen,Mutton,"Frozen Pizzas, Wraps, Sandwiches",240 gm,3,CCF,CHICKEN FRIES,12 PKTS X 400 GRM,POP-CORN & CHICKEN FRIES,52.31,42.11,85.5,conflict,,0,auto_high_confidence
9815,25889615,Al Kabeer Chicken/Mutton Samosas Cheese Spring Roll 240 gm,Al Kabeer,Samosa-Frozen,Mutton,"Frozen Pizzas, Wraps, Sandwiches",240 gm,4,CCCB,CHICKEN BIRYANI 400,400 Gms x 12 Pkts,READY2EAT,52.2,41.79,85.5,conflict,,0,auto_high_confidence
9815,25889615,Al Kabeer Chicken/Mutton Samosas Cheese Spring Roll 240 gm,Al Kabeer,Samosa-Frozen,Mutton,"Frozen Pizzas, Wraps, Sandwiches",240 gm,5,CBK,BEEF KIBBEH 400,400 Gms x 12 Pkts,KOFTA-KIBBEH-FELAFEL,50.86,37.96,85.5,conflict,,0,auto_high_confidence
9816,25889615,Al Kabeer Chicken/Mutton Samosas Cheese Spring Roll 240 gm,Al Kabeer,Samosa-Frozen,Chicken,"Frozen Pizzas, Wraps, Sandwiches",240 gm,1,CCSAK,12 CHEESE SAMOSAS,240 Gms x 20 Pkts,SAMOSA,91.5,68.35,85.5,exact,38.58,1,auto_high_confidence
9816,25889615,Al Kabeer Chicken/Mutton Samosas Cheese Spring Roll 240 gm,Al Kabeer,Samosa-Frozen,Chicken,"Frozen Pizzas, Wraps, Sandwiches",240 gm,2,CCMSA,MOZZARELLA CHEESE STICKS,1000G X 5 Pkts,STICKS & FINGERS,52.92,43.84,85.5,conflict,,0,auto_high_confidence
9816,25889615,Al Kabeer Chicken/Mutton Samosas Cheese Spring Roll 240 gm,Al Kabeer,Samosa-Frozen,Chicken,"Frozen Pizzas, Wraps, Sandwiches",240 gm,3,CCF,CHICKEN FRIES,12 PKTS X 400 GRM,POP-CORN & CHICKEN FRIES,52.31,42.11,85.5,conflict,,0,auto_high_confidence
9816,25889615,Al Kabeer Chicken/Mutton Samosas Cheese Spring Roll 240 gm,Al Kabeer,Samosa-Frozen,Chicken,"Frozen Pizzas, Wraps, Sandwiches",240 gm,4,CCCB,CHICKEN BIRYANI 400,400 Gms x 12 Pkts,READY2EAT,52.2,41.79,85.5,conflict,,0,auto_high_confidence
9816,25889615,Al Kabeer Chicken/Mutton Samosas Cheese Spring Roll 240 gm,Al Kabeer,Samosa-Frozen,Chicken,"Frozen Pizzas, Wraps, Sandwiches",240 gm,5,CBK,BEEF KIBBEH 400,400 Gms x 12 Pkts,KOFTA-KIBBEH-FELAFEL,50.86,37.96,85.5,conflict,,0,auto_high_confidence
9849,25987545,Al Kabeer Chicken Burgers 840 gm,Al Kabeer,Chicken Burger-Frozen,Breaded,Frozen Burger,840 gm,1,CKBBADPR,AK PRO Breaded Chicken Burger Bag 840 g. x 8,840 gm x 8,BURGERS,100.0,91.14,86.58,exact,10.06,1,auto_high_confidence
9849,25987545,Al Kabeer Chicken Burgers 840 gm,Al Kabeer,Chicken Burger-Frozen,Breaded,Frozen Burger,840 gm,2,CKBBTY,TAYEBAT BREADED CHICKEN BURGERS 840 g. x 8 Pkts,840 g. x 8 Pkts,BURGERS,89.94,80.56,76.53,exact,,0,auto_high_confidence
9849,25987545,Al Kabeer Chicken Burgers 840 gm,Al Kabeer,Chicken Burger-Frozen,Breaded,Frozen Burger,840 gm,3,CKBBAD,Breaded Chicken Burger Bag (56 g.),840 g. x 9,BURGERS,70.18,91.14,86.58,conflict,,0,auto_high_confidence
9849,25987545,Al Kabeer Chicken Burgers 840 gm,Al Kabeer,Chicken Burger-Frozen,Breaded,Frozen Burger,840 gm,4,CKBBS,8 BREADED CHICKEN BURGER HOT & SPICY,400 gm x 12 Pkts,BURGERS,64.56,85.33,81.07,conflict,,0,auto_high_confidence
9849,25987545,Al Kabeer Chicken Burgers 840 gm,Al Kabeer,Chicken Burger-Frozen,Breaded,Frozen Burger,840 gm,5,CKKBJ,JUMBO BREADED CHICKEN BURGER 100G BULK,1000 GM X 6 PKTS,BURGERS,64.56,85.33,81.07,conflict,,0,auto_high_confidence
9870,26034803,Al Kabeer Zing Chicken Nuggets Spicy 270 gm,Al Kabeer,Chicken Nuggets-Frozen,Spicy,Zing,270 gm,1,CKZN,ZING CHICKEN NUGGETS REGULAR,270 Gms x 20 Pkts,NUGGETS,89.4,80.0,76.0,exact,22.57,1,auto_high_confidence
9870,26034803,Al Kabeer Zing Chicken Nuggets Spicy 270 gm,Al Kabeer,Chicken Nuggets-Frozen,Spicy,Zing,270 gm,2,CKZSCKNP,Zing Strips Non Spicy + Free Chicken Nuggets Combo Pack,(750 g.+750 g.) x 4,STRIPS,66.83,83.58,85.5,conflict,,0,auto_high_confidence
9870,26034803,Al Kabeer Zing Chicken Nuggets Spicy 270 gm,Al Kabeer,Chicken Nuggets-Frozen,Spicy,Zing,270 gm,3,CKZFACKNP,Zing Chicken Fillets Spicy + Free Chicken Nuggets,1kg+750 g. x 3,FILLETS,62.87,83.58,79.4,conflict,,0,auto_high_confidence
9870,26034803,Al Kabeer Zing Chicken Nuggets Spicy 270 gm,Al Kabeer,Chicken Nuggets-Frozen,Spicy,Zing,270 gm,4,CKZNNS,ZING CHICKEN NUGGET NON-SPICY,8 X 750 GMS,NUGGETS,62.87,83.58,79.4,conflict,,0,auto_high_confidence
9870,26034803,Al Kabeer Zing Chicken Nuggets Spicy 270 gm,Al Kabeer,Chicken Nuggets-Frozen,Spicy,Zing,270 gm,5,CKSK,SHISH KEBAB,600 Gms x 12 Pkts,KEBAB,55.08,50.0,85.5,conflict,,0,auto_high_confidence
9872,26034815,Al Kabeer Zing Chicken Fillets 465 gm,Al Kabeer,Chicken Fillets-Frozen,Spicy,Zing,465 gm,1,CKZF,ZING CHICKEN FILLETS 465,465 Gms x 12 Pkts,FILLETS,89.59,80.0,76.29,exact,22.76,1,auto_high_confidence
9872,26034815,Al Kabeer Zing Chicken Fillets 465 gm,Al Kabeer,Chicken Fillets-Frozen,Spicy,Zing,465 gm,2,CZFNSCFHP,Zing Chicken Fillets Non Spicy + Free Chicken Fillets Spicy,750+750 g. x 4,FILLETS,66.83,83.58,85.5,conflict,,0,auto_high_confidence
9872,26034815,Al Kabeer Zing Chicken Fillets 465 gm,Al Kabeer,Chicken Fillets-Frozen,Spicy,Zing,465 gm,3,CKZFACKNP,Zing Chicken Fillets Spicy + Free Chicken Nuggets,1kg+750 g. x 3,FILLETS,62.87,83.58,79.4,conflict,,0,auto_high_confidence
9872,26034815,Al Kabeer Zing Chicken Fillets 465 gm,Al Kabeer,Chicken Fillets-Frozen,Spicy,Zing,465 gm,4,CKZFDA,ZING CHICKEN FILLETS SPICY 750 GRM,750 GMS X 8 PKT,FILLETS,62.87,83.58,79.4,conflict,,0,auto_high_confidence
9872,26034815,Al Kabeer Zing Chicken Fillets 465 gm,Al Kabeer,Chicken Fillets-Frozen,Spicy,Zing,465 gm,5,CKZFNS,ZING CHICKEN FILLET NON-SPICY,8 X 750 GMS,FILLETS,62.87,83.58,79.4,conflict,,0,auto_high_confidence
9877,26035117,Al Kabeer Zing Chicken Nuggets Spicy 270 gm,Al Kabeer,Chicken Nuggets-Frozen,Spicy,Zing,270 gm,1,CKZN,ZING CHICKEN NUGGETS REGULAR,270 Gms x 20 Pkts,NUGGETS,89.4,80.0,76.0,exact,22.57,1,auto_high_confidence
9877,26035117,Al Kabeer Zing Chicken Nuggets Spicy 270 gm,Al Kabeer,Chicken Nuggets-Frozen,Spicy,Zing,270 gm,2,CKZSCKNP,Zing Strips Non Spicy + Free Chicken Nuggets Combo Pack,(750 g.+750 g.) x 4,STRIPS,66.83,83.58,85.5,conflict,,0,auto_high_confidence
9877,26035117,Al Kabeer Zing Chicken Nuggets Spicy 270 gm,Al Kabeer,Chicken Nuggets-Frozen,Spicy,Zing,270 gm,3,CKZFACKNP,Zing Chicken Fillets Spicy + Free Chicken Nuggets,1kg+750 g. x 3,FILLETS,62.87,83.58,79.4,conflict,,0,auto_high_confidence
9877,26035117,Al Kabeer Zing Chicken Nuggets Spicy 270 gm,Al Kabeer,Chicken Nuggets-Frozen,Spicy,Zing,270 gm,4,CKZNNS,ZING CHICKEN NUGGET NON-SPICY,8 X 750 GMS,NUGGETS,62.87,83.58,79.4,conflict,,0,auto_high_confidence
9877,26035117,Al Kabeer Zing Chicken Nuggets Spicy 270 gm,Al Kabeer,Chicken Nuggets-Frozen,Spicy,Zing,270 gm,5,CKSK,SHISH KEBAB,600 Gms x 12 Pkts,KEBAB,55.08,50.0,85.5,conflict,,0,auto_high_confidence
9909,26054303,"AL KABEER BEEF OR CHICKEN KIBBEH, 400 gm",Al Kabeer,Beef Kibbeh-Frozen,No Variant,Frozen Kofta / Kibbeh & Meat Balls,400 gm,1,CBK,BEEF KIBBEH 400,400 Gms x 12 Pkts,KOFTA-KIBBEH-FELAFEL,92.08,70.0,85.5,exact,20.69,1,auto_high_confidence
9909,26054303,"AL KABEER BEEF OR CHICKEN KIBBEH, 400 gm",Al Kabeer,Beef Kibbeh-Frozen,No Variant,Frozen Kofta / Kibbeh & Meat Balls,400 gm,2,BC40,BEEF CUBES,2 lb x 20 Pkts,MEAT-INDIAN-TRD,71.38,45.16,85.5,,,0,auto_high_confidence
9909,26054303,"AL KABEER BEEF OR CHICKEN KIBBEH, 400 gm",Al Kabeer,Beef Kibbeh-Frozen,No Variant,Frozen Kofta / Kibbeh & Meat Balls,400 gm,3,BVL3,VEAL LEGS 3.6,Asstd. Wt.,MEAT-INDIAN-TRD,69.02,38.4,85.5,,,0,auto_high_confidence
9909,26054303,"AL KABEER BEEF OR CHICKEN KIBBEH, 400 gm",Al Kabeer,Beef Kibbeh-Frozen,No Variant,Frozen Kofta / Kibbeh & Meat Balls,400 gm,4,CBBOT,TAYEBAT BEEF BURGERS ONION BULK,1 Kgs x 9 Pkts,BURGERS,55.23,50.43,85.5,conflict,,0,auto_high_confidence
9909,26054303,"AL KABEER BEEF OR CHICKEN KIBBEH, 400 gm",Al Kabeer,Beef Kibbeh-Frozen,No Variant,Frozen Kofta / Kibbeh & Meat Balls,400 gm,5,CBBO,4 BEEF BURGERS,200 Gms x 30 Pkt,BURGERS,54.43,48.15,85.5,conflict,,0,auto_high_confidence
9948,26062641,Al Kabeer Chicken Kibbeh (400gm),Al Kabeer,Chicken Kibbeh-Frozen,No Variant,Frozen Kofta / Kibbeh & Meat Balls,400 gm,1,CBK,BEEF KIBBEH 400,400 Gms x 12 Pkts,KOFTA-KIBBEH-FELAFEL,89.68,63.16,85.5,exact,20.69,1,auto_high_confidence
9948,26062641,Al Kabeer Chicken Kibbeh (400gm),Al Kabeer,Chicken Kibbeh-Frozen,No Variant,Frozen Kofta / Kibbeh & Meat Balls,400 gm,2,BVL3,VEAL LEGS 3.6,Asstd. Wt.,MEAT-INDIAN-TRD,68.99,38.33,85.5,,,0,auto_high_confidence
9948,26062641,Al Kabeer Chicken Kibbeh (400gm),Al Kabeer,Chicken Kibbeh-Frozen,No Variant,Frozen Kofta / Kibbeh & Meat Balls,400 gm,3,BC40,BEEF CUBES,2 lb x 20 Pkts,MEAT-INDIAN-TRD,68.52,36.97,85.5,,,0,auto_high_confidence
9948,26062641,Al Kabeer Chicken Kibbeh (400gm),Al Kabeer,Chicken Kibbeh-Frozen,No Variant,Frozen Kofta / Kibbeh & Meat Balls,400 gm,4,BTS,BEEF TOPSIDE ALK,20 KGS,MEAT-INDIAN-TRD,52.41,42.37,85.5,conflict,,0,auto_high_confidence
9948,26062641,Al Kabeer Chicken Kibbeh (400gm),Al Kabeer,Chicken Kibbeh-Frozen,No Variant,Frozen Kofta / Kibbeh & Meat Balls,400 gm,5,CBBOT,TAYEBAT BEEF BURGERS ONION BULK,1 Kgs x 9 Pkts,BURGERS,52.21,41.82,85.5,conflict,,0,auto_high_confidence
9990,26203945,Al Kabeer chicken burger breaded Regular/Spicy 400 gm,Al Kabeer,Chicken Burger-Frozen,Breaded,Frozen Burger,400 gm,1,CKBBS,8 BREADED CHICKEN BURGER HOT & SPICY,400 gm x 12 Pkts,BURGERS,100.0,92.31,87.69,exact,10.28,1,auto_high_confidence
9990,26203945,Al Kabeer chicken burger breaded Regular/Spicy 400 gm,Al Kabeer,Chicken Burger-Frozen,Breaded,Frozen Burger,400 gm,2,CCCB,CHICKEN BIRYANI 400,400 Gms x 12 Pkts,READY2EAT,89.72,63.27,85.5,exact,,0,auto_high_confidence
9990,26203945,Al Kabeer chicken burger breaded Regular/Spicy 400 gm,Al Kabeer,Chicken Burger-Frozen,Breaded,Frozen Burger,400 gm,3,CBBO,4 BEEF BURGERS,200 Gms x 30 Pkt,BURGERS,59.35,62.22,85.5,conflict,,0,auto_high_confidence
9990,26203945,Al Kabeer chicken burger breaded Regular/Spicy 400 gm,Al Kabeer,Chicken Burger-Frozen,Breaded,Frozen Burger,400 gm,4,CBBO24,24 BEEF BURGERS,1.2 Kgs x 8 Pkts,BURGERS,58.34,59.34,85.5,conflict,,0,auto_high_confidence
9990,26203945,Al Kabeer chicken burger breaded Regular/Spicy 400 gm,Al Kabeer,Chicken Burger-Frozen,Breaded,Frozen Burger,400 gm,5,CCSRA,8 CHEESE SPRING ROLLS,240 Gms x 20 Pkts,SPRING ROLL,55.92,52.43,85.5,conflict,,0,auto_high_confidence
10218,26619401,Al Kabeer Zing Chicken Fillets 465 gm,Al Kabeer,Chicken Fillets-Frozen,Spicy,Zing,465 gm,1,CKZF,ZING CHICKEN FILLETS 465,465 Gms x 12 Pkts,FILLETS,89.59,80.0,76.29,exact,22.76,1,auto_high_confidence
10218,26619401,Al Kabeer Zing Chicken Fillets 465 gm,Al Kabeer,Chicken Fillets-Frozen,Spicy,Zing,465 gm,2,CZFNSCFHP,Zing Chicken Fillets Non Spicy + Free Chicken Fillets Spicy,750+750 g. x 4,FILLETS,66.83,83.58,85.5,conflict,,0,auto_high_confidence
10218,26619401,Al Kabeer Zing Chicken Fillets 465 gm,Al Kabeer,Chicken Fillets-Frozen,Spicy,Zing,465 gm,3,CKZFACKNP,Zing Chicken Fillets Spicy + Free Chicken Nuggets,1kg+750 g. x 3,FILLETS,62.87,83.58,79.4,conflict,,0,auto_high_confidence
10218,26619401,Al Kabeer Zing Chicken Fillets 465 gm,Al Kabeer,Chicken Fillets-Frozen,Spicy,Zing,465 gm,4,CKZFDA,ZING CHICKEN FILLETS SPICY 750 GRM,750 GMS X 8 PKT,FILLETS,62.87,83.58,79.4,conflict,,0,auto_high_confidence
10218,26619401,Al Kabeer Zing Chicken Fillets 465 gm,Al Kabeer,Chicken Fillets-Frozen,Spicy,Zing,465 gm,5,CKZFNS,ZING CHICKEN FILLET NON-SPICY,8 X 750 GMS,FILLETS,62.87,83.58,79.4,conflict,,0,auto_high_confidence
10265,26644604,Al Kabeer Chicken / Beef Kibbeh 400 gm,Al Kabeer,Beef Kibbeh-Frozen,No Variant,Frozen Kofta / Kibbeh & Meat Balls,400 gm,1,CBK,BEEF KIBBEH 400,400 Gms x 12 Pkts,KOFTA-KIBBEH-FELAFEL,92.08,70.0,85.5,exact,20.88,1,auto_high_confidence
10265,26644604,Al Kabeer Chicken / Beef Kibbeh 400 gm,Al Kabeer,Beef Kibbeh-Frozen,No Variant,Frozen Kofta / Kibbeh & Meat Balls,400 gm,2,BC40,BEEF CUBES,2 lb x 20 Pkts,MEAT-INDIAN-TRD,71.19,44.63,85.5,,,0,auto_high_confidence
10265,26644604,Al Kabeer Chicken / Beef Kibbeh 400 gm,Al Kabeer,Beef Kibbeh-Frozen,No Variant,Frozen Kofta / Kibbeh & Meat Balls,400 gm,3,BVL3,VEAL LEGS 3.6,Asstd. Wt.,MEAT-INDIAN-TRD,68.77,37.7,85.5,,,0,auto_high_confidence
10265,26644604,Al Kabeer Chicken / Beef Kibbeh 400 gm,Al Kabeer,Beef Kibbeh-Frozen,No Variant,Frozen Kofta / Kibbeh & Meat Balls,400 gm,4,CBBOT,TAYEBAT BEEF BURGERS ONION BULK,1 Kgs x 9 Pkts,BURGERS,55.08,50.0,85.5,conflict,,0,auto_high_confidence
10265,26644604,Al Kabeer Chicken / Beef Kibbeh 400 gm,Al Kabeer,Beef Kibbeh-Frozen,No Variant,Frozen Kofta / Kibbeh & Meat Balls,400 gm,5,CBBO,4 BEEF BURGERS,200 Gms x 30 Pkt,BURGERS,54.24,47.62,85.5,conflict,,0,auto_high_confidence
10266,26644604,Al Kabeer Chicken / Beef Kibbeh 400 gm,Al Kabeer,Chicken Kibbeh-Frozen,No Variant,Frozen Kofta / Kibbeh & Meat Balls,400 gm,1,CBK,BEEF KIBBEH 400,400 Gms x 12 Pkts,KOFTA-KIBBEH-FELAFEL,92.08,70.0,85.5,exact,20.88,1,auto_high_confidence
10266,26644604,Al Kabeer Chicken / Beef Kibbeh 400 gm,Al Kabeer,Chicken Kibbeh-Frozen,No Variant,Frozen Kofta / Kibbeh & Meat Balls,400 gm,2,BC40,BEEF CUBES,2 lb x 20 Pkts,MEAT-INDIAN-TRD,71.19,44.63,85.5,,,0,auto_high_confidence
10266,26644604,Al Kabeer Chicken / Beef Kibbeh 400 gm,Al Kabeer,Chicken Kibbeh-Frozen,No Variant,Frozen Kofta / Kibbeh & Meat Balls,400 gm,3,BVL3,VEAL LEGS 3.6,Asstd. Wt.,MEAT-INDIAN-TRD,68.77,37.7,85.5,,,0,auto_high_confidence
10266,26644604,Al Kabeer Chicken / Beef Kibbeh 400 gm,Al Kabeer,Chicken Kibbeh-Frozen,No Variant,Frozen Kofta / Kibbeh & Meat Balls,400 gm,4,CBBOT,TAYEBAT BEEF BURGERS ONION BULK,1 Kgs x 9 Pkts,BURGERS,55.08,50.0,85.5,conflict,,0,auto_high_confidence
10266,26644604,Al Kabeer Chicken / Beef Kibbeh 400 gm,Al Kabeer,Chicken Kibbeh-Frozen,No Variant,Frozen Kofta / Kibbeh & Meat Balls,400 gm,5,CBBO,4 BEEF BURGERS,200 Gms x 30 Pkt,BURGERS,54.24,47.62,85.5,conflict,,0,auto_high_confidence
10296,26667300,Al Kabeer Breaded Chicken Burgers 400 gm,Al Kabeer,Chicken Burger-Frozen,Breaded,Frozen Burger,400 gm,1,CKBBS,8 BREADED CHICKEN BURGER HOT & SPICY,400 gm x 12 Pkts,BURGERS,100.0,91.14,86.58,exact,17.97,1,auto_high_confidence
10296,26667300,Al Kabeer Breaded Chicken Burgers 400 gm,Al Kabeer,Chicken Burger-Frozen,Breaded,Frozen Burger,400 gm,2,CFBJ,JUMBO HOTDOGS,400 Gms x 20 Pkts,SAUSAGES,82.03,41.3,85.5,exact,,0,auto_high_confidence
10296,26667300,Al Kabeer Breaded Chicken Burgers 400 gm,Al Kabeer,Chicken Burger-Frozen,Breaded,Frozen Burger,400 gm,3,CBBUR,BEEF BURGERS 56 g.,840 g. x 9,BURGERS,56.83,55.0,85.5,conflict,,0,auto_high_confidence
10296,26667300,Al Kabeer Breaded Chicken Burgers 400 gm,Al Kabeer,Chicken Burger-Frozen,Breaded,Frozen Burger,400 gm,4,CBBO,4 BEEF BURGERS,200 Gms x 30 Pkt,BURGERS,56.74,54.76,85.5,conflict,,0,auto_high_confidence
10296,26667300,Al Kabeer Breaded Chicken Burgers 400 gm,Al Kabeer,Chicken Burger-Frozen,Breaded,Frozen Burger,400 gm,5,CBBOA,BEEF BURGERS BULK,2 Kgs x 5 Pkts,BURGERS,55.76,51.95,85.5,conflict,,0,auto_high_confidence
10322,26708990,Al Kabeer Breaded Chicken Burgers 400 Gm,Al Kabeer,Chicken Burger-Frozen,Breaded,Frozen Burger,400 gm,1,CKBBS,8 BREADED CHICKEN BURGER HOT & SPICY,400 gm x 12 Pkts,BURGERS,100.0,91.14,86.58,exact,17.97,1,auto_high_confidence
10322,26708990,Al Kabeer Breaded Chicken Burgers 400 Gm,Al Kabeer,Chicken Burger-Frozen,Breaded,Frozen Burger,400 gm,2,CFBJ,JUMBO HOTDOGS,400 Gms x 20 Pkts,SAUSAGES,82.03,41.3,85.5,exact,,0,auto_high_confidence
10322,26708990,Al Kabeer Breaded Chicken Burgers 400 Gm,Al Kabeer,Chicken Burger-Frozen,Breaded,Frozen Burger,400 gm,3,CBBUR,BEEF BURGERS 56 g.,840 g. x 9,BURGERS,56.83,55.0,85.5,conflict,,0,auto_high_confidence
10322,26708990,Al Kabeer Breaded Chicken Burgers 400 Gm,Al Kabeer,Chicken Burger-Frozen,Breaded,Frozen Burger,400 gm,4,CBBO,4 BEEF BURGERS,200 Gms x 30 Pkt,BURGERS,56.74,54.76,85.5,conflict,,0,auto_high_confidence
10322,26708990,Al Kabeer Breaded Chicken Burgers 400 Gm,Al Kabeer,Chicken Burger-Frozen,Breaded,Frozen Burger,400 gm,5,CBBOA,BEEF BURGERS BULK,2 Kgs x 5 Pkts,BURGERS,55.76,51.95,85.5,conflict,,0,auto_high_confidence
10347,26809084,ALKABEER CHICKEN BURGER 400 gm,Al Kabeer,Chicken Burger-Frozen,Breaded,Frozen Burger,400 gm,1,CKBBS,8 BREADED CHICKEN BURGER HOT & SPICY,400 gm x 12 Pkts,BURGERS,98.0,88.89,84.44,exact,12.85,1,auto_high_confidence
10347,26809084,ALKABEER CHICKEN BURGER 400 gm,Al Kabeer,Chicken Burger-Frozen,Breaded,Frozen Burger,400 gm,2,CKBB,8 BREADED CHICKEN BURGERS,400 Gms x 12 Pkts,BURGERS,85.15,75.61,71.83,exact,,0,auto_high_confidence
10347,26809084,ALKABEER CHICKEN BURGER 400 gm,Al Kabeer,Chicken Burger-Frozen,Breaded,Frozen Burger,400 gm,3,CKBBAD,Breaded Chicken Burger Bag (56 g.),840 g. x 9,BURGERS,60.71,81.36,77.29,conflict,,0,auto_high_confidence
10347,26809084,ALKABEER CHICKEN BURGER 400 gm,Al Kabeer,Chicken Burger-Frozen,Breaded,Frozen Burger,400 gm,4,CKBBADPR,AK PRO Breaded Chicken Burger Bag 840 g. x 8,840 gm x 8,BURGERS,60.71,81.36,77.29,conflict,,0,auto_high_confidence
10347,26809084,ALKABEER CHICKEN BURGER 400 gm,Al Kabeer,Chicken Burger-Frozen,Breaded,Frozen Burger,400 gm,5,CKKBJ,JUMBO BREADED CHICKEN BURGER 100G BULK,1000 GM X 6 PKTS,BURGERS,60.71,81.36,77.29,conflict,,0,auto_high_confidence
10411,26965115,Al Kabeer Zing Chicken Fillets 465 gm,Al Kabeer,Chicken Fillets-Frozen,Spicy,Zing,465 gm,1,CKZF,ZING CHICKEN FILLETS 465,465 Gms x 12 Pkts,FILLETS,89.59,80.0,76.29,exact,22.76,1,auto_high_confidence
10411,26965115,Al Kabeer Zing Chicken Fillets 465 gm,Al Kabeer,Chicken Fillets-Frozen,Spicy,Zing,465 gm,2,CZFNSCFHP,Zing Chicken Fillets Non Spicy + Free Chicken Fillets Spicy,750+750 g. x 4,FILLETS,66.83,83.58,85.5,conflict,,0,auto_high_confidence
10411,26965115,Al Kabeer Zing Chicken Fillets 465 gm,Al Kabeer,Chicken Fillets-Frozen,Spicy,Zing,465 gm,3,CKZFACKNP,Zing Chicken Fillets Spicy + Free Chicken Nuggets,1kg+750 g. x 3,FILLETS,62.87,83.58,79.4,conflict,,0,auto_high_confidence
10411,26965115,Al Kabeer Zing Chicken Fillets 465 gm,Al Kabeer,Chicken Fillets-Frozen,Spicy,Zing,465 gm,4,CKZFDA,ZING CHICKEN FILLETS SPICY 750 GRM,750 GMS X 8 PKT,FILLETS,62.87,83.58,79.4,conflict,,0,auto_high_confidence
10411,26965115,Al Kabeer Zing Chicken Fillets 465 gm,Al Kabeer,Chicken Fillets-Frozen,Spicy,Zing,465 gm,5,CKZFNS,ZING CHICKEN FILLET NON-SPICY,8 X 750 GMS,FILLETS,62.87,83.58,79.4,conflict,,0,auto_high_confidence
10592,27217926,Al Kabeer Chicken / Beef Kibbeh (400 gm),Al Kabeer,Chicken Kibbeh-Frozen,No Variant,Frozen Kofta / Kibbeh & Meat Balls,400 gm,1,CBK,BEEF KIBBEH 400,400 Gms x 12 Pkts,KOFTA-KIBBEH-FELAFEL,92.08,70.0,85.5,exact,20.88,1,auto_high_confidence
10592,27217926,Al Kabeer Chicken / Beef Kibbeh (400 gm),Al Kabeer,Chicken Kibbeh-Frozen,No Variant,Frozen Kofta / Kibbeh & Meat Balls,400 gm,2,BC40,BEEF CUBES,2 lb x 20 Pkts,MEAT-INDIAN-TRD,71.19,44.63,85.5,,,0,auto_high_confidence
10592,27217926,Al Kabeer Chicken / Beef Kibbeh (400 gm),Al Kabeer,Chicken Kibbeh-Frozen,No Variant,Frozen Kofta / Kibbeh & Meat Balls,400 gm,3,BVL3,VEAL LEGS 3.6,Asstd. Wt.,MEAT-INDIAN-TRD,68.77,37.7,85.5,,,0,auto_high_confidence
10592,27217926,Al Kabeer Chicken / Beef Kibbeh (400 gm),Al Kabeer,Chicken Kibbeh-Frozen,No Variant,Frozen Kofta / Kibbeh & Meat Balls,400 gm,4,CBBOT,TAYEBAT BEEF BURGERS ONION BULK,1 Kgs x 9 Pkts,BURGERS,55.08,50.0,85.5,conflict,,0,auto_high_confidence
10592,27217926,Al Kabeer Chicken / Beef Kibbeh (400 gm),Al Kabeer,Chicken Kibbeh-Frozen,No Variant,Frozen Kofta / Kibbeh & Meat Balls,400 gm,5,CBBO,4 BEEF BURGERS,200 Gms x 30 Pkt,BURGERS,54.24,47.62,85.5,conflict,,0,auto_high_confidence
10593,27217926,Al Kabeer Chicken / Beef Kibbeh (400 gm),Al Kabeer,Beef Kibbeh-Frozen,No Variant,Frozen Kofta / Kibbeh & Meat Balls,400 gm,1,CBK,BEEF KIBBEH 400,400 Gms x 12 Pkts,KOFTA-KIBBEH-FELAFEL,92.08,70.0,85.5,exact,20.88,1,auto_high_confidence
10593,27217926,Al Kabeer Chicken / Beef Kibbeh (400 gm),Al Kabeer,Beef Kibbeh-Frozen,No Variant,Frozen Kofta / Kibbeh & Meat Balls,400 gm,2,BC40,BEEF CUBES,2 lb x 20 Pkts,MEAT-INDIAN-TRD,71.19,44.63,85.5,,,0,auto_high_confidence
10593,27217926,Al Kabeer Chicken / Beef Kibbeh (400 gm),Al Kabeer,Beef Kibbeh-Frozen,No Variant,Frozen Kofta / Kibbeh & Meat Balls,400 gm,3,BVL3,VEAL LEGS 3.6,Asstd. Wt.,MEAT-INDIAN-TRD,68.77,37.7,85.5,,,0,auto_high_confidence
10593,27217926,Al Kabeer Chicken / Beef Kibbeh (400 gm),Al Kabeer,Beef Kibbeh-Frozen,No Variant,Frozen Kofta / Kibbeh & Meat Balls,400 gm,4,CBBOT,TAYEBAT BEEF BURGERS ONION BULK,1 Kgs x 9 Pkts,BURGERS,55.08,50.0,85.5,conflict,,0,auto_high_confidence
10593,27217926,Al Kabeer Chicken / Beef Kibbeh (400 gm),Al Kabeer,Beef Kibbeh-Frozen,No Variant,Frozen Kofta / Kibbeh & Meat Balls,400 gm,5,CBBO,4 BEEF BURGERS,200 Gms x 30 Pkt,BURGERS,54.24,47.62,85.5,conflict,,0,auto_high_confidence
10643,27319168,Al Kabeer Zing Chicken Fillets 465 gm,Al Kabeer,Chicken Fillets-Frozen,Spicy,Zing,465 gm,1,CKZF,ZING CHICKEN FILLETS 465,465 Gms x 12 Pkts,FILLETS,89.59,80.0,76.29,exact,22.76,1,auto_high_confidence
10643,27319168,Al Kabeer Zing Chicken Fillets 465 gm,Al Kabeer,Chicken Fillets-Frozen,Spicy,Zing,465 gm,2,CZFNSCFHP,Zing Chicken Fillets Non Spicy + Free Chicken Fillets Spicy,750+750 g. x 4,FILLETS,66.83,83.58,85.5,conflict,,0,auto_high_confidence
10643,27319168,Al Kabeer Zing Chicken Fillets 465 gm,Al Kabeer,Chicken Fillets-Frozen,Spicy,Zing,465 gm,3,CKZFACKNP,Zing Chicken Fillets Spicy + Free Chicken Nuggets,1kg+750 g. x 3,FILLETS,62.87,83.58,79.4,conflict,,0,auto_high_confidence
10643,27319168,Al Kabeer Zing Chicken Fillets 465 gm,Al Kabeer,Chicken Fillets-Frozen,Spicy,Zing,465 gm,4,CKZFDA,ZING CHICKEN FILLETS SPICY 750 GRM,750 GMS X 8 PKT,FILLETS,62.87,83.58,79.4,conflict,,0,auto_high_confidence
10643,27319168,Al Kabeer Zing Chicken Fillets 465 gm,Al Kabeer,Chicken Fillets-Frozen,Spicy,Zing,465 gm,5,CKZFNS,ZING CHICKEN FILLET NON-SPICY,8 X 750 GMS,FILLETS,62.87,83.58,79.4,conflict,,0,auto_high_confidence
10644,27319171,Al Kabeer Zing Chicken Nuggets Spicy 270 gm,Al Kabeer,Chicken Nuggets-Frozen,Spicy,Zing,270 gm,1,CKZN,ZING CHICKEN NUGGETS REGULAR,270 Gms x 20 Pkts,NUGGETS,89.4,80.0,76.0,exact,22.57,1,auto_high_confidence
10644,27319171,Al Kabeer Zing Chicken Nuggets Spicy 270 gm,Al Kabeer,Chicken Nuggets-Frozen,Spicy,Zing,270 gm,2,CKZSCKNP,Zing Strips Non Spicy + Free Chicken Nuggets Combo Pack,(750 g.+750 g.) x 4,STRIPS,66.83,83.58,85.5,conflict,,0,auto_high_confidence
10644,27319171,Al Kabeer Zing Chicken Nuggets Spicy 270 gm,Al Kabeer,Chicken Nuggets-Frozen,Spicy,Zing,270 gm,3,CKZFACKNP,Zing Chicken Fillets Spicy + Free Chicken Nuggets,1kg+750 g. x 3,FILLETS,62.87,83.58,79.4,conflict,,0,auto_high_confidence
10644,27319171,Al Kabeer Zing Chicken Nuggets Spicy 270 gm,Al Kabeer,Chicken Nuggets-Frozen,Spicy,Zing,270 gm,4,CKZNNS,ZING CHICKEN NUGGET NON-SPICY,8 X 750 GMS,NUGGETS,62.87,83.58,79.4,conflict,,0,auto_high_confidence
10644,27319171,Al Kabeer Zing Chicken Nuggets Spicy 270 gm,Al Kabeer,Chicken Nuggets-Frozen,Spicy,Zing,270 gm,5,CKSK,SHISH KEBAB,600 Gms x 12 Pkts,KEBAB,55.08,50.0,85.5,conflict,,0,auto_high_confidence
10718,27396101,Al Kabeer Zing Chicken Strips 320 gm,Al Kabeer,Chicken Strips-Frozen,Spicy,Zing,320 gm,1,CKZS,ZING CHICKEN STRIPS,320 Gms x 20 Pkts,STRIPS,89.58,79.37,76.61,exact,22.92,1,auto_high_confidence
10718,27396101,Al Kabeer Zing Chicken Strips 320 gm,Al Kabeer,Chicken Strips-Frozen,Spicy,Zing,320 gm,2,CKZSCKNP,Zing Strips Non Spicy + Free Chicken Nuggets Combo Pack,(750 g.+750 g.) x 4,STRIPS,66.65,83.08,85.5,conflict,,0,auto_high_confidence
10718,27396101,Al Kabeer Zing Chicken Strips 320 gm,Al Kabeer,Chicken Strips-Frozen,Spicy,Zing,320 gm,3,CKZSDA,ZING CHICKEN STRIPS SPICY 750 GRM,750 GMS X 8 PKT,STRIPS,62.38,83.08,78.92,conflict,,0,auto_high_confidence
10718,27396101,Al Kabeer Zing Chicken Strips 320 gm,Al Kabeer,Chicken Strips-Frozen,Spicy,Zing,320 gm,4,CKZSNS,ZING CHICKEN STRIPS NON-SPICY,8 X 750 GMS,STRIPS,62.38,83.08,78.92,conflict,,0,auto_high_confidence
10718,27396101,Al Kabeer Zing Chicken Strips 320 gm,Al Kabeer,Chicken Strips-Frozen,Spicy,Zing,320 gm,5,CZFNSCFHP,Zing Chicken Fillets Non Spicy + Free Chicken Fillets Spicy,750+750 g. x 4,FILLETS,61.71,68.97,85.5,conflict,,0,auto_high_confidence
10722,27396106,Al Kabeer 8 pcs Breaded Chicken Burgers 400 gm,Al Kabeer,Chicken Burger-Frozen,Breaded,Frozen Burger,400 gm,1,CKBBS,8 BREADED CHICKEN BURGER HOT & SPICY,400 gm x 12 Pkts,BURGERS,100.0,92.13,87.53,exact,41.36,1,auto_high_confidence
10722,27396106,Al Kabeer 8 pcs Breaded Chicken Burgers 400 gm,Al Kabeer,Chicken Burger-Frozen,Breaded,Frozen Burger,400 gm,2,CBBAGPR,AK PRO BEEF BURGER 24,1.392 kg x 6 Pkts,BURGERS,58.64,60.19,85.5,conflict,,0,auto_high_confidence
10722,27396106,Al Kabeer 8 pcs Breaded Chicken Burgers 400 gm,Al Kabeer,Chicken Burger-Frozen,Breaded,Frozen Burger,400 gm,3,CBBOA,BEEF BURGERS BULK,2 Kgs x 5 Pkts,BURGERS,58.06,58.54,85.5,conflict,,0,auto_high_confidence
10722,27396106,Al Kabeer 8 pcs Breaded Chicken Burgers 400 gm,Al Kabeer,Chicken Burger-Frozen,Breaded,Frozen Burger,400 gm,4,CBBO24,24 BEEF BURGERS,1.2 Kgs x 8 Pkts,BURGERS,57.8,57.78,85.5,conflict,,0,auto_high_confidence
10722,27396106,Al Kabeer 8 pcs Breaded Chicken Burgers 400 gm,Al Kabeer,Chicken Burger-Frozen,Breaded,Frozen Burger,400 gm,5,CBBUR,BEEF BURGERS 56 g.,840 g. x 9,BURGERS,57.34,56.47,85.5,conflict,,0,auto_high_confidence
10728,27399099,Breaded Chicken Fillets 330 gm,Al Kabeer,Chicken Fillets-Frozen,Spicy,Marinated & Breaded,330 gm,1,CFBF,BREADED FISH FILLET,330 Gms x 20 Pkts,FILLETS,88.64,60.18,85.5,exact,12.81,1,auto_high_confidence
10728,27399099,Breaded Chicken Fillets 330 gm,Al Kabeer,Chicken Fillets-Frozen,Spicy,Marinated & Breaded,330 gm,2,CKBS,8 BEEF SEEKH KEBAB,320 Gms x 24 Pkts,KEBAB,75.82,43.56,85.5,close,,0,auto_high_confidence
10728,27399099,Breaded Chicken Fillets 330 gm,Al Kabeer,Chicken Fillets-Frozen,Spicy,Marinated & Breaded,330 gm,3,CFBFA,BREADED FISH FILLET BULK,1 Kgs x 5 Pkts,FILLETS,55.72,51.85,85.5,conflict,,0,auto_high_confidence
10728,27399099,Breaded Chicken Fillets 330 gm,Al Kabeer,Chicken Fillets-Frozen,Spicy,Marinated & Breaded,330 gm,4,CKBW,BBQ CHICKEN WINGS 400,400 Gms x 12 Pkts,WINGS,53.79,46.32,85.5,conflict,,0,auto_high_confidence
10728,27399099,Breaded Chicken Fillets 330 gm,Al Kabeer,Chicken Fillets-Frozen,Spicy,Marinated & Breaded,330 gm,5,CBBO,4 BEEF BURGERS,200 Gms x 30 Pkt,BURGERS,52.01,41.24,85.5,conflict,,0,auto_high_confidence
10738,27400247,Al Kabeer Breaded Chicken Burgers 400 gm,Al Kabeer,Chicken Burger-Frozen,Breaded,Frozen Burger,400 gm,1,CKBBS,8 BREADED CHICKEN BURGER HOT & SPICY,400 gm x 12 Pkts,BURGERS,100.0,91.14,86.58,exact,17.97,1,auto_high_confidence
10738,27400247,Al Kabeer Breaded Chicken Burgers 400 gm,Al Kabeer,Chicken Burger-Frozen,Breaded,Frozen Burger,400 gm,2,CFBJ,JUMBO HOTDOGS,400 Gms x 20 Pkts,SAUSAGES,82.03,41.3,85.5,exact,,0,auto_high_confidence
10738,27400247,Al Kabeer Breaded Chicken Burgers 400 gm,Al Kabeer,Chicken Burger-Frozen,Breaded,Frozen Burger,400 gm,3,CBBUR,BEEF BURGERS 56 g.,840 g. x 9,BURGERS,56.83,55.0,85.5,conflict,,0,auto_high_confidence
10738,27400247,Al Kabeer Breaded Chicken Burgers 400 gm,Al Kabeer,Chicken Burger-Frozen,Breaded,Frozen Burger,400 gm,4,CBBO,4 BEEF BURGERS,200 Gms x 30 Pkt,BURGERS,56.74,54.76,85.5,conflict,,0,auto_high_confidence
10738,27400247,Al Kabeer Breaded Chicken Burgers 400 gm,Al Kabeer,Chicken Burger-Frozen,Breaded,Frozen Burger,400 gm,5,CBBOA,BEEF BURGERS BULK,2 Kgs x 5 Pkts,BURGERS,55.76,51.95,85.5,conflict,,0,auto_high_confidence
10770,27452369,Al Kabeer Beef Seekh Kebabs 8 pcs 320 gm	,Al Kabeer,Seekh Kabab-Frozen,No Variant,Frozen Kabab ,320 gm,1,CKBS,8 BEEF SEEKH KEBAB,320 Gms x 24 Pkts,KEBAB,91.39,68.04,85.5,exact,35.43,1,auto_high_confidence
10770,27452369,Al Kabeer Beef Seekh Kebabs 8 pcs 320 gm	,Al Kabeer,Seekh Kabab-Frozen,No Variant,Frozen Kabab ,320 gm,2,CFB,BEEF FRANKS,454 Gms x 20 Pkts,SAUSAGES,55.96,52.53,85.5,conflict,,0,auto_high_confidence
10770,27452369,Al Kabeer Beef Seekh Kebabs 8 pcs 320 gm	,Al Kabeer,Seekh Kabab-Frozen,No Variant,Frozen Kabab ,320 gm,3,CBBO,4 BEEF BURGERS,200 Gms x 30 Pkt,BURGERS,54.89,49.46,85.5,conflict,,0,auto_high_confidence
10770,27452369,Al Kabeer Beef Seekh Kebabs 8 pcs 320 gm	,Al Kabeer,Seekh Kabab-Frozen,No Variant,Frozen Kabab ,320 gm,4,CBBO24,24 BEEF BURGERS,1.2 Kgs x 8 Pkts,BURGERS,54.7,48.94,85.5,conflict,,0,auto_high_confidence
10770,27452369,Al Kabeer Beef Seekh Kebabs 8 pcs 320 gm	,Al Kabeer,Seekh Kabab-Frozen,No Variant,Frozen Kabab ,320 gm,5,CKSK,SHISH KEBAB,600 Gms x 12 Pkts,KEBAB,54.13,47.31,85.5,conflict,,0,auto_high_confidence
10805,27565402,Alkabeer Chicken Burger Breaded Regular / Hot & Spicy 400 gm,Al Kabeer,Chicken Burger-Frozen,Breaded,Frozen Burger,400 gm,1,CKBBS,8 BREADED CHICKEN BURGER HOT & SPICY,400 gm x 12 Pkts,BURGERS,100.0,93.46,88.79,exact,10.63,1,auto_high_confidence
10805,27565402,Alkabeer Chicken Burger Breaded Regular / Hot & Spicy 400 gm,Al Kabeer,Chicken Burger-Frozen,Breaded,Frozen Burger,400 gm,2,CCCB,CHICKEN BIRYANI 400,400 Gms x 12 Pkts,READY2EAT,89.37,62.26,85.5,exact,,0,auto_high_confidence
10805,27565402,Alkabeer Chicken Burger Breaded Regular / Hot & Spicy 400 gm,Al Kabeer,Chicken Burger-Frozen,Breaded,Frozen Burger,400 gm,3,CBK,BEEF KIBBEH 400,400 Gms x 12 Pkts,KOFTA-KIBBEH-FELAFEL,86.84,55.05,85.5,exact,,0,auto_high_confidence
10805,27565402,Alkabeer Chicken Burger Breaded Regular / Hot & Spicy 400 gm,Al Kabeer,Chicken Burger-Frozen,Breaded,Frozen Burger,400 gm,4,BC40,BEEF CUBES,2 lb x 20 Pkts,MEAT-INDIAN-TRD,72.15,47.37,85.5,,,0,auto_high_confidence
10805,27565402,Alkabeer Chicken Burger Breaded Regular / Hot & Spicy 400 gm,Al Kabeer,Chicken Burger-Frozen,Breaded,Frozen Burger,400 gm,5,BVL3,VEAL LEGS 3.6,Asstd. Wt.,MEAT-INDIAN-TRD,69.58,40.0,85.5,,,0,auto_high_confidence
10837,27575525,Al Kabeer CHICKEN BURGERS 840 gm,Al Kabeer,Chicken Burger-Frozen,Breaded,Frozen Burger,840 gm,1,CKBBADPR,AK PRO Breaded Chicken Burger Bag 840 g. x 8,840 gm x 8,BURGERS,100.0,91.14,86.58,exact,10.06,1,auto_high_confidence
10837,27575525,Al Kabeer CHICKEN BURGERS 840 gm,Al Kabeer,Chicken Burger-Frozen,Breaded,Frozen Burger,840 gm,2,CKBBTY,TAYEBAT BREADED CHICKEN BURGERS 840 g. x 8 Pkts,840 g. x 8 Pkts,BURGERS,89.94,80.56,76.53,exact,,0,auto_high_confidence
10837,27575525,Al Kabeer CHICKEN BURGERS 840 gm,Al Kabeer,Chicken Burger-Frozen,Breaded,Frozen Burger,840 gm,3,CKBBAD,Breaded Chicken Burger Bag (56 g.),840 g. x 9,BURGERS,70.18,91.14,86.58,conflict,,0,auto_high_confidence
10837,27575525,Al Kabeer CHICKEN BURGERS 840 gm,Al Kabeer,Chicken Burger-Frozen,Breaded,Frozen Burger,840 gm,4,CKBBS,8 BREADED CHICKEN BURGER HOT & SPICY,400 gm x 12 Pkts,BURGERS,64.56,85.33,81.07,conflict,,0,auto_high_confidence
10837,27575525,Al Kabeer CHICKEN BURGERS 840 gm,Al Kabeer,Chicken Burger-Frozen,Breaded,Frozen Burger,840 gm,5,CKKBJ,JUMBO BREADED CHICKEN BURGER 100G BULK,1000 GM X 6 PKTS,BURGERS,64.56,85.33,81.07,conflict,,0,auto_high_confidence
10839,27578342,Al Kabeer Zing Chicken Strips (320 gm),Al Kabeer,Chicken Strips-Frozen,Spicy,Zing,320 gm,1,CKZS,ZING CHICKEN STRIPS,320 Gms x 20 Pkts,STRIPS,89.58,79.37,76.61,exact,22.92,1,auto_high_confidence
10839,27578342,Al Kabeer Zing Chicken Strips (320 gm),Al Kabeer,Chicken Strips-Frozen,Spicy,Zing,320 gm,2,CKZSCKNP,Zing Strips Non Spicy + Free Chicken Nuggets Combo Pack,(750 g.+750 g.) x 4,STRIPS,66.65,83.08,85.5,conflict,,0,auto_high_confidence
10839,27578342,Al Kabeer Zing Chicken Strips (320 gm),Al Kabeer,Chicken Strips-Frozen,Spicy,Zing,320 gm,3,CKZSDA,ZING CHICKEN STRIPS SPICY 750 GRM,750 GMS X 8 PKT,STRIPS,62.38,83.08,78.92,conflict,,0,auto_high_confidence
10839,27578342,Al Kabeer Zing Chicken Strips (320 gm),Al Kabeer,Chicken Strips-Frozen,Spicy,Zing,320 gm,4,CKZSNS,ZING CHICKEN STRIPS NON-SPICY,8 X 750 GMS,STRIPS,62.38,83.08,78.92,conflict,,0,auto_high_confidence
10839,27578342,Al Kabeer Zing Chicken Strips (320 gm),Al Kabeer,Chicken Strips-Frozen,Spicy,Zing,320 gm,5,CZFNSCFHP,Zing Chicken Fillets Non Spicy + Free Chicken Fillets Spicy,750+750 g. x 4,FILLETS,61.71,68.97,85.5,conflict,,0,auto_high_confidence
10847,27578350,Al Kabeer Zing Chicken Fillets (465 gm),Al Kabeer,Chicken Fillets-Frozen,Spicy,Zing,465 gm,1,CKZF,ZING CHICKEN FILLETS 465,465 Gms x 12 Pkts,FILLETS,89.59,80.0,76.29,exact,22.76,1,auto_high_confidence
10847,27578350,Al Kabeer Zing Chicken Fillets (465 gm),Al Kabeer,Chicken Fillets-Frozen,Spicy,Zing,465 gm,2,CZFNSCFHP,Zing Chicken Fillets Non Spicy + Free Chicken Fillets Spicy,750+750 g. x 4,FILLETS,66.83,83.58,85.5,conflict,,0,auto_high_confidence
10847,27578350,Al Kabeer Zing Chicken Fillets (465 gm),Al Kabeer,Chicken Fillets-Frozen,Spicy,Zing,465 gm,3,CKZFACKNP,Zing Chicken Fillets Spicy + Free Chicken Nuggets,1kg+750 g. x 3,FILLETS,62.87,83.58,79.4,conflict,,0,auto_high_confidence
10847,27578350,Al Kabeer Zing Chicken Fillets (465 gm),Al Kabeer,Chicken Fillets-Frozen,Spicy,Zing,465 gm,4,CKZFDA,ZING CHICKEN FILLETS SPICY 750 GRM,750 GMS X 8 PKT,FILLETS,62.87,83.58,79.4,conflict,,0,auto_high_confidence
10847,27578350,Al Kabeer Zing Chicken Fillets (465 gm),Al Kabeer,Chicken Fillets-Frozen,Spicy,Zing,465 gm,5,CKZFNS,ZING CHICKEN FILLET NON-SPICY,8 X 750 GMS,FILLETS,62.87,83.58,79.4,conflict,,0,auto_high_confidence
10937,27749193,Al Kabeer Zing Chicken Strips (320 gm),Al Kabeer,Chicken Strips-Frozen,Spicy,Zing,320 gm,1,CKZS,ZING CHICKEN STRIPS,320 Gms x 20 Pkts,STRIPS,89.58,79.37,76.61,exact,22.92,1,auto_high_confidence
10937,27749193,Al Kabeer Zing Chicken Strips (320 gm),Al Kabeer,Chicken Strips-Frozen,Spicy,Zing,320 gm,2,CKZSCKNP,Zing Strips Non Spicy + Free Chicken Nuggets Combo Pack,(750 g.+750 g.) x 4,STRIPS,66.65,83.08,85.5,conflict,,0,auto_high_confidence
10937,27749193,Al Kabeer Zing Chicken Strips (320 gm),Al Kabeer,Chicken Strips-Frozen,Spicy,Zing,320 gm,3,CKZSDA,ZING CHICKEN STRIPS SPICY 750 GRM,750 GMS X 8 PKT,STRIPS,62.38,83.08,78.92,conflict,,0,auto_high_confidence
10937,27749193,Al Kabeer Zing Chicken Strips (320 gm),Al Kabeer,Chicken Strips-Frozen,Spicy,Zing,320 gm,4,CKZSNS,ZING CHICKEN STRIPS NON-SPICY,8 X 750 GMS,STRIPS,62.38,83.08,78.92,conflict,,0,auto_high_confidence
10937,27749193,Al Kabeer Zing Chicken Strips (320 gm),Al Kabeer,Chicken Strips-Frozen,Spicy,Zing,320 gm,5,CZFNSCFHP,Zing Chicken Fillets Non Spicy + Free Chicken Fillets Spicy,750+750 g. x 4,FILLETS,61.71,68.97,85.5,conflict,,0,auto_high_confidence
10939,27749318,Al Kabeer Zing Chicken Fillets (465 gm),Al Kabeer,Chicken Fillets-Frozen,Spicy,Zing,465 gm,1,CKZF,ZING CHICKEN FILLETS 465,465 Gms x 12 Pkts,FILLETS,89.59,80.0,76.29,exact,22.76,1,auto_high_confidence
10939,27749318,Al Kabeer Zing Chicken Fillets (465 gm),Al Kabeer,Chicken Fillets-Frozen,Spicy,Zing,465 gm,2,CZFNSCFHP,Zing Chicken Fillets Non Spicy + Free Chicken Fillets Spicy,750+750 g. x 4,FILLETS,66.83,83.58,85.5,conflict,,0,auto_high_confidence
10939,27749318,Al Kabeer Zing Chicken Fillets (465 gm),Al Kabeer,Chicken Fillets-Frozen,Spicy,Zing,465 gm,3,CKZFACKNP,Zing Chicken Fillets Spicy + Free Chicken Nuggets,1kg+750 g. x 3,FILLETS,62.87,83.58,79.4,conflict,,0,auto_high_confidence
10939,27749318,Al Kabeer Zing Chicken Fillets (465 gm),Al Kabeer,Chicken Fillets-Frozen,Spicy,Zing,465 gm,4,CKZFDA,ZING CHICKEN FILLETS SPICY 750 GRM,750 GMS X 8 PKT,FILLETS,62.87,83.58,79.4,conflict,,0,auto_high_confidence
10939,27749318,Al Kabeer Zing Chicken Fillets (465 gm),Al Kabeer,Chicken Fillets-Frozen,Spicy,Zing,465 gm,5,CKZFNS,ZING CHICKEN FILLET NON-SPICY,8 X 750 GMS,FILLETS,62.87,83.58,79.4,conflict,,0,auto_high_confidence
10970,27757960,Al Kabeer CHICKEN BURGERS 840 gm,Al Kabeer,Chicken Burger-Frozen,Breaded,Frozen Burger,840 gm,1,CKBBADPR,AK PRO Breaded Chicken Burger Bag 840 g. x 8,840 gm x 8,BURGERS,100.0,91.14,86.58,exact,10.06,1,auto_high_confidence
10970,27757960,Al Kabeer CHICKEN BURGERS 840 gm,Al Kabeer,Chicken Burger-Frozen,Breaded,Frozen Burger,840 gm,2,CKBBTY,TAYEBAT BREADED CHICKEN BURGERS 840 g. x 8 Pkts,840 g. x 8 Pkts,BURGERS,89.94,80.56,76.53,exact,,0,auto_high_confidence
10970,27757960,Al Kabeer CHICKEN BURGERS 840 gm,Al Kabeer,Chicken Burger-Frozen,Breaded,Frozen Burger,840 gm,3,CKBBAD,Breaded Chicken Burger Bag (56 g.),840 g. x 9,BURGERS,70.18,91.14,86.58,conflict,,0,auto_high_confidence
10970,27757960,Al Kabeer CHICKEN BURGERS 840 gm,Al Kabeer,Chicken Burger-Frozen,Breaded,Frozen Burger,840 gm,4,CKBBS,8 BREADED CHICKEN BURGER HOT & SPICY,400 gm x 12 Pkts,BURGERS,64.56,85.33,81.07,conflict,,0,auto_high_confidence
10970,27757960,Al Kabeer CHICKEN BURGERS 840 gm,Al Kabeer,Chicken Burger-Frozen,Breaded,Frozen Burger,840 gm,5,CKKBJ,JUMBO BREADED CHICKEN BURGER 100G BULK,1000 GM X 6 PKTS,BURGERS,64.56,85.33,81.07,conflict,,0,auto_high_confidence
10991,27808259,Al Kabeer Breaded Chicken Fillets Spicy 330 gm,Al Kabeer,Chicken Fillets-Frozen,Spicy,Marinated & Breaded,330 gm,1,CFBF,BREADED FISH FILLET,330 Gms x 20 Pkts,FILLETS,88.64,60.18,85.5,exact,32.91,1,auto_high_confidence
10991,27808259,Al Kabeer Breaded Chicken Fillets Spicy 330 gm,Al Kabeer,Chicken Fillets-Frozen,Spicy,Marinated & Breaded,330 gm,2,CFBFA,BREADED FISH FILLET BULK,1 Kgs x 5 Pkts,FILLETS,55.72,51.85,85.5,conflict,,0,auto_high_confidence
10991,27808259,Al Kabeer Breaded Chicken Fillets Spicy 330 gm,Al Kabeer,Chicken Fillets-Frozen,Spicy,Marinated & Breaded,330 gm,3,CCCB,CHICKEN BIRYANI 400,400 Gms x 12 Pkts,READY2EAT,54.24,47.62,85.5,conflict,,0,auto_high_confidence
10991,27808259,Al Kabeer Breaded Chicken Fillets Spicy 330 gm,Al Kabeer,Chicken Fillets-Frozen,Spicy,Marinated & Breaded,330 gm,4,CBBO,4 BEEF BURGERS,200 Gms x 30 Pkt,BURGERS,52.01,41.24,85.5,conflict,,0,auto_high_confidence
10991,27808259,Al Kabeer Breaded Chicken Fillets Spicy 330 gm,Al Kabeer,Chicken Fillets-Frozen,Spicy,Marinated & Breaded,330 gm,5,CFB,BEEF FRANKS,454 Gms x 20 Pkts,SAUSAGES,51.85,40.78,85.5,conflict,,0,auto_high_confidence
11079,27987307,Al Kabeer CHICKEN BURGERS 840 gm,Al Kabeer,Chicken Burger-Frozen,Breaded,Frozen Burger,840 gm,1,CKBBADPR,AK PRO Breaded Chicken Burger Bag 840 g. x 8,840 gm x 8,BURGERS,100.0,91.14,86.58,exact,10.06,1,auto_high_confidence
11079,27987307,Al Kabeer CHICKEN BURGERS 840 gm,Al Kabeer,Chicken Burger-Frozen,Breaded,Frozen Burger,840 gm,2,CKBBTY,TAYEBAT BREADED CHICKEN BURGERS 840 g. x 8 Pkts,840 g. x 8 Pkts,BURGERS,89.94,80.56,76.53,exact,,0,auto_high_confidence
11079,27987307,Al Kabeer CHICKEN BURGERS 840 gm,Al Kabeer,Chicken Burger-Frozen,Breaded,Frozen Burger,840 gm,3,CKBBAD,Breaded Chicken Burger Bag (56 g.),840 g. x 9,BURGERS,70.18,91.14,86.58,conflict,,0,auto_high_confidence
11079,27987307,Al Kabeer CHICKEN BURGERS 840 gm,Al Kabeer,Chicken Burger-Frozen,Breaded,Frozen Burger,840 gm,4,CKBBS,8 BREADED CHICKEN BURGER HOT & SPICY,400 gm x 12 Pkts,BURGERS,64.56,85.33,81.07,conflict,,0,auto_high_confidence
11079,27987307,Al Kabeer CHICKEN BURGERS 840 gm,Al Kabeer,Chicken Burger-Frozen,Breaded,Frozen Burger,840 gm,5,CKKBJ,JUMBO BREADED CHICKEN BURGER 100G BULK,1000 GM X 6 PKTS,BURGERS,64.56,85.33,81.07,conflict,,0,auto_high_confidence
11107,28025016,Al Kabeer Chicken Strips/Fillet 750 gm,Al Kabeer,Chicken Strips-Frozen,No Variant,Zing,750 gm,1,CKZSCKNP,Zing Strips Non Spicy + Free Chicken Nuggets Combo Pack,(750 g.+750 g.) x 4,STRIPS,90.91,66.67,85.5,exact,11.47,1,auto_high_confidence
11107,28025016,Al Kabeer Chicken Strips/Fillet 750 gm,Al Kabeer,Chicken Strips-Frozen,No Variant,Zing,750 gm,2,CKZSDA,ZING CHICKEN STRIPS SPICY 750 GRM,750 GMS X 8 PKT,STRIPS,79.44,67.57,67.38,exact,,0,auto_high_confidence
11107,28025016,Al Kabeer Chicken Strips/Fillet 750 gm,Al Kabeer,Chicken Strips-Frozen,No Variant,Zing,750 gm,3,CKZSNS,ZING CHICKEN STRIPS NON-SPICY,8 X 750 GMS,STRIPS,78.48,68.0,65.66,exact,,0,auto_high_confidence
11107,28025016,Al Kabeer Chicken Strips/Fillet 750 gm,Al Kabeer,Chicken Strips-Frozen,No Variant,Zing,750 gm,4,CZFNSCFHP,Zing Chicken Fillets Non Spicy + Free Chicken Fillets Spicy,750+750 g. x 4,FILLETS,78.29,68.52,65.09,exact,,0,auto_high_confidence
11107,28025016,Al Kabeer Chicken Strips/Fillet 750 gm,Al Kabeer,Chicken Strips-Frozen,No Variant,Zing,750 gm,5,CKZFNS,ZING CHICKEN FILLET NON-SPICY,8 X 750 GMS,FILLETS,76.8,66.67,63.8,exact,,0,auto_high_confidence
11139,28167869,Al Kabeer Zing Chicken Fillets 465 gm,Al Kabeer,Chicken Fillets-Frozen,Spicy,Zing,465 gm,1,CKZF,ZING CHICKEN FILLETS 465,465 Gms x 12 Pkts,FILLETS,89.59,80.0,76.29,exact,22.76,1,auto_high_confidence
11139,28167869,Al Kabeer Zing Chicken Fillets 465 gm,Al Kabeer,Chicken Fillets-Frozen,Spicy,Zing,465 gm,2,CZFNSCFHP,Zing Chicken Fillets Non Spicy + Free Chicken Fillets Spicy,750+750 g. x 4,FILLETS,66.83,83.58,85.5,conflict,,0,auto_high_confidence
11139,28167869,Al Kabeer Zing Chicken Fillets 465 gm,Al Kabeer,Chicken Fillets-Frozen,Spicy,Zing,465 gm,3,CKZFACKNP,Zing Chicken Fillets Spicy + Free Chicken Nuggets,1kg+750 g. x 3,FILLETS,62.87,83.58,79.4,conflict,,0,auto_high_confidence
11139,28167869,Al Kabeer Zing Chicken Fillets 465 gm,Al Kabeer,Chicken Fillets-Frozen,Spicy,Zing,465 gm,4,CKZFDA,ZING CHICKEN FILLETS SPICY 750 GRM,750 GMS X 8 PKT,FILLETS,62.87,83.58,79.4,conflict,,0,auto_high_confidence
11139,28167869,Al Kabeer Zing Chicken Fillets 465 gm,Al Kabeer,Chicken Fillets-Frozen,Spicy,Zing,465 gm,5,CKZFNS,ZING CHICKEN FILLET NON-SPICY,8 X 750 GMS,FILLETS,62.87,83.58,79.4,conflict,,0,auto_high_confidence
11149,28179726,ALKABEER CHICKEN BURGER BREADED REGULAR / HOT & SPICY 400 gm,Al Kabeer,Chicken Burger-Frozen,Breaded,Frozen Burger,400 gm,1,CKBBS,8 BREADED CHICKEN BURGER HOT & SPICY,400 gm x 12 Pkts,BURGERS,100.0,93.46,88.79,exact,10.63,1,auto_high_confidence
11149,28179726,ALKABEER CHICKEN BURGER BREADED REGULAR / HOT & SPICY 400 gm,Al Kabeer,Chicken Burger-Frozen,Breaded,Frozen Burger,400 gm,2,CCCB,CHICKEN BIRYANI 400,400 Gms x 12 Pkts,READY2EAT,89.37,62.26,85.5,exact,,0,auto_high_confidence
11149,28179726,ALKABEER CHICKEN BURGER BREADED REGULAR / HOT & SPICY 400 gm,Al Kabeer,Chicken Burger-Frozen,Breaded,Frozen Burger,400 gm,3,CBK,BEEF KIBBEH 400,400 Gms x 12 Pkts,KOFTA-KIBBEH-FELAFEL,86.84,55.05,85.5,exact,,0,auto_high_confidence
11149,28179726,ALKABEER CHICKEN BURGER BREADED REGULAR / HOT & SPICY 400 gm,Al Kabeer,Chicken Burger-Frozen,Breaded,Frozen Burger,400 gm,4,BC40,BEEF CUBES,2 lb x 20 Pkts,MEAT-INDIAN-TRD,72.15,47.37,85.5,,,0,auto_high_confidence
11149,28179726,ALKABEER CHICKEN BURGER BREADED REGULAR / HOT & SPICY 400 gm,Al Kabeer,Chicken Burger-Frozen,Breaded,Frozen Burger,400 gm,5,BVL3,VEAL LEGS 3.6,Asstd. Wt.,MEAT-INDIAN-TRD,69.58,40.0,85.5,,,0,auto_high_confidence
11205,28199409,Al Kabeer Breaded Chicken Burgers 400 gm,Al Kabeer,Chicken Burger-Frozen,Breaded,Frozen Burger,400 gm,1,CKBBS,8 BREADED CHICKEN BURGER HOT & SPICY,400 gm x 12 Pkts,BURGERS,100.0,91.14,86.58,exact,17.97,1,auto_high_confidence
11205,28199409,Al Kabeer Breaded Chicken Burgers 400 gm,Al Kabeer,Chicken Burger-Frozen,Breaded,Frozen Burger,400 gm,2,CFBJ,JUMBO HOTDOGS,400 Gms x 20 Pkts,SAUSAGES,82.03,41.3,85.5,exact,,0,auto_high_confidence
11205,28199409,Al Kabeer Breaded Chicken Burgers 400 gm,Al Kabeer,Chicken Burger-Frozen,Breaded,Frozen Burger,400 gm,3,CBBUR,BEEF BURGERS 56 g.,840 g. x 9,BURGERS,56.83,55.0,85.5,conflict,,0,auto_high_confidence
11205,28199409,Al Kabeer Breaded Chicken Burgers 400 gm,Al Kabeer,Chicken Burger-Frozen,Breaded,Frozen Burger,400 gm,4,CBBO,4 BEEF BURGERS,200 Gms x 30 Pkt,BURGERS,56.74,54.76,85.5,conflict,,0,auto_high_confidence
11205,28199409,Al Kabeer Breaded Chicken Burgers 400 gm,Al Kabeer,Chicken Burger-Frozen,Breaded,Frozen Burger,400 gm,5,CBBOA,BEEF BURGERS BULK,2 Kgs x 5 Pkts,BURGERS,55.76,51.95,85.5,conflict,,0,auto_high_confidence
11404,28662353,"Al Kabeer CHICKEN & CHEESE STICKS, 1 kg",Al Kabeer,Chicken Cheese Stick-Frozen,No Variant,Frozen Barbeque Products,1 kg,1,CCKSB,CHICKEN STICKS BULK,1 Kgs x 5 Pkts,STICKS & FINGERS,91.97,69.7,85.5,exact,9.23,1,auto_high_confidence
11404,28662353,"Al Kabeer CHICKEN & CHEESE STICKS, 1 kg",Al Kabeer,Chicken Cheese Stick-Frozen,No Variant,Frozen Barbeque Products,1 kg,2,CBBOT,TAYEBAT BEEF BURGERS ONION BULK,1 Kgs x 9 Pkts,BURGERS,82.74,43.33,85.5,exact,,0,auto_high_confidence
11404,28662353,"Al Kabeer CHICKEN & CHEESE STICKS, 1 kg",Al Kabeer,Chicken Cheese Stick-Frozen,No Variant,Frozen Barbeque Products,1 kg,3,CCSAKPR,A.K PRO CHEESE SAMOSA,4 X 1.2 KGS,SAMOSA,54.01,46.96,85.5,conflict,,0,auto_high_confidence
11404,28662353,"Al Kabeer CHICKEN & CHEESE STICKS, 1 kg",Al Kabeer,Chicken Cheese Stick-Frozen,No Variant,Frozen Barbeque Products,1 kg,4,CCSAKA,CHEESE SAMOSAS BULK,1.2 Kgs x 4 Pkts,SAMOSA,53.59,45.76,85.5,conflict,,0,auto_high_confidence
11404,28662353,"Al Kabeer CHICKEN & CHEESE STICKS, 1 kg",Al Kabeer,Chicken Cheese Stick-Frozen,No Variant,Frozen Barbeque Products,1 kg,5,CCSAK,12 CHEESE SAMOSAS,240 Gms x 20 Pkts,SAMOSA,51.69,40.32,85.5,conflict,,0,auto_high_confidence
11477,28733241,Al Kabeer Breaded Chicken Burgers 400 gm,Al Kabeer,Chicken Burger-Frozen,Breaded,Frozen Burger,400 gm,1,CKBBS,8 BREADED CHICKEN BURGER HOT & SPICY,400 gm x 12 Pkts,BURGERS,100.0,91.14,86.58,exact,17.97,1,auto_high_confidence
11477,28733241,Al Kabeer Breaded Chicken Burgers 400 gm,Al Kabeer,Chicken Burger-Frozen,Breaded,Frozen Burger,400 gm,2,CFBJ,JUMBO HOTDOGS,400 Gms x 20 Pkts,SAUSAGES,82.03,41.3,85.5,exact,,0,auto_high_confidence
11477,28733241,Al Kabeer Breaded Chicken Burgers 400 gm,Al Kabeer,Chicken Burger-Frozen,Breaded,Frozen Burger,400 gm,3,CBBUR,BEEF BURGERS 56 g.,840 g. x 9,BURGERS,56.83,55.0,85.5,conflict,,0,auto_high_confidence
11477,28733241,Al Kabeer Breaded Chicken Burgers 400 gm,Al Kabeer,Chicken Burger-Frozen,Breaded,Frozen Burger,400 gm,4,CBBO,4 BEEF BURGERS,200 Gms x 30 Pkt,BURGERS,56.74,54.76,85.5,conflict,,0,auto_high_confidence
11477,28733241,Al Kabeer Breaded Chicken Burgers 400 gm,Al Kabeer,Chicken Burger-Frozen,Breaded,Frozen Burger,400 gm,5,CBBOA,BEEF BURGERS BULK,2 Kgs x 5 Pkts,BURGERS,55.76,51.95,85.5,conflict,,0,auto_high_confidence
11506,28856009,Al Kabeer Breaded Chicken Burgers 400 gm,Al Kabeer,Chicken Burger-Frozen,Breaded,Frozen Burger,400 gm,1,CKBBS,8 BREADED CHICKEN BURGER HOT & SPICY,400 gm x 12 Pkts,BURGERS,100.0,91.14,86.58,exact,17.97,1,auto_high_confidence
11506,28856009,Al Kabeer Breaded Chicken Burgers 400 gm,Al Kabeer,Chicken Burger-Frozen,Breaded,Frozen Burger,400 gm,2,CFBJ,JUMBO HOTDOGS,400 Gms x 20 Pkts,SAUSAGES,82.03,41.3,85.5,exact,,0,auto_high_confidence
11506,28856009,Al Kabeer Breaded Chicken Burgers 400 gm,Al Kabeer,Chicken Burger-Frozen,Breaded,Frozen Burger,400 gm,3,CBBUR,BEEF BURGERS 56 g.,840 g. x 9,BURGERS,56.83,55.0,85.5,conflict,,0,auto_high_confidence
11506,28856009,Al Kabeer Breaded Chicken Burgers 400 gm,Al Kabeer,Chicken Burger-Frozen,Breaded,Frozen Burger,400 gm,4,CBBO,4 BEEF BURGERS,200 Gms x 30 Pkt,BURGERS,56.74,54.76,85.5,conflict,,0,auto_high_confidence
11506,28856009,Al Kabeer Breaded Chicken Burgers 400 gm,Al Kabeer,Chicken Burger-Frozen,Breaded,Frozen Burger,400 gm,5,CBBOA,BEEF BURGERS BULK,2 Kgs x 5 Pkts,BURGERS,55.76,51.95,85.5,conflict,,0,auto_high_confidence
11509,28856728,Al Kabeer Zing Chicken Nuggets Spicy 270 gm,Al Kabeer,Chicken Nuggets-Frozen,Spicy,Zing,270 gm,1,CKZN,ZING CHICKEN NUGGETS REGULAR,270 Gms x 20 Pkts,NUGGETS,89.4,80.0,76.0,exact,22.57,1,auto_high_confidence
11509,28856728,Al Kabeer Zing Chicken Nuggets Spicy 270 gm,Al Kabeer,Chicken Nuggets-Frozen,Spicy,Zing,270 gm,2,CKZSCKNP,Zing Strips Non Spicy + Free Chicken Nuggets Combo Pack,(750 g.+750 g.) x 4,STRIPS,66.83,83.58,85.5,conflict,,0,auto_high_confidence
11509,28856728,Al Kabeer Zing Chicken Nuggets Spicy 270 gm,Al Kabeer,Chicken Nuggets-Frozen,Spicy,Zing,270 gm,3,CKZFACKNP,Zing Chicken Fillets Spicy + Free Chicken Nuggets,1kg+750 g. x 3,FILLETS,62.87,83.58,79.4,conflict,,0,auto_high_confidence
11509,28856728,Al Kabeer Zing Chicken Nuggets Spicy 270 gm,Al Kabeer,Chicken Nuggets-Frozen,Spicy,Zing,270 gm,4,CKZNNS,ZING CHICKEN NUGGET NON-SPICY,8 X 750 GMS,NUGGETS,62.87,83.58,79.4,conflict,,0,auto_high_confidence
11509,28856728,Al Kabeer Zing Chicken Nuggets Spicy 270 gm,Al Kabeer,Chicken Nuggets-Frozen,Spicy,Zing,270 gm,5,CKSK,SHISH KEBAB,600 Gms x 12 Pkts,KEBAB,55.08,50.0,85.5,conflict,,0,auto_high_confidence
11606,29027384,"Al Kabeer CHICKEN BURGER, 840 gm",Al Kabeer,Chicken Burger-Frozen,Breaded,Frozen Burger,840 gm,1,CKBBADPR,AK PRO Breaded Chicken Burger Bag 840 g. x 8,840 gm x 8,BURGERS,98.0,88.89,84.44,exact,13.44,1,auto_high_confidence
11606,29027384,"Al Kabeer CHICKEN BURGER, 840 gm",Al Kabeer,Chicken Burger-Frozen,Breaded,Frozen Burger,840 gm,2,CKBBTY,TAYEBAT BREADED CHICKEN BURGERS 840 g. x 8 Pkts,840 g. x 8 Pkts,BURGERS,84.56,75.0,71.25,exact,,0,auto_high_confidence
11606,29027384,"Al Kabeer CHICKEN BURGER, 840 gm",Al Kabeer,Chicken Burger-Frozen,Breaded,Frozen Burger,840 gm,3,CKBBAD,Breaded Chicken Burger Bag (56 g.),840 g. x 9,BURGERS,68.0,88.89,84.44,conflict,,0,auto_high_confidence
11606,29027384,"Al Kabeer CHICKEN BURGER, 840 gm",Al Kabeer,Chicken Burger-Frozen,Breaded,Frozen Burger,840 gm,4,CKBBS,8 BREADED CHICKEN BURGER HOT & SPICY,400 gm x 12 Pkts,BURGERS,60.71,81.36,77.29,conflict,,0,auto_high_confidence
11606,29027384,"Al Kabeer CHICKEN BURGER, 840 gm",Al Kabeer,Chicken Burger-Frozen,Breaded,Frozen Burger,840 gm,5,CKKBJ,JUMBO BREADED CHICKEN BURGER 100G BULK,1000 GM X 6 PKTS,BURGERS,60.71,81.36,77.29,conflict,,0,auto_high_confidence
11671,29064461,Al Kabeer Breaded Chicken Burgers 400 gm,Al Kabeer,Chicken Burger-Frozen,Breaded,Frozen Burger,400 gm,1,CKBBS,8 BREADED CHICKEN BURGER HOT & SPICY,400 gm x 12 Pkts,BURGERS,100.0,91.14,86.58,exact,17.97,1,auto_high_confidence
11671,29064461,Al Kabeer Breaded Chicken Burgers 400 gm,Al Kabeer,Chicken Burger-Frozen,Breaded,Frozen Burger,400 gm,2,CFBJ,JUMBO HOTDOGS,400 Gms x 20 Pkts,SAUSAGES,82.03,41.3,85.5,exact,,0,auto_high_confidence
11671,29064461,Al Kabeer Breaded Chicken Burgers 400 gm,Al Kabeer,Chicken Burger-Frozen,Breaded,Frozen Burger,400 gm,3,CBBUR,BEEF BURGERS 56 g.,840 g. x 9,BURGERS,56.83,55.0,85.5,conflict,,0,auto_high_confidence
11671,29064461,Al Kabeer Breaded Chicken Burgers 400 gm,Al Kabeer,Chicken Burger-Frozen,Breaded,Frozen Burger,400 gm,4,CBBO,4 BEEF BURGERS,200 Gms x 30 Pkt,BURGERS,56.74,54.76,85.5,conflict,,0,auto_high_confidence
11671,29064461,Al Kabeer Breaded Chicken Burgers 400 gm,Al Kabeer,Chicken Burger-Frozen,Breaded,Frozen Burger,400 gm,5,CBBOA,BEEF BURGERS BULK,2 Kgs x 5 Pkts,BURGERS,55.76,51.95,85.5,conflict,,0,auto_high_confidence
11706,29198756,"AL KABEER BEEF OR CHICKEN KIBBEH, 400gm",Al Kabeer,Beef Kibbeh-Frozen,No Variant,Frozen Kofta / Kibbeh & Meat Balls,400 gm,1,CBK,BEEF KIBBEH 400,400 Gms x 12 Pkts,KOFTA-KIBBEH-FELAFEL,92.08,70.0,85.5,exact,21.07,1,auto_high_confidence
11706,29198756,"AL KABEER BEEF OR CHICKEN KIBBEH, 400gm",Al Kabeer,Beef Kibbeh-Frozen,No Variant,Frozen Kofta / Kibbeh & Meat Balls,400 gm,2,BC40,BEEF CUBES,2 lb x 20 Pkts,MEAT-INDIAN-TRD,71.01,44.09,85.5,,,0,auto_high_confidence
11706,29198756,"AL KABEER BEEF OR CHICKEN KIBBEH, 400gm",Al Kabeer,Beef Kibbeh-Frozen,No Variant,Frozen Kofta / Kibbeh & Meat Balls,400 gm,3,BVL3,VEAL LEGS 3.6,Asstd. Wt.,MEAT-INDIAN-TRD,68.7,37.5,85.5,,,0,auto_high_confidence
11706,29198756,"AL KABEER BEEF OR CHICKEN KIBBEH, 400gm",Al Kabeer,Beef Kibbeh-Frozen,No Variant,Frozen Kofta / Kibbeh & Meat Balls,400 gm,4,CBBOT,TAYEBAT BEEF BURGERS ONION BULK,1 Kgs x 9 Pkts,BURGERS,54.78,49.15,85.5,conflict,,0,auto_high_confidence
11706,29198756,"AL KABEER BEEF OR CHICKEN KIBBEH, 400gm",Al Kabeer,Beef Kibbeh-Frozen,No Variant,Frozen Kofta / Kibbeh & Meat Balls,400 gm,5,CBBO,4 BEEF BURGERS,200 Gms x 30 Pkt,BURGERS,54.6,48.65,85.5,conflict,,0,auto_high_confidence
11723,29204076,Al Kabeer Zing Chicken Fillets 465 gm,Al Kabeer,Chicken Fillets-Frozen,Spicy,Zing,465 gm,1,CKZF,ZING CHICKEN FILLETS 465,465 Gms x 12 Pkts,FILLETS,89.59,80.0,76.29,exact,22.76,1,auto_high_confidence
11723,29204076,Al Kabeer Zing Chicken Fillets 465 gm,Al Kabeer,Chicken Fillets-Frozen,Spicy,Zing,465 gm,2,CZFNSCFHP,Zing Chicken Fillets Non Spicy + Free Chicken Fillets Spicy,750+750 g. x 4,FILLETS,66.83,83.58,85.5,conflict,,0,auto_high_confidence
11723,29204076,Al Kabeer Zing Chicken Fillets 465 gm,Al Kabeer,Chicken Fillets-Frozen,Spicy,Zing,465 gm,3,CKZFACKNP,Zing Chicken Fillets Spicy + Free Chicken Nuggets,1kg+750 g. x 3,FILLETS,62.87,83.58,79.4,conflict,,0,auto_high_confidence
11723,29204076,Al Kabeer Zing Chicken Fillets 465 gm,Al Kabeer,Chicken Fillets-Frozen,Spicy,Zing,465 gm,4,CKZFDA,ZING CHICKEN FILLETS SPICY 750 GRM,750 GMS X 8 PKT,FILLETS,62.87,83.58,79.4,conflict,,0,auto_high_confidence
11723,29204076,Al Kabeer Zing Chicken Fillets 465 gm,Al Kabeer,Chicken Fillets-Frozen,Spicy,Zing,465 gm,5,CKZFNS,ZING CHICKEN FILLET NON-SPICY,8 X 750 GMS,FILLETS,62.87,83.58,79.4,conflict,,0,auto_high_confidence
11771,29213967,Al Kabeer Breaded Chicken Burgers 400 gm,Al Kabeer,Chicken Burger-Frozen,Breaded,Frozen Burger,400 gm,1,CKBBS,8 BREADED CHICKEN BURGER HOT & SPICY,400 gm x 12 Pkts,BURGERS,100.0,91.14,86.58,exact,17.97,1,auto_high_confidence
11771,29213967,Al Kabeer Breaded Chicken Burgers 400 gm,Al Kabeer,Chicken Burger-Frozen,Breaded,Frozen Burger,400 gm,2,CFBJ,JUMBO HOTDOGS,400 Gms x 20 Pkts,SAUSAGES,82.03,41.3,85.5,exact,,0,auto_high_confidence
11771,29213967,Al Kabeer Breaded Chicken Burgers 400 gm,Al Kabeer,Chicken Burger-Frozen,Breaded,Frozen Burger,400 gm,3,CBBUR,BEEF BURGERS 56 g.,840 g. x 9,BURGERS,56.83,55.0,85.5,conflict,,0,auto_high_confidence
11771,29213967,Al Kabeer Breaded Chicken Burgers 400 gm,Al Kabeer,Chicken Burger-Frozen,Breaded,Frozen Burger,400 gm,4,CBBO,4 BEEF BURGERS,200 Gms x 30 Pkt,BURGERS,56.74,54.76,85.5,conflict,,0,auto_high_confidence
11771,29213967,Al Kabeer Breaded Chicken Burgers 400 gm,Al Kabeer,Chicken Burger-Frozen,Breaded,Frozen Burger,400 gm,5,CBBOA,BEEF BURGERS BULK,2 Kgs x 5 Pkts,BURGERS,55.76,51.95,85.5,conflict,,0,auto_high_confidence
11861,29386840,Al Kabeer Breaded Chicken Burgers 400 gm,Al Kabeer,Chicken Burger-Frozen,Breaded,Frozen Burger,400 gm,1,CKBBS,8 BREADED CHICKEN BURGER HOT & SPICY,400 gm x 12 Pkts,BURGERS,100.0,91.14,86.58,exact,17.97,1,auto_high_confidence
11861,29386840,Al Kabeer Breaded Chicken Burgers 400 gm,Al Kabeer,Chicken Burger-Frozen,Breaded,Frozen Burger,400 gm,2,CFBJ,JUMBO HOTDOGS,400 Gms x 20 Pkts,SAUSAGES,82.03,41.3,85.5,exact,,0,auto_high_confidence
11861,29386840,Al Kabeer Breaded Chicken Burgers 400 gm,Al Kabeer,Chicken Burger-Frozen,Breaded,Frozen Burger,400 gm,3,CBBUR,BEEF BURGERS 56 g.,840 g. x 9,BURGERS,56.83,55.0,85.5,conflict,,0,auto_high_confidence
11861,29386840,Al Kabeer Breaded Chicken Burgers 400 gm,Al Kabeer,Chicken Burger-Frozen,Breaded,Frozen Burger,400 gm,4,CBBO,4 BEEF BURGERS,200 Gms x 30 Pkt,BURGERS,56.74,54.76,85.5,conflict,,0,auto_high_confidence
11861,29386840,Al Kabeer Breaded Chicken Burgers 400 gm,Al Kabeer,Chicken Burger-Frozen,Breaded,Frozen Burger,400 gm,5,CBBOA,BEEF BURGERS BULK,2 Kgs x 5 Pkts,BURGERS,55.76,51.95,85.5,conflict,,0,auto_high_confidence
11902,29531052,Al Kabeer Breaded Chicken Burgers 400 gm,Al Kabeer,Chicken Burger-Frozen,Breaded,Frozen Burger,400 gm,1,CKBBS,8 BREADED CHICKEN BURGER HOT & SPICY,400 gm x 12 Pkts,BURGERS,100.0,91.14,86.58,exact,17.97,1,auto_high_confidence
11902,29531052,Al Kabeer Breaded Chicken Burgers 400 gm,Al Kabeer,Chicken Burger-Frozen,Breaded,Frozen Burger,400 gm,2,CFBJ,JUMBO HOTDOGS,400 Gms x 20 Pkts,SAUSAGES,82.03,41.3,85.5,exact,,0,auto_high_confidence
11902,29531052,Al Kabeer Breaded Chicken Burgers 400 gm,Al Kabeer,Chicken Burger-Frozen,Breaded,Frozen Burger,400 gm,3,CBBUR,BEEF BURGERS 56 g.,840 g. x 9,BURGERS,56.83,55.0,85.5,conflict,,0,auto_high_confidence
11902,29531052,Al Kabeer Breaded Chicken Burgers 400 gm,Al Kabeer,Chicken Burger-Frozen,Breaded,Frozen Burger,400 gm,4,CBBO,4 BEEF BURGERS,200 Gms x 30 Pkt,BURGERS,56.74,54.76,85.5,conflict,,0,auto_high_confidence
11902,29531052,Al Kabeer Breaded Chicken Burgers 400 gm,Al Kabeer,Chicken Burger-Frozen,Breaded,Frozen Burger,400 gm,5,CBBOA,BEEF BURGERS BULK,2 Kgs x 5 Pkts,BURGERS,55.76,51.95,85.5,conflict,,0,auto_high_confidence
11951,29580855,Al Kabeer Zing Chicken Fillets 465 gm,Al Kabeer,Chicken Fillets-Frozen,Spicy,Zing,465 gm,1,CKZF,ZING CHICKEN FILLETS 465,465 Gms x 12 Pkts,FILLETS,89.59,80.0,76.29,exact,22.76,1,auto_high_confidence
11951,29580855,Al Kabeer Zing Chicken Fillets 465 gm,Al Kabeer,Chicken Fillets-Frozen,Spicy,Zing,465 gm,2,CZFNSCFHP,Zing Chicken Fillets Non Spicy + Free Chicken Fillets Spicy,750+750 g. x 4,FILLETS,66.83,83.58,85.5,conflict,,0,auto_high_confidence
11951,29580855,Al Kabeer Zing Chicken Fillets 465 gm,Al Kabeer,Chicken Fillets-Frozen,Spicy,Zing,465 gm,3,CKZFACKNP,Zing Chicken Fillets Spicy + Free Chicken Nuggets,1kg+750 g. x 3,FILLETS,62.87,83.58,79.4,conflict,,0,auto_high_confidence
11951,29580855,Al Kabeer Zing Chicken Fillets 465 gm,Al Kabeer,Chicken Fillets-Frozen,Spicy,Zing,465 gm,4,CKZFDA,ZING CHICKEN FILLETS SPICY 750 GRM,750 GMS X 8 PKT,FILLETS,62.87,83.58,79.4,conflict,,0,auto_high_confidence
11951,29580855,Al Kabeer Zing Chicken Fillets 465 gm,Al Kabeer,Chicken Fillets-Frozen,Spicy,Zing,465 gm,5,CKZFNS,ZING CHICKEN FILLET NON-SPICY,8 X 750 GMS,FILLETS,62.87,83.58,79.4,conflict,,0,auto_high_confidence
11983,29597206,Al Kabeer Chicken / Beef Kibbeh 400 gm,Al Kabeer,Beef Kibbeh-Frozen,No Variant,Frozen Kofta / Kibbeh & Meat Balls,400 gm,1,CBK,BEEF KIBBEH 400,400 Gms x 12 Pkts,KOFTA-KIBBEH-FELAFEL,92.08,70.0,85.5,exact,20.88,1,auto_high_confidence
11983,29597206,Al Kabeer Chicken / Beef Kibbeh 400 gm,Al Kabeer,Beef Kibbeh-Frozen,No Variant,Frozen Kofta / Kibbeh & Meat Balls,400 gm,2,BC40,BEEF CUBES,2 lb x 20 Pkts,MEAT-INDIAN-TRD,71.19,44.63,85.5,,,0,auto_high_confidence
11983,29597206,Al Kabeer Chicken / Beef Kibbeh 400 gm,Al Kabeer,Beef Kibbeh-Frozen,No Variant,Frozen Kofta / Kibbeh & Meat Balls,400 gm,3,BVL3,VEAL LEGS 3.6,Asstd. Wt.,MEAT-INDIAN-TRD,68.77,37.7,85.5,,,0,auto_high_confidence
11983,29597206,Al Kabeer Chicken / Beef Kibbeh 400 gm,Al Kabeer,Beef Kibbeh-Frozen,No Variant,Frozen Kofta / Kibbeh & Meat Balls,400 gm,4,CBBOT,TAYEBAT BEEF BURGERS ONION BULK,1 Kgs x 9 Pkts,BURGERS,55.08,50.0,85.5,conflict,,0,auto_high_confidence
11983,29597206,Al Kabeer Chicken / Beef Kibbeh 400 gm,Al Kabeer,Beef Kibbeh-Frozen,No Variant,Frozen Kofta / Kibbeh & Meat Balls,400 gm,5,CBBO,4 BEEF BURGERS,200 Gms x 30 Pkt,BURGERS,54.24,47.62,85.5,conflict,,0,auto_high_confidence
11984,29597206,Al Kabeer Chicken / Beef Kibbeh 400 gm,Al Kabeer,Chicken Kibbeh-Frozen,No Variant,Frozen Kofta / Kibbeh & Meat Balls,400 gm,1,CBK,BEEF KIBBEH 400,400 Gms x 12 Pkts,KOFTA-KIBBEH-FELAFEL,92.08,70.0,85.5,exact,20.88,1,auto_high_confidence
11984,29597206,Al Kabeer Chicken / Beef Kibbeh 400 gm,Al Kabeer,Chicken Kibbeh-Frozen,No Variant,Frozen Kofta / Kibbeh & Meat Balls,400 gm,2,BC40,BEEF CUBES,2 lb x 20 Pkts,MEAT-INDIAN-TRD,71.19,44.63,85.5,,,0,auto_high_confidence
11984,29597206,Al Kabeer Chicken / Beef Kibbeh 400 gm,Al Kabeer,Chicken Kibbeh-Frozen,No Variant,Frozen Kofta / Kibbeh & Meat Balls,400 gm,3,BVL3,VEAL LEGS 3.6,Asstd. Wt.,MEAT-INDIAN-TRD,68.77,37.7,85.5,,,0,auto_high_confidence
11984,29597206,Al Kabeer Chicken / Beef Kibbeh 400 gm,Al Kabeer,Chicken Kibbeh-Frozen,No Variant,Frozen Kofta / Kibbeh & Meat Balls,400 gm,4,CBBOT,TAYEBAT BEEF BURGERS ONION BULK,1 Kgs x 9 Pkts,BURGERS,55.08,50.0,85.5,conflict,,0,auto_high_confidence
11984,29597206,Al Kabeer Chicken / Beef Kibbeh 400 gm,Al Kabeer,Chicken Kibbeh-Frozen,No Variant,Frozen Kofta / Kibbeh & Meat Balls,400 gm,5,CBBO,4 BEEF BURGERS,200 Gms x 30 Pkt,BURGERS,54.24,47.62,85.5,conflict,,0,auto_high_confidence
11990,29617470,Al Kabeer Breaded Chicken Burgers 400 gm,Al Kabeer,Chicken Burger-Frozen,Breaded,Frozen Burger,400 gm,1,CKBBS,8 BREADED CHICKEN BURGER HOT & SPICY,400 gm x 12 Pkts,BURGERS,100.0,91.14,86.58,exact,17.97,1,auto_high_confidence
11990,29617470,Al Kabeer Breaded Chicken Burgers 400 gm,Al Kabeer,Chicken Burger-Frozen,Breaded,Frozen Burger,400 gm,2,CFBJ,JUMBO HOTDOGS,400 Gms x 20 Pkts,SAUSAGES,82.03,41.3,85.5,exact,,0,auto_high_confidence
11990,29617470,Al Kabeer Breaded Chicken Burgers 400 gm,Al Kabeer,Chicken Burger-Frozen,Breaded,Frozen Burger,400 gm,3,CBBUR,BEEF BURGERS 56 g.,840 g. x 9,BURGERS,56.83,55.0,85.5,conflict,,0,auto_high_confidence
11990,29617470,Al Kabeer Breaded Chicken Burgers 400 gm,Al Kabeer,Chicken Burger-Frozen,Breaded,Frozen Burger,400 gm,4,CBBO,4 BEEF BURGERS,200 Gms x 30 Pkt,BURGERS,56.74,54.76,85.5,conflict,,0,auto_high_confidence
11990,29617470,Al Kabeer Breaded Chicken Burgers 400 gm,Al Kabeer,Chicken Burger-Frozen,Breaded,Frozen Burger,400 gm,5,CBBOA,BEEF BURGERS BULK,2 Kgs x 5 Pkts,BURGERS,55.76,51.95,85.5,conflict,,0,auto_high_confidence
12090,29757678,Al Kabeer Chicken/Beef Kibbeh 400 gm,Al Kabeer,Chicken Kibbeh-Frozen,No Variant,Frozen Kofta / Kibbeh & Meat Balls,400 gm,1,CBK,BEEF KIBBEH 400,400 Gms x 12 Pkts,KOFTA-KIBBEH-FELAFEL,92.08,70.0,85.5,exact,20.88,1,auto_high_confidence
12090,29757678,Al Kabeer Chicken/Beef Kibbeh 400 gm,Al Kabeer,Chicken Kibbeh-Frozen,No Variant,Frozen Kofta / Kibbeh & Meat Balls,400 gm,2,BC40,BEEF CUBES,2 lb x 20 Pkts,MEAT-INDIAN-TRD,71.19,44.63,85.5,,,0,auto_high_confidence
12090,29757678,Al Kabeer Chicken/Beef Kibbeh 400 gm,Al Kabeer,Chicken Kibbeh-Frozen,No Variant,Frozen Kofta / Kibbeh & Meat Balls,400 gm,3,BVL3,VEAL LEGS 3.6,Asstd. Wt.,MEAT-INDIAN-TRD,68.77,37.7,85.5,,,0,auto_high_confidence
12090,29757678,Al Kabeer Chicken/Beef Kibbeh 400 gm,Al Kabeer,Chicken Kibbeh-Frozen,No Variant,Frozen Kofta / Kibbeh & Meat Balls,400 gm,4,CBBOT,TAYEBAT BEEF BURGERS ONION BULK,1 Kgs x 9 Pkts,BURGERS,55.08,50.0,85.5,conflict,,0,auto_high_confidence
12090,29757678,Al Kabeer Chicken/Beef Kibbeh 400 gm,Al Kabeer,Chicken Kibbeh-Frozen,No Variant,Frozen Kofta / Kibbeh & Meat Balls,400 gm,5,CBBO,4 BEEF BURGERS,200 Gms x 30 Pkt,BURGERS,54.24,47.62,85.5,conflict,,0,auto_high_confidence
12091,29757678,Al Kabeer Chicken/Beef Kibbeh 400 gm,Al Kabeer,Beef Kibbeh-Frozen,No Variant,Frozen Kofta / Kibbeh & Meat Balls,400 gm,1,CBK,BEEF KIBBEH 400,400 Gms x 12 Pkts,KOFTA-KIBBEH-FELAFEL,92.08,70.0,85.5,exact,20.88,1,auto_high_confidence
12091,29757678,Al Kabeer Chicken/Beef Kibbeh 400 gm,Al Kabeer,Beef Kibbeh-Frozen,No Variant,Frozen Kofta / Kibbeh & Meat Balls,400 gm,2,BC40,BEEF CUBES,2 lb x 20 Pkts,MEAT-INDIAN-TRD,71.19,44.63,85.5,,,0,auto_high_confidence
12091,29757678,Al Kabeer Chicken/Beef Kibbeh 400 gm,Al Kabeer,Beef Kibbeh-Frozen,No Variant,Frozen Kofta / Kibbeh & Meat Balls,400 gm,3,BVL3,VEAL LEGS 3.6,Asstd. Wt.,MEAT-INDIAN-TRD,68.77,37.7,85.5,,,0,auto_high_confidence
12091,29757678,Al Kabeer Chicken/Beef Kibbeh 400 gm,Al Kabeer,Beef Kibbeh-Frozen,No Variant,Frozen Kofta / Kibbeh & Meat Balls,400 gm,4,CBBOT,TAYEBAT BEEF BURGERS ONION BULK,1 Kgs x 9 Pkts,BURGERS,55.08,50.0,85.5,conflict,,0,auto_high_confidence
12091,29757678,Al Kabeer Chicken/Beef Kibbeh 400 gm,Al Kabeer,Beef Kibbeh-Frozen,No Variant,Frozen Kofta / Kibbeh & Meat Balls,400 gm,5,CBBO,4 BEEF BURGERS,200 Gms x 30 Pkt,BURGERS,54.24,47.62,85.5,conflict,,0,auto_high_confidence
12095,29758622,Al Kabeer Breaded Chicken Burgers 400 gm,Al Kabeer,Chicken Burger-Frozen,Breaded,Frozen Burger,400 gm,1,CKBBS,8 BREADED CHICKEN BURGER HOT & SPICY,400 gm x 12 Pkts,BURGERS,100.0,91.14,86.58,exact,17.97,1,auto_high_confidence
12095,29758622,Al Kabeer Breaded Chicken Burgers 400 gm,Al Kabeer,Chicken Burger-Frozen,Breaded,Frozen Burger,400 gm,2,CFBJ,JUMBO HOTDOGS,400 Gms x 20 Pkts,SAUSAGES,82.03,41.3,85.5,exact,,0,auto_high_confidence
12095,29758622,Al Kabeer Breaded Chicken Burgers 400 gm,Al Kabeer,Chicken Burger-Frozen,Breaded,Frozen Burger,400 gm,3,CBBUR,BEEF BURGERS 56 g.,840 g. x 9,BURGERS,56.83,55.0,85.5,conflict,,0,auto_high_confidence
12095,29758622,Al Kabeer Breaded Chicken Burgers 400 gm,Al Kabeer,Chicken Burger-Frozen,Breaded,Frozen Burger,400 gm,4,CBBO,4 BEEF BURGERS,200 Gms x 30 Pkt,BURGERS,56.74,54.76,85.5,conflict,,0,auto_high_confidence
12095,29758622,Al Kabeer Breaded Chicken Burgers 400 gm,Al Kabeer,Chicken Burger-Frozen,Breaded,Frozen Burger,400 gm,5,CBBOA,BEEF BURGERS BULK,2 Kgs x 5 Pkts,BURGERS,55.76,51.95,85.5,conflict,,0,auto_high_confidence
12103,29758684,Al Kabeer Chicken Seekh Kebabs 320 gm 8 pcs,Al Kabeer,Seekh Kabab-Frozen,No Variant,Frozen Kabab ,320 gm,1,CKBS,8 BEEF SEEKH KEBAB,320 Gms x 24 Pkts,KEBAB,88.58,60.0,85.5,exact,35.22,1,auto_high_confidence
12103,29758684,Al Kabeer Chicken Seekh Kebabs 320 gm 8 pcs,Al Kabeer,Seekh Kabab-Frozen,No Variant,Frozen Kabab ,320 gm,2,CFB,BEEF FRANKS,454 Gms x 20 Pkts,SAUSAGES,53.36,45.1,85.5,conflict,,0,auto_high_confidence
12103,29758684,Al Kabeer Chicken Seekh Kebabs 320 gm 8 pcs,Al Kabeer,Seekh Kabab-Frozen,No Variant,Frozen Kabab ,320 gm,3,CCSAK,12 CHEESE SAMOSAS,240 Gms x 20 Pkts,SAMOSA,52.62,42.99,85.5,conflict,,0,auto_high_confidence
12103,29758684,Al Kabeer Chicken Seekh Kebabs 320 gm 8 pcs,Al Kabeer,Seekh Kabab-Frozen,No Variant,Frozen Kabab ,320 gm,4,CBBO,4 BEEF BURGERS,200 Gms x 30 Pkt,BURGERS,52.16,41.67,85.5,conflict,,0,auto_high_confidence
12103,29758684,Al Kabeer Chicken Seekh Kebabs 320 gm 8 pcs,Al Kabeer,Seekh Kabab-Frozen,No Variant,Frozen Kabab ,320 gm,5,CCSAKA,CHEESE SAMOSAS BULK,1.2 Kgs x 4 Pkts,SAMOSA,52.13,41.58,85.5,conflict,,0,auto_high_confidence
12133,29923383,"Al Kabeer BEEF OR CHICKEN KIBBEH, 400 gm ",Al Kabeer,Beef Kibbeh-Frozen,No Variant,Frozen Kofta / Kibbeh & Meat Balls,400 gm,1,CBK,BEEF KIBBEH 400,400 Gms x 12 Pkts,KOFTA-KIBBEH-FELAFEL,92.08,70.0,85.5,exact,20.69,1,auto_high_confidence
12133,29923383,"Al Kabeer BEEF OR CHICKEN KIBBEH, 400 gm ",Al Kabeer,Beef Kibbeh-Frozen,No Variant,Frozen Kofta / Kibbeh & Meat Balls,400 gm,2,BC40,BEEF CUBES,2 lb x 20 Pkts,MEAT-INDIAN-TRD,71.38,45.16,85.5,,,0,auto_high_confidence
12133,29923383,"Al Kabeer BEEF OR CHICKEN KIBBEH, 400 gm ",Al Kabeer,Beef Kibbeh-Frozen,No Variant,Frozen Kofta / Kibbeh & Meat Balls,400 gm,3,BVL3,VEAL LEGS 3.6,Asstd. Wt.,MEAT-INDIAN-TRD,69.02,38.4,85.5,,,0,auto_high_confidence
12133,29923383,"Al Kabeer BEEF OR CHICKEN KIBBEH, 400 gm ",Al Kabeer,Beef Kibbeh-Frozen,No Variant,Frozen Kofta / Kibbeh & Meat Balls,400 gm,4,CBBOT,TAYEBAT BEEF BURGERS ONION BULK,1 Kgs x 9 Pkts,BURGERS,55.23,50.43,85.5,conflict,,0,auto_high_confidence
12133,29923383,"Al Kabeer BEEF OR CHICKEN KIBBEH, 400 gm ",Al Kabeer,Beef Kibbeh-Frozen,No Variant,Frozen Kofta / Kibbeh & Meat Balls,400 gm,5,CBBO,4 BEEF BURGERS,200 Gms x 30 Pkt,BURGERS,54.43,48.15,85.5,conflict,,0,auto_high_confidence
12143,29925479,Al Kabeer Zing Chicken Fillets 465 gm,Al Kabeer,Chicken Fillets-Frozen,Spicy,Zing,465 gm,1,CKZF,ZING CHICKEN FILLETS 465,465 Gms x 12 Pkts,FILLETS,89.59,80.0,76.29,exact,22.76,1,auto_high_confidence
12143,29925479,Al Kabeer Zing Chicken Fillets 465 gm,Al Kabeer,Chicken Fillets-Frozen,Spicy,Zing,465 gm,2,CZFNSCFHP,Zing Chicken Fillets Non Spicy + Free Chicken Fillets Spicy,750+750 g. x 4,FILLETS,66.83,83.58,85.5,conflict,,0,auto_high_confidence
12143,29925479,Al Kabeer Zing Chicken Fillets 465 gm,Al Kabeer,Chicken Fillets-Frozen,Spicy,Zing,465 gm,3,CKZFACKNP,Zing Chicken Fillets Spicy + Free Chicken Nuggets,1kg+750 g. x 3,FILLETS,62.87,83.58,79.4,conflict,,0,auto_high_confidence
12143,29925479,Al Kabeer Zing Chicken Fillets 465 gm,Al Kabeer,Chicken Fillets-Frozen,Spicy,Zing,465 gm,4,CKZFDA,ZING CHICKEN FILLETS SPICY 750 GRM,750 GMS X 8 PKT,FILLETS,62.87,83.58,79.4,conflict,,0,auto_high_confidence
12143,29925479,Al Kabeer Zing Chicken Fillets 465 gm,Al Kabeer,Chicken Fillets-Frozen,Spicy,Zing,465 gm,5,CKZFNS,ZING CHICKEN FILLET NON-SPICY,8 X 750 GMS,FILLETS,62.87,83.58,79.4,conflict,,0,auto_high_confidence
12160,29937297,Al Kabeer Zing Chicken Strips (320 gm),Al Kabeer,Chicken Strips-Frozen,Spicy,Zing,320 gm,1,CKZS,ZING CHICKEN STRIPS,320 Gms x 20 Pkts,STRIPS,89.58,79.37,76.61,exact,22.92,1,auto_high_confidence
12160,29937297,Al Kabeer Zing Chicken Strips (320 gm),Al Kabeer,Chicken Strips-Frozen,Spicy,Zing,320 gm,2,CKZSCKNP,Zing Strips Non Spicy + Free Chicken Nuggets Combo Pack,(750 g.+750 g.) x 4,STRIPS,66.65,83.08,85.5,conflict,,0,auto_high_confidence
12160,29937297,Al Kabeer Zing Chicken Strips (320 gm),Al Kabeer,Chicken Strips-Frozen,Spicy,Zing,320 gm,3,CKZSDA,ZING CHICKEN STRIPS SPICY 750 GRM,750 GMS X 8 PKT,STRIPS,62.38,83.08,78.92,conflict,,0,auto_high_confidence
12160,29937297,Al Kabeer Zing Chicken Strips (320 gm),Al Kabeer,Chicken Strips-Frozen,Spicy,Zing,320 gm,4,CKZSNS,ZING CHICKEN STRIPS NON-SPICY,8 X 750 GMS,STRIPS,62.38,83.08,78.92,conflict,,0,auto_high_confidence
12160,29937297,Al Kabeer Zing Chicken Strips (320 gm),Al Kabeer,Chicken Strips-Frozen,Spicy,Zing,320 gm,5,CZFNSCFHP,Zing Chicken Fillets Non Spicy + Free Chicken Fillets Spicy,750+750 g. x 4,FILLETS,61.71,68.97,85.5,conflict,,0,auto_high_confidence
12190,29942976,Al Kabeer Breaded Chicken Burgers 400 gm,Al Kabeer,Chicken Burger-Frozen,Breaded,Frozen Burger,400 gm,1,CKBBS,8 BREADED CHICKEN BURGER HOT & SPICY,400 gm x 12 Pkts,BURGERS,100.0,91.14,86.58,exact,17.97,1,auto_high_confidence
12190,29942976,Al Kabeer Breaded Chicken Burgers 400 gm,Al Kabeer,Chicken Burger-Frozen,Breaded,Frozen Burger,400 gm,2,CFBJ,JUMBO HOTDOGS,400 Gms x 20 Pkts,SAUSAGES,82.03,41.3,85.5,exact,,0,auto_high_confidence
12190,29942976,Al Kabeer Breaded Chicken Burgers 400 gm,Al Kabeer,Chicken Burger-Frozen,Breaded,Frozen Burger,400 gm,3,CBBUR,BEEF BURGERS 56 g.,840 g. x 9,BURGERS,56.83,55.0,85.5,conflict,,0,auto_high_confidence
12190,29942976,Al Kabeer Breaded Chicken Burgers 400 gm,Al Kabeer,Chicken Burger-Frozen,Breaded,Frozen Burger,400 gm,4,CBBO,4 BEEF BURGERS,200 Gms x 30 Pkt,BURGERS,56.74,54.76,85.5,conflict,,0,auto_high_confidence
12190,29942976,Al Kabeer Breaded Chicken Burgers 400 gm,Al Kabeer,Chicken Burger-Frozen,Breaded,Frozen Burger,400 gm,5,CBBOA,BEEF BURGERS BULK,2 Kgs x 5 Pkts,BURGERS,55.76,51.95,85.5,conflict,,0,auto_high_confidence
12206,29952494,Al Kabeer Breaded Chicken Burgers 400 Gm,Al Kabeer,Chicken Burger-Frozen,Breaded,Frozen Burger,400 gm,1,CKBBS,8 BREADED CHICKEN BURGER HOT & SPICY,400 gm x 12 Pkts,BURGERS,100.0,91.14,86.58,exact,17.97,1,auto_high_confidence
12206,29952494,Al Kabeer Breaded Chicken Burgers 400 Gm,Al Kabeer,Chicken Burger-Frozen,Breaded,Frozen Burger,400 gm,2,CFBJ,JUMBO HOTDOGS,400 Gms x 20 Pkts,SAUSAGES,82.03,41.3,85.5,exact,,0,auto_high_confidence
12206,29952494,Al Kabeer Breaded Chicken Burgers 400 Gm,Al Kabeer,Chicken Burger-Frozen,Breaded,Frozen Burger,400 gm,3,CBBUR,BEEF BURGERS 56 g.,840 g. x 9,BURGERS,56.83,55.0,85.5,conflict,,0,auto_high_confidence
12206,29952494,Al Kabeer Breaded Chicken Burgers 400 Gm,Al Kabeer,Chicken Burger-Frozen,Breaded,Frozen Burger,400 gm,4,CBBO,4 BEEF BURGERS,200 Gms x 30 Pkt,BURGERS,56.74,54.76,85.5,conflict,,0,auto_high_confidence
12206,29952494,Al Kabeer Breaded Chicken Burgers 400 Gm,Al Kabeer,Chicken Burger-Frozen,Breaded,Frozen Burger,400 gm,5,CBBOA,BEEF BURGERS BULK,2 Kgs x 5 Pkts,BURGERS,55.76,51.95,85.5,conflict,,0,auto_high_confidence
12218,29952667,Al Kabeer Chicken Kibbbeh 400 gm,Al Kabeer,Chicken Kibbeh-Frozen,No Variant,Frozen Kofta / Kibbeh & Meat Balls,400 gm,1,CBK,BEEF KIBBEH 400,400 Gms x 12 Pkts,KOFTA-KIBBEH-FELAFEL,89.04,61.33,85.5,exact,20.48,1,auto_high_confidence
12218,29952667,Al Kabeer Chicken Kibbbeh 400 gm,Al Kabeer,Chicken Kibbeh-Frozen,No Variant,Frozen Kofta / Kibbeh & Meat Balls,400 gm,2,BC40,BEEF CUBES,2 lb x 20 Pkts,MEAT-INDIAN-TRD,68.56,37.1,85.5,,,0,auto_high_confidence
12218,29952667,Al Kabeer Chicken Kibbbeh 400 gm,Al Kabeer,Chicken Kibbeh-Frozen,No Variant,Frozen Kofta / Kibbeh & Meat Balls,400 gm,3,BVL3,VEAL LEGS 3.6,Asstd. Wt.,MEAT-INDIAN-TRD,68.45,36.8,85.5,,,0,auto_high_confidence
12218,29952667,Al Kabeer Chicken Kibbbeh 400 gm,Al Kabeer,Chicken Kibbeh-Frozen,No Variant,Frozen Kofta / Kibbeh & Meat Balls,400 gm,4,CBBOT,TAYEBAT BEEF BURGERS ONION BULK,1 Kgs x 9 Pkts,BURGERS,52.18,41.74,85.5,conflict,,0,auto_high_confidence
12218,29952667,Al Kabeer Chicken Kibbbeh 400 gm,Al Kabeer,Chicken Kibbeh-Frozen,No Variant,Frozen Kofta / Kibbeh & Meat Balls,400 gm,5,BTS,BEEF TOPSIDE ALK,20 KGS,MEAT-INDIAN-TRD,51.8,40.65,85.5,conflict,,0,auto_high_confidence
12221,29955730,Al Kabeer Burgers Chicken 840 gm,Al Kabeer,Chicken Burger-Frozen,Breaded,Frozen Burger,840 gm,1,CKBBADPR,AK PRO Breaded Chicken Burger Bag 840 g. x 8,840 gm x 8,BURGERS,100.0,91.14,86.58,exact,10.06,1,auto_high_confidence
12221,29955730,Al Kabeer Burgers Chicken 840 gm,Al Kabeer,Chicken Burger-Frozen,Breaded,Frozen Burger,840 gm,2,CKBBTY,TAYEBAT BREADED CHICKEN BURGERS 840 g. x 8 Pkts,840 g. x 8 Pkts,BURGERS,89.94,80.56,76.53,exact,,0,auto_high_confidence
12221,29955730,Al Kabeer Burgers Chicken 840 gm,Al Kabeer,Chicken Burger-Frozen,Breaded,Frozen Burger,840 gm,3,CKBBAD,Breaded Chicken Burger Bag (56 g.),840 g. x 9,BURGERS,70.18,91.14,86.58,conflict,,0,auto_high_confidence
12221,29955730,Al Kabeer Burgers Chicken 840 gm,Al Kabeer,Chicken Burger-Frozen,Breaded,Frozen Burger,840 gm,4,CKBBS,8 BREADED CHICKEN BURGER HOT & SPICY,400 gm x 12 Pkts,BURGERS,64.56,85.33,81.07,conflict,,0,auto_high_confidence
12221,29955730,Al Kabeer Burgers Chicken 840 gm,Al Kabeer,Chicken Burger-Frozen,Breaded,Frozen Burger,840 gm,5,CKKBJ,JUMBO BREADED CHICKEN BURGER 100G BULK,1000 GM X 6 PKTS,BURGERS,64.56,85.33,81.07,conflict,,0,auto_high_confidence
12243,30075052,Al Kabeer Zing Chicken Fillets 465 gm,Al Kabeer,Chicken Fillets-Frozen,Spicy,Zing,465 gm,1,CKZF,ZING CHICKEN FILLETS 465,465 Gms x 12 Pkts,FILLETS,89.59,80.0,76.29,exact,22.76,1,auto_high_confidence
12243,30075052,Al Kabeer Zing Chicken Fillets 465 gm,Al Kabeer,Chicken Fillets-Frozen,Spicy,Zing,465 gm,2,CZFNSCFHP,Zing Chicken Fillets Non Spicy + Free Chicken Fillets Spicy,750+750 g. x 4,FILLETS,66.83,83.58,85.5,conflict,,0,auto_high_confidence
12243,30075052,Al Kabeer Zing Chicken Fillets 465 gm,Al Kabeer,Chicken Fillets-Frozen,Spicy,Zing,465 gm,3,CKZFACKNP,Zing Chicken Fillets Spicy + Free Chicken Nuggets,1kg+750 g. x 3,FILLETS,62.87,83.58,79.4,conflict,,0,auto_high_confidence
12243,30075052,Al Kabeer Zing Chicken Fillets 465 gm,Al Kabeer,Chicken Fillets-Frozen,Spicy,Zing,465 gm,4,CKZFDA,ZING CHICKEN FILLETS SPICY 750 GRM,750 GMS X 8 PKT,FILLETS,62.87,83.58,79.4,conflict,,0,auto_high_confidence
12243,30075052,Al Kabeer Zing Chicken Fillets 465 gm,Al Kabeer,Chicken Fillets-Frozen,Spicy,Zing,465 gm,5,CKZFNS,ZING CHICKEN FILLET NON-SPICY,8 X 750 GMS,FILLETS,62.87,83.58,79.4,conflict,,0,auto_high_confidence
12250,30078463,Al Kabeer Chicken and Cheese Sticks 1 kg,Al Kabeer,Chicken Cheese Stick-Frozen,No Variant,Frozen Barbeque Products,1 kg,1,CCKSB,CHICKEN STICKS BULK,1 Kgs x 5 Pkts,STICKS & FINGERS,91.97,69.7,85.5,exact,9.23,1,auto_high_confidence
12250,30078463,Al Kabeer Chicken and Cheese Sticks 1 kg,Al Kabeer,Chicken Cheese Stick-Frozen,No Variant,Frozen Barbeque Products,1 kg,2,CBBOT,TAYEBAT BEEF BURGERS ONION BULK,1 Kgs x 9 Pkts,BURGERS,82.74,43.33,85.5,exact,,0,auto_high_confidence
12250,30078463,Al Kabeer Chicken and Cheese Sticks 1 kg,Al Kabeer,Chicken Cheese Stick-Frozen,No Variant,Frozen Barbeque Products,1 kg,3,CCSAKPR,A.K PRO CHEESE SAMOSA,4 X 1.2 KGS,SAMOSA,54.01,46.96,85.5,conflict,,0,auto_high_confidence
12250,30078463,Al Kabeer Chicken and Cheese Sticks 1 kg,Al Kabeer,Chicken Cheese Stick-Frozen,No Variant,Frozen Barbeque Products,1 kg,4,CCSAKA,CHEESE SAMOSAS BULK,1.2 Kgs x 4 Pkts,SAMOSA,53.59,45.76,85.5,conflict,,0,auto_high_confidence
12250,30078463,Al Kabeer Chicken and Cheese Sticks 1 kg,Al Kabeer,Chicken Cheese Stick-Frozen,No Variant,Frozen Barbeque Products,1 kg,5,CCSAK,12 CHEESE SAMOSAS,240 Gms x 20 Pkts,SAMOSA,51.69,40.32,85.5,conflict,,0,auto_high_confidence
12262,30107920,"AL KABEER BEEF OR CHICKEN KIBBEH, 400 gm",Al Kabeer,Beef Kibbeh-Frozen,No Variant,Frozen Kofta / Kibbeh & Meat Balls,400 gm,1,CBK,BEEF KIBBEH 400,400 Gms x 12 Pkts,KOFTA-KIBBEH-FELAFEL,92.08,70.0,85.5,exact,20.69,1,auto_high_confidence
12262,30107920,"AL KABEER BEEF OR CHICKEN KIBBEH, 400 gm",Al Kabeer,Beef Kibbeh-Frozen,No Variant,Frozen Kofta / Kibbeh & Meat Balls,400 gm,2,BC40,BEEF CUBES,2 lb x 20 Pkts,MEAT-INDIAN-TRD,71.38,45.16,85.5,,,0,auto_high_confidence
12262,30107920,"AL KABEER BEEF OR CHICKEN KIBBEH, 400 gm",Al Kabeer,Beef Kibbeh-Frozen,No Variant,Frozen Kofta / Kibbeh & Meat Balls,400 gm,3,BVL3,VEAL LEGS 3.6,Asstd. Wt.,MEAT-INDIAN-TRD,69.02,38.4,85.5,,,0,auto_high_confidence
12262,30107920,"AL KABEER BEEF OR CHICKEN KIBBEH, 400 gm",Al Kabeer,Beef Kibbeh-Frozen,No Variant,Frozen Kofta / Kibbeh & Meat Balls,400 gm,4,CBBOT,TAYEBAT BEEF BURGERS ONION BULK,1 Kgs x 9 Pkts,BURGERS,55.23,50.43,85.5,conflict,,0,auto_high_confidence
12262,30107920,"AL KABEER BEEF OR CHICKEN KIBBEH, 400 gm",Al Kabeer,Beef Kibbeh-Frozen,No Variant,Frozen Kofta / Kibbeh & Meat Balls,400 gm,5,CBBO,4 BEEF BURGERS,200 Gms x 30 Pkt,BURGERS,54.43,48.15,85.5,conflict,,0,auto_high_confidence
12310,30128140,Al Kabeer Burgers Chicken 840 gm,Al Kabeer,Chicken Burger-Frozen,Breaded,Frozen Burger,840 gm,1,CKBBADPR,AK PRO Breaded Chicken Burger Bag 840 g. x 8,840 gm x 8,BURGERS,100.0,91.14,86.58,exact,10.06,1,auto_high_confidence
12310,30128140,Al Kabeer Burgers Chicken 840 gm,Al Kabeer,Chicken Burger-Frozen,Breaded,Frozen Burger,840 gm,2,CKBBTY,TAYEBAT BREADED CHICKEN BURGERS 840 g. x 8 Pkts,840 g. x 8 Pkts,BURGERS,89.94,80.56,76.53,exact,,0,auto_high_confidence
12310,30128140,Al Kabeer Burgers Chicken 840 gm,Al Kabeer,Chicken Burger-Frozen,Breaded,Frozen Burger,840 gm,3,CKBBAD,Breaded Chicken Burger Bag (56 g.),840 g. x 9,BURGERS,70.18,91.14,86.58,conflict,,0,auto_high_confidence
12310,30128140,Al Kabeer Burgers Chicken 840 gm,Al Kabeer,Chicken Burger-Frozen,Breaded,Frozen Burger,840 gm,4,CKBBS,8 BREADED CHICKEN BURGER HOT & SPICY,400 gm x 12 Pkts,BURGERS,64.56,85.33,81.07,conflict,,0,auto_high_confidence
12310,30128140,Al Kabeer Burgers Chicken 840 gm,Al Kabeer,Chicken Burger-Frozen,Breaded,Frozen Burger,840 gm,5,CKKBJ,JUMBO BREADED CHICKEN BURGER 100G BULK,1000 GM X 6 PKTS,BURGERS,64.56,85.33,81.07,conflict,,0,auto_high_confidence
12372,30262933,Al Kabeer Burgers Chicken 840 gm,Al Kabeer,Chicken Burger-Frozen,Breaded,Frozen Burger,840 gm,1,CKBBADPR,AK PRO Breaded Chicken Burger Bag 840 g. x 8,840 gm x 8,BURGERS,100.0,91.14,86.58,exact,10.06,1,auto_high_confidence
12372,30262933,Al Kabeer Burgers Chicken 840 gm,Al Kabeer,Chicken Burger-Frozen,Breaded,Frozen Burger,840 gm,2,CKBBTY,TAYEBAT BREADED CHICKEN BURGERS 840 g. x 8 Pkts,840 g. x 8 Pkts,BURGERS,89.94,80.56,76.53,exact,,0,auto_high_confidence
12372,30262933,Al Kabeer Burgers Chicken 840 gm,Al Kabeer,Chicken Burger-Frozen,Breaded,Frozen Burger,840 gm,3,CKBBAD,Breaded Chicken Burger Bag (56 g.),840 g. x 9,BURGERS,70.18,91.14,86.58,conflict,,0,auto_high_confidence
12372,30262933,Al Kabeer Burgers Chicken 840 gm,Al Kabeer,Chicken Burger-Frozen,Breaded,Frozen Burger,840 gm,4,CKBBS,8 BREADED CHICKEN BURGER HOT & SPICY,400 gm x 12 Pkts,BURGERS,64.56,85.33,81.07,conflict,,0,auto_high_confidence
12372,30262933,Al Kabeer Burgers Chicken 840 gm,Al Kabeer,Chicken Burger-Frozen,Breaded,Frozen Burger,840 gm,5,CKKBJ,JUMBO BREADED CHICKEN BURGER 100G BULK,1000 GM X 6 PKTS,BURGERS,64.56,85.33,81.07,conflict,,0,auto_high_confidence
12532,30425676,Al Kabeer Chicken Strips/Fillet 750 gm,Al Kabeer,Chicken Strips-Frozen,No Variant,Zing,750 gm,1,CKZSCKNP,Zing Strips Non Spicy + Free Chicken Nuggets Combo Pack,(750 g.+750 g.) x 4,STRIPS,90.91,66.67,85.5,exact,11.47,1,auto_high_confidence
12532,30425676,Al Kabeer Chicken Strips/Fillet 750 gm,Al Kabeer,Chicken Strips-Frozen,No Variant,Zing,750 gm,2,CKZSDA,ZING CHICKEN STRIPS SPICY 750 GRM,750 GMS X 8 PKT,STRIPS,79.44,67.57,67.38,exact,,0,auto_high_confidence
12532,30425676,Al Kabeer Chicken Strips/Fillet 750 gm,Al Kabeer,Chicken Strips-Frozen,No Variant,Zing,750 gm,3,CKZSNS,ZING CHICKEN STRIPS NON-SPICY,8 X 750 GMS,STRIPS,78.48,68.0,65.66,exact,,0,auto_high_confidence
12532,30425676,Al Kabeer Chicken Strips/Fillet 750 gm,Al Kabeer,Chicken Strips-Frozen,No Variant,Zing,750 gm,4,CZFNSCFHP,Zing Chicken Fillets Non Spicy + Free Chicken Fillets Spicy,750+750 g. x 4,FILLETS,78.29,68.52,65.09,exact,,0,auto_high_confidence
12532,30425676,Al Kabeer Chicken Strips/Fillet 750 gm,Al Kabeer,Chicken Strips-Frozen,No Variant,Zing,750 gm,5,CKZFNS,ZING CHICKEN FILLET NON-SPICY,8 X 750 GMS,FILLETS,76.8,66.67,63.8,exact,,0,auto_high_confidence
12561,30522445,Alkabeer CHICKEN BURGER BREADED REGULAR / HOT&SPICY 400 gm,Al Kabeer,Chicken Burger-Frozen,Breaded,Frozen Burger,400 gm,1,CKBBS,8 BREADED CHICKEN BURGER HOT & SPICY,400 gm x 12 Pkts,BURGERS,100.0,93.46,88.79,exact,10.63,1,auto_high_confidence
12561,30522445,Alkabeer CHICKEN BURGER BREADED REGULAR / HOT&SPICY 400 gm,Al Kabeer,Chicken Burger-Frozen,Breaded,Frozen Burger,400 gm,2,CCCB,CHICKEN BIRYANI 400,400 Gms x 12 Pkts,READY2EAT,89.37,62.26,85.5,exact,,0,auto_high_confidence
12561,30522445,Alkabeer CHICKEN BURGER BREADED REGULAR / HOT&SPICY 400 gm,Al Kabeer,Chicken Burger-Frozen,Breaded,Frozen Burger,400 gm,3,CBK,BEEF KIBBEH 400,400 Gms x 12 Pkts,KOFTA-KIBBEH-FELAFEL,86.84,55.05,85.5,exact,,0,auto_high_confidence
12561,30522445,Alkabeer CHICKEN BURGER BREADED REGULAR / HOT&SPICY 400 gm,Al Kabeer,Chicken Burger-Frozen,Breaded,Frozen Burger,400 gm,4,BC40,BEEF CUBES,2 lb x 20 Pkts,MEAT-INDIAN-TRD,72.15,47.37,85.5,,,0,auto_high_confidence
12561,30522445,Alkabeer CHICKEN BURGER BREADED REGULAR / HOT&SPICY 400 gm,Al Kabeer,Chicken Burger-Frozen,Breaded,Frozen Burger,400 gm,5,BVL3,VEAL LEGS 3.6,Asstd. Wt.,MEAT-INDIAN-TRD,69.58,40.0,85.5,,,0,auto_high_confidence
12622,30540073,Al Kabeer Zing Chicken Fillets 465 gm,Al Kabeer,Chicken Fillets-Frozen,Spicy,Zing,465 gm,1,CKZF,ZING CHICKEN FILLETS 465,465 Gms x 12 Pkts,FILLETS,89.59,80.0,76.29,exact,22.76,1,auto_high_confidence
12622,30540073,Al Kabeer Zing Chicken Fillets 465 gm,Al Kabeer,Chicken Fillets-Frozen,Spicy,Zing,465 gm,2,CZFNSCFHP,Zing Chicken Fillets Non Spicy + Free Chicken Fillets Spicy,750+750 g. x 4,FILLETS,66.83,83.58,85.5,conflict,,0,auto_high_confidence
12622,30540073,Al Kabeer Zing Chicken Fillets 465 gm,Al Kabeer,Chicken Fillets-Frozen,Spicy,Zing,465 gm,3,CKZFACKNP,Zing Chicken Fillets Spicy + Free Chicken Nuggets,1kg+750 g. x 3,FILLETS,62.87,83.58,79.4,conflict,,0,auto_high_confidence
12622,30540073,Al Kabeer Zing Chicken Fillets 465 gm,Al Kabeer,Chicken Fillets-Frozen,Spicy,Zing,465 gm,4,CKZFDA,ZING CHICKEN FILLETS SPICY 750 GRM,750 GMS X 8 PKT,FILLETS,62.87,83.58,79.4,conflict,,0,auto_high_confidence
12622,30540073,Al Kabeer Zing Chicken Fillets 465 gm,Al Kabeer,Chicken Fillets-Frozen,Spicy,Zing,465 gm,5,CKZFNS,ZING CHICKEN FILLET NON-SPICY,8 X 750 GMS,FILLETS,62.87,83.58,79.4,conflict,,0,auto_high_confidence
12626,30541794,Al Kabeer Chicken/Beef Kibbeh 400 gm,Al Kabeer,Beef Kibbeh-Frozen,No Variant,Frozen Kofta / Kibbeh & Meat Balls,400 gm,1,CBK,BEEF KIBBEH 400,400 Gms x 12 Pkts,KOFTA-KIBBEH-FELAFEL,92.08,70.0,85.5,exact,20.88,1,auto_high_confidence
12626,30541794,Al Kabeer Chicken/Beef Kibbeh 400 gm,Al Kabeer,Beef Kibbeh-Frozen,No Variant,Frozen Kofta / Kibbeh & Meat Balls,400 gm,2,BC40,BEEF CUBES,2 lb x 20 Pkts,MEAT-INDIAN-TRD,71.19,44.63,85.5,,,0,auto_high_confidence
12626,30541794,Al Kabeer Chicken/Beef Kibbeh 400 gm,Al Kabeer,Beef Kibbeh-Frozen,No Variant,Frozen Kofta / Kibbeh & Meat Balls,400 gm,3,BVL3,VEAL LEGS 3.6,Asstd. Wt.,MEAT-INDIAN-TRD,68.77,37.7,85.5,,,0,auto_high_confidence
12626,30541794,Al Kabeer Chicken/Beef Kibbeh 400 gm,Al Kabeer,Beef Kibbeh-Frozen,No Variant,Frozen Kofta / Kibbeh & Meat Balls,400 gm,4,CBBOT,TAYEBAT BEEF BURGERS ONION BULK,1 Kgs x 9 Pkts,BURGERS,55.08,50.0,85.5,conflict,,0,auto_high_confidence
12626,30541794,Al Kabeer Chicken/Beef Kibbeh 400 gm,Al Kabeer,Beef Kibbeh-Frozen,No Variant,Frozen Kofta / Kibbeh & Meat Balls,400 gm,5,CBBO,4 BEEF BURGERS,200 Gms x 30 Pkt,BURGERS,54.24,47.62,85.5,conflict,,0,auto_high_confidence
12627,30541794,Al Kabeer Chicken/Beef Kibbeh 400 gm,Al Kabeer,Chicken Kibbeh-Frozen,No Variant,Frozen Kofta / Kibbeh & Meat Balls,400 gm,1,CBK,BEEF KIBBEH 400,400 Gms x 12 Pkts,KOFTA-KIBBEH-FELAFEL,92.08,70.0,85.5,exact,20.88,1,auto_high_confidence
12627,30541794,Al Kabeer Chicken/Beef Kibbeh 400 gm,Al Kabeer,Chicken Kibbeh-Frozen,No Variant,Frozen Kofta / Kibbeh & Meat Balls,400 gm,2,BC40,BEEF CUBES,2 lb x 20 Pkts,MEAT-INDIAN-TRD,71.19,44.63,85.5,,,0,auto_high_confidence
12627,30541794,Al Kabeer Chicken/Beef Kibbeh 400 gm,Al Kabeer,Chicken Kibbeh-Frozen,No Variant,Frozen Kofta / Kibbeh & Meat Balls,400 gm,3,BVL3,VEAL LEGS 3.6,Asstd. Wt.,MEAT-INDIAN-TRD,68.77,37.7,85.5,,,0,auto_high_confidence
12627,30541794,Al Kabeer Chicken/Beef Kibbeh 400 gm,Al Kabeer,Chicken Kibbeh-Frozen,No Variant,Frozen Kofta / Kibbeh & Meat Balls,400 gm,4,CBBOT,TAYEBAT BEEF BURGERS ONION BULK,1 Kgs x 9 Pkts,BURGERS,55.08,50.0,85.5,conflict,,0,auto_high_confidence
12627,30541794,Al Kabeer Chicken/Beef Kibbeh 400 gm,Al Kabeer,Chicken Kibbeh-Frozen,No Variant,Frozen Kofta / Kibbeh & Meat Balls,400 gm,5,CBBO,4 BEEF BURGERS,200 Gms x 30 Pkt,BURGERS,54.24,47.62,85.5,conflict,,0,auto_high_confidence
12652,30555438,Al Kabeer Zing Chicken Strip /Spicy 750 gm,Al Kabeer,Chicken Strips-Frozen,No Variant,Zing,750 gm,1,CKZSDA,ZING CHICKEN STRIPS SPICY 750 GRM,750 GMS X 8 PKT,STRIPS,88.87,77.5,76.53,exact,34.52,1,auto_high_confidence
12652,30555438,Al Kabeer Zing Chicken Strip /Spicy 750 gm,Al Kabeer,Chicken Strips-Frozen,No Variant,Zing,750 gm,2,CKSK,SHISH KEBAB,600 Gms x 12 Pkts,KEBAB,54.35,47.92,85.5,conflict,,0,auto_high_confidence
12652,30555438,Al Kabeer Zing Chicken Strip /Spicy 750 gm,Al Kabeer,Chicken Strips-Frozen,No Variant,Zing,750 gm,3,VVGP9,GREEN PEAS 900,900 gm x 10 Pkts,TRADING-VEG,53.62,45.83,85.5,conflict,,0,auto_high_confidence
12652,30555438,Al Kabeer Zing Chicken Strip /Spicy 750 gm,Al Kabeer,Chicken Strips-Frozen,No Variant,Zing,750 gm,4,VVGP,GREEN PEAS,400 gm x 20 Pkts,TRADING-VEG,53.13,44.44,85.5,conflict,,0,auto_high_confidence
12652,30555438,Al Kabeer Zing Chicken Strip /Spicy 750 gm,Al Kabeer,Chicken Strips-Frozen,No Variant,Zing,750 gm,5,CFB,BEEF FRANKS,454 Gms x 20 Pkts,SAUSAGES,51.3,39.22,85.5,conflict,,0,auto_high_confidence
12659,30561256,Al Kabeer Breaded Chicken Burgers 840 gm,Al Kabeer,Chicken Burger-Frozen,Breaded,Frozen Burger,840 gm,1,CKBBADPR,AK PRO Breaded Chicken Burger Bag 840 g. x 8,840 gm x 8,BURGERS,100.0,91.14,86.58,exact,29.82,1,auto_high_confidence
12659,30561256,Al Kabeer Breaded Chicken Burgers 840 gm,Al Kabeer,Chicken Burger-Frozen,Breaded,Frozen Burger,840 gm,2,CKBBAD,Breaded Chicken Burger Bag (56 g.),840 g. x 9,BURGERS,70.18,91.14,86.58,conflict,,0,auto_high_confidence
12659,30561256,Al Kabeer Breaded Chicken Burgers 840 gm,Al Kabeer,Chicken Burger-Frozen,Breaded,Frozen Burger,840 gm,3,CBBUR,BEEF BURGERS 56 g.,840 g. x 9,BURGERS,57.7,57.5,85.5,conflict,,0,auto_high_confidence
12659,30561256,Al Kabeer Breaded Chicken Burgers 840 gm,Al Kabeer,Chicken Burger-Frozen,Breaded,Frozen Burger,840 gm,4,CBBO,4 BEEF BURGERS,200 Gms x 30 Pkt,BURGERS,55.91,52.38,85.5,conflict,,0,auto_high_confidence
12659,30561256,Al Kabeer Breaded Chicken Burgers 840 gm,Al Kabeer,Chicken Burger-Frozen,Breaded,Frozen Burger,840 gm,5,CBBOA,BEEF BURGERS BULK,2 Kgs x 5 Pkts,BURGERS,55.76,51.95,85.5,conflict,,0,auto_high_confidence
12722,30704671,Al Kabeer Breaded Chicken Burgers Spicy 8's (400 gm),Al Kabeer,Chicken Burger-Frozen,Breaded,Frozen Burger,400 gm,1,CKBBS,8 BREADED CHICKEN BURGER HOT & SPICY,400 gm x 12 Pkts,BURGERS,99.77,90.72,86.19,exact,43.4,1,auto_high_confidence
12722,30704671,Al Kabeer Breaded Chicken Burgers Spicy 8's (400 gm),Al Kabeer,Chicken Burger-Frozen,Breaded,Frozen Burger,400 gm,2,CBBAGPR,AK PRO BEEF BURGER 24,1.392 kg x 6 Pkts,BURGERS,56.37,53.7,85.5,conflict,,0,auto_high_confidence
12722,30704671,Al Kabeer Breaded Chicken Burgers Spicy 8's (400 gm),Al Kabeer,Chicken Burger-Frozen,Breaded,Frozen Burger,400 gm,3,CBBUR,BEEF BURGERS 56 g.,840 g. x 9,BURGERS,56.24,53.33,85.5,conflict,,0,auto_high_confidence
12722,30704671,Al Kabeer Breaded Chicken Burgers Spicy 8's (400 gm),Al Kabeer,Chicken Burger-Frozen,Breaded,Frozen Burger,400 gm,4,CBBO,4 BEEF BURGERS,200 Gms x 30 Pkt,BURGERS,56.19,53.19,85.5,conflict,,0,auto_high_confidence
12722,30704671,Al Kabeer Breaded Chicken Burgers Spicy 8's (400 gm),Al Kabeer,Chicken Burger-Frozen,Breaded,Frozen Burger,400 gm,5,CBBOA,BEEF BURGERS BULK,2 Kgs x 5 Pkts,BURGERS,56.08,52.87,85.5,conflict,,0,auto_high_confidence
12743,30708060,Al Kabeer Chicken Burger 400 gm,Al Kabeer,Chicken Burger-Frozen,Breaded,Frozen Burger,400 gm,1,CKBBS,8 BREADED CHICKEN BURGER HOT & SPICY,400 gm x 12 Pkts,BURGERS,98.0,88.89,84.44,exact,12.85,1,auto_high_confidence
12743,30708060,Al Kabeer Chicken Burger 400 gm,Al Kabeer,Chicken Burger-Frozen,Breaded,Frozen Burger,400 gm,2,CKBB,8 BREADED CHICKEN BURGERS,400 Gms x 12 Pkts,BURGERS,85.15,75.61,71.83,exact,,0,auto_high_confidence
12743,30708060,Al Kabeer Chicken Burger 400 gm,Al Kabeer,Chicken Burger-Frozen,Breaded,Frozen Burger,400 gm,3,CKBBAD,Breaded Chicken Burger Bag (56 g.),840 g. x 9,BURGERS,60.71,81.36,77.29,conflict,,0,auto_high_confidence
12743,30708060,Al Kabeer Chicken Burger 400 gm,Al Kabeer,Chicken Burger-Frozen,Breaded,Frozen Burger,400 gm,4,CKBBADPR,AK PRO Breaded Chicken Burger Bag 840 g. x 8,840 gm x 8,BURGERS,60.71,81.36,77.29,conflict,,0,auto_high_confidence
12743,30708060,Al Kabeer Chicken Burger 400 gm,Al Kabeer,Chicken Burger-Frozen,Breaded,Frozen Burger,400 gm,5,CKKBJ,JUMBO BREADED CHICKEN BURGER 100G BULK,1000 GM X 6 PKTS,BURGERS,60.71,81.36,77.29,conflict,,0,auto_high_confidence
12763,30712782,Al Kabeer Breaded/Chicken Burgers 840 gm,Al Kabeer,Chicken Burger-Frozen,Breaded,Frozen Burger,840 gm,1,CKBBADPR,AK PRO Breaded Chicken Burger Bag 840 g. x 8,840 gm x 8,BURGERS,100.0,91.14,86.58,exact,29.82,1,auto_high_confidence
12763,30712782,Al Kabeer Breaded/Chicken Burgers 840 gm,Al Kabeer,Chicken Burger-Frozen,Breaded,Frozen Burger,840 gm,2,CKBBAD,Breaded Chicken Burger Bag (56 g.),840 g. x 9,BURGERS,70.18,91.14,86.58,conflict,,0,auto_high_confidence
12763,30712782,Al Kabeer Breaded/Chicken Burgers 840 gm,Al Kabeer,Chicken Burger-Frozen,Breaded,Frozen Burger,840 gm,3,CBBUR,BEEF BURGERS 56 g.,840 g. x 9,BURGERS,57.7,57.5,85.5,conflict,,0,auto_high_confidence
12763,30712782,Al Kabeer Breaded/Chicken Burgers 840 gm,Al Kabeer,Chicken Burger-Frozen,Breaded,Frozen Burger,840 gm,4,CBBO,4 BEEF BURGERS,200 Gms x 30 Pkt,BURGERS,55.91,52.38,85.5,conflict,,0,auto_high_confidence
12763,30712782,Al Kabeer Breaded/Chicken Burgers 840 gm,Al Kabeer,Chicken Burger-Frozen,Breaded,Frozen Burger,840 gm,5,CBBOA,BEEF BURGERS BULK,2 Kgs x 5 Pkts,BURGERS,55.76,51.95,85.5,conflict,,0,auto_high_confidence
12813,30849690,Al Kabeer Zing Chicken Strips 320 Gm,Al Kabeer,Chicken Strips-Frozen,Spicy,Zing,320 gm,1,CKZS,ZING CHICKEN STRIPS,320 Gms x 20 Pkts,STRIPS,89.58,79.37,76.61,exact,22.92,1,auto_high_confidence
12813,30849690,Al Kabeer Zing Chicken Strips 320 Gm,Al Kabeer,Chicken Strips-Frozen,Spicy,Zing,320 gm,2,CKZSCKNP,Zing Strips Non Spicy + Free Chicken Nuggets Combo Pack,(750 g.+750 g.) x 4,STRIPS,66.65,83.08,85.5,conflict,,0,auto_high_confidence
12813,30849690,Al Kabeer Zing Chicken Strips 320 Gm,Al Kabeer,Chicken Strips-Frozen,Spicy,Zing,320 gm,3,CKZSDA,ZING CHICKEN STRIPS SPICY 750 GRM,750 GMS X 8 PKT,STRIPS,62.38,83.08,78.92,conflict,,0,auto_high_confidence
12813,30849690,Al Kabeer Zing Chicken Strips 320 Gm,Al Kabeer,Chicken Strips-Frozen,Spicy,Zing,320 gm,4,CKZSNS,ZING CHICKEN STRIPS NON-SPICY,8 X 750 GMS,STRIPS,62.38,83.08,78.92,conflict,,0,auto_high_confidence
12813,30849690,Al Kabeer Zing Chicken Strips 320 Gm,Al Kabeer,Chicken Strips-Frozen,Spicy,Zing,320 gm,5,CZFNSCFHP,Zing Chicken Fillets Non Spicy + Free Chicken Fillets Spicy,750+750 g. x 4,FILLETS,61.71,68.97,85.5,conflict,,0,auto_high_confidence
12820,30875549,Al Kabeer chicken burger breaded Regular 400 gm,Al Kabeer,Chicken Burger-Frozen,Breaded,Frozen Burger,400 gm,1,CKBBS,8 BREADED CHICKEN BURGER HOT & SPICY,400 gm x 12 Pkts,BURGERS,100.0,91.14,86.58,exact,40.76,1,auto_high_confidence
12820,30875549,Al Kabeer chicken burger breaded Regular 400 gm,Al Kabeer,Chicken Burger-Frozen,Breaded,Frozen Burger,400 gm,2,CBBO,4 BEEF BURGERS,200 Gms x 30 Pkt,BURGERS,59.24,61.9,85.5,conflict,,0,auto_high_confidence
12820,30875549,Al Kabeer chicken burger breaded Regular 400 gm,Al Kabeer,Chicken Burger-Frozen,Breaded,Frozen Burger,400 gm,3,CBBO24,24 BEEF BURGERS,1.2 Kgs x 8 Pkts,BURGERS,58.16,58.82,85.5,conflict,,0,auto_high_confidence
12820,30875549,Al Kabeer chicken burger breaded Regular 400 gm,Al Kabeer,Chicken Burger-Frozen,Breaded,Frozen Burger,400 gm,4,CFBF,BREADED FISH FILLET,330 Gms x 20 Pkts,FILLETS,57.41,56.67,85.5,conflict,,0,auto_high_confidence
12820,30875549,Al Kabeer chicken burger breaded Regular 400 gm,Al Kabeer,Chicken Burger-Frozen,Breaded,Frozen Burger,400 gm,5,CCSK,KIRI CHEESE SAMOSA,20 X 240 GMS,SAMOSA,55.48,51.16,85.5,conflict,,0,auto_high_confidence
12859,30932119,Al Kabeer BBreaded Fish Fillet Frozen (330 gm),Al Kabeer,Breaded Fish Fillet,No Variant,Breaded Seafood,330 gm,1,CFBF,BREADED FISH FILLET,330 Gms x 20 Pkts,FILLETS,93.24,73.33,85.5,exact,18.0,1,auto_high_confidence
12859,30932119,Al Kabeer BBreaded Fish Fillet Frozen (330 gm),Al Kabeer,Breaded Fish Fillet,No Variant,Breaded Seafood,330 gm,2,CKBS,8 BEEF SEEKH KEBAB,320 Gms x 24 Pkts,KEBAB,75.24,41.9,85.5,close,,0,auto_high_confidence
12859,30932119,Al Kabeer BBreaded Fish Fillet Frozen (330 gm),Al Kabeer,Breaded Fish Fillet,No Variant,Breaded Seafood,330 gm,3,CFBFA,BREADED FISH FILLET BULK,1 Kgs x 5 Pkts,FILLETS,61.5,68.35,85.5,conflict,,0,auto_high_confidence
12859,30932119,Al Kabeer BBreaded Fish Fillet Frozen (330 gm),Al Kabeer,Breaded Fish Fillet,No Variant,Breaded Seafood,330 gm,4,CBBO,4 BEEF BURGERS,200 Gms x 30 Pkt,BURGERS,52.13,41.58,85.5,conflict,,0,auto_high_confidence
12859,30932119,Al Kabeer BBreaded Fish Fillet Frozen (330 gm),Al Kabeer,Breaded Fish Fillet,No Variant,Breaded Seafood,330 gm,5,CFB,BEEF FRANKS,454 Gms x 20 Pkts,SAUSAGES,51.31,39.25,85.5,conflict,,0,auto_high_confidence
12862,30933432,ALKABEER CHICKEN / BEEF KIBBEH 400 gm,Al Kabeer,Beef Kibbeh-Frozen,No Variant,Frozen Kofta / Kibbeh & Meat Balls,400 gm,1,CBK,BEEF KIBBEH 400,400 Gms x 12 Pkts,KOFTA-KIBBEH-FELAFEL,92.08,70.0,85.5,exact,20.88,1,auto_high_confidence
12862,30933432,ALKABEER CHICKEN / BEEF KIBBEH 400 gm,Al Kabeer,Beef Kibbeh-Frozen,No Variant,Frozen Kofta / Kibbeh & Meat Balls,400 gm,2,BC40,BEEF CUBES,2 lb x 20 Pkts,MEAT-INDIAN-TRD,71.19,44.63,85.5,,,0,auto_high_confidence
12862,30933432,ALKABEER CHICKEN / BEEF KIBBEH 400 gm,Al Kabeer,Beef Kibbeh-Frozen,No Variant,Frozen Kofta / Kibbeh & Meat Balls,400 gm,3,BVL3,VEAL LEGS 3.6,Asstd. Wt.,MEAT-INDIAN-TRD,68.77,37.7,85.5,,,0,auto_high_confidence
12862,30933432,ALKABEER CHICKEN / BEEF KIBBEH 400 gm,Al Kabeer,Beef Kibbeh-Frozen,No Variant,Frozen Kofta / Kibbeh & Meat Balls,400 gm,4,CBBOT,TAYEBAT BEEF BURGERS ONION BULK,1 Kgs x 9 Pkts,BURGERS,55.08,50.0,85.5,conflict,,0,auto_high_confidence
12862,30933432,ALKABEER CHICKEN / BEEF KIBBEH 400 gm,Al Kabeer,Beef Kibbeh-Frozen,No Variant,Frozen Kofta / Kibbeh & Meat Balls,400 gm,5,CBBO,4 BEEF BURGERS,200 Gms x 30 Pkt,BURGERS,54.24,47.62,85.5,conflict,,0,auto_high_confidence
12863,30933432,ALKABEER CHICKEN / BEEF KIBBEH 400 gm,Al Kabeer,Chicken Kibbeh-Frozen,No Variant,Frozen Kofta / Kibbeh & Meat Balls,400 gm,1,CBK,BEEF KIBBEH 400,400 Gms x 12 Pkts,KOFTA-KIBBEH-FELAFEL,92.08,70.0,85.5,exact,20.88,1,auto_high_confidence
12863,30933432,ALKABEER CHICKEN / BEEF KIBBEH 400 gm,Al Kabeer,Chicken Kibbeh-Frozen,No Variant,Frozen Kofta / Kibbeh & Meat Balls,400 gm,2,BC40,BEEF CUBES,2 lb x 20 Pkts,MEAT-INDIAN-TRD,71.19,44.63,85.5,,,0,auto_high_confidence
12863,30933432,ALKABEER CHICKEN / BEEF KIBBEH 400 gm,Al Kabeer,Chicken Kibbeh-Frozen,No Variant,Frozen Kofta / Kibbeh & Meat Balls,400 gm,3,BVL3,VEAL LEGS 3.6,Asstd. Wt.,MEAT-INDIAN-TRD,68.77,37.7,85.5,,,0,auto_high_confidence
12863,30933432,ALKABEER CHICKEN / BEEF KIBBEH 400 gm,Al Kabeer,Chicken Kibbeh-Frozen,No Variant,Frozen Kofta / Kibbeh & Meat Balls,400 gm,4,CBBOT,TAYEBAT BEEF BURGERS ONION BULK,1 Kgs x 9 Pkts,BURGERS,55.08,50.0,85.5,conflict,,0,auto_high_confidence
12863,30933432,ALKABEER CHICKEN / BEEF KIBBEH 400 gm,Al Kabeer,Chicken Kibbeh-Frozen,No Variant,Frozen Kofta / Kibbeh & Meat Balls,400 gm,5,CBBO,4 BEEF BURGERS,200 Gms x 30 Pkt,BURGERS,54.24,47.62,85.5,conflict,,0,auto_high_confidence
12930,30973982,Al Kabeer Zing Chicken Strips 320 gm,Al Kabeer,Chicken Strips-Frozen,Spicy,Zing,320 gm,1,CKZS,ZING CHICKEN STRIPS,320 Gms x 20 Pkts,STRIPS,89.58,79.37,76.61,exact,22.92,1,auto_high_confidence
12930,30973982,Al Kabeer Zing Chicken Strips 320 gm,Al Kabeer,Chicken Strips-Frozen,Spicy,Zing,320 gm,2,CKZSCKNP,Zing Strips Non Spicy + Free Chicken Nuggets Combo Pack,(750 g.+750 g.) x 4,STRIPS,66.65,83.08,85.5,conflict,,0,auto_high_confidence
12930,30973982,Al Kabeer Zing Chicken Strips 320 gm,Al Kabeer,Chicken Strips-Frozen,Spicy,Zing,320 gm,3,CKZSDA,ZING CHICKEN STRIPS SPICY 750 GRM,750 GMS X 8 PKT,STRIPS,62.38,83.08,78.92,conflict,,0,auto_high_confidence
12930,30973982,Al Kabeer Zing Chicken Strips 320 gm,Al Kabeer,Chicken Strips-Frozen,Spicy,Zing,320 gm,4,CKZSNS,ZING CHICKEN STRIPS NON-SPICY,8 X 750 GMS,STRIPS,62.38,83.08,78.92,conflict,,0,auto_high_confidence
12930,30973982,Al Kabeer Zing Chicken Strips 320 gm,Al Kabeer,Chicken Strips-Frozen,Spicy,Zing,320 gm,5,CZFNSCFHP,Zing Chicken Fillets Non Spicy + Free Chicken Fillets Spicy,750+750 g. x 4,FILLETS,61.71,68.97,85.5,conflict,,0,auto_high_confidence
12966,31087661,Al Kabeer Zing Chicken Srips 750 gm,Al Kabeer,Chicken Strips-Frozen,No Variant,Zing,750 gm,1,CKZSCKNP,Zing Strips Non Spicy + Free Chicken Nuggets Combo Pack,(750 g.+750 g.) x 4,STRIPS,91.22,67.57,85.5,exact,9.04,1,auto_high_confidence
12966,31087661,Al Kabeer Zing Chicken Srips 750 gm,Al Kabeer,Chicken Strips-Frozen,No Variant,Zing,750 gm,2,CKZSDA,ZING CHICKEN STRIPS SPICY 750 GRM,750 GMS X 8 PKT,STRIPS,82.18,67.57,71.59,exact,,0,auto_high_confidence
12966,31087661,Al Kabeer Zing Chicken Srips 750 gm,Al Kabeer,Chicken Strips-Frozen,No Variant,Zing,750 gm,3,CKZSNS,ZING CHICKEN STRIPS NON-SPICY,8 X 750 GMS,STRIPS,81.54,68.69,70.0,exact,,0,auto_high_confidence
12966,31087661,Al Kabeer Zing Chicken Srips 750 gm,Al Kabeer,Chicken Strips-Frozen,No Variant,Zing,750 gm,4,CKZFDA,ZING CHICKEN FILLETS SPICY 750 GRM,750 GMS X 8 PKT,FILLETS,71.49,56.57,61.07,exact,,0,auto_high_confidence
12966,31087661,Al Kabeer Zing Chicken Srips 750 gm,Al Kabeer,Chicken Strips-Frozen,No Variant,Zing,750 gm,5,CKZFNS,ZING CHICKEN FILLET NON-SPICY,8 X 750 GMS,FILLETS,71.26,56.07,60.97,exact,,0,auto_high_confidence
13083,31143941,Al Kabeer Breaded Chicken Burgers 400 gm,Al Kabeer,Chicken Burger-Frozen,Breaded,Frozen Burger,400 gm,1,CKBBS,8 BREADED CHICKEN BURGER HOT & SPICY,400 gm x 12 Pkts,BURGERS,100.0,91.14,86.58,exact,17.97,1,auto_high_confidence
13083,31143941,Al Kabeer Breaded Chicken Burgers 400 gm,Al Kabeer,Chicken Burger-Frozen,Breaded,Frozen Burger,400 gm,2,CFBJ,JUMBO HOTDOGS,400 Gms x 20 Pkts,SAUSAGES,82.03,41.3,85.5,exact,,0,auto_high_confidence
13083,31143941,Al Kabeer Breaded Chicken Burgers 400 gm,Al Kabeer,Chicken Burger-Frozen,Breaded,Frozen Burger,400 gm,3,CBBUR,BEEF BURGERS 56 g.,840 g. x 9,BURGERS,56.83,55.0,85.5,conflict,,0,auto_high_confidence
13083,31143941,Al Kabeer Breaded Chicken Burgers 400 gm,Al Kabeer,Chicken Burger-Frozen,Breaded,Frozen Burger,400 gm,4,CBBO,4 BEEF BURGERS,200 Gms x 30 Pkt,BURGERS,56.74,54.76,85.5,conflict,,0,auto_high_confidence
13083,31143941,Al Kabeer Breaded Chicken Burgers 400 gm,Al Kabeer,Chicken Burger-Frozen,Breaded,Frozen Burger,400 gm,5,CBBOA,BEEF BURGERS BULK,2 Kgs x 5 Pkts,BURGERS,55.76,51.95,85.5,conflict,,0,auto_high_confidence
13108,31168913,Al Kabeer Butter Chicken Zing Fillets 700 gm,Al Kabeer,Chicken Fillets-Frozen,Spicy,Zing,700 gm,1,CKZFBC,Butter Chicken Zing Fillets 700 g. x 8,700 g. x 8,FILLETS,92.83,83.54,79.37,exact,10.6,1,auto_high_confidence
13108,31168913,Al Kabeer Butter Chicken Zing Fillets 700 gm,Al Kabeer,Chicken Fillets-Frozen,Spicy,Zing,700 gm,2,CKZFDA,ZING CHICKEN FILLETS SPICY 750 GRM,750 GMS X 8 PKT,FILLETS,82.23,77.08,77.31,close,,0,auto_high_confidence
13108,31168913,Al Kabeer Butter Chicken Zing Fillets 700 gm,Al Kabeer,Chicken Fillets-Frozen,Spicy,Zing,700 gm,3,CKZFNS,ZING CHICKEN FILLET NON-SPICY,8 X 750 GMS,FILLETS,80.35,75.68,75.18,close,,0,auto_high_confidence
13108,31168913,Al Kabeer Butter Chicken Zing Fillets 700 gm,Al Kabeer,Chicken Fillets-Frozen,Spicy,Zing,700 gm,4,CZFNSCFHP,Zing Chicken Fillets Non Spicy + Free Chicken Fillets Spicy,750+750 g. x 4,FILLETS,79.42,76.92,73.08,close,,0,auto_high_confidence
13108,31168913,Al Kabeer Butter Chicken Zing Fillets 700 gm,Al Kabeer,Chicken Fillets-Frozen,Spicy,Zing,700 gm,5,CKZFDATS,Zing Chicken Fillets Tamiya,750 GMS X 8 PKT,FILLETS,75.57,68.04,71.93,close,,0,auto_high_confidence
13137,31230562,Alkabeer Plain Pie 400 gm,Al Kabeer,Paratha-Frozen,No Variant,Frozen Pranthas,400 gm,1,VPRWWP,Plain Paratha + Free Wheat Paratha Promo 400+400 g. x 12,400+400G X 12,PARATHA-WRAPS,88.91,60.95,85.5,exact,16.2,1,auto_high_confidence
13137,31230562,Alkabeer Plain Pie 400 gm,Al Kabeer,Paratha-Frozen,No Variant,Frozen Pranthas,400 gm,2,VRTP,TAY. PARATHA PLAIN,400 gm x 24 Pkts,PARATHA-WRAPS,72.71,62.75,59.61,exact,,0,auto_high_confidence
13137,31230562,Alkabeer Plain Pie 400 gm,Al Kabeer,Paratha-Frozen,No Variant,Frozen Pranthas,400 gm,3,VPR,PLAIN PARATHA,400 gm x 24 Pkts,PARATHA-WRAPS,71.85,61.86,58.76,exact,,0,auto_high_confidence
13137,31230562,Alkabeer Plain Pie 400 gm,Al Kabeer,Paratha-Frozen,No Variant,Frozen Pranthas,400 gm,4,SVPRP,PARATHA PLAIN PROMO  400gmsx3 Pktsx8,400 gm x 3 Pkts x 8,PARATHA-WRAPS,68.06,57.94,55.05,exact,,0,auto_high_confidence
13137,31230562,Alkabeer Plain Pie 400 gm,Al Kabeer,Paratha-Frozen,No Variant,Frozen Pranthas,400 gm,5,CKZSCKNP,Zing Strips Non Spicy + Free Chicken Nuggets Combo Pack,(750 g.+750 g.) x 4,STRIPS,51.12,38.71,85.5,conflict,,0,auto_high_confidence
13143,31232821,Alkabeer Fish Fillet 330 gm,Al Kabeer,Breaded Fish Fillet,No Variant,Breaded Seafood,330 gm,1,CFBF,BREADED FISH FILLET,330 Gms x 20 Pkts,FILLETS,94.93,85.71,81.43,exact,38.94,1,auto_high_confidence
13143,31232821,Alkabeer Fish Fillet 330 gm,Al Kabeer,Breaded Fish Fillet,No Variant,Breaded Seafood,330 gm,2,FCD,CREAM DORI FISH FILLETS,Asstd. Wt.,FILLETS,55.99,57.69,55.07,,,0,auto_high_confidence
13143,31232821,Alkabeer Fish Fillet 330 gm,Al Kabeer,Breaded Fish Fillet,No Variant,Breaded Seafood,330 gm,3,CFBFA,BREADED FISH FILLET BULK,1 Kgs x 5 Pkts,FILLETS,55.58,76.06,72.25,conflict,,0,auto_high_confidence
13143,31232821,Alkabeer Fish Fillet 330 gm,Al Kabeer,Breaded Fish Fillet,No Variant,Breaded Seafood,330 gm,4,CKZSCKNP,Zing Strips Non Spicy + Free Chicken Nuggets Combo Pack,(750 g.+750 g.) x 4,STRIPS,48.85,32.2,85.5,conflict,,0,auto_high_confidence
13143,31232821,Alkabeer Fish Fillet 330 gm,Al Kabeer,Breaded Fish Fillet,No Variant,Breaded Seafood,330 gm,5,FSAPR,AK PRO FISH FILLET,2 KGS X 5,FILLETS,40.74,60.32,57.89,conflict,,0,auto_high_confidence
13166,31291098,Al Kabeer Chicken Kibbeh 400gm,Al Kabeer,Chicken Kibbeh-Frozen,No Variant,Frozen Kofta / Kibbeh & Meat Balls,400 gm,1,CBK,BEEF KIBBEH 400,400 Gms x 12 Pkts,KOFTA-KIBBEH-FELAFEL,89.68,63.16,85.5,exact,20.69,1,auto_high_confidence
13166,31291098,Al Kabeer Chicken Kibbeh 400gm,Al Kabeer,Chicken Kibbeh-Frozen,No Variant,Frozen Kofta / Kibbeh & Meat Balls,400 gm,2,BVL3,VEAL LEGS 3.6,Asstd. Wt.,MEAT-INDIAN-TRD,68.99,38.33,85.5,,,0,auto_high_confidence
13166,31291098,Al Kabeer Chicken Kibbeh 400gm,Al Kabeer,Chicken Kibbeh-Frozen,No Variant,Frozen Kofta / Kibbeh & Meat Balls,400 gm,3,BC40,BEEF CUBES,2 lb x 20 Pkts,MEAT-INDIAN-TRD,68.52,36.97,85.5,,,0,auto_high_confidence
13166,31291098,Al Kabeer Chicken Kibbeh 400gm,Al Kabeer,Chicken Kibbeh-Frozen,No Variant,Frozen Kofta / Kibbeh & Meat Balls,400 gm,4,BTS,BEEF TOPSIDE ALK,20 KGS,MEAT-INDIAN-TRD,52.41,42.37,85.5,conflict,,0,auto_high_confidence
13166,31291098,Al Kabeer Chicken Kibbeh 400gm,Al Kabeer,Chicken Kibbeh-Frozen,No Variant,Frozen Kofta / Kibbeh & Meat Balls,400 gm,5,CBBOT,TAYEBAT BEEF BURGERS ONION BULK,1 Kgs x 9 Pkts,BURGERS,52.21,41.82,85.5,conflict,,0,auto_high_confidence
13263,31344638,Al Kabeer Breaded Chicken Burgers 400 gm,Al Kabeer,Chicken Burger-Frozen,Breaded,Frozen Burger,400 gm,1,CKBBS,8 BREADED CHICKEN BURGER HOT & SPICY,400 gm x 12 Pkts,BURGERS,100.0,91.14,86.58,exact,17.97,1,auto_high_confidence
13263,31344638,Al Kabeer Breaded Chicken Burgers 400 gm,Al Kabeer,Chicken Burger-Frozen,Breaded,Frozen Burger,400 gm,2,CFBJ,JUMBO HOTDOGS,400 Gms x 20 Pkts,SAUSAGES,82.03,41.3,85.5,exact,,0,auto_high_confidence
13263,31344638,Al Kabeer Breaded Chicken Burgers 400 gm,Al Kabeer,Chicken Burger-Frozen,Breaded,Frozen Burger,400 gm,3,CBBUR,BEEF BURGERS 56 g.,840 g. x 9,BURGERS,56.83,55.0,85.5,conflict,,0,auto_high_confidence
13263,31344638,Al Kabeer Breaded Chicken Burgers 400 gm,Al Kabeer,Chicken Burger-Frozen,Breaded,Frozen Burger,400 gm,4,CBBO,4 BEEF BURGERS,200 Gms x 30 Pkt,BURGERS,56.74,54.76,85.5,conflict,,0,auto_high_confidence
13263,31344638,Al Kabeer Breaded Chicken Burgers 400 gm,Al Kabeer,Chicken Burger-Frozen,Breaded,Frozen Burger,400 gm,5,CBBOA,BEEF BURGERS BULK,2 Kgs x 5 Pkts,BURGERS,55.76,51.95,85.5,conflict,,0,auto_high_confidence
13293,31458621,Al Kabeer Chicken Kibbheh 400 gm,Al Kabeer,Chicken Kibbeh-Frozen,No Variant,Frozen Kofta / Kibbeh & Meat Balls,400 gm,1,CBK,BEEF KIBBEH 400,400 Gms x 12 Pkts,KOFTA-KIBBEH-FELAFEL,89.04,61.33,85.5,exact,20.48,1,auto_high_confidence
13293,31458621,Al Kabeer Chicken Kibbheh 400 gm,Al Kabeer,Chicken Kibbeh-Frozen,No Variant,Frozen Kofta / Kibbeh & Meat Balls,400 gm,2,BC40,BEEF CUBES,2 lb x 20 Pkts,MEAT-INDIAN-TRD,68.56,37.1,85.5,,,0,auto_high_confidence
13293,31458621,Al Kabeer Chicken Kibbheh 400 gm,Al Kabeer,Chicken Kibbeh-Frozen,No Variant,Frozen Kofta / Kibbeh & Meat Balls,400 gm,3,BVL3,VEAL LEGS 3.6,Asstd. Wt.,MEAT-INDIAN-TRD,68.45,36.8,85.5,,,0,auto_high_confidence
13293,31458621,Al Kabeer Chicken Kibbheh 400 gm,Al Kabeer,Chicken Kibbeh-Frozen,No Variant,Frozen Kofta / Kibbeh & Meat Balls,400 gm,4,CBBOT,TAYEBAT BEEF BURGERS ONION BULK,1 Kgs x 9 Pkts,BURGERS,52.18,41.74,85.5,conflict,,0,auto_high_confidence
13293,31458621,Al Kabeer Chicken Kibbheh 400 gm,Al Kabeer,Chicken Kibbeh-Frozen,No Variant,Frozen Kofta / Kibbeh & Meat Balls,400 gm,5,BTS,BEEF TOPSIDE ALK,20 KGS,MEAT-INDIAN-TRD,51.8,40.65,85.5,conflict,,0,auto_high_confidence
13307,31459382,Al Kabeer Chicken Strips/Fillet 750 gm,Al Kabeer,Chicken Strips-Frozen,No Variant,Zing,750 gm,1,CKZSCKNP,Zing Strips Non Spicy + Free Chicken Nuggets Combo Pack,(750 g.+750 g.) x 4,STRIPS,90.91,66.67,85.5,exact,11.47,1,auto_high_confidence
13307,31459382,Al Kabeer Chicken Strips/Fillet 750 gm,Al Kabeer,Chicken Strips-Frozen,No Variant,Zing,750 gm,2,CKZSDA,ZING CHICKEN STRIPS SPICY 750 GRM,750 GMS X 8 PKT,STRIPS,79.44,67.57,67.38,exact,,0,auto_high_confidence
13307,31459382,Al Kabeer Chicken Strips/Fillet 750 gm,Al Kabeer,Chicken Strips-Frozen,No Variant,Zing,750 gm,3,CKZSNS,ZING CHICKEN STRIPS NON-SPICY,8 X 750 GMS,STRIPS,78.48,68.0,65.66,exact,,0,auto_high_confidence
13307,31459382,Al Kabeer Chicken Strips/Fillet 750 gm,Al Kabeer,Chicken Strips-Frozen,No Variant,Zing,750 gm,4,CZFNSCFHP,Zing Chicken Fillets Non Spicy + Free Chicken Fillets Spicy,750+750 g. x 4,FILLETS,78.29,68.52,65.09,exact,,0,auto_high_confidence
13307,31459382,Al Kabeer Chicken Strips/Fillet 750 gm,Al Kabeer,Chicken Strips-Frozen,No Variant,Zing,750 gm,5,CKZFNS,ZING CHICKEN FILLET NON-SPICY,8 X 750 GMS,FILLETS,76.8,66.67,63.8,exact,,0,auto_high_confidence
13365,31505209,Al Kabeer Zing Chicken Strips 320 gm,Al Kabeer,Chicken Strips-Frozen,Spicy,Zing,320 gm,1,CKZS,ZING CHICKEN STRIPS,320 Gms x 20 Pkts,STRIPS,89.58,79.37,76.61,exact,22.92,1,auto_high_confidence
13365,31505209,Al Kabeer Zing Chicken Strips 320 gm,Al Kabeer,Chicken Strips-Frozen,Spicy,Zing,320 gm,2,CKZSCKNP,Zing Strips Non Spicy + Free Chicken Nuggets Combo Pack,(750 g.+750 g.) x 4,STRIPS,66.65,83.08,85.5,conflict,,0,auto_high_confidence
13365,31505209,Al Kabeer Zing Chicken Strips 320 gm,Al Kabeer,Chicken Strips-Frozen,Spicy,Zing,320 gm,3,CKZSDA,ZING CHICKEN STRIPS SPICY 750 GRM,750 GMS X 8 PKT,STRIPS,62.38,83.08,78.92,conflict,,0,auto_high_confidence
13365,31505209,Al Kabeer Zing Chicken Strips 320 gm,Al Kabeer,Chicken Strips-Frozen,Spicy,Zing,320 gm,4,CKZSNS,ZING CHICKEN STRIPS NON-SPICY,8 X 750 GMS,STRIPS,62.38,83.08,78.92,conflict,,0,auto_high_confidence
13365,31505209,Al Kabeer Zing Chicken Strips 320 gm,Al Kabeer,Chicken Strips-Frozen,Spicy,Zing,320 gm,5,CZFNSCFHP,Zing Chicken Fillets Non Spicy + Free Chicken Fillets Spicy,750+750 g. x 4,FILLETS,61.71,68.97,85.5,conflict,,0,auto_high_confidence
13371,31508368,Al Kabeer Breaded Chicken Burgers 400 gm,Al Kabeer,Chicken Burger-Frozen,Breaded,Frozen Burger,400 gm,1,CKBBS,8 BREADED CHICKEN BURGER HOT & SPICY,400 gm x 12 Pkts,BURGERS,100.0,91.14,86.58,exact,17.97,1,auto_high_confidence
13371,31508368,Al Kabeer Breaded Chicken Burgers 400 gm,Al Kabeer,Chicken Burger-Frozen,Breaded,Frozen Burger,400 gm,2,CFBJ,JUMBO HOTDOGS,400 Gms x 20 Pkts,SAUSAGES,82.03,41.3,85.5,exact,,0,auto_high_confidence
13371,31508368,Al Kabeer Breaded Chicken Burgers 400 gm,Al Kabeer,Chicken Burger-Frozen,Breaded,Frozen Burger,400 gm,3,CBBUR,BEEF BURGERS 56 g.,840 g. x 9,BURGERS,56.83,55.0,85.5,conflict,,0,auto_high_confidence
13371,31508368,Al Kabeer Breaded Chicken Burgers 400 gm,Al Kabeer,Chicken Burger-Frozen,Breaded,Frozen Burger,400 gm,4,CBBO,4 BEEF BURGERS,200 Gms x 30 Pkt,BURGERS,56.74,54.76,85.5,conflict,,0,auto_high_confidence
13371,31508368,Al Kabeer Breaded Chicken Burgers 400 gm,Al Kabeer,Chicken Burger-Frozen,Breaded,Frozen Burger,400 gm,5,CBBOA,BEEF BURGERS BULK,2 Kgs x 5 Pkts,BURGERS,55.76,51.95,85.5,conflict,,0,auto_high_confidence
13372,31508446,Al Kabeer chicken & cheese sticks 1 kg,Al Kabeer,Chicken Cheese Stick-Frozen,No Variant,Frozen Barbeque Products,1 kg,1,CCKSB,CHICKEN STICKS BULK,1 Kgs x 5 Pkts,STICKS & FINGERS,91.97,69.7,85.5,exact,9.23,1,auto_high_confidence
13372,31508446,Al Kabeer chicken & cheese sticks 1 kg,Al Kabeer,Chicken Cheese Stick-Frozen,No Variant,Frozen Barbeque Products,1 kg,2,CBBOT,TAYEBAT BEEF BURGERS ONION BULK,1 Kgs x 9 Pkts,BURGERS,82.74,43.33,85.5,exact,,0,auto_high_confidence
13372,31508446,Al Kabeer chicken & cheese sticks 1 kg,Al Kabeer,Chicken Cheese Stick-Frozen,No Variant,Frozen Barbeque Products,1 kg,3,CCSAKPR,A.K PRO CHEESE SAMOSA,4 X 1.2 KGS,SAMOSA,54.01,46.96,85.5,conflict,,0,auto_high_confidence
13372,31508446,Al Kabeer chicken & cheese sticks 1 kg,Al Kabeer,Chicken Cheese Stick-Frozen,No Variant,Frozen Barbeque Products,1 kg,4,CCSAKA,CHEESE SAMOSAS BULK,1.2 Kgs x 4 Pkts,SAMOSA,53.59,45.76,85.5,conflict,,0,auto_high_confidence
13372,31508446,Al Kabeer chicken & cheese sticks 1 kg,Al Kabeer,Chicken Cheese Stick-Frozen,No Variant,Frozen Barbeque Products,1 kg,5,CCSAK,12 CHEESE SAMOSAS,240 Gms x 20 Pkts,SAMOSA,51.69,40.32,85.5,conflict,,0,auto_high_confidence
13396,31510697,Al Kabeer Zing Chicken Fillets 465 gm,Al Kabeer,Chicken Fillets-Frozen,Spicy,Zing,465 gm,1,CKZF,ZING CHICKEN FILLETS 465,465 Gms x 12 Pkts,FILLETS,89.59,80.0,76.29,exact,22.76,1,auto_high_confidence
13396,31510697,Al Kabeer Zing Chicken Fillets 465 gm,Al Kabeer,Chicken Fillets-Frozen,Spicy,Zing,465 gm,2,CZFNSCFHP,Zing Chicken Fillets Non Spicy + Free Chicken Fillets Spicy,750+750 g. x 4,FILLETS,66.83,83.58,85.5,conflict,,0,auto_high_confidence
13396,31510697,Al Kabeer Zing Chicken Fillets 465 gm,Al Kabeer,Chicken Fillets-Frozen,Spicy,Zing,465 gm,3,CKZFACKNP,Zing Chicken Fillets Spicy + Free Chicken Nuggets,1kg+750 g. x 3,FILLETS,62.87,83.58,79.4,conflict,,0,auto_high_confidence
13396,31510697,Al Kabeer Zing Chicken Fillets 465 gm,Al Kabeer,Chicken Fillets-Frozen,Spicy,Zing,465 gm,4,CKZFDA,ZING CHICKEN FILLETS SPICY 750 GRM,750 GMS X 8 PKT,FILLETS,62.87,83.58,79.4,conflict,,0,auto_high_confidence
13396,31510697,Al Kabeer Zing Chicken Fillets 465 gm,Al Kabeer,Chicken Fillets-Frozen,Spicy,Zing,465 gm,5,CKZFNS,ZING CHICKEN FILLET NON-SPICY,8 X 750 GMS,FILLETS,62.87,83.58,79.4,conflict,,0,auto_high_confidence
13431,31523661,Al Kabeer Breaded Chicken Burgers 400 gm,Al Kabeer,Chicken Burger-Frozen,Breaded,Frozen Burger,400 gm,1,CKBBS,8 BREADED CHICKEN BURGER HOT & SPICY,400 gm x 12 Pkts,BURGERS,100.0,91.14,86.58,exact,17.97,1,auto_high_confidence
13431,31523661,Al Kabeer Breaded Chicken Burgers 400 gm,Al Kabeer,Chicken Burger-Frozen,Breaded,Frozen Burger,400 gm,2,CFBJ,JUMBO HOTDOGS,400 Gms x 20 Pkts,SAUSAGES,82.03,41.3,85.5,exact,,0,auto_high_confidence
13431,31523661,Al Kabeer Breaded Chicken Burgers 400 gm,Al Kabeer,Chicken Burger-Frozen,Breaded,Frozen Burger,400 gm,3,CBBUR,BEEF BURGERS 56 g.,840 g. x 9,BURGERS,56.83,55.0,85.5,conflict,,0,auto_high_confidence
13431,31523661,Al Kabeer Breaded Chicken Burgers 400 gm,Al Kabeer,Chicken Burger-Frozen,Breaded,Frozen Burger,400 gm,4,CBBO,4 BEEF BURGERS,200 Gms x 30 Pkt,BURGERS,56.74,54.76,85.5,conflict,,0,auto_high_confidence
13431,31523661,Al Kabeer Breaded Chicken Burgers 400 gm,Al Kabeer,Chicken Burger-Frozen,Breaded,Frozen Burger,400 gm,5,CBBOA,BEEF BURGERS BULK,2 Kgs x 5 Pkts,BURGERS,55.76,51.95,85.5,conflict,,0,auto_high_confidence
13433,31523691,Al Kabeer Zing Chicken Strips 320 gm,Al Kabeer,Chicken Strips-Frozen,Spicy,Zing,320 gm,1,CKZS,ZING CHICKEN STRIPS,320 Gms x 20 Pkts,STRIPS,89.58,79.37,76.61,exact,22.92,1,auto_high_confidence
13433,31523691,Al Kabeer Zing Chicken Strips 320 gm,Al Kabeer,Chicken Strips-Frozen,Spicy,Zing,320 gm,2,CKZSCKNP,Zing Strips Non Spicy + Free Chicken Nuggets Combo Pack,(750 g.+750 g.) x 4,STRIPS,66.65,83.08,85.5,conflict,,0,auto_high_confidence
13433,31523691,Al Kabeer Zing Chicken Strips 320 gm,Al Kabeer,Chicken Strips-Frozen,Spicy,Zing,320 gm,3,CKZSDA,ZING CHICKEN STRIPS SPICY 750 GRM,750 GMS X 8 PKT,STRIPS,62.38,83.08,78.92,conflict,,0,auto_high_confidence
13433,31523691,Al Kabeer Zing Chicken Strips 320 gm,Al Kabeer,Chicken Strips-Frozen,Spicy,Zing,320 gm,4,CKZSNS,ZING CHICKEN STRIPS NON-SPICY,8 X 750 GMS,STRIPS,62.38,83.08,78.92,conflict,,0,auto_high_confidence
13433,31523691,Al Kabeer Zing Chicken Strips 320 gm,Al Kabeer,Chicken Strips-Frozen,Spicy,Zing,320 gm,5,CZFNSCFHP,Zing Chicken Fillets Non Spicy + Free Chicken Fillets Spicy,750+750 g. x 4,FILLETS,61.71,68.97,85.5,conflict,,0,auto_high_confidence
13474,31683910,Alkabeer Chicken Burger Breaded Spicy 400 gm,Al Kabeer,Chicken Burger-Frozen,Breaded,Frozen Burger,400 gm,1,CKBBS,8 BREADED CHICKEN BURGER HOT & SPICY,400 gm x 12 Pkts,BURGERS,99.72,90.67,86.13,exact,18.92,1,auto_high_confidence
13474,31683910,Alkabeer Chicken Burger Breaded Spicy 400 gm,Al Kabeer,Chicken Burger-Frozen,Breaded,Frozen Burger,400 gm,2,CFBJ,JUMBO HOTDOGS,400 Gms x 20 Pkts,SAUSAGES,80.8,37.78,85.5,exact,,0,auto_high_confidence
13474,31683910,Alkabeer Chicken Burger Breaded Spicy 400 gm,Al Kabeer,Chicken Burger-Frozen,Breaded,Frozen Burger,400 gm,3,CKCKB,CHICKEN BURGERS 56 g,840 g. x 9,BURGERS,57.84,57.89,85.5,conflict,,0,auto_high_confidence
13474,31683910,Alkabeer Chicken Burger Breaded Spicy 400 gm,Al Kabeer,Chicken Burger-Frozen,Breaded,Frozen Burger,400 gm,4,CBBO,4 BEEF BURGERS,200 Gms x 30 Pkt,BURGERS,55.5,51.22,85.5,conflict,,0,auto_high_confidence
13474,31683910,Alkabeer Chicken Burger Breaded Spicy 400 gm,Al Kabeer,Chicken Burger-Frozen,Breaded,Frozen Burger,400 gm,5,CBBUR,BEEF BURGERS 56 g.,840 g. x 9,BURGERS,53.73,46.15,85.5,conflict,,0,auto_high_confidence
13493,31689697,Al Kabeer Breaded Chicken Burgers Spicy 8's (400 gm),Al Kabeer,Chicken Burger-Frozen,Breaded,Frozen Burger,400 gm,1,CKBBS,8 BREADED CHICKEN BURGER HOT & SPICY,400 gm x 12 Pkts,BURGERS,99.77,90.72,86.19,exact,43.4,1,auto_high_confidence
13493,31689697,Al Kabeer Breaded Chicken Burgers Spicy 8's (400 gm),Al Kabeer,Chicken Burger-Frozen,Breaded,Frozen Burger,400 gm,2,CBBAGPR,AK PRO BEEF BURGER 24,1.392 kg x 6 Pkts,BURGERS,56.37,53.7,85.5,conflict,,0,auto_high_confidence
13493,31689697,Al Kabeer Breaded Chicken Burgers Spicy 8's (400 gm),Al Kabeer,Chicken Burger-Frozen,Breaded,Frozen Burger,400 gm,3,CBBUR,BEEF BURGERS 56 g.,840 g. x 9,BURGERS,56.24,53.33,85.5,conflict,,0,auto_high_confidence
13493,31689697,Al Kabeer Breaded Chicken Burgers Spicy 8's (400 gm),Al Kabeer,Chicken Burger-Frozen,Breaded,Frozen Burger,400 gm,4,CBBO,4 BEEF BURGERS,200 Gms x 30 Pkt,BURGERS,56.19,53.19,85.5,conflict,,0,auto_high_confidence
13493,31689697,Al Kabeer Breaded Chicken Burgers Spicy 8's (400 gm),Al Kabeer,Chicken Burger-Frozen,Breaded,Frozen Burger,400 gm,5,CBBOA,BEEF BURGERS BULK,2 Kgs x 5 Pkts,BURGERS,56.08,52.87,85.5,conflict,,0,auto_high_confidence
13509,31694936,Al Kabeer Breaded Chicken Burgers 400 gm,Al Kabeer,Chicken Burger-Frozen,Breaded,Frozen Burger,400 gm,1,CKBBS,8 BREADED CHICKEN BURGER HOT & SPICY,400 gm x 12 Pkts,BURGERS,100.0,91.14,86.58,exact,17.97,1,auto_high_confidence
13509,31694936,Al Kabeer Breaded Chicken Burgers 400 gm,Al Kabeer,Chicken Burger-Frozen,Breaded,Frozen Burger,400 gm,2,CFBJ,JUMBO HOTDOGS,400 Gms x 20 Pkts,SAUSAGES,82.03,41.3,85.5,exact,,0,auto_high_confidence
13509,31694936,Al Kabeer Breaded Chicken Burgers 400 gm,Al Kabeer,Chicken Burger-Frozen,Breaded,Frozen Burger,400 gm,3,CBBUR,BEEF BURGERS 56 g.,840 g. x 9,BURGERS,56.83,55.0,85.5,conflict,,0,auto_high_confidence
13509,31694936,Al Kabeer Breaded Chicken Burgers 400 gm,Al Kabeer,Chicken Burger-Frozen,Breaded,Frozen Burger,400 gm,4,CBBO,4 BEEF BURGERS,200 Gms x 30 Pkt,BURGERS,56.74,54.76,85.5,conflict,,0,auto_high_confidence
13509,31694936,Al Kabeer Breaded Chicken Burgers 400 gm,Al Kabeer,Chicken Burger-Frozen,Breaded,Frozen Burger,400 gm,5,CBBOA,BEEF BURGERS BULK,2 Kgs x 5 Pkts,BURGERS,55.76,51.95,85.5,conflict,,0,auto_high_confidence
13511,31695146,Al Kabeer Zing Chicken Strips 320 gm,Al Kabeer,Chicken Strips-Frozen,Spicy,Zing,320 gm,1,CKZS,ZING CHICKEN STRIPS,320 Gms x 20 Pkts,STRIPS,89.58,79.37,76.61,exact,22.92,1,auto_high_confidence
13511,31695146,Al Kabeer Zing Chicken Strips 320 gm,Al Kabeer,Chicken Strips-Frozen,Spicy,Zing,320 gm,2,CKZSCKNP,Zing Strips Non Spicy + Free Chicken Nuggets Combo Pack,(750 g.+750 g.) x 4,STRIPS,66.65,83.08,85.5,conflict,,0,auto_high_confidence
13511,31695146,Al Kabeer Zing Chicken Strips 320 gm,Al Kabeer,Chicken Strips-Frozen,Spicy,Zing,320 gm,3,CKZSDA,ZING CHICKEN STRIPS SPICY 750 GRM,750 GMS X 8 PKT,STRIPS,62.38,83.08,78.92,conflict,,0,auto_high_confidence
13511,31695146,Al Kabeer Zing Chicken Strips 320 gm,Al Kabeer,Chicken Strips-Frozen,Spicy,Zing,320 gm,4,CKZSNS,ZING CHICKEN STRIPS NON-SPICY,8 X 750 GMS,STRIPS,62.38,83.08,78.92,conflict,,0,auto_high_confidence
13511,31695146,Al Kabeer Zing Chicken Strips 320 gm,Al Kabeer,Chicken Strips-Frozen,Spicy,Zing,320 gm,5,CZFNSCFHP,Zing Chicken Fillets Non Spicy + Free Chicken Fillets Spicy,750+750 g. x 4,FILLETS,61.71,68.97,85.5,conflict,,0,auto_high_confidence
13570,31813744,Al Kabeer Fish sticks 1000 gm,Al Kabeer,Fish Fingers,No Variant,Breaded Seafood,1 kg,1,CFSA,FISH STICKS BULK,1 Kgs x 5 Pkts,STICKS & FINGERS,89.4,80.0,76.0,exact,14.58,1,auto_high_confidence
13570,31813744,Al Kabeer Fish sticks 1000 gm,Al Kabeer,Fish Fingers,No Variant,Breaded Seafood,1 kg,2,CFBFA,BREADED FISH FILLET BULK,1 Kgs x 5 Pkts,FILLETS,74.82,64.94,61.69,exact,,0,auto_high_confidence
13570,31813744,Al Kabeer Fish sticks 1000 gm,Al Kabeer,Fish Fingers,No Variant,Breaded Seafood,1 kg,3,CCKSB,CHICKEN STICKS BULK,1 Kgs x 5 Pkts,STICKS & FINGERS,71.3,61.29,58.23,exact,,0,auto_high_confidence
13570,31813744,Al Kabeer Fish sticks 1000 gm,Al Kabeer,Fish Fingers,No Variant,Breaded Seafood,1 kg,4,CZFNSCFHP,Zing Chicken Fillets Non Spicy + Free Chicken Fillets Spicy,750+750 g. x 4,FILLETS,52.66,43.1,85.5,conflict,,0,auto_high_confidence
13570,31813744,Al Kabeer Fish sticks 1000 gm,Al Kabeer,Fish Fingers,No Variant,Breaded Seafood,1 kg,5,VPRWWP,Plain Paratha + Free Wheat Paratha Promo 400+400 g. x 12,400+400G X 12,PARATHA-WRAPS,51.82,40.71,85.5,conflict,,0,auto_high_confidence
13735,31911774,Al Kabeer ZING CHICKEN STRIPS 320 gm,Al Kabeer,Chicken Strips-Frozen,Spicy,Zing,320 gm,1,CKZS,ZING CHICKEN STRIPS,320 Gms x 20 Pkts,STRIPS,89.58,79.37,76.61,exact,22.92,1,auto_high_confidence
13735,31911774,Al Kabeer ZING CHICKEN STRIPS 320 gm,Al Kabeer,Chicken Strips-Frozen,Spicy,Zing,320 gm,2,CKZSCKNP,Zing Strips Non Spicy + Free Chicken Nuggets Combo Pack,(750 g.+750 g.) x 4,STRIPS,66.65,83.08,85.5,conflict,,0,auto_high_confidence
13735,31911774,Al Kabeer ZING CHICKEN STRIPS 320 gm,Al Kabeer,Chicken Strips-Frozen,Spicy,Zing,320 gm,3,CKZSDA,ZING CHICKEN STRIPS SPICY 750 GRM,750 GMS X 8 PKT,STRIPS,62.38,83.08,78.92,conflict,,0,auto_high_confidence
13735,31911774,Al Kabeer ZING CHICKEN STRIPS 320 gm,Al Kabeer,Chicken Strips-Frozen,Spicy,Zing,320 gm,4,CKZSNS,ZING CHICKEN STRIPS NON-SPICY,8 X 750 GMS,STRIPS,62.38,83.08,78.92,conflict,,0,auto_high_confidence
13735,31911774,Al Kabeer ZING CHICKEN STRIPS 320 gm,Al Kabeer,Chicken Strips-Frozen,Spicy,Zing,320 gm,5,CZFNSCFHP,Zing Chicken Fillets Non Spicy + Free Chicken Fillets Spicy,750+750 g. x 4,FILLETS,61.71,68.97,85.5,conflict,,0,auto_high_confidence
13800,32092946,"Al Kabeer BEEF OR CHICKEN KIBBEH, 400 gm",Al Kabeer,Beef Kibbeh-Frozen,No Variant,Frozen Kofta / Kibbeh & Meat Balls,400 gm,1,CBK,BEEF KIBBEH 400,400 Gms x 12 Pkts,KOFTA-KIBBEH-FELAFEL,92.08,70.0,85.5,exact,20.69,1,auto_high_confidence
13800,32092946,"Al Kabeer BEEF OR CHICKEN KIBBEH, 400 gm",Al Kabeer,Beef Kibbeh-Frozen,No Variant,Frozen Kofta / Kibbeh & Meat Balls,400 gm,2,BC40,BEEF CUBES,2 lb x 20 Pkts,MEAT-INDIAN-TRD,71.38,45.16,85.5,,,0,auto_high_confidence
13800,32092946,"Al Kabeer BEEF OR CHICKEN KIBBEH, 400 gm",Al Kabeer,Beef Kibbeh-Frozen,No Variant,Frozen Kofta / Kibbeh & Meat Balls,400 gm,3,BVL3,VEAL LEGS 3.6,Asstd. Wt.,MEAT-INDIAN-TRD,69.02,38.4,85.5,,,0,auto_high_confidence
13800,32092946,"Al Kabeer BEEF OR CHICKEN KIBBEH, 400 gm",Al Kabeer,Beef Kibbeh-Frozen,No Variant,Frozen Kofta / Kibbeh & Meat Balls,400 gm,4,CBBOT,TAYEBAT BEEF BURGERS ONION BULK,1 Kgs x 9 Pkts,BURGERS,55.23,50.43,85.5,conflict,,0,auto_high_confidence
13800,32092946,"Al Kabeer BEEF OR CHICKEN KIBBEH, 400 gm",Al Kabeer,Beef Kibbeh-Frozen,No Variant,Frozen Kofta / Kibbeh & Meat Balls,400 gm,5,CBBO,4 BEEF BURGERS,200 Gms x 30 Pkt,BURGERS,54.43,48.15,85.5,conflict,,0,auto_high_confidence
13818,32098684,Al Kabeer Zing Chicken Strips (320 gm),Al Kabeer,Chicken Strips-Frozen,Spicy,Zing,320 gm,1,CKZS,ZING CHICKEN STRIPS,320 Gms x 20 Pkts,STRIPS,89.58,79.37,76.61,exact,22.92,1,auto_high_confidence
13818,32098684,Al Kabeer Zing Chicken Strips (320 gm),Al Kabeer,Chicken Strips-Frozen,Spicy,Zing,320 gm,2,CKZSCKNP,Zing Strips Non Spicy + Free Chicken Nuggets Combo Pack,(750 g.+750 g.) x 4,STRIPS,66.65,83.08,85.5,conflict,,0,auto_high_confidence
13818,32098684,Al Kabeer Zing Chicken Strips (320 gm),Al Kabeer,Chicken Strips-Frozen,Spicy,Zing,320 gm,3,CKZSDA,ZING CHICKEN STRIPS SPICY 750 GRM,750 GMS X 8 PKT,STRIPS,62.38,83.08,78.92,conflict,,0,auto_high_confidence
13818,32098684,Al Kabeer Zing Chicken Strips (320 gm),Al Kabeer,Chicken Strips-Frozen,Spicy,Zing,320 gm,4,CKZSNS,ZING CHICKEN STRIPS NON-SPICY,8 X 750 GMS,STRIPS,62.38,83.08,78.92,conflict,,0,auto_high_confidence
13818,32098684,Al Kabeer Zing Chicken Strips (320 gm),Al Kabeer,Chicken Strips-Frozen,Spicy,Zing,320 gm,5,CZFNSCFHP,Zing Chicken Fillets Non Spicy + Free Chicken Fillets Spicy,750+750 g. x 4,FILLETS,61.71,68.97,85.5,conflict,,0,auto_high_confidence
13821,32099554,Al Kabeer Zing Chicken Srips 750 gm,Al Kabeer,Chicken Strips-Frozen,No Variant,Zing,750 gm,1,CKZSCKNP,Zing Strips Non Spicy + Free Chicken Nuggets Combo Pack,(750 g.+750 g.) x 4,STRIPS,91.22,67.57,85.5,exact,9.04,1,auto_high_confidence
13821,32099554,Al Kabeer Zing Chicken Srips 750 gm,Al Kabeer,Chicken Strips-Frozen,No Variant,Zing,750 gm,2,CKZSDA,ZING CHICKEN STRIPS SPICY 750 GRM,750 GMS X 8 PKT,STRIPS,82.18,67.57,71.59,exact,,0,auto_high_confidence
13821,32099554,Al Kabeer Zing Chicken Srips 750 gm,Al Kabeer,Chicken Strips-Frozen,No Variant,Zing,750 gm,3,CKZSNS,ZING CHICKEN STRIPS NON-SPICY,8 X 750 GMS,STRIPS,81.54,68.69,70.0,exact,,0,auto_high_confidence
13821,32099554,Al Kabeer Zing Chicken Srips 750 gm,Al Kabeer,Chicken Strips-Frozen,No Variant,Zing,750 gm,4,CKZFDA,ZING CHICKEN FILLETS SPICY 750 GRM,750 GMS X 8 PKT,FILLETS,71.49,56.57,61.07,exact,,0,auto_high_confidence
13821,32099554,Al Kabeer Zing Chicken Srips 750 gm,Al Kabeer,Chicken Strips-Frozen,No Variant,Zing,750 gm,5,CKZFNS,ZING CHICKEN FILLET NON-SPICY,8 X 750 GMS,FILLETS,71.26,56.07,60.97,exact,,0,auto_high_confidence
13839,32104451,Al Kabeer Chicken Burgers 840 gm,Al Kabeer,Chicken Burger-Frozen,Breaded,Frozen Burger,840 gm,1,CKBBADPR,AK PRO Breaded Chicken Burger Bag 840 g. x 8,840 gm x 8,BURGERS,100.0,91.14,86.58,exact,10.06,1,auto_high_confidence
13839,32104451,Al Kabeer Chicken Burgers 840 gm,Al Kabeer,Chicken Burger-Frozen,Breaded,Frozen Burger,840 gm,2,CKBBTY,TAYEBAT BREADED CHICKEN BURGERS 840 g. x 8 Pkts,840 g. x 8 Pkts,BURGERS,89.94,80.56,76.53,exact,,0,auto_high_confidence
13839,32104451,Al Kabeer Chicken Burgers 840 gm,Al Kabeer,Chicken Burger-Frozen,Breaded,Frozen Burger,840 gm,3,CKBBAD,Breaded Chicken Burger Bag (56 g.),840 g. x 9,BURGERS,70.18,91.14,86.58,conflict,,0,auto_high_confidence
13839,32104451,Al Kabeer Chicken Burgers 840 gm,Al Kabeer,Chicken Burger-Frozen,Breaded,Frozen Burger,840 gm,4,CKBBS,8 BREADED CHICKEN BURGER HOT & SPICY,400 gm x 12 Pkts,BURGERS,64.56,85.33,81.07,conflict,,0,auto_high_confidence
13839,32104451,Al Kabeer Chicken Burgers 840 gm,Al Kabeer,Chicken Burger-Frozen,Breaded,Frozen Burger,840 gm,5,CKKBJ,JUMBO BREADED CHICKEN BURGER 100G BULK,1000 GM X 6 PKTS,BURGERS,64.56,85.33,81.07,conflict,,0,auto_high_confidence
13844,32104740,AL KABEER CHICKEN BURGERS 24PCS 1200GM,Al Kabeer,Chicken Burger-Frozen,Unbreaded,Frozen Burger,1200 gm,1,CBBO24,24 BEEF BURGERS,1.2 Kgs x 8 Pkts,BURGERS,88.29,59.18,85.5,exact,29.79,1,auto_high_confidence
13844,32104740,AL KABEER CHICKEN BURGERS 24PCS 1200GM,Al Kabeer,Chicken Burger-Frozen,Unbreaded,Frozen Burger,1200 gm,2,CBBO,4 BEEF BURGERS,200 Gms x 30 Pkt,BURGERS,58.5,59.79,85.5,conflict,,0,auto_high_confidence
13844,32104740,AL KABEER CHICKEN BURGERS 24PCS 1200GM,Al Kabeer,Chicken Burger-Frozen,Unbreaded,Frozen Burger,1200 gm,3,CBBAGPR,AK PRO BEEF BURGER 24,1.392 kg x 6 Pkts,BURGERS,58.39,59.46,85.5,conflict,,0,auto_high_confidence
13844,32104740,AL KABEER CHICKEN BURGERS 24PCS 1200GM,Al Kabeer,Chicken Burger-Frozen,Unbreaded,Frozen Burger,1200 gm,4,CBBOA,BEEF BURGERS BULK,2 Kgs x 5 Pkts,BURGERS,55.46,51.11,85.5,conflict,,0,auto_high_confidence
13844,32104740,AL KABEER CHICKEN BURGERS 24PCS 1200GM,Al Kabeer,Chicken Burger-Frozen,Unbreaded,Frozen Burger,1200 gm,5,CKBS,8 BEEF SEEKH KEBAB,320 Gms x 24 Pkts,KEBAB,54.21,47.52,85.5,conflict,,0,auto_high_confidence
13853,32105515,Al Kabeer-Breaded /Chicken Burgers 840 gm,Al Kabeer,Chicken Burger-Frozen,Breaded,Frozen Burger,840 gm,1,CKBBADPR,AK PRO Breaded Chicken Burger Bag 840 g. x 8,840 gm x 8,BURGERS,100.0,91.14,86.58,exact,29.82,1,auto_high_confidence
13853,32105515,Al Kabeer-Breaded /Chicken Burgers 840 gm,Al Kabeer,Chicken Burger-Frozen,Breaded,Frozen Burger,840 gm,2,CKBBAD,Breaded Chicken Burger Bag (56 g.),840 g. x 9,BURGERS,70.18,91.14,86.58,conflict,,0,auto_high_confidence
13853,32105515,Al Kabeer-Breaded /Chicken Burgers 840 gm,Al Kabeer,Chicken Burger-Frozen,Breaded,Frozen Burger,840 gm,3,CBBUR,BEEF BURGERS 56 g.,840 g. x 9,BURGERS,57.7,57.5,85.5,conflict,,0,auto_high_confidence
13853,32105515,Al Kabeer-Breaded /Chicken Burgers 840 gm,Al Kabeer,Chicken Burger-Frozen,Breaded,Frozen Burger,840 gm,4,CBBO,4 BEEF BURGERS,200 Gms x 30 Pkt,BURGERS,55.91,52.38,85.5,conflict,,0,auto_high_confidence
13853,32105515,Al Kabeer-Breaded /Chicken Burgers 840 gm,Al Kabeer,Chicken Burger-Frozen,Breaded,Frozen Burger,840 gm,5,CBBOA,BEEF BURGERS BULK,2 Kgs x 5 Pkts,BURGERS,55.76,51.95,85.5,conflict,,0,auto_high_confidence
13884,32262927,ALKABEER CHICKEN /BEEF KIBBEH 400 gm,Al Kabeer,Chicken Kibbeh-Frozen,No Variant,Frozen Kofta / Kibbeh & Meat Balls,400 gm,1,CBK,BEEF KIBBEH 400,400 Gms x 12 Pkts,KOFTA-KIBBEH-FELAFEL,92.08,70.0,85.5,exact,20.88,1,auto_high_confidence
13884,32262927,ALKABEER CHICKEN /BEEF KIBBEH 400 gm,Al Kabeer,Chicken Kibbeh-Frozen,No Variant,Frozen Kofta / Kibbeh & Meat Balls,400 gm,2,BC40,BEEF CUBES,2 lb x 20 Pkts,MEAT-INDIAN-TRD,71.19,44.63,85.5,,,0,auto_high_confidence
13884,32262927,ALKABEER CHICKEN /BEEF KIBBEH 400 gm,Al Kabeer,Chicken Kibbeh-Frozen,No Variant,Frozen Kofta / Kibbeh & Meat Balls,400 gm,3,BVL3,VEAL LEGS 3.6,Asstd. Wt.,MEAT-INDIAN-TRD,68.77,37.7,85.5,,,0,auto_high_confidence
13884,32262927,ALKABEER CHICKEN /BEEF KIBBEH 400 gm,Al Kabeer,Chicken Kibbeh-Frozen,No Variant,Frozen Kofta / Kibbeh & Meat Balls,400 gm,4,CBBOT,TAYEBAT BEEF BURGERS ONION BULK,1 Kgs x 9 Pkts,BURGERS,55.08,50.0,85.5,conflict,,0,auto_high_confidence
13884,32262927,ALKABEER CHICKEN /BEEF KIBBEH 400 gm,Al Kabeer,Chicken Kibbeh-Frozen,No Variant,Frozen Kofta / Kibbeh & Meat Balls,400 gm,5,CBBO,4 BEEF BURGERS,200 Gms x 30 Pkt,BURGERS,54.24,47.62,85.5,conflict,,0,auto_high_confidence
13885,32262927,ALKABEER CHICKEN /BEEF KIBBEH 400 gm,Al Kabeer,Beef Kibbeh-Frozen,No Variant,Frozen Kofta / Kibbeh & Meat Balls,400 gm,1,CBK,BEEF KIBBEH 400,400 Gms x 12 Pkts,KOFTA-KIBBEH-FELAFEL,92.08,70.0,85.5,exact,20.88,1,auto_high_confidence
13885,32262927,ALKABEER CHICKEN /BEEF KIBBEH 400 gm,Al Kabeer,Beef Kibbeh-Frozen,No Variant,Frozen Kofta / Kibbeh & Meat Balls,400 gm,2,BC40,BEEF CUBES,2 lb x 20 Pkts,MEAT-INDIAN-TRD,71.19,44.63,85.5,,,0,auto_high_confidence
13885,32262927,ALKABEER CHICKEN /BEEF KIBBEH 400 gm,Al Kabeer,Beef Kibbeh-Frozen,No Variant,Frozen Kofta / Kibbeh & Meat Balls,400 gm,3,BVL3,VEAL LEGS 3.6,Asstd. Wt.,MEAT-INDIAN-TRD,68.77,37.7,85.5,,,0,auto_high_confidence
13885,32262927,ALKABEER CHICKEN /BEEF KIBBEH 400 gm,Al Kabeer,Beef Kibbeh-Frozen,No Variant,Frozen Kofta / Kibbeh & Meat Balls,400 gm,4,CBBOT,TAYEBAT BEEF BURGERS ONION BULK,1 Kgs x 9 Pkts,BURGERS,55.08,50.0,85.5,conflict,,0,auto_high_confidence
13885,32262927,ALKABEER CHICKEN /BEEF KIBBEH 400 gm,Al Kabeer,Beef Kibbeh-Frozen,No Variant,Frozen Kofta / Kibbeh & Meat Balls,400 gm,5,CBBO,4 BEEF BURGERS,200 Gms x 30 Pkt,BURGERS,54.24,47.62,85.5,conflict,,0,auto_high_confidence
13887,32263067,Alkabeer CHICKEN BURGER BREADED HOT & SPICY / REGULAR 400 gm,Al Kabeer,Chicken Burger-Frozen,Breaded,Frozen Burger,400 gm,1,CKBBS,8 BREADED CHICKEN BURGER HOT & SPICY,400 gm x 12 Pkts,BURGERS,100.0,93.46,88.79,exact,10.63,1,auto_high_confidence
13887,32263067,Alkabeer CHICKEN BURGER BREADED HOT & SPICY / REGULAR 400 gm,Al Kabeer,Chicken Burger-Frozen,Breaded,Frozen Burger,400 gm,2,CCCB,CHICKEN BIRYANI 400,400 Gms x 12 Pkts,READY2EAT,89.37,62.26,85.5,exact,,0,auto_high_confidence
13887,32263067,Alkabeer CHICKEN BURGER BREADED HOT & SPICY / REGULAR 400 gm,Al Kabeer,Chicken Burger-Frozen,Breaded,Frozen Burger,400 gm,3,CBK,BEEF KIBBEH 400,400 Gms x 12 Pkts,KOFTA-KIBBEH-FELAFEL,86.84,55.05,85.5,exact,,0,auto_high_confidence
13887,32263067,Alkabeer CHICKEN BURGER BREADED HOT & SPICY / REGULAR 400 gm,Al Kabeer,Chicken Burger-Frozen,Breaded,Frozen Burger,400 gm,4,BC40,BEEF CUBES,2 lb x 20 Pkts,MEAT-INDIAN-TRD,72.15,47.37,85.5,,,0,auto_high_confidence
13887,32263067,Alkabeer CHICKEN BURGER BREADED HOT & SPICY / REGULAR 400 gm,Al Kabeer,Chicken Burger-Frozen,Breaded,Frozen Burger,400 gm,5,BVL3,VEAL LEGS 3.6,Asstd. Wt.,MEAT-INDIAN-TRD,69.58,40.0,85.5,,,0,auto_high_confidence
13922,32270949,Al Kabeer Zing Chicken Fillets (465 gm),Al Kabeer,Chicken Fillets-Frozen,Spicy,Zing,465 gm,1,CKZF,ZING CHICKEN FILLETS 465,465 Gms x 12 Pkts,FILLETS,89.59,80.0,76.29,exact,22.76,1,auto_high_confidence
13922,32270949,Al Kabeer Zing Chicken Fillets (465 gm),Al Kabeer,Chicken Fillets-Frozen,Spicy,Zing,465 gm,2,CZFNSCFHP,Zing Chicken Fillets Non Spicy + Free Chicken Fillets Spicy,750+750 g. x 4,FILLETS,66.83,83.58,85.5,conflict,,0,auto_high_confidence
13922,32270949,Al Kabeer Zing Chicken Fillets (465 gm),Al Kabeer,Chicken Fillets-Frozen,Spicy,Zing,465 gm,3,CKZFACKNP,Zing Chicken Fillets Spicy + Free Chicken Nuggets,1kg+750 g. x 3,FILLETS,62.87,83.58,79.4,conflict,,0,auto_high_confidence
13922,32270949,Al Kabeer Zing Chicken Fillets (465 gm),Al Kabeer,Chicken Fillets-Frozen,Spicy,Zing,465 gm,4,CKZFDA,ZING CHICKEN FILLETS SPICY 750 GRM,750 GMS X 8 PKT,FILLETS,62.87,83.58,79.4,conflict,,0,auto_high_confidence
13922,32270949,Al Kabeer Zing Chicken Fillets (465 gm),Al Kabeer,Chicken Fillets-Frozen,Spicy,Zing,465 gm,5,CKZFNS,ZING CHICKEN FILLET NON-SPICY,8 X 750 GMS,FILLETS,62.87,83.58,79.4,conflict,,0,auto_high_confidence
13939,32277362,Al Kabeer-Breaded /Chicken Burgers 840 gm,Al Kabeer,Chicken Burger-Frozen,Breaded,Frozen Burger,840 gm,1,CKBBADPR,AK PRO Breaded Chicken Burger Bag 840 g. x 8,840 gm x 8,BURGERS,100.0,91.14,86.58,exact,29.82,1,auto_high_confidence
13939,32277362,Al Kabeer-Breaded /Chicken Burgers 840 gm,Al Kabeer,Chicken Burger-Frozen,Breaded,Frozen Burger,840 gm,2,CKBBAD,Breaded Chicken Burger Bag (56 g.),840 g. x 9,BURGERS,70.18,91.14,86.58,conflict,,0,auto_high_confidence
13939,32277362,Al Kabeer-Breaded /Chicken Burgers 840 gm,Al Kabeer,Chicken Burger-Frozen,Breaded,Frozen Burger,840 gm,3,CBBUR,BEEF BURGERS 56 g.,840 g. x 9,BURGERS,57.7,57.5,85.5,conflict,,0,auto_high_confidence
13939,32277362,Al Kabeer-Breaded /Chicken Burgers 840 gm,Al Kabeer,Chicken Burger-Frozen,Breaded,Frozen Burger,840 gm,4,CBBO,4 BEEF BURGERS,200 Gms x 30 Pkt,BURGERS,55.91,52.38,85.5,conflict,,0,auto_high_confidence
13939,32277362,Al Kabeer-Breaded /Chicken Burgers 840 gm,Al Kabeer,Chicken Burger-Frozen,Breaded,Frozen Burger,840 gm,5,CBBOA,BEEF BURGERS BULK,2 Kgs x 5 Pkts,BURGERS,55.76,51.95,85.5,conflict,,0,auto_high_confidence
13972,32285660,Al Kabeer Chicken Burgers 840 gm,Al Kabeer,Chicken Burger-Frozen,Breaded,Frozen Burger,840 gm,1,CKBBADPR,AK PRO Breaded Chicken Burger Bag 840 g. x 8,840 gm x 8,BURGERS,100.0,91.14,86.58,exact,10.06,1,auto_high_confidence
13972,32285660,Al Kabeer Chicken Burgers 840 gm,Al Kabeer,Chicken Burger-Frozen,Breaded,Frozen Burger,840 gm,2,CKBBTY,TAYEBAT BREADED CHICKEN BURGERS 840 g. x 8 Pkts,840 g. x 8 Pkts,BURGERS,89.94,80.56,76.53,exact,,0,auto_high_confidence
13972,32285660,Al Kabeer Chicken Burgers 840 gm,Al Kabeer,Chicken Burger-Frozen,Breaded,Frozen Burger,840 gm,3,CKBBAD,Breaded Chicken Burger Bag (56 g.),840 g. x 9,BURGERS,70.18,91.14,86.58,conflict,,0,auto_high_confidence
13972,32285660,Al Kabeer Chicken Burgers 840 gm,Al Kabeer,Chicken Burger-Frozen,Breaded,Frozen Burger,840 gm,4,CKBBS,8 BREADED CHICKEN BURGER HOT & SPICY,400 gm x 12 Pkts,BURGERS,64.56,85.33,81.07,conflict,,0,auto_high_confidence
13972,32285660,Al Kabeer Chicken Burgers 840 gm,Al Kabeer,Chicken Burger-Frozen,Breaded,Frozen Burger,840 gm,5,CKKBJ,JUMBO BREADED CHICKEN BURGER 100G BULK,1000 GM X 6 PKTS,BURGERS,64.56,85.33,81.07,conflict,,0,auto_high_confidence
14003,32329844,Al Kabeer Breaded Chicken Burgers / Chicken Burgers (840 gm),Al Kabeer,Chicken Burger-Frozen,Breaded,Frozen Burger,840 gm,1,CKBBADPR,AK PRO Breaded Chicken Burger Bag 840 g. x 8,840 gm x 8,BURGERS,100.0,91.14,86.58,exact,29.82,1,auto_high_confidence
14003,32329844,Al Kabeer Breaded Chicken Burgers / Chicken Burgers (840 gm),Al Kabeer,Chicken Burger-Frozen,Breaded,Frozen Burger,840 gm,2,CKBBAD,Breaded Chicken Burger Bag (56 g.),840 g. x 9,BURGERS,70.18,91.14,86.58,conflict,,0,auto_high_confidence
14003,32329844,Al Kabeer Breaded Chicken Burgers / Chicken Burgers (840 gm),Al Kabeer,Chicken Burger-Frozen,Breaded,Frozen Burger,840 gm,3,CBBUR,BEEF BURGERS 56 g.,840 g. x 9,BURGERS,57.7,57.5,85.5,conflict,,0,auto_high_confidence
14003,32329844,Al Kabeer Breaded Chicken Burgers / Chicken Burgers (840 gm),Al Kabeer,Chicken Burger-Frozen,Breaded,Frozen Burger,840 gm,4,CBBAGPR,AK PRO BEEF BURGER 24,1.392 kg x 6 Pkts,BURGERS,56.86,55.1,85.5,conflict,,0,auto_high_confidence
14003,32329844,Al Kabeer Breaded Chicken Burgers / Chicken Burgers (840 gm),Al Kabeer,Chicken Burger-Frozen,Breaded,Frozen Burger,840 gm,5,CCCB,CHICKEN BIRYANI 400,400 Gms x 12 Pkts,READY2EAT,56.6,54.35,85.5,conflict,,0,auto_high_confidence
14040,32459823,"Al Kabeer BEEF OR CHICKEN KIBBEH, 400 gm",Al Kabeer,Beef Kibbeh-Frozen,No Variant,Frozen Kofta / Kibbeh & Meat Balls,400 gm,1,CBK,BEEF KIBBEH 400,400 Gms x 12 Pkts,KOFTA-KIBBEH-FELAFEL,92.08,70.0,85.5,exact,20.69,1,auto_high_confidence
14040,32459823,"Al Kabeer BEEF OR CHICKEN KIBBEH, 400 gm",Al Kabeer,Beef Kibbeh-Frozen,No Variant,Frozen Kofta / Kibbeh & Meat Balls,400 gm,2,BC40,BEEF CUBES,2 lb x 20 Pkts,MEAT-INDIAN-TRD,71.38,45.16,85.5,,,0,auto_high_confidence
14040,32459823,"Al Kabeer BEEF OR CHICKEN KIBBEH, 400 gm",Al Kabeer,Beef Kibbeh-Frozen,No Variant,Frozen Kofta / Kibbeh & Meat Balls,400 gm,3,BVL3,VEAL LEGS 3.6,Asstd. Wt.,MEAT-INDIAN-TRD,69.02,38.4,85.5,,,0,auto_high_confidence
14040,32459823,"Al Kabeer BEEF OR CHICKEN KIBBEH, 400 gm",Al Kabeer,Beef Kibbeh-Frozen,No Variant,Frozen Kofta / Kibbeh & Meat Balls,400 gm,4,CBBOT,TAYEBAT BEEF BURGERS ONION BULK,1 Kgs x 9 Pkts,BURGERS,55.23,50.43,85.5,conflict,,0,auto_high_confidence
14040,32459823,"Al Kabeer BEEF OR CHICKEN KIBBEH, 400 gm",Al Kabeer,Beef Kibbeh-Frozen,No Variant,Frozen Kofta / Kibbeh & Meat Balls,400 gm,5,CBBO,4 BEEF BURGERS,200 Gms x 30 Pkt,BURGERS,54.43,48.15,85.5,conflict,,0,auto_high_confidence
14051,32461512,Alkabeer 8 CHICKEN BURGERS 400 gm,Al Kabeer,Chicken Burger-Frozen,Breaded,Frozen Burger,400 gm,1,CKBBS,8 BREADED CHICKEN BURGER HOT & SPICY,400 gm x 12 Pkts,BURGERS,100.0,91.57,86.99,exact,9.07,1,auto_high_confidence
14051,32461512,Alkabeer 8 CHICKEN BURGERS 400 gm,Al Kabeer,Chicken Burger-Frozen,Breaded,Frozen Burger,400 gm,2,CKBB,8 BREADED CHICKEN BURGERS,400 Gms x 12 Pkts,BURGERS,90.93,81.58,77.5,exact,,0,auto_high_confidence
14051,32461512,Alkabeer 8 CHICKEN BURGERS 400 gm,Al Kabeer,Chicken Burger-Frozen,Breaded,Frozen Burger,400 gm,3,VVGP,GREEN PEAS,400 gm x 20 Pkts,TRADING-VEG,84.09,47.19,85.5,exact,,0,auto_high_confidence
14051,32461512,Alkabeer 8 CHICKEN BURGERS 400 gm,Al Kabeer,Chicken Burger-Frozen,Breaded,Frozen Burger,400 gm,4,CKBBADPR,AK PRO Breaded Chicken Burger Bag 840 g. x 8,840 gm x 8,BURGERS,65.28,86.08,81.77,conflict,,0,auto_high_confidence
14051,32461512,Alkabeer 8 CHICKEN BURGERS 400 gm,Al Kabeer,Chicken Burger-Frozen,Breaded,Frozen Burger,400 gm,5,CKBBAD,Breaded Chicken Burger Bag (56 g.),840 g. x 9,BURGERS,62.42,83.12,78.96,conflict,,0,auto_high_confidence
14052,32461515,Alkabeer ZING CHICKEN FILLETS 465 gm,Al Kabeer,Chicken Fillets-Frozen,Spicy,Zing,465 gm,1,CKZF,ZING CHICKEN FILLETS 465,465 Gms x 12 Pkts,FILLETS,89.59,80.0,76.29,exact,22.76,1,auto_high_confidence
14052,32461515,Alkabeer ZING CHICKEN FILLETS 465 gm,Al Kabeer,Chicken Fillets-Frozen,Spicy,Zing,465 gm,2,CZFNSCFHP,Zing Chicken Fillets Non Spicy + Free Chicken Fillets Spicy,750+750 g. x 4,FILLETS,66.83,83.58,85.5,conflict,,0,auto_high_confidence
14052,32461515,Alkabeer ZING CHICKEN FILLETS 465 gm,Al Kabeer,Chicken Fillets-Frozen,Spicy,Zing,465 gm,3,CKZFACKNP,Zing Chicken Fillets Spicy + Free Chicken Nuggets,1kg+750 g. x 3,FILLETS,62.87,83.58,79.4,conflict,,0,auto_high_confidence
14052,32461515,Alkabeer ZING CHICKEN FILLETS 465 gm,Al Kabeer,Chicken Fillets-Frozen,Spicy,Zing,465 gm,4,CKZFDA,ZING CHICKEN FILLETS SPICY 750 GRM,750 GMS X 8 PKT,FILLETS,62.87,83.58,79.4,conflict,,0,auto_high_confidence
14052,32461515,Alkabeer ZING CHICKEN FILLETS 465 gm,Al Kabeer,Chicken Fillets-Frozen,Spicy,Zing,465 gm,5,CKZFNS,ZING CHICKEN FILLET NON-SPICY,8 X 750 GMS,FILLETS,62.87,83.58,79.4,conflict,,0,auto_high_confidence
14053,32461566,Alkabeer CHICKEN STRIPS ZING 320 gm,Al Kabeer,Chicken Strips-Frozen,Spicy,Zing,320 gm,1,CKZS,ZING CHICKEN STRIPS,320 Gms x 20 Pkts,STRIPS,89.58,79.37,76.61,exact,22.92,1,auto_high_confidence
14053,32461566,Alkabeer CHICKEN STRIPS ZING 320 gm,Al Kabeer,Chicken Strips-Frozen,Spicy,Zing,320 gm,2,CKZSCKNP,Zing Strips Non Spicy + Free Chicken Nuggets Combo Pack,(750 g.+750 g.) x 4,STRIPS,66.65,83.08,85.5,conflict,,0,auto_high_confidence
14053,32461566,Alkabeer CHICKEN STRIPS ZING 320 gm,Al Kabeer,Chicken Strips-Frozen,Spicy,Zing,320 gm,3,CKZSDA,ZING CHICKEN STRIPS SPICY 750 GRM,750 GMS X 8 PKT,STRIPS,62.38,83.08,78.92,conflict,,0,auto_high_confidence
14053,32461566,Alkabeer CHICKEN STRIPS ZING 320 gm,Al Kabeer,Chicken Strips-Frozen,Spicy,Zing,320 gm,4,CKZSNS,ZING CHICKEN STRIPS NON-SPICY,8 X 750 GMS,STRIPS,62.38,83.08,78.92,conflict,,0,auto_high_confidence
14053,32461566,Alkabeer CHICKEN STRIPS ZING 320 gm,Al Kabeer,Chicken Strips-Frozen,Spicy,Zing,320 gm,5,CZFNSCFHP,Zing Chicken Fillets Non Spicy + Free Chicken Fillets Spicy,750+750 g. x 4,FILLETS,61.71,68.97,85.5,conflict,,0,auto_high_confidence
14126,32609028,Al Kabeer Chicken Zing selected 750 gm,Al Kabeer,Chicken Strips-Frozen,No Variant,Zing,750 gm,1,CKZSCKNP,Zing Strips Non Spicy + Free Chicken Nuggets Combo Pack,(750 g.+750 g.) x 4,STRIPS,90.3,64.94,85.5,exact,9.98,1,auto_high_confidence
14126,32609028,Al Kabeer Chicken Zing selected 750 gm,Al Kabeer,Chicken Strips-Frozen,No Variant,Zing,750 gm,2,CKZSDA,ZING CHICKEN STRIPS SPICY 750 GRM,750 GMS X 8 PKT,STRIPS,80.32,67.57,68.72,exact,,0,auto_high_confidence
14126,32609028,Al Kabeer Chicken Zing selected 750 gm,Al Kabeer,Chicken Strips-Frozen,No Variant,Zing,750 gm,3,CKZSNS,ZING CHICKEN STRIPS NON-SPICY,8 X 750 GMS,STRIPS,78.92,66.67,67.06,exact,,0,auto_high_confidence
14126,32609028,Al Kabeer Chicken Zing selected 750 gm,Al Kabeer,Chicken Strips-Frozen,No Variant,Zing,750 gm,4,CKZFDA,ZING CHICKEN FILLETS SPICY 750 GRM,750 GMS X 8 PKT,FILLETS,70.77,56.86,59.79,exact,,0,auto_high_confidence
14126,32609028,Al Kabeer Chicken Zing selected 750 gm,Al Kabeer,Chicken Strips-Frozen,No Variant,Zing,750 gm,5,CKZNNS,ZING CHICKEN NUGGET NON-SPICY,8 X 750 GMS,NUGGETS,70.49,56.36,59.64,exact,,0,auto_high_confidence
14141,32618463,Al Kabeer Beef Burgers 24 pcs 1200gm,Al Kabeer,Beef Burger-Frozen,Unbreaded,Frozen Burger,1200 gm,1,CBBO24,24 BEEF BURGERS,1.2 Kgs x 8 Pkts,BURGERS,89.92,63.83,85.5,exact,29.01,1,auto_high_confidence
14141,32618463,Al Kabeer Beef Burgers 24 pcs 1200gm,Al Kabeer,Beef Burger-Frozen,Unbreaded,Frozen Burger,1200 gm,2,CBBO,4 BEEF BURGERS,200 Gms x 30 Pkt,BURGERS,60.91,66.67,85.5,conflict,,0,auto_high_confidence
14141,32618463,Al Kabeer Beef Burgers 24 pcs 1200gm,Al Kabeer,Beef Burger-Frozen,Unbreaded,Frozen Burger,1200 gm,3,CBBOA,BEEF BURGERS BULK,2 Kgs x 5 Pkts,BURGERS,59.55,62.79,85.5,conflict,,0,auto_high_confidence
14141,32618463,Al Kabeer Beef Burgers 24 pcs 1200gm,Al Kabeer,Beef Burger-Frozen,Unbreaded,Frozen Burger,1200 gm,4,CBBUR,BEEF BURGERS 56 g.,840 g. x 9,BURGERS,56.79,54.9,85.5,conflict,,0,auto_high_confidence
14141,32618463,Al Kabeer Beef Burgers 24 pcs 1200gm,Al Kabeer,Beef Burger-Frozen,Unbreaded,Frozen Burger,1200 gm,5,CFB,BEEF FRANKS,454 Gms x 20 Pkts,SAUSAGES,55.96,52.53,85.5,conflict,,0,auto_high_confidence
14143,32618476,Al Kabeer Zing Chicken Strips 320 gm,Al Kabeer,Chicken Strips-Frozen,Spicy,Zing,320 gm,1,CKZS,ZING CHICKEN STRIPS,320 Gms x 20 Pkts,STRIPS,89.58,79.37,76.61,exact,22.92,1,auto_high_confidence
14143,32618476,Al Kabeer Zing Chicken Strips 320 gm,Al Kabeer,Chicken Strips-Frozen,Spicy,Zing,320 gm,2,CKZSCKNP,Zing Strips Non Spicy + Free Chicken Nuggets Combo Pack,(750 g.+750 g.) x 4,STRIPS,66.65,83.08,85.5,conflict,,0,auto_high_confidence
14143,32618476,Al Kabeer Zing Chicken Strips 320 gm,Al Kabeer,Chicken Strips-Frozen,Spicy,Zing,320 gm,3,CKZSDA,ZING CHICKEN STRIPS SPICY 750 GRM,750 GMS X 8 PKT,STRIPS,62.38,83.08,78.92,conflict,,0,auto_high_confidence
14143,32618476,Al Kabeer Zing Chicken Strips 320 gm,Al Kabeer,Chicken Strips-Frozen,Spicy,Zing,320 gm,4,CKZSNS,ZING CHICKEN STRIPS NON-SPICY,8 X 750 GMS,STRIPS,62.38,83.08,78.92,conflict,,0,auto_high_confidence
14143,32618476,Al Kabeer Zing Chicken Strips 320 gm,Al Kabeer,Chicken Strips-Frozen,Spicy,Zing,320 gm,5,CZFNSCFHP,Zing Chicken Fillets Non Spicy + Free Chicken Fillets Spicy,750+750 g. x 4,FILLETS,61.71,68.97,85.5,conflict,,0,auto_high_confidence
14168,32653509,Alkabeer Corn on the Cob 1000 gm,Al Kabeer,Sweet Corn-Frozen,No Variant,Frozen Vegetables,1 kg,1,VSC10,SWEET CORN BULK,1 kg x 10 Pkts,TRADING-VEG,88.16,58.82,85.5,exact,10.36,1,auto_high_confidence
14168,32653509,Alkabeer Corn on the Cob 1000 gm,Al Kabeer,Sweet Corn-Frozen,No Variant,Frozen Vegetables,1 kg,2,CMBAKA,MEAT BALLS BULK,1 kg x 6  Pkts,MEAT BALLS,77.8,29.21,85.5,exact,,0,auto_high_confidence
14168,32653509,Alkabeer Corn on the Cob 1000 gm,Al Kabeer,Sweet Corn-Frozen,No Variant,Frozen Vegetables,1 kg,3,CKSK,SHISH KEBAB,600 Gms x 12 Pkts,KEBAB,51.85,40.78,85.5,conflict,,0,auto_high_confidence
14168,32653509,Alkabeer Corn on the Cob 1000 gm,Al Kabeer,Sweet Corn-Frozen,No Variant,Frozen Vegetables,1 kg,4,CFBJ,JUMBO HOTDOGS,400 Gms x 20 Pkts,SAUSAGES,51.45,39.64,85.5,conflict,,0,auto_high_confidence
14168,32653509,Alkabeer Corn on the Cob 1000 gm,Al Kabeer,Sweet Corn-Frozen,No Variant,Frozen Vegetables,1 kg,5,CFB,BEEF FRANKS,454 Gms x 20 Pkts,SAUSAGES,51.06,38.53,85.5,conflict,,0,auto_high_confidence
14192,32663903,Al Kabeer Breaded Chicken Burgers 400 gm ,Al Kabeer,Chicken Burger-Frozen,Breaded,Frozen Burger,400 gm,1,CKBBS,8 BREADED CHICKEN BURGER HOT & SPICY,400 gm x 12 Pkts,BURGERS,100.0,91.14,86.58,exact,17.97,1,auto_high_confidence
14192,32663903,Al Kabeer Breaded Chicken Burgers 400 gm ,Al Kabeer,Chicken Burger-Frozen,Breaded,Frozen Burger,400 gm,2,CFBJ,JUMBO HOTDOGS,400 Gms x 20 Pkts,SAUSAGES,82.03,41.3,85.5,exact,,0,auto_high_confidence
14192,32663903,Al Kabeer Breaded Chicken Burgers 400 gm ,Al Kabeer,Chicken Burger-Frozen,Breaded,Frozen Burger,400 gm,3,CBBUR,BEEF BURGERS 56 g.,840 g. x 9,BURGERS,56.83,55.0,85.5,conflict,,0,auto_high_confidence
14192,32663903,Al Kabeer Breaded Chicken Burgers 400 gm ,Al Kabeer,Chicken Burger-Frozen,Breaded,Frozen Burger,400 gm,4,CBBO,4 BEEF BURGERS,200 Gms x 30 Pkt,BURGERS,56.74,54.76,85.5,conflict,,0,auto_high_confidence
14192,32663903,Al Kabeer Breaded Chicken Burgers 400 gm ,Al Kabeer,Chicken Burger-Frozen,Breaded,Frozen Burger,400 gm,5,CBBOA,BEEF BURGERS BULK,2 Kgs x 5 Pkts,BURGERS,55.76,51.95,85.5,conflict,,0,auto_high_confidence
14244,32677484,Al Kabeer Zing Chicken Fillets 465 gm,Al Kabeer,Chicken Fillets-Frozen,Spicy,Zing,465 gm,1,CKZF,ZING CHICKEN FILLETS 465,465 Gms x 12 Pkts,FILLETS,89.59,80.0,76.29,exact,22.76,1,auto_high_confidence
14244,32677484,Al Kabeer Zing Chicken Fillets 465 gm,Al Kabeer,Chicken Fillets-Frozen,Spicy,Zing,465 gm,2,CZFNSCFHP,Zing Chicken Fillets Non Spicy + Free Chicken Fillets Spicy,750+750 g. x 4,FILLETS,66.83,83.58,85.5,conflict,,0,auto_high_confidence
14244,32677484,Al Kabeer Zing Chicken Fillets 465 gm,Al Kabeer,Chicken Fillets-Frozen,Spicy,Zing,465 gm,3,CKZFACKNP,Zing Chicken Fillets Spicy + Free Chicken Nuggets,1kg+750 g. x 3,FILLETS,62.87,83.58,79.4,conflict,,0,auto_high_confidence
14244,32677484,Al Kabeer Zing Chicken Fillets 465 gm,Al Kabeer,Chicken Fillets-Frozen,Spicy,Zing,465 gm,4,CKZFDA,ZING CHICKEN FILLETS SPICY 750 GRM,750 GMS X 8 PKT,FILLETS,62.87,83.58,79.4,conflict,,0,auto_high_confidence
14244,32677484,Al Kabeer Zing Chicken Fillets 465 gm,Al Kabeer,Chicken Fillets-Frozen,Spicy,Zing,465 gm,5,CKZFNS,ZING CHICKEN FILLET NON-SPICY,8 X 750 GMS,FILLETS,62.87,83.58,79.4,conflict,,0,auto_high_confidence
14320,32898244,Al Kabeer Zing Chicken Strips (320 gm),Al Kabeer,Chicken Strips-Frozen,Spicy,Zing,320 gm,1,CKZS,ZING CHICKEN STRIPS,320 Gms x 20 Pkts,STRIPS,89.58,79.37,76.61,exact,22.92,1,auto_high_confidence
14320,32898244,Al Kabeer Zing Chicken Strips (320 gm),Al Kabeer,Chicken Strips-Frozen,Spicy,Zing,320 gm,2,CKZSCKNP,Zing Strips Non Spicy + Free Chicken Nuggets Combo Pack,(750 g.+750 g.) x 4,STRIPS,66.65,83.08,85.5,conflict,,0,auto_high_confidence
14320,32898244,Al Kabeer Zing Chicken Strips (320 gm),Al Kabeer,Chicken Strips-Frozen,Spicy,Zing,320 gm,3,CKZSDA,ZING CHICKEN STRIPS SPICY 750 GRM,750 GMS X 8 PKT,STRIPS,62.38,83.08,78.92,conflict,,0,auto_high_confidence
14320,32898244,Al Kabeer Zing Chicken Strips (320 gm),Al Kabeer,Chicken Strips-Frozen,Spicy,Zing,320 gm,4,CKZSNS,ZING CHICKEN STRIPS NON-SPICY,8 X 750 GMS,STRIPS,62.38,83.08,78.92,conflict,,0,auto_high_confidence
14320,32898244,Al Kabeer Zing Chicken Strips (320 gm),Al Kabeer,Chicken Strips-Frozen,Spicy,Zing,320 gm,5,CZFNSCFHP,Zing Chicken Fillets Non Spicy + Free Chicken Fillets Spicy,750+750 g. x 4,FILLETS,61.71,68.97,85.5,conflict,,0,auto_high_confidence
14374,32950467,Al Kabeer Butter Chicken Zing Fillets 700 gm,Al Kabeer,Chicken Fillets-Frozen,Spicy,Zing,700 gm,1,CKZFBC,Butter Chicken Zing Fillets 700 g. x 8,700 g. x 8,FILLETS,92.83,83.54,79.37,exact,10.6,1,auto_high_confidence
14374,32950467,Al Kabeer Butter Chicken Zing Fillets 700 gm,Al Kabeer,Chicken Fillets-Frozen,Spicy,Zing,700 gm,2,CKZFDA,ZING CHICKEN FILLETS SPICY 750 GRM,750 GMS X 8 PKT,FILLETS,82.23,77.08,77.31,close,,0,auto_high_confidence
14374,32950467,Al Kabeer Butter Chicken Zing Fillets 700 gm,Al Kabeer,Chicken Fillets-Frozen,Spicy,Zing,700 gm,3,CKZFNS,ZING CHICKEN FILLET NON-SPICY,8 X 750 GMS,FILLETS,80.35,75.68,75.18,close,,0,auto_high_confidence
14374,32950467,Al Kabeer Butter Chicken Zing Fillets 700 gm,Al Kabeer,Chicken Fillets-Frozen,Spicy,Zing,700 gm,4,CZFNSCFHP,Zing Chicken Fillets Non Spicy + Free Chicken Fillets Spicy,750+750 g. x 4,FILLETS,79.42,76.92,73.08,close,,0,auto_high_confidence
14374,32950467,Al Kabeer Butter Chicken Zing Fillets 700 gm,Al Kabeer,Chicken Fillets-Frozen,Spicy,Zing,700 gm,5,CKZFDATS,Zing Chicken Fillets Tamiya,750 GMS X 8 PKT,FILLETS,75.57,68.04,71.93,close,,0,auto_high_confidence
14389,32956883,Al Kabeer Beef Burgers 24 pcs 1200gm,Al Kabeer,Beef Burger-Frozen,Unbreaded,Frozen Burger,1200 gm,1,CBBO24,24 BEEF BURGERS,1.2 Kgs x 8 Pkts,BURGERS,89.92,63.83,85.5,exact,29.01,1,auto_high_confidence
14389,32956883,Al Kabeer Beef Burgers 24 pcs 1200gm,Al Kabeer,Beef Burger-Frozen,Unbreaded,Frozen Burger,1200 gm,2,CBBO,4 BEEF BURGERS,200 Gms x 30 Pkt,BURGERS,60.91,66.67,85.5,conflict,,0,auto_high_confidence
14389,32956883,Al Kabeer Beef Burgers 24 pcs 1200gm,Al Kabeer,Beef Burger-Frozen,Unbreaded,Frozen Burger,1200 gm,3,CBBOA,BEEF BURGERS BULK,2 Kgs x 5 Pkts,BURGERS,59.55,62.79,85.5,conflict,,0,auto_high_confidence
14389,32956883,Al Kabeer Beef Burgers 24 pcs 1200gm,Al Kabeer,Beef Burger-Frozen,Unbreaded,Frozen Burger,1200 gm,4,CBBUR,BEEF BURGERS 56 g.,840 g. x 9,BURGERS,56.79,54.9,85.5,conflict,,0,auto_high_confidence
14389,32956883,Al Kabeer Beef Burgers 24 pcs 1200gm,Al Kabeer,Beef Burger-Frozen,Unbreaded,Frozen Burger,1200 gm,5,CFB,BEEF FRANKS,454 Gms x 20 Pkts,SAUSAGES,55.96,52.53,85.5,conflict,,0,auto_high_confidence
14391,32956885,Al Kabeer Zing Chicken Strips 320 gm,Al Kabeer,Chicken Strips-Frozen,Spicy,Zing,320 gm,1,CKZS,ZING CHICKEN STRIPS,320 Gms x 20 Pkts,STRIPS,89.58,79.37,76.61,exact,22.92,1,auto_high_confidence
14391,32956885,Al Kabeer Zing Chicken Strips 320 gm,Al Kabeer,Chicken Strips-Frozen,Spicy,Zing,320 gm,2,CKZSCKNP,Zing Strips Non Spicy + Free Chicken Nuggets Combo Pack,(750 g.+750 g.) x 4,STRIPS,66.65,83.08,85.5,conflict,,0,auto_high_confidence
14391,32956885,Al Kabeer Zing Chicken Strips 320 gm,Al Kabeer,Chicken Strips-Frozen,Spicy,Zing,320 gm,3,CKZSDA,ZING CHICKEN STRIPS SPICY 750 GRM,750 GMS X 8 PKT,STRIPS,62.38,83.08,78.92,conflict,,0,auto_high_confidence
14391,32956885,Al Kabeer Zing Chicken Strips 320 gm,Al Kabeer,Chicken Strips-Frozen,Spicy,Zing,320 gm,4,CKZSNS,ZING CHICKEN STRIPS NON-SPICY,8 X 750 GMS,STRIPS,62.38,83.08,78.92,conflict,,0,auto_high_confidence
14391,32956885,Al Kabeer Zing Chicken Strips 320 gm,Al Kabeer,Chicken Strips-Frozen,Spicy,Zing,320 gm,5,CZFNSCFHP,Zing Chicken Fillets Non Spicy + Free Chicken Fillets Spicy,750+750 g. x 4,FILLETS,61.71,68.97,85.5,conflict,,0,auto_high_confidence
14410,32959690,Al Kabeer Breaded Chicken Burgers 400 gm,Al Kabeer,Chicken Burger-Frozen,Breaded,Frozen Burger,400 gm,1,CKBBS,8 BREADED CHICKEN BURGER HOT & SPICY,400 gm x 12 Pkts,BURGERS,100.0,91.14,86.58,exact,17.97,1,auto_high_confidence
14410,32959690,Al Kabeer Breaded Chicken Burgers 400 gm,Al Kabeer,Chicken Burger-Frozen,Breaded,Frozen Burger,400 gm,2,CFBJ,JUMBO HOTDOGS,400 Gms x 20 Pkts,SAUSAGES,82.03,41.3,85.5,exact,,0,auto_high_confidence
14410,32959690,Al Kabeer Breaded Chicken Burgers 400 gm,Al Kabeer,Chicken Burger-Frozen,Breaded,Frozen Burger,400 gm,3,CBBUR,BEEF BURGERS 56 g.,840 g. x 9,BURGERS,56.83,55.0,85.5,conflict,,0,auto_high_confidence
14410,32959690,Al Kabeer Breaded Chicken Burgers 400 gm,Al Kabeer,Chicken Burger-Frozen,Breaded,Frozen Burger,400 gm,4,CBBO,4 BEEF BURGERS,200 Gms x 30 Pkt,BURGERS,56.74,54.76,85.5,conflict,,0,auto_high_confidence
14410,32959690,Al Kabeer Breaded Chicken Burgers 400 gm,Al Kabeer,Chicken Burger-Frozen,Breaded,Frozen Burger,400 gm,5,CBBOA,BEEF BURGERS BULK,2 Kgs x 5 Pkts,BURGERS,55.76,51.95,85.5,conflict,,0,auto_high_confidence
14415,32965656,Al Kabeer Chicken Strips Non-Spicy 750 gm,Al Kabeer,Chicken Strips-Frozen,No Variant,Zing,750 gm,1,CKZSNS,ZING CHICKEN STRIPS NON-SPICY,8 X 750 GMS,STRIPS,91.68,82.35,78.24,exact,37.72,1,auto_high_confidence
14415,32965656,Al Kabeer Chicken Strips Non-Spicy 750 gm,Al Kabeer,Chicken Strips-Frozen,No Variant,Zing,750 gm,2,CKSK,SHISH KEBAB,600 Gms x 12 Pkts,KEBAB,53.96,46.81,85.5,conflict,,0,auto_high_confidence
14415,32965656,Al Kabeer Chicken Strips Non-Spicy 750 gm,Al Kabeer,Chicken Strips-Frozen,No Variant,Zing,750 gm,3,VVGP9,GREEN PEAS 900,900 gm x 10 Pkts,TRADING-VEG,53.21,44.68,85.5,conflict,,0,auto_high_confidence
14415,32965656,Al Kabeer Chicken Strips Non-Spicy 750 gm,Al Kabeer,Chicken Strips-Frozen,No Variant,Zing,750 gm,4,VVGP,GREEN PEAS,400 gm x 20 Pkts,TRADING-VEG,52.73,43.3,85.5,conflict,,0,auto_high_confidence
14415,32965656,Al Kabeer Chicken Strips Non-Spicy 750 gm,Al Kabeer,Chicken Strips-Frozen,No Variant,Zing,750 gm,5,CFB,BEEF FRANKS,454 Gms x 20 Pkts,SAUSAGES,50.88,38.0,85.5,conflict,,0,auto_high_confidence
14435,33083741,Al Kabeer Breaded Chicken Burgers 400 gm,Al Kabeer,Chicken Burger-Frozen,Breaded,Frozen Burger,400 gm,1,CKBBS,8 BREADED CHICKEN BURGER HOT & SPICY,400 gm x 12 Pkts,BURGERS,100.0,91.14,86.58,exact,17.97,1,auto_high_confidence
14435,33083741,Al Kabeer Breaded Chicken Burgers 400 gm,Al Kabeer,Chicken Burger-Frozen,Breaded,Frozen Burger,400 gm,2,CFBJ,JUMBO HOTDOGS,400 Gms x 20 Pkts,SAUSAGES,82.03,41.3,85.5,exact,,0,auto_high_confidence
14435,33083741,Al Kabeer Breaded Chicken Burgers 400 gm,Al Kabeer,Chicken Burger-Frozen,Breaded,Frozen Burger,400 gm,3,CBBUR,BEEF BURGERS 56 g.,840 g. x 9,BURGERS,56.83,55.0,85.5,conflict,,0,auto_high_confidence
14435,33083741,Al Kabeer Breaded Chicken Burgers 400 gm,Al Kabeer,Chicken Burger-Frozen,Breaded,Frozen Burger,400 gm,4,CBBO,4 BEEF BURGERS,200 Gms x 30 Pkt,BURGERS,56.74,54.76,85.5,conflict,,0,auto_high_confidence
14435,33083741,Al Kabeer Breaded Chicken Burgers 400 gm,Al Kabeer,Chicken Burger-Frozen,Breaded,Frozen Burger,400 gm,5,CBBOA,BEEF BURGERS BULK,2 Kgs x 5 Pkts,BURGERS,55.76,51.95,85.5,conflict,,0,auto_high_confidence
14488,33119802,Al Kabeer-Zing Chicken Fillets 465 gm,Al Kabeer,Chicken Fillets-Frozen,Spicy,Zing,465 gm,1,CKZF,ZING CHICKEN FILLETS 465,465 Gms x 12 Pkts,FILLETS,89.59,80.0,76.29,exact,22.76,1,auto_high_confidence
14488,33119802,Al Kabeer-Zing Chicken Fillets 465 gm,Al Kabeer,Chicken Fillets-Frozen,Spicy,Zing,465 gm,2,CZFNSCFHP,Zing Chicken Fillets Non Spicy + Free Chicken Fillets Spicy,750+750 g. x 4,FILLETS,66.83,83.58,85.5,conflict,,0,auto_high_confidence
14488,33119802,Al Kabeer-Zing Chicken Fillets 465 gm,Al Kabeer,Chicken Fillets-Frozen,Spicy,Zing,465 gm,3,CKZFACKNP,Zing Chicken Fillets Spicy + Free Chicken Nuggets,1kg+750 g. x 3,FILLETS,62.87,83.58,79.4,conflict,,0,auto_high_confidence
14488,33119802,Al Kabeer-Zing Chicken Fillets 465 gm,Al Kabeer,Chicken Fillets-Frozen,Spicy,Zing,465 gm,4,CKZFDA,ZING CHICKEN FILLETS SPICY 750 GRM,750 GMS X 8 PKT,FILLETS,62.87,83.58,79.4,conflict,,0,auto_high_confidence
14488,33119802,Al Kabeer-Zing Chicken Fillets 465 gm,Al Kabeer,Chicken Fillets-Frozen,Spicy,Zing,465 gm,5,CKZFNS,ZING CHICKEN FILLET NON-SPICY,8 X 750 GMS,FILLETS,62.87,83.58,79.4,conflict,,0,auto_high_confidence
14508,33125030,Al Kabeer Breaded Chicken Burgers 400 Gm,Al Kabeer,Chicken Burger-Frozen,Breaded,Frozen Burger,400 gm,1,CKBBS,8 BREADED CHICKEN BURGER HOT & SPICY,400 gm x 12 Pkts,BURGERS,100.0,91.14,86.58,exact,17.97,1,auto_high_confidence
14508,33125030,Al Kabeer Breaded Chicken Burgers 400 Gm,Al Kabeer,Chicken Burger-Frozen,Breaded,Frozen Burger,400 gm,2,CFBJ,JUMBO HOTDOGS,400 Gms x 20 Pkts,SAUSAGES,82.03,41.3,85.5,exact,,0,auto_high_confidence
14508,33125030,Al Kabeer Breaded Chicken Burgers 400 Gm,Al Kabeer,Chicken Burger-Frozen,Breaded,Frozen Burger,400 gm,3,CBBUR,BEEF BURGERS 56 g.,840 g. x 9,BURGERS,56.83,55.0,85.5,conflict,,0,auto_high_confidence
14508,33125030,Al Kabeer Breaded Chicken Burgers 400 Gm,Al Kabeer,Chicken Burger-Frozen,Breaded,Frozen Burger,400 gm,4,CBBO,4 BEEF BURGERS,200 Gms x 30 Pkt,BURGERS,56.74,54.76,85.5,conflict,,0,auto_high_confidence
14508,33125030,Al Kabeer Breaded Chicken Burgers 400 Gm,Al Kabeer,Chicken Burger-Frozen,Breaded,Frozen Burger,400 gm,5,CBBOA,BEEF BURGERS BULK,2 Kgs x 5 Pkts,BURGERS,55.76,51.95,85.5,conflict,,0,auto_high_confidence
14529,33126763,Al Kabeer Zing Chicken Fillets 465 gm,Al Kabeer,Chicken Fillets-Frozen,Spicy,Zing,465 gm,1,CKZF,ZING CHICKEN FILLETS 465,465 Gms x 12 Pkts,FILLETS,89.59,80.0,76.29,exact,22.76,1,auto_high_confidence
14529,33126763,Al Kabeer Zing Chicken Fillets 465 gm,Al Kabeer,Chicken Fillets-Frozen,Spicy,Zing,465 gm,2,CZFNSCFHP,Zing Chicken Fillets Non Spicy + Free Chicken Fillets Spicy,750+750 g. x 4,FILLETS,66.83,83.58,85.5,conflict,,0,auto_high_confidence
14529,33126763,Al Kabeer Zing Chicken Fillets 465 gm,Al Kabeer,Chicken Fillets-Frozen,Spicy,Zing,465 gm,3,CKZFACKNP,Zing Chicken Fillets Spicy + Free Chicken Nuggets,1kg+750 g. x 3,FILLETS,62.87,83.58,79.4,conflict,,0,auto_high_confidence
14529,33126763,Al Kabeer Zing Chicken Fillets 465 gm,Al Kabeer,Chicken Fillets-Frozen,Spicy,Zing,465 gm,4,CKZFDA,ZING CHICKEN FILLETS SPICY 750 GRM,750 GMS X 8 PKT,FILLETS,62.87,83.58,79.4,conflict,,0,auto_high_confidence
14529,33126763,Al Kabeer Zing Chicken Fillets 465 gm,Al Kabeer,Chicken Fillets-Frozen,Spicy,Zing,465 gm,5,CKZFNS,ZING CHICKEN FILLET NON-SPICY,8 X 750 GMS,FILLETS,62.87,83.58,79.4,conflict,,0,auto_high_confidence
14582,33303571,"Al Kabeer CHICKEN BURGER, 840 gm",Al Kabeer,Chicken Burger-Frozen,Breaded,Frozen Burger,840 gm,1,CKBBADPR,AK PRO Breaded Chicken Burger Bag 840 g. x 8,840 gm x 8,BURGERS,98.0,88.89,84.44,exact,13.44,1,auto_high_confidence
14582,33303571,"Al Kabeer CHICKEN BURGER, 840 gm",Al Kabeer,Chicken Burger-Frozen,Breaded,Frozen Burger,840 gm,2,CKBBTY,TAYEBAT BREADED CHICKEN BURGERS 840 g. x 8 Pkts,840 g. x 8 Pkts,BURGERS,84.56,75.0,71.25,exact,,0,auto_high_confidence
14582,33303571,"Al Kabeer CHICKEN BURGER, 840 gm",Al Kabeer,Chicken Burger-Frozen,Breaded,Frozen Burger,840 gm,3,CKBBAD,Breaded Chicken Burger Bag (56 g.),840 g. x 9,BURGERS,68.0,88.89,84.44,conflict,,0,auto_high_confidence
14582,33303571,"Al Kabeer CHICKEN BURGER, 840 gm",Al Kabeer,Chicken Burger-Frozen,Breaded,Frozen Burger,840 gm,4,CKBBS,8 BREADED CHICKEN BURGER HOT & SPICY,400 gm x 12 Pkts,BURGERS,60.71,81.36,77.29,conflict,,0,auto_high_confidence
14582,33303571,"Al Kabeer CHICKEN BURGER, 840 gm",Al Kabeer,Chicken Burger-Frozen,Breaded,Frozen Burger,840 gm,5,CKKBJ,JUMBO BREADED CHICKEN BURGER 100G BULK,1000 GM X 6 PKTS,BURGERS,60.71,81.36,77.29,conflict,,0,auto_high_confidence
14629,33327203,Al Kabeer Breaded Chicken Burgers 400 gm,Al Kabeer,Chicken Burger-Frozen,Breaded,Frozen Burger,400 gm,1,CKBBS,8 BREADED CHICKEN BURGER HOT & SPICY,400 gm x 12 Pkts,BURGERS,100.0,91.14,86.58,exact,17.97,1,auto_high_confidence
14629,33327203,Al Kabeer Breaded Chicken Burgers 400 gm,Al Kabeer,Chicken Burger-Frozen,Breaded,Frozen Burger,400 gm,2,CFBJ,JUMBO HOTDOGS,400 Gms x 20 Pkts,SAUSAGES,82.03,41.3,85.5,exact,,0,auto_high_confidence
14629,33327203,Al Kabeer Breaded Chicken Burgers 400 gm,Al Kabeer,Chicken Burger-Frozen,Breaded,Frozen Burger,400 gm,3,CBBUR,BEEF BURGERS 56 g.,840 g. x 9,BURGERS,56.83,55.0,85.5,conflict,,0,auto_high_confidence
14629,33327203,Al Kabeer Breaded Chicken Burgers 400 gm,Al Kabeer,Chicken Burger-Frozen,Breaded,Frozen Burger,400 gm,4,CBBO,4 BEEF BURGERS,200 Gms x 30 Pkt,BURGERS,56.74,54.76,85.5,conflict,,0,auto_high_confidence
14629,33327203,Al Kabeer Breaded Chicken Burgers 400 gm,Al Kabeer,Chicken Burger-Frozen,Breaded,Frozen Burger,400 gm,5,CBBOA,BEEF BURGERS BULK,2 Kgs x 5 Pkts,BURGERS,55.76,51.95,85.5,conflict,,0,auto_high_confidence
14666,33390170,Al Kabeer Chicken Strips Non-spicy 750 gm,Al Kabeer,Chicken Strips-Frozen,No Variant,Zing,750 gm,1,CKZSNS,ZING CHICKEN STRIPS NON-SPICY,8 X 750 GMS,STRIPS,91.68,82.35,78.24,exact,37.72,1,auto_high_confidence
14666,33390170,Al Kabeer Chicken Strips Non-spicy 750 gm,Al Kabeer,Chicken Strips-Frozen,No Variant,Zing,750 gm,2,CKSK,SHISH KEBAB,600 Gms x 12 Pkts,KEBAB,53.96,46.81,85.5,conflict,,0,auto_high_confidence
14666,33390170,Al Kabeer Chicken Strips Non-spicy 750 gm,Al Kabeer,Chicken Strips-Frozen,No Variant,Zing,750 gm,3,VVGP9,GREEN PEAS 900,900 gm x 10 Pkts,TRADING-VEG,53.21,44.68,85.5,conflict,,0,auto_high_confidence
14666,33390170,Al Kabeer Chicken Strips Non-spicy 750 gm,Al Kabeer,Chicken Strips-Frozen,No Variant,Zing,750 gm,4,VVGP,GREEN PEAS,400 gm x 20 Pkts,TRADING-VEG,52.73,43.3,85.5,conflict,,0,auto_high_confidence
14666,33390170,Al Kabeer Chicken Strips Non-spicy 750 gm,Al Kabeer,Chicken Strips-Frozen,No Variant,Zing,750 gm,5,CFB,BEEF FRANKS,454 Gms x 20 Pkts,SAUSAGES,50.88,38.0,85.5,conflict,,0,auto_high_confidence
14674,33456114,Al Kabeer Chicken Burger Breaded Regular/Spicy 400 gm,Al Kabeer,Chicken Burger-Frozen,Breaded,Frozen Burger,400 gm,1,CKBBS,8 BREADED CHICKEN BURGER HOT & SPICY,400 gm x 12 Pkts,BURGERS,100.0,92.31,87.69,exact,10.28,1,auto_high_confidence
14674,33456114,Al Kabeer Chicken Burger Breaded Regular/Spicy 400 gm,Al Kabeer,Chicken Burger-Frozen,Breaded,Frozen Burger,400 gm,2,CCCB,CHICKEN BIRYANI 400,400 Gms x 12 Pkts,READY2EAT,89.72,63.27,85.5,exact,,0,auto_high_confidence
14674,33456114,Al Kabeer Chicken Burger Breaded Regular/Spicy 400 gm,Al Kabeer,Chicken Burger-Frozen,Breaded,Frozen Burger,400 gm,3,CBBO,4 BEEF BURGERS,200 Gms x 30 Pkt,BURGERS,59.35,62.22,85.5,conflict,,0,auto_high_confidence
14674,33456114,Al Kabeer Chicken Burger Breaded Regular/Spicy 400 gm,Al Kabeer,Chicken Burger-Frozen,Breaded,Frozen Burger,400 gm,4,CBBO24,24 BEEF BURGERS,1.2 Kgs x 8 Pkts,BURGERS,58.34,59.34,85.5,conflict,,0,auto_high_confidence
14674,33456114,Al Kabeer Chicken Burger Breaded Regular/Spicy 400 gm,Al Kabeer,Chicken Burger-Frozen,Breaded,Frozen Burger,400 gm,5,CCSRA,8 CHEESE SPRING ROLLS,240 Gms x 20 Pkts,SPRING ROLL,55.92,52.43,85.5,conflict,,0,auto_high_confidence
14710,33514882,Al Kabeer Zing Chicken Strips 320 gm,Al Kabeer,Chicken Strips-Frozen,Spicy,Zing,320 gm,1,CKZS,ZING CHICKEN STRIPS,320 Gms x 20 Pkts,STRIPS,89.58,79.37,76.61,exact,22.92,1,auto_high_confidence
14710,33514882,Al Kabeer Zing Chicken Strips 320 gm,Al Kabeer,Chicken Strips-Frozen,Spicy,Zing,320 gm,2,CKZSCKNP,Zing Strips Non Spicy + Free Chicken Nuggets Combo Pack,(750 g.+750 g.) x 4,STRIPS,66.65,83.08,85.5,conflict,,0,auto_high_confidence
14710,33514882,Al Kabeer Zing Chicken Strips 320 gm,Al Kabeer,Chicken Strips-Frozen,Spicy,Zing,320 gm,3,CKZSDA,ZING CHICKEN STRIPS SPICY 750 GRM,750 GMS X 8 PKT,STRIPS,62.38,83.08,78.92,conflict,,0,auto_high_confidence
14710,33514882,Al Kabeer Zing Chicken Strips 320 gm,Al Kabeer,Chicken Strips-Frozen,Spicy,Zing,320 gm,4,CKZSNS,ZING CHICKEN STRIPS NON-SPICY,8 X 750 GMS,STRIPS,62.38,83.08,78.92,conflict,,0,auto_high_confidence
14710,33514882,Al Kabeer Zing Chicken Strips 320 gm,Al Kabeer,Chicken Strips-Frozen,Spicy,Zing,320 gm,5,CZFNSCFHP,Zing Chicken Fillets Non Spicy + Free Chicken Fillets Spicy,750+750 g. x 4,FILLETS,61.71,68.97,85.5,conflict,,0,auto_high_confidence
14727,33518876,Al Kabeer Chicken Seekh Kebab 320 gm 8 Pcs ,Al Kabeer,Seekh Kabab-Frozen,No Variant,Frozen Kabab ,320 gm,1,CKBS,8 BEEF SEEKH KEBAB,320 Gms x 24 Pkts,KEBAB,90.56,65.67,85.5,exact,37.04,1,auto_high_confidence
14727,33518876,Al Kabeer Chicken Seekh Kebab 320 gm 8 Pcs ,Al Kabeer,Seekh Kabab-Frozen,No Variant,Frozen Kabab ,320 gm,2,CFB,BEEF FRANKS,454 Gms x 20 Pkts,SAUSAGES,53.52,45.54,85.5,conflict,,0,auto_high_confidence
14727,33518876,Al Kabeer Chicken Seekh Kebab 320 gm 8 Pcs ,Al Kabeer,Seekh Kabab-Frozen,No Variant,Frozen Kabab ,320 gm,3,CCSAK,12 CHEESE SAMOSAS,240 Gms x 20 Pkts,SAMOSA,52.76,43.4,85.5,conflict,,0,auto_high_confidence
14727,33518876,Al Kabeer Chicken Seekh Kebab 320 gm 8 Pcs ,Al Kabeer,Seekh Kabab-Frozen,No Variant,Frozen Kabab ,320 gm,4,CBBO,4 BEEF BURGERS,200 Gms x 30 Pkt,BURGERS,52.31,42.11,85.5,conflict,,0,auto_high_confidence
14727,33518876,Al Kabeer Chicken Seekh Kebab 320 gm 8 Pcs ,Al Kabeer,Seekh Kabab-Frozen,No Variant,Frozen Kabab ,320 gm,5,CCSAKA,CHEESE SAMOSAS BULK,1.2 Kgs x 4 Pkts,SAMOSA,52.28,42.0,85.5,conflict,,0,auto_high_confidence
14756,33541761,Al Kabeer Kibbeh Beef/Chicken 400 gm,Al Kabeer,Chicken Kibbeh-Frozen,No Variant,Frozen Kofta / Kibbeh & Meat Balls,400 gm,1,CBK,BEEF KIBBEH 400,400 Gms x 12 Pkts,KOFTA-KIBBEH-FELAFEL,92.08,70.0,85.5,exact,20.88,1,auto_high_confidence
14756,33541761,Al Kabeer Kibbeh Beef/Chicken 400 gm,Al Kabeer,Chicken Kibbeh-Frozen,No Variant,Frozen Kofta / Kibbeh & Meat Balls,400 gm,2,BC40,BEEF CUBES,2 lb x 20 Pkts,MEAT-INDIAN-TRD,71.19,44.63,85.5,,,0,auto_high_confidence
14756,33541761,Al Kabeer Kibbeh Beef/Chicken 400 gm,Al Kabeer,Chicken Kibbeh-Frozen,No Variant,Frozen Kofta / Kibbeh & Meat Balls,400 gm,3,BVL3,VEAL LEGS 3.6,Asstd. Wt.,MEAT-INDIAN-TRD,68.77,37.7,85.5,,,0,auto_high_confidence
14756,33541761,Al Kabeer Kibbeh Beef/Chicken 400 gm,Al Kabeer,Chicken Kibbeh-Frozen,No Variant,Frozen Kofta / Kibbeh & Meat Balls,400 gm,4,CBBOT,TAYEBAT BEEF BURGERS ONION BULK,1 Kgs x 9 Pkts,BURGERS,55.08,50.0,85.5,conflict,,0,auto_high_confidence
14756,33541761,Al Kabeer Kibbeh Beef/Chicken 400 gm,Al Kabeer,Chicken Kibbeh-Frozen,No Variant,Frozen Kofta / Kibbeh & Meat Balls,400 gm,5,CBBO,4 BEEF BURGERS,200 Gms x 30 Pkt,BURGERS,54.24,47.62,85.5,conflict,,0,auto_high_confidence
14757,33541761,Al Kabeer Kibbeh Beef/Chicken 400 gm,Al Kabeer,Beef Kibbeh-Frozen,No Variant,Frozen Kofta / Kibbeh & Meat Balls,400 gm,1,CBK,BEEF KIBBEH 400,400 Gms x 12 Pkts,KOFTA-KIBBEH-FELAFEL,92.08,70.0,85.5,exact,20.88,1,auto_high_confidence
14757,33541761,Al Kabeer Kibbeh Beef/Chicken 400 gm,Al Kabeer,Beef Kibbeh-Frozen,No Variant,Frozen Kofta / Kibbeh & Meat Balls,400 gm,2,BC40,BEEF CUBES,2 lb x 20 Pkts,MEAT-INDIAN-TRD,71.19,44.63,85.5,,,0,auto_high_confidence
14757,33541761,Al Kabeer Kibbeh Beef/Chicken 400 gm,Al Kabeer,Beef Kibbeh-Frozen,No Variant,Frozen Kofta / Kibbeh & Meat Balls,400 gm,3,BVL3,VEAL LEGS 3.6,Asstd. Wt.,MEAT-INDIAN-TRD,68.77,37.7,85.5,,,0,auto_high_confidence
14757,33541761,Al Kabeer Kibbeh Beef/Chicken 400 gm,Al Kabeer,Beef Kibbeh-Frozen,No Variant,Frozen Kofta / Kibbeh & Meat Balls,400 gm,4,CBBOT,TAYEBAT BEEF BURGERS ONION BULK,1 Kgs x 9 Pkts,BURGERS,55.08,50.0,85.5,conflict,,0,auto_high_confidence
14757,33541761,Al Kabeer Kibbeh Beef/Chicken 400 gm,Al Kabeer,Beef Kibbeh-Frozen,No Variant,Frozen Kofta / Kibbeh & Meat Balls,400 gm,5,CBBO,4 BEEF BURGERS,200 Gms x 30 Pkt,BURGERS,54.24,47.62,85.5,conflict,,0,auto_high_confidence
14769,33598693,Al Kabeer Chicken Strips Non-spicy 750 gm,Al Kabeer,Chicken Strips-Frozen,No Variant,Zing,750 gm,1,CKZSNS,ZING CHICKEN STRIPS NON-SPICY,8 X 750 GMS,STRIPS,91.68,82.35,78.24,exact,37.72,1,auto_high_confidence
14769,33598693,Al Kabeer Chicken Strips Non-spicy 750 gm,Al Kabeer,Chicken Strips-Frozen,No Variant,Zing,750 gm,2,CKSK,SHISH KEBAB,600 Gms x 12 Pkts,KEBAB,53.96,46.81,85.5,conflict,,0,auto_high_confidence
14769,33598693,Al Kabeer Chicken Strips Non-spicy 750 gm,Al Kabeer,Chicken Strips-Frozen,No Variant,Zing,750 gm,3,VVGP9,GREEN PEAS 900,900 gm x 10 Pkts,TRADING-VEG,53.21,44.68,85.5,conflict,,0,auto_high_confidence
14769,33598693,Al Kabeer Chicken Strips Non-spicy 750 gm,Al Kabeer,Chicken Strips-Frozen,No Variant,Zing,750 gm,4,VVGP,GREEN PEAS,400 gm x 20 Pkts,TRADING-VEG,52.73,43.3,85.5,conflict,,0,auto_high_confidence
14769,33598693,Al Kabeer Chicken Strips Non-spicy 750 gm,Al Kabeer,Chicken Strips-Frozen,No Variant,Zing,750 gm,5,CFB,BEEF FRANKS,454 Gms x 20 Pkts,SAUSAGES,50.88,38.0,85.5,conflict,,0,auto_high_confidence
14771,33617314,Al Kabeer Chicken Strips Non Spicy 750 gm,Al Kabeer,Chicken Strips-Frozen,No Variant,Zing,750 gm,1,CKZSNS,ZING CHICKEN STRIPS NON-SPICY,8 X 750 GMS,STRIPS,91.68,82.35,78.24,exact,37.72,1,auto_high_confidence
14771,33617314,Al Kabeer Chicken Strips Non Spicy 750 gm,Al Kabeer,Chicken Strips-Frozen,No Variant,Zing,750 gm,2,CKSK,SHISH KEBAB,600 Gms x 12 Pkts,KEBAB,53.96,46.81,85.5,conflict,,0,auto_high_confidence
14771,33617314,Al Kabeer Chicken Strips Non Spicy 750 gm,Al Kabeer,Chicken Strips-Frozen,No Variant,Zing,750 gm,3,VVGP9,GREEN PEAS 900,900 gm x 10 Pkts,TRADING-VEG,53.21,44.68,85.5,conflict,,0,auto_high_confidence
14771,33617314,Al Kabeer Chicken Strips Non Spicy 750 gm,Al Kabeer,Chicken Strips-Frozen,No Variant,Zing,750 gm,4,VVGP,GREEN PEAS,400 gm x 20 Pkts,TRADING-VEG,52.73,43.3,85.5,conflict,,0,auto_high_confidence
14771,33617314,Al Kabeer Chicken Strips Non Spicy 750 gm,Al Kabeer,Chicken Strips-Frozen,No Variant,Zing,750 gm,5,CFB,BEEF FRANKS,454 Gms x 20 Pkts,SAUSAGES,50.88,38.0,85.5,conflict,,0,auto_high_confidence
14811,33726588,Al Kabeer Breaded Chicken Burgers 400 gm,Al Kabeer,Chicken Burger-Frozen,Breaded,Frozen Burger,400 gm,1,CKBBS,8 BREADED CHICKEN BURGER HOT & SPICY,400 gm x 12 Pkts,BURGERS,100.0,91.14,86.58,exact,17.97,1,auto_high_confidence
14811,33726588,Al Kabeer Breaded Chicken Burgers 400 gm,Al Kabeer,Chicken Burger-Frozen,Breaded,Frozen Burger,400 gm,2,CFBJ,JUMBO HOTDOGS,400 Gms x 20 Pkts,SAUSAGES,82.03,41.3,85.5,exact,,0,auto_high_confidence
14811,33726588,Al Kabeer Breaded Chicken Burgers 400 gm,Al Kabeer,Chicken Burger-Frozen,Breaded,Frozen Burger,400 gm,3,CBBUR,BEEF BURGERS 56 g.,840 g. x 9,BURGERS,56.83,55.0,85.5,conflict,,0,auto_high_confidence
14811,33726588,Al Kabeer Breaded Chicken Burgers 400 gm,Al Kabeer,Chicken Burger-Frozen,Breaded,Frozen Burger,400 gm,4,CBBO,4 BEEF BURGERS,200 Gms x 30 Pkt,BURGERS,56.74,54.76,85.5,conflict,,0,auto_high_confidence
14811,33726588,Al Kabeer Breaded Chicken Burgers 400 gm,Al Kabeer,Chicken Burger-Frozen,Breaded,Frozen Burger,400 gm,5,CBBOA,BEEF BURGERS BULK,2 Kgs x 5 Pkts,BURGERS,55.76,51.95,85.5,conflict,,0,auto_high_confidence
14832,33740081,Al kabeer chicken burger 400gm,Al Kabeer,Chicken Burger-Frozen,Breaded,Frozen Burger,400 gm,1,CKBBS,8 BREADED CHICKEN BURGER HOT & SPICY,400 gm x 12 Pkts,BURGERS,94.09,84.85,80.61,exact,9.24,1,auto_high_confidence
14832,33740081,Al kabeer chicken burger 400gm,Al Kabeer,Chicken Burger-Frozen,Breaded,Frozen Burger,400 gm,2,CKBB,8 BREADED CHICKEN BURGERS,400 Gms x 12 Pkts,BURGERS,84.85,75.29,71.53,exact,,0,auto_high_confidence
14832,33740081,Al kabeer chicken burger 400gm,Al Kabeer,Chicken Burger-Frozen,Breaded,Frozen Burger,400 gm,3,CKBBAD,Breaded Chicken Burger Bag (56 g.),840 g. x 9,BURGERS,56.9,77.42,73.55,conflict,,0,auto_high_confidence
14832,33740081,Al kabeer chicken burger 400gm,Al Kabeer,Chicken Burger-Frozen,Breaded,Frozen Burger,400 gm,4,CKBBADPR,AK PRO Breaded Chicken Burger Bag 840 g. x 8,840 gm x 8,BURGERS,56.9,77.42,73.55,conflict,,0,auto_high_confidence
14832,33740081,Al kabeer chicken burger 400gm,Al Kabeer,Chicken Burger-Frozen,Breaded,Frozen Burger,400 gm,5,CKKBJ,JUMBO BREADED CHICKEN BURGER 100G BULK,1000 GM X 6 PKTS,BURGERS,56.9,77.42,73.55,conflict,,0,auto_high_confidence
14848,33794394,Al Kabeer Chicken Strips Non-spicy 750 gm,Al Kabeer,Chicken Strips-Frozen,No Variant,Zing,750 gm,1,CKZSNS,ZING CHICKEN STRIPS NON-SPICY,8 X 750 GMS,STRIPS,91.68,82.35,78.24,exact,37.72,1,auto_high_confidence
14848,33794394,Al Kabeer Chicken Strips Non-spicy 750 gm,Al Kabeer,Chicken Strips-Frozen,No Variant,Zing,750 gm,2,CKSK,SHISH KEBAB,600 Gms x 12 Pkts,KEBAB,53.96,46.81,85.5,conflict,,0,auto_high_confidence
14848,33794394,Al Kabeer Chicken Strips Non-spicy 750 gm,Al Kabeer,Chicken Strips-Frozen,No Variant,Zing,750 gm,3,VVGP9,GREEN PEAS 900,900 gm x 10 Pkts,TRADING-VEG,53.21,44.68,85.5,conflict,,0,auto_high_confidence
14848,33794394,Al Kabeer Chicken Strips Non-spicy 750 gm,Al Kabeer,Chicken Strips-Frozen,No Variant,Zing,750 gm,4,VVGP,GREEN PEAS,400 gm x 20 Pkts,TRADING-VEG,52.73,43.3,85.5,conflict,,0,auto_high_confidence
14848,33794394,Al Kabeer Chicken Strips Non-spicy 750 gm,Al Kabeer,Chicken Strips-Frozen,No Variant,Zing,750 gm,5,CFB,BEEF FRANKS,454 Gms x 20 Pkts,SAUSAGES,50.88,38.0,85.5,conflict,,0,auto_high_confidence
14879,33899617,Al Kabeer Breaded Chicken Burgers 400 gm,Al Kabeer,Chicken Burger-Frozen,Breaded,Frozen Burger,400 gm,1,CKBBS,8 BREADED CHICKEN BURGER HOT & SPICY,400 gm x 12 Pkts,BURGERS,100.0,91.14,86.58,exact,17.97,1,auto_high_confidence
14879,33899617,Al Kabeer Breaded Chicken Burgers 400 gm,Al Kabeer,Chicken Burger-Frozen,Breaded,Frozen Burger,400 gm,2,CFBJ,JUMBO HOTDOGS,400 Gms x 20 Pkts,SAUSAGES,82.03,41.3,85.5,exact,,0,auto_high_confidence
14879,33899617,Al Kabeer Breaded Chicken Burgers 400 gm,Al Kabeer,Chicken Burger-Frozen,Breaded,Frozen Burger,400 gm,3,CBBUR,BEEF BURGERS 56 g.,840 g. x 9,BURGERS,56.83,55.0,85.5,conflict,,0,auto_high_confidence
14879,33899617,Al Kabeer Breaded Chicken Burgers 400 gm,Al Kabeer,Chicken Burger-Frozen,Breaded,Frozen Burger,400 gm,4,CBBO,4 BEEF BURGERS,200 Gms x 30 Pkt,BURGERS,56.74,54.76,85.5,conflict,,0,auto_high_confidence
14879,33899617,Al Kabeer Breaded Chicken Burgers 400 gm,Al Kabeer,Chicken Burger-Frozen,Breaded,Frozen Burger,400 gm,5,CBBOA,BEEF BURGERS BULK,2 Kgs x 5 Pkts,BURGERS,55.76,51.95,85.5,conflict,,0,auto_high_confidence
14894,33939288,ALKABEER 8 CHICKEN BURGERS 400 gm,Al Kabeer,Chicken Burger-Frozen,Breaded,Frozen Burger,400 gm,1,CKBBS,8 BREADED CHICKEN BURGER HOT & SPICY,400 gm x 12 Pkts,BURGERS,100.0,91.57,86.99,exact,9.07,1,auto_high_confidence
14894,33939288,ALKABEER 8 CHICKEN BURGERS 400 gm,Al Kabeer,Chicken Burger-Frozen,Breaded,Frozen Burger,400 gm,2,CKBB,8 BREADED CHICKEN BURGERS,400 Gms x 12 Pkts,BURGERS,90.93,81.58,77.5,exact,,0,auto_high_confidence
14894,33939288,ALKABEER 8 CHICKEN BURGERS 400 gm,Al Kabeer,Chicken Burger-Frozen,Breaded,Frozen Burger,400 gm,3,VVGP,GREEN PEAS,400 gm x 20 Pkts,TRADING-VEG,84.09,47.19,85.5,exact,,0,auto_high_confidence
14894,33939288,ALKABEER 8 CHICKEN BURGERS 400 gm,Al Kabeer,Chicken Burger-Frozen,Breaded,Frozen Burger,400 gm,4,CKBBADPR,AK PRO Breaded Chicken Burger Bag 840 g. x 8,840 gm x 8,BURGERS,65.28,86.08,81.77,conflict,,0,auto_high_confidence
14894,33939288,ALKABEER 8 CHICKEN BURGERS 400 gm,Al Kabeer,Chicken Burger-Frozen,Breaded,Frozen Burger,400 gm,5,CKBBAD,Breaded Chicken Burger Bag (56 g.),840 g. x 9,BURGERS,62.42,83.12,78.96,conflict,,0,auto_high_confidence
14943,33956765,Al Kabeer Breaded Chicken Burgers 400 gm,Al Kabeer,Chicken Burger-Frozen,Breaded,Frozen Burger,400 gm,1,CKBBS,8 BREADED CHICKEN BURGER HOT & SPICY,400 gm x 12 Pkts,BURGERS,100.0,91.14,86.58,exact,17.97,1,auto_high_confidence
14943,33956765,Al Kabeer Breaded Chicken Burgers 400 gm,Al Kabeer,Chicken Burger-Frozen,Breaded,Frozen Burger,400 gm,2,CFBJ,JUMBO HOTDOGS,400 Gms x 20 Pkts,SAUSAGES,82.03,41.3,85.5,exact,,0,auto_high_confidence
14943,33956765,Al Kabeer Breaded Chicken Burgers 400 gm,Al Kabeer,Chicken Burger-Frozen,Breaded,Frozen Burger,400 gm,3,CBBUR,BEEF BURGERS 56 g.,840 g. x 9,BURGERS,56.83,55.0,85.5,conflict,,0,auto_high_confidence
14943,33956765,Al Kabeer Breaded Chicken Burgers 400 gm,Al Kabeer,Chicken Burger-Frozen,Breaded,Frozen Burger,400 gm,4,CBBO,4 BEEF BURGERS,200 Gms x 30 Pkt,BURGERS,56.74,54.76,85.5,conflict,,0,auto_high_confidence
14943,33956765,Al Kabeer Breaded Chicken Burgers 400 gm,Al Kabeer,Chicken Burger-Frozen,Breaded,Frozen Burger,400 gm,5,CBBOA,BEEF BURGERS BULK,2 Kgs x 5 Pkts,BURGERS,55.76,51.95,85.5,conflict,,0,auto_high_confidence
14955,33957871,Al Kabeer Samosas Mutton/Cheese Cheese Spring Rolls 240gm,Al Kabeer,Samosa-Frozen,Other-Veg,"Frozen Pizzas, Wraps, Sandwiches",240 gm,1,CCSAK,12 CHEESE SAMOSAS,240 Gms x 20 Pkts,SAMOSA,91.5,68.35,85.5,exact,15.12,1,auto_high_confidence
14955,33957871,Al Kabeer Samosas Mutton/Cheese Cheese Spring Rolls 240gm,Al Kabeer,Samosa-Frozen,Other-Veg,"Frozen Pizzas, Wraps, Sandwiches",240 gm,2,CCMS,MOZZERELLA CHEESE STICKS,250 GMS X24 PKTS,STICKS & FINGERS,76.38,45.16,85.5,close,,0,auto_high_confidence
14955,33957871,Al Kabeer Samosas Mutton/Cheese Cheese Spring Rolls 240gm,Al Kabeer,Samosa-Frozen,Other-Veg,"Frozen Pizzas, Wraps, Sandwiches",240 gm,3,CCSAKA,CHEESE SAMOSAS BULK,1.2 Kgs x 4 Pkts,SAMOSA,59.52,62.69,85.5,conflict,,0,auto_high_confidence
14955,33957871,Al Kabeer Samosas Mutton/Cheese Cheese Spring Rolls 240gm,Al Kabeer,Samosa-Frozen,Other-Veg,"Frozen Pizzas, Wraps, Sandwiches",240 gm,4,CCMSA,MOZZARELLA CHEESE STICKS,1000G X 5 Pkts,STICKS & FINGERS,53.23,44.74,85.5,conflict,,0,auto_high_confidence
14955,33957871,Al Kabeer Samosas Mutton/Cheese Cheese Spring Rolls 240gm,Al Kabeer,Samosa-Frozen,Other-Veg,"Frozen Pizzas, Wraps, Sandwiches",240 gm,5,CBK,BEEF KIBBEH 400,400 Gms x 12 Pkts,KOFTA-KIBBEH-FELAFEL,50.79,37.76,85.5,conflict,,0,auto_high_confidence
14956,33957871,Al Kabeer Samosas Mutton/Cheese Cheese Spring Rolls 240gm,Al Kabeer,Samosa-Frozen,Mutton,"Frozen Pizzas, Wraps, Sandwiches",240 gm,1,CCSAK,12 CHEESE SAMOSAS,240 Gms x 20 Pkts,SAMOSA,91.5,68.35,85.5,exact,31.98,1,auto_high_confidence
14956,33957871,Al Kabeer Samosas Mutton/Cheese Cheese Spring Rolls 240gm,Al Kabeer,Samosa-Frozen,Mutton,"Frozen Pizzas, Wraps, Sandwiches",240 gm,2,CCSAKA,CHEESE SAMOSAS BULK,1.2 Kgs x 4 Pkts,SAMOSA,59.52,62.69,85.5,conflict,,0,auto_high_confidence
14956,33957871,Al Kabeer Samosas Mutton/Cheese Cheese Spring Rolls 240gm,Al Kabeer,Samosa-Frozen,Mutton,"Frozen Pizzas, Wraps, Sandwiches",240 gm,3,CCSAKPR,A.K PRO CHEESE SAMOSA,4 X 1.2 KGS,SAMOSA,53.83,46.43,85.5,conflict,,0,auto_high_confidence
14956,33957871,Al Kabeer Samosas Mutton/Cheese Cheese Spring Rolls 240gm,Al Kabeer,Samosa-Frozen,Mutton,"Frozen Pizzas, Wraps, Sandwiches",240 gm,4,CCMSA,MOZZARELLA CHEESE STICKS,1000G X 5 Pkts,STICKS & FINGERS,52.86,43.66,85.5,conflict,,0,auto_high_confidence
14956,33957871,Al Kabeer Samosas Mutton/Cheese Cheese Spring Rolls 240gm,Al Kabeer,Samosa-Frozen,Mutton,"Frozen Pizzas, Wraps, Sandwiches",240 gm,5,CBK,BEEF KIBBEH 400,400 Gms x 12 Pkts,KOFTA-KIBBEH-FELAFEL,50.73,37.59,85.5,conflict,,0,auto_high_confidence
15135,34381534,Al Kabeer Chicken Burgers/Breaded 840 gm,Al Kabeer,Chicken Burger-Frozen,Breaded,Frozen Burger,840 gm,1,CKBBADPR,AK PRO Breaded Chicken Burger Bag 840 g. x 8,840 gm x 8,BURGERS,100.0,91.14,86.58,exact,29.82,1,auto_high_confidence
15135,34381534,Al Kabeer Chicken Burgers/Breaded 840 gm,Al Kabeer,Chicken Burger-Frozen,Breaded,Frozen Burger,840 gm,2,CKBBAD,Breaded Chicken Burger Bag (56 g.),840 g. x 9,BURGERS,70.18,91.14,86.58,conflict,,0,auto_high_confidence
15135,34381534,Al Kabeer Chicken Burgers/Breaded 840 gm,Al Kabeer,Chicken Burger-Frozen,Breaded,Frozen Burger,840 gm,3,CBBUR,BEEF BURGERS 56 g.,840 g. x 9,BURGERS,57.7,57.5,85.5,conflict,,0,auto_high_confidence
15135,34381534,Al Kabeer Chicken Burgers/Breaded 840 gm,Al Kabeer,Chicken Burger-Frozen,Breaded,Frozen Burger,840 gm,4,CBBO,4 BEEF BURGERS,200 Gms x 30 Pkt,BURGERS,55.91,52.38,85.5,conflict,,0,auto_high_confidence
15135,34381534,Al Kabeer Chicken Burgers/Breaded 840 gm,Al Kabeer,Chicken Burger-Frozen,Breaded,Frozen Burger,840 gm,5,CBBOA,BEEF BURGERS BULK,2 Kgs x 5 Pkts,BURGERS,55.76,51.95,85.5,conflict,,0,auto_high_confidence
15139,34381559,Al Kabeer Zing Chicken Nuggets Spicy 270 gm,Al Kabeer,Chicken Nuggets-Frozen,Spicy,Zing,270 gm,1,CKZN,ZING CHICKEN NUGGETS REGULAR,270 Gms x 20 Pkts,NUGGETS,89.4,80.0,76.0,exact,22.57,1,auto_high_confidence
15139,34381559,Al Kabeer Zing Chicken Nuggets Spicy 270 gm,Al Kabeer,Chicken Nuggets-Frozen,Spicy,Zing,270 gm,2,CKZSCKNP,Zing Strips Non Spicy + Free Chicken Nuggets Combo Pack,(750 g.+750 g.) x 4,STRIPS,66.83,83.58,85.5,conflict,,0,auto_high_confidence
15139,34381559,Al Kabeer Zing Chicken Nuggets Spicy 270 gm,Al Kabeer,Chicken Nuggets-Frozen,Spicy,Zing,270 gm,3,CKZFACKNP,Zing Chicken Fillets Spicy + Free Chicken Nuggets,1kg+750 g. x 3,FILLETS,62.87,83.58,79.4,conflict,,0,auto_high_confidence
15139,34381559,Al Kabeer Zing Chicken Nuggets Spicy 270 gm,Al Kabeer,Chicken Nuggets-Frozen,Spicy,Zing,270 gm,4,CKZNNS,ZING CHICKEN NUGGET NON-SPICY,8 X 750 GMS,NUGGETS,62.87,83.58,79.4,conflict,,0,auto_high_confidence
15139,34381559,Al Kabeer Zing Chicken Nuggets Spicy 270 gm,Al Kabeer,Chicken Nuggets-Frozen,Spicy,Zing,270 gm,5,CKSK,SHISH KEBAB,600 Gms x 12 Pkts,KEBAB,55.08,50.0,85.5,conflict,,0,auto_high_confidence
15148,34381832,Al Kabeer Chicken Zinger Fillets/Spicy 750 gm,Al Kabeer,Chicken Fillets-Frozen,Spicy,Zing,750 gm,1,CKZFDA,ZING CHICKEN FILLETS SPICY 750 GRM,750 GMS X 8 PKT,FILLETS,92.32,82.05,79.38,exact,38.65,1,auto_high_confidence
15148,34381832,Al Kabeer Chicken Zinger Fillets/Spicy 750 gm,Al Kabeer,Chicken Fillets-Frozen,Spicy,Zing,750 gm,2,CKSK,SHISH KEBAB,600 Gms x 12 Pkts,KEBAB,53.67,45.98,85.5,conflict,,0,auto_high_confidence
15148,34381832,Al Kabeer Chicken Zinger Fillets/Spicy 750 gm,Al Kabeer,Chicken Fillets-Frozen,Spicy,Zing,750 gm,3,VVGP9,GREEN PEAS 900,900 gm x 10 Pkts,TRADING-VEG,52.86,43.68,85.5,conflict,,0,auto_high_confidence
15148,34381832,Al Kabeer Chicken Zinger Fillets/Spicy 750 gm,Al Kabeer,Chicken Fillets-Frozen,Spicy,Zing,750 gm,4,CMBAK,MEAT BALLS,300 Gms x 20 Pkts,MEAT BALLS,51.93,41.03,85.5,conflict,,0,auto_high_confidence
15148,34381832,Al Kabeer Chicken Zinger Fillets/Spicy 750 gm,Al Kabeer,Chicken Fillets-Frozen,Spicy,Zing,750 gm,5,VVGP,GREEN PEAS,400 gm x 20 Pkts,TRADING-VEG,51.58,40.0,85.5,conflict,,0,auto_high_confidence
15200,34435209,Al kabeer Fish Sticks  1KG,Al Kabeer,Fish Fingers,No Variant,Breaded Seafood,1 kg,1,CFSA,FISH STICKS BULK,1 Kgs x 5 Pkts,STICKS & FINGERS,89.4,80.0,76.0,exact,13.75,1,auto_high_confidence
15200,34435209,Al kabeer Fish Sticks  1KG,Al Kabeer,Fish Fingers,No Variant,Breaded Seafood,1 kg,2,CFBFA,BREADED FISH FILLET BULK,1 Kgs x 5 Pkts,FILLETS,75.65,65.79,62.5,exact,,0,auto_high_confidence
15200,34435209,Al kabeer Fish Sticks  1KG,Al Kabeer,Fish Fingers,No Variant,Breaded Seafood,1 kg,3,CCKSB,CHICKEN STICKS BULK,1 Kgs x 5 Pkts,STICKS & FINGERS,71.3,61.29,58.23,exact,,0,auto_high_confidence
15200,34435209,Al kabeer Fish Sticks  1KG,Al Kabeer,Fish Fingers,No Variant,Breaded Seafood,1 kg,4,CSBA,BREADED SHRIMPS BULK,1 Kgs x 5 Pkts,PRAWNS-SHRIMPS,69.76,59.7,56.72,exact,,0,auto_high_confidence
15200,34435209,Al kabeer Fish Sticks  1KG,Al Kabeer,Fish Fingers,No Variant,Breaded Seafood,1 kg,5,CKFNSTY,TAYEBAT BREADED CHICKEN FILLETS NON SPICY 1 kg x 10 Pkts,1 kg x 10 Pkts,FILLETS,68.51,58.41,55.49,exact,,0,auto_high_confidence
15214,34438132,Al Kabeer Zing Chicken Strips 320 gm,Al Kabeer,Chicken Strips-Frozen,Spicy,Zing,320 gm,1,CKZS,ZING CHICKEN STRIPS,320 Gms x 20 Pkts,STRIPS,89.58,79.37,76.61,exact,22.92,1,auto_high_confidence
15214,34438132,Al Kabeer Zing Chicken Strips 320 gm,Al Kabeer,Chicken Strips-Frozen,Spicy,Zing,320 gm,2,CKZSCKNP,Zing Strips Non Spicy + Free Chicken Nuggets Combo Pack,(750 g.+750 g.) x 4,STRIPS,66.65,83.08,85.5,conflict,,0,auto_high_confidence
15214,34438132,Al Kabeer Zing Chicken Strips 320 gm,Al Kabeer,Chicken Strips-Frozen,Spicy,Zing,320 gm,3,CKZSDA,ZING CHICKEN STRIPS SPICY 750 GRM,750 GMS X 8 PKT,STRIPS,62.38,83.08,78.92,conflict,,0,auto_high_confidence
15214,34438132,Al Kabeer Zing Chicken Strips 320 gm,Al Kabeer,Chicken Strips-Frozen,Spicy,Zing,320 gm,4,CKZSNS,ZING CHICKEN STRIPS NON-SPICY,8 X 750 GMS,STRIPS,62.38,83.08,78.92,conflict,,0,auto_high_confidence
15214,34438132,Al Kabeer Zing Chicken Strips 320 gm,Al Kabeer,Chicken Strips-Frozen,Spicy,Zing,320 gm,5,CZFNSCFHP,Zing Chicken Fillets Non Spicy + Free Chicken Fillets Spicy,750+750 g. x 4,FILLETS,61.71,68.97,85.5,conflict,,0,auto_high_confidence
15284,34561727,Al Kabeer Zing Chicken Strips 320 gm,Al Kabeer,Chicken Strips-Frozen,Spicy,Zing,320 gm,1,CKZS,ZING CHICKEN STRIPS,320 Gms x 20 Pkts,STRIPS,89.58,79.37,76.61,exact,22.92,1,auto_high_confidence
15284,34561727,Al Kabeer Zing Chicken Strips 320 gm,Al Kabeer,Chicken Strips-Frozen,Spicy,Zing,320 gm,2,CKZSCKNP,Zing Strips Non Spicy + Free Chicken Nuggets Combo Pack,(750 g.+750 g.) x 4,STRIPS,66.65,83.08,85.5,conflict,,0,auto_high_confidence
15284,34561727,Al Kabeer Zing Chicken Strips 320 gm,Al Kabeer,Chicken Strips-Frozen,Spicy,Zing,320 gm,3,CKZSDA,ZING CHICKEN STRIPS SPICY 750 GRM,750 GMS X 8 PKT,STRIPS,62.38,83.08,78.92,conflict,,0,auto_high_confidence
15284,34561727,Al Kabeer Zing Chicken Strips 320 gm,Al Kabeer,Chicken Strips-Frozen,Spicy,Zing,320 gm,4,CKZSNS,ZING CHICKEN STRIPS NON-SPICY,8 X 750 GMS,STRIPS,62.38,83.08,78.92,conflict,,0,auto_high_confidence
15284,34561727,Al Kabeer Zing Chicken Strips 320 gm,Al Kabeer,Chicken Strips-Frozen,Spicy,Zing,320 gm,5,CZFNSCFHP,Zing Chicken Fillets Non Spicy + Free Chicken Fillets Spicy,750+750 g. x 4,FILLETS,61.71,68.97,85.5,conflict,,0,auto_high_confidence
15321,34628930,Al Kabeer Zing Chicken Fillet Non Spicy 750 gm,Al Kabeer,Chicken Strips-Frozen,Spicy,Zing,750 gm,1,CKZFNS,ZING CHICKEN FILLET NON-SPICY,8 X 750 GMS,FILLETS,92.62,83.33,79.17,exact,38.72,1,auto_high_confidence
15321,34628930,Al Kabeer Zing Chicken Fillet Non Spicy 750 gm,Al Kabeer,Chicken Strips-Frozen,Spicy,Zing,750 gm,2,CKSK,SHISH KEBAB,600 Gms x 12 Pkts,KEBAB,53.91,46.67,85.5,conflict,,0,auto_high_confidence
15321,34628930,Al Kabeer Zing Chicken Fillet Non Spicy 750 gm,Al Kabeer,Chicken Strips-Frozen,Spicy,Zing,750 gm,3,VVGP9,GREEN PEAS 900,900 gm x 10 Pkts,TRADING-VEG,53.13,44.44,85.5,conflict,,0,auto_high_confidence
15321,34628930,Al Kabeer Zing Chicken Fillet Non Spicy 750 gm,Al Kabeer,Chicken Strips-Frozen,Spicy,Zing,750 gm,4,VVGP,GREEN PEAS,400 gm x 20 Pkts,TRADING-VEG,51.12,38.71,85.5,conflict,,0,auto_high_confidence
15321,34628930,Al Kabeer Zing Chicken Fillet Non Spicy 750 gm,Al Kabeer,Chicken Strips-Frozen,Spicy,Zing,750 gm,5,CFB,BEEF FRANKS,454 Gms x 20 Pkts,SAUSAGES,50.7,37.5,85.5,conflict,,0,auto_high_confidence
15386,34646224,Al Kabeer Chicken/ Beef Seekh Kebabs (320 gm),Al Kabeer,Seekh Kabab-Frozen,No Variant,Frozen Kabab ,320 gm,1,CKBS,8 BEEF SEEKH KEBAB,320 Gms x 24 Pkts,KEBAB,88.58,60.0,85.5,exact,34.53,1,auto_high_confidence
15386,34646224,Al Kabeer Chicken/ Beef Seekh Kebabs (320 gm),Al Kabeer,Seekh Kabab-Frozen,No Variant,Frozen Kabab ,320 gm,2,CFB,BEEF FRANKS,454 Gms x 20 Pkts,SAUSAGES,54.05,47.06,85.5,conflict,,0,auto_high_confidence
15386,34646224,Al Kabeer Chicken/ Beef Seekh Kebabs (320 gm),Al Kabeer,Seekh Kabab-Frozen,No Variant,Frozen Kabab ,320 gm,3,CBBO,4 BEEF BURGERS,200 Gms x 30 Pkt,BURGERS,52.89,43.75,85.5,conflict,,0,auto_high_confidence
15386,34646224,Al Kabeer Chicken/ Beef Seekh Kebabs (320 gm),Al Kabeer,Seekh Kabab-Frozen,No Variant,Frozen Kabab ,320 gm,4,CBBO24,24 BEEF BURGERS,1.2 Kgs x 8 Pkts,BURGERS,52.01,41.24,85.5,conflict,,0,auto_high_confidence
15386,34646224,Al Kabeer Chicken/ Beef Seekh Kebabs (320 gm),Al Kabeer,Seekh Kabab-Frozen,No Variant,Frozen Kabab ,320 gm,5,CKCKB,CHICKEN BURGERS 56 g,840 g. x 9,BURGERS,51.89,40.91,85.5,conflict,,0,auto_high_confidence
15415,34653381,Al Kabeer Chicken/Beef Kibbeh 400gms,Al Kabeer,Beef Kibbeh-Frozen,No Variant,Frozen Kofta / Kibbeh & Meat Balls,400 gm,1,CBK,BEEF KIBBEH 400,400 Gms x 12 Pkts,KOFTA-KIBBEH-FELAFEL,92.08,70.0,85.5,exact,21.38,1,auto_high_confidence
15415,34653381,Al Kabeer Chicken/Beef Kibbeh 400gms,Al Kabeer,Beef Kibbeh-Frozen,No Variant,Frozen Kofta / Kibbeh & Meat Balls,400 gm,2,BC40,BEEF CUBES,2 lb x 20 Pkts,MEAT-INDIAN-TRD,70.7,43.2,85.5,,,0,auto_high_confidence
15415,34653381,Al Kabeer Chicken/Beef Kibbeh 400gms,Al Kabeer,Beef Kibbeh-Frozen,No Variant,Frozen Kofta / Kibbeh & Meat Balls,400 gm,3,BVL3,VEAL LEGS 3.6,Asstd. Wt.,MEAT-INDIAN-TRD,68.91,38.1,85.5,,,0,auto_high_confidence
15415,34653381,Al Kabeer Chicken/Beef Kibbeh 400gms,Al Kabeer,Beef Kibbeh-Frozen,No Variant,Frozen Kofta / Kibbeh & Meat Balls,400 gm,4,CBBOT,TAYEBAT BEEF BURGERS ONION BULK,1 Kgs x 9 Pkts,BURGERS,55.08,50.0,85.5,conflict,,0,auto_high_confidence
15415,34653381,Al Kabeer Chicken/Beef Kibbeh 400gms,Al Kabeer,Beef Kibbeh-Frozen,No Variant,Frozen Kofta / Kibbeh & Meat Balls,400 gm,5,CBBO,4 BEEF BURGERS,200 Gms x 30 Pkt,BURGERS,54.27,47.71,85.5,conflict,,0,auto_high_confidence
15428,34657992,Al Kabeer BREADED FISH FILLET 1 kg,Al Kabeer,Breaded Fish Fillet,No Variant,Breaded Seafood,1 kg,1,CFBFA,BREADED FISH FILLET BULK,1 Kgs x 5 Pkts,FILLETS,94.56,85.33,81.07,exact,11.98,1,auto_high_confidence
15428,34657992,Al Kabeer BREADED FISH FILLET 1 kg,Al Kabeer,Breaded Fish Fillet,No Variant,Breaded Seafood,1 kg,2,CMBAKA,MEAT BALLS BULK,1 kg x 6  Pkts,MEAT BALLS,82.58,42.86,85.5,exact,,0,auto_high_confidence
15428,34657992,Al Kabeer BREADED FISH FILLET 1 kg,Al Kabeer,Breaded Fish Fillet,No Variant,Breaded Seafood,1 kg,3,FFW1,WHITE FISH FILLET 1KG,1kg X 10 Pkts,FILLETS,81.31,71.64,68.06,exact,,0,auto_high_confidence
15428,34657992,Al Kabeer BREADED FISH FILLET 1 kg,Al Kabeer,Breaded Fish Fillet,No Variant,Breaded Seafood,1 kg,4,VSC10,SWEET CORN BULK,1 kg x 10 Pkts,TRADING-VEG,81.07,38.55,85.5,exact,,0,auto_high_confidence
15428,34657992,Al Kabeer BREADED FISH FILLET 1 kg,Al Kabeer,Breaded Fish Fillet,No Variant,Breaded Seafood,1 kg,5,CFBF,BREADED FISH FILLET,330 Gms x 20 Pkts,FILLETS,56.64,77.14,73.29,conflict,,0,auto_high_confidence
15472,34834003,Al Kabeer Chicken/Beef Kibbeh 400 gm,Al Kabeer,Beef Kibbeh-Frozen,No Variant,Frozen Kofta / Kibbeh & Meat Balls,400 gm,1,CBK,BEEF KIBBEH 400,400 Gms x 12 Pkts,KOFTA-KIBBEH-FELAFEL,92.08,70.0,85.5,exact,20.88,1,auto_high_confidence
15472,34834003,Al Kabeer Chicken/Beef Kibbeh 400 gm,Al Kabeer,Beef Kibbeh-Frozen,No Variant,Frozen Kofta / Kibbeh & Meat Balls,400 gm,2,BC40,BEEF CUBES,2 lb x 20 Pkts,MEAT-INDIAN-TRD,71.19,44.63,85.5,,,0,auto_high_confidence
15472,34834003,Al Kabeer Chicken/Beef Kibbeh 400 gm,Al Kabeer,Beef Kibbeh-Frozen,No Variant,Frozen Kofta / Kibbeh & Meat Balls,400 gm,3,BVL3,VEAL LEGS 3.6,Asstd. Wt.,MEAT-INDIAN-TRD,68.77,37.7,85.5,,,0,auto_high_confidence
15472,34834003,Al Kabeer Chicken/Beef Kibbeh 400 gm,Al Kabeer,Beef Kibbeh-Frozen,No Variant,Frozen Kofta / Kibbeh & Meat Balls,400 gm,4,CBBOT,TAYEBAT BEEF BURGERS ONION BULK,1 Kgs x 9 Pkts,BURGERS,55.08,50.0,85.5,conflict,,0,auto_high_confidence
15472,34834003,Al Kabeer Chicken/Beef Kibbeh 400 gm,Al Kabeer,Beef Kibbeh-Frozen,No Variant,Frozen Kofta / Kibbeh & Meat Balls,400 gm,5,CBBO,4 BEEF BURGERS,200 Gms x 30 Pkt,BURGERS,54.24,47.62,85.5,conflict,,0,auto_high_confidence
15473,34834003,Al Kabeer Chicken/Beef Kibbeh 400 gm,Al Kabeer,Chicken Kibbeh-Frozen,No Variant,Frozen Kofta / Kibbeh & Meat Balls,400 gm,1,CBK,BEEF KIBBEH 400,400 Gms x 12 Pkts,KOFTA-KIBBEH-FELAFEL,92.08,70.0,85.5,exact,20.88,1,auto_high_confidence
15473,34834003,Al Kabeer Chicken/Beef Kibbeh 400 gm,Al Kabeer,Chicken Kibbeh-Frozen,No Variant,Frozen Kofta / Kibbeh & Meat Balls,400 gm,2,BC40,BEEF CUBES,2 lb x 20 Pkts,MEAT-INDIAN-TRD,71.19,44.63,85.5,,,0,auto_high_confidence
15473,34834003,Al Kabeer Chicken/Beef Kibbeh 400 gm,Al Kabeer,Chicken Kibbeh-Frozen,No Variant,Frozen Kofta / Kibbeh & Meat Balls,400 gm,3,BVL3,VEAL LEGS 3.6,Asstd. Wt.,MEAT-INDIAN-TRD,68.77,37.7,85.5,,,0,auto_high_confidence
15473,34834003,Al Kabeer Chicken/Beef Kibbeh 400 gm,Al Kabeer,Chicken Kibbeh-Frozen,No Variant,Frozen Kofta / Kibbeh & Meat Balls,400 gm,4,CBBOT,TAYEBAT BEEF BURGERS ONION BULK,1 Kgs x 9 Pkts,BURGERS,55.08,50.0,85.5,conflict,,0,auto_high_confidence
15473,34834003,Al Kabeer Chicken/Beef Kibbeh 400 gm,Al Kabeer,Chicken Kibbeh-Frozen,No Variant,Frozen Kofta / Kibbeh & Meat Balls,400 gm,5,CBBO,4 BEEF BURGERS,200 Gms x 30 Pkt,BURGERS,54.24,47.62,85.5,conflict,,0,auto_high_confidence
15530,34892001,AL KABEER BEEF OR CHICKEN KIBBEH 400 gm,Al Kabeer,Beef Kibbeh-Frozen,No Variant,Frozen Kofta / Kibbeh & Meat Balls,400 gm,1,CBK,BEEF KIBBEH 400,400 Gms x 12 Pkts,KOFTA-KIBBEH-FELAFEL,92.08,70.0,85.5,exact,20.69,1,auto_high_confidence
15530,34892001,AL KABEER BEEF OR CHICKEN KIBBEH 400 gm,Al Kabeer,Beef Kibbeh-Frozen,No Variant,Frozen Kofta / Kibbeh & Meat Balls,400 gm,2,BC40,BEEF CUBES,2 lb x 20 Pkts,MEAT-INDIAN-TRD,71.38,45.16,85.5,,,0,auto_high_confidence
15530,34892001,AL KABEER BEEF OR CHICKEN KIBBEH 400 gm,Al Kabeer,Beef Kibbeh-Frozen,No Variant,Frozen Kofta / Kibbeh & Meat Balls,400 gm,3,BVL3,VEAL LEGS 3.6,Asstd. Wt.,MEAT-INDIAN-TRD,69.02,38.4,85.5,,,0,auto_high_confidence
15530,34892001,AL KABEER BEEF OR CHICKEN KIBBEH 400 gm,Al Kabeer,Beef Kibbeh-Frozen,No Variant,Frozen Kofta / Kibbeh & Meat Balls,400 gm,4,CBBOT,TAYEBAT BEEF BURGERS ONION BULK,1 Kgs x 9 Pkts,BURGERS,55.23,50.43,85.5,conflict,,0,auto_high_confidence
15530,34892001,AL KABEER BEEF OR CHICKEN KIBBEH 400 gm,Al Kabeer,Beef Kibbeh-Frozen,No Variant,Frozen Kofta / Kibbeh & Meat Balls,400 gm,5,CBBO,4 BEEF BURGERS,200 Gms x 30 Pkt,BURGERS,54.43,48.15,85.5,conflict,,0,auto_high_confidence
15574,34902941,Al Kabeer Vegetable Samosas 12's (240 gm) / Spring Roll 8's (280 gm),Al Kabeer,Samosa-Frozen,Other-Veg,"Frozen Pizzas, Wraps, Sandwiches",240 gm,1,CCSAK,12 CHEESE SAMOSAS,240 Gms x 20 Pkts,SAMOSA,89.04,61.33,85.5,exact,14.73,1,auto_high_confidence
15574,34902941,Al Kabeer Vegetable Samosas 12's (240 gm) / Spring Roll 8's (280 gm),Al Kabeer,Samosa-Frozen,Other-Veg,"Frozen Pizzas, Wraps, Sandwiches",240 gm,2,CCMS,MOZZERELLA CHEESE STICKS,250 GMS X24 PKTS,STICKS & FINGERS,74.31,39.24,85.5,close,,0,auto_high_confidence
15574,34902941,Al Kabeer Vegetable Samosas 12's (240 gm) / Spring Roll 8's (280 gm),Al Kabeer,Samosa-Frozen,Other-Veg,"Frozen Pizzas, Wraps, Sandwiches",240 gm,3,CBK,BEEF KIBBEH 400,400 Gms x 12 Pkts,KOFTA-KIBBEH-FELAFEL,51.48,39.73,85.5,conflict,,0,auto_high_confidence
15574,34902941,Al Kabeer Vegetable Samosas 12's (240 gm) / Spring Roll 8's (280 gm),Al Kabeer,Samosa-Frozen,Other-Veg,"Frozen Pizzas, Wraps, Sandwiches",240 gm,4,CCF,CHICKEN FRIES,12 PKTS X 400 GRM,POP-CORN & CHICKEN FRIES,51.38,39.44,85.5,conflict,,0,auto_high_confidence
15574,34902941,Al Kabeer Vegetable Samosas 12's (240 gm) / Spring Roll 8's (280 gm),Al Kabeer,Samosa-Frozen,Other-Veg,"Frozen Pizzas, Wraps, Sandwiches",240 gm,5,CBBO24,24 BEEF BURGERS,1.2 Kgs x 8 Pkts,BURGERS,50.96,38.24,85.5,conflict,,0,auto_high_confidence
15587,34907021,Al Kabeer Beef / Chicken Kibbeh 400gm,Al Kabeer,Chicken Kibbeh-Frozen,No Variant,Frozen Kofta / Kibbeh & Meat Balls,400 gm,1,CBK,BEEF KIBBEH 400,400 Gms x 12 Pkts,KOFTA-KIBBEH-FELAFEL,92.08,70.0,85.5,exact,21.26,1,auto_high_confidence
15587,34907021,Al Kabeer Beef / Chicken Kibbeh 400gm,Al Kabeer,Chicken Kibbeh-Frozen,No Variant,Frozen Kofta / Kibbeh & Meat Balls,400 gm,2,BC40,BEEF CUBES,2 lb x 20 Pkts,MEAT-INDIAN-TRD,70.82,43.55,85.5,,,0,auto_high_confidence
15587,34907021,Al Kabeer Beef / Chicken Kibbeh 400gm,Al Kabeer,Chicken Kibbeh-Frozen,No Variant,Frozen Kofta / Kibbeh & Meat Balls,400 gm,3,BVL3,VEAL LEGS 3.6,Asstd. Wt.,MEAT-INDIAN-TRD,68.45,36.8,85.5,,,0,auto_high_confidence
15587,34907021,Al Kabeer Beef / Chicken Kibbeh 400gm,Al Kabeer,Chicken Kibbeh-Frozen,No Variant,Frozen Kofta / Kibbeh & Meat Balls,400 gm,4,CBBOT,TAYEBAT BEEF BURGERS ONION BULK,1 Kgs x 9 Pkts,BURGERS,54.62,48.7,85.5,conflict,,0,auto_high_confidence
15587,34907021,Al Kabeer Beef / Chicken Kibbeh 400gm,Al Kabeer,Chicken Kibbeh-Frozen,No Variant,Frozen Kofta / Kibbeh & Meat Balls,400 gm,5,CBBO,4 BEEF BURGERS,200 Gms x 30 Pkt,BURGERS,54.43,48.15,85.5,conflict,,0,auto_high_confidence
15588,34907021,Al Kabeer Beef / Chicken Kibbeh 400gm,Al Kabeer,Beef Kibbeh-Frozen,No Variant,Frozen Kofta / Kibbeh & Meat Balls,400 gm,1,CBK,BEEF KIBBEH 400,400 Gms x 12 Pkts,KOFTA-KIBBEH-FELAFEL,92.08,70.0,85.5,exact,21.26,1,auto_high_confidence
15588,34907021,Al Kabeer Beef / Chicken Kibbeh 400gm,Al Kabeer,Beef Kibbeh-Frozen,No Variant,Frozen Kofta / Kibbeh & Meat Balls,400 gm,2,BC40,BEEF CUBES,2 lb x 20 Pkts,MEAT-INDIAN-TRD,70.82,43.55,85.5,,,0,auto_high_confidence
15588,34907021,Al Kabeer Beef / Chicken Kibbeh 400gm,Al Kabeer,Beef Kibbeh-Frozen,No Variant,Frozen Kofta / Kibbeh & Meat Balls,400 gm,3,BVL3,VEAL LEGS 3.6,Asstd. Wt.,MEAT-INDIAN-TRD,68.45,36.8,85.5,,,0,auto_high_confidence
15588,34907021,Al Kabeer Beef / Chicken Kibbeh 400gm,Al Kabeer,Beef Kibbeh-Frozen,No Variant,Frozen Kofta / Kibbeh & Meat Balls,400 gm,4,CBBOT,TAYEBAT BEEF BURGERS ONION BULK,1 Kgs x 9 Pkts,BURGERS,54.62,48.7,85.5,conflict,,0,auto_high_confidence
15588,34907021,Al Kabeer Beef / Chicken Kibbeh 400gm,Al Kabeer,Beef Kibbeh-Frozen,No Variant,Frozen Kofta / Kibbeh & Meat Balls,400 gm,5,CBBO,4 BEEF BURGERS,200 Gms x 30 Pkt,BURGERS,54.43,48.15,85.5,conflict,,0,auto_high_confidence
15589,34907043,Al Kabeer Samosas Mutton/Cheese Cheese Spring Rolls 240gm,Al Kabeer,Samosa-Frozen,Mutton,"Frozen Pizzas, Wraps, Sandwiches",240 gm,1,CCSAK,12 CHEESE SAMOSAS,240 Gms x 20 Pkts,SAMOSA,91.5,68.35,85.5,exact,31.98,1,auto_high_confidence
15589,34907043,Al Kabeer Samosas Mutton/Cheese Cheese Spring Rolls 240gm,Al Kabeer,Samosa-Frozen,Mutton,"Frozen Pizzas, Wraps, Sandwiches",240 gm,2,CCSAKA,CHEESE SAMOSAS BULK,1.2 Kgs x 4 Pkts,SAMOSA,59.52,62.69,85.5,conflict,,0,auto_high_confidence
15589,34907043,Al Kabeer Samosas Mutton/Cheese Cheese Spring Rolls 240gm,Al Kabeer,Samosa-Frozen,Mutton,"Frozen Pizzas, Wraps, Sandwiches",240 gm,3,CCSAKPR,A.K PRO CHEESE SAMOSA,4 X 1.2 KGS,SAMOSA,53.83,46.43,85.5,conflict,,0,auto_high_confidence
15589,34907043,Al Kabeer Samosas Mutton/Cheese Cheese Spring Rolls 240gm,Al Kabeer,Samosa-Frozen,Mutton,"Frozen Pizzas, Wraps, Sandwiches",240 gm,4,CCMSA,MOZZARELLA CHEESE STICKS,1000G X 5 Pkts,STICKS & FINGERS,52.86,43.66,85.5,conflict,,0,auto_high_confidence
15589,34907043,Al Kabeer Samosas Mutton/Cheese Cheese Spring Rolls 240gm,Al Kabeer,Samosa-Frozen,Mutton,"Frozen Pizzas, Wraps, Sandwiches",240 gm,5,CBK,BEEF KIBBEH 400,400 Gms x 12 Pkts,KOFTA-KIBBEH-FELAFEL,50.73,37.59,85.5,conflict,,0,auto_high_confidence
15590,34907043,Al Kabeer Samosas Mutton/Cheese Cheese Spring Rolls 240gm,Al Kabeer,Samosa-Frozen,Other-Veg,"Frozen Pizzas, Wraps, Sandwiches",240 gm,1,CCSAK,12 CHEESE SAMOSAS,240 Gms x 20 Pkts,SAMOSA,91.5,68.35,85.5,exact,15.12,1,auto_high_confidence
15590,34907043,Al Kabeer Samosas Mutton/Cheese Cheese Spring Rolls 240gm,Al Kabeer,Samosa-Frozen,Other-Veg,"Frozen Pizzas, Wraps, Sandwiches",240 gm,2,CCMS,MOZZERELLA CHEESE STICKS,250 GMS X24 PKTS,STICKS & FINGERS,76.38,45.16,85.5,close,,0,auto_high_confidence
15590,34907043,Al Kabeer Samosas Mutton/Cheese Cheese Spring Rolls 240gm,Al Kabeer,Samosa-Frozen,Other-Veg,"Frozen Pizzas, Wraps, Sandwiches",240 gm,3,CCSAKA,CHEESE SAMOSAS BULK,1.2 Kgs x 4 Pkts,SAMOSA,59.52,62.69,85.5,conflict,,0,auto_high_confidence
15590,34907043,Al Kabeer Samosas Mutton/Cheese Cheese Spring Rolls 240gm,Al Kabeer,Samosa-Frozen,Other-Veg,"Frozen Pizzas, Wraps, Sandwiches",240 gm,4,CCMSA,MOZZARELLA CHEESE STICKS,1000G X 5 Pkts,STICKS & FINGERS,53.23,44.74,85.5,conflict,,0,auto_high_confidence
15590,34907043,Al Kabeer Samosas Mutton/Cheese Cheese Spring Rolls 240gm,Al Kabeer,Samosa-Frozen,Other-Veg,"Frozen Pizzas, Wraps, Sandwiches",240 gm,5,CBK,BEEF KIBBEH 400,400 Gms x 12 Pkts,KOFTA-KIBBEH-FELAFEL,50.79,37.76,85.5,conflict,,0,auto_high_confidence
15629,34909660,Al Kabeer Chicken / Beef Kibbeh 400 gm,Al Kabeer,Chicken Kibbeh-Frozen,No Variant,Frozen Kofta / Kibbeh & Meat Balls,400 gm,1,CBK,BEEF KIBBEH 400,400 Gms x 12 Pkts,KOFTA-KIBBEH-FELAFEL,92.08,70.0,85.5,exact,20.88,1,auto_high_confidence
15629,34909660,Al Kabeer Chicken / Beef Kibbeh 400 gm,Al Kabeer,Chicken Kibbeh-Frozen,No Variant,Frozen Kofta / Kibbeh & Meat Balls,400 gm,2,BC40,BEEF CUBES,2 lb x 20 Pkts,MEAT-INDIAN-TRD,71.19,44.63,85.5,,,0,auto_high_confidence
15629,34909660,Al Kabeer Chicken / Beef Kibbeh 400 gm,Al Kabeer,Chicken Kibbeh-Frozen,No Variant,Frozen Kofta / Kibbeh & Meat Balls,400 gm,3,BVL3,VEAL LEGS 3.6,Asstd. Wt.,MEAT-INDIAN-TRD,68.77,37.7,85.5,,,0,auto_high_confidence
15629,34909660,Al Kabeer Chicken / Beef Kibbeh 400 gm,Al Kabeer,Chicken Kibbeh-Frozen,No Variant,Frozen Kofta / Kibbeh & Meat Balls,400 gm,4,CBBOT,TAYEBAT BEEF BURGERS ONION BULK,1 Kgs x 9 Pkts,BURGERS,55.08,50.0,85.5,conflict,,0,auto_high_confidence
15629,34909660,Al Kabeer Chicken / Beef Kibbeh 400 gm,Al Kabeer,Chicken Kibbeh-Frozen,No Variant,Frozen Kofta / Kibbeh & Meat Balls,400 gm,5,CBBO,4 BEEF BURGERS,200 Gms x 30 Pkt,BURGERS,54.24,47.62,85.5,conflict,,0,auto_high_confidence
15630,34909660,Al Kabeer Chicken / Beef Kibbeh 400 gm,Al Kabeer,Beef Kibbeh-Frozen,No Variant,Frozen Kofta / Kibbeh & Meat Balls,400 gm,1,CBK,BEEF KIBBEH 400,400 Gms x 12 Pkts,KOFTA-KIBBEH-FELAFEL,92.08,70.0,85.5,exact,20.88,1,auto_high_confidence
15630,34909660,Al Kabeer Chicken / Beef Kibbeh 400 gm,Al Kabeer,Beef Kibbeh-Frozen,No Variant,Frozen Kofta / Kibbeh & Meat Balls,400 gm,2,BC40,BEEF CUBES,2 lb x 20 Pkts,MEAT-INDIAN-TRD,71.19,44.63,85.5,,,0,auto_high_confidence
15630,34909660,Al Kabeer Chicken / Beef Kibbeh 400 gm,Al Kabeer,Beef Kibbeh-Frozen,No Variant,Frozen Kofta / Kibbeh & Meat Balls,400 gm,3,BVL3,VEAL LEGS 3.6,Asstd. Wt.,MEAT-INDIAN-TRD,68.77,37.7,85.5,,,0,auto_high_confidence
15630,34909660,Al Kabeer Chicken / Beef Kibbeh 400 gm,Al Kabeer,Beef Kibbeh-Frozen,No Variant,Frozen Kofta / Kibbeh & Meat Balls,400 gm,4,CBBOT,TAYEBAT BEEF BURGERS ONION BULK,1 Kgs x 9 Pkts,BURGERS,55.08,50.0,85.5,conflict,,0,auto_high_confidence
15630,34909660,Al Kabeer Chicken / Beef Kibbeh 400 gm,Al Kabeer,Beef Kibbeh-Frozen,No Variant,Frozen Kofta / Kibbeh & Meat Balls,400 gm,5,CBBO,4 BEEF BURGERS,200 Gms x 30 Pkt,BURGERS,54.24,47.62,85.5,conflict,,0,auto_high_confidence
15631,34910190,Al Kabeer Chicken Burgers 840 gm,Al Kabeer,Chicken Burger-Frozen,Breaded,Frozen Burger,840 gm,1,CKBBADPR,AK PRO Breaded Chicken Burger Bag 840 g. x 8,840 gm x 8,BURGERS,100.0,91.14,86.58,exact,10.06,1,auto_high_confidence
15631,34910190,Al Kabeer Chicken Burgers 840 gm,Al Kabeer,Chicken Burger-Frozen,Breaded,Frozen Burger,840 gm,2,CKBBTY,TAYEBAT BREADED CHICKEN BURGERS 840 g. x 8 Pkts,840 g. x 8 Pkts,BURGERS,89.94,80.56,76.53,exact,,0,auto_high_confidence
15631,34910190,Al Kabeer Chicken Burgers 840 gm,Al Kabeer,Chicken Burger-Frozen,Breaded,Frozen Burger,840 gm,3,CKBBAD,Breaded Chicken Burger Bag (56 g.),840 g. x 9,BURGERS,70.18,91.14,86.58,conflict,,0,auto_high_confidence
15631,34910190,Al Kabeer Chicken Burgers 840 gm,Al Kabeer,Chicken Burger-Frozen,Breaded,Frozen Burger,840 gm,4,CKBBS,8 BREADED CHICKEN BURGER HOT & SPICY,400 gm x 12 Pkts,BURGERS,64.56,85.33,81.07,conflict,,0,auto_high_confidence
15631,34910190,Al Kabeer Chicken Burgers 840 gm,Al Kabeer,Chicken Burger-Frozen,Breaded,Frozen Burger,840 gm,5,CKKBJ,JUMBO BREADED CHICKEN BURGER 100G BULK,1000 GM X 6 PKTS,BURGERS,64.56,85.33,81.07,conflict,,0,auto_high_confidence
15673,34932542,Al Kabeer Chicken Kibbeh 400gm,Al Kabeer,Chicken Kibbeh-Frozen,No Variant,Frozen Kofta / Kibbeh & Meat Balls,400 gm,1,CBK,BEEF KIBBEH 400,400 Gms x 12 Pkts,KOFTA-KIBBEH-FELAFEL,89.68,63.16,85.5,exact,20.69,1,auto_high_confidence
15673,34932542,Al Kabeer Chicken Kibbeh 400gm,Al Kabeer,Chicken Kibbeh-Frozen,No Variant,Frozen Kofta / Kibbeh & Meat Balls,400 gm,2,BVL3,VEAL LEGS 3.6,Asstd. Wt.,MEAT-INDIAN-TRD,68.99,38.33,85.5,,,0,auto_high_confidence
15673,34932542,Al Kabeer Chicken Kibbeh 400gm,Al Kabeer,Chicken Kibbeh-Frozen,No Variant,Frozen Kofta / Kibbeh & Meat Balls,400 gm,3,BC40,BEEF CUBES,2 lb x 20 Pkts,MEAT-INDIAN-TRD,68.52,36.97,85.5,,,0,auto_high_confidence
15673,34932542,Al Kabeer Chicken Kibbeh 400gm,Al Kabeer,Chicken Kibbeh-Frozen,No Variant,Frozen Kofta / Kibbeh & Meat Balls,400 gm,4,BTS,BEEF TOPSIDE ALK,20 KGS,MEAT-INDIAN-TRD,52.41,42.37,85.5,conflict,,0,auto_high_confidence
15673,34932542,Al Kabeer Chicken Kibbeh 400gm,Al Kabeer,Chicken Kibbeh-Frozen,No Variant,Frozen Kofta / Kibbeh & Meat Balls,400 gm,5,CBBOT,TAYEBAT BEEF BURGERS ONION BULK,1 Kgs x 9 Pkts,BURGERS,52.21,41.82,85.5,conflict,,0,auto_high_confidence
15697,35068687,Al Kabeer chicken burger breaded Regular/Spicy/chicken burger 8 pcs 400 gm,Al Kabeer,Chicken Burger-Frozen,Breaded,Frozen Burger,400 gm,1,CKBBS,8 BREADED CHICKEN BURGER HOT & SPICY,400 gm x 12 Pkts,BURGERS,100.0,93.07,88.42,exact,27.4,1,auto_high_confidence
15697,35068687,Al Kabeer chicken burger breaded Regular/Spicy/chicken burger 8 pcs 400 gm,Al Kabeer,Chicken Burger-Frozen,Breaded,Frozen Burger,400 gm,2,BC40,BEEF CUBES,2 lb x 20 Pkts,MEAT-INDIAN-TRD,72.6,48.65,85.5,,,0,auto_high_confidence
15697,35068687,Al Kabeer chicken burger breaded Regular/Spicy/chicken burger 8 pcs 400 gm,Al Kabeer,Chicken Burger-Frozen,Breaded,Frozen Burger,400 gm,3,BVL3,VEAL LEGS 3.6,Asstd. Wt.,MEAT-INDIAN-TRD,68.08,35.71,85.5,,,0,auto_high_confidence
15697,35068687,Al Kabeer chicken burger breaded Regular/Spicy/chicken burger 8 pcs 400 gm,Al Kabeer,Chicken Burger-Frozen,Breaded,Frozen Burger,400 gm,4,CBBO,4 BEEF BURGERS,200 Gms x 30 Pkt,BURGERS,59.68,63.16,85.5,conflict,,0,auto_high_confidence
15697,35068687,Al Kabeer chicken burger breaded Regular/Spicy/chicken burger 8 pcs 400 gm,Al Kabeer,Chicken Burger-Frozen,Breaded,Frozen Burger,400 gm,5,CBBO24,24 BEEF BURGERS,1.2 Kgs x 8 Pkts,BURGERS,59.45,62.5,85.5,conflict,,0,auto_high_confidence
15708,35113517,ALKABEER CHICKEN / BEEF KIBBEH 400 gm,Al Kabeer,Chicken Kibbeh-Frozen,No Variant,Frozen Kofta / Kibbeh & Meat Balls,400 gm,1,CBK,BEEF KIBBEH 400,400 Gms x 12 Pkts,KOFTA-KIBBEH-FELAFEL,92.08,70.0,85.5,exact,20.88,1,auto_high_confidence
15708,35113517,ALKABEER CHICKEN / BEEF KIBBEH 400 gm,Al Kabeer,Chicken Kibbeh-Frozen,No Variant,Frozen Kofta / Kibbeh & Meat Balls,400 gm,2,BC40,BEEF CUBES,2 lb x 20 Pkts,MEAT-INDIAN-TRD,71.19,44.63,85.5,,,0,auto_high_confidence
15708,35113517,ALKABEER CHICKEN / BEEF KIBBEH 400 gm,Al Kabeer,Chicken Kibbeh-Frozen,No Variant,Frozen Kofta / Kibbeh & Meat Balls,400 gm,3,BVL3,VEAL LEGS 3.6,Asstd. Wt.,MEAT-INDIAN-TRD,68.77,37.7,85.5,,,0,auto_high_confidence
15708,35113517,ALKABEER CHICKEN / BEEF KIBBEH 400 gm,Al Kabeer,Chicken Kibbeh-Frozen,No Variant,Frozen Kofta / Kibbeh & Meat Balls,400 gm,4,CBBOT,TAYEBAT BEEF BURGERS ONION BULK,1 Kgs x 9 Pkts,BURGERS,55.08,50.0,85.5,conflict,,0,auto_high_confidence
15708,35113517,ALKABEER CHICKEN / BEEF KIBBEH 400 gm,Al Kabeer,Chicken Kibbeh-Frozen,No Variant,Frozen Kofta / Kibbeh & Meat Balls,400 gm,5,CBBO,4 BEEF BURGERS,200 Gms x 30 Pkt,BURGERS,54.24,47.62,85.5,conflict,,0,auto_high_confidence
15709,35113517,ALKABEER CHICKEN / BEEF KIBBEH 400 gm,Al Kabeer,Beef Kibbeh-Frozen,No Variant,Frozen Kofta / Kibbeh & Meat Balls,400 gm,1,CBK,BEEF KIBBEH 400,400 Gms x 12 Pkts,KOFTA-KIBBEH-FELAFEL,92.08,70.0,85.5,exact,20.88,1,auto_high_confidence
15709,35113517,ALKABEER CHICKEN / BEEF KIBBEH 400 gm,Al Kabeer,Beef Kibbeh-Frozen,No Variant,Frozen Kofta / Kibbeh & Meat Balls,400 gm,2,BC40,BEEF CUBES,2 lb x 20 Pkts,MEAT-INDIAN-TRD,71.19,44.63,85.5,,,0,auto_high_confidence
15709,35113517,ALKABEER CHICKEN / BEEF KIBBEH 400 gm,Al Kabeer,Beef Kibbeh-Frozen,No Variant,Frozen Kofta / Kibbeh & Meat Balls,400 gm,3,BVL3,VEAL LEGS 3.6,Asstd. Wt.,MEAT-INDIAN-TRD,68.77,37.7,85.5,,,0,auto_high_confidence
15709,35113517,ALKABEER CHICKEN / BEEF KIBBEH 400 gm,Al Kabeer,Beef Kibbeh-Frozen,No Variant,Frozen Kofta / Kibbeh & Meat Balls,400 gm,4,CBBOT,TAYEBAT BEEF BURGERS ONION BULK,1 Kgs x 9 Pkts,BURGERS,55.08,50.0,85.5,conflict,,0,auto_high_confidence
15709,35113517,ALKABEER CHICKEN / BEEF KIBBEH 400 gm,Al Kabeer,Beef Kibbeh-Frozen,No Variant,Frozen Kofta / Kibbeh & Meat Balls,400 gm,5,CBBO,4 BEEF BURGERS,200 Gms x 30 Pkt,BURGERS,54.24,47.62,85.5,conflict,,0,auto_high_confidence
15720,35119174,"AL KABEER CHEESE OR MUTTON SAMOSAS, OR CHEESE SPRING ROLLS 240 gm",Al Kabeer,Samosa-Frozen,Mutton,"Frozen Pizzas, Wraps, Sandwiches",240 gm,1,CCSAK,12 CHEESE SAMOSAS,240 Gms x 20 Pkts,SAMOSA,91.5,68.35,85.5,exact,14.99,1,auto_high_confidence
15720,35119174,"AL KABEER CHEESE OR MUTTON SAMOSAS, OR CHEESE SPRING ROLLS 240 gm",Al Kabeer,Samosa-Frozen,Mutton,"Frozen Pizzas, Wraps, Sandwiches",240 gm,2,CCMS,MOZZERELLA CHEESE STICKS,250 GMS X24 PKTS,STICKS & FINGERS,76.51,45.52,85.5,close,,0,auto_high_confidence
15720,35119174,"AL KABEER CHEESE OR MUTTON SAMOSAS, OR CHEESE SPRING ROLLS 240 gm",Al Kabeer,Samosa-Frozen,Mutton,"Frozen Pizzas, Wraps, Sandwiches",240 gm,3,CCSAKA,CHEESE SAMOSAS BULK,1.2 Kgs x 4 Pkts,SAMOSA,59.52,62.69,85.5,conflict,,0,auto_high_confidence
15720,35119174,"AL KABEER CHEESE OR MUTTON SAMOSAS, OR CHEESE SPRING ROLLS 240 gm",Al Kabeer,Samosa-Frozen,Mutton,"Frozen Pizzas, Wraps, Sandwiches",240 gm,4,CCMSA,MOZZARELLA CHEESE STICKS,1000G X 5 Pkts,STICKS & FINGERS,53.35,45.07,85.5,conflict,,0,auto_high_confidence
15720,35119174,"AL KABEER CHEESE OR MUTTON SAMOSAS, OR CHEESE SPRING ROLLS 240 gm",Al Kabeer,Samosa-Frozen,Mutton,"Frozen Pizzas, Wraps, Sandwiches",240 gm,5,CBK,BEEF KIBBEH 400,400 Gms x 12 Pkts,KOFTA-KIBBEH-FELAFEL,50.73,37.59,85.5,conflict,,0,auto_high_confidence
15721,35119174,"AL KABEER CHEESE OR MUTTON SAMOSAS, OR CHEESE SPRING ROLLS 240 gm",Al Kabeer,Samosa-Frozen,No Variant,"Frozen Pizzas, Wraps, Sandwiches",240 gm,1,CCSAK,12 CHEESE SAMOSAS,240 Gms x 20 Pkts,SAMOSA,91.5,68.35,85.5,exact,15.22,1,auto_high_confidence
15721,35119174,"AL KABEER CHEESE OR MUTTON SAMOSAS, OR CHEESE SPRING ROLLS 240 gm",Al Kabeer,Samosa-Frozen,No Variant,"Frozen Pizzas, Wraps, Sandwiches",240 gm,2,CCMS,MOZZERELLA CHEESE STICKS,250 GMS X24 PKTS,STICKS & FINGERS,76.28,44.87,85.5,close,,0,auto_high_confidence
15721,35119174,"AL KABEER CHEESE OR MUTTON SAMOSAS, OR CHEESE SPRING ROLLS 240 gm",Al Kabeer,Samosa-Frozen,No Variant,"Frozen Pizzas, Wraps, Sandwiches",240 gm,3,CCSAKA,CHEESE SAMOSAS BULK,1.2 Kgs x 4 Pkts,SAMOSA,59.52,62.69,85.5,conflict,,0,auto_high_confidence
15721,35119174,"AL KABEER CHEESE OR MUTTON SAMOSAS, OR CHEESE SPRING ROLLS 240 gm",Al Kabeer,Samosa-Frozen,No Variant,"Frozen Pizzas, Wraps, Sandwiches",240 gm,4,CCMSA,MOZZARELLA CHEESE STICKS,1000G X 5 Pkts,STICKS & FINGERS,52.67,43.14,85.5,conflict,,0,auto_high_confidence
15721,35119174,"AL KABEER CHEESE OR MUTTON SAMOSAS, OR CHEESE SPRING ROLLS 240 gm",Al Kabeer,Samosa-Frozen,No Variant,"Frozen Pizzas, Wraps, Sandwiches",240 gm,5,CBK,BEEF KIBBEH 400,400 Gms x 12 Pkts,KOFTA-KIBBEH-FELAFEL,50.7,37.5,85.5,conflict,,0,auto_high_confidence
15753,35123316,Al Kabeer Chicken Kibbeh 400gm,Al Kabeer,Chicken Kibbeh-Frozen,No Variant,Frozen Kofta / Kibbeh & Meat Balls,400 gm,1,CBK,BEEF KIBBEH 400,400 Gms x 12 Pkts,KOFTA-KIBBEH-FELAFEL,89.68,63.16,85.5,exact,20.69,1,auto_high_confidence
15753,35123316,Al Kabeer Chicken Kibbeh 400gm,Al Kabeer,Chicken Kibbeh-Frozen,No Variant,Frozen Kofta / Kibbeh & Meat Balls,400 gm,2,BVL3,VEAL LEGS 3.6,Asstd. Wt.,MEAT-INDIAN-TRD,68.99,38.33,85.5,,,0,auto_high_confidence
15753,35123316,Al Kabeer Chicken Kibbeh 400gm,Al Kabeer,Chicken Kibbeh-Frozen,No Variant,Frozen Kofta / Kibbeh & Meat Balls,400 gm,3,BC40,BEEF CUBES,2 lb x 20 Pkts,MEAT-INDIAN-TRD,68.52,36.97,85.5,,,0,auto_high_confidence
15753,35123316,Al Kabeer Chicken Kibbeh 400gm,Al Kabeer,Chicken Kibbeh-Frozen,No Variant,Frozen Kofta / Kibbeh & Meat Balls,400 gm,4,BTS,BEEF TOPSIDE ALK,20 KGS,MEAT-INDIAN-TRD,52.41,42.37,85.5,conflict,,0,auto_high_confidence
15753,35123316,Al Kabeer Chicken Kibbeh 400gm,Al Kabeer,Chicken Kibbeh-Frozen,No Variant,Frozen Kofta / Kibbeh & Meat Balls,400 gm,5,CBBOT,TAYEBAT BEEF BURGERS ONION BULK,1 Kgs x 9 Pkts,BURGERS,52.21,41.82,85.5,conflict,,0,auto_high_confidence
15760,35127510,Al Kabeer Chicken / Beef Kibbeh 400gm,Al Kabeer,Chicken Kibbeh-Frozen,No Variant,Frozen Kofta / Kibbeh & Meat Balls,400 gm,1,CBK,BEEF KIBBEH 400,400 Gms x 12 Pkts,KOFTA-KIBBEH-FELAFEL,92.08,70.0,85.5,exact,21.26,1,auto_high_confidence
15760,35127510,Al Kabeer Chicken / Beef Kibbeh 400gm,Al Kabeer,Chicken Kibbeh-Frozen,No Variant,Frozen Kofta / Kibbeh & Meat Balls,400 gm,2,BC40,BEEF CUBES,2 lb x 20 Pkts,MEAT-INDIAN-TRD,70.82,43.55,85.5,,,0,auto_high_confidence
15760,35127510,Al Kabeer Chicken / Beef Kibbeh 400gm,Al Kabeer,Chicken Kibbeh-Frozen,No Variant,Frozen Kofta / Kibbeh & Meat Balls,400 gm,3,BVL3,VEAL LEGS 3.6,Asstd. Wt.,MEAT-INDIAN-TRD,68.45,36.8,85.5,,,0,auto_high_confidence
15760,35127510,Al Kabeer Chicken / Beef Kibbeh 400gm,Al Kabeer,Chicken Kibbeh-Frozen,No Variant,Frozen Kofta / Kibbeh & Meat Balls,400 gm,4,CBBOT,TAYEBAT BEEF BURGERS ONION BULK,1 Kgs x 9 Pkts,BURGERS,54.62,48.7,85.5,conflict,,0,auto_high_confidence
15760,35127510,Al Kabeer Chicken / Beef Kibbeh 400gm,Al Kabeer,Chicken Kibbeh-Frozen,No Variant,Frozen Kofta / Kibbeh & Meat Balls,400 gm,5,CBBO,4 BEEF BURGERS,200 Gms x 30 Pkt,BURGERS,54.43,48.15,85.5,conflict,,0,auto_high_confidence
15761,35127510,Al Kabeer Chicken / Beef Kibbeh 400gm,Al Kabeer,Beef Kibbeh-Frozen,No Variant,Frozen Kofta / Kibbeh & Meat Balls,400 gm,1,CBK,BEEF KIBBEH 400,400 Gms x 12 Pkts,KOFTA-KIBBEH-FELAFEL,92.08,70.0,85.5,exact,21.26,1,auto_high_confidence
15761,35127510,Al Kabeer Chicken / Beef Kibbeh 400gm,Al Kabeer,Beef Kibbeh-Frozen,No Variant,Frozen Kofta / Kibbeh & Meat Balls,400 gm,2,BC40,BEEF CUBES,2 lb x 20 Pkts,MEAT-INDIAN-TRD,70.82,43.55,85.5,,,0,auto_high_confidence
15761,35127510,Al Kabeer Chicken / Beef Kibbeh 400gm,Al Kabeer,Beef Kibbeh-Frozen,No Variant,Frozen Kofta / Kibbeh & Meat Balls,400 gm,3,BVL3,VEAL LEGS 3.6,Asstd. Wt.,MEAT-INDIAN-TRD,68.45,36.8,85.5,,,0,auto_high_confidence
15761,35127510,Al Kabeer Chicken / Beef Kibbeh 400gm,Al Kabeer,Beef Kibbeh-Frozen,No Variant,Frozen Kofta / Kibbeh & Meat Balls,400 gm,4,CBBOT,TAYEBAT BEEF BURGERS ONION BULK,1 Kgs x 9 Pkts,BURGERS,54.62,48.7,85.5,conflict,,0,auto_high_confidence
15761,35127510,Al Kabeer Chicken / Beef Kibbeh 400gm,Al Kabeer,Beef Kibbeh-Frozen,No Variant,Frozen Kofta / Kibbeh & Meat Balls,400 gm,5,CBBO,4 BEEF BURGERS,200 Gms x 30 Pkt,BURGERS,54.43,48.15,85.5,conflict,,0,auto_high_confidence
15785,35136251,Al Kabeer Breaded Chicken Burgers 400 gm,Al Kabeer,Chicken Burger-Frozen,Breaded,Frozen Burger,400 gm,1,CKBBS,8 BREADED CHICKEN BURGER HOT & SPICY,400 gm x 12 Pkts,BURGERS,100.0,91.14,86.58,exact,17.97,1,auto_high_confidence
15785,35136251,Al Kabeer Breaded Chicken Burgers 400 gm,Al Kabeer,Chicken Burger-Frozen,Breaded,Frozen Burger,400 gm,2,CFBJ,JUMBO HOTDOGS,400 Gms x 20 Pkts,SAUSAGES,82.03,41.3,85.5,exact,,0,auto_high_confidence
15785,35136251,Al Kabeer Breaded Chicken Burgers 400 gm,Al Kabeer,Chicken Burger-Frozen,Breaded,Frozen Burger,400 gm,3,CBBUR,BEEF BURGERS 56 g.,840 g. x 9,BURGERS,56.83,55.0,85.5,conflict,,0,auto_high_confidence
15785,35136251,Al Kabeer Breaded Chicken Burgers 400 gm,Al Kabeer,Chicken Burger-Frozen,Breaded,Frozen Burger,400 gm,4,CBBO,4 BEEF BURGERS,200 Gms x 30 Pkt,BURGERS,56.74,54.76,85.5,conflict,,0,auto_high_confidence
15785,35136251,Al Kabeer Breaded Chicken Burgers 400 gm,Al Kabeer,Chicken Burger-Frozen,Breaded,Frozen Burger,400 gm,5,CBBOA,BEEF BURGERS BULK,2 Kgs x 5 Pkts,BURGERS,55.76,51.95,85.5,conflict,,0,auto_high_confidence
15828,35155797,Al Kabeer Chicken Kibbeh 400gm,Al Kabeer,Chicken Kibbeh-Frozen,No Variant,Frozen Kofta / Kibbeh & Meat Balls,400 gm,1,CBK,BEEF KIBBEH 400,400 Gms x 12 Pkts,KOFTA-KIBBEH-FELAFEL,89.68,63.16,85.5,exact,20.69,1,auto_high_confidence
15828,35155797,Al Kabeer Chicken Kibbeh 400gm,Al Kabeer,Chicken Kibbeh-Frozen,No Variant,Frozen Kofta / Kibbeh & Meat Balls,400 gm,2,BVL3,VEAL LEGS 3.6,Asstd. Wt.,MEAT-INDIAN-TRD,68.99,38.33,85.5,,,0,auto_high_confidence
15828,35155797,Al Kabeer Chicken Kibbeh 400gm,Al Kabeer,Chicken Kibbeh-Frozen,No Variant,Frozen Kofta / Kibbeh & Meat Balls,400 gm,3,BC40,BEEF CUBES,2 lb x 20 Pkts,MEAT-INDIAN-TRD,68.52,36.97,85.5,,,0,auto_high_confidence
15828,35155797,Al Kabeer Chicken Kibbeh 400gm,Al Kabeer,Chicken Kibbeh-Frozen,No Variant,Frozen Kofta / Kibbeh & Meat Balls,400 gm,4,BTS,BEEF TOPSIDE ALK,20 KGS,MEAT-INDIAN-TRD,52.41,42.37,85.5,conflict,,0,auto_high_confidence
15828,35155797,Al Kabeer Chicken Kibbeh 400gm,Al Kabeer,Chicken Kibbeh-Frozen,No Variant,Frozen Kofta / Kibbeh & Meat Balls,400 gm,5,CBBOT,TAYEBAT BEEF BURGERS ONION BULK,1 Kgs x 9 Pkts,BURGERS,52.21,41.82,85.5,conflict,,0,auto_high_confidence
15839,35210661,Al Kabeer Zing Chicken Fillet Non Spicy 750 gm,Al Kabeer,Chicken Strips-Frozen,Spicy,Zing,750 gm,1,CKZFNS,ZING CHICKEN FILLET NON-SPICY,8 X 750 GMS,FILLETS,92.62,83.33,79.17,exact,38.72,1,auto_high_confidence
15839,35210661,Al Kabeer Zing Chicken Fillet Non Spicy 750 gm,Al Kabeer,Chicken Strips-Frozen,Spicy,Zing,750 gm,2,CKSK,SHISH KEBAB,600 Gms x 12 Pkts,KEBAB,53.91,46.67,85.5,conflict,,0,auto_high_confidence
15839,35210661,Al Kabeer Zing Chicken Fillet Non Spicy 750 gm,Al Kabeer,Chicken Strips-Frozen,Spicy,Zing,750 gm,3,VVGP9,GREEN PEAS 900,900 gm x 10 Pkts,TRADING-VEG,53.13,44.44,85.5,conflict,,0,auto_high_confidence
15839,35210661,Al Kabeer Zing Chicken Fillet Non Spicy 750 gm,Al Kabeer,Chicken Strips-Frozen,Spicy,Zing,750 gm,4,VVGP,GREEN PEAS,400 gm x 20 Pkts,TRADING-VEG,51.12,38.71,85.5,conflict,,0,auto_high_confidence
15839,35210661,Al Kabeer Zing Chicken Fillet Non Spicy 750 gm,Al Kabeer,Chicken Strips-Frozen,Spicy,Zing,750 gm,5,CFB,BEEF FRANKS,454 Gms x 20 Pkts,SAUSAGES,50.7,37.5,85.5,conflict,,0,auto_high_confidence
15899,35388117,"AL KABEER CHEESE OR MUTTON SAMOSAS, OR CHEESE SPRING ROLLS, 240 gm",Al Kabeer,Samosa-Frozen,Other-Veg,"Frozen Pizzas, Wraps, Sandwiches",240 gm,1,CCSAK,12 CHEESE SAMOSAS,240 Gms x 20 Pkts,SAMOSA,91.5,68.35,85.5,exact,15.57,1,auto_high_confidence
15899,35388117,"AL KABEER CHEESE OR MUTTON SAMOSAS, OR CHEESE SPRING ROLLS, 240 gm",Al Kabeer,Samosa-Frozen,Other-Veg,"Frozen Pizzas, Wraps, Sandwiches",240 gm,2,CCMS,MOZZERELLA CHEESE STICKS,250 GMS X24 PKTS,STICKS & FINGERS,75.93,43.87,85.5,close,,0,auto_high_confidence
15899,35388117,"AL KABEER CHEESE OR MUTTON SAMOSAS, OR CHEESE SPRING ROLLS, 240 gm",Al Kabeer,Samosa-Frozen,Other-Veg,"Frozen Pizzas, Wraps, Sandwiches",240 gm,3,CCSAKA,CHEESE SAMOSAS BULK,1.2 Kgs x 4 Pkts,SAMOSA,59.52,62.69,85.5,conflict,,0,auto_high_confidence
15899,35388117,"AL KABEER CHEESE OR MUTTON SAMOSAS, OR CHEESE SPRING ROLLS, 240 gm",Al Kabeer,Samosa-Frozen,Other-Veg,"Frozen Pizzas, Wraps, Sandwiches",240 gm,4,CCMSA,MOZZARELLA CHEESE STICKS,1000G X 5 Pkts,STICKS & FINGERS,53.23,44.74,85.5,conflict,,0,auto_high_confidence
15899,35388117,"AL KABEER CHEESE OR MUTTON SAMOSAS, OR CHEESE SPRING ROLLS, 240 gm",Al Kabeer,Samosa-Frozen,Other-Veg,"Frozen Pizzas, Wraps, Sandwiches",240 gm,5,CBK,BEEF KIBBEH 400,400 Gms x 12 Pkts,KOFTA-KIBBEH-FELAFEL,50.79,37.76,85.5,conflict,,0,auto_high_confidence
15901,35388117,"AL KABEER CHEESE OR MUTTON SAMOSAS, OR CHEESE SPRING ROLLS, 240 gm",Al Kabeer,Samosa-Frozen,Mutton,"Frozen Pizzas, Wraps, Sandwiches",240 gm,1,CCSAK,12 CHEESE SAMOSAS,240 Gms x 20 Pkts,SAMOSA,91.5,68.35,85.5,exact,14.99,1,auto_high_confidence
15901,35388117,"AL KABEER CHEESE OR MUTTON SAMOSAS, OR CHEESE SPRING ROLLS, 240 gm",Al Kabeer,Samosa-Frozen,Mutton,"Frozen Pizzas, Wraps, Sandwiches",240 gm,2,CCMS,MOZZERELLA CHEESE STICKS,250 GMS X24 PKTS,STICKS & FINGERS,76.51,45.52,85.5,close,,0,auto_high_confidence
15901,35388117,"AL KABEER CHEESE OR MUTTON SAMOSAS, OR CHEESE SPRING ROLLS, 240 gm",Al Kabeer,Samosa-Frozen,Mutton,"Frozen Pizzas, Wraps, Sandwiches",240 gm,3,CCSAKA,CHEESE SAMOSAS BULK,1.2 Kgs x 4 Pkts,SAMOSA,59.52,62.69,85.5,conflict,,0,auto_high_confidence
15901,35388117,"AL KABEER CHEESE OR MUTTON SAMOSAS, OR CHEESE SPRING ROLLS, 240 gm",Al Kabeer,Samosa-Frozen,Mutton,"Frozen Pizzas, Wraps, Sandwiches",240 gm,4,CCMSA,MOZZARELLA CHEESE STICKS,1000G X 5 Pkts,STICKS & FINGERS,53.35,45.07,85.5,conflict,,0,auto_high_confidence
15901,35388117,"AL KABEER CHEESE OR MUTTON SAMOSAS, OR CHEESE SPRING ROLLS, 240 gm",Al Kabeer,Samosa-Frozen,Mutton,"Frozen Pizzas, Wraps, Sandwiches",240 gm,5,CBK,BEEF KIBBEH 400,400 Gms x 12 Pkts,KOFTA-KIBBEH-FELAFEL,50.73,37.59,85.5,conflict,,0,auto_high_confidence
15903,35388408,"AL KABEER BEEF OR CHICKEN KIBBEH, 400gm",Al Kabeer,Beef Kibbeh-Frozen,No Variant,Frozen Kofta / Kibbeh & Meat Balls,400 gm,1,CBK,BEEF KIBBEH 400,400 Gms x 12 Pkts,KOFTA-KIBBEH-FELAFEL,92.08,70.0,85.5,exact,21.07,1,auto_high_confidence
15903,35388408,"AL KABEER BEEF OR CHICKEN KIBBEH, 400gm",Al Kabeer,Beef Kibbeh-Frozen,No Variant,Frozen Kofta / Kibbeh & Meat Balls,400 gm,2,BC40,BEEF CUBES,2 lb x 20 Pkts,MEAT-INDIAN-TRD,71.01,44.09,85.5,,,0,auto_high_confidence
15903,35388408,"AL KABEER BEEF OR CHICKEN KIBBEH, 400gm",Al Kabeer,Beef Kibbeh-Frozen,No Variant,Frozen Kofta / Kibbeh & Meat Balls,400 gm,3,BVL3,VEAL LEGS 3.6,Asstd. Wt.,MEAT-INDIAN-TRD,68.7,37.5,85.5,,,0,auto_high_confidence
15903,35388408,"AL KABEER BEEF OR CHICKEN KIBBEH, 400gm",Al Kabeer,Beef Kibbeh-Frozen,No Variant,Frozen Kofta / Kibbeh & Meat Balls,400 gm,4,CBBOT,TAYEBAT BEEF BURGERS ONION BULK,1 Kgs x 9 Pkts,BURGERS,54.78,49.15,85.5,conflict,,0,auto_high_confidence
15903,35388408,"AL KABEER BEEF OR CHICKEN KIBBEH, 400gm",Al Kabeer,Beef Kibbeh-Frozen,No Variant,Frozen Kofta / Kibbeh & Meat Balls,400 gm,5,CBBO,4 BEEF BURGERS,200 Gms x 30 Pkt,BURGERS,54.6,48.65,85.5,conflict,,0,auto_high_confidence
15940,35402191,Al Kabeer Breaded Chicken Burgers Spicy 8's (400 gm),Al Kabeer,Chicken Burger-Frozen,Breaded,Frozen Burger,400 gm,1,CKBBS,8 BREADED CHICKEN BURGER HOT & SPICY,400 gm x 12 Pkts,BURGERS,99.77,90.72,86.19,exact,43.4,1,auto_high_confidence
15940,35402191,Al Kabeer Breaded Chicken Burgers Spicy 8's (400 gm),Al Kabeer,Chicken Burger-Frozen,Breaded,Frozen Burger,400 gm,2,CBBAGPR,AK PRO BEEF BURGER 24,1.392 kg x 6 Pkts,BURGERS,56.37,53.7,85.5,conflict,,0,auto_high_confidence
15940,35402191,Al Kabeer Breaded Chicken Burgers Spicy 8's (400 gm),Al Kabeer,Chicken Burger-Frozen,Breaded,Frozen Burger,400 gm,3,CBBUR,BEEF BURGERS 56 g.,840 g. x 9,BURGERS,56.24,53.33,85.5,conflict,,0,auto_high_confidence
15940,35402191,Al Kabeer Breaded Chicken Burgers Spicy 8's (400 gm),Al Kabeer,Chicken Burger-Frozen,Breaded,Frozen Burger,400 gm,4,CBBO,4 BEEF BURGERS,200 Gms x 30 Pkt,BURGERS,56.19,53.19,85.5,conflict,,0,auto_high_confidence
15940,35402191,Al Kabeer Breaded Chicken Burgers Spicy 8's (400 gm),Al Kabeer,Chicken Burger-Frozen,Breaded,Frozen Burger,400 gm,5,CBBOA,BEEF BURGERS BULK,2 Kgs x 5 Pkts,BURGERS,56.08,52.87,85.5,conflict,,0,auto_high_confidence
15966,35412944,Al Kabeer Breaded Chicken Burgers 400 gm,Al Kabeer,Chicken Burger-Frozen,Breaded,Frozen Burger,400 gm,1,CKBBS,8 BREADED CHICKEN BURGER HOT & SPICY,400 gm x 12 Pkts,BURGERS,100.0,91.14,86.58,exact,17.97,1,auto_high_confidence
15966,35412944,Al Kabeer Breaded Chicken Burgers 400 gm,Al Kabeer,Chicken Burger-Frozen,Breaded,Frozen Burger,400 gm,2,CFBJ,JUMBO HOTDOGS,400 Gms x 20 Pkts,SAUSAGES,82.03,41.3,85.5,exact,,0,auto_high_confidence
15966,35412944,Al Kabeer Breaded Chicken Burgers 400 gm,Al Kabeer,Chicken Burger-Frozen,Breaded,Frozen Burger,400 gm,3,CBBUR,BEEF BURGERS 56 g.,840 g. x 9,BURGERS,56.83,55.0,85.5,conflict,,0,auto_high_confidence
15966,35412944,Al Kabeer Breaded Chicken Burgers 400 gm,Al Kabeer,Chicken Burger-Frozen,Breaded,Frozen Burger,400 gm,4,CBBO,4 BEEF BURGERS,200 Gms x 30 Pkt,BURGERS,56.74,54.76,85.5,conflict,,0,auto_high_confidence
15966,35412944,Al Kabeer Breaded Chicken Burgers 400 gm,Al Kabeer,Chicken Burger-Frozen,Breaded,Frozen Burger,400 gm,5,CBBOA,BEEF BURGERS BULK,2 Kgs x 5 Pkts,BURGERS,55.76,51.95,85.5,conflict,,0,auto_high_confidence
15975,35415135,Al Kabeer Chicken / Beef Kibbeh 400 gm,Al Kabeer,Chicken Kibbeh-Frozen,No Variant,Frozen Kofta / Kibbeh & Meat Balls,400 gm,1,CBK,BEEF KIBBEH 400,400 Gms x 12 Pkts,KOFTA-KIBBEH-FELAFEL,92.08,70.0,85.5,exact,20.88,1,auto_high_confidence
15975,35415135,Al Kabeer Chicken / Beef Kibbeh 400 gm,Al Kabeer,Chicken Kibbeh-Frozen,No Variant,Frozen Kofta / Kibbeh & Meat Balls,400 gm,2,BC40,BEEF CUBES,2 lb x 20 Pkts,MEAT-INDIAN-TRD,71.19,44.63,85.5,,,0,auto_high_confidence
15975,35415135,Al Kabeer Chicken / Beef Kibbeh 400 gm,Al Kabeer,Chicken Kibbeh-Frozen,No Variant,Frozen Kofta / Kibbeh & Meat Balls,400 gm,3,BVL3,VEAL LEGS 3.6,Asstd. Wt.,MEAT-INDIAN-TRD,68.77,37.7,85.5,,,0,auto_high_confidence
15975,35415135,Al Kabeer Chicken / Beef Kibbeh 400 gm,Al Kabeer,Chicken Kibbeh-Frozen,No Variant,Frozen Kofta / Kibbeh & Meat Balls,400 gm,4,CBBOT,TAYEBAT BEEF BURGERS ONION BULK,1 Kgs x 9 Pkts,BURGERS,55.08,50.0,85.5,conflict,,0,auto_high_confidence
15975,35415135,Al Kabeer Chicken / Beef Kibbeh 400 gm,Al Kabeer,Chicken Kibbeh-Frozen,No Variant,Frozen Kofta / Kibbeh & Meat Balls,400 gm,5,CBBO,4 BEEF BURGERS,200 Gms x 30 Pkt,BURGERS,54.24,47.62,85.5,conflict,,0,auto_high_confidence
15976,35415135,Al Kabeer Chicken / Beef Kibbeh 400 gm,Al Kabeer,Beef Kibbeh-Frozen,No Variant,Frozen Kofta / Kibbeh & Meat Balls,400 gm,1,CBK,BEEF KIBBEH 400,400 Gms x 12 Pkts,KOFTA-KIBBEH-FELAFEL,92.08,70.0,85.5,exact,20.88,1,auto_high_confidence
15976,35415135,Al Kabeer Chicken / Beef Kibbeh 400 gm,Al Kabeer,Beef Kibbeh-Frozen,No Variant,Frozen Kofta / Kibbeh & Meat Balls,400 gm,2,BC40,BEEF CUBES,2 lb x 20 Pkts,MEAT-INDIAN-TRD,71.19,44.63,85.5,,,0,auto_high_confidence
15976,35415135,Al Kabeer Chicken / Beef Kibbeh 400 gm,Al Kabeer,Beef Kibbeh-Frozen,No Variant,Frozen Kofta / Kibbeh & Meat Balls,400 gm,3,BVL3,VEAL LEGS 3.6,Asstd. Wt.,MEAT-INDIAN-TRD,68.77,37.7,85.5,,,0,auto_high_confidence
15976,35415135,Al Kabeer Chicken / Beef Kibbeh 400 gm,Al Kabeer,Beef Kibbeh-Frozen,No Variant,Frozen Kofta / Kibbeh & Meat Balls,400 gm,4,CBBOT,TAYEBAT BEEF BURGERS ONION BULK,1 Kgs x 9 Pkts,BURGERS,55.08,50.0,85.5,conflict,,0,auto_high_confidence
15976,35415135,Al Kabeer Chicken / Beef Kibbeh 400 gm,Al Kabeer,Beef Kibbeh-Frozen,No Variant,Frozen Kofta / Kibbeh & Meat Balls,400 gm,5,CBBO,4 BEEF BURGERS,200 Gms x 30 Pkt,BURGERS,54.24,47.62,85.5,conflict,,0,auto_high_confidence
15999,35419960,Al Kabeer Beef / Chicken Kibbeh 400 gm,Al Kabeer,Beef Kibbeh-Frozen,No Variant,Frozen Kofta / Kibbeh & Meat Balls,400 gm,1,CBK,BEEF KIBBEH 400,400 Gms x 12 Pkts,KOFTA-KIBBEH-FELAFEL,92.08,70.0,85.5,exact,20.88,1,auto_high_confidence
15999,35419960,Al Kabeer Beef / Chicken Kibbeh 400 gm,Al Kabeer,Beef Kibbeh-Frozen,No Variant,Frozen Kofta / Kibbeh & Meat Balls,400 gm,2,BC40,BEEF CUBES,2 lb x 20 Pkts,MEAT-INDIAN-TRD,71.19,44.63,85.5,,,0,auto_high_confidence
15999,35419960,Al Kabeer Beef / Chicken Kibbeh 400 gm,Al Kabeer,Beef Kibbeh-Frozen,No Variant,Frozen Kofta / Kibbeh & Meat Balls,400 gm,3,BVL3,VEAL LEGS 3.6,Asstd. Wt.,MEAT-INDIAN-TRD,68.77,37.7,85.5,,,0,auto_high_confidence
15999,35419960,Al Kabeer Beef / Chicken Kibbeh 400 gm,Al Kabeer,Beef Kibbeh-Frozen,No Variant,Frozen Kofta / Kibbeh & Meat Balls,400 gm,4,CBBOT,TAYEBAT BEEF BURGERS ONION BULK,1 Kgs x 9 Pkts,BURGERS,55.08,50.0,85.5,conflict,,0,auto_high_confidence
15999,35419960,Al Kabeer Beef / Chicken Kibbeh 400 gm,Al Kabeer,Beef Kibbeh-Frozen,No Variant,Frozen Kofta / Kibbeh & Meat Balls,400 gm,5,CBBO,4 BEEF BURGERS,200 Gms x 30 Pkt,BURGERS,54.24,47.62,85.5,conflict,,0,auto_high_confidence
16000,35419960,Al Kabeer Beef / Chicken Kibbeh 400 gm,Al Kabeer,Chicken Kibbeh-Frozen,No Variant,Frozen Kofta / Kibbeh & Meat Balls,400 gm,1,CBK,BEEF KIBBEH 400,400 Gms x 12 Pkts,KOFTA-KIBBEH-FELAFEL,92.08,70.0,85.5,exact,20.88,1,auto_high_confidence
16000,35419960,Al Kabeer Beef / Chicken Kibbeh 400 gm,Al Kabeer,Chicken Kibbeh-Frozen,No Variant,Frozen Kofta / Kibbeh & Meat Balls,400 gm,2,BC40,BEEF CUBES,2 lb x 20 Pkts,MEAT-INDIAN-TRD,71.19,44.63,85.5,,,0,auto_high_confidence
16000,35419960,Al Kabeer Beef / Chicken Kibbeh 400 gm,Al Kabeer,Chicken Kibbeh-Frozen,No Variant,Frozen Kofta / Kibbeh & Meat Balls,400 gm,3,BVL3,VEAL LEGS 3.6,Asstd. Wt.,MEAT-INDIAN-TRD,68.77,37.7,85.5,,,0,auto_high_confidence
16000,35419960,Al Kabeer Beef / Chicken Kibbeh 400 gm,Al Kabeer,Chicken Kibbeh-Frozen,No Variant,Frozen Kofta / Kibbeh & Meat Balls,400 gm,4,CBBOT,TAYEBAT BEEF BURGERS ONION BULK,1 Kgs x 9 Pkts,BURGERS,55.08,50.0,85.5,conflict,,0,auto_high_confidence
16000,35419960,Al Kabeer Beef / Chicken Kibbeh 400 gm,Al Kabeer,Chicken Kibbeh-Frozen,No Variant,Frozen Kofta / Kibbeh & Meat Balls,400 gm,5,CBBO,4 BEEF BURGERS,200 Gms x 30 Pkt,BURGERS,54.24,47.62,85.5,conflict,,0,auto_high_confidence
16007,35421802,Al Kabeer Chicken/Beef Kibbeh 400gms,Al Kabeer,Beef Kibbeh-Frozen,No Variant,Frozen Kofta / Kibbeh & Meat Balls,400 gm,1,CBK,BEEF KIBBEH 400,400 Gms x 12 Pkts,KOFTA-KIBBEH-FELAFEL,92.08,70.0,85.5,exact,21.38,1,auto_high_confidence
16007,35421802,Al Kabeer Chicken/Beef Kibbeh 400gms,Al Kabeer,Beef Kibbeh-Frozen,No Variant,Frozen Kofta / Kibbeh & Meat Balls,400 gm,2,BC40,BEEF CUBES,2 lb x 20 Pkts,MEAT-INDIAN-TRD,70.7,43.2,85.5,,,0,auto_high_confidence
16007,35421802,Al Kabeer Chicken/Beef Kibbeh 400gms,Al Kabeer,Beef Kibbeh-Frozen,No Variant,Frozen Kofta / Kibbeh & Meat Balls,400 gm,3,BVL3,VEAL LEGS 3.6,Asstd. Wt.,MEAT-INDIAN-TRD,68.91,38.1,85.5,,,0,auto_high_confidence
16007,35421802,Al Kabeer Chicken/Beef Kibbeh 400gms,Al Kabeer,Beef Kibbeh-Frozen,No Variant,Frozen Kofta / Kibbeh & Meat Balls,400 gm,4,CBBOT,TAYEBAT BEEF BURGERS ONION BULK,1 Kgs x 9 Pkts,BURGERS,55.08,50.0,85.5,conflict,,0,auto_high_confidence
16007,35421802,Al Kabeer Chicken/Beef Kibbeh 400gms,Al Kabeer,Beef Kibbeh-Frozen,No Variant,Frozen Kofta / Kibbeh & Meat Balls,400 gm,5,CBBO,4 BEEF BURGERS,200 Gms x 30 Pkt,BURGERS,54.27,47.71,85.5,conflict,,0,auto_high_confidence
16111,35676557,Al Kabeer Frozen Chicken Samosas 12 pcs 240 gm,Al Kabeer,Samosa-Frozen,Chicken,"Frozen Pizzas, Wraps, Sandwiches",240 gm,1,CCSAK,12 CHEESE SAMOSAS,240 Gms x 20 Pkts,SAMOSA,90.91,66.67,85.5,exact,21.56,1,auto_high_confidence
16111,35676557,Al Kabeer Frozen Chicken Samosas 12 pcs 240 gm,Al Kabeer,Samosa-Frozen,Chicken,"Frozen Pizzas, Wraps, Sandwiches",240 gm,2,BC40,BEEF CUBES,2 lb x 20 Pkts,MEAT-INDIAN-TRD,69.35,39.34,85.5,,,0,auto_high_confidence
16111,35676557,Al Kabeer Frozen Chicken Samosas 12 pcs 240 gm,Al Kabeer,Samosa-Frozen,Chicken,"Frozen Pizzas, Wraps, Sandwiches",240 gm,3,CCSAKA,CHEESE SAMOSAS BULK,1.2 Kgs x 4 Pkts,SAMOSA,57.76,57.66,85.5,conflict,,0,auto_high_confidence
16111,35676557,Al Kabeer Frozen Chicken Samosas 12 pcs 240 gm,Al Kabeer,Samosa-Frozen,Chicken,"Frozen Pizzas, Wraps, Sandwiches",240 gm,4,CCCB,CHICKEN BIRYANI 400,400 Gms x 12 Pkts,READY2EAT,56.61,54.39,85.5,conflict,,0,auto_high_confidence
16111,35676557,Al Kabeer Frozen Chicken Samosas 12 pcs 240 gm,Al Kabeer,Samosa-Frozen,Chicken,"Frozen Pizzas, Wraps, Sandwiches",240 gm,5,CBBO24,24 BEEF BURGERS,1.2 Kgs x 8 Pkts,BURGERS,51.31,39.25,85.5,conflict,,0,auto_high_confidence
16120,35679716,ALKABEER CHICKEN / BEEF KIBBEH 400 gm,Al Kabeer,Beef Kibbeh-Frozen,No Variant,Frozen Kofta / Kibbeh & Meat Balls,400 gm,1,CBK,BEEF KIBBEH 400,400 Gms x 12 Pkts,KOFTA-KIBBEH-FELAFEL,92.08,70.0,85.5,exact,20.88,1,auto_high_confidence
16120,35679716,ALKABEER CHICKEN / BEEF KIBBEH 400 gm,Al Kabeer,Beef Kibbeh-Frozen,No Variant,Frozen Kofta / Kibbeh & Meat Balls,400 gm,2,BC40,BEEF CUBES,2 lb x 20 Pkts,MEAT-INDIAN-TRD,71.19,44.63,85.5,,,0,auto_high_confidence
16120,35679716,ALKABEER CHICKEN / BEEF KIBBEH 400 gm,Al Kabeer,Beef Kibbeh-Frozen,No Variant,Frozen Kofta / Kibbeh & Meat Balls,400 gm,3,BVL3,VEAL LEGS 3.6,Asstd. Wt.,MEAT-INDIAN-TRD,68.77,37.7,85.5,,,0,auto_high_confidence
16120,35679716,ALKABEER CHICKEN / BEEF KIBBEH 400 gm,Al Kabeer,Beef Kibbeh-Frozen,No Variant,Frozen Kofta / Kibbeh & Meat Balls,400 gm,4,CBBOT,TAYEBAT BEEF BURGERS ONION BULK,1 Kgs x 9 Pkts,BURGERS,55.08,50.0,85.5,conflict,,0,auto_high_confidence
16120,35679716,ALKABEER CHICKEN / BEEF KIBBEH 400 gm,Al Kabeer,Beef Kibbeh-Frozen,No Variant,Frozen Kofta / Kibbeh & Meat Balls,400 gm,5,CBBO,4 BEEF BURGERS,200 Gms x 30 Pkt,BURGERS,54.24,47.62,85.5,conflict,,0,auto_high_confidence
16121,35679716,ALKABEER CHICKEN / BEEF KIBBEH 400 gm,Al Kabeer,Chicken Kibbeh-Frozen,No Variant,Frozen Kofta / Kibbeh & Meat Balls,400 gm,1,CBK,BEEF KIBBEH 400,400 Gms x 12 Pkts,KOFTA-KIBBEH-FELAFEL,92.08,70.0,85.5,exact,20.88,1,auto_high_confidence
16121,35679716,ALKABEER CHICKEN / BEEF KIBBEH 400 gm,Al Kabeer,Chicken Kibbeh-Frozen,No Variant,Frozen Kofta / Kibbeh & Meat Balls,400 gm,2,BC40,BEEF CUBES,2 lb x 20 Pkts,MEAT-INDIAN-TRD,71.19,44.63,85.5,,,0,auto_high_confidence
16121,35679716,ALKABEER CHICKEN / BEEF KIBBEH 400 gm,Al Kabeer,Chicken Kibbeh-Frozen,No Variant,Frozen Kofta / Kibbeh & Meat Balls,400 gm,3,BVL3,VEAL LEGS 3.6,Asstd. Wt.,MEAT-INDIAN-TRD,68.77,37.7,85.5,,,0,auto_high_confidence
16121,35679716,ALKABEER CHICKEN / BEEF KIBBEH 400 gm,Al Kabeer,Chicken Kibbeh-Frozen,No Variant,Frozen Kofta / Kibbeh & Meat Balls,400 gm,4,CBBOT,TAYEBAT BEEF BURGERS ONION BULK,1 Kgs x 9 Pkts,BURGERS,55.08,50.0,85.5,conflict,,0,auto_high_confidence
16121,35679716,ALKABEER CHICKEN / BEEF KIBBEH 400 gm,Al Kabeer,Chicken Kibbeh-Frozen,No Variant,Frozen Kofta / Kibbeh & Meat Balls,400 gm,5,CBBO,4 BEEF BURGERS,200 Gms x 30 Pkt,BURGERS,54.24,47.62,85.5,conflict,,0,auto_high_confidence
16124,35683607,"Al Kabeer CHEESE OR MUTTON SAMOSAS, OR CHEESE SPRING ROLLS, 240 gm ",Al Kabeer,Samosa-Frozen,Other-Veg,"Frozen Pizzas, Wraps, Sandwiches",240 gm,1,CCSAK,12 CHEESE SAMOSAS,240 Gms x 20 Pkts,SAMOSA,91.5,68.35,85.5,exact,15.57,1,auto_high_confidence
16124,35683607,"Al Kabeer CHEESE OR MUTTON SAMOSAS, OR CHEESE SPRING ROLLS, 240 gm ",Al Kabeer,Samosa-Frozen,Other-Veg,"Frozen Pizzas, Wraps, Sandwiches",240 gm,2,CCMS,MOZZERELLA CHEESE STICKS,250 GMS X24 PKTS,STICKS & FINGERS,75.93,43.87,85.5,close,,0,auto_high_confidence
16124,35683607,"Al Kabeer CHEESE OR MUTTON SAMOSAS, OR CHEESE SPRING ROLLS, 240 gm ",Al Kabeer,Samosa-Frozen,Other-Veg,"Frozen Pizzas, Wraps, Sandwiches",240 gm,3,CCSAKA,CHEESE SAMOSAS BULK,1.2 Kgs x 4 Pkts,SAMOSA,59.52,62.69,85.5,conflict,,0,auto_high_confidence
16124,35683607,"Al Kabeer CHEESE OR MUTTON SAMOSAS, OR CHEESE SPRING ROLLS, 240 gm ",Al Kabeer,Samosa-Frozen,Other-Veg,"Frozen Pizzas, Wraps, Sandwiches",240 gm,4,CCMSA,MOZZARELLA CHEESE STICKS,1000G X 5 Pkts,STICKS & FINGERS,53.23,44.74,85.5,conflict,,0,auto_high_confidence
16124,35683607,"Al Kabeer CHEESE OR MUTTON SAMOSAS, OR CHEESE SPRING ROLLS, 240 gm ",Al Kabeer,Samosa-Frozen,Other-Veg,"Frozen Pizzas, Wraps, Sandwiches",240 gm,5,CBK,BEEF KIBBEH 400,400 Gms x 12 Pkts,KOFTA-KIBBEH-FELAFEL,50.79,37.76,85.5,conflict,,0,auto_high_confidence
16126,35683607,"Al Kabeer CHEESE OR MUTTON SAMOSAS, OR CHEESE SPRING ROLLS, 240 gm ",Al Kabeer,Samosa-Frozen,Mutton,"Frozen Pizzas, Wraps, Sandwiches",240 gm,1,CCSAK,12 CHEESE SAMOSAS,240 Gms x 20 Pkts,SAMOSA,91.5,68.35,85.5,exact,14.99,1,auto_high_confidence
16126,35683607,"Al Kabeer CHEESE OR MUTTON SAMOSAS, OR CHEESE SPRING ROLLS, 240 gm ",Al Kabeer,Samosa-Frozen,Mutton,"Frozen Pizzas, Wraps, Sandwiches",240 gm,2,CCMS,MOZZERELLA CHEESE STICKS,250 GMS X24 PKTS,STICKS & FINGERS,76.51,45.52,85.5,close,,0,auto_high_confidence
16126,35683607,"Al Kabeer CHEESE OR MUTTON SAMOSAS, OR CHEESE SPRING ROLLS, 240 gm ",Al Kabeer,Samosa-Frozen,Mutton,"Frozen Pizzas, Wraps, Sandwiches",240 gm,3,CCSAKA,CHEESE SAMOSAS BULK,1.2 Kgs x 4 Pkts,SAMOSA,59.52,62.69,85.5,conflict,,0,auto_high_confidence
16126,35683607,"Al Kabeer CHEESE OR MUTTON SAMOSAS, OR CHEESE SPRING ROLLS, 240 gm ",Al Kabeer,Samosa-Frozen,Mutton,"Frozen Pizzas, Wraps, Sandwiches",240 gm,4,CCMSA,MOZZARELLA CHEESE STICKS,1000G X 5 Pkts,STICKS & FINGERS,53.35,45.07,85.5,conflict,,0,auto_high_confidence
16126,35683607,"Al Kabeer CHEESE OR MUTTON SAMOSAS, OR CHEESE SPRING ROLLS, 240 gm ",Al Kabeer,Samosa-Frozen,Mutton,"Frozen Pizzas, Wraps, Sandwiches",240 gm,5,CBK,BEEF KIBBEH 400,400 Gms x 12 Pkts,KOFTA-KIBBEH-FELAFEL,50.73,37.59,85.5,conflict,,0,auto_high_confidence
16146,35701317,Al Kabeer Fish Sticks 1kg,Al Kabeer,Fish Fingers,No Variant,Breaded Seafood,1 kg,1,CFSA,FISH STICKS BULK,1 Kgs x 5 Pkts,STICKS & FINGERS,89.4,80.0,76.0,exact,13.75,1,auto_high_confidence
16146,35701317,Al Kabeer Fish Sticks 1kg,Al Kabeer,Fish Fingers,No Variant,Breaded Seafood,1 kg,2,CFBFA,BREADED FISH FILLET BULK,1 Kgs x 5 Pkts,FILLETS,75.65,65.79,62.5,exact,,0,auto_high_confidence
16146,35701317,Al Kabeer Fish Sticks 1kg,Al Kabeer,Fish Fingers,No Variant,Breaded Seafood,1 kg,3,CCKSB,CHICKEN STICKS BULK,1 Kgs x 5 Pkts,STICKS & FINGERS,71.3,61.29,58.23,exact,,0,auto_high_confidence
16146,35701317,Al Kabeer Fish Sticks 1kg,Al Kabeer,Fish Fingers,No Variant,Breaded Seafood,1 kg,4,CSBA,BREADED SHRIMPS BULK,1 Kgs x 5 Pkts,PRAWNS-SHRIMPS,69.76,59.7,56.72,exact,,0,auto_high_confidence
16146,35701317,Al Kabeer Fish Sticks 1kg,Al Kabeer,Fish Fingers,No Variant,Breaded Seafood,1 kg,5,CKFNSTY,TAYEBAT BREADED CHICKEN FILLETS NON SPICY 1 kg x 10 Pkts,1 kg x 10 Pkts,FILLETS,68.51,58.41,55.49,exact,,0,auto_high_confidence
16162,35715158,Al Kabeer CHICKEN KIBBEH 400gm,Al Kabeer,Chicken Kibbeh-Frozen,No Variant,Frozen Kofta / Kibbeh & Meat Balls,400 gm,1,CBK,BEEF KIBBEH 400,400 Gms x 12 Pkts,KOFTA-KIBBEH-FELAFEL,89.68,63.16,85.5,exact,20.69,1,auto_high_confidence
16162,35715158,Al Kabeer CHICKEN KIBBEH 400gm,Al Kabeer,Chicken Kibbeh-Frozen,No Variant,Frozen Kofta / Kibbeh & Meat Balls,400 gm,2,BVL3,VEAL LEGS 3.6,Asstd. Wt.,MEAT-INDIAN-TRD,68.99,38.33,85.5,,,0,auto_high_confidence
16162,35715158,Al Kabeer CHICKEN KIBBEH 400gm,Al Kabeer,Chicken Kibbeh-Frozen,No Variant,Frozen Kofta / Kibbeh & Meat Balls,400 gm,3,BC40,BEEF CUBES,2 lb x 20 Pkts,MEAT-INDIAN-TRD,68.52,36.97,85.5,,,0,auto_high_confidence
16162,35715158,Al Kabeer CHICKEN KIBBEH 400gm,Al Kabeer,Chicken Kibbeh-Frozen,No Variant,Frozen Kofta / Kibbeh & Meat Balls,400 gm,4,BTS,BEEF TOPSIDE ALK,20 KGS,MEAT-INDIAN-TRD,52.41,42.37,85.5,conflict,,0,auto_high_confidence
16162,35715158,Al Kabeer CHICKEN KIBBEH 400gm,Al Kabeer,Chicken Kibbeh-Frozen,No Variant,Frozen Kofta / Kibbeh & Meat Balls,400 gm,5,CBBOT,TAYEBAT BEEF BURGERS ONION BULK,1 Kgs x 9 Pkts,BURGERS,52.21,41.82,85.5,conflict,,0,auto_high_confidence
16174,35754579,Al Kabeer Chicken / Beef Kibbeh 400 gms,Al Kabeer,Chicken Kibbeh-Frozen,No Variant,Frozen Kofta / Kibbeh & Meat Balls,400 gm,1,CBK,BEEF KIBBEH 400,400 Gms x 12 Pkts,KOFTA-KIBBEH-FELAFEL,92.08,70.0,85.5,exact,20.88,1,auto_high_confidence
16174,35754579,Al Kabeer Chicken / Beef Kibbeh 400 gms,Al Kabeer,Chicken Kibbeh-Frozen,No Variant,Frozen Kofta / Kibbeh & Meat Balls,400 gm,2,BC40,BEEF CUBES,2 lb x 20 Pkts,MEAT-INDIAN-TRD,71.19,44.63,85.5,,,0,auto_high_confidence
16174,35754579,Al Kabeer Chicken / Beef Kibbeh 400 gms,Al Kabeer,Chicken Kibbeh-Frozen,No Variant,Frozen Kofta / Kibbeh & Meat Balls,400 gm,3,BVL3,VEAL LEGS 3.6,Asstd. Wt.,MEAT-INDIAN-TRD,68.77,37.7,85.5,,,0,auto_high_confidence
16174,35754579,Al Kabeer Chicken / Beef Kibbeh 400 gms,Al Kabeer,Chicken Kibbeh-Frozen,No Variant,Frozen Kofta / Kibbeh & Meat Balls,400 gm,4,CBBOT,TAYEBAT BEEF BURGERS ONION BULK,1 Kgs x 9 Pkts,BURGERS,55.08,50.0,85.5,conflict,,0,auto_high_confidence
16174,35754579,Al Kabeer Chicken / Beef Kibbeh 400 gms,Al Kabeer,Chicken Kibbeh-Frozen,No Variant,Frozen Kofta / Kibbeh & Meat Balls,400 gm,5,CBBO,4 BEEF BURGERS,200 Gms x 30 Pkt,BURGERS,54.24,47.62,85.5,conflict,,0,auto_high_confidence
16175,35754579,Al Kabeer Chicken / Beef Kibbeh 400 gms,Al Kabeer,Beef Kibbeh-Frozen,No Variant,Frozen Kofta / Kibbeh & Meat Balls,400 gm,1,CBK,BEEF KIBBEH 400,400 Gms x 12 Pkts,KOFTA-KIBBEH-FELAFEL,92.08,70.0,85.5,exact,20.88,1,auto_high_confidence
16175,35754579,Al Kabeer Chicken / Beef Kibbeh 400 gms,Al Kabeer,Beef Kibbeh-Frozen,No Variant,Frozen Kofta / Kibbeh & Meat Balls,400 gm,2,BC40,BEEF CUBES,2 lb x 20 Pkts,MEAT-INDIAN-TRD,71.19,44.63,85.5,,,0,auto_high_confidence
16175,35754579,Al Kabeer Chicken / Beef Kibbeh 400 gms,Al Kabeer,Beef Kibbeh-Frozen,No Variant,Frozen Kofta / Kibbeh & Meat Balls,400 gm,3,BVL3,VEAL LEGS 3.6,Asstd. Wt.,MEAT-INDIAN-TRD,68.77,37.7,85.5,,,0,auto_high_confidence
16175,35754579,Al Kabeer Chicken / Beef Kibbeh 400 gms,Al Kabeer,Beef Kibbeh-Frozen,No Variant,Frozen Kofta / Kibbeh & Meat Balls,400 gm,4,CBBOT,TAYEBAT BEEF BURGERS ONION BULK,1 Kgs x 9 Pkts,BURGERS,55.08,50.0,85.5,conflict,,0,auto_high_confidence
16175,35754579,Al Kabeer Chicken / Beef Kibbeh 400 gms,Al Kabeer,Beef Kibbeh-Frozen,No Variant,Frozen Kofta / Kibbeh & Meat Balls,400 gm,5,CBBO,4 BEEF BURGERS,200 Gms x 30 Pkt,BURGERS,54.24,47.62,85.5,conflict,,0,auto_high_confidence
16201,35845261,Al Kabeer Chicken Burger Breaded Regular/Spicy 400 gm,Al Kabeer,Chicken Burger-Frozen,Breaded,Frozen Burger,400 gm,1,CKBBS,8 BREADED CHICKEN BURGER HOT & SPICY,400 gm x 12 Pkts,BURGERS,100.0,92.31,87.69,exact,10.28,1,auto_high_confidence
16201,35845261,Al Kabeer Chicken Burger Breaded Regular/Spicy 400 gm,Al Kabeer,Chicken Burger-Frozen,Breaded,Frozen Burger,400 gm,2,CCCB,CHICKEN BIRYANI 400,400 Gms x 12 Pkts,READY2EAT,89.72,63.27,85.5,exact,,0,auto_high_confidence
16201,35845261,Al Kabeer Chicken Burger Breaded Regular/Spicy 400 gm,Al Kabeer,Chicken Burger-Frozen,Breaded,Frozen Burger,400 gm,3,CBBO,4 BEEF BURGERS,200 Gms x 30 Pkt,BURGERS,59.35,62.22,85.5,conflict,,0,auto_high_confidence
16201,35845261,Al Kabeer Chicken Burger Breaded Regular/Spicy 400 gm,Al Kabeer,Chicken Burger-Frozen,Breaded,Frozen Burger,400 gm,4,CBBO24,24 BEEF BURGERS,1.2 Kgs x 8 Pkts,BURGERS,58.34,59.34,85.5,conflict,,0,auto_high_confidence
16201,35845261,Al Kabeer Chicken Burger Breaded Regular/Spicy 400 gm,Al Kabeer,Chicken Burger-Frozen,Breaded,Frozen Burger,400 gm,5,CCSRA,8 CHEESE SPRING ROLLS,240 Gms x 20 Pkts,SPRING ROLL,55.92,52.43,85.5,conflict,,0,auto_high_confidence
16202,35845261,Al Kabeer Chicken Burger Breaded Regular/Spicy 400 gm,Al Kabeer,Chicken Burger-Frozen,Unbreaded,Frozen Burger,400 gm,1,CCCB,CHICKEN BIRYANI 400,400 Gms x 12 Pkts,READY2EAT,90.26,64.81,85.5,exact,17.79,1,auto_high_confidence
16202,35845261,Al Kabeer Chicken Burger Breaded Regular/Spicy 400 gm,Al Kabeer,Chicken Burger-Frozen,Unbreaded,Frozen Burger,400 gm,2,BC40,BEEF CUBES,2 lb x 20 Pkts,MEAT-INDIAN-TRD,72.47,48.28,85.5,,,0,auto_high_confidence
16202,35845261,Al Kabeer Chicken Burger Breaded Regular/Spicy 400 gm,Al Kabeer,Chicken Burger-Frozen,Unbreaded,Frozen Burger,400 gm,3,CBBO,4 BEEF BURGERS,200 Gms x 30 Pkt,BURGERS,57.88,58.0,85.5,conflict,,0,auto_high_confidence
16202,35845261,Al Kabeer Chicken Burger Breaded Regular/Spicy 400 gm,Al Kabeer,Chicken Burger-Frozen,Unbreaded,Frozen Burger,400 gm,4,CBBO24,24 BEEF BURGERS,1.2 Kgs x 8 Pkts,BURGERS,56.98,55.45,85.5,conflict,,0,auto_high_confidence
16202,35845261,Al Kabeer Chicken Burger Breaded Regular/Spicy 400 gm,Al Kabeer,Chicken Burger-Frozen,Unbreaded,Frozen Burger,400 gm,5,CCSRA,8 CHEESE SPRING ROLLS,240 Gms x 20 Pkts,SPRING ROLL,54.92,49.56,85.5,conflict,,0,auto_high_confidence
16231,35900076,Al Kabeer Chicken Kibbeh 400gm,Al Kabeer,Chicken Kibbeh-Frozen,No Variant,Frozen Kofta / Kibbeh & Meat Balls,400 gm,1,CBK,BEEF KIBBEH 400,400 Gms x 12 Pkts,KOFTA-KIBBEH-FELAFEL,89.68,63.16,85.5,exact,20.69,1,auto_high_confidence
16231,35900076,Al Kabeer Chicken Kibbeh 400gm,Al Kabeer,Chicken Kibbeh-Frozen,No Variant,Frozen Kofta / Kibbeh & Meat Balls,400 gm,2,BVL3,VEAL LEGS 3.6,Asstd. Wt.,MEAT-INDIAN-TRD,68.99,38.33,85.5,,,0,auto_high_confidence
16231,35900076,Al Kabeer Chicken Kibbeh 400gm,Al Kabeer,Chicken Kibbeh-Frozen,No Variant,Frozen Kofta / Kibbeh & Meat Balls,400 gm,3,BC40,BEEF CUBES,2 lb x 20 Pkts,MEAT-INDIAN-TRD,68.52,36.97,85.5,,,0,auto_high_confidence
16231,35900076,Al Kabeer Chicken Kibbeh 400gm,Al Kabeer,Chicken Kibbeh-Frozen,No Variant,Frozen Kofta / Kibbeh & Meat Balls,400 gm,4,BTS,BEEF TOPSIDE ALK,20 KGS,MEAT-INDIAN-TRD,52.41,42.37,85.5,conflict,,0,auto_high_confidence
16231,35900076,Al Kabeer Chicken Kibbeh 400gm,Al Kabeer,Chicken Kibbeh-Frozen,No Variant,Frozen Kofta / Kibbeh & Meat Balls,400 gm,5,CBBOT,TAYEBAT BEEF BURGERS ONION BULK,1 Kgs x 9 Pkts,BURGERS,52.21,41.82,85.5,conflict,,0,auto_high_confidence
16263,35914980,ALKABEER CHICKEN / BEEF KIBBEH 400 gm,Al Kabeer,Beef Kibbeh-Frozen,No Variant,Frozen Kofta / Kibbeh & Meat Balls,400 gm,1,CBK,BEEF KIBBEH 400,400 Gms x 12 Pkts,KOFTA-KIBBEH-FELAFEL,92.08,70.0,85.5,exact,20.88,1,auto_high_confidence
16263,35914980,ALKABEER CHICKEN / BEEF KIBBEH 400 gm,Al Kabeer,Beef Kibbeh-Frozen,No Variant,Frozen Kofta / Kibbeh & Meat Balls,400 gm,2,BC40,BEEF CUBES,2 lb x 20 Pkts,MEAT-INDIAN-TRD,71.19,44.63,85.5,,,0,auto_high_confidence
16263,35914980,ALKABEER CHICKEN / BEEF KIBBEH 400 gm,Al Kabeer,Beef Kibbeh-Frozen,No Variant,Frozen Kofta / Kibbeh & Meat Balls,400 gm,3,BVL3,VEAL LEGS 3.6,Asstd. Wt.,MEAT-INDIAN-TRD,68.77,37.7,85.5,,,0,auto_high_confidence
16263,35914980,ALKABEER CHICKEN / BEEF KIBBEH 400 gm,Al Kabeer,Beef Kibbeh-Frozen,No Variant,Frozen Kofta / Kibbeh & Meat Balls,400 gm,4,CBBOT,TAYEBAT BEEF BURGERS ONION BULK,1 Kgs x 9 Pkts,BURGERS,55.08,50.0,85.5,conflict,,0,auto_high_confidence
16263,35914980,ALKABEER CHICKEN / BEEF KIBBEH 400 gm,Al Kabeer,Beef Kibbeh-Frozen,No Variant,Frozen Kofta / Kibbeh & Meat Balls,400 gm,5,CBBO,4 BEEF BURGERS,200 Gms x 30 Pkt,BURGERS,54.24,47.62,85.5,conflict,,0,auto_high_confidence
16264,35914980,ALKABEER CHICKEN / BEEF KIBBEH 400 gm,Al Kabeer,Chicken Kibbeh-Frozen,No Variant,Frozen Kofta / Kibbeh & Meat Balls,400 gm,1,CBK,BEEF KIBBEH 400,400 Gms x 12 Pkts,KOFTA-KIBBEH-FELAFEL,92.08,70.0,85.5,exact,20.88,1,auto_high_confidence
16264,35914980,ALKABEER CHICKEN / BEEF KIBBEH 400 gm,Al Kabeer,Chicken Kibbeh-Frozen,No Variant,Frozen Kofta / Kibbeh & Meat Balls,400 gm,2,BC40,BEEF CUBES,2 lb x 20 Pkts,MEAT-INDIAN-TRD,71.19,44.63,85.5,,,0,auto_high_confidence
16264,35914980,ALKABEER CHICKEN / BEEF KIBBEH 400 gm,Al Kabeer,Chicken Kibbeh-Frozen,No Variant,Frozen Kofta / Kibbeh & Meat Balls,400 gm,3,BVL3,VEAL LEGS 3.6,Asstd. Wt.,MEAT-INDIAN-TRD,68.77,37.7,85.5,,,0,auto_high_confidence
16264,35914980,ALKABEER CHICKEN / BEEF KIBBEH 400 gm,Al Kabeer,Chicken Kibbeh-Frozen,No Variant,Frozen Kofta / Kibbeh & Meat Balls,400 gm,4,CBBOT,TAYEBAT BEEF BURGERS ONION BULK,1 Kgs x 9 Pkts,BURGERS,55.08,50.0,85.5,conflict,,0,auto_high_confidence
16264,35914980,ALKABEER CHICKEN / BEEF KIBBEH 400 gm,Al Kabeer,Chicken Kibbeh-Frozen,No Variant,Frozen Kofta / Kibbeh & Meat Balls,400 gm,5,CBBO,4 BEEF BURGERS,200 Gms x 30 Pkt,BURGERS,54.24,47.62,85.5,conflict,,0,auto_high_confidence
16308,35938236,Al Kabeer Samosas Mutton/Cheese Cheese Spring Rolls 240 gm,Al Kabeer,Samosa-Frozen,Mutton,"Frozen Pizzas, Wraps, Sandwiches",240 gm,1,CCSAK,12 CHEESE SAMOSAS,240 Gms x 20 Pkts,SAMOSA,91.5,68.35,85.5,exact,31.98,1,auto_high_confidence
16308,35938236,Al Kabeer Samosas Mutton/Cheese Cheese Spring Rolls 240 gm,Al Kabeer,Samosa-Frozen,Mutton,"Frozen Pizzas, Wraps, Sandwiches",240 gm,2,CCSAKA,CHEESE SAMOSAS BULK,1.2 Kgs x 4 Pkts,SAMOSA,59.52,62.69,85.5,conflict,,0,auto_high_confidence
16308,35938236,Al Kabeer Samosas Mutton/Cheese Cheese Spring Rolls 240 gm,Al Kabeer,Samosa-Frozen,Mutton,"Frozen Pizzas, Wraps, Sandwiches",240 gm,3,CCSAKPR,A.K PRO CHEESE SAMOSA,4 X 1.2 KGS,SAMOSA,53.83,46.43,85.5,conflict,,0,auto_high_confidence
16308,35938236,Al Kabeer Samosas Mutton/Cheese Cheese Spring Rolls 240 gm,Al Kabeer,Samosa-Frozen,Mutton,"Frozen Pizzas, Wraps, Sandwiches",240 gm,4,CCMSA,MOZZARELLA CHEESE STICKS,1000G X 5 Pkts,STICKS & FINGERS,53.19,44.6,85.5,conflict,,0,auto_high_confidence
16308,35938236,Al Kabeer Samosas Mutton/Cheese Cheese Spring Rolls 240 gm,Al Kabeer,Samosa-Frozen,Mutton,"Frozen Pizzas, Wraps, Sandwiches",240 gm,5,CBK,BEEF KIBBEH 400,400 Gms x 12 Pkts,KOFTA-KIBBEH-FELAFEL,51.04,38.46,85.5,conflict,,0,auto_high_confidence
16309,35938236,Al Kabeer Samosas Mutton/Cheese Cheese Spring Rolls 240 gm,Al Kabeer,Samosa-Frozen,Other-Veg,"Frozen Pizzas, Wraps, Sandwiches",240 gm,1,CCSAK,12 CHEESE SAMOSAS,240 Gms x 20 Pkts,SAMOSA,91.5,68.35,85.5,exact,15.27,1,auto_high_confidence
16309,35938236,Al Kabeer Samosas Mutton/Cheese Cheese Spring Rolls 240 gm,Al Kabeer,Samosa-Frozen,Other-Veg,"Frozen Pizzas, Wraps, Sandwiches",240 gm,2,CCMS,MOZZERELLA CHEESE STICKS,250 GMS X24 PKTS,STICKS & FINGERS,76.23,44.74,85.5,close,,0,auto_high_confidence
16309,35938236,Al Kabeer Samosas Mutton/Cheese Cheese Spring Rolls 240 gm,Al Kabeer,Samosa-Frozen,Other-Veg,"Frozen Pizzas, Wraps, Sandwiches",240 gm,3,CCSAKA,CHEESE SAMOSAS BULK,1.2 Kgs x 4 Pkts,SAMOSA,59.52,62.69,85.5,conflict,,0,auto_high_confidence
16309,35938236,Al Kabeer Samosas Mutton/Cheese Cheese Spring Rolls 240 gm,Al Kabeer,Samosa-Frozen,Other-Veg,"Frozen Pizzas, Wraps, Sandwiches",240 gm,4,CCMSA,MOZZARELLA CHEESE STICKS,1000G X 5 Pkts,STICKS & FINGERS,53.55,45.64,85.5,conflict,,0,auto_high_confidence
16309,35938236,Al Kabeer Samosas Mutton/Cheese Cheese Spring Rolls 240 gm,Al Kabeer,Samosa-Frozen,Other-Veg,"Frozen Pizzas, Wraps, Sandwiches",240 gm,5,CBK,BEEF KIBBEH 400,400 Gms x 12 Pkts,KOFTA-KIBBEH-FELAFEL,51.08,38.57,85.5,conflict,,0,auto_high_confidence
16375,35950046,Breaded Chicken Burgers 400 gm,Al Kabeer,Chicken Burger-Frozen,Breaded,Frozen Burger,400 gm,1,CKBBS,8 BREADED CHICKEN BURGER HOT & SPICY,400 gm x 12 Pkts,BURGERS,100.0,91.14,86.58,exact,17.97,1,auto_high_confidence
16375,35950046,Breaded Chicken Burgers 400 gm,Al Kabeer,Chicken Burger-Frozen,Breaded,Frozen Burger,400 gm,2,CFBJ,JUMBO HOTDOGS,400 Gms x 20 Pkts,SAUSAGES,82.03,41.3,85.5,exact,,0,auto_high_confidence
16375,35950046,Breaded Chicken Burgers 400 gm,Al Kabeer,Chicken Burger-Frozen,Breaded,Frozen Burger,400 gm,3,CBBUR,BEEF BURGERS 56 g.,840 g. x 9,BURGERS,56.83,55.0,85.5,conflict,,0,auto_high_confidence
16375,35950046,Breaded Chicken Burgers 400 gm,Al Kabeer,Chicken Burger-Frozen,Breaded,Frozen Burger,400 gm,4,CBBO,4 BEEF BURGERS,200 Gms x 30 Pkt,BURGERS,56.74,54.76,85.5,conflict,,0,auto_high_confidence
16375,35950046,Breaded Chicken Burgers 400 gm,Al Kabeer,Chicken Burger-Frozen,Breaded,Frozen Burger,400 gm,5,CBBOA,BEEF BURGERS BULK,2 Kgs x 5 Pkts,BURGERS,55.76,51.95,85.5,conflict,,0,auto_high_confidence
16445,36138361,Al Kabeer BEEF OR CHICKEN KIBBEH 400 gm,Al Kabeer,Beef Kibbeh-Frozen,No Variant,Frozen Kofta / Kibbeh & Meat Balls,400 gm,1,CBK,BEEF KIBBEH 400,400 Gms x 12 Pkts,KOFTA-KIBBEH-FELAFEL,92.08,70.0,85.5,exact,20.69,1,auto_high_confidence
16445,36138361,Al Kabeer BEEF OR CHICKEN KIBBEH 400 gm,Al Kabeer,Beef Kibbeh-Frozen,No Variant,Frozen Kofta / Kibbeh & Meat Balls,400 gm,2,BC40,BEEF CUBES,2 lb x 20 Pkts,MEAT-INDIAN-TRD,71.38,45.16,85.5,,,0,auto_high_confidence
16445,36138361,Al Kabeer BEEF OR CHICKEN KIBBEH 400 gm,Al Kabeer,Beef Kibbeh-Frozen,No Variant,Frozen Kofta / Kibbeh & Meat Balls,400 gm,3,BVL3,VEAL LEGS 3.6,Asstd. Wt.,MEAT-INDIAN-TRD,69.02,38.4,85.5,,,0,auto_high_confidence
16445,36138361,Al Kabeer BEEF OR CHICKEN KIBBEH 400 gm,Al Kabeer,Beef Kibbeh-Frozen,No Variant,Frozen Kofta / Kibbeh & Meat Balls,400 gm,4,CBBOT,TAYEBAT BEEF BURGERS ONION BULK,1 Kgs x 9 Pkts,BURGERS,55.23,50.43,85.5,conflict,,0,auto_high_confidence
16445,36138361,Al Kabeer BEEF OR CHICKEN KIBBEH 400 gm,Al Kabeer,Beef Kibbeh-Frozen,No Variant,Frozen Kofta / Kibbeh & Meat Balls,400 gm,5,CBBO,4 BEEF BURGERS,200 Gms x 30 Pkt,BURGERS,54.43,48.15,85.5,conflict,,0,auto_high_confidence
16452,36138507,Alkabeer CHICKEN / BEEF KIBBEH 400 gm,Al Kabeer,Beef Kibbeh-Frozen,No Variant,Frozen Kofta / Kibbeh & Meat Balls,400 gm,1,CBK,BEEF KIBBEH 400,400 Gms x 12 Pkts,KOFTA-KIBBEH-FELAFEL,92.08,70.0,85.5,exact,20.88,1,auto_high_confidence
16452,36138507,Alkabeer CHICKEN / BEEF KIBBEH 400 gm,Al Kabeer,Beef Kibbeh-Frozen,No Variant,Frozen Kofta / Kibbeh & Meat Balls,400 gm,2,BC40,BEEF CUBES,2 lb x 20 Pkts,MEAT-INDIAN-TRD,71.19,44.63,85.5,,,0,auto_high_confidence
16452,36138507,Alkabeer CHICKEN / BEEF KIBBEH 400 gm,Al Kabeer,Beef Kibbeh-Frozen,No Variant,Frozen Kofta / Kibbeh & Meat Balls,400 gm,3,BVL3,VEAL LEGS 3.6,Asstd. Wt.,MEAT-INDIAN-TRD,68.77,37.7,85.5,,,0,auto_high_confidence
16452,36138507,Alkabeer CHICKEN / BEEF KIBBEH 400 gm,Al Kabeer,Beef Kibbeh-Frozen,No Variant,Frozen Kofta / Kibbeh & Meat Balls,400 gm,4,CBBOT,TAYEBAT BEEF BURGERS ONION BULK,1 Kgs x 9 Pkts,BURGERS,55.08,50.0,85.5,conflict,,0,auto_high_confidence
16452,36138507,Alkabeer CHICKEN / BEEF KIBBEH 400 gm,Al Kabeer,Beef Kibbeh-Frozen,No Variant,Frozen Kofta / Kibbeh & Meat Balls,400 gm,5,CBBO,4 BEEF BURGERS,200 Gms x 30 Pkt,BURGERS,54.24,47.62,85.5,conflict,,0,auto_high_confidence
16453,36138507,Alkabeer CHICKEN / BEEF KIBBEH 400 gm,Al Kabeer,Chicken Kibbeh-Frozen,No Variant,Frozen Kofta / Kibbeh & Meat Balls,400 gm,1,CBK,BEEF KIBBEH 400,400 Gms x 12 Pkts,KOFTA-KIBBEH-FELAFEL,92.08,70.0,85.5,exact,20.88,1,auto_high_confidence
16453,36138507,Alkabeer CHICKEN / BEEF KIBBEH 400 gm,Al Kabeer,Chicken Kibbeh-Frozen,No Variant,Frozen Kofta / Kibbeh & Meat Balls,400 gm,2,BC40,BEEF CUBES,2 lb x 20 Pkts,MEAT-INDIAN-TRD,71.19,44.63,85.5,,,0,auto_high_confidence
16453,36138507,Alkabeer CHICKEN / BEEF KIBBEH 400 gm,Al Kabeer,Chicken Kibbeh-Frozen,No Variant,Frozen Kofta / Kibbeh & Meat Balls,400 gm,3,BVL3,VEAL LEGS 3.6,Asstd. Wt.,MEAT-INDIAN-TRD,68.77,37.7,85.5,,,0,auto_high_confidence
16453,36138507,Alkabeer CHICKEN / BEEF KIBBEH 400 gm,Al Kabeer,Chicken Kibbeh-Frozen,No Variant,Frozen Kofta / Kibbeh & Meat Balls,400 gm,4,CBBOT,TAYEBAT BEEF BURGERS ONION BULK,1 Kgs x 9 Pkts,BURGERS,55.08,50.0,85.5,conflict,,0,auto_high_confidence
16453,36138507,Alkabeer CHICKEN / BEEF KIBBEH 400 gm,Al Kabeer,Chicken Kibbeh-Frozen,No Variant,Frozen Kofta / Kibbeh & Meat Balls,400 gm,5,CBBO,4 BEEF BURGERS,200 Gms x 30 Pkt,BURGERS,54.24,47.62,85.5,conflict,,0,auto_high_confidence
16503,36147234,Al Kabeer Breaded Chicken Burgers 400 gm,Al Kabeer,Chicken Burger-Frozen,Breaded,Frozen Burger,400 gm,1,CKBBS,8 BREADED CHICKEN BURGER HOT & SPICY,400 gm x 12 Pkts,BURGERS,100.0,91.14,86.58,exact,17.97,1,auto_high_confidence
16503,36147234,Al Kabeer Breaded Chicken Burgers 400 gm,Al Kabeer,Chicken Burger-Frozen,Breaded,Frozen Burger,400 gm,2,CFBJ,JUMBO HOTDOGS,400 Gms x 20 Pkts,SAUSAGES,82.03,41.3,85.5,exact,,0,auto_high_confidence
16503,36147234,Al Kabeer Breaded Chicken Burgers 400 gm,Al Kabeer,Chicken Burger-Frozen,Breaded,Frozen Burger,400 gm,3,CBBUR,BEEF BURGERS 56 g.,840 g. x 9,BURGERS,56.83,55.0,85.5,conflict,,0,auto_high_confidence
16503,36147234,Al Kabeer Breaded Chicken Burgers 400 gm,Al Kabeer,Chicken Burger-Frozen,Breaded,Frozen Burger,400 gm,4,CBBO,4 BEEF BURGERS,200 Gms x 30 Pkt,BURGERS,56.74,54.76,85.5,conflict,,0,auto_high_confidence
16503,36147234,Al Kabeer Breaded Chicken Burgers 400 gm,Al Kabeer,Chicken Burger-Frozen,Breaded,Frozen Burger,400 gm,5,CBBOA,BEEF BURGERS BULK,2 Kgs x 5 Pkts,BURGERS,55.76,51.95,85.5,conflict,,0,auto_high_confidence
16616,36295924,Al Kabeer Breaded Chicken Burgers 8 pcs 400 gm,Al Kabeer,Chicken Burger-Frozen,Breaded,Frozen Burger,400 gm,1,CKBBS,8 BREADED CHICKEN BURGER HOT & SPICY,400 gm x 12 Pkts,BURGERS,100.0,92.13,87.53,exact,41.36,1,auto_high_confidence
16616,36295924,Al Kabeer Breaded Chicken Burgers 8 pcs 400 gm,Al Kabeer,Chicken Burger-Frozen,Breaded,Frozen Burger,400 gm,2,CBBAGPR,AK PRO BEEF BURGER 24,1.392 kg x 6 Pkts,BURGERS,58.64,60.19,85.5,conflict,,0,auto_high_confidence
16616,36295924,Al Kabeer Breaded Chicken Burgers 8 pcs 400 gm,Al Kabeer,Chicken Burger-Frozen,Breaded,Frozen Burger,400 gm,3,CBBOA,BEEF BURGERS BULK,2 Kgs x 5 Pkts,BURGERS,58.06,58.54,85.5,conflict,,0,auto_high_confidence
16616,36295924,Al Kabeer Breaded Chicken Burgers 8 pcs 400 gm,Al Kabeer,Chicken Burger-Frozen,Breaded,Frozen Burger,400 gm,4,CBBO24,24 BEEF BURGERS,1.2 Kgs x 8 Pkts,BURGERS,57.8,57.78,85.5,conflict,,0,auto_high_confidence
16616,36295924,Al Kabeer Breaded Chicken Burgers 8 pcs 400 gm,Al Kabeer,Chicken Burger-Frozen,Breaded,Frozen Burger,400 gm,5,CBBUR,BEEF BURGERS 56 g.,840 g. x 9,BURGERS,57.34,56.47,85.5,conflict,,0,auto_high_confidence
16628,36299114,Al Kabeer Chicken Burgers 400 gm,Al Kabeer,Chicken Burger-Frozen,Breaded,Frozen Burger,400 gm,1,CKBBS,8 BREADED CHICKEN BURGER HOT & SPICY,400 gm x 12 Pkts,BURGERS,100.0,91.14,86.58,exact,10.06,1,auto_high_confidence
16628,36299114,Al Kabeer Chicken Burgers 400 gm,Al Kabeer,Chicken Burger-Frozen,Breaded,Frozen Burger,400 gm,2,CKBB,8 BREADED CHICKEN BURGERS,400 Gms x 12 Pkts,BURGERS,89.94,80.56,76.53,exact,,0,auto_high_confidence
16628,36299114,Al Kabeer Chicken Burgers 400 gm,Al Kabeer,Chicken Burger-Frozen,Breaded,Frozen Burger,400 gm,3,CKBBAD,Breaded Chicken Burger Bag (56 g.),840 g. x 9,BURGERS,64.56,85.33,81.07,conflict,,0,auto_high_confidence
16628,36299114,Al Kabeer Chicken Burgers 400 gm,Al Kabeer,Chicken Burger-Frozen,Breaded,Frozen Burger,400 gm,4,CKBBADPR,AK PRO Breaded Chicken Burger Bag 840 g. x 8,840 gm x 8,BURGERS,64.56,85.33,81.07,conflict,,0,auto_high_confidence
16628,36299114,Al Kabeer Chicken Burgers 400 gm,Al Kabeer,Chicken Burger-Frozen,Breaded,Frozen Burger,400 gm,5,CKKBJ,JUMBO BREADED CHICKEN BURGER 100G BULK,1000 GM X 6 PKTS,BURGERS,64.56,85.33,81.07,conflict,,0,auto_high_confidence
16633,36299267,Al Kabeer Breaded Chicken Burgers 400 gm ,Al Kabeer,Chicken Burger-Frozen,Breaded,Frozen Burger,400 gm,1,CKBBS,8 BREADED CHICKEN BURGER HOT & SPICY,400 gm x 12 Pkts,BURGERS,100.0,91.14,86.58,exact,17.97,1,auto_high_confidence
16633,36299267,Al Kabeer Breaded Chicken Burgers 400 gm ,Al Kabeer,Chicken Burger-Frozen,Breaded,Frozen Burger,400 gm,2,CFBJ,JUMBO HOTDOGS,400 Gms x 20 Pkts,SAUSAGES,82.03,41.3,85.5,exact,,0,auto_high_confidence
16633,36299267,Al Kabeer Breaded Chicken Burgers 400 gm ,Al Kabeer,Chicken Burger-Frozen,Breaded,Frozen Burger,400 gm,3,CBBUR,BEEF BURGERS 56 g.,840 g. x 9,BURGERS,56.83,55.0,85.5,conflict,,0,auto_high_confidence
16633,36299267,Al Kabeer Breaded Chicken Burgers 400 gm ,Al Kabeer,Chicken Burger-Frozen,Breaded,Frozen Burger,400 gm,4,CBBO,4 BEEF BURGERS,200 Gms x 30 Pkt,BURGERS,56.74,54.76,85.5,conflict,,0,auto_high_confidence
16633,36299267,Al Kabeer Breaded Chicken Burgers 400 gm ,Al Kabeer,Chicken Burger-Frozen,Breaded,Frozen Burger,400 gm,5,CBBOA,BEEF BURGERS BULK,2 Kgs x 5 Pkts,BURGERS,55.76,51.95,85.5,conflict,,0,auto_high_confidence
16729,36478386,Al Kabeer Breaded Chicken Burgers 400 gm,Al Kabeer,Chicken Burger-Frozen,Breaded,Frozen Burger,400 gm,1,CKBBS,8 BREADED CHICKEN BURGER HOT & SPICY,400 gm x 12 Pkts,BURGERS,100.0,91.14,86.58,exact,17.97,1,auto_high_confidence
16729,36478386,Al Kabeer Breaded Chicken Burgers 400 gm,Al Kabeer,Chicken Burger-Frozen,Breaded,Frozen Burger,400 gm,2,CFBJ,JUMBO HOTDOGS,400 Gms x 20 Pkts,SAUSAGES,82.03,41.3,85.5,exact,,0,auto_high_confidence
16729,36478386,Al Kabeer Breaded Chicken Burgers 400 gm,Al Kabeer,Chicken Burger-Frozen,Breaded,Frozen Burger,400 gm,3,CBBUR,BEEF BURGERS 56 g.,840 g. x 9,BURGERS,56.83,55.0,85.5,conflict,,0,auto_high_confidence
16729,36478386,Al Kabeer Breaded Chicken Burgers 400 gm,Al Kabeer,Chicken Burger-Frozen,Breaded,Frozen Burger,400 gm,4,CBBO,4 BEEF BURGERS,200 Gms x 30 Pkt,BURGERS,56.74,54.76,85.5,conflict,,0,auto_high_confidence
16729,36478386,Al Kabeer Breaded Chicken Burgers 400 gm,Al Kabeer,Chicken Burger-Frozen,Breaded,Frozen Burger,400 gm,5,CBBOA,BEEF BURGERS BULK,2 Kgs x 5 Pkts,BURGERS,55.76,51.95,85.5,conflict,,0,auto_high_confidence
16743,36486716,Al Kabeer 8's Chicken Burger 400 gm,Al Kabeer,Chicken Burger-Frozen,Breaded,Frozen Burger,400 gm,1,CKBBS,8 BREADED CHICKEN BURGER HOT & SPICY,400 gm x 12 Pkts,BURGERS,96.13,86.96,82.61,exact,11.69,1,auto_high_confidence
16743,36486716,Al Kabeer 8's Chicken Burger 400 gm,Al Kabeer,Chicken Burger-Frozen,Breaded,Frozen Burger,400 gm,2,VVGP,GREEN PEAS,400 gm x 20 Pkts,TRADING-VEG,84.44,48.19,85.5,exact,,0,auto_high_confidence
16743,36486716,Al Kabeer 8's Chicken Burger 400 gm,Al Kabeer,Chicken Burger-Frozen,Breaded,Frozen Burger,400 gm,3,CFBJ,JUMBO HOTDOGS,400 Gms x 20 Pkts,SAUSAGES,81.89,40.91,85.5,exact,,0,auto_high_confidence
16743,36486716,Al Kabeer 8's Chicken Burger 400 gm,Al Kabeer,Chicken Burger-Frozen,Breaded,Frozen Burger,400 gm,4,CBBO,4 BEEF BURGERS,200 Gms x 30 Pkt,BURGERS,56.83,55.0,85.5,conflict,,0,auto_high_confidence
16743,36486716,Al Kabeer 8's Chicken Burger 400 gm,Al Kabeer,Chicken Burger-Frozen,Breaded,Frozen Burger,400 gm,5,CKSK,SHISH KEBAB,600 Gms x 12 Pkts,KEBAB,55.95,52.5,85.5,conflict,,0,auto_high_confidence
16830,36700471,"Al Kabeer CHEESE OR MUTTON SAMOSAS, OR CHEESE SPRING ROLLS, 240 gm",Al Kabeer,Samosa-Frozen,Mutton,"Frozen Pizzas, Wraps, Sandwiches",240 gm,1,CCSAK,12 CHEESE SAMOSAS,240 Gms x 20 Pkts,SAMOSA,91.5,68.35,85.5,exact,14.99,1,auto_high_confidence
16830,36700471,"Al Kabeer CHEESE OR MUTTON SAMOSAS, OR CHEESE SPRING ROLLS, 240 gm",Al Kabeer,Samosa-Frozen,Mutton,"Frozen Pizzas, Wraps, Sandwiches",240 gm,2,CCMS,MOZZERELLA CHEESE STICKS,250 GMS X24 PKTS,STICKS & FINGERS,76.51,45.52,85.5,close,,0,auto_high_confidence
16830,36700471,"Al Kabeer CHEESE OR MUTTON SAMOSAS, OR CHEESE SPRING ROLLS, 240 gm",Al Kabeer,Samosa-Frozen,Mutton,"Frozen Pizzas, Wraps, Sandwiches",240 gm,3,CCSAKA,CHEESE SAMOSAS BULK,1.2 Kgs x 4 Pkts,SAMOSA,59.52,62.69,85.5,conflict,,0,auto_high_confidence
16830,36700471,"Al Kabeer CHEESE OR MUTTON SAMOSAS, OR CHEESE SPRING ROLLS, 240 gm",Al Kabeer,Samosa-Frozen,Mutton,"Frozen Pizzas, Wraps, Sandwiches",240 gm,4,CCMSA,MOZZARELLA CHEESE STICKS,1000G X 5 Pkts,STICKS & FINGERS,53.35,45.07,85.5,conflict,,0,auto_high_confidence
16830,36700471,"Al Kabeer CHEESE OR MUTTON SAMOSAS, OR CHEESE SPRING ROLLS, 240 gm",Al Kabeer,Samosa-Frozen,Mutton,"Frozen Pizzas, Wraps, Sandwiches",240 gm,5,CBK,BEEF KIBBEH 400,400 Gms x 12 Pkts,KOFTA-KIBBEH-FELAFEL,50.73,37.59,85.5,conflict,,0,auto_high_confidence
16831,36700471,"Al Kabeer CHEESE OR MUTTON SAMOSAS, OR CHEESE SPRING ROLLS, 240 gm",Al Kabeer,Samosa-Frozen,Other-Veg,"Frozen Pizzas, Wraps, Sandwiches",240 gm,1,CCSAK,12 CHEESE SAMOSAS,240 Gms x 20 Pkts,SAMOSA,91.5,68.35,85.5,exact,15.57,1,auto_high_confidence
16831,36700471,"Al Kabeer CHEESE OR MUTTON SAMOSAS, OR CHEESE SPRING ROLLS, 240 gm",Al Kabeer,Samosa-Frozen,Other-Veg,"Frozen Pizzas, Wraps, Sandwiches",240 gm,2,CCMS,MOZZERELLA CHEESE STICKS,250 GMS X24 PKTS,STICKS & FINGERS,75.93,43.87,85.5,close,,0,auto_high_confidence
16831,36700471,"Al Kabeer CHEESE OR MUTTON SAMOSAS, OR CHEESE SPRING ROLLS, 240 gm",Al Kabeer,Samosa-Frozen,Other-Veg,"Frozen Pizzas, Wraps, Sandwiches",240 gm,3,CCSAKA,CHEESE SAMOSAS BULK,1.2 Kgs x 4 Pkts,SAMOSA,59.52,62.69,85.5,conflict,,0,auto_high_confidence
16831,36700471,"Al Kabeer CHEESE OR MUTTON SAMOSAS, OR CHEESE SPRING ROLLS, 240 gm",Al Kabeer,Samosa-Frozen,Other-Veg,"Frozen Pizzas, Wraps, Sandwiches",240 gm,4,CCMSA,MOZZARELLA CHEESE STICKS,1000G X 5 Pkts,STICKS & FINGERS,53.23,44.74,85.5,conflict,,0,auto_high_confidence
16831,36700471,"Al Kabeer CHEESE OR MUTTON SAMOSAS, OR CHEESE SPRING ROLLS, 240 gm",Al Kabeer,Samosa-Frozen,Other-Veg,"Frozen Pizzas, Wraps, Sandwiches",240 gm,5,CBK,BEEF KIBBEH 400,400 Gms x 12 Pkts,KOFTA-KIBBEH-FELAFEL,50.79,37.76,85.5,conflict,,0,auto_high_confidence
16876,36721722,Al Kabeer - Samosas Mutton/Cheese Cheese Spring Rolls 240 gm,Al Kabeer,Samosa-Frozen,Other-Veg,"Frozen Pizzas, Wraps, Sandwiches",240 gm,1,CCSAK,12 CHEESE SAMOSAS,240 Gms x 20 Pkts,SAMOSA,91.5,68.35,85.5,exact,15.27,1,auto_high_confidence
16876,36721722,Al Kabeer - Samosas Mutton/Cheese Cheese Spring Rolls 240 gm,Al Kabeer,Samosa-Frozen,Other-Veg,"Frozen Pizzas, Wraps, Sandwiches",240 gm,2,CCMS,MOZZERELLA CHEESE STICKS,250 GMS X24 PKTS,STICKS & FINGERS,76.23,44.74,85.5,close,,0,auto_high_confidence
16876,36721722,Al Kabeer - Samosas Mutton/Cheese Cheese Spring Rolls 240 gm,Al Kabeer,Samosa-Frozen,Other-Veg,"Frozen Pizzas, Wraps, Sandwiches",240 gm,3,CCSAKA,CHEESE SAMOSAS BULK,1.2 Kgs x 4 Pkts,SAMOSA,59.52,62.69,85.5,conflict,,0,auto_high_confidence
16876,36721722,Al Kabeer - Samosas Mutton/Cheese Cheese Spring Rolls 240 gm,Al Kabeer,Samosa-Frozen,Other-Veg,"Frozen Pizzas, Wraps, Sandwiches",240 gm,4,CCMSA,MOZZARELLA CHEESE STICKS,1000G X 5 Pkts,STICKS & FINGERS,53.55,45.64,85.5,conflict,,0,auto_high_confidence
16876,36721722,Al Kabeer - Samosas Mutton/Cheese Cheese Spring Rolls 240 gm,Al Kabeer,Samosa-Frozen,Other-Veg,"Frozen Pizzas, Wraps, Sandwiches",240 gm,5,CBK,BEEF KIBBEH 400,400 Gms x 12 Pkts,KOFTA-KIBBEH-FELAFEL,51.08,38.57,85.5,conflict,,0,auto_high_confidence
16877,36721722,Al Kabeer - Samosas Mutton/Cheese Cheese Spring Rolls 240 gm,Al Kabeer,Samosa-Frozen,Mutton,"Frozen Pizzas, Wraps, Sandwiches",240 gm,1,CCSAK,12 CHEESE SAMOSAS,240 Gms x 20 Pkts,SAMOSA,91.5,68.35,85.5,exact,31.98,1,auto_high_confidence
16877,36721722,Al Kabeer - Samosas Mutton/Cheese Cheese Spring Rolls 240 gm,Al Kabeer,Samosa-Frozen,Mutton,"Frozen Pizzas, Wraps, Sandwiches",240 gm,2,CCSAKA,CHEESE SAMOSAS BULK,1.2 Kgs x 4 Pkts,SAMOSA,59.52,62.69,85.5,conflict,,0,auto_high_confidence
16877,36721722,Al Kabeer - Samosas Mutton/Cheese Cheese Spring Rolls 240 gm,Al Kabeer,Samosa-Frozen,Mutton,"Frozen Pizzas, Wraps, Sandwiches",240 gm,3,CCSAKPR,A.K PRO CHEESE SAMOSA,4 X 1.2 KGS,SAMOSA,53.83,46.43,85.5,conflict,,0,auto_high_confidence
16877,36721722,Al Kabeer - Samosas Mutton/Cheese Cheese Spring Rolls 240 gm,Al Kabeer,Samosa-Frozen,Mutton,"Frozen Pizzas, Wraps, Sandwiches",240 gm,4,CCMSA,MOZZARELLA CHEESE STICKS,1000G X 5 Pkts,STICKS & FINGERS,53.19,44.6,85.5,conflict,,0,auto_high_confidence
16877,36721722,Al Kabeer - Samosas Mutton/Cheese Cheese Spring Rolls 240 gm,Al Kabeer,Samosa-Frozen,Mutton,"Frozen Pizzas, Wraps, Sandwiches",240 gm,5,CBK,BEEF KIBBEH 400,400 Gms x 12 Pkts,KOFTA-KIBBEH-FELAFEL,51.04,38.46,85.5,conflict,,0,auto_high_confidence
16889,36724733,Al Kabeer Breaded Chicken Burgers 400 gm ,Al Kabeer,Chicken Burger-Frozen,Breaded,Frozen Burger,400 gm,1,CKBBS,8 BREADED CHICKEN BURGER HOT & SPICY,400 gm x 12 Pkts,BURGERS,100.0,91.14,86.58,exact,17.97,1,auto_high_confidence
16889,36724733,Al Kabeer Breaded Chicken Burgers 400 gm ,Al Kabeer,Chicken Burger-Frozen,Breaded,Frozen Burger,400 gm,2,CFBJ,JUMBO HOTDOGS,400 Gms x 20 Pkts,SAUSAGES,82.03,41.3,85.5,exact,,0,auto_high_confidence
16889,36724733,Al Kabeer Breaded Chicken Burgers 400 gm ,Al Kabeer,Chicken Burger-Frozen,Breaded,Frozen Burger,400 gm,3,CBBUR,BEEF BURGERS 56 g.,840 g. x 9,BURGERS,56.83,55.0,85.5,conflict,,0,auto_high_confidence
16889,36724733,Al Kabeer Breaded Chicken Burgers 400 gm ,Al Kabeer,Chicken Burger-Frozen,Breaded,Frozen Burger,400 gm,4,CBBO,4 BEEF BURGERS,200 Gms x 30 Pkt,BURGERS,56.74,54.76,85.5,conflict,,0,auto_high_confidence
16889,36724733,Al Kabeer Breaded Chicken Burgers 400 gm ,Al Kabeer,Chicken Burger-Frozen,Breaded,Frozen Burger,400 gm,5,CBBOA,BEEF BURGERS BULK,2 Kgs x 5 Pkts,BURGERS,55.76,51.95,85.5,conflict,,0,auto_high_confidence
16946,36882290,"Al Kabeer CHICKEN & CHEESE STICKS, 1 kg",Al Kabeer,Chicken Cheese Stick-Frozen,No Variant,Frozen Barbeque Products,1 kg,1,CCKSB,CHICKEN STICKS BULK,1 Kgs x 5 Pkts,STICKS & FINGERS,91.97,69.7,85.5,exact,9.23,1,auto_high_confidence
16946,36882290,"Al Kabeer CHICKEN & CHEESE STICKS, 1 kg",Al Kabeer,Chicken Cheese Stick-Frozen,No Variant,Frozen Barbeque Products,1 kg,2,CBBOT,TAYEBAT BEEF BURGERS ONION BULK,1 Kgs x 9 Pkts,BURGERS,82.74,43.33,85.5,exact,,0,auto_high_confidence
16946,36882290,"Al Kabeer CHICKEN & CHEESE STICKS, 1 kg",Al Kabeer,Chicken Cheese Stick-Frozen,No Variant,Frozen Barbeque Products,1 kg,3,CCSAKPR,A.K PRO CHEESE SAMOSA,4 X 1.2 KGS,SAMOSA,54.01,46.96,85.5,conflict,,0,auto_high_confidence
16946,36882290,"Al Kabeer CHICKEN & CHEESE STICKS, 1 kg",Al Kabeer,Chicken Cheese Stick-Frozen,No Variant,Frozen Barbeque Products,1 kg,4,CCSAKA,CHEESE SAMOSAS BULK,1.2 Kgs x 4 Pkts,SAMOSA,53.59,45.76,85.5,conflict,,0,auto_high_confidence
16946,36882290,"Al Kabeer CHICKEN & CHEESE STICKS, 1 kg",Al Kabeer,Chicken Cheese Stick-Frozen,No Variant,Frozen Barbeque Products,1 kg,5,CCSAK,12 CHEESE SAMOSAS,240 Gms x 20 Pkts,SAMOSA,51.69,40.32,85.5,conflict,,0,auto_high_confidence
16982,36898993,Al Kabeer Breaded Chicken Burgers 400 gm,Al Kabeer,Chicken Burger-Frozen,Breaded,Frozen Burger,400 gm,1,CKBBS,8 BREADED CHICKEN BURGER HOT & SPICY,400 gm x 12 Pkts,BURGERS,100.0,91.14,86.58,exact,17.97,1,auto_high_confidence
16982,36898993,Al Kabeer Breaded Chicken Burgers 400 gm,Al Kabeer,Chicken Burger-Frozen,Breaded,Frozen Burger,400 gm,2,CFBJ,JUMBO HOTDOGS,400 Gms x 20 Pkts,SAUSAGES,82.03,41.3,85.5,exact,,0,auto_high_confidence
16982,36898993,Al Kabeer Breaded Chicken Burgers 400 gm,Al Kabeer,Chicken Burger-Frozen,Breaded,Frozen Burger,400 gm,3,CBBUR,BEEF BURGERS 56 g.,840 g. x 9,BURGERS,56.83,55.0,85.5,conflict,,0,auto_high_confidence
16982,36898993,Al Kabeer Breaded Chicken Burgers 400 gm,Al Kabeer,Chicken Burger-Frozen,Breaded,Frozen Burger,400 gm,4,CBBO,4 BEEF BURGERS,200 Gms x 30 Pkt,BURGERS,56.74,54.76,85.5,conflict,,0,auto_high_confidence
16982,36898993,Al Kabeer Breaded Chicken Burgers 400 gm,Al Kabeer,Chicken Burger-Frozen,Breaded,Frozen Burger,400 gm,5,CBBOA,BEEF BURGERS BULK,2 Kgs x 5 Pkts,BURGERS,55.76,51.95,85.5,conflict,,0,auto_high_confidence
17047,37048220,"Al Kabeer CHEESE OR MUTTON SAMOSAS, OR CHEESE SPRING ROLLS, 240 gm",Al Kabeer,Samosa-Frozen,Mutton,"Frozen Pizzas, Wraps, Sandwiches",240 gm,1,CCSAK,12 CHEESE SAMOSAS,240 Gms x 20 Pkts,SAMOSA,91.5,68.35,85.5,exact,14.99,1,auto_high_confidence
17047,37048220,"Al Kabeer CHEESE OR MUTTON SAMOSAS, OR CHEESE SPRING ROLLS, 240 gm",Al Kabeer,Samosa-Frozen,Mutton,"Frozen Pizzas, Wraps, Sandwiches",240 gm,2,CCMS,MOZZERELLA CHEESE STICKS,250 GMS X24 PKTS,STICKS & FINGERS,76.51,45.52,85.5,close,,0,auto_high_confidence
17047,37048220,"Al Kabeer CHEESE OR MUTTON SAMOSAS, OR CHEESE SPRING ROLLS, 240 gm",Al Kabeer,Samosa-Frozen,Mutton,"Frozen Pizzas, Wraps, Sandwiches",240 gm,3,CCSAKA,CHEESE SAMOSAS BULK,1.2 Kgs x 4 Pkts,SAMOSA,59.52,62.69,85.5,conflict,,0,auto_high_confidence
17047,37048220,"Al Kabeer CHEESE OR MUTTON SAMOSAS, OR CHEESE SPRING ROLLS, 240 gm",Al Kabeer,Samosa-Frozen,Mutton,"Frozen Pizzas, Wraps, Sandwiches",240 gm,4,CCMSA,MOZZARELLA CHEESE STICKS,1000G X 5 Pkts,STICKS & FINGERS,53.35,45.07,85.5,conflict,,0,auto_high_confidence
17047,37048220,"Al Kabeer CHEESE OR MUTTON SAMOSAS, OR CHEESE SPRING ROLLS, 240 gm",Al Kabeer,Samosa-Frozen,Mutton,"Frozen Pizzas, Wraps, Sandwiches",240 gm,5,CBK,BEEF KIBBEH 400,400 Gms x 12 Pkts,KOFTA-KIBBEH-FELAFEL,50.73,37.59,85.5,conflict,,0,auto_high_confidence
17049,37048220,"Al Kabeer CHEESE OR MUTTON SAMOSAS, OR CHEESE SPRING ROLLS, 240 gm",Al Kabeer,Samosa-Frozen,Other-Veg,"Frozen Pizzas, Wraps, Sandwiches",240 gm,1,CCSAK,12 CHEESE SAMOSAS,240 Gms x 20 Pkts,SAMOSA,91.5,68.35,85.5,exact,15.57,1,auto_high_confidence
17049,37048220,"Al Kabeer CHEESE OR MUTTON SAMOSAS, OR CHEESE SPRING ROLLS, 240 gm",Al Kabeer,Samosa-Frozen,Other-Veg,"Frozen Pizzas, Wraps, Sandwiches",240 gm,2,CCMS,MOZZERELLA CHEESE STICKS,250 GMS X24 PKTS,STICKS & FINGERS,75.93,43.87,85.5,close,,0,auto_high_confidence
17049,37048220,"Al Kabeer CHEESE OR MUTTON SAMOSAS, OR CHEESE SPRING ROLLS, 240 gm",Al Kabeer,Samosa-Frozen,Other-Veg,"Frozen Pizzas, Wraps, Sandwiches",240 gm,3,CCSAKA,CHEESE SAMOSAS BULK,1.2 Kgs x 4 Pkts,SAMOSA,59.52,62.69,85.5,conflict,,0,auto_high_confidence
17049,37048220,"Al Kabeer CHEESE OR MUTTON SAMOSAS, OR CHEESE SPRING ROLLS, 240 gm",Al Kabeer,Samosa-Frozen,Other-Veg,"Frozen Pizzas, Wraps, Sandwiches",240 gm,4,CCMSA,MOZZARELLA CHEESE STICKS,1000G X 5 Pkts,STICKS & FINGERS,53.23,44.74,85.5,conflict,,0,auto_high_confidence
17049,37048220,"Al Kabeer CHEESE OR MUTTON SAMOSAS, OR CHEESE SPRING ROLLS, 240 gm",Al Kabeer,Samosa-Frozen,Other-Veg,"Frozen Pizzas, Wraps, Sandwiches",240 gm,5,CBK,BEEF KIBBEH 400,400 Gms x 12 Pkts,KOFTA-KIBBEH-FELAFEL,50.79,37.76,85.5,conflict,,0,auto_high_confidence
17208,37259478,Al Kabeer Zing Chicken Fillets 465 gm,Al Kabeer,Chicken Fillets-Frozen,Spicy,Zing,465 gm,1,CKZF,ZING CHICKEN FILLETS 465,465 Gms x 12 Pkts,FILLETS,89.59,80.0,76.29,exact,22.76,1,auto_high_confidence
17208,37259478,Al Kabeer Zing Chicken Fillets 465 gm,Al Kabeer,Chicken Fillets-Frozen,Spicy,Zing,465 gm,2,CZFNSCFHP,Zing Chicken Fillets Non Spicy + Free Chicken Fillets Spicy,750+750 g. x 4,FILLETS,66.83,83.58,85.5,conflict,,0,auto_high_confidence
17208,37259478,Al Kabeer Zing Chicken Fillets 465 gm,Al Kabeer,Chicken Fillets-Frozen,Spicy,Zing,465 gm,3,CKZFACKNP,Zing Chicken Fillets Spicy + Free Chicken Nuggets,1kg+750 g. x 3,FILLETS,62.87,83.58,79.4,conflict,,0,auto_high_confidence
17208,37259478,Al Kabeer Zing Chicken Fillets 465 gm,Al Kabeer,Chicken Fillets-Frozen,Spicy,Zing,465 gm,4,CKZFDA,ZING CHICKEN FILLETS SPICY 750 GRM,750 GMS X 8 PKT,FILLETS,62.87,83.58,79.4,conflict,,0,auto_high_confidence
17208,37259478,Al Kabeer Zing Chicken Fillets 465 gm,Al Kabeer,Chicken Fillets-Frozen,Spicy,Zing,465 gm,5,CKZFNS,ZING CHICKEN FILLET NON-SPICY,8 X 750 GMS,FILLETS,62.87,83.58,79.4,conflict,,0,auto_high_confidence
17228,37265190,Al Kabeer Chicken Kibbeh 400gm,Al Kabeer,Chicken Kibbeh-Frozen,No Variant,Frozen Kofta / Kibbeh & Meat Balls,400 gm,1,CBK,BEEF KIBBEH 400,400 Gms x 12 Pkts,KOFTA-KIBBEH-FELAFEL,89.68,63.16,85.5,exact,20.69,1,auto_high_confidence
17228,37265190,Al Kabeer Chicken Kibbeh 400gm,Al Kabeer,Chicken Kibbeh-Frozen,No Variant,Frozen Kofta / Kibbeh & Meat Balls,400 gm,2,BVL3,VEAL LEGS 3.6,Asstd. Wt.,MEAT-INDIAN-TRD,68.99,38.33,85.5,,,0,auto_high_confidence
17228,37265190,Al Kabeer Chicken Kibbeh 400gm,Al Kabeer,Chicken Kibbeh-Frozen,No Variant,Frozen Kofta / Kibbeh & Meat Balls,400 gm,3,BC40,BEEF CUBES,2 lb x 20 Pkts,MEAT-INDIAN-TRD,68.52,36.97,85.5,,,0,auto_high_confidence
17228,37265190,Al Kabeer Chicken Kibbeh 400gm,Al Kabeer,Chicken Kibbeh-Frozen,No Variant,Frozen Kofta / Kibbeh & Meat Balls,400 gm,4,BTS,BEEF TOPSIDE ALK,20 KGS,MEAT-INDIAN-TRD,52.41,42.37,85.5,conflict,,0,auto_high_confidence
17228,37265190,Al Kabeer Chicken Kibbeh 400gm,Al Kabeer,Chicken Kibbeh-Frozen,No Variant,Frozen Kofta / Kibbeh & Meat Balls,400 gm,5,CBBOT,TAYEBAT BEEF BURGERS ONION BULK,1 Kgs x 9 Pkts,BURGERS,52.21,41.82,85.5,conflict,,0,auto_high_confidence
17315,37447166,Al Kabeer Zing Chicken Fillets 465 gm,Al Kabeer,Chicken Fillets-Frozen,Spicy,Zing,465 gm,1,CKZF,ZING CHICKEN FILLETS 465,465 Gms x 12 Pkts,FILLETS,89.59,80.0,76.29,exact,22.76,1,auto_high_confidence
17315,37447166,Al Kabeer Zing Chicken Fillets 465 gm,Al Kabeer,Chicken Fillets-Frozen,Spicy,Zing,465 gm,2,CZFNSCFHP,Zing Chicken Fillets Non Spicy + Free Chicken Fillets Spicy,750+750 g. x 4,FILLETS,66.83,83.58,85.5,conflict,,0,auto_high_confidence
17315,37447166,Al Kabeer Zing Chicken Fillets 465 gm,Al Kabeer,Chicken Fillets-Frozen,Spicy,Zing,465 gm,3,CKZFACKNP,Zing Chicken Fillets Spicy + Free Chicken Nuggets,1kg+750 g. x 3,FILLETS,62.87,83.58,79.4,conflict,,0,auto_high_confidence
17315,37447166,Al Kabeer Zing Chicken Fillets 465 gm,Al Kabeer,Chicken Fillets-Frozen,Spicy,Zing,465 gm,4,CKZFDA,ZING CHICKEN FILLETS SPICY 750 GRM,750 GMS X 8 PKT,FILLETS,62.87,83.58,79.4,conflict,,0,auto_high_confidence
17315,37447166,Al Kabeer Zing Chicken Fillets 465 gm,Al Kabeer,Chicken Fillets-Frozen,Spicy,Zing,465 gm,5,CKZFNS,ZING CHICKEN FILLET NON-SPICY,8 X 750 GMS,FILLETS,62.87,83.58,79.4,conflict,,0,auto_high_confidence
17364,37592544,Al Kabeer Breaded Chicken Burgers 840 gm,Al Kabeer,Chicken Burger-Frozen,Breaded,Frozen Burger,840 gm,1,CKBBADPR,AK PRO Breaded Chicken Burger Bag 840 g. x 8,840 gm x 8,BURGERS,100.0,91.14,86.58,exact,29.82,1,auto_high_confidence
17364,37592544,Al Kabeer Breaded Chicken Burgers 840 gm,Al Kabeer,Chicken Burger-Frozen,Breaded,Frozen Burger,840 gm,2,CKBBAD,Breaded Chicken Burger Bag (56 g.),840 g. x 9,BURGERS,70.18,91.14,86.58,conflict,,0,auto_high_confidence
17364,37592544,Al Kabeer Breaded Chicken Burgers 840 gm,Al Kabeer,Chicken Burger-Frozen,Breaded,Frozen Burger,840 gm,3,CBBUR,BEEF BURGERS 56 g.,840 g. x 9,BURGERS,57.7,57.5,85.5,conflict,,0,auto_high_confidence
17364,37592544,Al Kabeer Breaded Chicken Burgers 840 gm,Al Kabeer,Chicken Burger-Frozen,Breaded,Frozen Burger,840 gm,4,CBBO,4 BEEF BURGERS,200 Gms x 30 Pkt,BURGERS,55.91,52.38,85.5,conflict,,0,auto_high_confidence
17364,37592544,Al Kabeer Breaded Chicken Burgers 840 gm,Al Kabeer,Chicken Burger-Frozen,Breaded,Frozen Burger,840 gm,5,CBBOA,BEEF BURGERS BULK,2 Kgs x 5 Pkts,BURGERS,55.76,51.95,85.5,conflict,,0,auto_high_confidence
17371,37603514,Al Kabeer Chicken Seekh Kebab 320 gm,Al Kabeer,Chicken Kibbeh-Frozen,No Variant,Frozen Kofta / Kibbeh & Meat Balls,400 gm,1,CBK,BEEF KIBBEH 400,400 Gms x 12 Pkts,KOFTA-KIBBEH-FELAFEL,89.04,61.33,85.5,exact,19.68,1,auto_high_confidence
17371,37603514,Al Kabeer Chicken Seekh Kebab 320 gm,Al Kabeer,Chicken Kibbeh-Frozen,No Variant,Frozen Kofta / Kibbeh & Meat Balls,400 gm,2,BC40,BEEF CUBES,2 lb x 20 Pkts,MEAT-INDIAN-TRD,69.36,39.39,85.5,,,0,auto_high_confidence
17371,37603514,Al Kabeer Chicken Seekh Kebab 320 gm,Al Kabeer,Chicken Kibbeh-Frozen,No Variant,Frozen Kofta / Kibbeh & Meat Balls,400 gm,3,BVL3,VEAL LEGS 3.6,Asstd. Wt.,MEAT-INDIAN-TRD,68.73,37.59,85.5,,,0,auto_high_confidence
17371,37603514,Al Kabeer Chicken Seekh Kebab 320 gm,Al Kabeer,Chicken Kibbeh-Frozen,No Variant,Frozen Kofta / Kibbeh & Meat Balls,400 gm,4,BTS,BEEF TOPSIDE ALK,20 KGS,MEAT-INDIAN-TRD,52.54,42.75,85.5,conflict,,0,auto_high_confidence
17371,37603514,Al Kabeer Chicken Seekh Kebab 320 gm,Al Kabeer,Chicken Kibbeh-Frozen,No Variant,Frozen Kofta / Kibbeh & Meat Balls,400 gm,5,CBBOT,TAYEBAT BEEF BURGERS ONION BULK,1 Kgs x 9 Pkts,BURGERS,52.37,42.28,85.5,conflict,,0,auto_high_confidence
17423,37685548,Al Kabeer Zing Chicken Fillets 465 gm,Al Kabeer,Chicken Fillets-Frozen,Spicy,Zing,465 gm,1,CKZF,ZING CHICKEN FILLETS 465,465 Gms x 12 Pkts,FILLETS,89.59,80.0,76.29,exact,22.76,1,auto_high_confidence
17423,37685548,Al Kabeer Zing Chicken Fillets 465 gm,Al Kabeer,Chicken Fillets-Frozen,Spicy,Zing,465 gm,2,CZFNSCFHP,Zing Chicken Fillets Non Spicy + Free Chicken Fillets Spicy,750+750 g. x 4,FILLETS,66.83,83.58,85.5,conflict,,0,auto_high_confidence
17423,37685548,Al Kabeer Zing Chicken Fillets 465 gm,Al Kabeer,Chicken Fillets-Frozen,Spicy,Zing,465 gm,3,CKZFACKNP,Zing Chicken Fillets Spicy + Free Chicken Nuggets,1kg+750 g. x 3,FILLETS,62.87,83.58,79.4,conflict,,0,auto_high_confidence
17423,37685548,Al Kabeer Zing Chicken Fillets 465 gm,Al Kabeer,Chicken Fillets-Frozen,Spicy,Zing,465 gm,4,CKZFDA,ZING CHICKEN FILLETS SPICY 750 GRM,750 GMS X 8 PKT,FILLETS,62.87,83.58,79.4,conflict,,0,auto_high_confidence
17423,37685548,Al Kabeer Zing Chicken Fillets 465 gm,Al Kabeer,Chicken Fillets-Frozen,Spicy,Zing,465 gm,5,CKZFNS,ZING CHICKEN FILLET NON-SPICY,8 X 750 GMS,FILLETS,62.87,83.58,79.4,conflict,,0,auto_high_confidence
17515,37845203,Al Kabeer Zing Chicken Fillet Spicy / Non Spicy 750 gm,Al Kabeer,Chicken Fillets-Frozen,Spicy,Zing,750 gm,1,CKZFNS,ZING CHICKEN FILLET NON-SPICY,8 X 750 GMS,FILLETS,100.0,92.47,87.85,exact,45.95,1,auto_high_confidence
17515,37845203,Al Kabeer Zing Chicken Fillet Spicy / Non Spicy 750 gm,Al Kabeer,Chicken Fillets-Frozen,Spicy,Zing,750 gm,2,CKCKB,CHICKEN BURGERS 56 g,840 g. x 9,BURGERS,54.05,47.06,85.5,conflict,,0,auto_high_confidence
17515,37845203,Al Kabeer Zing Chicken Fillet Spicy / Non Spicy 750 gm,Al Kabeer,Chicken Fillets-Frozen,Spicy,Zing,750 gm,3,CKCSB,CHICKEN SEEKH KEBAB BULK,1 kg x 5,KEBAB,52.76,43.37,85.5,conflict,,0,auto_high_confidence
17515,37845203,Al Kabeer Zing Chicken Fillet Spicy / Non Spicy 750 gm,Al Kabeer,Chicken Fillets-Frozen,Spicy,Zing,750 gm,4,CCSK,KIRI CHEESE SAMOSA,20 X 240 GMS,SAMOSA,50.37,36.56,85.5,conflict,,0,auto_high_confidence
17515,37845203,Al Kabeer Zing Chicken Fillet Spicy / Non Spicy 750 gm,Al Kabeer,Chicken Fillets-Frozen,Spicy,Zing,750 gm,5,CBBO,4 BEEF BURGERS,200 Gms x 30 Pkt,BURGERS,49.88,35.16,85.5,conflict,,0,auto_high_confidence
17584,37873204,Al Kabeer Breaded Chicken Burgers 400 gm,Al Kabeer,Chicken Burger-Frozen,Breaded,Frozen Burger,400 gm,1,CKBBS,8 BREADED CHICKEN BURGER HOT & SPICY,400 gm x 12 Pkts,BURGERS,100.0,91.14,86.58,exact,17.97,1,auto_high_confidence
17584,37873204,Al Kabeer Breaded Chicken Burgers 400 gm,Al Kabeer,Chicken Burger-Frozen,Breaded,Frozen Burger,400 gm,2,CFBJ,JUMBO HOTDOGS,400 Gms x 20 Pkts,SAUSAGES,82.03,41.3,85.5,exact,,0,auto_high_confidence
17584,37873204,Al Kabeer Breaded Chicken Burgers 400 gm,Al Kabeer,Chicken Burger-Frozen,Breaded,Frozen Burger,400 gm,3,CBBUR,BEEF BURGERS 56 g.,840 g. x 9,BURGERS,56.83,55.0,85.5,conflict,,0,auto_high_confidence
17584,37873204,Al Kabeer Breaded Chicken Burgers 400 gm,Al Kabeer,Chicken Burger-Frozen,Breaded,Frozen Burger,400 gm,4,CBBO,4 BEEF BURGERS,200 Gms x 30 Pkt,BURGERS,56.74,54.76,85.5,conflict,,0,auto_high_confidence
17584,37873204,Al Kabeer Breaded Chicken Burgers 400 gm,Al Kabeer,Chicken Burger-Frozen,Breaded,Frozen Burger,400 gm,5,CBBOA,BEEF BURGERS BULK,2 Kgs x 5 Pkts,BURGERS,55.76,51.95,85.5,conflict,,0,auto_high_confidence
17590,37906749,Al Kabeer Chicken Strips Non-spicy 750 gm,Al Kabeer,Chicken Strips-Frozen,No Variant,Zing,750 gm,1,CKZSNS,ZING CHICKEN STRIPS NON-SPICY,8 X 750 GMS,STRIPS,91.68,82.35,78.24,exact,37.72,1,auto_high_confidence
17590,37906749,Al Kabeer Chicken Strips Non-spicy 750 gm,Al Kabeer,Chicken Strips-Frozen,No Variant,Zing,750 gm,2,CKSK,SHISH KEBAB,600 Gms x 12 Pkts,KEBAB,53.96,46.81,85.5,conflict,,0,auto_high_confidence
17590,37906749,Al Kabeer Chicken Strips Non-spicy 750 gm,Al Kabeer,Chicken Strips-Frozen,No Variant,Zing,750 gm,3,VVGP9,GREEN PEAS 900,900 gm x 10 Pkts,TRADING-VEG,53.21,44.68,85.5,conflict,,0,auto_high_confidence
17590,37906749,Al Kabeer Chicken Strips Non-spicy 750 gm,Al Kabeer,Chicken Strips-Frozen,No Variant,Zing,750 gm,4,VVGP,GREEN PEAS,400 gm x 20 Pkts,TRADING-VEG,52.73,43.3,85.5,conflict,,0,auto_high_confidence
17590,37906749,Al Kabeer Chicken Strips Non-spicy 750 gm,Al Kabeer,Chicken Strips-Frozen,No Variant,Zing,750 gm,5,CFB,BEEF FRANKS,454 Gms x 20 Pkts,SAUSAGES,50.88,38.0,85.5,conflict,,0,auto_high_confidence
17644,38053169,Al Kabeer Zing Chicken Strips 320 gm,Al Kabeer,Chicken Strips-Frozen,Spicy,Zing,320 gm,1,CKZS,ZING CHICKEN STRIPS,320 Gms x 20 Pkts,STRIPS,89.58,79.37,76.61,exact,22.92,1,auto_high_confidence
17644,38053169,Al Kabeer Zing Chicken Strips 320 gm,Al Kabeer,Chicken Strips-Frozen,Spicy,Zing,320 gm,2,CKZSCKNP,Zing Strips Non Spicy + Free Chicken Nuggets Combo Pack,(750 g.+750 g.) x 4,STRIPS,66.65,83.08,85.5,conflict,,0,auto_high_confidence
17644,38053169,Al Kabeer Zing Chicken Strips 320 gm,Al Kabeer,Chicken Strips-Frozen,Spicy,Zing,320 gm,3,CKZSDA,ZING CHICKEN STRIPS SPICY 750 GRM,750 GMS X 8 PKT,STRIPS,62.38,83.08,78.92,conflict,,0,auto_high_confidence
17644,38053169,Al Kabeer Zing Chicken Strips 320 gm,Al Kabeer,Chicken Strips-Frozen,Spicy,Zing,320 gm,4,CKZSNS,ZING CHICKEN STRIPS NON-SPICY,8 X 750 GMS,STRIPS,62.38,83.08,78.92,conflict,,0,auto_high_confidence
17644,38053169,Al Kabeer Zing Chicken Strips 320 gm,Al Kabeer,Chicken Strips-Frozen,Spicy,Zing,320 gm,5,CZFNSCFHP,Zing Chicken Fillets Non Spicy + Free Chicken Fillets Spicy,750+750 g. x 4,FILLETS,61.71,68.97,85.5,conflict,,0,auto_high_confidence
17647,38053974,Al Kabeer Zing Chicken Fillets 465 gm,Al Kabeer,Chicken Fillets-Frozen,Spicy,Zing,465 gm,1,CKZF,ZING CHICKEN FILLETS 465,465 Gms x 12 Pkts,FILLETS,89.59,80.0,76.29,exact,22.76,1,auto_high_confidence
17647,38053974,Al Kabeer Zing Chicken Fillets 465 gm,Al Kabeer,Chicken Fillets-Frozen,Spicy,Zing,465 gm,2,CZFNSCFHP,Zing Chicken Fillets Non Spicy + Free Chicken Fillets Spicy,750+750 g. x 4,FILLETS,66.83,83.58,85.5,conflict,,0,auto_high_confidence
17647,38053974,Al Kabeer Zing Chicken Fillets 465 gm,Al Kabeer,Chicken Fillets-Frozen,Spicy,Zing,465 gm,3,CKZFACKNP,Zing Chicken Fillets Spicy + Free Chicken Nuggets,1kg+750 g. x 3,FILLETS,62.87,83.58,79.4,conflict,,0,auto_high_confidence
17647,38053974,Al Kabeer Zing Chicken Fillets 465 gm,Al Kabeer,Chicken Fillets-Frozen,Spicy,Zing,465 gm,4,CKZFDA,ZING CHICKEN FILLETS SPICY 750 GRM,750 GMS X 8 PKT,FILLETS,62.87,83.58,79.4,conflict,,0,auto_high_confidence
17647,38053974,Al Kabeer Zing Chicken Fillets 465 gm,Al Kabeer,Chicken Fillets-Frozen,Spicy,Zing,465 gm,5,CKZFNS,ZING CHICKEN FILLET NON-SPICY,8 X 750 GMS,FILLETS,62.87,83.58,79.4,conflict,,0,auto_high_confidence
17661,38064614,Al Kabeer Zing Chicken Fillets 465 gm,Al Kabeer,Chicken Fillets-Frozen,Spicy,Zing,465 gm,1,CKZF,ZING CHICKEN FILLETS 465,465 Gms x 12 Pkts,FILLETS,89.59,80.0,76.29,exact,22.76,1,auto_high_confidence
17661,38064614,Al Kabeer Zing Chicken Fillets 465 gm,Al Kabeer,Chicken Fillets-Frozen,Spicy,Zing,465 gm,2,CZFNSCFHP,Zing Chicken Fillets Non Spicy + Free Chicken Fillets Spicy,750+750 g. x 4,FILLETS,66.83,83.58,85.5,conflict,,0,auto_high_confidence
17661,38064614,Al Kabeer Zing Chicken Fillets 465 gm,Al Kabeer,Chicken Fillets-Frozen,Spicy,Zing,465 gm,3,CKZFACKNP,Zing Chicken Fillets Spicy + Free Chicken Nuggets,1kg+750 g. x 3,FILLETS,62.87,83.58,79.4,conflict,,0,auto_high_confidence
17661,38064614,Al Kabeer Zing Chicken Fillets 465 gm,Al Kabeer,Chicken Fillets-Frozen,Spicy,Zing,465 gm,4,CKZFDA,ZING CHICKEN FILLETS SPICY 750 GRM,750 GMS X 8 PKT,FILLETS,62.87,83.58,79.4,conflict,,0,auto_high_confidence
17661,38064614,Al Kabeer Zing Chicken Fillets 465 gm,Al Kabeer,Chicken Fillets-Frozen,Spicy,Zing,465 gm,5,CKZFNS,ZING CHICKEN FILLET NON-SPICY,8 X 750 GMS,FILLETS,62.87,83.58,79.4,conflict,,0,auto_high_confidence
17680,38104943,Al Kabeer Chicken Strips Non-Spicy 750 gm,Al Kabeer,Chicken Strips-Frozen,No Variant,Zing,750 gm,1,CKZSNS,ZING CHICKEN STRIPS NON-SPICY,8 X 750 GMS,STRIPS,91.68,82.35,78.24,exact,37.72,1,auto_high_confidence
17680,38104943,Al Kabeer Chicken Strips Non-Spicy 750 gm,Al Kabeer,Chicken Strips-Frozen,No Variant,Zing,750 gm,2,CKSK,SHISH KEBAB,600 Gms x 12 Pkts,KEBAB,53.96,46.81,85.5,conflict,,0,auto_high_confidence
17680,38104943,Al Kabeer Chicken Strips Non-Spicy 750 gm,Al Kabeer,Chicken Strips-Frozen,No Variant,Zing,750 gm,3,VVGP9,GREEN PEAS 900,900 gm x 10 Pkts,TRADING-VEG,53.21,44.68,85.5,conflict,,0,auto_high_confidence
17680,38104943,Al Kabeer Chicken Strips Non-Spicy 750 gm,Al Kabeer,Chicken Strips-Frozen,No Variant,Zing,750 gm,4,VVGP,GREEN PEAS,400 gm x 20 Pkts,TRADING-VEG,52.73,43.3,85.5,conflict,,0,auto_high_confidence
17680,38104943,Al Kabeer Chicken Strips Non-Spicy 750 gm,Al Kabeer,Chicken Strips-Frozen,No Variant,Zing,750 gm,5,CFB,BEEF FRANKS,454 Gms x 20 Pkts,SAUSAGES,50.88,38.0,85.5,conflict,,0,auto_high_confidence
17691,38196521,Al Kabeer breaded fish fillet 1 kg,Al Kabeer,Breaded Fish Fillet,No Variant,Breaded Seafood,1 kg,1,CFBFA,BREADED FISH FILLET BULK,1 Kgs x 5 Pkts,FILLETS,94.56,85.33,81.07,exact,11.98,1,auto_high_confidence
17691,38196521,Al Kabeer breaded fish fillet 1 kg,Al Kabeer,Breaded Fish Fillet,No Variant,Breaded Seafood,1 kg,2,CMBAKA,MEAT BALLS BULK,1 kg x 6  Pkts,MEAT BALLS,82.58,42.86,85.5,exact,,0,auto_high_confidence
17691,38196521,Al Kabeer breaded fish fillet 1 kg,Al Kabeer,Breaded Fish Fillet,No Variant,Breaded Seafood,1 kg,3,FFW1,WHITE FISH FILLET 1KG,1kg X 10 Pkts,FILLETS,81.31,71.64,68.06,exact,,0,auto_high_confidence
17691,38196521,Al Kabeer breaded fish fillet 1 kg,Al Kabeer,Breaded Fish Fillet,No Variant,Breaded Seafood,1 kg,4,VSC10,SWEET CORN BULK,1 kg x 10 Pkts,TRADING-VEG,81.07,38.55,85.5,exact,,0,auto_high_confidence
17691,38196521,Al Kabeer breaded fish fillet 1 kg,Al Kabeer,Breaded Fish Fillet,No Variant,Breaded Seafood,1 kg,5,CFBF,BREADED FISH FILLET,330 Gms x 20 Pkts,FILLETS,56.64,77.14,73.29,conflict,,0,auto_high_confidence
17820,38465583,Al Kabeer Breaded Chicken Burgers 840 gm,Al Kabeer,Chicken Burger-Frozen,Breaded,Frozen Burger,840 gm,1,CKBBADPR,AK PRO Breaded Chicken Burger Bag 840 g. x 8,840 gm x 8,BURGERS,100.0,91.14,86.58,exact,29.82,1,auto_high_confidence
17820,38465583,Al Kabeer Breaded Chicken Burgers 840 gm,Al Kabeer,Chicken Burger-Frozen,Breaded,Frozen Burger,840 gm,2,CKBBAD,Breaded Chicken Burger Bag (56 g.),840 g. x 9,BURGERS,70.18,91.14,86.58,conflict,,0,auto_high_confidence
17820,38465583,Al Kabeer Breaded Chicken Burgers 840 gm,Al Kabeer,Chicken Burger-Frozen,Breaded,Frozen Burger,840 gm,3,CBBUR,BEEF BURGERS 56 g.,840 g. x 9,BURGERS,57.7,57.5,85.5,conflict,,0,auto_high_confidence
17820,38465583,Al Kabeer Breaded Chicken Burgers 840 gm,Al Kabeer,Chicken Burger-Frozen,Breaded,Frozen Burger,840 gm,4,CBBO,4 BEEF BURGERS,200 Gms x 30 Pkt,BURGERS,55.91,52.38,85.5,conflict,,0,auto_high_confidence
17820,38465583,Al Kabeer Breaded Chicken Burgers 840 gm,Al Kabeer,Chicken Burger-Frozen,Breaded,Frozen Burger,840 gm,5,CBBOA,BEEF BURGERS BULK,2 Kgs x 5 Pkts,BURGERS,55.76,51.95,85.5,conflict,,0,auto_high_confidence
17935,38690758,Al Kabeer Zing Fish Fillets (750 gm),Al Kabeer,Breaded shrimp frozen,Spicy,Breaded Seafood,750 gm,1,CFZFB,ZING FISH FILLETS MILD SPICY,750 g. x 8,FILLETS,91.55,82.22,78.11,exact,16.6,1,auto_high_confidence
17935,38690758,Al Kabeer Zing Fish Fillets (750 gm),Al Kabeer,Breaded shrimp frozen,Spicy,Breaded Seafood,750 gm,2,CKBCFHDA,BREADED CHICKEN FILLET SPICY 750 GMS,750 GMS X 8 PKT,FILLETS,74.95,65.06,61.81,exact,,0,auto_high_confidence
17935,38690758,Al Kabeer Zing Fish Fillets (750 gm),Al Kabeer,Breaded shrimp frozen,Spicy,Breaded Seafood,750 gm,3,CKZFDA,ZING CHICKEN FILLETS SPICY 750 GRM,750 GMS X 8 PKT,FILLETS,74.76,64.86,61.62,exact,,0,auto_high_confidence
17935,38690758,Al Kabeer Zing Fish Fillets (750 gm),Al Kabeer,Breaded shrimp frozen,Spicy,Breaded Seafood,750 gm,4,CZSB,Zing Shrimps,750 gm x 8 Pkts,PRAWNS-SHRIMPS,73.4,63.46,60.29,exact,,0,auto_high_confidence
17935,38690758,Al Kabeer Zing Fish Fillets (750 gm),Al Kabeer,Breaded shrimp frozen,Spicy,Breaded Seafood,750 gm,5,CFB,BEEF FRANKS,454 Gms x 20 Pkts,SAUSAGES,51.44,39.62,85.5,conflict,,0,auto_high_confidence
18043,38906301,Al Kabeer Zing Chicken Strips 320 gm,Al Kabeer,Chicken Strips-Frozen,Spicy,Zing,320 gm,1,CKZS,ZING CHICKEN STRIPS,320 Gms x 20 Pkts,STRIPS,89.58,79.37,76.61,exact,22.92,1,auto_high_confidence
18043,38906301,Al Kabeer Zing Chicken Strips 320 gm,Al Kabeer,Chicken Strips-Frozen,Spicy,Zing,320 gm,2,CKZSCKNP,Zing Strips Non Spicy + Free Chicken Nuggets Combo Pack,(750 g.+750 g.) x 4,STRIPS,66.65,83.08,85.5,conflict,,0,auto_high_confidence
18043,38906301,Al Kabeer Zing Chicken Strips 320 gm,Al Kabeer,Chicken Strips-Frozen,Spicy,Zing,320 gm,3,CKZSDA,ZING CHICKEN STRIPS SPICY 750 GRM,750 GMS X 8 PKT,STRIPS,62.38,83.08,78.92,conflict,,0,auto_high_confidence
18043,38906301,Al Kabeer Zing Chicken Strips 320 gm,Al Kabeer,Chicken Strips-Frozen,Spicy,Zing,320 gm,4,CKZSNS,ZING CHICKEN STRIPS NON-SPICY,8 X 750 GMS,STRIPS,62.38,83.08,78.92,conflict,,0,auto_high_confidence
18043,38906301,Al Kabeer Zing Chicken Strips 320 gm,Al Kabeer,Chicken Strips-Frozen,Spicy,Zing,320 gm,5,CZFNSCFHP,Zing Chicken Fillets Non Spicy + Free Chicken Fillets Spicy,750+750 g. x 4,FILLETS,61.71,68.97,85.5,conflict,,0,auto_high_confidence
18044,38906305,Al Kabeer Zing Chicken Fillets (465 gm),Al Kabeer,Chicken Fillets-Frozen,Spicy,Zing,465 gm,1,CKZF,ZING CHICKEN FILLETS 465,465 Gms x 12 Pkts,FILLETS,89.59,80.0,76.29,exact,22.76,1,auto_high_confidence
18044,38906305,Al Kabeer Zing Chicken Fillets (465 gm),Al Kabeer,Chicken Fillets-Frozen,Spicy,Zing,465 gm,2,CZFNSCFHP,Zing Chicken Fillets Non Spicy + Free Chicken Fillets Spicy,750+750 g. x 4,FILLETS,66.83,83.58,85.5,conflict,,0,auto_high_confidence
18044,38906305,Al Kabeer Zing Chicken Fillets (465 gm),Al Kabeer,Chicken Fillets-Frozen,Spicy,Zing,465 gm,3,CKZFACKNP,Zing Chicken Fillets Spicy + Free Chicken Nuggets,1kg+750 g. x 3,FILLETS,62.87,83.58,79.4,conflict,,0,auto_high_confidence
18044,38906305,Al Kabeer Zing Chicken Fillets (465 gm),Al Kabeer,Chicken Fillets-Frozen,Spicy,Zing,465 gm,4,CKZFDA,ZING CHICKEN FILLETS SPICY 750 GRM,750 GMS X 8 PKT,FILLETS,62.87,83.58,79.4,conflict,,0,auto_high_confidence
18044,38906305,Al Kabeer Zing Chicken Fillets (465 gm),Al Kabeer,Chicken Fillets-Frozen,Spicy,Zing,465 gm,5,CKZFNS,ZING CHICKEN FILLET NON-SPICY,8 X 750 GMS,FILLETS,62.87,83.58,79.4,conflict,,0,auto_high_confidence
18098,39094997,"Al Kabeer Zing Chicken Strips, 320 gm ",Al Kabeer,Chicken Strips-Frozen,Spicy,Zing,320 gm,1,CKZS,ZING CHICKEN STRIPS,320 Gms x 20 Pkts,STRIPS,89.58,79.37,76.61,exact,22.92,1,auto_high_confidence
18098,39094997,"Al Kabeer Zing Chicken Strips, 320 gm ",Al Kabeer,Chicken Strips-Frozen,Spicy,Zing,320 gm,2,CKZSCKNP,Zing Strips Non Spicy + Free Chicken Nuggets Combo Pack,(750 g.+750 g.) x 4,STRIPS,66.65,83.08,85.5,conflict,,0,auto_high_confidence
18098,39094997,"Al Kabeer Zing Chicken Strips, 320 gm ",Al Kabeer,Chicken Strips-Frozen,Spicy,Zing,320 gm,3,CKZSDA,ZING CHICKEN STRIPS SPICY 750 GRM,750 GMS X 8 PKT,STRIPS,62.38,83.08,78.92,conflict,,0,auto_high_confidence
18098,39094997,"Al Kabeer Zing Chicken Strips, 320 gm ",Al Kabeer,Chicken Strips-Frozen,Spicy,Zing,320 gm,4,CKZSNS,ZING CHICKEN STRIPS NON-SPICY,8 X 750 GMS,STRIPS,62.38,83.08,78.92,conflict,,0,auto_high_confidence
18098,39094997,"Al Kabeer Zing Chicken Strips, 320 gm ",Al Kabeer,Chicken Strips-Frozen,Spicy,Zing,320 gm,5,CZFNSCFHP,Zing Chicken Fillets Non Spicy + Free Chicken Fillets Spicy,750+750 g. x 4,FILLETS,61.71,68.97,85.5,conflict,,0,auto_high_confidence
18120,39099558,Alkabeer Zing Chicken Strips 320 gm,Al Kabeer,Chicken Strips-Frozen,Spicy,Zing,320 gm,1,CKZS,ZING CHICKEN STRIPS,320 Gms x 20 Pkts,STRIPS,89.58,79.37,76.61,exact,22.92,1,auto_high_confidence
18120,39099558,Alkabeer Zing Chicken Strips 320 gm,Al Kabeer,Chicken Strips-Frozen,Spicy,Zing,320 gm,2,CKZSCKNP,Zing Strips Non Spicy + Free Chicken Nuggets Combo Pack,(750 g.+750 g.) x 4,STRIPS,66.65,83.08,85.5,conflict,,0,auto_high_confidence
18120,39099558,Alkabeer Zing Chicken Strips 320 gm,Al Kabeer,Chicken Strips-Frozen,Spicy,Zing,320 gm,3,CKZSDA,ZING CHICKEN STRIPS SPICY 750 GRM,750 GMS X 8 PKT,STRIPS,62.38,83.08,78.92,conflict,,0,auto_high_confidence
18120,39099558,Alkabeer Zing Chicken Strips 320 gm,Al Kabeer,Chicken Strips-Frozen,Spicy,Zing,320 gm,4,CKZSNS,ZING CHICKEN STRIPS NON-SPICY,8 X 750 GMS,STRIPS,62.38,83.08,78.92,conflict,,0,auto_high_confidence
18120,39099558,Alkabeer Zing Chicken Strips 320 gm,Al Kabeer,Chicken Strips-Frozen,Spicy,Zing,320 gm,5,CZFNSCFHP,Zing Chicken Fillets Non Spicy + Free Chicken Fillets Spicy,750+750 g. x 4,FILLETS,61.71,68.97,85.5,conflict,,0,auto_high_confidence
18191,39183489,Al Kabeer Chicken Fillet Bulk 750 gm,Al Kabeer,Chicken Fillets-Frozen,Spicy,Marinated & Breaded,750 gm,1,CKBCFHDA,BREADED CHICKEN FILLET SPICY 750 GMS,750 GMS X 8 PKT,FILLETS,100.0,91.26,86.7,exact,46.64,1,auto_high_confidence
18191,39183489,Al Kabeer Chicken Fillet Bulk 750 gm,Al Kabeer,Chicken Fillets-Frozen,Spicy,Marinated & Breaded,750 gm,2,CBBOA,BEEF BURGERS BULK,2 Kgs x 5 Pkts,BURGERS,53.36,45.1,85.5,conflict,,0,auto_high_confidence
18191,39183489,Al Kabeer Chicken Fillet Bulk 750 gm,Al Kabeer,Chicken Fillets-Frozen,Spicy,Marinated & Breaded,750 gm,3,CBBUR,BEEF BURGERS 56 g.,840 g. x 9,BURGERS,52.91,43.81,85.5,conflict,,0,auto_high_confidence
18191,39183489,Al Kabeer Chicken Fillet Bulk 750 gm,Al Kabeer,Chicken Fillets-Frozen,Spicy,Marinated & Breaded,750 gm,4,CBBO,4 BEEF BURGERS,200 Gms x 30 Pkt,BURGERS,51.7,40.37,85.5,conflict,,0,auto_high_confidence
18191,39183489,Al Kabeer Chicken Fillet Bulk 750 gm,Al Kabeer,Chicken Fillets-Frozen,Spicy,Marinated & Breaded,750 gm,5,CCSAKPR,A.K PRO CHEESE SAMOSA,4 X 1.2 KGS,SAMOSA,51.45,39.64,85.5,conflict,,0,auto_high_confidence
18273,39344616,Al Kabeer Chicken Burgers 840 gm,Al Kabeer,Chicken Burger-Frozen,Breaded,Frozen Burger,840 gm,1,CKBBADPR,AK PRO Breaded Chicken Burger Bag 840 g. x 8,840 gm x 8,BURGERS,100.0,91.14,86.58,exact,10.06,1,auto_high_confidence
18273,39344616,Al Kabeer Chicken Burgers 840 gm,Al Kabeer,Chicken Burger-Frozen,Breaded,Frozen Burger,840 gm,2,CKBBTY,TAYEBAT BREADED CHICKEN BURGERS 840 g. x 8 Pkts,840 g. x 8 Pkts,BURGERS,89.94,80.56,76.53,exact,,0,auto_high_confidence
18273,39344616,Al Kabeer Chicken Burgers 840 gm,Al Kabeer,Chicken Burger-Frozen,Breaded,Frozen Burger,840 gm,3,CKBBAD,Breaded Chicken Burger Bag (56 g.),840 g. x 9,BURGERS,70.18,91.14,86.58,conflict,,0,auto_high_confidence
18273,39344616,Al Kabeer Chicken Burgers 840 gm,Al Kabeer,Chicken Burger-Frozen,Breaded,Frozen Burger,840 gm,4,CKBBS,8 BREADED CHICKEN BURGER HOT & SPICY,400 gm x 12 Pkts,BURGERS,64.56,85.33,81.07,conflict,,0,auto_high_confidence
18273,39344616,Al Kabeer Chicken Burgers 840 gm,Al Kabeer,Chicken Burger-Frozen,Breaded,Frozen Burger,840 gm,5,CKKBJ,JUMBO BREADED CHICKEN BURGER 100G BULK,1000 GM X 6 PKTS,BURGERS,64.56,85.33,81.07,conflict,,0,auto_high_confidence
18326,39508438,Al Kabeer Seekh Kebab Beef/Chicken 320Gm,Al Kabeer,Seekh Kabab-Frozen,No Variant,Frozen Kabab ,320 gm,1,CKBS,8 BEEF SEEKH KEBAB,320 Gms x 24 Pkts,KEBAB,90.56,65.67,85.5,exact,36.83,1,auto_high_confidence
18326,39508438,Al Kabeer Seekh Kebab Beef/Chicken 320Gm,Al Kabeer,Seekh Kabab-Frozen,No Variant,Frozen Kabab ,320 gm,2,CFB,BEEF FRANKS,454 Gms x 20 Pkts,SAUSAGES,53.73,46.15,85.5,conflict,,0,auto_high_confidence
18326,39508438,Al Kabeer Seekh Kebab Beef/Chicken 320Gm,Al Kabeer,Seekh Kabab-Frozen,No Variant,Frozen Kabab ,320 gm,3,CBBO,4 BEEF BURGERS,200 Gms x 30 Pkt,BURGERS,53.29,44.9,85.5,conflict,,0,auto_high_confidence
18326,39508438,Al Kabeer Seekh Kebab Beef/Chicken 320Gm,Al Kabeer,Seekh Kabab-Frozen,No Variant,Frozen Kabab ,320 gm,4,CBBO24,24 BEEF BURGERS,1.2 Kgs x 8 Pkts,BURGERS,52.42,42.42,85.5,conflict,,0,auto_high_confidence
18326,39508438,Al Kabeer Seekh Kebab Beef/Chicken 320Gm,Al Kabeer,Seekh Kabab-Frozen,No Variant,Frozen Kabab ,320 gm,5,CCSK,KIRI CHEESE SAMOSA,20 X 240 GMS,SAMOSA,52.28,42.0,85.5,conflict,,0,auto_high_confidence
18515,16674173,Al Kabeer Plain 2x400gm,Al Kabeer,Paratha-Frozen,No Variant,Frozen Pranthas,400 gm,1,VPRWWP,Plain Paratha + Free Wheat Paratha Promo 400+400 g. x 12,400+400G X 12,PARATHA-WRAPS,90.91,66.67,85.5,exact,14.41,1,auto_high_confidence
18515,16674173,Al Kabeer Plain 2x400gm,Al Kabeer,Paratha-Frozen,No Variant,Frozen Pranthas,400 gm,2,VRTP,TAY. PARATHA PLAIN,400 gm x 24 Pkts,PARATHA-WRAPS,76.5,66.67,63.33,exact,,0,auto_high_confidence
18515,16674173,Al Kabeer Plain 2x400gm,Al Kabeer,Paratha-Frozen,No Variant,Frozen Pranthas,400 gm,3,VPR,PLAIN PARATHA,400 gm x 24 Pkts,PARATHA-WRAPS,75.85,66.0,62.7,exact,,0,auto_high_confidence
18515,16674173,Al Kabeer Plain 2x400gm,Al Kabeer,Paratha-Frozen,No Variant,Frozen Pranthas,400 gm,4,SVPRP,PARATHA PLAIN PROMO  400gmsx3 Pktsx8,400 gm x 3 Pkts x 8,PARATHA-WRAPS,73.57,63.64,60.45,exact,,0,auto_high_confidence
18515,16674173,Al Kabeer Plain 2x400gm,Al Kabeer,Paratha-Frozen,No Variant,Frozen Pranthas,400 gm,5,VPRW,PARATHA ROLL WHEAT,400 gm x 24 Pkts,PARATHA-WRAPS,69.13,59.05,56.1,exact,,0,auto_high_confidence
18528,16760450,Al Kabeer  ZING CHICKEN STRIPS 2X320 gm,Al Kabeer,Chicken Strips-Frozen,Spicy,Zing,320 gm,1,CKZS,ZING CHICKEN STRIPS,320 Gms x 20 Pkts,STRIPS,89.56,78.26,77.19,exact,23.4,1,auto_high_confidence
18528,16760450,Al Kabeer  ZING CHICKEN STRIPS 2X320 gm,Al Kabeer,Chicken Strips-Frozen,Spicy,Zing,320 gm,2,CKZSCKNP,Zing Strips Non Spicy + Free Chicken Nuggets Combo Pack,(750 g.+750 g.) x 4,STRIPS,66.17,81.69,85.5,conflict,,0,auto_high_confidence
18528,16760450,Al Kabeer  ZING CHICKEN STRIPS 2X320 gm,Al Kabeer,Chicken Strips-Frozen,Spicy,Zing,320 gm,3,CKZSDA,ZING CHICKEN STRIPS SPICY 750 GRM,750 GMS X 8 PKT,STRIPS,61.04,81.69,77.61,conflict,,0,auto_high_confidence
18528,16760450,Al Kabeer  ZING CHICKEN STRIPS 2X320 gm,Al Kabeer,Chicken Strips-Frozen,Spicy,Zing,320 gm,4,CKZSNS,ZING CHICKEN STRIPS NON-SPICY,8 X 750 GMS,STRIPS,61.04,81.69,77.61,conflict,,0,auto_high_confidence
18528,16760450,Al Kabeer  ZING CHICKEN STRIPS 2X320 gm,Al Kabeer,Chicken Strips-Frozen,Spicy,Zing,320 gm,5,CKZSNSAPR,AK PRO Zing Chicken Strips Non Spicy 1 kg x 10,1kg X 10pkts,STRIPS,57.72,78.26,74.35,conflict,,0,auto_high_confidence
18665,17493878,Al Kabeer Zing Chicken Strips 2x320gm,Al Kabeer,Chicken Strips-Frozen,Spicy,Zing,320 gm,1,CKZS,ZING CHICKEN STRIPS,320 Gms x 20 Pkts,STRIPS,88.23,75.56,76.59,exact,23.22,1,auto_high_confidence
18665,17493878,Al Kabeer Zing Chicken Strips 2x320gm,Al Kabeer,Chicken Strips-Frozen,Spicy,Zing,320 gm,2,CKZSCKNP,Zing Strips Non Spicy + Free Chicken Nuggets Combo Pack,(750 g.+750 g.) x 4,STRIPS,65.01,78.38,85.5,conflict,,0,auto_high_confidence
18665,17493878,Al Kabeer Zing Chicken Strips 2x320gm,Al Kabeer,Chicken Strips-Frozen,Spicy,Zing,320 gm,3,CKZSDA,ZING CHICKEN STRIPS SPICY 750 GRM,750 GMS X 8 PKT,STRIPS,58.3,78.38,75.18,conflict,,0,auto_high_confidence
18665,17493878,Al Kabeer Zing Chicken Strips 2x320gm,Al Kabeer,Chicken Strips-Frozen,Spicy,Zing,320 gm,4,CKZSNS,ZING CHICKEN STRIPS NON-SPICY,8 X 750 GMS,STRIPS,58.28,78.38,75.15,conflict,,0,auto_high_confidence
18665,17493878,Al Kabeer Zing Chicken Strips 2x320gm,Al Kabeer,Chicken Strips-Frozen,Spicy,Zing,320 gm,5,CKZSNSAPR,AK PRO Zing Chicken Strips Non Spicy 1 kg x 10,1kg X 10pkts,STRIPS,54.56,75.0,71.25,conflict,,0,auto_high_confidence
18720,18095106,Al Kabeer Zing Chicken Strips 2x320gm,Al Kabeer,Chicken Strips-Frozen,Spicy,Zing,320 gm,1,CKZS,ZING CHICKEN STRIPS,320 Gms x 20 Pkts,STRIPS,88.23,75.56,76.59,exact,23.22,1,auto_high_confidence
18720,18095106,Al Kabeer Zing Chicken Strips 2x320gm,Al Kabeer,Chicken Strips-Frozen,Spicy,Zing,320 gm,2,CKZSCKNP,Zing Strips Non Spicy + Free Chicken Nuggets Combo Pack,(750 g.+750 g.) x 4,STRIPS,65.01,78.38,85.5,conflict,,0,auto_high_confidence
18720,18095106,Al Kabeer Zing Chicken Strips 2x320gm,Al Kabeer,Chicken Strips-Frozen,Spicy,Zing,320 gm,3,CKZSDA,ZING CHICKEN STRIPS SPICY 750 GRM,750 GMS X 8 PKT,STRIPS,58.3,78.38,75.18,conflict,,0,auto_high_confidence
18720,18095106,Al Kabeer Zing Chicken Strips 2x320gm,Al Kabeer,Chicken Strips-Frozen,Spicy,Zing,320 gm,4,CKZSNS,ZING CHICKEN STRIPS NON-SPICY,8 X 750 GMS,STRIPS,58.28,78.38,75.15,conflict,,0,auto_high_confidence
18720,18095106,Al Kabeer Zing Chicken Strips 2x320gm,Al Kabeer,Chicken Strips-Frozen,Spicy,Zing,320 gm,5,CKZSNSAPR,AK PRO Zing Chicken Strips Non Spicy 1 kg x 10,1kg X 10pkts,STRIPS,54.56,75.0,71.25,conflict,,0,auto_high_confidence
18754,18445664,Al Kabeer Zng Chckn Fillts 465 Gm x 2,Al Kabeer,Chicken Fillets-Frozen,Spicy,Zing,465 gm,1,CKZF,ZING CHICKEN FILLETS 465,465 Gms x 12 Pkts,FILLETS,91.38,82.05,77.95,exact,26.52,1,auto_high_confidence
18754,18445664,Al Kabeer Zng Chckn Fillts 465 Gm x 2,Al Kabeer,Chicken Fillets-Frozen,Spicy,Zing,465 gm,2,CZFNSCFHP,Zing Chicken Fillets Non Spicy + Free Chicken Fillets Spicy,750+750 g. x 4,FILLETS,64.86,77.97,85.5,conflict,,0,auto_high_confidence
18754,18445664,Al Kabeer Zng Chckn Fillts 465 Gm x 2,Al Kabeer,Chicken Fillets-Frozen,Spicy,Zing,465 gm,3,CKZFDA,ZING CHICKEN FILLETS SPICY 750 GRM,750 GMS X 8 PKT,FILLETS,60.32,80.95,76.9,conflict,,0,auto_high_confidence
18754,18445664,Al Kabeer Zng Chckn Fillts 465 Gm x 2,Al Kabeer,Chicken Fillets-Frozen,Spicy,Zing,465 gm,4,CKZFNS,ZING CHICKEN FILLET NON-SPICY,8 X 750 GMS,FILLETS,59.07,79.66,75.68,conflict,,0,auto_high_confidence
18754,18445664,Al Kabeer Zng Chckn Fillts 465 Gm x 2,Al Kabeer,Chicken Fillets-Frozen,Spicy,Zing,465 gm,5,CKZSCKNP,Zing Strips Non Spicy + Free Chicken Nuggets Combo Pack,(750 g.+750 g.) x 4,STRIPS,58.74,60.47,85.5,conflict,,0,auto_high_confidence
18872,19748613,Al Kabeer zing chicken stripes 320gm x 2 pieces ,Al Kabeer,Chicken Strips-Frozen,Spicy,Zing,320 gm,1,CKZS,ZING CHICKEN STRIPS,320 Gms x 20 Pkts,STRIPS,89.4,80.0,76.0,exact,14.51,1,auto_high_confidence
18872,19748613,Al Kabeer zing chicken stripes 320gm x 2 pieces ,Al Kabeer,Chicken Strips-Frozen,Spicy,Zing,320 gm,2,CMBAK,MEAT BALLS,300 Gms x 20 Pkts,MEAT BALLS,74.89,40.91,85.5,close,,0,auto_high_confidence
18872,19748613,Al Kabeer zing chicken stripes 320gm x 2 pieces ,Al Kabeer,Chicken Strips-Frozen,Spicy,Zing,320 gm,3,CKZSDA,ZING CHICKEN STRIPS SPICY 750 GRM,750 GMS X 8 PKT,STRIPS,59.75,79.01,77.06,conflict,,0,auto_high_confidence
18872,19748613,Al Kabeer zing chicken stripes 320gm x 2 pieces ,Al Kabeer,Chicken Strips-Frozen,Spicy,Zing,320 gm,4,CKSK,SHISH KEBAB,600 Gms x 12 Pkts,KEBAB,57.06,55.67,85.5,conflict,,0,auto_high_confidence
18872,19748613,Al Kabeer zing chicken stripes 320gm x 2 pieces ,Al Kabeer,Chicken Strips-Frozen,Spicy,Zing,320 gm,5,CKZSNS,ZING CHICKEN STRIPS NON-SPICY,8 X 750 GMS,STRIPS,55.13,73.42,72.97,conflict,,0,auto_high_confidence
18971,21778488,Al Kabeer Chicken Burgers 840GM,Al Kabeer,Chicken Burger-Frozen,Breaded,Frozen Burger,840 gm,1,CKBBADPR,AK PRO Breaded Chicken Burger Bag 840 g. x 8,840 gm x 8,BURGERS,96.95,87.8,83.41,exact,30.0,1,auto_high_confidence
18971,21778488,Al Kabeer Chicken Burgers 840GM,Al Kabeer,Chicken Burger-Frozen,Breaded,Frozen Burger,840 gm,2,CKBBAD,Breaded Chicken Burger Bag (56 g.),840 g. x 9,BURGERS,66.95,87.8,83.41,conflict,,0,auto_high_confidence
18971,21778488,Al Kabeer Chicken Burgers 840GM,Al Kabeer,Chicken Burger-Frozen,Breaded,Frozen Burger,840 gm,3,CKBBS,8 BREADED CHICKEN BURGER HOT & SPICY,400 gm x 12 Pkts,BURGERS,61.38,82.05,77.95,conflict,,0,auto_high_confidence
18971,21778488,Al Kabeer Chicken Burgers 840GM,Al Kabeer,Chicken Burger-Frozen,Breaded,Frozen Burger,840 gm,4,CKKBJ,JUMBO BREADED CHICKEN BURGER 100G BULK,1000 GM X 6 PKTS,BURGERS,61.38,82.05,77.95,conflict,,0,auto_high_confidence
18971,21778488,Al Kabeer Chicken Burgers 840GM,Al Kabeer,Chicken Burger-Frozen,Breaded,Frozen Burger,840 gm,5,CBBOA,BEEF BURGERS BULK,2 Kgs x 5 Pkts,BURGERS,55.95,52.5,85.5,conflict,,0,auto_high_confidence
19028,22622817,Al Kabeer Zing Chicken Strips 2x320gm,Al Kabeer,Chicken Strips-Frozen,Spicy,Zing,320 gm,1,CKZS,ZING CHICKEN STRIPS,320 Gms x 20 Pkts,STRIPS,88.23,75.56,76.59,exact,23.22,1,auto_high_confidence
19028,22622817,Al Kabeer Zing Chicken Strips 2x320gm,Al Kabeer,Chicken Strips-Frozen,Spicy,Zing,320 gm,2,CKZSCKNP,Zing Strips Non Spicy + Free Chicken Nuggets Combo Pack,(750 g.+750 g.) x 4,STRIPS,65.01,78.38,85.5,conflict,,0,auto_high_confidence
19028,22622817,Al Kabeer Zing Chicken Strips 2x320gm,Al Kabeer,Chicken Strips-Frozen,Spicy,Zing,320 gm,3,CKZSDA,ZING CHICKEN STRIPS SPICY 750 GRM,750 GMS X 8 PKT,STRIPS,58.3,78.38,75.18,conflict,,0,auto_high_confidence
19028,22622817,Al Kabeer Zing Chicken Strips 2x320gm,Al Kabeer,Chicken Strips-Frozen,Spicy,Zing,320 gm,4,CKZSNS,ZING CHICKEN STRIPS NON-SPICY,8 X 750 GMS,STRIPS,58.28,78.38,75.15,conflict,,0,auto_high_confidence
19028,22622817,Al Kabeer Zing Chicken Strips 2x320gm,Al Kabeer,Chicken Strips-Frozen,Spicy,Zing,320 gm,5,CKZSNSAPR,AK PRO Zing Chicken Strips Non Spicy 1 kg x 10,1kg X 10pkts,STRIPS,54.56,75.0,71.25,conflict,,0,auto_high_confidence
19181,24606642,Al Kabeer Zing Chicken Strips  2x320gm,Al Kabeer,Chicken Strips-Frozen,Spicy,Zing,320 gm,1,CKZS,ZING CHICKEN STRIPS,320 Gms x 20 Pkts,STRIPS,88.23,75.56,76.59,exact,23.22,1,auto_high_confidence
19181,24606642,Al Kabeer Zing Chicken Strips  2x320gm,Al Kabeer,Chicken Strips-Frozen,Spicy,Zing,320 gm,2,CKZSCKNP,Zing Strips Non Spicy + Free Chicken Nuggets Combo Pack,(750 g.+750 g.) x 4,STRIPS,65.01,78.38,85.5,conflict,,0,auto_high_confidence
19181,24606642,Al Kabeer Zing Chicken Strips  2x320gm,Al Kabeer,Chicken Strips-Frozen,Spicy,Zing,320 gm,3,CKZSDA,ZING CHICKEN STRIPS SPICY 750 GRM,750 GMS X 8 PKT,STRIPS,58.3,78.38,75.18,conflict,,0,auto_high_confidence
19181,24606642,Al Kabeer Zing Chicken Strips  2x320gm,Al Kabeer,Chicken Strips-Frozen,Spicy,Zing,320 gm,4,CKZSNS,ZING CHICKEN STRIPS NON-SPICY,8 X 750 GMS,STRIPS,58.28,78.38,75.15,conflict,,0,auto_high_confidence
19181,24606642,Al Kabeer Zing Chicken Strips  2x320gm,Al Kabeer,Chicken Strips-Frozen,Spicy,Zing,320 gm,5,CKZSNSAPR,AK PRO Zing Chicken Strips Non Spicy 1 kg x 10,1kg X 10pkts,STRIPS,54.56,75.0,71.25,conflict,,0,auto_high_confidence
19216,25115479,Al Kabeer Zing Chicken Strips 320 gm X2,Al Kabeer,Chicken Strips-Frozen,Spicy,Zing,320 gm,1,CKZS,ZING CHICKEN STRIPS,320 Gms x 20 Pkts,STRIPS,89.56,78.26,77.19,exact,23.4,1,auto_high_confidence
19216,25115479,Al Kabeer Zing Chicken Strips 320 gm X2,Al Kabeer,Chicken Strips-Frozen,Spicy,Zing,320 gm,2,CKZSCKNP,Zing Strips Non Spicy + Free Chicken Nuggets Combo Pack,(750 g.+750 g.) x 4,STRIPS,66.17,81.69,85.5,conflict,,0,auto_high_confidence
19216,25115479,Al Kabeer Zing Chicken Strips 320 gm X2,Al Kabeer,Chicken Strips-Frozen,Spicy,Zing,320 gm,3,CKZSDA,ZING CHICKEN STRIPS SPICY 750 GRM,750 GMS X 8 PKT,STRIPS,61.04,81.69,77.61,conflict,,0,auto_high_confidence
19216,25115479,Al Kabeer Zing Chicken Strips 320 gm X2,Al Kabeer,Chicken Strips-Frozen,Spicy,Zing,320 gm,4,CKZSNS,ZING CHICKEN STRIPS NON-SPICY,8 X 750 GMS,STRIPS,61.04,81.69,77.61,conflict,,0,auto_high_confidence
19216,25115479,Al Kabeer Zing Chicken Strips 320 gm X2,Al Kabeer,Chicken Strips-Frozen,Spicy,Zing,320 gm,5,CKZSNSAPR,AK PRO Zing Chicken Strips Non Spicy 1 kg x 10,1kg X 10pkts,STRIPS,57.72,78.26,74.35,conflict,,0,auto_high_confidence
19240,25681848,Al Kabeer mutton or cheese samosa 240 gm 2 pcs,Al Kabeer,Samosa-Frozen,Mutton,"Frozen Pizzas, Wraps, Sandwiches",240 gm,1,CCSAK,12 CHEESE SAMOSAS,240 Gms x 20 Pkts,SAMOSA,89.11,61.54,85.5,exact,31.99,1,auto_high_confidence
19240,25681848,Al Kabeer mutton or cheese samosa 240 gm 2 pcs,Al Kabeer,Samosa-Frozen,Mutton,"Frozen Pizzas, Wraps, Sandwiches",240 gm,2,CCSAKA,CHEESE SAMOSAS BULK,1.2 Kgs x 4 Pkts,SAMOSA,57.12,55.86,85.5,conflict,,0,auto_high_confidence
19240,25681848,Al Kabeer mutton or cheese samosa 240 gm 2 pcs,Al Kabeer,Samosa-Frozen,Mutton,"Frozen Pizzas, Wraps, Sandwiches",240 gm,3,CCSAKPR,A.K PRO CHEESE SAMOSA,4 X 1.2 KGS,SAMOSA,54.43,48.15,85.5,conflict,,0,auto_high_confidence
19240,25681848,Al Kabeer mutton or cheese samosa 240 gm 2 pcs,Al Kabeer,Samosa-Frozen,Mutton,"Frozen Pizzas, Wraps, Sandwiches",240 gm,4,CCCB,CHICKEN BIRYANI 400,400 Gms x 12 Pkts,READY2EAT,52.31,42.11,85.5,conflict,,0,auto_high_confidence
19240,25681848,Al Kabeer mutton or cheese samosa 240 gm 2 pcs,Al Kabeer,Samosa-Frozen,Mutton,"Frozen Pizzas, Wraps, Sandwiches",240 gm,5,CBBO,4 BEEF BURGERS,200 Gms x 30 Pkt,BURGERS,52.1,41.51,85.5,conflict,,0,auto_high_confidence
19525,30593903,Al Kabeer Zing Chicken Strips 2x320 gm,Al Kabeer,Chicken Strips-Frozen,Spicy,Zing,320 gm,1,CKZS,ZING CHICKEN STRIPS,320 Gms x 20 Pkts,STRIPS,89.56,78.26,77.19,exact,23.4,1,auto_high_confidence
19525,30593903,Al Kabeer Zing Chicken Strips 2x320 gm,Al Kabeer,Chicken Strips-Frozen,Spicy,Zing,320 gm,2,CKZSCKNP,Zing Strips Non Spicy + Free Chicken Nuggets Combo Pack,(750 g.+750 g.) x 4,STRIPS,66.17,81.69,85.5,conflict,,0,auto_high_confidence
19525,30593903,Al Kabeer Zing Chicken Strips 2x320 gm,Al Kabeer,Chicken Strips-Frozen,Spicy,Zing,320 gm,3,CKZSDA,ZING CHICKEN STRIPS SPICY 750 GRM,750 GMS X 8 PKT,STRIPS,61.04,81.69,77.61,conflict,,0,auto_high_confidence
19525,30593903,Al Kabeer Zing Chicken Strips 2x320 gm,Al Kabeer,Chicken Strips-Frozen,Spicy,Zing,320 gm,4,CKZSNS,ZING CHICKEN STRIPS NON-SPICY,8 X 750 GMS,STRIPS,61.04,81.69,77.61,conflict,,0,auto_high_confidence
19525,30593903,Al Kabeer Zing Chicken Strips 2x320 gm,Al Kabeer,Chicken Strips-Frozen,Spicy,Zing,320 gm,5,CKZSNSAPR,AK PRO Zing Chicken Strips Non Spicy 1 kg x 10,1kg X 10pkts,STRIPS,57.72,78.26,74.35,conflict,,0,auto_high_confidence
19542,30843574,Al Kabeer zing chicken strips 320 gm 2 pcs,Al Kabeer,Chicken Strips-Frozen,Spicy,Zing,320 gm,1,CKZS,ZING CHICKEN STRIPS,320 Gms x 20 Pkts,STRIPS,88.43,78.87,75.12,exact,22.09,1,auto_high_confidence
19542,30843574,Al Kabeer zing chicken strips 320 gm 2 pcs,Al Kabeer,Chicken Strips-Frozen,Spicy,Zing,320 gm,2,CKZSCKNP,Zing Strips Non Spicy + Free Chicken Nuggets Combo Pack,(750 g.+750 g.) x 4,STRIPS,66.34,82.19,85.5,conflict,,0,auto_high_confidence
19542,30843574,Al Kabeer zing chicken strips 320 gm 2 pcs,Al Kabeer,Chicken Strips-Frozen,Spicy,Zing,320 gm,3,CKZSDA,ZING CHICKEN STRIPS SPICY 750 GRM,750 GMS X 8 PKT,STRIPS,61.52,82.19,78.08,conflict,,0,auto_high_confidence
19542,30843574,Al Kabeer zing chicken strips 320 gm 2 pcs,Al Kabeer,Chicken Strips-Frozen,Spicy,Zing,320 gm,4,CKZSNS,ZING CHICKEN STRIPS NON-SPICY,8 X 750 GMS,STRIPS,56.64,77.14,73.29,conflict,,0,auto_high_confidence
19542,30843574,Al Kabeer zing chicken strips 320 gm 2 pcs,Al Kabeer,Chicken Strips-Frozen,Spicy,Zing,320 gm,5,CKZSSR,ZING CHICKEN STRIPS SRIRACHA,700 GM X 8 PKT,STRIPS,53.16,71.64,70.9,conflict,,0,auto_high_confidence
19693,33823930,Al Kabeer Beef/Chicken Kabab 2X320 gm,Al Kabeer,Seekh Kabab-Frozen,No Variant,Frozen Kabab ,320 gm,1,CKBS,8 BEEF SEEKH KEBAB,320 Gms x 24 Pkts,KEBAB,89.22,61.86,85.5,exact,33.58,1,auto_high_confidence
19693,33823930,Al Kabeer Beef/Chicken Kabab 2X320 gm,Al Kabeer,Seekh Kabab-Frozen,No Variant,Frozen Kabab ,320 gm,2,CBBO,4 BEEF BURGERS,200 Gms x 30 Pkt,BURGERS,55.64,51.61,85.5,conflict,,0,auto_high_confidence
19693,33823930,Al Kabeer Beef/Chicken Kabab 2X320 gm,Al Kabeer,Seekh Kabab-Frozen,No Variant,Frozen Kabab ,320 gm,3,CBBO24,24 BEEF BURGERS,1.2 Kgs x 8 Pkts,BURGERS,54.7,48.94,85.5,conflict,,0,auto_high_confidence
19693,33823930,Al Kabeer Beef/Chicken Kabab 2X320 gm,Al Kabeer,Seekh Kabab-Frozen,No Variant,Frozen Kabab ,320 gm,4,CFB,BEEF FRANKS,454 Gms x 20 Pkts,SAUSAGES,54.54,48.48,85.5,conflict,,0,auto_high_confidence
19693,33823930,Al Kabeer Beef/Chicken Kabab 2X320 gm,Al Kabeer,Seekh Kabab-Frozen,No Variant,Frozen Kabab ,320 gm,5,CBBOA,BEEF BURGERS BULK,2 Kgs x 5 Pkts,BURGERS,53.85,46.51,85.5,conflict,,0,auto_high_confidence
19921,39184597,Al Kabeer Beef/Chicken Kabab 2X320 gm,Al Kabeer,Seekh Kabab-Frozen,No Variant,Frozen Kabab ,320 gm,1,CKBS,8 BEEF SEEKH KEBAB,320 Gms x 24 Pkts,KEBAB,89.22,61.86,85.5,exact,33.58,1,auto_high_confidence
19921,39184597,Al Kabeer Beef/Chicken Kabab 2X320 gm,Al Kabeer,Seekh Kabab-Frozen,No Variant,Frozen Kabab ,320 gm,2,CBBO,4 BEEF BURGERS,200 Gms x 30 Pkt,BURGERS,55.64,51.61,85.5,conflict,,0,auto_high_confidence
19921,39184597,Al Kabeer Beef/Chicken Kabab 2X320 gm,Al Kabeer,Seekh Kabab-Frozen,No Variant,Frozen Kabab ,320 gm,3,CBBO24,24 BEEF BURGERS,1.2 Kgs x 8 Pkts,BURGERS,54.7,48.94,85.5,conflict,,0,auto_high_confidence
19921,39184597,Al Kabeer Beef/Chicken Kabab 2X320 gm,Al Kabeer,Seekh Kabab-Frozen,No Variant,Frozen Kabab ,320 gm,4,CFB,BEEF FRANKS,454 Gms x 20 Pkts,SAUSAGES,54.54,48.48,85.5,conflict,,0,auto_high_confidence
19921,39184597,Al Kabeer Beef/Chicken Kabab 2X320 gm,Al Kabeer,Seekh Kabab-Frozen,No Variant,Frozen Kabab ,320 gm,5,CBBOA,BEEF BURGERS BULK,2 Kgs x 5 Pkts,BURGERS,53.85,46.51,85.5,conflict,,0,auto_high_confidence
20089,22390677,AL KABEER CHICKEN BURGERS 3PCS X 200GM,Al Kabeer,Chicken Burger-Frozen,Unbreaded,Frozen Burger,200 gm,1,CBBO,4 BEEF BURGERS,200 Gms x 30 Pkt,BURGERS,89.95,63.92,85.5,exact,32.37,1,auto_high_confidence
20089,22390677,AL KABEER CHICKEN BURGERS 3PCS X 200GM,Al Kabeer,Chicken Burger-Frozen,Unbreaded,Frozen Burger,200 gm,2,CBBO24,24 BEEF BURGERS,1.2 Kgs x 8 Pkts,BURGERS,57.58,57.14,85.5,conflict,,0,auto_high_confidence
20089,22390677,AL KABEER CHICKEN BURGERS 3PCS X 200GM,Al Kabeer,Chicken Burger-Frozen,Unbreaded,Frozen Burger,200 gm,3,CBBOA,BEEF BURGERS BULK,2 Kgs x 5 Pkts,BURGERS,56.24,53.33,85.5,conflict,,0,auto_high_confidence
20089,22390677,AL KABEER CHICKEN BURGERS 3PCS X 200GM,Al Kabeer,Chicken Burger-Frozen,Unbreaded,Frozen Burger,200 gm,4,CBBUR,BEEF BURGERS 56 g.,840 g. x 9,BURGERS,54.89,49.46,85.5,conflict,,0,auto_high_confidence
20089,22390677,AL KABEER CHICKEN BURGERS 3PCS X 200GM,Al Kabeer,Chicken Burger-Frozen,Unbreaded,Frozen Burger,200 gm,5,CFB,BEEF FRANKS,454 Gms x 20 Pkts,SAUSAGES,54.57,48.54,85.5,conflict,,0,auto_high_confidence
