dump_row_id,offerid,offer_name,brand_name,dump_product,dump_variant,dump_segment,dump_packsize,candidate_rank,master_itemcode,master_itemname,master_item_spec,master_category,match_score,token_set_score,wratio_score,size_status,top1_margin,label,label_source
2,15704454,Al Kabeer krazee Chicken nuggets 750gm,Al Kabeer,Chicken Nuggets-Frozen,No Variant,Marinated & Breaded,750 gm,1,CFB,BEEF FRANKS,454 Gms x 20 Pkts,SAUSAGES,52.41,42.37,85.5,conflict,0.06,,manual_required
14,15713856,Al Kabeer Paneer Cubes 200gm,Al Kabeer,Paneer,No Variant,Paneer,200 gm,1,CKCCR,CHICKEN ‘N’ CHEESE RINGS 300,300 gms x 12 pkts,POP-CORN & CHICKEN FRIES,52.31,42.11,85.5,conflict,0.09,,manual_required
18,15721455,AL KABEER ZING CHICKEN STRIPS/FILLET 750 GM,Al Kabeer,Chicken Strips-Frozen,No Variant,Zing,750 gm,1,CKSK,SHISH KEBAB,600 Gms x 12 Pkts,KEBAB,53.73,46.15,85.5,conflict,0.35,,manual_required
19,15721455,AL KABEER ZING CHICKEN STRIPS/FILLET 750 GM,Al Kabeer,Chicken Fillets-Frozen,No Variant,Zing,750 gm,1,CKSK,SHISH KEBAB,600 Gms x 12 Pkts,KEBAB,53.13,44.44,85.5,conflict,0.31,,manual_required
20,15723587,ALKABEER TENDER CHICKEN BREAST 1000GM,Al Kabeer,Chicken Breast-Frozen,No Variant,Frozen Chicken Parts,1000 gm,1,CFBF,BREADED FISH FILLET,330 Gms x 20 Pkts,FILLETS,52.58,42.86,85.5,conflict,0.19,,manual_required
24,15723595,AL KABEER CHICKEN NUGGETS 750GM + AL KABEER SAMOSA 240GM,Al Kabeer,Chicken Nuggets-Frozen,No Variant,Marinated & Breaded,750 gm,1,CCSK,KIRI CHEESE SAMOSA,20 X 240 GMS,SAMOSA,54.19,47.46,85.5,conflict,0.07,,manual_required
25,15723596,ALKABEER FRENCH FRIES 2500GM,Al Kabeer,French Fries-Frozen,No Variant,Frozen Fries & Onion Rings,2.5 kg,1,CKKB24,24 CHICKEN BURGERS,1.2 Kgs x 8 Pkts,BURGERS,52.13,41.58,85.5,conflict,0.28,,manual_required
26,15723597,ALKABEER CHICKEN NUGGETS / BREADED CHICKEN FILLET 750GM,Al Kabeer,Chicken Nuggets-Frozen,No Variant,Marinated & Breaded,750 gm,1,CCF,CHICKEN FRIES,12 PKTS X 400 GRM,POP-CORN & CHICKEN FRIES,54.63,48.74,85.5,conflict,0.22,,manual_required
27,15723597,ALKABEER CHICKEN NUGGETS / BREADED CHICKEN FILLET 750GM,Al Kabeer,Chicken Fillets-Frozen,No Variant,Marinated & Breaded,750 gm,1,CCF,CHICKEN FRIES,12 PKTS X 400 GRM,POP-CORN & CHICKEN FRIES,54.11,47.24,85.5,conflict,0.15,,manual_required
29,15723601,AL-KABEER ZING CHICKEN FILLET (NISPC) 750GM,Al Kabeer,Chicken Fillets-Frozen,No Variant,Zing,750 gm,1,CKSAPR,AK PRO CHICKEN SAMOSA,4 X 1.2 KGS,SAMOSA,53.21,44.66,85.5,conflict,0.38,,manual_required
33,15727826,AL KABEER ZING CHICKEN FILLET NO SPICY 750GR,Al Kabeer,Chicken Fillets-Frozen,No Variant,Zing,750 gm,1,CKN,CHICKEN NUGGETS,270 Gms x 20 Pkts,NUGGETS,54.17,47.42,85.5,conflict,1.12,,manual_required
36,15727831,AL KABEER CHICKEN NUGGET / FILLET 750 GR,Al Kabeer,Chicken Nuggets-Frozen,No Variant,Marinated & Breaded,750 gm,1,CFBF,BREADED FISH FILLET,330 Gms x 20 Pkts,FILLETS,54.69,48.89,85.5,conflict,1.5,,manual_required
51,15734328,"AL KABEER MIXED VEGETABLES, 900 GRAMS",Al Kabeer,Mix Vegetables-Frozen,No Variant,Frozen Vegetables,900 gm,1,CFBJ,JUMBO HOTDOGS,400 Gms x 20 Pkts,SAUSAGES,51.88,40.86,85.5,conflict,0.3,,manual_required
53,15737244,Al Kabeer Chicken Nuggets Bulk 750gm,Al Kabeer,Chicken Nuggets-Frozen,No Variant,Marinated & Breaded,750 gm,1,CBBUR,BEEF BURGERS 56 g.,840 g. x 9,BURGERS,52.76,43.4,85.5,conflict,0.19,,manual_required
92,15746578,Al Kabeer Punjabi Samosa 900g,Al Kabeer,Samosa-Frozen,Punjabi,"Frozen Pizzas, Wraps, Sandwiches",900 gm,1,CCSAK,12 CHEESE SAMOSAS,240 Gms x 20 Pkts,SAMOSA,53.89,46.6,85.5,conflict,0.67,,manual_required
93,15747051,Kabeer Nuggets 750gm/ Breaded Chicken Fillet 750gm,Al Kabeer,Chicken Nuggets-Frozen,No Variant,Marinated & Breaded,750 gm,1,BF,BEEF TENDERLOIN/FILLET,20 KGS,MEAT-INDIAN-TRD,54.08,47.14,85.5,conflict,0.3,,manual_required
94,15747051,Kabeer Nuggets 750gm/ Breaded Chicken Fillet 750gm,Al Kabeer,Chicken Fillets-Frozen,No Variant,Marinated & Breaded,750 gm,1,BF,BEEF TENDERLOIN/FILLET,20 KGS,MEAT-INDIAN-TRD,53.66,45.95,85.5,conflict,0.34,,manual_required
99,15747645,Al Kabeer Zing Chicken Strips Non-Spicy 750gm + Chicken Nuggets 750gm,Al Kabeer,Chicken Strips-Frozen,No Variant,Zing,750 gm,1,CCKSB,CHICKEN STICKS BULK,1 Kgs x 5 Pkts,STICKS & FINGERS,54.58,48.6,85.5,conflict,0.9,,manual_required
105,15763662,Al Kabeer Zing Chicken Popcorn/ Fillets/Strips 750gm,Al Kabeer,Chicken Popcorn-Frozen,No Variant,Marinated & Breaded,750 gm,1,CCKSB,CHICKEN STICKS BULK,1 Kgs x 5 Pkts,STICKS & FINGERS,54.66,48.82,85.5,conflict,1.16,,manual_required
106,15763662,Al Kabeer Zing Chicken Popcorn/ Fillets/Strips 750gm,Al Kabeer,Chicken Fillets-Frozen,No Variant,Zing,750 gm,1,CFBF,BREADED FISH FILLET,330 Gms x 20 Pkts,FILLETS,52.87,43.7,85.5,conflict,0.56,,manual_required
107,15763662,Al Kabeer Zing Chicken Popcorn/ Fillets/Strips 750gm,Al Kabeer,Chicken Strips-Frozen,No Variant,Zing,750 gm,1,CKBW,BBQ CHICKEN WINGS 400,400 Gms x 12 Pkts,WINGS,53.52,45.54,85.5,conflict,0.65,,manual_required
108,15764095,Al Kabeer Zing Chicken Strips /Fillets Non Spicy 750 gm,Al Kabeer,Chicken Fillets-Frozen,No Variant,Zing,750 gm,1,CFBF,BREADED FISH FILLET,330 Gms x 20 Pkts,FILLETS,53.0,44.07,85.5,conflict,1.18,,manual_required
109,15764095,Al Kabeer Zing Chicken Strips /Fillets Non Spicy 750 gm,Al Kabeer,Chicken Strips-Frozen,No Variant,Zing,750 gm,1,CFBF,BREADED FISH FILLET,330 Gms x 20 Pkts,FILLETS,53.0,44.07,85.5,conflict,1.18,,manual_required
113,15785524,Al Kabeer Zing Strips Non Spicy 750g + Chicken Nuggets 750g Free,Al Kabeer,Chicken Strips-Frozen,No Variant,Zing,750 gm,1,CCKSB,CHICKEN STICKS BULK,1 Kgs x 5 Pkts,STICKS & FINGERS,54.27,47.71,85.5,conflict,0.87,,manual_required
114,15788674,Al Kabeer Zink Chicken Strips Non Spicy 750g,Al Kabeer,Chicken Strips-Frozen,No Variant,Zing,750 gm,1,CKSAA,CHICKEN SAMOSAS BULK,1.2 Kgs x 4 Pkts,SAMOSA,52.91,43.81,85.5,conflict,1.47,,manual_required
118,15804425,Al Kabeer krazee Chicken nuggets 750gm ,Al Kabeer,Chicken Nuggets-Frozen,No Variant,Marinated & Breaded,750 gm,1,CFB,BEEF FRANKS,454 Gms x 20 Pkts,SAUSAGES,52.41,42.37,85.5,conflict,0.06,,manual_required
137,15807357,Al Kabeer Stuffed Felafel 750gm,Al Kabeer,Falafel-Frozen,Stuffed,"Frozen Pizzas, Wraps, Sandwiches",750 gm,1,CFB,BEEF FRANKS,454 Gms x 20 Pkts,SAUSAGES,51.58,40.0,85.5,conflict,1.22,,manual_required
147,15822813,AL KABER CHICKEN NUGGETS 750 GM + AL KABEER SAMOSA 240 GM ,Al Kabeer,Chicken Nuggets-Frozen,No Variant,Marinated & Breaded,750 gm,1,CCF,CHICKEN FRIES,12 PKTS X 400 GRM,POP-CORN & CHICKEN FRIES,54.4,48.06,85.5,conflict,0.67,,manual_required
151,15822817,ALKABEER ZING CHICKEN FILLETS NON-SPICY 750GM + BREADED CHICKEN FILLETS 750GM,Al Kabeer,Chicken Fillets-Frozen,No Variant,Zing,750 gm,1,CCKSB,CHICKEN STICKS BULK,1 Kgs x 5 Pkts,STICKS & FINGERS,54.43,48.15,85.5,conflict,0.13,,manual_required
153,15822821,ALKABEER FRENCH FRIES 2500GM,Al Kabeer,French Fries-Frozen,No Variant,Frozen Fries & Onion Rings,2.5 kg,1,CKKB24,24 CHICKEN BURGERS,1.2 Kgs x 8 Pkts,BURGERS,52.13,41.58,85.5,conflict,0.28,,manual_required
162,15830921,Al Kabeer Krazee Chicken Nuggets 750 gm,Al Kabeer,Chicken Nuggets-Frozen,No Variant,Marinated & Breaded,750 gm,1,CFB,BEEF FRANKS,454 Gms x 20 Pkts,SAUSAGES,52.18,41.74,85.5,conflict,0.05,,manual_required
175,15836797,Al Kabeer Krazee Chicken Nuggets 750gm,Al Kabeer,Chicken Nuggets-Frozen,No Variant,Marinated & Breaded,750 gm,1,CFB,BEEF FRANKS,454 Gms x 20 Pkts,SAUSAGES,52.41,42.37,85.5,conflict,0.06,,manual_required
178,15840422,Al Kabeer Kraze Chicken Nugets 750gm,Al Kabeer,Chicken Nuggets-Frozen,No Variant,Marinated & Breaded,750 gm,1,CKBCS,BEEF COCKTAIL SAUSAGES,400 Gms x 20 Pkts,SAUSAGES,52.58,42.86,85.5,conflict,0.32,,manual_required
182,15840985,Al Kabeer Paneer Cubes 200gm,Al Kabeer,Paneer,No Variant,Paneer,200 gm,1,CKCCR,CHICKEN ‘N’ CHEESE RINGS 300,300 gms x 12 pkts,POP-CORN & CHICKEN FRIES,52.31,42.11,85.5,conflict,0.09,,manual_required
186,15851450,Al Kabeer Chicken Nuggets 1000g,Al Kabeer,Chicken Nuggets-Frozen,No Variant,Marinated & Breaded,1 kg,1,CFB,BEEF FRANKS,454 Gms x 20 Pkts,SAUSAGES,52.31,42.11,85.5,conflict,0.1,,manual_required
189,15862060,Al kabeer Chicken Pop Corn 750gm,Al Kabeer,Chicken Popcorn-Frozen,No Variant,Marinated & Breaded,750 gm,1,CKCKB,CHICKEN BURGERS 56 g,840 g. x 9,BURGERS,51.89,40.91,85.5,conflict,0.44,,manual_required
204,15878402,Al Kabeer Zing Strips Non Spicy 750g + Chicken Nuggets 750g Free,Al Kabeer,Chicken Strips-Frozen,No Variant,Zing,750 gm,1,CCKSB,CHICKEN STICKS BULK,1 Kgs x 5 Pkts,STICKS & FINGERS,54.27,47.71,85.5,conflict,0.87,,manual_required
206,15884843,Al Kabeer Zing Chicken Strips Non Spicy 750gm + Chicken Nuggets 750gm,Al Kabeer,Chicken Strips-Frozen,No Variant,Zing,750 gm,1,CCKSB,CHICKEN STICKS BULK,1 Kgs x 5 Pkts,STICKS & FINGERS,54.58,48.6,85.5,conflict,0.9,,manual_required
207,15893471,Al Kabeer Zing Chicken Strips/Fillet 750gm,Al Kabeer,Chicken Fillets-Frozen,No Variant,Zing,750 gm,1,CKSAA,CHICKEN SAMOSAS BULK,1.2 Kgs x 4 Pkts,SAMOSA,53.13,44.44,85.5,conflict,0.07,,manual_required
208,15893471,Al Kabeer Zing Chicken Strips/Fillet 750gm,Al Kabeer,Chicken Strips-Frozen,No Variant,Zing,750 gm,1,CKSK,SHISH KEBAB,600 Gms x 12 Pkts,KEBAB,53.96,46.81,85.5,conflict,0.34,,manual_required
219,15906729,Al Kabeer Paneer Cubes 200gm,Al Kabeer,Paneer,No Variant,Paneer,200 gm,1,CKCCR,CHICKEN ‘N’ CHEESE RINGS 300,300 gms x 12 pkts,POP-CORN & CHICKEN FRIES,52.31,42.11,85.5,conflict,0.09,,manual_required
223,15921963,Al Kabeer FRENCH FRIES 1000 GM,Al Kabeer,French Fries-Frozen,No Variant,Frozen Fries & Onion Rings,1 kg,1,CCSAKPR,A.K PRO CHEESE SAMOSA,4 X 1.2 KGS,SAMOSA,52.13,41.58,85.5,conflict,0.41,,manual_required
227,15921971,ALKABEER TENDER CHICKEN BREAST 1000GM,Al Kabeer,Chicken Breast-Frozen,No Variant,Frozen Chicken Parts,1000 gm,1,CFBF,BREADED FISH FILLET,330 Gms x 20 Pkts,FILLETS,52.58,42.86,85.5,conflict,0.19,,manual_required
236,15928415,"AL KABEER CHICKEN NUGGETS OR BREADED FILLET, 750 GRAMS",Al Kabeer,Chicken Fillets-Frozen,No Variant,Marinated & Breaded,750 gm,1,BF,BEEF TENDERLOIN/FILLET,20 KGS,MEAT-INDIAN-TRD,53.96,46.81,85.5,conflict,0.32,,manual_required
237,15928415,"AL KABEER CHICKEN NUGGETS OR BREADED FILLET, 750 GRAMS",Al Kabeer,Chicken Nuggets-Frozen,No Variant,Marinated & Breaded,750 gm,1,BF,BEEF TENDERLOIN/FILLET,20 KGS,MEAT-INDIAN-TRD,54.42,48.12,85.5,conflict,0.26,,manual_required
257,15935003,Al Kabeer Zing Chicken Strips/ Nuggets (750gm),Al Kabeer,Chicken Nuggets-Frozen,No Variant,Zing,750 gm,1,CKSAPR,AK PRO CHICKEN SAMOSA,4 X 1.2 KGS,SAMOSA,53.45,45.36,85.5,conflict,0.63,,manual_required
258,15935003,Al Kabeer Zing Chicken Strips/ Nuggets (750gm),Al Kabeer,Chicken Strips-Frozen,No Variant,Zing,750 gm,1,CKSAPR,AK PRO CHICKEN SAMOSA,4 X 1.2 KGS,SAMOSA,53.45,45.36,85.5,conflict,0.63,,manual_required
261,15935509,AL KABEER CHICKEN KOFTA 300G,Al Kabeer,Chicken Kofta-Frozen,No Variant,Frozen Kofta / Kibbeh & Meat Balls,300 gm,1,CCCB,CHICKEN BIRYANI 400,400 Gms x 12 Pkts,READY2EAT,54.43,48.15,85.5,conflict,1.81,,manual_required
270,15937612,AL KABEER ZING CHICKEN FILLET NON SPICY 750GM,Al Kabeer,Chicken Fillets-Frozen,No Variant,Zing,750 gm,1,CKJCNA,JUMBO CHICKEN NUGGETS,1 Kgs x 5 Pkts,NUGGETS,51.99,41.18,85.5,conflict,0.09,,manual_required
276,15937618,AL KABEER CHICKEN TANDOORI NUGGETS 270GM,Al Kabeer,Chicken Nuggets-Frozen,No Variant,Marinated & Breaded,270 gm,1,CCCB,CHICKEN BIRYANI 400,400 Gms x 12 Pkts,READY2EAT,53.64,45.9,85.5,conflict,0.45,,manual_required
283,15937625, AL KABEER KRAZEE CHICKEN NUGGETS / BREADED CHICKEN FILLET HOT 750GM,Al Kabeer,Chicken Nuggets-Frozen,No Variant,Marinated & Breaded,750 gm,1,BF,BEEF TENDERLOIN/FILLET,20 KGS,MEAT-INDIAN-TRD,54.59,48.61,85.5,conflict,0.43,,manual_required
284,15937625, AL KABEER KRAZEE CHICKEN NUGGETS / BREADED CHICKEN FILLET HOT 750GM,Al Kabeer,Chicken Fillets-Frozen,No Variant,Marinated & Breaded,750 gm,1,CCCTM,CHICKEN TIKKA MAKHANI & PILAU RICE,450 Gms x 12 Pkts,READY2EAT,54.2,47.5,85.5,conflict,0.05,,manual_required
301,15944481,Al Kabeer Paneer Cubes 200gm,Al Kabeer,Paneer,No Variant,Paneer,200 gm,1,CKCCR,CHICKEN ‘N’ CHEESE RINGS 300,300 gms x 12 pkts,POP-CORN & CHICKEN FRIES,52.31,42.11,85.5,conflict,0.09,,manual_required
302,15944484,Al Kabeer Krazee Chicken Nuggets 750gm,Al Kabeer,Chicken Nuggets-Frozen,No Variant,Marinated & Breaded,750 gm,1,CFB,BEEF FRANKS,454 Gms x 20 Pkts,SAUSAGES,52.41,42.37,85.5,conflict,0.06,,manual_required
311,15950525,Al Kabeer  Paneer Cubes 200 gm,Al Kabeer,Paneer,No Variant,Paneer,200 gm,1,CKCCR,CHICKEN ‘N’ CHEESE RINGS 300,300 gms x 12 pkts,POP-CORN & CHICKEN FRIES,52.79,43.48,85.5,conflict,0.32,,manual_required
317,15966934,Al Kabeer  Tandoori Chicken Nugget 270 gm,Al Kabeer,Chicken Nuggets-Frozen,No Variant,Marinated & Breaded,270 gm,1,CFBF,BREADED FISH FILLET,330 Gms x 20 Pkts,FILLETS,53.25,44.78,85.5,conflict,0.99,,manual_required
322,15982384,Al Kabeer Zing Chicken Fillet/Zing Chicken Nuggets Non-Spicy 750gm,Al Kabeer,Chicken Fillets-Frozen,No Variant,Zing,750 gm,1,CCCB,CHICKEN BIRYANI 400,400 Gms x 12 Pkts,READY2EAT,52.62,42.98,85.5,conflict,0.41,,manual_required
323,15982384,Al Kabeer Zing Chicken Fillet/Zing Chicken Nuggets Non-Spicy 750gm,Al Kabeer,Chicken Nuggets-Frozen,No Variant,Zing,750 gm,1,CCCB,CHICKEN BIRYANI 400,400 Gms x 12 Pkts,READY2EAT,53.68,46.02,85.5,conflict,1.06,,manual_required
329,16009623,Al Kabeer krazee Chicken nuggets 750 gm,Al Kabeer,Chicken Nuggets-Frozen,No Variant,Marinated & Breaded,750 gm,1,CFB,BEEF FRANKS,454 Gms x 20 Pkts,SAUSAGES,52.18,41.74,85.5,conflict,0.05,,manual_required
331,16039332,ALKABEER TENDER CHICKEN BREAST 1000GM,Al Kabeer,Chicken Breast-Frozen,No Variant,Frozen Chicken Parts,1000 gm,1,CFBF,BREADED FISH FILLET,330 Gms x 20 Pkts,FILLETS,52.58,42.86,85.5,conflict,0.19,,manual_required
338,16043117,Al kabeer Zing chicken Fillets 750 gm assorted Frozen,Al Kabeer,Chicken Fillets-Frozen,No Variant,Zing,750 gm,1,CFBF,BREADED FISH FILLET,330 Gms x 20 Pkts,FILLETS,54.12,47.27,85.5,conflict,0.55,,manual_required
341,16047181,"AL KABEER CHICKEN NUGGETS OR BREADED FILLET, 750 GRAMS",Al Kabeer,Chicken Nuggets-Frozen,No Variant,Marinated & Breaded,750 gm,1,BF,BEEF TENDERLOIN/FILLET,20 KGS,MEAT-INDIAN-TRD,54.42,48.12,85.5,conflict,0.26,,manual_required
342,16047181,"AL KABEER CHICKEN NUGGETS OR BREADED FILLET, 750 GRAMS",Al Kabeer,Chicken Fillets-Frozen,No Variant,Marinated & Breaded,750 gm,1,BF,BEEF TENDERLOIN/FILLET,20 KGS,MEAT-INDIAN-TRD,53.96,46.81,85.5,conflict,0.32,,manual_required
345,16047190,"AL KABEER PUNJABI SAMOSA, 900 GRAMS",Al Kabeer,Samosa-Frozen,Punjabi,"Frozen Pizzas, Wraps, Sandwiches",900 gm,1,CCSAK,12 CHEESE SAMOSAS,240 Gms x 20 Pkts,SAMOSA,53.89,46.6,85.5,conflict,0.67,,manual_required
354,16055346,Al Kabeer Zing Chicken Fillets/ Strips 750 gm,Al Kabeer,Chicken Fillets-Frozen,No Variant,Zing,750 gm,1,CKSAA,CHICKEN SAMOSAS BULK,1.2 Kgs x 4 Pkts,SAMOSA,53.29,44.9,85.5,conflict,0.08,,manual_required
355,16055346,Al Kabeer Zing Chicken Fillets/ Strips 750 gm,Al Kabeer,Chicken Strips-Frozen,No Variant,Zing,750 gm,1,CKSK,SHISH KEBAB,600 Gms x 12 Pkts,KEBAB,53.55,45.65,85.5,conflict,0.34,,manual_required
356,16055347,Al Kabeer Krazee Chicken Nuggets (750gm),Al Kabeer,Chicken Nuggets-Frozen,No Variant,Marinated & Breaded,750 gm,1,CFB,BEEF FRANKS,454 Gms x 20 Pkts,SAUSAGES,52.41,42.37,85.5,conflict,0.06,,manual_required
371,16066400,Al Kabeer Mix Vegetable 900gm,Al Kabeer,Mix Vegetables-Frozen,No Variant,Frozen Vegetables,900 gm,1,CFBJ,JUMBO HOTDOGS,400 Gms x 20 Pkts,SAUSAGES,52.28,42.0,85.5,conflict,0.4,,manual_required
372,16066402,Al Kabeer  Punjabi Samosa 900 gm,Al Kabeer,Samosa-Frozen,Punjabi,"Frozen Pizzas, Wraps, Sandwiches",900 gm,1,CCSAK,12 CHEESE SAMOSAS,240 Gms x 20 Pkts,SAMOSA,53.89,46.6,85.5,conflict,0.67,,manual_required
373,16066829,Al Kabeer Paneer Cubes 200gm,Al Kabeer,Paneer,No Variant,Paneer,200 gm,1,CKCCR,CHICKEN ‘N’ CHEESE RINGS 300,300 gms x 12 pkts,POP-CORN & CHICKEN FRIES,52.31,42.11,85.5,conflict,0.09,,manual_required
375,16066995,Al Kabeer Paneer Cubes 200gm,Al Kabeer,Paneer,No Variant,Paneer,200 gm,1,CKCCR,CHICKEN ‘N’ CHEESE RINGS 300,300 gms x 12 pkts,POP-CORN & CHICKEN FRIES,52.31,42.11,85.5,conflict,0.09,,manual_required
377,16076291,Al Kabeer Mixed Vegetables/ Garden Peas 900gm,Al Kabeer,Mix Vegetables-Frozen,No Variant,Frozen Vegetables,900 gm,1,CCCB,CHICKEN BIRYANI 400,400 Gms x 12 Pkts,READY2EAT,52.48,42.59,85.5,conflict,0.0,,manual_required
378,16076291,Al Kabeer Mixed Vegetables/ Garden Peas 900gm,Al Kabeer,Green/Garden Peas-Frozen,No Variant,Frozen Vegetables,900 gm,1,CFB,BEEF FRANKS,454 Gms x 20 Pkts,SAUSAGES,51.83,40.74,85.5,conflict,0.01,,manual_required
379,16083335,Al Kabeer Paneer Cubes 200gm,Al Kabeer,Paneer,No Variant,Paneer,200 gm,1,CKCCR,CHICKEN ‘N’ CHEESE RINGS 300,300 gms x 12 pkts,POP-CORN & CHICKEN FRIES,52.31,42.11,85.5,conflict,0.09,,manual_required
396,16089871,Al Kabeer Zing Chicken Strips Non Spicy 750gm,Al Kabeer,Chicken Strips-Frozen,No Variant,Zing,750 gm,1,CKN,CHICKEN NUGGETS,270 Gms x 20 Pkts,NUGGETS,54.89,49.46,85.5,conflict,2.99,,manual_required
398,16098231,Al Kabeer Zing Chicken Strips Non Spicy 750gm,Al Kabeer,Chicken Strips-Frozen,No Variant,Zing,750 gm,1,CKN,CHICKEN NUGGETS,270 Gms x 20 Pkts,NUGGETS,54.89,49.46,85.5,conflict,2.99,,manual_required
405,16119184,Al Kabeer Breaded Chicken Fillets-Frozen 750 gm,Al Kabeer,Chicken Fillets-Frozen,No Variant,Zing,750 gm,1,CKCKB,CHICKEN BURGERS 56 g,840 g. x 9,BURGERS,53.67,45.98,85.5,conflict,0.54,,manual_required
406,16119185,Al Kabeer Chicken Pop Corn 750Gm,Al Kabeer,Chicken Popcorn-Frozen,No Variant,Marinated & Breaded,750 gm,1,CKCKB,CHICKEN BURGERS 56 g,840 g. x 9,BURGERS,51.89,40.91,85.5,conflict,0.44,,manual_required
407,16119186,Al Kabeer Chicken Fingers/ Fries/ Strips-Frozen	750 gm,Al Kabeer,Chicken Strips-Frozen,No Variant,Zing,750 gm,1,CKCKB,CHICKEN BURGERS 56 g,840 g. x 9,BURGERS,52.79,43.48,85.5,conflict,0.48,,manual_required
420,16121718,Al Kabeer  Zing Chicken Strips Non Spicy + Chicken Nuggets (750g),Al Kabeer,Chicken Nuggets-Frozen,No Variant,Marinated & Breaded,750 gm,1,CCKSB,CHICKEN STICKS BULK,1 Kgs x 5 Pkts,STICKS & FINGERS,54.8,49.21,85.5,conflict,0.12,,manual_required
439,16141970,Al Kabeer krazee Chicken nuggets 750gm,Al Kabeer,Chicken Nuggets-Frozen,No Variant,Marinated & Breaded,750 gm,1,CFB,BEEF FRANKS,454 Gms x 20 Pkts,SAUSAGES,52.41,42.37,85.5,conflict,0.06,,manual_required
451,16145006,Al Kabeer Chicken Nuggets /Krazee Chicken Nuggets 750gm,Al Kabeer,Chicken Nuggets-Frozen,No Variant,Marinated & Breaded,750 gm,1,CCF,CHICKEN FRIES,12 PKTS X 400 GRM,POP-CORN & CHICKEN FRIES,54.63,48.74,85.5,conflict,1.09,,manual_required
453,16145009,Al Kabeer Paneer Cubes 200gm,Al Kabeer,Paneer,No Variant,Paneer,200 gm,1,CKCCR,CHICKEN ‘N’ CHEESE RINGS 300,300 gms x 12 pkts,POP-CORN & CHICKEN FRIES,52.31,42.11,85.5,conflict,0.09,,manual_required
461,16146104,AlKabeer Zing Chicken Strips/ Fillets Non Spicy 750gm,Al Kabeer,Chicken Strips-Frozen,No Variant,Zing,750 gm,1,CFBF,BREADED FISH FILLET,330 Gms x 20 Pkts,FILLETS,52.62,42.98,85.5,conflict,0.56,,manual_required
462,16146104,AlKabeer Zing Chicken Strips/ Fillets Non Spicy 750gm,Al Kabeer,Chicken Fillets-Frozen,No Variant,Marinated & Breaded,750 gm,1,CCKSB,CHICKEN STICKS BULK,1 Kgs x 5 Pkts,STICKS & FINGERS,54.4,48.06,85.5,conflict,0.54,,manual_required
466,16165272,AL KABEER BOBBY VEAL 2 LBS,Al Kabeer,Bobby Veal-Frozen,No Variant,Other Frozen Meat,2 lbs,1,LBVL,BONELESS VEAL LOCAL,20 X 2 LB,TRADING-MEAT,51.65,53.33,50.75,,3.72,,manual_required
469,16165275,AL KABEER HASH BROWNS 2.5KG,Al Kabeer,Hash browns,No Variant,Frozen Potato/ Fries/ Onion rings,2.5 kg,1,SFM,FISH MILK,1 kg x 10 Pkts,TRADING-FISH,51.97,41.12,85.5,conflict,0.8,,manual_required
478,16170942,Al kabeer B.Chicken Fillet 750 gm ,Al Kabeer,Chicken Fillets-Frozen,No Variant,Marinated & Breaded,750 gm,1,CKCKB,CHICKEN BURGERS 56 g,840 g. x 9,BURGERS,51.89,40.91,85.5,conflict,1.01,,manual_required
481,16173428,"AL KABEER MIXED VEGETABLES, 900 GRAMS",Al Kabeer,Mix Vegetables-Frozen,No Variant,Frozen Vegetables,900 gm,1,CFBJ,JUMBO HOTDOGS,400 Gms x 20 Pkts,SAUSAGES,51.88,40.86,85.5,conflict,0.3,,manual_required
486,16180035,Al Kabeer Chicken Pop Corn (750g),Al Kabeer,Chicken Popcorn-Frozen,No Variant,Marinated & Breaded,750 gm,1,CKCKB,CHICKEN BURGERS 56 g,840 g. x 9,BURGERS,51.89,40.91,85.5,conflict,0.06,,manual_required
506,16191988,Al Kabeer krazee Chicken Nuggts 750gm,Al Kabeer,Chicken Nuggets-Frozen,No Variant,Marinated & Breaded,750 gm,1,CFBF,BREADED FISH FILLET,330 Gms x 20 Pkts,FILLETS,52.09,41.48,85.5,conflict,0.52,,manual_required
507,16193670,Al Kabeer Paneer Cubes 200Gm,Al Kabeer,Paneer,No Variant,Paneer,200 gm,1,CKCCR,CHICKEN ‘N’ CHEESE RINGS 300,300 gms x 12 pkts,POP-CORN & CHICKEN FRIES,52.31,42.11,85.5,conflict,0.09,,manual_required
510,16196936,AL KABEER PANEER CUBES 200G,Al Kabeer,Paneer,No Variant,Paneer,200 gm,1,CKCCR,CHICKEN ‘N’ CHEESE RINGS 300,300 gms x 12 pkts,POP-CORN & CHICKEN FRIES,52.79,43.48,85.5,conflict,0.32,,manual_required
514,16216838,Al Kabeer Zing Chicken Strip Non-Spicy 750gm + Chicken Nuggets 750gm,Al Kabeer,Chicken Strips-Frozen,No Variant,Zing,750 gm,1,CCKSB,CHICKEN STICKS BULK,1 Kgs x 5 Pkts,STICKS & FINGERS,53.68,46.02,85.5,conflict,0.22,,manual_required
516,16221799,Al Kabeer Zing Strips Non Spicy 750gm-+chicken Nuggets 750gm,Al Kabeer,Chicken Strips-Frozen,No Variant,Zing,750 gm,1,CCKSB,CHICKEN STICKS BULK,1 Kgs x 5 Pkts,STICKS & FINGERS,54.58,48.6,85.5,conflict,0.9,,manual_required
518,16239544,Al Kabeer Zing Chicken Strips / Chicken Fillets 750gm,Al Kabeer,Chicken Strips-Frozen,No Variant,Zing,750 gm,1,CKBW,BBQ CHICKEN WINGS 400,400 Gms x 12 Pkts,WINGS,54.13,47.31,85.5,conflict,1.42,,manual_required
519,16239544,Al Kabeer Zing Chicken Strips / Chicken Fillets 750gm,Al Kabeer,Chicken Fillets-Frozen,No Variant,Zing,750 gm,1,CFBF,BREADED FISH FILLET,330 Gms x 20 Pkts,FILLETS,52.71,43.24,85.5,conflict,0.61,,manual_required
521,16249403,Al Kabeer krazee Chicken nuggets 750gm,Al Kabeer,Chicken Nuggets-Frozen,No Variant,Marinated & Breaded,750 gm,1,CFB,BEEF FRANKS,454 Gms x 20 Pkts,SAUSAGES,52.41,42.37,85.5,conflict,0.06,,manual_required
522,16252002,Al Kabeer Paneer Cubes 500gm,Al Kabeer,Paneer,No Variant,Paneer,500 gm,1,CKBBTY,TAYEBAT BREADED CHICKEN BURGERS 840 g. x 8 Pkts,840 g. x 8 Pkts,BURGERS,52.23,41.86,85.5,conflict,0.65,,manual_required
528,16253112,Al Kabeer Krazee Chicken Nuggets 750gm,Al Kabeer,Chicken Nuggets-Frozen,No Variant,Marinated & Breaded,750 gm,1,CFB,BEEF FRANKS,454 Gms x 20 Pkts,SAUSAGES,52.41,42.37,85.5,conflict,0.06,,manual_required
531,16253114,Al Kabeer Punjabi Samosa 900gm,Al Kabeer,Samosa-Frozen,Punjabi,"Frozen Pizzas, Wraps, Sandwiches",900 gm,1,CCSAK,12 CHEESE SAMOSAS,240 Gms x 20 Pkts,SAMOSA,54.74,49.06,85.5,conflict,1.92,,manual_required
534,16253116,Al Kabeer Paneer Cubes 500 gm,Al Kabeer,Paneer,No Variant,Paneer,500 gm,1,CKCCR,CHICKEN ‘N’ CHEESE RINGS 300,300 gms x 12 pkts,POP-CORN & CHICKEN FRIES,52.03,41.3,85.5,conflict,0.12,,manual_required
545,16253424,Al Kabeer Zing Chicken Fillet/Strips 750gm,Al Kabeer,Chicken Strips-Frozen,No Variant,Zing,750 gm,1,CKSK,SHISH KEBAB,600 Gms x 12 Pkts,KEBAB,53.96,46.81,85.5,conflict,0.34,,manual_required
546,16253424,Al Kabeer Zing Chicken Fillet/Strips 750gm,Al Kabeer,Chicken Fillets-Frozen,No Variant,Zing,750 gm,1,CKSAA,CHICKEN SAMOSAS BULK,1.2 Kgs x 4 Pkts,SAMOSA,53.13,44.44,85.5,conflict,0.07,,manual_required
568,16264522,Al Kabeer Krazee Chicken Nuggets 750gm,Al Kabeer,Chicken Nuggets-Frozen,No Variant,Marinated & Breaded,750 gm,1,CFB,BEEF FRANKS,454 Gms x 20 Pkts,SAUSAGES,52.41,42.37,85.5,conflict,0.06,,manual_required
572,16270974,ALKABEER TENDER CHICKEN BREAST 1000GM,Al Kabeer,Chicken Breast-Frozen,No Variant,Frozen Chicken Parts,1000 gm,1,CFBF,BREADED FISH FILLET,330 Gms x 20 Pkts,FILLETS,52.58,42.86,85.5,conflict,0.19,,manual_required
573,16270976,AL-KABEER ZING CHICKEN FILLET (N/SPC) 750GM,Al Kabeer,Chicken Fillets-Frozen,No Variant,Zing,750 gm,1,CKSAPR,AK PRO CHICKEN SAMOSA,4 X 1.2 KGS,SAMOSA,53.21,44.66,85.5,conflict,0.38,,manual_required
578,16272528,ALKABEER SAMOSAS PUNJABI 900GR / MOZARELLA CHEESE STICKS 250GR,Al Kabeer,Cheese Stick/Nuggets-Frozen,No Variant,Marinated & Breaded,250 gm,1,CCKSHA,CHICKEN STICK BULK HOT & SPICY,1 kg x 5 Pkts,STICKS & FINGERS,54.12,47.27,85.5,conflict,1.83,,manual_required
579,16274690,Alkabeer B.Chicken Fillet 750g,Al Kabeer,Chicken Fillets-Frozen,No Variant,Marinated & Breaded,750 gm,1,CKCKB,CHICKEN BURGERS 56 g,840 g. x 9,BURGERS,51.89,40.91,85.5,conflict,1.01,,manual_required
585,16275638,"AL KABEER CHICKEN NUGGETS OR BREADED FILLET, 750 GRAMS",Al Kabeer,Chicken Fillets-Frozen,No Variant,Marinated & Breaded,750 gm,1,BF,BEEF TENDERLOIN/FILLET,20 KGS,MEAT-INDIAN-TRD,53.96,46.81,85.5,conflict,0.32,,manual_required
586,16275638,"AL KABEER CHICKEN NUGGETS OR BREADED FILLET, 750 GRAMS",Al Kabeer,Chicken Nuggets-Frozen,No Variant,Marinated & Breaded,750 gm,1,BF,BEEF TENDERLOIN/FILLET,20 KGS,MEAT-INDIAN-TRD,54.42,48.12,85.5,conflict,0.26,,manual_required
588,16275640,"AL KABEER CHICKEN N' CHEESE RINGS, 300 GRAMS",Al Kabeer,Chicken Cheese Stick-Frozen,No Variant,Frozen Barbeque Products,300 gm,1,CCSRA,8 CHEESE SPRING ROLLS,240 Gms x 20 Pkts,SPRING ROLL,54.51,48.39,85.5,conflict,0.21,,manual_required
594,16276785,ALKABEER PUNJABI SAMOSA 900GM,Al Kabeer,Samosa-Frozen,Punjabi,"Frozen Pizzas, Wraps, Sandwiches",900 gm,1,CCSAK,12 CHEESE SAMOSAS,240 Gms x 20 Pkts,SAMOSA,54.74,49.06,85.5,conflict,1.92,,manual_required
599,16279474,Al Kabeer Chicken Pop Corn (750g),Al Kabeer,Chicken Popcorn-Frozen,No Variant,Marinated & Breaded,750 gm,1,CKCKB,CHICKEN BURGERS 56 g,840 g. x 9,BURGERS,51.89,40.91,85.5,conflict,0.06,,manual_required
608,16285719,Al Kabeer Zing Chicken Strips/Fillets/Popcorn 750gm,Al Kabeer,Chicken Fillets-Frozen,No Variant,Zing,750 gm,1,CFBF,BREADED FISH FILLET,330 Gms x 20 Pkts,FILLETS,52.87,43.7,85.5,conflict,0.56,,manual_required
609,16285719,Al Kabeer Zing Chicken Strips/Fillets/Popcorn 750gm,Al Kabeer,Chicken Popcorn-Frozen,No Variant,Marinated & Breaded,750 gm,1,CCKSB,CHICKEN STICKS BULK,1 Kgs x 5 Pkts,STICKS & FINGERS,54.66,48.82,85.5,conflict,1.16,,manual_required
610,16285719,Al Kabeer Zing Chicken Strips/Fillets/Popcorn 750gm,Al Kabeer,Chicken Strips-Frozen,No Variant,Zing,750 gm,1,CKBW,BBQ CHICKEN WINGS 400,400 Gms x 12 Pkts,WINGS,53.52,45.54,85.5,conflict,0.65,,manual_required
613,16286245,Al Kabeer Tandoori /Chicken Nuggets 270gm,Al Kabeer,Chicken Nuggets-Frozen,No Variant,Marinated & Breaded,270 gm,1,CCCB,CHICKEN BIRYANI 400,400 Gms x 12 Pkts,READY2EAT,53.64,45.9,85.5,conflict,0.45,,manual_required
615,16286249,Al Kabeer Zing Chicken Strips / Fillets spicy 750g ,Al Kabeer,Chicken Strips-Frozen,No Variant,Zing,750 gm,1,CKJCNA,JUMBO CHICKEN NUGGETS,1 Kgs x 5 Pkts,NUGGETS,53.05,44.21,85.5,conflict,0.26,,manual_required
627,16292432,Al Kabeer krazee Chicken Nuggts 750gm,Al Kabeer,Chicken Nuggets-Frozen,No Variant,Marinated & Breaded,750 gm,1,CFBF,BREADED FISH FILLET,330 Gms x 20 Pkts,FILLETS,52.09,41.48,85.5,conflict,0.52,,manual_required
632,16309254,Al Kabeer Krazee Nuggets/ Breaded Chicken Fillet 750gm,Al Kabeer,Chicken Nuggets-Frozen,No Variant,Marinated & Breaded,750 gm,1,BF,BEEF TENDERLOIN/FILLET,20 KGS,MEAT-INDIAN-TRD,54.58,48.57,85.5,conflict,0.89,,manual_required
633,16309254,Al Kabeer Krazee Nuggets/ Breaded Chicken Fillet 750gm,Al Kabeer,Chicken Fillets-Frozen,No Variant,Marinated & Breaded,750 gm,1,BF,BEEF TENDERLOIN/FILLET,20 KGS,MEAT-INDIAN-TRD,54.13,47.3,85.5,conflict,0.88,,manual_required
634,16313778,Al Kabeer Krazee Nuggets 750gm /Breaded Chicken Fillet 750gm,Al Kabeer,Chicken Nuggets-Frozen,No Variant,Marinated & Breaded,750 gm,1,BF,BEEF TENDERLOIN/FILLET,20 KGS,MEAT-INDIAN-TRD,54.58,48.57,85.5,conflict,0.89,,manual_required
635,16313778,Al Kabeer Krazee Nuggets 750gm /Breaded Chicken Fillet 750gm,Al Kabeer,Chicken Fillets-Frozen,No Variant,Marinated & Breaded,750 gm,1,BF,BEEF TENDERLOIN/FILLET,20 KGS,MEAT-INDIAN-TRD,54.13,47.3,85.5,conflict,0.88,,manual_required
639,16314642,Al Kabeer Krazee Nuggets 750gm /Breaded Chicken Fillet 750gm,Al Kabeer,Chicken Fillets-Frozen,No Variant,Marinated & Breaded,750 gm,1,BF,BEEF TENDERLOIN/FILLET,20 KGS,MEAT-INDIAN-TRD,54.13,47.3,85.5,conflict,0.88,,manual_required
640,16314642,Al Kabeer Krazee Nuggets 750gm /Breaded Chicken Fillet 750gm,Al Kabeer,Chicken Nuggets-Frozen,No Variant,Marinated & Breaded,750 gm,1,BF,BEEF TENDERLOIN/FILLET,20 KGS,MEAT-INDIAN-TRD,54.58,48.57,85.5,conflict,0.89,,manual_required
641,16319640,Al Kabeer Zing Strips Non Spicy 750gm+chicken Nuggets 750gm,Al Kabeer,Chicken Strips-Frozen,No Variant,Zing,750 gm,1,CCKSB,CHICKEN STICKS BULK,1 Kgs x 5 Pkts,STICKS & FINGERS,54.58,48.6,85.5,conflict,0.9,,manual_required
643,16340591,ALKABEER LAMB KIBBEH 1000GM,Al Kabeer,Lamb Kibbeh-Frozen,No Variant,Frozen Kofta / Kibbeh & Meat Balls,1000 gm,1,CBBO,4 BEEF BURGERS,200 Gms x 30 Pkt,BURGERS,52.82,43.56,85.5,conflict,0.2,,manual_required
645,16340623,ALKABEER LAMB KIBBEH 1000GM,Al Kabeer,Lamb Kibbeh-Frozen,No Variant,Frozen Kofta / Kibbeh & Meat Balls,1000 gm,1,CBBO,4 BEEF BURGERS,200 Gms x 30 Pkt,BURGERS,52.82,43.56,85.5,conflict,0.2,,manual_required
647,16354898,Al Kabeer krazee Chicken nuggets 750gm,Al Kabeer,Chicken Nuggets-Frozen,No Variant,Marinated & Breaded,750 gm,1,CFB,BEEF FRANKS,454 Gms x 20 Pkts,SAUSAGES,52.41,42.37,85.5,conflict,0.06,,manual_required
651,16356333,Al Kabeer Garden Peas/ Mixed Vegetable 900gm,Al Kabeer,Mix Vegetables-Frozen,No Variant,Frozen Vegetables,900 gm,1,CFBF,BREADED FISH FILLET,330 Gms x 20 Pkts,FILLETS,52.02,41.27,85.5,conflict,0.21,,manual_required
652,16356333,Al Kabeer Garden Peas/ Mixed Vegetable 900gm,Al Kabeer,Green/Garden Peas-Frozen,No Variant,Frozen Vegetables,900 gm,1,CFBF,BREADED FISH FILLET,330 Gms x 20 Pkts,FILLETS,51.79,40.62,85.5,conflict,0.57,,manual_required
655,16357142,Al Kabeer Paneer Cubes 500gm,Al Kabeer,Paneer,No Variant,Paneer,500 gm,1,CKBBTY,TAYEBAT BREADED CHICKEN BURGERS 840 g. x 8 Pkts,840 g. x 8 Pkts,BURGERS,52.23,41.86,85.5,conflict,0.65,,manual_required
663,16364055,Al Kabeer delicious chicken fillet 750g,Al Kabeer,Chicken Fillets-Frozen,No Variant,Zing,750 gm,1,CKSAPR,AK PRO CHICKEN SAMOSA,4 X 1.2 KGS,SAMOSA,52.38,42.31,85.5,conflict,0.4,,manual_required
671,16364064,Al Kabeer Chicken Popcorn 750g,Al Kabeer,Chicken Popcorn-Frozen,No Variant,Marinated & Breaded,750 gm,1,CKJCNA,JUMBO CHICKEN NUGGETS,1 Kgs x 5 Pkts,NUGGETS,53.13,44.44,85.5,conflict,0.65,,manual_required
679,16384268,ALKABEER LAMB KIBBEH 1000 GM,Al Kabeer,Lamb Kibbeh-Frozen,No Variant,Frozen Kofta / Kibbeh & Meat Balls,1000 gm,1,CBBO,4 BEEF BURGERS,200 Gms x 30 Pkt,BURGERS,53.29,44.9,85.5,conflict,0.23,,manual_required
682,16386522,ALKABEER PUNJABI SAMOSA 900GM,Al Kabeer,Samosa-Frozen,Punjabi,"Frozen Pizzas, Wraps, Sandwiches",900 gm,1,CCSAK,12 CHEESE SAMOSAS,240 Gms x 20 Pkts,SAMOSA,54.74,49.06,85.5,conflict,1.92,,manual_required
694,16388270,AL KABEER CHICKEN POPCORN 750 GR,Al Kabeer,Chicken Popcorn-Frozen,No Variant,Marinated & Breaded,750 gm,1,CKJCNA,JUMBO CHICKEN NUGGETS,1 Kgs x 5 Pkts,NUGGETS,52.67,43.14,85.5,conflict,0.25,,manual_required
705,16394746,Al Kabeer Krazee Chick- Nuggets (750g),Al Kabeer,Chicken Nuggets-Frozen,No Variant,Marinated & Breaded,750 gm,1,CKBCS,BEEF COCKTAIL SAUSAGES,400 Gms x 20 Pkts,SAUSAGES,52.37,42.28,85.5,conflict,0.37,,manual_required
717,16395886,AL KABEER PANEER CUBES 200G,Al Kabeer,Paneer,No Variant,Paneer,200 gm,1,CKCCR,CHICKEN ‘N’ CHEESE RINGS 300,300 gms x 12 pkts,POP-CORN & CHICKEN FRIES,52.79,43.48,85.5,conflict,0.32,,manual_required
723,16402175,Al Kabeer Zing Chicken Strip NonSpicy/ Spicy 750g,Al Kabeer,Chicken Strips-Frozen,No Variant,Marinated & Breaded,750 gm,1,CCKSB,CHICKEN STICKS BULK,1 Kgs x 5 Pkts,STICKS & FINGERS,53.85,46.51,85.5,conflict,1.24,,manual_required
724,16402175,Al Kabeer Zing Chicken Strip NonSpicy/ Spicy 750g,Al Kabeer,Chicken Strips-Frozen,Spicy,Zing,750 gm,1,CKSAA,CHICKEN SAMOSAS BULK,1.2 Kgs x 4 Pkts,SAMOSA,52.97,44.0,85.5,conflict,1.55,,manual_required
728,16402185,Al Kabaer Chicken Nuggets 750gm,Al Kabeer,Chicken Nuggets-Frozen,No Variant,Marinated & Breaded,750 gm,1,CCCB,CHICKEN BIRYANI 400,400 Gms x 12 Pkts,READY2EAT,52.94,43.9,85.5,conflict,0.9,,manual_required
729,16402189,Al Kabeer Zing Chicken Fillets NonSpicy 750gm,Al Kabeer,Chicken Fillets-Frozen,No Variant,Zing,750 gm,1,CKJCNA,JUMBO CHICKEN NUGGETS,1 Kgs x 5 Pkts,NUGGETS,53.21,44.68,85.5,conflict,1.02,,manual_required
738,16403443,Al Kabeer Felafel 1000 gm,Al Kabeer,Falafel-Frozen,Non-Stuffed,"Frozen Pizzas, Wraps, Sandwiches",1 kg,1,CCSAKA,CHEESE SAMOSAS BULK,1.2 Kgs x 4 Pkts,SAMOSA,51.45,39.66,85.5,conflict,0.72,,manual_required
740,16405357,Al Kabeer Paneer Cube 200 Gm,Al Kabeer,Paneer,No Variant,Paneer,200 gm,1,CKCCNS,CHICKEN & CHEESE STICKS HOT & SPICY,250 gm x 20 Pkts,STICKS & FINGERS,51.88,40.86,85.5,conflict,0.3,,manual_required
741,16405362,Al Kabee  Nuggets Chicken 270 gm,Al Kabeer,Chicken Nuggets-Frozen,No Variant,Marinated & Breaded,270 gm,1,CCCB,CHICKEN BIRYANI 400,400 Gms x 12 Pkts,READY2EAT,54.05,47.06,85.5,conflict,1.51,,manual_required
748,16406498,Al Kabeer Zing Chicken Strips/Fillets 750gm,Al Kabeer,Chicken Strips-Frozen,No Variant,Zing,750 gm,1,CKSAA,CHICKEN SAMOSAS BULK,1.2 Kgs x 4 Pkts,SAMOSA,53.52,45.54,85.5,conflict,0.06,,manual_required
749,16406498,Al Kabeer Zing Chicken Strips/Fillets 750gm,Al Kabeer,Chicken Fillets-Frozen,No Variant,Zing,750 gm,1,CKSAA,CHICKEN SAMOSAS BULK,1.2 Kgs x 4 Pkts,SAMOSA,53.52,45.54,85.5,conflict,0.06,,manual_required
750,16406796,Al Kabeer Paneer  Cubes 500gm,Al Kabeer,Paneer,No Variant,Paneer,500 gm,1,CKBBTY,TAYEBAT BREADED CHICKEN BURGERS 840 g. x 8 Pkts,840 g. x 8 Pkts,BURGERS,52.23,41.86,85.5,conflict,0.65,,manual_required
756,16406847,Al Kabeer Chicken/ Vegetable Samosas/ 240gm Spring Roll 280gm,Al Kabeer,Spring Roll-Frozen,No Variant,"Frozen Pizzas, Wraps, Sandwiches",280 gm,1,CCCTM,CHICKEN TIKKA MAKHANI & PILAU RICE,450 Gms x 12 Pkts,READY2EAT,53.99,46.91,85.5,conflict,0.92,,manual_required
760,16408569,Al Kabeer Zing Chicken Fillets/Strips 750 GM,Al Kabeer,Chicken Fillets-Frozen,No Variant,Zing,750 gm,1,CKSAA,CHICKEN SAMOSAS BULK,1.2 Kgs x 4 Pkts,SAMOSA,53.29,44.9,85.5,conflict,0.08,,manual_required
770,16413044,Al kabeer Paneer Cubes 200gm,Al Kabeer,Paneer,No Variant,Paneer,200 gm,1,CKCCR,CHICKEN ‘N’ CHEESE RINGS 300,300 gms x 12 pkts,POP-CORN & CHICKEN FRIES,52.31,42.11,85.5,conflict,0.09,,manual_required
776,16436978,Al Kabeer Zing Chicken Strips Non Spicy/Chicken Fillet Spicy/ Chicken Popcorn 750gm + 33% Extra,Al Kabeer,Chicken Popcorn-Frozen,No Variant,Marinated & Breaded,(750+250) gm,1,CCCTM,CHICKEN TIKKA MAKHANI & PILAU RICE,450 Gms x 12 Pkts,READY2EAT,54.68,48.86,85.5,conflict,1.65,,manual_required
777,16436978,Al Kabeer Zing Chicken Strips Non Spicy/Chicken Fillet Spicy/ Chicken Popcorn 750gm + 33% Extra,Al Kabeer,Chicken Strips-Frozen,No Variant,Zing,750 gm+33% free	,1,CCCTM,CHICKEN TIKKA MAKHANI & PILAU RICE,450 Gms x 12 Pkts,READY2EAT,53.83,46.45,85.5,conflict,0.4,,manual_required
778,16436978,Al Kabeer Zing Chicken Strips Non Spicy/Chicken Fillet Spicy/ Chicken Popcorn 750gm + 33% Extra,Al Kabeer,Chicken Fillets-Frozen,Spicy,Zing,(750+250) gm,1,CCKSB,CHICKEN STICKS BULK,1 Kgs x 5 Pkts,STICKS & FINGERS,54.51,48.39,85.5,conflict,0.25,,manual_required
779,16439880,Al Kabeer Zing Strips Non Spicy 750gm +Chicken Nuggets 750 gm,Al Kabeer,Chicken Strips-Frozen,No Variant,Zing,750 gm,1,CCCB,CHICKEN BIRYANI 400,400 Gms x 12 Pkts,READY2EAT,53.68,46.02,85.5,conflict,2.23,,manual_required
781,16443657,Al Kabeer  Punjabi Samosa (30pcs) 900 gm,Al Kabeer,Samosa-Frozen,Punjabi,"Frozen Pizzas, Wraps, Sandwiches",900 gm,1,CCSAK,12 CHEESE SAMOSAS,240 Gms x 20 Pkts,SAMOSA,54.12,47.27,85.5,conflict,1.21,,manual_required
788,16446985,Al Kabeer Krazee Nuggets 2x400gm,Al Kabeer,Chicken Nuggets-Frozen,No Variant,Marinated & Breaded,2x400 gm,1,CFB,BEEF FRANKS,454 Gms x 20 Pkts,SAUSAGES,53.07,44.26,85.5,conflict,0.41,,manual_required
789,16489442,Al Kabeer krazee Chicken nuggets 750gm,Al Kabeer,Chicken Nuggets-Frozen,No Variant,Marinated & Breaded,750 gm,1,CFB,BEEF FRANKS,454 Gms x 20 Pkts,SAUSAGES,52.41,42.37,85.5,conflict,0.06,,manual_required
792,16492878,Al Kabeer Tender Chicken Breast 1000gm,Al Kabeer,Chicken Breast-Frozen,No Variant,Frozen Chicken Parts,1000 gm,1,CFBF,BREADED FISH FILLET,330 Gms x 20 Pkts,FILLETS,52.58,42.86,85.5,conflict,0.19,,manual_required
798,16518384,ALKABEER LAMB KIBBEH 1000GM,Al Kabeer,Lamb Kibbeh-Frozen,No Variant,Frozen Kofta / Kibbeh & Meat Balls,1000 gm,1,CBBO,4 BEEF BURGERS,200 Gms x 30 Pkt,BURGERS,52.82,43.56,85.5,conflict,0.2,,manual_required
799,16518385,ALKABEER TENDER CHICKEN BREAST 1000GM,Al Kabeer,Chicken Breast-Frozen,No Variant,Frozen Chicken Parts,1000 gm,1,CFBF,BREADED FISH FILLET,330 Gms x 20 Pkts,FILLETS,52.58,42.86,85.5,conflict,0.19,,manual_required
800,16518386,ALKABEER ZING CHICKEN FILLETS NON-SPICY 750GM + BREADED CHICKEN FILLETS 750GM,Al Kabeer,Chicken Fillets-Frozen,No Variant,Zing,750 gm,1,CCKSB,CHICKEN STICKS BULK,1 Kgs x 5 Pkts,STICKS & FINGERS,54.43,48.15,85.5,conflict,0.13,,manual_required
802,16518388,AL-KABEER ZING CHICKEN STRIPS (NISPC) 750GM,Al Kabeer,Chicken Strips-Frozen,No Variant,Zing,750 gm,1,CKSK,SHISH KEBAB,600 Gms x 12 Pkts,KEBAB,54.13,47.31,85.5,conflict,1.09,,manual_required
814,16521098,Al kabeer Felafel 1000g,Al Kabeer,Falafel-Frozen,Non-Stuffed,"Frozen Pizzas, Wraps, Sandwiches",1 kg,1,CCSAKA,CHEESE SAMOSAS BULK,1.2 Kgs x 4 Pkts,SAMOSA,51.45,39.66,85.5,conflict,0.72,,manual_required
820,16524411,AL KABEER ZING CHICKEN FILLET SPICY 750 GR,Al Kabeer,Chicken Fillets-Frozen,No Variant,Zing,750 gm,1,CKSK,SHISH KEBAB,600 Gms x 12 Pkts,KEBAB,53.52,45.54,85.5,conflict,0.31,,manual_required
823,16525049,Al Kabeer ZING CHICKEN FILLET OR STRIPS 750gm,Al Kabeer,Chicken Fillets-Frozen,No Variant,Zing,750 gm,1,CKCKB,CHICKEN BURGERS 56 g,840 g. x 9,BURGERS,52.42,42.42,85.5,conflict,0.44,,manual_required
824,16525050,Al Kabeer PUNJABI SAMOSA 900 gm ,Al Kabeer,Samosa-Frozen,Punjabi,"Frozen Pizzas, Wraps, Sandwiches",900 gm,1,CCSAK,12 CHEESE SAMOSAS,240 Gms x 20 Pkts,SAMOSA,53.89,46.6,85.5,conflict,0.67,,manual_required
830,16526648,Al Kabeer ZING CHICKEN STRIPS OR FILLET 750 GRAMS,Al Kabeer,Chicken Fillets-Frozen,No Variant,Zing,750 gm,1,CKN,CHICKEN NUGGETS,270 Gms x 20 Pkts,NUGGETS,53.29,44.9,85.5,conflict,0.4,,manual_required
832,16528417,AL KABEER PANEER CUBES 200 GM,Al Kabeer,Paneer,No Variant,Paneer,200 gm,1,CKCCR,CHICKEN ‘N’ CHEESE RINGS 300,300 gms x 12 pkts,POP-CORN & CHICKEN FRIES,52.79,43.48,85.5,conflict,0.32,,manual_required
839,16528426,AL KABEER PUNJABI SAMOSA 900GM,Al Kabeer,Samosa-Frozen,Punjabi,"Frozen Pizzas, Wraps, Sandwiches",900 gm,1,CCSAK,12 CHEESE SAMOSAS,240 Gms x 20 Pkts,SAMOSA,54.74,49.06,85.5,conflict,1.92,,manual_required
843,16530082,ALKABEER PUNJABI SAMOSA 900GM,Al Kabeer,Samosa-Frozen,Punjabi,"Frozen Pizzas, Wraps, Sandwiches",900 gm,1,CCSAK,12 CHEESE SAMOSAS,240 Gms x 20 Pkts,SAMOSA,54.74,49.06,85.5,conflict,1.92,,manual_required
854,16533539,AL KABEER CHEESE SPRING ROLLS 240GM/ VEGETABLE SPRING ROLLS 280GM /CHICKEN SPRING ROLLS 280GM,Al Kabeer,Spring Roll-Frozen,No Variant,"Frozen Pizzas, Wraps, Sandwiches",280 gm,1,CCCTM,CHICKEN TIKKA MAKHANI & PILAU RICE,450 Gms x 12 Pkts,READY2EAT,53.5,45.51,85.5,conflict,0.48,,manual_required
855,16533540,Al Kabeer Zing Non Spicy Chicken Nuggets / Chicken Strips 750gm,Al Kabeer,Chicken Nuggets-Frozen,No Variant,Zing,750 gm,1,CCKSB,CHICKEN STICKS BULK,1 Kgs x 5 Pkts,STICKS & FINGERS,54.58,48.6,85.5,conflict,0.9,,manual_required
856,16533540,Al Kabeer Zing Non Spicy Chicken Nuggets / Chicken Strips 750gm,Al Kabeer,Chicken Strips-Frozen,No Variant,Zing,750 gm,1,CCKSB,CHICKEN STICKS BULK,1 Kgs x 5 Pkts,STICKS & FINGERS,54.58,48.6,85.5,conflict,0.9,,manual_required
859,16533544,Al Kabeer Krazee Chicken Nuggets 750gm,Al Kabeer,Chicken Nuggets-Frozen,No Variant,Marinated & Breaded,750 gm,1,CFB,BEEF FRANKS,454 Gms x 20 Pkts,SAUSAGES,52.41,42.37,85.5,conflict,0.06,,manual_required
862,16533582,AL KABEER GREEN PEAS/MIX VEGETABLE 900GM,Al Kabeer,Mix Vegetables-Frozen,No Variant,Frozen Vegetables,900 gm,1,CFBJ,JUMBO HOTDOGS,400 Gms x 20 Pkts,SAUSAGES,51.45,39.64,85.5,conflict,0.28,,manual_required
863,16533582,AL KABEER GREEN PEAS/MIX VEGETABLE 900GM,Al Kabeer,Green/Garden Peas-Frozen,No Variant,Frozen Vegetables,900 gm,1,CFBF,BREADED FISH FILLET,330 Gms x 20 Pkts,FILLETS,51.46,39.68,85.5,conflict,0.24,,manual_required
865,16533583,AL KABEER CHICKEN POPCORN/STRIPS 750GM,Al Kabeer,Chicken Popcorn-Frozen,No Variant,Marinated & Breaded,750 gm,1,CFBF,BREADED FISH FILLET,330 Gms x 20 Pkts,FILLETS,52.89,43.75,85.5,conflict,0.61,,manual_required
872,16534260,Al Kabeer Chicken Pop Corn (750gm),Al Kabeer,Chicken Popcorn-Frozen,No Variant,Marinated & Breaded,750 gm,1,CKCKB,CHICKEN BURGERS 56 g,840 g. x 9,BURGERS,51.89,40.91,85.5,conflict,0.44,,manual_required
881,16535286,Al Kabeer Krazee Chicken Nuggets 750gm,Al Kabeer,Chicken Nuggets-Frozen,No Variant,Marinated & Breaded,750 gm,1,CFB,BEEF FRANKS,454 Gms x 20 Pkts,SAUSAGES,52.41,42.37,85.5,conflict,0.06,,manual_required
886,16535637,AL KABEER CHICKEN KOFTA 300G,Al Kabeer,Chicken Kofta-Frozen,No Variant,Frozen Kofta / Kibbeh & Meat Balls,300 gm,1,CCCB,CHICKEN BIRYANI 400,400 Gms x 12 Pkts,READY2EAT,54.43,48.15,85.5,conflict,1.81,,manual_required
889,16536691,Al Kabeer Breaded Chicken Fillet / Nuggets 750 GM,Al Kabeer,Chicken Nuggets-Frozen,No Variant,Marinated & Breaded,750 gm,1,CFBF,BREADED FISH FILLET,330 Gms x 20 Pkts,FILLETS,54.94,49.6,85.5,conflict,0.33,,manual_required
890,16536694,Al Kabeer Zing Chicken Fillets / Strips 750 gm,Al Kabeer,Chicken Fillets-Frozen,No Variant,Zing,750 gm,1,CKSAA,CHICKEN SAMOSAS BULK,1.2 Kgs x 4 Pkts,SAMOSA,53.29,44.9,85.5,conflict,0.08,,manual_required
901,16540011,Al Kabeer Kraze Chicken Nugets 750gm,Al Kabeer,Chicken Nuggets-Frozen,No Variant,Marinated & Breaded,750 gm,1,CKBCS,BEEF COCKTAIL SAUSAGES,400 Gms x 20 Pkts,SAUSAGES,52.58,42.86,85.5,conflict,0.32,,manual_required
907,16540090,Al Kabeer Chicken Samosos/Vegetable Chicken Spring Rolls 240gm,Al Kabeer,Spring Roll-Frozen,No Variant,"Frozen Pizzas, Wraps, Sandwiches",240 gm,1,CCCTM,CHICKEN TIKKA MAKHANI & PILAU RICE,450 Gms x 12 Pkts,READY2EAT,52.94,43.9,85.5,conflict,0.08,,manual_required
910,16541539,Alkabeer Breaded Chicken Fillet / Chicken nuggets 750g,Al Kabeer,Chicken Fillets-Frozen,No Variant,Marinated & Breaded,750 gm,1,CCF,CHICKEN FRIES,12 PKTS X 400 GRM,POP-CORN & CHICKEN FRIES,54.51,48.39,85.5,conflict,0.2,,manual_required
918,16543590,Al Kabeer Chicken/Vegetable Samosas/ 240gm Spring Roll 280gm,Al Kabeer,Spring Roll-Frozen,No Variant,"Frozen Pizzas, Wraps, Sandwiches",280 gm,1,CCCTM,CHICKEN TIKKA MAKHANI & PILAU RICE,450 Gms x 12 Pkts,READY2EAT,53.99,46.91,85.5,conflict,0.92,,manual_required
923,16544730,Al Kabeer Spring Roll Vegetable 560gm,Al Kabeer,Spring Roll-Frozen,No Variant,"Frozen Pizzas, Wraps, Sandwiches",560 gm,1,CCSRA,8 CHEESE SPRING ROLLS,240 Gms x 20 Pkts,SPRING ROLL,54.24,47.62,85.5,conflict,3.1,,manual_required
931,16551939,Al Kabeer Paneer Cube 200Gm,Al Kabeer,Paneer,No Variant,Paneer,200 gm,1,CKBBTY,TAYEBAT BREADED CHICKEN BURGERS 840 g. x 8 Pkts,840 g. x 8 Pkts,BURGERS,52.4,42.35,85.5,conflict,0.67,,manual_required
933,16553235,Al Kabeer Zing Chicken Strips / Fillets No Spicy 750g,Al Kabeer,Chicken Strips-Frozen,No Variant,Zing,750 gm,1,CKBW,BBQ CHICKEN WINGS 400,400 Gms x 12 Pkts,WINGS,54.35,47.92,85.5,conflict,0.81,,manual_required
934,16553235,Al Kabeer Zing Chicken Strips / Fillets No Spicy 750g,Al Kabeer,Chicken Fillets-Frozen,No Variant,Zing,750 gm,1,CFBF,BREADED FISH FILLET,330 Gms x 20 Pkts,FILLETS,53.54,45.61,85.5,conflict,1.19,,manual_required
941,16576321,Al Kabeer Chicken Pop Corn 750g,Al Kabeer,Chicken Popcorn-Frozen,No Variant,Marinated & Breaded,750 gm,1,CKCKB,CHICKEN BURGERS 56 g,840 g. x 9,BURGERS,51.89,40.91,85.5,conflict,0.06,,manual_required
947,16604353,Al Kabeer Assorted (Zing Chicken Fillet & Zing Chicken Strips Non Spicy 750 gm),Al Kabeer,Chicken Strips-Frozen,No Variant,Marinated & Breaded,750 gm,1,CCCTM,CHICKEN TIKKA MAKHANI & PILAU RICE,450 Gms x 12 Pkts,READY2EAT,54.1,47.2,85.5,conflict,0.33,,manual_required
949,16604355,"Al Kabeer Assorted (Stuff Felafel 750g, Felafel 1000g & Punjabi Samosas 900g)",Al Kabeer,Falafel-Frozen,Stuffed,"Frozen Pizzas, Wraps, Sandwiches",750 gm,1,CBK,BEEF KIBBEH 400,400 Gms x 12 Pkts,KOFTA-KIBBEH-FELAFEL,51.49,39.74,85.5,conflict,0.23,,manual_required
950,16604355,"Al Kabeer Assorted (Stuff Felafel 750g, Felafel 1000g & Punjabi Samosas 900g)",Al Kabeer,Samosa-Frozen,Punjabi,"Frozen Pizzas, Wraps, Sandwiches",900 gm,1,CBK,BEEF KIBBEH 400,400 Gms x 12 Pkts,KOFTA-KIBBEH-FELAFEL,52.34,42.18,85.5,conflict,0.76,,manual_required
951,16604359,"Al Kabeer Assorted (Chicken Spring Rolls 1120g, Vegetable & Chicken Samosas 1200g)",Al Kabeer,Samosa-Frozen,Chicken,"Frozen Pizzas, Wraps, Sandwiches",1200 gm,1,CCF,CHICKEN FRIES,12 PKTS X 400 GRM,POP-CORN & CHICKEN FRIES,54.49,48.32,85.5,conflict,0.13,,manual_required
952,16604359,"Al Kabeer Assorted (Chicken Spring Rolls 1120g, Vegetable & Chicken Samosas 1200g)",Al Kabeer,Spring Roll-Frozen,No Variant,"Frozen Pizzas, Wraps, Sandwiches",1120 gm,1,CCCTM,CHICKEN TIKKA MAKHANI & PILAU RICE,450 Gms x 12 Pkts,READY2EAT,54.3,47.78,85.5,conflict,0.33,,manual_required
953,16604359,"Al Kabeer Assorted (Chicken Spring Rolls 1120g, Vegetable & Chicken Samosas 1200g)",Al Kabeer,Samosa-Frozen,Other-Veg,"Frozen Pizzas, Wraps, Sandwiches",1200 gm,1,CCCTM,CHICKEN TIKKA MAKHANI & PILAU RICE,450 Gms x 12 Pkts,READY2EAT,53.82,46.41,85.5,conflict,0.39,,manual_required
958,16611965,"Al Kabeer Assorted (Stuff Felafel 750g, Felafel 1000g & Punjabi Samosas 900g)",Al Kabeer,Samosa-Frozen,Punjabi,"Frozen Pizzas, Wraps, Sandwiches",900 gm,1,CBK,BEEF KIBBEH 400,400 Gms x 12 Pkts,KOFTA-KIBBEH-FELAFEL,52.34,42.18,85.5,conflict,0.76,,manual_required
959,16611965,"Al Kabeer Assorted (Stuff Felafel 750g, Felafel 1000g & Punjabi Samosas 900g)",Al Kabeer,Falafel-Frozen,Stuffed,"Frozen Pizzas, Wraps, Sandwiches",750 gm,1,CBK,BEEF KIBBEH 400,400 Gms x 12 Pkts,KOFTA-KIBBEH-FELAFEL,51.49,39.74,85.5,conflict,0.23,,manual_required
963,16611968,"Al Kabeer Assorted (Chicken Spring Rolls 1120g, Vegetable & Chicken Samosas 1200g)",Al Kabeer,Spring Roll-Frozen,No Variant,"Frozen Pizzas, Wraps, Sandwiches",1120 gm,1,CCCTM,CHICKEN TIKKA MAKHANI & PILAU RICE,450 Gms x 12 Pkts,READY2EAT,54.3,47.78,85.5,conflict,0.33,,manual_required
964,16611968,"Al Kabeer Assorted (Chicken Spring Rolls 1120g, Vegetable & Chicken Samosas 1200g)",Al Kabeer,Samosa-Frozen,Other-Veg,"Frozen Pizzas, Wraps, Sandwiches",1200 gm,1,CCCTM,CHICKEN TIKKA MAKHANI & PILAU RICE,450 Gms x 12 Pkts,READY2EAT,53.82,46.41,85.5,conflict,0.39,,manual_required
965,16611968,"Al Kabeer Assorted (Chicken Spring Rolls 1120g, Vegetable & Chicken Samosas 1200g)",Al Kabeer,Samosa-Frozen,Chicken,"Frozen Pizzas, Wraps, Sandwiches",1200 gm,1,CCF,CHICKEN FRIES,12 PKTS X 400 GRM,POP-CORN & CHICKEN FRIES,54.49,48.32,85.5,conflict,0.13,,manual_required
967,16637654,Al Kabeer Punjabi Samosa 900gm,Al Kabeer,Samosa-Frozen,Punjabi,"Frozen Pizzas, Wraps, Sandwiches",900 gm,1,CCSAK,12 CHEESE SAMOSAS,240 Gms x 20 Pkts,SAMOSA,54.74,49.06,85.5,conflict,1.92,,manual_required
969,16637969,Al Kabeer Zing Chicken Strips Non Spicy 750g,Al Kabeer,Chicken Strips-Frozen,No Variant,Zing,750 gm,1,CKSAA,CHICKEN SAMOSAS BULK,1.2 Kgs x 4 Pkts,SAMOSA,53.67,46.0,85.5,conflict,1.52,,manual_required
971,16637975,Al Kabeer Chicken Popcorn 750gm,Al Kabeer,Chicken Popcorn-Frozen,No Variant,Marinated & Breaded,750 gm,1,CKJCNA,JUMBO CHICKEN NUGGETS,1 Kgs x 5 Pkts,NUGGETS,52.67,43.14,85.5,conflict,0.25,,manual_required
972,16637976,Al Kabeer Zing Chicken Fillets Spicy 750g,Al Kabeer,Chicken Fillets-Frozen,No Variant,Zing,750 gm,1,CKSK,SHISH KEBAB,600 Gms x 12 Pkts,KEBAB,53.73,46.15,85.5,conflict,0.35,,manual_required
974,16648948,Al Kabeer Krazee Chicken Nuggets 750gm,Al Kabeer,Chicken Nuggets-Frozen,No Variant,Marinated & Breaded,750 gm,1,CFB,BEEF FRANKS,454 Gms x 20 Pkts,SAUSAGES,52.41,42.37,85.5,conflict,0.06,,manual_required
975,16648949,Al Kabeer Zing Chicken Strips Non Spicy 750g,Al Kabeer,Chicken Strips-Frozen,No Variant,Zing,750 gm,1,CKSAA,CHICKEN SAMOSAS BULK,1.2 Kgs x 4 Pkts,SAMOSA,53.67,46.0,85.5,conflict,1.52,,manual_required
977,16657800,Al Kabeer Hash Browns 1000g,Al Kabeer,Hash browns,No Variant,Frozen Potato/ Fries/ Onion rings,1 kg,1,CCSAKA,CHEESE SAMOSAS BULK,1.2 Kgs x 4 Pkts,SAMOSA,51.33,39.29,85.5,conflict,0.01,,manual_required
989,16674177,Al Kabeer Chicken/Cheese /Mutton/Vegetable 240gm/Spring Roll 280g,Al Kabeer,Samosa-Frozen,Other-Veg,"Frozen Pizzas, Wraps, Sandwiches",240 gm,1,CCCTM,CHICKEN TIKKA MAKHANI & PILAU RICE,450 Gms x 12 Pkts,READY2EAT,52.86,43.68,85.5,conflict,0.55,,manual_required
991,16674177,Al Kabeer Chicken/Cheese /Mutton/Vegetable 240gm/Spring Roll 280g,Al Kabeer,Spring Roll-Frozen,No Variant,"Frozen Pizzas, Wraps, Sandwiches",280 gm,1,CCCTM,CHICKEN TIKKA MAKHANI & PILAU RICE,450 Gms x 12 Pkts,READY2EAT,53.83,46.43,85.5,conflict,0.91,,manual_required
1010,16695611,Al Kabeer Chicken Popcorn 750 g,Al Kabeer,Chicken Popcorn-Frozen,No Variant,Marinated & Breaded,750 gm,1,CKJCNA,JUMBO CHICKEN NUGGETS,1 Kgs x 5 Pkts,NUGGETS,53.13,44.44,85.5,conflict,0.65,,manual_required
1020,16699696,AL-KABEER ZING CHICKEN STRIPS (NISPC) 750GM,Al Kabeer,Chicken Strips-Frozen,No Variant,Zing,750 gm,1,CKSK,SHISH KEBAB,600 Gms x 12 Pkts,KEBAB,54.13,47.31,85.5,conflict,1.09,,manual_required
1021,16699697,ALKABEER TENDER CHICKEN BREAST 1000GM,Al Kabeer,Chicken Breast-Frozen,No Variant,Frozen Chicken Parts,1000 gm,1,CFBF,BREADED FISH FILLET,330 Gms x 20 Pkts,FILLETS,52.58,42.86,85.5,conflict,0.19,,manual_required
1027,16699708,ALKABEER LAMB KIBBEH 1000GM,Al Kabeer,Lamb Kibbeh-Frozen,No Variant,Frozen Kofta / Kibbeh & Meat Balls,1000 gm,1,CBBO,4 BEEF BURGERS,200 Gms x 30 Pkt,BURGERS,52.82,43.56,85.5,conflict,0.2,,manual_required
1033,16700881,Al Kabeer Chicken Popcorn 750 g,Al Kabeer,Chicken Popcorn-Frozen,No Variant,Marinated & Breaded,750 gm,1,CKJCNA,JUMBO CHICKEN NUGGETS,1 Kgs x 5 Pkts,NUGGETS,53.13,44.44,85.5,conflict,0.65,,manual_required
1051,16708158,"AL KABEER PUNJABI SAMOSA, 900 GRAMS",Al Kabeer,Samosa-Frozen,Punjabi,"Frozen Pizzas, Wraps, Sandwiches",900 gm,1,CCSAK,12 CHEESE SAMOSAS,240 Gms x 20 Pkts,SAMOSA,53.89,46.6,85.5,conflict,0.67,,manual_required
1069,16716171,Al Kabeer  PANEER CUBES 200 Gm,Al Kabeer,Paneer,No Variant,Paneer,200 gm,1,CKCCR,CHICKEN ‘N’ CHEESE RINGS 300,300 gms x 12 pkts,POP-CORN & CHICKEN FRIES,52.79,43.48,85.5,conflict,0.32,,manual_required
1092,16718745,AL KABEER GREEN PEAS/MIX VEGETABLE 900GM,Al Kabeer,Mix Vegetables-Frozen,No Variant,Frozen Vegetables,900 gm,1,CFBJ,JUMBO HOTDOGS,400 Gms x 20 Pkts,SAUSAGES,51.45,39.64,85.5,conflict,0.28,,manual_required
1093,16718745,AL KABEER GREEN PEAS/MIX VEGETABLE 900GM,Al Kabeer,Green/Garden Peas-Frozen,No Variant,Frozen Vegetables,900 gm,1,CFBF,BREADED FISH FILLET,330 Gms x 20 Pkts,FILLETS,51.46,39.68,85.5,conflict,0.24,,manual_required
1098,16718750,Al Kabeer Krazee Chicken Nuggets 750gm,Al Kabeer,Chicken Nuggets-Frozen,No Variant,Marinated & Breaded,750 gm,1,CFB,BEEF FRANKS,454 Gms x 20 Pkts,SAUSAGES,52.41,42.37,85.5,conflict,0.06,,manual_required
1100,16719016,AL KABEER CHEESE SPRING ROLLS 240GM/ VEGETABLE SPRING ROLLS 280GM /CHICKEN SPRING ROLLS 280GM,Al Kabeer,Spring Roll-Frozen,No Variant,"Frozen Pizzas, Wraps, Sandwiches",240 gm,1,CCCTM,CHICKEN TIKKA MAKHANI & PILAU RICE,450 Gms x 12 Pkts,READY2EAT,53.5,45.51,85.5,conflict,0.48,,manual_required
1101,16719016,AL KABEER CHEESE SPRING ROLLS 240GM/ VEGETABLE SPRING ROLLS 280GM /CHICKEN SPRING ROLLS 280GM,Al Kabeer,Spring Roll-Frozen,No Variant,"Frozen Pizzas, Wraps, Sandwiches",280 gm,1,CCCTM,CHICKEN TIKKA MAKHANI & PILAU RICE,450 Gms x 12 Pkts,READY2EAT,53.5,45.51,85.5,conflict,0.48,,manual_required
1103,16719017,AL KABEER CHICKEN POPCORN/STRIPS 750GM,Al Kabeer,Chicken Popcorn-Frozen,No Variant,Marinated & Breaded,750 gm,1,CFBF,BREADED FISH FILLET,330 Gms x 20 Pkts,FILLETS,52.89,43.75,85.5,conflict,0.61,,manual_required
1104,16719018,AL KABEER CHICKEN NUGGETS /FILLET 750 gm,Al Kabeer,Chicken Nuggets-Frozen,No Variant,Marinated & Breaded,750 gm,1,CFBF,BREADED FISH FILLET,330 Gms x 20 Pkts,FILLETS,54.94,49.6,85.5,conflict,1.03,,manual_required
1111,16719025,Al Kabeer Zing Chicken Chicken Strips 750gm,Al Kabeer,Chicken Strips-Frozen,No Variant,Zing,750 gm,1,CKSAA,CHICKEN SAMOSAS BULK,1.2 Kgs x 4 Pkts,SAMOSA,53.38,45.16,85.5,conflict,0.08,,manual_required
1117,16719695,Al Kabeer Tender Chicken Breast 1000gm,Al Kabeer,Chicken Breast-Frozen,No Variant,Frozen Chicken Parts,1000 gm,1,CFBF,BREADED FISH FILLET,330 Gms x 20 Pkts,FILLETS,52.58,42.86,85.5,conflict,0.19,,manual_required
1125,16720304,ALKABEER PUNJABI SAMOSA 900GM,Al Kabeer,Samosa-Frozen,Punjabi,"Frozen Pizzas, Wraps, Sandwiches",900 gm,1,CCSAK,12 CHEESE SAMOSAS,240 Gms x 20 Pkts,SAMOSA,54.74,49.06,85.5,conflict,1.92,,manual_required
1126,16720306,Al Kabeer PANEER CUBES 200 GM,Al Kabeer,Paneer,No Variant,Paneer,200 gm,1,CKCCR,CHICKEN ‘N’ CHEESE RINGS 300,300 gms x 12 pkts,POP-CORN & CHICKEN FRIES,52.79,43.48,85.5,conflict,0.32,,manual_required
1130,16720540,Al Kabeer ZING CHICKEN FILLETS OR STRIPS 750 gm,Al Kabeer,Chicken Fillets-Frozen,No Variant,Zing,750 gm,1,CKJCNA,JUMBO CHICKEN NUGGETS,1 Kgs x 5 Pkts,NUGGETS,53.55,45.65,85.5,conflict,0.25,,manual_required
1131,16720540,Al Kabeer ZING CHICKEN FILLETS OR STRIPS 750 gm,Al Kabeer,Chicken Strips-Frozen,No Variant,Zing,750 gm,1,CKN,CHICKEN NUGGETS,270 Gms x 20 Pkts,NUGGETS,54.5,48.35,85.5,conflict,1.19,,manual_required
1134,16721575,Al Kabeer Chicken Spring Roll 560gm/Chicken/ Vegetable Samosa 480gm,Al Kabeer,Spring Roll-Frozen,No Variant,"Frozen Pizzas, Wraps, Sandwiches",560 gm,1,CCCTM,CHICKEN TIKKA MAKHANI & PILAU RICE,450 Gms x 12 Pkts,READY2EAT,53.66,45.96,85.5,conflict,0.98,,manual_required
1139,16721579,Al Kabeer Chicken Popcorn 750 gm,Al Kabeer,Chicken Popcorn-Frozen,No Variant,Marinated & Breaded,750 gm,1,CKJCNA,JUMBO CHICKEN NUGGETS,1 Kgs x 5 Pkts,NUGGETS,53.13,44.44,85.5,conflict,0.65,,manual_required
1156,16725946,Al Kabeer Tender Chicken Breast 1000gm,Al Kabeer,Chicken Breast-Frozen,No Variant,Frozen Chicken Parts,1000 gm,1,CFBF,BREADED FISH FILLET,330 Gms x 20 Pkts,FILLETS,52.58,42.86,85.5,conflict,0.19,,manual_required
1160,16725949,Al Kabeer Chicken Pop-Corn 750gm,Al Kabeer,Chicken Popcorn-Frozen,No Variant,Marinated & Breaded,750 gm,1,CKCKB,CHICKEN BURGERS 56 g,840 g. x 9,BURGERS,51.89,40.91,85.5,conflict,0.44,,manual_required
1164,16727857,Al Kabeer felafal 1000 gm,Al Kabeer,Falafel-Frozen,Non-Stuffed,"Frozen Pizzas, Wraps, Sandwiches",1 kg,1,CCSAKA,CHEESE SAMOSAS BULK,1.2 Kgs x 4 Pkts,SAMOSA,50.85,37.93,85.5,conflict,0.11,,manual_required
1165,16727859,Al Kabeer Chicken Nuggets/Breaded Chicken Fillet 750g,Al Kabeer,Chicken Fillets-Frozen,No Variant,Marinated & Breaded,750 gm,1,CCF,CHICKEN FRIES,12 PKTS X 400 GRM,POP-CORN & CHICKEN FRIES,54.51,48.39,85.5,conflict,0.2,,manual_required
1168,16727863,Al Kabeer Zing Chicken Strips /Chicken Pop Corn 750gm,Al Kabeer,Chicken Strips-Frozen,No Variant,Zing,750 gm,1,CKBT,TAYEBAT CHICKEN BURGER,1 Kgs x 9 Pkts,BURGERS,54.24,47.62,85.5,conflict,3.1,,manual_required
1176,16730283,Al Kabeer Samosa/Spring Roll 280gm Assorted,Al Kabeer,Samosa-Frozen,Chicken,"Frozen Pizzas, Wraps, Sandwiches",280 gm,1,CCSRA,8 CHEESE SPRING ROLLS,240 Gms x 20 Pkts,SPRING ROLL,54.4,48.06,85.5,conflict,0.29,,manual_required
1177,16730283,Al Kabeer Samosa/Spring Roll 280gm Assorted,Al Kabeer,Spring Roll-Frozen,No Variant,"Frozen Pizzas, Wraps, Sandwiches",280 gm,1,CCSRA,8 CHEESE SPRING ROLLS,240 Gms x 20 Pkts,SPRING ROLL,54.01,46.97,85.5,conflict,0.82,,manual_required
1179,16730286,Al Kabeer Punjabi Samosa 900gm,Al Kabeer,Samosa-Frozen,Punjabi,"Frozen Pizzas, Wraps, Sandwiches",900 gm,1,CCSAK,12 CHEESE SAMOSAS,240 Gms x 20 Pkts,SAMOSA,54.74,49.06,85.5,conflict,1.92,,manual_required
1184,16730685,Al Kabeer Paneer Cube 200 Gm,Al Kabeer,Paneer,No Variant,Paneer,200 gm,1,CKCCNS,CHICKEN & CHEESE STICKS HOT & SPICY,250 gm x 20 Pkts,STICKS & FINGERS,51.88,40.86,85.5,conflict,0.3,,manual_required
1187,16731051,Al Kabeer Zing Chekn Strip /Fillet No Spicy 750gm,Al Kabeer,Chicken Fillets-Frozen,No Variant,Marinated & Breaded,750 gm,1,CCKSB,CHICKEN STICKS BULK,1 Kgs x 5 Pkts,STICKS & FINGERS,53.41,45.26,85.5,conflict,0.58,,manual_required
1188,16731051,Al Kabeer Zing Chekn Strip /Fillet No Spicy 750gm,Al Kabeer,Chicken Strips-Frozen,No Variant,Zing,750 gm,1,CKCKB,CHICKEN BURGERS 56 g,840 g. x 9,BURGERS,51.89,40.91,85.5,conflict,0.66,,manual_required
1196,16736395,Al Kabeer chicken or vegetable samosa 1200gm or spring roll 1120 gm Frozen,Al Kabeer,Samosa-Frozen,Chicken,"Frozen Pizzas, Wraps, Sandwiches",1200 gm,1,CCF,CHICKEN FRIES,12 PKTS X 400 GRM,POP-CORN & CHICKEN FRIES,54.42,48.12,85.5,conflict,0.13,,manual_required
1197,16736395,Al Kabeer chicken or vegetable samosa 1200gm or spring roll 1120 gm Frozen,Al Kabeer,Samosa-Frozen,Other-Veg,"Frozen Pizzas, Wraps, Sandwiches",1200 gm,1,CCCTM,CHICKEN TIKKA MAKHANI & PILAU RICE,450 Gms x 12 Pkts,READY2EAT,54.12,47.27,85.5,conflict,0.39,,manual_required
1198,16736395,Al Kabeer chicken or vegetable samosa 1200gm or spring roll 1120 gm Frozen,Al Kabeer,Spring Roll-Frozen,No Variant,"Frozen Pizzas, Wraps, Sandwiches",1120 gm,1,CCCTM,CHICKEN TIKKA MAKHANI & PILAU RICE,450 Gms x 12 Pkts,READY2EAT,54.02,46.99,85.5,conflict,0.4,,manual_required
1205,16741095,Al Kabeer KRAZEE CHICKEN NUGGETS/BREADED CHICKEN FILLET HOT 750 GM,Al Kabeer,Chicken Fillets-Frozen,No Variant,Marinated & Breaded,750 gm,1,CCCTM,CHICKEN TIKKA MAKHANI & PILAU RICE,450 Gms x 12 Pkts,READY2EAT,54.52,48.41,85.5,conflict,0.5,,manual_required
1206,16741095,Al Kabeer KRAZEE CHICKEN NUGGETS/BREADED CHICKEN FILLET HOT 750 GM,Al Kabeer,Chicken Nuggets-Frozen,No Variant,Marinated & Breaded,750 gm,1,CCCTM,CHICKEN TIKKA MAKHANI & PILAU RICE,450 Gms x 12 Pkts,READY2EAT,54.49,48.32,85.5,conflict,0.03,,manual_required
1213,16741102,Al Kabeer ZING CHICKEN FILLET NON SPICY 750 GM,Al Kabeer,Chicken Fillets-Frozen,No Variant,Zing,750 gm,1,CKN,CHICKEN NUGGETS,270 Gms x 20 Pkts,NUGGETS,54.0,46.94,85.5,conflict,1.85,,manual_required
1214,16741103,AL KABEER CHICKEN TANDOORI NUGGETS 270GM,Al Kabeer,Chicken Nuggets-Frozen,No Variant,Marinated & Breaded,270 gm,1,CCCB,CHICKEN BIRYANI 400,400 Gms x 12 Pkts,READY2EAT,53.64,45.9,85.5,conflict,0.45,,manual_required
1219,16762643,Al Kabeer  Vegetable / Chicken Samosa 480 gm / Al Kabeer Vegetable / Chicken Spring Roll 560 gm,Al Kabeer,Spring Roll-Frozen,No Variant,"Frozen Pizzas, Wraps, Sandwiches",560 gm,1,CCCTM,CHICKEN TIKKA MAKHANI & PILAU RICE,450 Gms x 12 Pkts,READY2EAT,53.97,46.84,85.5,conflict,0.95,,manual_required
1224,16766289,Al Kabeer Zing Chicken Fille Spicy 750 gm + Chicken Nugget 750 gm,Al Kabeer,Chicken Fillets-Frozen,Spicy,Zing,750 gm,1,CFBF,BREADED FISH FILLET,330 Gms x 20 Pkts,FILLETS,54.91,49.54,85.5,conflict,0.51,,manual_required
1229,16773196,AL KABEER ZING CHICKEN STRIPS/ FILLET 750 GM,Al Kabeer,Chicken Strips-Frozen,No Variant,Zing,750 gm,1,CKSK,SHISH KEBAB,600 Gms x 12 Pkts,KEBAB,53.73,46.15,85.5,conflict,0.35,,manual_required
1230,16773196,AL KABEER ZING CHICKEN STRIPS/ FILLET 750 GM,Al Kabeer,Chicken Fillets-Frozen,No Variant,Zing,750 gm,1,CKSK,SHISH KEBAB,600 Gms x 12 Pkts,KEBAB,53.13,44.44,85.5,conflict,0.31,,manual_required
1231,16773199,Al Kabeer  SAMOSAS CHICKEN VEGETABLE) CHEESE 480G / PUNJABI 900 g,Al Kabeer,Samosa-Frozen,Chicken,"Frozen Pizzas, Wraps, Sandwiches",480 gm,1,CCF,CHICKEN FRIES,12 PKTS X 400 GRM,POP-CORN & CHICKEN FRIES,52.5,42.65,85.5,conflict,0.11,,manual_required
1232,16773199,Al Kabeer  SAMOSAS CHICKEN VEGETABLE) CHEESE 480G / PUNJABI 900 g,Al Kabeer,Samosa-Frozen,Punjabi,"Frozen Pizzas, Wraps, Sandwiches",900 gm,1,CCF,CHICKEN FRIES,12 PKTS X 400 GRM,POP-CORN & CHICKEN FRIES,52.5,42.65,85.5,conflict,0.11,,manual_required
1233,16773199,Al Kabeer  SAMOSAS CHICKEN VEGETABLE) CHEESE 480G / PUNJABI 900 g,Al Kabeer,Samosa-Frozen,Other-Veg,"Frozen Pizzas, Wraps, Sandwiches",480 gm,1,CCF,CHICKEN FRIES,12 PKTS X 400 GRM,POP-CORN & CHICKEN FRIES,51.96,41.1,85.5,conflict,0.12,,manual_required
1242,16800586,AL KABEER Breaded Chicken Fillets Spicy / Chicken Nuggets 750 Gms,Al Kabeer,Chicken Nuggets-Frozen,No Variant,Marinated & Breaded,750 gm,1,CCFA,CHICKEN FRIES BULK,1 kg x 5 Pkts,POP-CORN & CHICKEN FRIES,54.78,49.15,85.5,conflict,0.13,,manual_required
1243,16800588,Al Kabeer  Samosas 480g / Spring rolls 560g (Chicken / Vegetable),Al Kabeer,Spring Roll-Frozen,No Variant,"Frozen Pizzas, Wraps, Sandwiches",560 gm,1,CCCTM,CHICKEN TIKKA MAKHANI & PILAU RICE,450 Gms x 12 Pkts,READY2EAT,53.27,44.85,85.5,conflict,0.52,,manual_required
1244,16800588,Al Kabeer  Samosas 480g / Spring rolls 560g (Chicken / Vegetable),Al Kabeer,Samosa-Frozen,Chicken,"Frozen Pizzas, Wraps, Sandwiches",480 gm,1,CCCB,CHICKEN BIRYANI 400,400 Gms x 12 Pkts,READY2EAT,52.61,42.96,85.5,conflict,0.41,,manual_required
1245,16800588,Al Kabeer  Samosas 480g / Spring rolls 560g (Chicken / Vegetable),Al Kabeer,Samosa-Frozen,Other-Veg,"Frozen Pizzas, Wraps, Sandwiches",480 gm,1,CCF,CHICKEN FRIES,12 PKTS X 400 GRM,POP-CORN & CHICKEN FRIES,52.64,43.06,85.5,conflict,0.59,,manual_required
1250,16802430,Al Kabeer Punjabi Samosa 900Gm,Al Kabeer,Samosa-Frozen,Punjabi,"Frozen Pizzas, Wraps, Sandwiches",900 gm,1,CCSAK,12 CHEESE SAMOSAS,240 Gms x 20 Pkts,SAMOSA,54.74,49.06,85.5,conflict,1.92,,manual_required
1256,16815155,Al Kabeer Samosa 480g / Springrolls 580g / (Chicken / Vegetable),Al Kabeer,Samosa-Frozen,Other-Veg,"Frozen Pizzas, Wraps, Sandwiches",480 gm,1,CCF,CHICKEN FRIES,12 PKTS X 400 GRM,POP-CORN & CHICKEN FRIES,53.65,45.93,85.5,conflict,1.15,,manual_required
1257,16815155,Al Kabeer Samosa 480g / Springrolls 580g / (Chicken / Vegetable),Al Kabeer,Spring Roll-Frozen,No Variant,"Frozen Pizzas, Wraps, Sandwiches",580 gm,1,CCF,CHICKEN FRIES,12 PKTS X 400 GRM,POP-CORN & CHICKEN FRIES,53.18,44.59,85.5,conflict,1.51,,manual_required
1258,16815155,Al Kabeer Samosa 480g / Springrolls 580g / (Chicken / Vegetable),Al Kabeer,Samosa-Frozen,Chicken,"Frozen Pizzas, Wraps, Sandwiches",480 gm,1,CCF,CHICKEN FRIES,12 PKTS X 400 GRM,POP-CORN & CHICKEN FRIES,53.81,46.4,85.5,conflict,0.68,,manual_required
1261,16815162,Zing Chicken Strips Non Spicy +Chicken Nuggets (750 GMS),Al Kabeer,Chicken Strips-Frozen,No Variant,Marinated & Breaded,750 gm,1,CCKSB,CHICKEN STICKS BULK,1 Kgs x 5 Pkts,STICKS & FINGERS,54.8,49.21,85.5,conflict,0.12,,manual_required
1266,16839155,Al Kabeer krazee Chicken nuggets 750gm,Al Kabeer,Chicken Nuggets-Frozen,No Variant,Marinated & Breaded,750 gm,1,CFB,BEEF FRANKS,454 Gms x 20 Pkts,SAUSAGES,52.41,42.37,85.5,conflict,0.06,,manual_required
1276,16841053,Al Kabeer  Paneer Cubes 500 Gm,Al Kabeer,Paneer,No Variant,Paneer,500 gm,1,CKCCR,CHICKEN ‘N’ CHEESE RINGS 300,300 gms x 12 pkts,POP-CORN & CHICKEN FRIES,52.03,41.3,85.5,conflict,0.12,,manual_required
1284,16865219,ALKABEER CHICKEN NUGGETS NO SPICY / TANDOORI 270GM,Al Kabeer,Chicken Nuggets-Frozen,No Variant,Marinated & Breaded,270 gm,1,CCCB,CHICKEN BIRYANI 400,400 Gms x 12 Pkts,READY2EAT,53.98,46.88,85.5,conflict,0.34,,manual_required
1288,16870177,AL-KABEER ZING CHICKEN STRIPS / POP CORN 750GM,Al Kabeer,Chicken Popcorn-Frozen,No Variant,Marinated & Breaded,750 gm,1,CCKSB,CHICKEN STICKS BULK,1 Kgs x 5 Pkts,STICKS & FINGERS,53.98,46.88,85.5,conflict,1.26,,manual_required
1289,16870177,AL-KABEER ZING CHICKEN STRIPS / POP CORN 750GM,Al Kabeer,Chicken Strips-Frozen,No Variant,Zing,750 gm,1,CKSAA,CHICKEN SAMOSAS BULK,1.2 Kgs x 4 Pkts,SAMOSA,53.36,45.1,85.5,conflict,0.07,,manual_required
1291,16870180,ALKABEER FRENCH FRIES 2500 GM,Al Kabeer,French Fries-Frozen,No Variant,Frozen Fries & Onion Rings,2.5 kg,1,CCSK,KIRI CHEESE SAMOSA,20 X 240 GMS,SAMOSA,52.53,42.72,85.5,conflict,0.52,,manual_required
1292,16870182,Al Kabeer  FROZEN PANJABI SAMOSAS 900 GM,Al Kabeer,Samosa-Frozen,Punjabi,"Frozen Pizzas, Wraps, Sandwiches",900 gm,1,CCSAK,12 CHEESE SAMOSAS,240 Gms x 20 Pkts,SAMOSA,54.63,48.74,85.5,conflict,0.73,,manual_required
1294,16870189,ALKABEER TENDER CHICKEN BREAST 1000GM,Al Kabeer,Chicken Breast-Frozen,No Variant,Frozen Chicken Parts,1000 gm,1,CFBF,BREADED FISH FILLET,330 Gms x 20 Pkts,FILLETS,52.58,42.86,85.5,conflict,0.19,,manual_required
1295,16876941,Al Kabeer Vegetable/Chicken Spring Roll 560gm,Al Kabeer,Spring Roll-Frozen,No Variant,"Frozen Pizzas, Wraps, Sandwiches",560 gm,1,CCSRA,8 CHEESE SPRING ROLLS,240 Gms x 20 Pkts,SPRING ROLL,54.81,49.25,85.5,conflict,1.5,,manual_required
1298,16878250,Al kabeer B.Chicken Fillet / Chicken nuggets 750gm,Al Kabeer,Chicken Nuggets-Frozen,No Variant,Marinated & Breaded,750 gm,1,CCKSB,CHICKEN STICKS BULK,1 Kgs x 5 Pkts,STICKS & FINGERS,53.38,45.16,85.5,conflict,0.14,,manual_required
1299,16878250,Al kabeer B.Chicken Fillet / Chicken nuggets 750gm,Al Kabeer,Chicken Fillets-Frozen,No Variant,Marinated & Breaded,750 gm,1,BF,BEEF TENDERLOIN/FILLET,20 KGS,MEAT-INDIAN-TRD,52.87,43.71,85.5,conflict,0.45,,manual_required
1308,16878727,Al Kabeer PANEER CUBES 200 GM,Al Kabeer,Paneer,No Variant,Paneer,200 gm,1,CKCCR,CHICKEN ‘N’ CHEESE RINGS 300,300 gms x 12 pkts,POP-CORN & CHICKEN FRIES,52.79,43.48,85.5,conflict,0.32,,manual_required
1310,16878731,Al Kabeer  CHICKEN KOFTA 300 GM,Al Kabeer,Chicken Kofta-Frozen,No Variant,Frozen Kofta / Kibbeh & Meat Balls,300 gm,1,CCCB,CHICKEN BIRYANI 400,400 Gms x 12 Pkts,READY2EAT,54.43,48.15,85.5,conflict,1.81,,manual_required
1311,16878732,ALKABEER PUNJABI SAMOSA 900GM,Al Kabeer,Samosa-Frozen,Punjabi,"Frozen Pizzas, Wraps, Sandwiches",900 gm,1,CCSAK,12 CHEESE SAMOSAS,240 Gms x 20 Pkts,SAMOSA,54.74,49.06,85.5,conflict,1.92,,manual_required
1313,16878813,ALKABEERS CHICKEN SPRING ROLLS 280 GM,Al Kabeer,Samosa-Frozen,Chicken,"Frozen Pizzas, Wraps, Sandwiches",280 gm,1,CCSRA,8 CHEESE SPRING ROLLS,240 Gms x 20 Pkts,SPRING ROLL,54.53,48.44,85.5,conflict,0.8,,manual_required
1323,16882115,AL KABEER CHICKEN KOFTA 300 GM,Al Kabeer,Chicken Kofta-Frozen,No Variant,Frozen Kofta / Kibbeh & Meat Balls,300 gm,1,CCCB,CHICKEN BIRYANI 400,400 Gms x 12 Pkts,READY2EAT,54.43,48.15,85.5,conflict,1.81,,manual_required
1324,16882116,AL KABEER PUNJABI SAMOSA 900 Gm  ,Al Kabeer,Samosa-Frozen,Punjabi,"Frozen Pizzas, Wraps, Sandwiches",900 gm,1,CCSAK,12 CHEESE SAMOSAS,240 Gms x 20 Pkts,SAMOSA,53.89,46.6,85.5,conflict,0.67,,manual_required
1326,16882118,AL KABEER PANEER CUBES 200 Gm,Al Kabeer,Paneer,No Variant,Paneer,200 gm,1,CKCCR,CHICKEN ‘N’ CHEESE RINGS 300,300 gms x 12 pkts,POP-CORN & CHICKEN FRIES,52.79,43.48,85.5,conflict,0.32,,manual_required
1341,16886385,AL KABEER FRENCH FRIES 2.5KG,Al Kabeer,French Fries-Frozen,No Variant,Frozen Fries & Onion Rings,2.5 kg,1,CFBFA,BREADED FISH FILLET BULK,1 Kgs x 5 Pkts,FILLETS,52.24,41.9,85.5,conflict,0.08,,manual_required
1345,16886845,AL KABEER KRAZEE CHICKEN NUGGETS 1000 GM,Al Kabeer,Chicken Nuggets-Frozen,No Variant,Marinated & Breaded,1 kg,1,CBBAGPR,AK PRO BEEF BURGER 24,1.392 kg x 6 Pkts,BURGERS,51.68,40.31,85.5,conflict,0.11,,manual_required
1363,16887185,AL KABEER ZING CHICKEN FILLET NON SPICY 750GM + BREADED CHICKEN FILLET HOT AND SPICY 750GM FREE,Al Kabeer,Chicken Fillets-Frozen,No Variant,Marinated & Breaded,750 gm,1,CCCTM,CHICKEN TIKKA MAKHANI & PILAU RICE,450 Gms x 12 Pkts,READY2EAT,54.54,48.48,85.5,conflict,1.79,,manual_required
1364,16887194,AL KABEER ZING CHICKEN STRIPS 750GM+CHICKEN NUGGETS 750GM FREE,Al Kabeer,Chicken Strips-Frozen,Spicy,Zing,750 gm,1,CCCB,CHICKEN BIRYANI 400,400 Gms x 12 Pkts,READY2EAT,53.89,46.6,85.5,conflict,1.06,,manual_required
1367,16887579,Al Kabeer Chicken Fillet/Nuggets 750 gm,Al Kabeer,Chicken Nuggets-Frozen,No Variant,Marinated & Breaded,750 gm,1,CFBF,BREADED FISH FILLET,330 Gms x 20 Pkts,FILLETS,54.94,49.6,85.5,conflict,1.03,,manual_required
1369,16887583,AL KABEER GREEN PEAS/MIX VEGETABLE 900GM,Al Kabeer,Mix Vegetables-Frozen,No Variant,Frozen Vegetables,900 gm,1,CFBJ,JUMBO HOTDOGS,400 Gms x 20 Pkts,SAUSAGES,51.45,39.64,85.5,conflict,0.28,,manual_required
1370,16887583,AL KABEER GREEN PEAS/MIX VEGETABLE 900GM,Al Kabeer,Green/Garden Peas-Frozen,No Variant,Frozen Vegetables,900 gm,1,CFBF,BREADED FISH FILLET,330 Gms x 20 Pkts,FILLETS,51.46,39.68,85.5,conflict,0.24,,manual_required
1371,16887585,AL KABEER CHICKEN POPCORN/STRIPS 750GM,Al Kabeer,Chicken Popcorn-Frozen,No Variant,Marinated & Breaded,750 gm,1,CFBF,BREADED FISH FILLET,330 Gms x 20 Pkts,FILLETS,52.89,43.75,85.5,conflict,0.61,,manual_required
1375,16887815,Al Kabeer Zing Chicken Strips Non Spicy 750 gm,Al Kabeer,Chicken Strips-Frozen,No Variant,Zing,750 gm,1,CKSAA,CHICKEN SAMOSAS BULK,1.2 Kgs x 4 Pkts,SAMOSA,53.67,46.0,85.5,conflict,1.52,,manual_required
1376,16887816,Al Kabeer Krazee Chicken Nuggets 750gm,Al Kabeer,Chicken Nuggets-Frozen,No Variant,Marinated & Breaded,750 gm,1,CFB,BEEF FRANKS,454 Gms x 20 Pkts,SAUSAGES,52.41,42.37,85.5,conflict,0.06,,manual_required
1378,16887819,AL KABEER CHEESE SPRING ROLLS 240GM/ VEGETABLE SPRING ROLLS 280GM /CHICKEN SPRING ROLLS 280GM,Al Kabeer,Spring Roll-Frozen,No Variant,"Frozen Pizzas, Wraps, Sandwiches",280 gm,1,CCCTM,CHICKEN TIKKA MAKHANI & PILAU RICE,450 Gms x 12 Pkts,READY2EAT,53.5,45.51,85.5,conflict,0.48,,manual_required
1379,16887819,AL KABEER CHEESE SPRING ROLLS 240GM/ VEGETABLE SPRING ROLLS 280GM /CHICKEN SPRING ROLLS 280GM,Al Kabeer,Spring Roll-Frozen,No Variant,"Frozen Pizzas, Wraps, Sandwiches",240 gm,1,CCCTM,CHICKEN TIKKA MAKHANI & PILAU RICE,450 Gms x 12 Pkts,READY2EAT,53.5,45.51,85.5,conflict,0.48,,manual_required
1389,16888539,Al Kabeer - Zing Chicken Strips / Fillet / Chicken Pop Corn 750gm,Al Kabeer,Chicken Strips-Frozen,No Variant,Zing,750 gm,1,CCCB,CHICKEN BIRYANI 400,400 Gms x 12 Pkts,READY2EAT,53.34,45.05,85.5,conflict,0.68,,manual_required
1390,16888539,Al Kabeer - Zing Chicken Strips / Fillet / Chicken Pop Corn 750gm,Al Kabeer,Chicken Fillets-Frozen,No Variant,Zing,750 gm,1,CCKSB,CHICKEN STICKS BULK,1 Kgs x 5 Pkts,STICKS & FINGERS,54.92,49.56,85.5,conflict,0.26,,manual_required
1396,16888543,Al Kabeer Punjabi Vegetable Samosa 900g,Al Kabeer,Samosa-Frozen,Punjabi,"Frozen Pizzas, Wraps, Sandwiches",900 gm,1,CCSAK,12 CHEESE SAMOSAS,240 Gms x 20 Pkts,SAMOSA,53.06,44.25,85.5,conflict,0.01,,manual_required
1399,16889409,Al Kabeer Nuggets / Breaded Chicken Fillet 750g,Al Kabeer,Chicken Nuggets-Frozen,No Variant,Marinated & Breaded,750 gm,1,CFBF,BREADED FISH FILLET,330 Gms x 20 Pkts,FILLETS,54.94,49.6,85.5,conflict,0.33,,manual_required
1402,16889413,Al Kabeer Zing Chicken Strips/fillet/ Popcorn 750GM,Al Kabeer,Chicken Strips-Frozen,No Variant,Zing,750 gm,1,CKJCNA,JUMBO CHICKEN NUGGETS,1 Kgs x 5 Pkts,NUGGETS,52.42,42.42,85.5,conflict,0.27,,manual_required
1403,16889413,Al Kabeer Zing Chicken Strips/fillet/ Popcorn 750GM,Al Kabeer,Chicken Popcorn-Frozen,No Variant,Marinated & Breaded,750 gm,1,CCKSB,CHICKEN STICKS BULK,1 Kgs x 5 Pkts,STICKS & FINGERS,54.8,49.21,85.5,conflict,1.67,,manual_required
1414,16894360,Al Kabeer Punjabi Samosa 900gm,Al Kabeer,Samosa-Frozen,Punjabi,"Frozen Pizzas, Wraps, Sandwiches",900 gm,1,CCSAK,12 CHEESE SAMOSAS,240 Gms x 20 Pkts,SAMOSA,54.74,49.06,85.5,conflict,1.92,,manual_required
1427,16895506,Al Kabeer Samosa Vegetable/Chicken 480gm/ Roll Vegetable/Chicken 560gm,Al Kabeer,Spring Roll-Frozen,No Variant,"Frozen Pizzas, Wraps, Sandwiches",560 gm,1,CCCTM,CHICKEN TIKKA MAKHANI & PILAU RICE,450 Gms x 12 Pkts,READY2EAT,53.66,45.96,85.5,conflict,0.98,,manual_required
1433,16899012,Al Kabeer Zing Chicken Strips Spicy/Normal 750gm,Al Kabeer,Chicken Strips-Frozen,No Variant,Marinated & Breaded,750 gm,1,CCKSB,CHICKEN STICKS BULK,1 Kgs x 5 Pkts,STICKS & FINGERS,54.51,48.39,85.5,conflict,1.32,,manual_required
1434,16899012,Al Kabeer Zing Chicken Strips Spicy/Normal 750gm,Al Kabeer,Chicken Strips-Frozen,Spicy,Zing,750 gm,1,CKSAA,CHICKEN SAMOSAS BULK,1.2 Kgs x 4 Pkts,SAMOSA,53.05,44.21,85.5,conflict,0.86,,manual_required
1442,16903053,Al Kabeer Punjabi Samosa 900gm,Al Kabeer,Samosa-Frozen,Punjabi,"Frozen Pizzas, Wraps, Sandwiches",900 gm,1,CCSAK,12 CHEESE SAMOSAS,240 Gms x 20 Pkts,SAMOSA,54.74,49.06,85.5,conflict,1.92,,manual_required
1443,16903055,Al Kabeer Paneer Cubes 500Gm,Al Kabeer,Paneer,No Variant,Paneer,500 gm,1,CKBBTY,TAYEBAT BREADED CHICKEN BURGERS 840 g. x 8 Pkts,840 g. x 8 Pkts,BURGERS,52.23,41.86,85.5,conflict,0.65,,manual_required
1444,16904666,Al Kabeer Punjabi Samosa 900gm,Al Kabeer,Samosa-Frozen,Punjabi,"Frozen Pizzas, Wraps, Sandwiches",900 gm,1,CCSAK,12 CHEESE SAMOSAS,240 Gms x 20 Pkts,SAMOSA,54.74,49.06,85.5,conflict,1.92,,manual_required
1455,16909668,Al-Kabeer french fries 2.5kg,Al Kabeer,French Fries-Frozen,No Variant,Frozen Fries & Onion Rings,2.5 kg,1,CFBFA,BREADED FISH FILLET BULK,1 Kgs x 5 Pkts,FILLETS,52.24,41.9,85.5,conflict,0.08,,manual_required
1458,16929635,Al Kabeer Non-Spicy Zing Chicken Fillet 750gm / ) Zing Chicken Strips Non Spicy 750gm,Al Kabeer,Chicken Strips-Frozen,No Variant,Zing,750 gm,1,CCKSB,CHICKEN STICKS BULK,1 Kgs x 5 Pkts,STICKS & FINGERS,54.74,49.06,85.5,conflict,0.77,,manual_required
1459,16929635,Al Kabeer Non-Spicy Zing Chicken Fillet 750gm / ) Zing Chicken Strips Non Spicy 750gm,Al Kabeer,Chicken Fillets-Frozen,No Variant,Zing,750 gm,1,CCKSB,CHICKEN STICKS BULK,1 Kgs x 5 Pkts,STICKS & FINGERS,54.15,47.37,85.5,conflict,1.19,,manual_required
1472,16940987,Al Kabeer Zing Strips Non Spicy 750gm+ Chicken Nuggets 750gm (Prc),Al Kabeer,Chicken Strips-Frozen,No Variant,Zing,750 gm,1,CCKSB,CHICKEN STICKS BULK,1 Kgs x 5 Pkts,STICKS & FINGERS,54.6,48.65,85.5,conflict,0.87,,manual_required
1477,16944855,Al Kabeer Punjabi Samosa (30pcs) 900g,Al Kabeer,Samosa-Frozen,Punjabi,"Frozen Pizzas, Wraps, Sandwiches",900 gm,1,CCSAK,12 CHEESE SAMOSAS,240 Gms x 20 Pkts,SAMOSA,54.12,47.27,85.5,conflict,1.21,,manual_required
1480,16945521,Al Kabeer Punjabi Samosa 900g,Al Kabeer,Samosa-Frozen,Punjabi,"Frozen Pizzas, Wraps, Sandwiches",900 gm,1,CCSAK,12 CHEESE SAMOSAS,240 Gms x 20 Pkts,SAMOSA,53.89,46.6,85.5,conflict,0.67,,manual_required
1489,16962937,Al Kabeer Chicken Spring Rolls / Vegetable Spring Rolls (560g),Al Kabeer,Spring Roll-Frozen,No Variant,"Frozen Pizzas, Wraps, Sandwiches",560 gm,1,CCF,CHICKEN FRIES,12 PKTS X 400 GRM,POP-CORN & CHICKEN FRIES,53.07,44.27,85.5,conflict,0.12,,manual_required
1490,16967403,Al Kabeer Zing Chicken Strips Non Spicy 750Gm+Chicken Nuggets 750Gm,Al Kabeer,Chicken Strips-Frozen,No Variant,Zing,750 gm,1,CCKSB,CHICKEN STICKS BULK,1 Kgs x 5 Pkts,STICKS & FINGERS,54.58,48.6,85.5,conflict,0.9,,manual_required
1491,16981305,Al Kabeer Chicken Spring Rolls/Vegetable Spring Rolls (560g),Al Kabeer,Spring Roll-Frozen,No Variant,"Frozen Pizzas, Wraps, Sandwiches",560 gm,1,CCF,CHICKEN FRIES,12 PKTS X 400 GRM,POP-CORN & CHICKEN FRIES,53.07,44.27,85.5,conflict,0.12,,manual_required
1499,17000368,Al Kabeer Tandoori Chicken Tikka 1000gm,Al Kabeer,Chicken Tikka-Frozen,No Variant,Frozen Barbeque Products,1000 gm,1,CCCB,CHICKEN BIRYANI 400,400 Gms x 12 Pkts,READY2EAT,53.73,46.15,85.5,conflict,1.81,,manual_required
1502,17000374,Al Kabeer punjabi samosa 900gm,Al Kabeer,Samosa-Frozen,Punjabi,"Frozen Pizzas, Wraps, Sandwiches",900 gm,1,CCSAK,12 CHEESE SAMOSAS,240 Gms x 20 Pkts,SAMOSA,54.74,49.06,85.5,conflict,1.92,,manual_required
1511,17012083,Al kgbeer zing cheken strips+nuggts free 750gm,Al Kabeer,Chicken Strips-Frozen,No Variant,Marinated & Breaded,750 gm,1,CCMSA,MOZZARELLA CHEESE STICKS,1000G X 5 Pkts,STICKS & FINGERS,53.52,45.57,85.5,conflict,0.95,,manual_required
1512,17012083,Al kgbeer zing cheken strips+nuggts free 750gm,Al Kabeer,Chicken Nuggets-Frozen,No Variant,Zing,750 gm,1,CCSRA,8 CHEESE SPRING ROLLS,240 Gms x 20 Pkts,SPRING ROLL,52.39,42.34,85.5,conflict,1.02,,manual_required
1517,17027761,Al Kabeer Punjabi Samosa 900g,Al Kabeer,Samosa-Frozen,Punjabi,"Frozen Pizzas, Wraps, Sandwiches",900 gm,1,CCSAK,12 CHEESE SAMOSAS,240 Gms x 20 Pkts,SAMOSA,53.89,46.6,85.5,conflict,0.67,,manual_required
1525,17029856,Al Kabeer Chicken/Cheese/Mutton/Vegetable 240gm/Spring Roll 280g,Al Kabeer,Spring Roll-Frozen,No Variant,"Frozen Pizzas, Wraps, Sandwiches",280 gm,1,CCCTM,CHICKEN TIKKA MAKHANI & PILAU RICE,450 Gms x 12 Pkts,READY2EAT,53.83,46.43,85.5,conflict,0.91,,manual_required
1526,17029856,Al Kabeer Chicken/Cheese/Mutton/Vegetable 240gm/Spring Roll 280g,Al Kabeer,Samosa-Frozen,Other-Veg,"Frozen Pizzas, Wraps, Sandwiches",240 gm,1,CCCTM,CHICKEN TIKKA MAKHANI & PILAU RICE,450 Gms x 12 Pkts,READY2EAT,52.86,43.68,85.5,conflict,0.55,,manual_required
1536,17036339,Al Kabeer Punjabi Samosa 900gm,Al Kabeer,Samosa-Frozen,Punjabi,"Frozen Pizzas, Wraps, Sandwiches",900 gm,1,CCSAK,12 CHEESE SAMOSAS,240 Gms x 20 Pkts,SAMOSA,54.74,49.06,85.5,conflict,1.92,,manual_required
1541,17036344,Al Kabeer Chicken Popcorn 750g,Al Kabeer,Chicken Popcorn-Frozen,No Variant,Marinated & Breaded,750 gm,1,CKJCNA,JUMBO CHICKEN NUGGETS,1 Kgs x 5 Pkts,NUGGETS,53.13,44.44,85.5,conflict,0.65,,manual_required
1549,17050303,"Al Kabeer  CHICKEN KRAZEE NUGGETS OR BREADED FILLET, 750 GRAMS",Al Kabeer,Chicken Nuggets-Frozen,No Variant,Marinated & Breaded,750 gm,1,CCFA,CHICKEN FRIES BULK,1 kg x 5 Pkts,POP-CORN & CHICKEN FRIES,53.77,46.28,85.5,conflict,0.09,,manual_required
1550,17050303,"Al Kabeer  CHICKEN KRAZEE NUGGETS OR BREADED FILLET, 750 GRAMS",Al Kabeer,Chicken Fillets-Frozen,No Variant,Marinated & Breaded,750 gm,1,CCF,CHICKEN FRIES,12 PKTS X 400 GRM,POP-CORN & CHICKEN FRIES,53.25,44.78,85.5,conflict,0.06,,manual_required
1552,17050305,"AL KABEER CHICKEN N' CHEESE RINGS, 300 GRAMS",Al Kabeer,Chicken Cheese Stick-Frozen,No Variant,Frozen Barbeque Products,300 gm,1,CCSRA,8 CHEESE SPRING ROLLS,240 Gms x 20 Pkts,SPRING ROLL,54.51,48.39,85.5,conflict,0.21,,manual_required
1556,17050310,"AL KABEER PUNJABI SAMOSA, 900 GRAMS",Al Kabeer,Samosa-Frozen,Punjabi,"Frozen Pizzas, Wraps, Sandwiches",900 gm,1,CCSAK,12 CHEESE SAMOSAS,240 Gms x 20 Pkts,SAMOSA,53.89,46.6,85.5,conflict,0.67,,manual_required
1558,17051518,ALKABEER TENDER CHICKEN BREAST 1000GM,Al Kabeer,Chicken Breast-Frozen,No Variant,Frozen Chicken Parts,1000 gm,1,CFBF,BREADED FISH FILLET,330 Gms x 20 Pkts,FILLETS,52.58,42.86,85.5,conflict,0.19,,manual_required
1561,17051522,AL-KABEER ZING CHICKEN STRIPS / POP CORN 750GM,Al Kabeer,Chicken Strips-Frozen,No Variant,Zing,750 gm,1,CKSAA,CHICKEN SAMOSAS BULK,1.2 Kgs x 4 Pkts,SAMOSA,53.36,45.1,85.5,conflict,0.07,,manual_required
1562,17051522,AL-KABEER ZING CHICKEN STRIPS / POP CORN 750GM,Al Kabeer,Chicken Popcorn-Frozen,No Variant,Marinated & Breaded,750 gm,1,CCKSB,CHICKEN STICKS BULK,1 Kgs x 5 Pkts,STICKS & FINGERS,53.98,46.88,85.5,conflict,1.26,,manual_required
1569,17054432,ALKABEER 8 CHICKEN SPRING ROLLS 280GM,Al Kabeer,Samosa-Frozen,Chicken,"Frozen Pizzas, Wraps, Sandwiches",280 gm,1,CCSAK,12 CHEESE SAMOSAS,240 Gms x 20 Pkts,SAMOSA,54.93,49.59,85.5,conflict,0.48,,manual_required
1571,17054436,Al Kabeer Samosa-Frozen 900 gm,Al Kabeer,Samosa-Frozen,Punjabi,"Frozen Pizzas, Wraps, Sandwiches",900 gm,1,CCSAK,12 CHEESE SAMOSAS,240 Gms x 20 Pkts,SAMOSA,53.89,46.6,85.5,conflict,0.67,,manual_required
1575,17055051,ALKABEERS CHICKEN SPRING ROLLS 280GM,Al Kabeer,Samosa-Frozen,Chicken,"Frozen Pizzas, Wraps, Sandwiches",280 gm,1,CCSRA,8 CHEESE SPRING ROLLS,240 Gms x 20 Pkts,SPRING ROLL,54.67,48.85,85.5,conflict,0.82,,manual_required
1578,17055054,ALKABEER PUNJABI SAMOSA 800GM,Al Kabeer,Samosa-Frozen,Punjabi,"Frozen Pizzas, Wraps, Sandwiches",900 gm,1,CCSAK,12 CHEESE SAMOSAS,240 Gms x 20 Pkts,SAMOSA,54.76,49.09,85.5,conflict,1.48,,manual_required
1580,17055448,AL KABEER CHICKEN KOFTA 300 Gm,Al Kabeer,Chicken Kofta-Frozen,No Variant,Frozen Kofta / Kibbeh & Meat Balls,300 gm,1,CCCB,CHICKEN BIRYANI 400,400 Gms x 12 Pkts,READY2EAT,54.43,48.15,85.5,conflict,1.81,,manual_required
1581,17055449,AL KABEER PANEER CUBES 200G,Al Kabeer,Paneer,No Variant,Paneer,200 gm,1,CKCCR,CHICKEN ‘N’ CHEESE RINGS 300,300 gms x 12 pkts,POP-CORN & CHICKEN FRIES,52.79,43.48,85.5,conflict,0.32,,manual_required
1619,17057790,AL KABEER BREADED CHICKEN FILLETS 750GM,Al Kabeer,Chicken Fillets-Frozen,No Variant,Zing,750 gm,1,CKSK,SHISH KEBAB,600 Gms x 12 Pkts,KEBAB,54.35,47.92,85.5,conflict,0.34,,manual_required
1620,17058958,AL KABEER ZING CHICKEN FILLET NON SPICY 750GM + BREADED CHICKEN FILLET HOT AND SPICY 750GM FREE,Al Kabeer,Chicken Fillets-Frozen,No Variant,Marinated & Breaded,750 gm,1,CCCTM,CHICKEN TIKKA MAKHANI & PILAU RICE,450 Gms x 12 Pkts,READY2EAT,54.54,48.48,85.5,conflict,1.79,,manual_required
1622,17058959,Al Kabeer Zing Chicken Strips Non Spicy 750gm,Al Kabeer,Chicken Strips-Frozen,No Variant,Zing,750 gm,1,CKN,CHICKEN NUGGETS,270 Gms x 20 Pkts,NUGGETS,54.89,49.46,85.5,conflict,2.99,,manual_required
1627,17058964,AL KABEER ZING CHICKEN STRIPS 750GM + CHICKEN NUGGETS 750GM FREE,Al Kabeer,Chicken Strips-Frozen,No Variant,Zing,750 gm,1,CCKSB,CHICKEN STICKS BULK,1 Kgs x 5 Pkts,STICKS & FINGERS,53.36,45.1,85.5,conflict,0.23,,manual_required
1629,17058967,AL KABEER CHICKEN POPCORN 750GM,Al Kabeer,Chicken Popcorn-Frozen,No Variant,Marinated & Breaded,750 gm,1,CKJCNA,JUMBO CHICKEN NUGGETS,1 Kgs x 5 Pkts,NUGGETS,52.67,43.14,85.5,conflict,0.25,,manual_required
1630,17058968,Al Kabeer Krazee Chicken Nuggets 750gm,Al Kabeer,Chicken Nuggets-Frozen,No Variant,Marinated & Breaded,750 gm,1,CFB,BEEF FRANKS,454 Gms x 20 Pkts,SAUSAGES,52.41,42.37,85.5,conflict,0.06,,manual_required
1638,17059216,Al Kabeer  CHEESE SPRING ROLLS 240 GM/ VEGETABLE SPRING ROLLS 280 GM/CHICKEN  SPRING ROLLS 280 GM,Al Kabeer,Spring Roll-Frozen,No Variant,"Frozen Pizzas, Wraps, Sandwiches",240 gm,1,CCCTM,CHICKEN TIKKA MAKHANI & PILAU RICE,450 Gms x 12 Pkts,READY2EAT,53.37,45.12,85.5,conflict,0.02,,manual_required
1639,17059216,Al Kabeer  CHEESE SPRING ROLLS 240 GM/ VEGETABLE SPRING ROLLS 280 GM/CHICKEN  SPRING ROLLS 280 GM,Al Kabeer,Spring Roll-Frozen,No Variant,"Frozen Pizzas, Wraps, Sandwiches",280 gm,1,CCCTM,CHICKEN TIKKA MAKHANI & PILAU RICE,450 Gms x 12 Pkts,READY2EAT,53.37,45.12,85.5,conflict,0.02,,manual_required
1642,17059220,Al Kabeer GREEN PEAS / MIX VEGETABLE 900 GM,Al Kabeer,Green/Garden Peas-Frozen,No Variant,Frozen Vegetables,900 gm,1,CFBF,BREADED FISH FILLET,330 Gms x 20 Pkts,FILLETS,51.8,40.65,85.5,conflict,0.23,,manual_required
1643,17059220,Al Kabeer GREEN PEAS / MIX VEGETABLE 900 GM,Al Kabeer,Mix Vegetables-Frozen,No Variant,Frozen Vegetables,900 gm,1,CFBJ,JUMBO HOTDOGS,400 Gms x 20 Pkts,SAUSAGES,51.83,40.74,85.5,conflict,0.39,,manual_required
1658,17063741,Al Kabeer Zing Chicken Strips/fillet/ Popcorn 750g,Al Kabeer,Chicken Fillets-Frozen,No Variant,Zing,750 gm,1,CKCKB,CHICKEN BURGERS 56 g,840 g. x 9,BURGERS,52.13,41.58,85.5,conflict,0.42,,manual_required
1659,17063741,Al Kabeer Zing Chicken Strips/fillet/ Popcorn 750g,Al Kabeer,Chicken Strips-Frozen,No Variant,Zing,750 gm,1,CKJCNA,JUMBO CHICKEN NUGGETS,1 Kgs x 5 Pkts,NUGGETS,52.89,43.75,85.5,conflict,0.26,,manual_required
1670,17065055,Al Kabeer Zing Chicken Fillets/strips/pop-corn 750 gm,Al Kabeer,Chicken Strips-Frozen,No Variant,Zing,750 gm,1,CFBF,BREADED FISH FILLET,330 Gms x 20 Pkts,FILLETS,53.13,44.44,85.5,conflict,0.0,,manual_required
1671,17065055,Al Kabeer Zing Chicken Fillets/strips/pop-corn 750 gm,Al Kabeer,Chicken Popcorn-Frozen,No Variant,Marinated & Breaded,750 gm,1,CCKSB,CHICKEN STICKS BULK,1 Kgs x 5 Pkts,STICKS & FINGERS,53.89,46.62,85.5,conflict,0.09,,manual_required
1672,17065055,Al Kabeer Zing Chicken Fillets/strips/pop-corn 750 gm,Al Kabeer,Chicken Fillets-Frozen,No Variant,Zing,750 gm,1,CFBF,BREADED FISH FILLET,330 Gms x 20 Pkts,FILLETS,53.13,44.44,85.5,conflict,1.18,,manual_required
1678,17066892,Al Kabeer Samosa Vegetable 480g/Chicken 480gm/ Roll Vegetable 560g/ Chicken 560gm,Al Kabeer,Spring Roll-Frozen,No Variant,"Frozen Pizzas, Wraps, Sandwiches",560 gm,1,CCCTM,CHICKEN TIKKA MAKHANI & PILAU RICE,450 Gms x 12 Pkts,READY2EAT,53.66,45.96,85.5,conflict,0.98,,manual_required
1682,17066896,Al Kabeer Samosa 240gm/ Spring Roll 280gm Assorted,Al Kabeer,Spring Roll-Frozen,No Variant,"Frozen Pizzas, Wraps, Sandwiches",280 gm,1,CCSAK,12 CHEESE SAMOSAS,240 Gms x 20 Pkts,SAMOSA,54.29,47.76,85.5,conflict,0.89,,manual_required
1689,17067200,Al Kabeer  Chicken Nuggets / Fillet 750 gm,Al Kabeer,Chicken Nuggets-Frozen,No Variant,Marinated & Breaded,750 gm,1,CFBF,BREADED FISH FILLET,330 Gms x 20 Pkts,FILLETS,54.94,49.6,85.5,conflict,1.03,,manual_required
1691,17067202,Al Kabeer Chicken/Vegetable Sal mosa 240gm/Spring Roll 280gm,Al Kabeer,Spring Roll-Frozen,No Variant,"Frozen Pizzas, Wraps, Sandwiches",280 gm,1,CCCTM,CHICKEN TIKKA MAKHANI & PILAU RICE,450 Gms x 12 Pkts,READY2EAT,54.32,47.85,85.5,conflict,0.86,,manual_required
1693,17067202,Al Kabeer Chicken/Vegetable Sal mosa 240gm/Spring Roll 280gm,Al Kabeer,Spring Roll-Frozen,No Variant,"Frozen Pizzas, Wraps, Sandwiches",240 gm,1,CCCTM,CHICKEN TIKKA MAKHANI & PILAU RICE,450 Gms x 12 Pkts,READY2EAT,54.32,47.85,85.5,conflict,0.86,,manual_required
1694,17067755,Al Kabeer Paneer Cubes 200gm,Al Kabeer,Paneer,No Variant,Paneer,200 gm,1,CKCCR,CHICKEN ‘N’ CHEESE RINGS 300,300 gms x 12 pkts,POP-CORN & CHICKEN FRIES,52.31,42.11,85.5,conflict,0.09,,manual_required
1702,17070014,Al Kabeer zing strips 750g /  nuggets 750g,Al Kabeer,Chicken Strips-Frozen,No Variant,Zing,750 gm,1,CKSK,SHISH KEBAB,600 Gms x 12 Pkts,KEBAB,53.55,45.65,85.5,conflict,0.34,,manual_required
1703,17070014,Al Kabeer zing strips 750g /  nuggets 750g,Al Kabeer,Chicken Nuggets-Frozen,No Variant,Marinated & Breaded,750 gm,1,CFBF,BREADED FISH FILLET,330 Gms x 20 Pkts,FILLETS,53.19,44.62,85.5,conflict,0.12,,manual_required
1709,17076554,Al Kabeer Paneer Cube 200Gm,Al Kabeer,Paneer,No Variant,Paneer,200 gm,1,CKBBTY,TAYEBAT BREADED CHICKEN BURGERS 840 g. x 8 Pkts,840 g. x 8 Pkts,BURGERS,52.4,42.35,85.5,conflict,0.67,,manual_required
1712,17079935,Al Kabeer Punjabi Samosa 900 gm,Al Kabeer,Samosa-Frozen,Punjabi,"Frozen Pizzas, Wraps, Sandwiches",900 gm,1,CCSAK,12 CHEESE SAMOSAS,240 Gms x 20 Pkts,SAMOSA,53.89,46.6,85.5,conflict,0.67,,manual_required
1720,17104855,Al Kabeer Zing chicken Strips Non Spicy 750gm + 33% Extra / Chicken Fillet Spicy 750gm + 33% Extra / Chicken Popcorn 750gm + 33% Extra,Al Kabeer,Chicken Popcorn-Frozen,No Variant,Marinated & Breaded,(750+250) gm,1,CCCTM,CHICKEN TIKKA MAKHANI & PILAU RICE,450 Gms x 12 Pkts,READY2EAT,54.68,48.86,85.5,conflict,1.65,,manual_required
1721,17104855,Al Kabeer Zing chicken Strips Non Spicy 750gm + 33% Extra / Chicken Fillet Spicy 750gm + 33% Extra / Chicken Popcorn 750gm + 33% Extra,Al Kabeer,Chicken Strips-Frozen,No Variant,Zing,750 gm+33% free	,1,CCCTM,CHICKEN TIKKA MAKHANI & PILAU RICE,450 Gms x 12 Pkts,READY2EAT,53.83,46.45,85.5,conflict,0.4,,manual_required
1722,17104855,Al Kabeer Zing chicken Strips Non Spicy 750gm + 33% Extra / Chicken Fillet Spicy 750gm + 33% Extra / Chicken Popcorn 750gm + 33% Extra,Al Kabeer,Chicken Fillets-Frozen,Spicy,Zing,(750+250) gm,1,CCKSB,CHICKEN STICKS BULK,1 Kgs x 5 Pkts,STICKS & FINGERS,54.51,48.39,85.5,conflict,0.25,,manual_required
1723,17104858,Al Kabeer  Vegetable Felafel 1kg /Krazee Chicken Nuggets 750gm / Punjabi  Samosa 900 gm,Al Kabeer,Samosa-Frozen,Punjabi,"Frozen Pizzas, Wraps, Sandwiches",900 gm,1,CBK,BEEF KIBBEH 400,400 Gms x 12 Pkts,KOFTA-KIBBEH-FELAFEL,52.38,42.31,85.5,conflict,0.99,,manual_required
1725,17104858,Al Kabeer  Vegetable Felafel 1kg /Krazee Chicken Nuggets 750gm / Punjabi  Samosa 900 gm,Al Kabeer,Chicken Nuggets-Frozen,No Variant,Marinated & Breaded,750 gm,1,CBK,BEEF KIBBEH 400,400 Gms x 12 Pkts,KOFTA-KIBBEH-FELAFEL,52.42,42.42,85.5,conflict,1.37,,manual_required
1726,17108478,Al Kabeer Zing Strips Non Spicy 750gm+ Chicken Nuggets 750gm,Al Kabeer,Chicken Strips-Frozen,No Variant,Zing,750 gm,1,CCKSB,CHICKEN STICKS BULK,1 Kgs x 5 Pkts,STICKS & FINGERS,54.58,48.6,85.5,conflict,0.9,,manual_required
1730,17123251,Al Kabeer Zing chicken Strips Non Spicy 750gm + 33% Extra / Chicken Fillet Spicy 750gm + 33% Extra / Chicken Popcorn 750am + 33% Extra,Al Kabeer,Chicken Strips-Frozen,No Variant,Zing,750 gm+33% free	,1,CCCTM,CHICKEN TIKKA MAKHANI & PILAU RICE,450 Gms x 12 Pkts,READY2EAT,54.41,48.1,85.5,conflict,1.34,,manual_required
1731,17123251,Al Kabeer Zing chicken Strips Non Spicy 750gm + 33% Extra / Chicken Fillet Spicy 750gm + 33% Extra / Chicken Popcorn 750am + 33% Extra,Al Kabeer,Chicken Popcorn-Frozen,No Variant,Marinated & Breaded,(750+250) gm,1,CCCTM,CHICKEN TIKKA MAKHANI & PILAU RICE,450 Gms x 12 Pkts,READY2EAT,54.39,48.04,85.5,conflict,1.66,,manual_required
1732,17123251,Al Kabeer Zing chicken Strips Non Spicy 750gm + 33% Extra / Chicken Fillet Spicy 750gm + 33% Extra / Chicken Popcorn 750am + 33% Extra,Al Kabeer,Chicken Fillets-Frozen,Spicy,Zing,(750+250) gm,1,CCCTM,CHICKEN TIKKA MAKHANI & PILAU RICE,450 Gms x 12 Pkts,READY2EAT,54.85,49.35,85.5,conflict,0.74,,manual_required
1733,17129827,Al Kabeer Chicken Spring Rolls 560gm/ Chicken Samosa 480gm,Al Kabeer,Spring Roll-Frozen,No Variant,"Frozen Pizzas, Wraps, Sandwiches",560 gm,1,CCF,CHICKEN FRIES,12 PKTS X 400 GRM,POP-CORN & CHICKEN FRIES,53.13,44.44,85.5,conflict,0.63,,manual_required
1734,17129827,Al Kabeer Chicken Spring Rolls 560gm/ Chicken Samosa 480gm,Al Kabeer,Samosa-Frozen,Chicken,"Frozen Pizzas, Wraps, Sandwiches",480 gm,1,CCCB,CHICKEN BIRYANI 400,400 Gms x 12 Pkts,READY2EAT,53.33,45.0,85.5,conflict,0.46,,manual_required
1735,17143701,Al Kabeer Chicken Kofta 300 Gm,Al Kabeer,Chicken Kofta-Frozen,No Variant,Frozen Kofta / Kibbeh & Meat Balls,300 gm,1,CCCB,CHICKEN BIRYANI 400,400 Gms x 12 Pkts,READY2EAT,54.43,48.15,85.5,conflict,1.81,,manual_required
1739,17152467,Al Kabeer Punjabi Samosa 900 gm,Al Kabeer,Samosa-Frozen,Punjabi,"Frozen Pizzas, Wraps, Sandwiches",900 gm,1,CCSAK,12 CHEESE SAMOSAS,240 Gms x 20 Pkts,SAMOSA,53.89,46.6,85.5,conflict,0.67,,manual_required
1741,17173083,ALKABEER PUNJABI SAMOSA 900 GM,Al Kabeer,Samosa-Frozen,Punjabi,"Frozen Pizzas, Wraps, Sandwiches",900 gm,1,CCSAK,12 CHEESE SAMOSAS,240 Gms x 20 Pkts,SAMOSA,53.89,46.6,85.5,conflict,0.67,,manual_required
1754,17173910,Al Kabeer krazee Chicken nuggets 750gm,Al Kabeer,Chicken Nuggets-Frozen,No Variant,Marinated & Breaded,750 gm,1,CFB,BEEF FRANKS,454 Gms x 20 Pkts,SAUSAGES,52.41,42.37,85.5,conflict,0.06,,manual_required
1762,17202071,AL KABEER ZING CHICKEN FILLET SPICY 750GR,Al Kabeer,Chicken Fillets-Frozen,No Variant,Zing,750 gm,1,CKSK,SHISH KEBAB,600 Gms x 12 Pkts,KEBAB,53.52,45.54,85.5,conflict,0.31,,manual_required
1765,17212715,AL KABEER ZING CHICKEN STRIPS / POP CORNIFILLET 750GM,Al Kabeer,Chicken Fillets-Frozen,No Variant,Zing,750 gm,1,CFBF,BREADED FISH FILLET,330 Gms x 20 Pkts,FILLETS,54.11,47.24,85.5,conflict,0.47,,manual_required
1766,17212715,AL KABEER ZING CHICKEN STRIPS / POP CORNIFILLET 750GM,Al Kabeer,Chicken Strips-Frozen,No Variant,Zing,750 gm,1,CKBW,BBQ CHICKEN WINGS 400,400 Gms x 12 Pkts,WINGS,53.52,45.54,85.5,conflict,1.51,,manual_required
1767,17212715,AL KABEER ZING CHICKEN STRIPS / POP CORNIFILLET 750GM,Al Kabeer,Chicken Popcorn-Frozen,No Variant,Marinated & Breaded,750 gm,1,CCKSB,CHICKEN STICKS BULK,1 Kgs x 5 Pkts,STICKS & FINGERS,53.65,45.93,85.5,conflict,0.98,,manual_required
1770,17212724,AL KABEER FRENCH FRIES 1000 GM,Al Kabeer,French Fries-Frozen,No Variant,Frozen Fries & Onion Rings,1 kg,1,CCSAKPR,A.K PRO CHEESE SAMOSA,4 X 1.2 KGS,SAMOSA,52.13,41.58,85.5,conflict,0.41,,manual_required
1771,17212728,ALKABEER ZING CHICKEN FILLETS NON-SPICY 50GM + BREADED CHICKEN FILLETS 750GM,Al Kabeer,Chicken Fillets-Frozen,No Variant,Zing,750 gm,1,CCKSB,CHICKEN STICKS BULK,1 Kgs x 5 Pkts,STICKS & FINGERS,54.6,48.65,85.5,conflict,0.13,,manual_required
1775,17224444,AL KABEER ZING CHICKEN STRIPS NON SPICY 750 GRAMS,Al Kabeer,Chicken Strips-Frozen,No Variant,Zing,750 gm,1,CKSAA,CHICKEN SAMOSAS BULK,1.2 Kgs x 4 Pkts,SAMOSA,53.67,46.0,85.5,conflict,1.52,,manual_required
1782,17228835,AL KABEER PUNJABI SAMOSA 900G,Al Kabeer,Samosa-Frozen,Punjabi,"Frozen Pizzas, Wraps, Sandwiches",900 gm,1,CCSAK,12 CHEESE SAMOSAS,240 Gms x 20 Pkts,SAMOSA,53.89,46.6,85.5,conflict,0.67,,manual_required
1783,17228836,AL KABEER CHICKEN POPCORN 750G ,Al Kabeer,Chicken Popcorn-Frozen,No Variant,Marinated & Breaded,750 gm,1,CKJCNA,JUMBO CHICKEN NUGGETS,1 Kgs x 5 Pkts,NUGGETS,53.13,44.44,85.5,conflict,0.65,,manual_required
1787,17229436,ALKABEER PANEER CUBES 200 GM,Al Kabeer,Paneer,No Variant,Paneer,200 gm,1,CKCCR,CHICKEN ‘N’ CHEESE RINGS 300,300 gms x 12 pkts,POP-CORN & CHICKEN FRIES,52.79,43.48,85.5,conflict,0.32,,manual_required
1799,17230700,ALKABEER PANEER CUBES 200 GM,Al Kabeer,Paneer,No Variant,Paneer,200 gm,1,CKCCR,CHICKEN ‘N’ CHEESE RINGS 300,300 gms x 12 pkts,POP-CORN & CHICKEN FRIES,52.79,43.48,85.5,conflict,0.32,,manual_required
1800,17230702,ALKABEER CHICKEN KOFTA 300 gm,Al Kabeer,Chicken Kofta-Frozen,No Variant,Frozen Kofta / Kibbeh & Meat Balls,300 gm,1,CCCB,CHICKEN BIRYANI 400,400 Gms x 12 Pkts,READY2EAT,54.43,48.15,85.5,conflict,1.81,,manual_required
1803,17232086,Al Kabeer zing Strips buffalo or zing strips siracha700g,Al Kabeer,Chicken Strips-Frozen,No Variant,Zing,700 gm,1,CCCB,CHICKEN BIRYANI 400,400 Gms x 12 Pkts,READY2EAT,53.97,46.85,85.5,conflict,1.91,,manual_required
1804,17233106,Al Kabeer ZING CHICKEN STRIPS NON SPICY 750 GM,Al Kabeer,Chicken Strips-Frozen,No Variant,Zing,750 gm,1,CKSAA,CHICKEN SAMOSAS BULK,1.2 Kgs x 4 Pkts,SAMOSA,53.67,46.0,85.5,conflict,1.52,,manual_required
1816,17233406,Al Kabeer KRAZEE CHICKEN NUGGETS/BREADED CHICKEN FILLET HOT 750GM,Al Kabeer,Chicken Nuggets-Frozen,No Variant,Marinated & Breaded,750 gm,1,BF,BEEF TENDERLOIN/FILLET,20 KGS,MEAT-INDIAN-TRD,54.59,48.61,85.5,conflict,0.43,,manual_required
1817,17233406,Al Kabeer KRAZEE CHICKEN NUGGETS/BREADED CHICKEN FILLET HOT 750GM,Al Kabeer,Chicken Fillets-Frozen,No Variant,Marinated & Breaded,750 gm,1,CCCTM,CHICKEN TIKKA MAKHANI & PILAU RICE,450 Gms x 12 Pkts,READY2EAT,54.2,47.5,85.5,conflict,0.05,,manual_required
1830,17233565,AL KABEER GREEN PEAS/MIX VEGETABLE 900GM,Al Kabeer,Green/Garden Peas-Frozen,No Variant,Frozen Vegetables,900 gm,1,CFBF,BREADED FISH FILLET,330 Gms x 20 Pkts,FILLETS,51.46,39.68,85.5,conflict,0.24,,manual_required
1831,17233565,AL KABEER GREEN PEAS/MIX VEGETABLE 900GM,Al Kabeer,Mix Vegetables-Frozen,No Variant,Frozen Vegetables,900 gm,1,CFBJ,JUMBO HOTDOGS,400 Gms x 20 Pkts,SAUSAGES,51.45,39.64,85.5,conflict,0.28,,manual_required
1837,17233749,AL KABEER TORTILLA WRAPS PLAIN 8INC 12PCS,Al Kabeer,Tortilla Wraps-Frozen,No Variant,"Frozen Pizzas, Wraps, Sandwiches",570 gm,1,CCCB,CHICKEN BIRYANI 400,400 Gms x 12 Pkts,READY2EAT,52.25,41.94,85.5,conflict,0.03,,manual_required
1838,17233750,AL KABEER CHEESE SPRING ROLLS 240GM/ VEGETABLE SPRING ROLLS 280GM JCHICKEN SPRING ROLLS 280GM,Al Kabeer,Spring Roll-Frozen,No Variant,"Frozen Pizzas, Wraps, Sandwiches",280 gm,1,CCMS,MOZZERELLA CHEESE STICKS,250 GMS X24 PKTS,STICKS & FINGERS,53.99,46.91,85.5,conflict,0.55,,manual_required
1848,17233908,AL KABEER ZING CHICKEN FILLET NON SPICY 750GM + BREADED CHICKEN FILLET HOT AND SPICY 750GM FREE,Al Kabeer,Chicken Fillets-Frozen,No Variant,Marinated & Breaded,750 gm,1,CCCTM,CHICKEN TIKKA MAKHANI & PILAU RICE,450 Gms x 12 Pkts,READY2EAT,54.54,48.48,85.5,conflict,1.79,,manual_required
1849,17233909,AL KABEER CHICKEN POPCORN 750 GM,Al Kabeer,Chicken Popcorn-Frozen,No Variant,Marinated & Breaded,750 gm,1,CKJCNA,JUMBO CHICKEN NUGGETS,1 Kgs x 5 Pkts,NUGGETS,53.13,44.44,85.5,conflict,0.65,,manual_required
1851,17233913,AL KABEER ZING CHICKEN STRIPS 750GM + CHICKEN NUGGETS 750GM FREE,Al Kabeer,Chicken Strips-Frozen,Spicy,Zing,750 gm,1,CCCB,CHICKEN BIRYANI 400,400 Gms x 12 Pkts,READY2EAT,53.89,46.6,85.5,conflict,1.06,,manual_required
1853,17233917,Al Kabeer Zing Chicken Strips Non Spicy 750gm,Al Kabeer,Chicken Strips-Frozen,No Variant,Zing,750 gm,1,CKN,CHICKEN NUGGETS,270 Gms x 20 Pkts,NUGGETS,54.89,49.46,85.5,conflict,2.99,,manual_required
1863,17239788,Al Kabeer felafal 1000g,Al Kabeer,Falafel-Frozen,Non-Stuffed,"Frozen Pizzas, Wraps, Sandwiches",1 kg,1,CCSAKA,CHEESE SAMOSAS BULK,1.2 Kgs x 4 Pkts,SAMOSA,50.85,37.93,85.5,conflict,0.11,,manual_required
1864,17239789,Al Kabeer Nuggets / Breaded Krazee Chicken Fillet 750 gm,Al Kabeer,Chicken Fillets-Frozen,No Variant,Marinated & Breaded,750 gm,1,CCF,CHICKEN FRIES,12 PKTS X 400 GRM,POP-CORN & CHICKEN FRIES,53.61,45.8,85.5,conflict,0.1,,manual_required
1865,17239789,Al Kabeer Nuggets / Breaded Krazee Chicken Fillet 750 gm,Al Kabeer,Chicken Nuggets-Frozen,No Variant,Marinated & Breaded,750 gm,1,CCF,CHICKEN FRIES,12 PKTS X 400 GRM,POP-CORN & CHICKEN FRIES,54.08,47.15,85.5,conflict,0.15,,manual_required
1866,17239794,Al Kabeer Zing Chicken Strips/fillet/ Popcorn 750gm,Al Kabeer,Chicken Popcorn-Frozen,No Variant,Marinated & Breaded,750 gm,1,CCKSB,CHICKEN STICKS BULK,1 Kgs x 5 Pkts,STICKS & FINGERS,54.8,49.21,85.5,conflict,1.67,,manual_required
1867,17239794,Al Kabeer Zing Chicken Strips/fillet/ Popcorn 750gm,Al Kabeer,Chicken Strips-Frozen,Spicy,Zing,750 gm,1,CKN,CHICKEN NUGGETS,270 Gms x 20 Pkts,NUGGETS,53.38,45.16,85.5,conflict,0.42,,manual_required
1868,17239794,Al Kabeer Zing Chicken Strips/fillet/ Popcorn 750gm,Al Kabeer,Chicken Fillets-Frozen,No Variant,Marinated & Breaded,750 gm,1,CCKSB,CHICKEN STICKS BULK,1 Kgs x 5 Pkts,STICKS & FINGERS,54.29,47.76,85.5,conflict,1.06,,manual_required
1881,17242559,Al Kabeer Frozen Punjabi Samosa 900gm,Al Kabeer,Samosa-Frozen,Punjabi,"Frozen Pizzas, Wraps, Sandwiches",900 gm,1,CCSAK,12 CHEESE SAMOSAS,240 Gms x 20 Pkts,SAMOSA,54.74,49.06,85.5,conflict,1.92,,manual_required
1882,17242560,Al Kabeer Samosa 240gm/ Spring Roll 280gm - Assorted,Al Kabeer,Spring Roll-Frozen,No Variant,"Frozen Pizzas, Wraps, Sandwiches",280 gm,1,CCSAK,12 CHEESE SAMOSAS,240 Gms x 20 Pkts,SAMOSA,54.29,47.76,85.5,conflict,0.89,,manual_required
1885,17242561,Al Kabeer Samosa Vegetable 480g/Chicken 480gm/ Roll Vegetable 560g/ Chicken 560gm,Al Kabeer,Spring Roll-Frozen,No Variant,"Frozen Pizzas, Wraps, Sandwiches",560 gm,1,CCCTM,CHICKEN TIKKA MAKHANI & PILAU RICE,450 Gms x 12 Pkts,READY2EAT,53.66,45.96,85.5,conflict,0.98,,manual_required
1906,17273957,Al Kabeer  Zing Chicken Fillet /  Zing Chicken Strips (Spicy/Non-Spicy) 750 gm,Al Kabeer,Chicken Fillets-Frozen,No Variant,Zing,750 gm,1,CCKSB,CHICKEN STICKS BULK,1 Kgs x 5 Pkts,STICKS & FINGERS,54.6,48.65,85.5,conflict,1.34,,manual_required
1907,17273957,Al Kabeer  Zing Chicken Fillet /  Zing Chicken Strips (Spicy/Non-Spicy) 750 gm,Al Kabeer,Chicken Strips-Frozen,No Variant,Zing,750 gm,1,CCKSB,CHICKEN STICKS BULK,1 Kgs x 5 Pkts,STICKS & FINGERS,54.57,48.54,85.5,conflict,0.14,,manual_required
1916,17290103,Al Kabeer Chicken Popcorn 750g,Al Kabeer,Chicken Popcorn-Frozen,No Variant,Marinated & Breaded,750 gm,1,CKJCNA,JUMBO CHICKEN NUGGETS,1 Kgs x 5 Pkts,NUGGETS,53.13,44.44,85.5,conflict,0.65,,manual_required
1918,17290105,AL KABEER Assorted (Zing Chicken Strips - Smoked Buffalo / Spicy Sriracha Flavour) 700 GM,Al Kabeer,Chicken Strips-Frozen,Spicy,Zing,700 gm,1,CCFA,CHICKEN FRIES BULK,1 kg x 5 Pkts,POP-CORN & CHICKEN FRIES,54.79,49.18,85.5,conflict,0.0,,manual_required
1922,17296458,Al Kabeer Punjabi Samosa 900gm,Al Kabeer,Samosa-Frozen,Punjabi,"Frozen Pizzas, Wraps, Sandwiches",900 gm,1,CCSAK,12 CHEESE SAMOSAS,240 Gms x 20 Pkts,SAMOSA,54.74,49.06,85.5,conflict,1.92,,manual_required
1931,17311112,Al Kabeer CHICKEN POPCORN 750 GM,Al Kabeer,Chicken Popcorn-Frozen,No Variant,Marinated & Breaded,750 gm,1,CKJCNA,JUMBO CHICKEN NUGGETS,1 Kgs x 5 Pkts,NUGGETS,53.13,44.44,85.5,conflict,0.65,,manual_required
1935,17311114,Al Kabeer Assorted (Zing Chicken Strips - Smoked Buffalo / Spicy Sriracha Flavour) 700g,Al Kabeer,Chicken Strips-Frozen,Spicy,Zing,700 gm,1,CCFA,CHICKEN FRIES BULK,1 kg x 5 Pkts,POP-CORN & CHICKEN FRIES,54.79,49.18,85.5,conflict,0.0,,manual_required
1942,17342862,Al Kabeer zing chicken strips/popcorn selected 750gm,Al Kabeer,Chicken Popcorn-Frozen,No Variant,Marinated & Breaded,750 gm,1,CCF,CHICKEN FRIES,12 PKTS X 400 GRM,POP-CORN & CHICKEN FRIES,54.94,49.62,85.5,conflict,0.96,,manual_required
1943,17342862,Al Kabeer zing chicken strips/popcorn selected 750gm,Al Kabeer,Chicken Strips-Frozen,No Variant,Zing,750 gm,1,CKBT,TAYEBAT CHICKEN BURGER,1 Kgs x 9 Pkts,BURGERS,54.3,47.79,85.5,conflict,2.73,,manual_required
1950,17346772,ALKABEER TENDER CHICKEN BREAST 1KG,Al Kabeer,Chicken Breast-Frozen,No Variant,Frozen Chicken Parts,1000 gm,1,CBBO,4 BEEF BURGERS,200 Gms x 30 Pkt,BURGERS,51.86,40.82,85.5,conflict,0.01,,manual_required
1955,17363567,Al Kabeer Beef Cubes 907gm,Al Kabeer,Beef Cube-Frozen,No Variant,Frozen Beef,907 gm,1,CKNCKSP,Chicken Nuggets + Free Chicken Samosa Combo Pack,(750 g. + 240 g.) x 6,NUGGETS,53.13,44.44,85.5,conflict,0.86,,manual_required
1962,17375700,AL KABEER ZING CHICKEN STRIPS/POP CORN/FILLET 750 GM,Al Kabeer,Chicken Strips-Frozen,No Variant,Zing,750 gm,1,CKCKB,CHICKEN BURGERS 56 g,840 g. x 9,BURGERS,53.21,44.68,85.5,conflict,0.48,,manual_required
1965,17375706,ALKABEER FRENCH FRIES 2500GM,Al Kabeer,French Fries-Frozen,No Variant,Frozen Fries & Onion Rings,2.5 kg,1,CKKB24,24 CHICKEN BURGERS,1.2 Kgs x 8 Pkts,BURGERS,52.13,41.58,85.5,conflict,0.28,,manual_required
1967,17375708,ALKABEER TENDER CHICKEN BREAST 1000GM,Al Kabeer,Chicken Breast-Frozen,No Variant,Frozen Chicken Parts,1000 gm,1,CFBF,BREADED FISH FILLET,330 Gms x 20 Pkts,FILLETS,52.58,42.86,85.5,conflict,0.19,,manual_required
1969,17375711,AL KABEER CRAZY CHICKEN NUGGETS 750GM,Al Kabeer,Chicken Nuggets-Frozen,No Variant,Marinated & Breaded,750 gm,1,CFB,BEEF FRANKS,454 Gms x 20 Pkts,SAUSAGES,52.53,42.74,85.5,conflict,0.63,,manual_required
1972,17378875,Al Kabeer Crazy Chicken Nuggets 750 gm,Al Kabeer,Chicken Nuggets-Frozen,No Variant,Marinated & Breaded,750 gm,1,CKBCS,BEEF COCKTAIL SAUSAGES,400 Gms x 20 Pkts,SAUSAGES,53.26,44.83,85.5,conflict,0.95,,manual_required
1975,17378878,Al Kabeer Chicken Popcorn 750gm,Al Kabeer,Chicken Popcorn-Frozen,No Variant,Marinated & Breaded,750 gm,1,CKJCNA,JUMBO CHICKEN NUGGETS,1 Kgs x 5 Pkts,NUGGETS,52.67,43.14,85.5,conflict,0.25,,manual_required
1997,17385873,AL KABEER GREEN PEAS/MIX VEGETABLE 900GM,Al Kabeer,Mix Vegetables-Frozen,No Variant,Frozen Vegetables,900 gm,1,CFBJ,JUMBO HOTDOGS,400 Gms x 20 Pkts,SAUSAGES,51.45,39.64,85.5,conflict,0.28,,manual_required
1998,17385873,AL KABEER GREEN PEAS/MIX VEGETABLE 900GM,Al Kabeer,Green/Garden Peas-Frozen,No Variant,Frozen Vegetables,900 gm,1,CFBF,BREADED FISH FILLET,330 Gms x 20 Pkts,FILLETS,51.46,39.68,85.5,conflict,0.24,,manual_required
2004,17386065,AL KABEER TORTILLA WRAPS PLAIN BINC 12PCS,Al Kabeer,Tortilla Wraps-Frozen,No Variant,"Frozen Pizzas, Wraps, Sandwiches",570 gm,1,CCCB,CHICKEN BIRYANI 400,400 Gms x 12 Pkts,READY2EAT,52.37,42.28,85.5,conflict,0.33,,manual_required
2008,17386068,AL KABEER CHEESE SPRING ROLLS 240GM/ VEGETABLE SPRING ROLLS 280GM /CHICKEN SPRING ROLLS 280GM,Al Kabeer,Spring Roll-Frozen,No Variant,"Frozen Pizzas, Wraps, Sandwiches",280 gm,1,CCCTM,CHICKEN TIKKA MAKHANI & PILAU RICE,450 Gms x 12 Pkts,READY2EAT,53.5,45.51,85.5,conflict,0.48,,manual_required
2009,17386068,AL KABEER CHEESE SPRING ROLLS 240GM/ VEGETABLE SPRING ROLLS 280GM /CHICKEN SPRING ROLLS 280GM,Al Kabeer,Spring Roll-Frozen,No Variant,"Frozen Pizzas, Wraps, Sandwiches",240 gm,1,CCCTM,CHICKEN TIKKA MAKHANI & PILAU RICE,450 Gms x 12 Pkts,READY2EAT,53.5,45.51,85.5,conflict,0.48,,manual_required
2012,17386307,AL KABEER ZING CHICKEN STRIPS 750GM+CHICKEN NUGGETS 750GM FREE,Al Kabeer,Chicken Strips-Frozen,No Variant,Zing,750 gm,1,CCKSB,CHICKEN STICKS BULK,1 Kgs x 5 Pkts,STICKS & FINGERS,53.36,45.1,85.5,conflict,0.23,,manual_required
2013,17386308,Al Kabeer Zing Chicken Strips Non Spicy 750gm,Al Kabeer,Chicken Strips-Frozen,No Variant,Zing,750 gm,1,CKN,CHICKEN NUGGETS,270 Gms x 20 Pkts,NUGGETS,54.89,49.46,85.5,conflict,2.99,,manual_required
2015,17386311,Al Kabeer Krazee Chicken Nuggets 750gm,Al Kabeer,Chicken Nuggets-Frozen,No Variant,Marinated & Breaded,750 gm,1,CFB,BEEF FRANKS,454 Gms x 20 Pkts,SAUSAGES,52.41,42.37,85.5,conflict,0.06,,manual_required
2019,17386317,AL KABEER CHICKEN POPCORN 750GM,Al Kabeer,Chicken Popcorn-Frozen,No Variant,Marinated & Breaded,750 gm,1,CKJCNA,JUMBO CHICKEN NUGGETS,1 Kgs x 5 Pkts,NUGGETS,52.67,43.14,85.5,conflict,0.25,,manual_required
2020,17386318,AL KABEER ZING CHICKEN FILLET NON SPICY 750GM BREADED CHICKEN FILLET HOT AND SPICY 750 GM FREE,Al Kabeer,Chicken Fillets-Frozen,No Variant,Zing,750 gm,1,CCCTM,CHICKEN TIKKA MAKHANI & PILAU RICE,450 Gms x 12 Pkts,READY2EAT,54.74,49.03,85.5,conflict,1.3,,manual_required
2021,17386318,AL KABEER ZING CHICKEN FILLET NON SPICY 750GM BREADED CHICKEN FILLET HOT AND SPICY 750 GM FREE,Al Kabeer,Chicken Fillets-Frozen,Hot & Spicy,Marinated & Breaded,750 gm,1,CCCTM,CHICKEN TIKKA MAKHANI & PILAU RICE,450 Gms x 12 Pkts,READY2EAT,54.85,49.35,85.5,conflict,1.29,,manual_required
2026,17386692,AL KABEER KRAZEE CHICKEN NUGGETS/BREADED CHICKEN FILLET HOT 750 GM,Al Kabeer,Chicken Fillets-Frozen,No Variant,Marinated & Breaded,750 gm,1,CCCTM,CHICKEN TIKKA MAKHANI & PILAU RICE,450 Gms x 12 Pkts,READY2EAT,54.52,48.41,85.5,conflict,0.5,,manual_required
2027,17386692,AL KABEER KRAZEE CHICKEN NUGGETS/BREADED CHICKEN FILLET HOT 750 GM,Al Kabeer,Chicken Nuggets-Frozen,No Variant,Marinated & Breaded,750 gm,1,CCCTM,CHICKEN TIKKA MAKHANI & PILAU RICE,450 Gms x 12 Pkts,READY2EAT,54.49,48.32,85.5,conflict,0.03,,manual_required
2030,17386695,AL KABEER ZING CHICKEN STRIPS NON SPICY 750GM,Al Kabeer,Chicken Strips-Frozen,No Variant,Zing,750 gm,1,CKN,CHICKEN NUGGETS,270 Gms x 20 Pkts,NUGGETS,54.89,49.46,85.5,conflict,2.99,,manual_required
2050,17392714,ALKABEER PANEER CUBES 200 GM,Al Kabeer,Paneer,No Variant,Paneer,200 gm,1,CKCCR,CHICKEN ‘N’ CHEESE RINGS 300,300 gms x 12 pkts,POP-CORN & CHICKEN FRIES,52.79,43.48,85.5,conflict,0.32,,manual_required
2051,17392718,AL KABEER PUNJABI SAMOSA 900GM,Al Kabeer,Samosa-Frozen,Punjabi,"Frozen Pizzas, Wraps, Sandwiches",900 gm,1,CCSAK,12 CHEESE SAMOSAS,240 Gms x 20 Pkts,SAMOSA,54.74,49.06,85.5,conflict,1.92,,manual_required
2052,17392874,ALKABEER PUNJABI SAMOSA 900GM,Al Kabeer,Samosa-Frozen,Punjabi,"Frozen Pizzas, Wraps, Sandwiches",900 gm,1,CCSAK,12 CHEESE SAMOSAS,240 Gms x 20 Pkts,SAMOSA,54.74,49.06,85.5,conflict,1.92,,manual_required
2053,17392875,ALKABEER PANEER CUBES 200 GM,Al Kabeer,Paneer,No Variant,Paneer,200 gm,1,CKCCR,CHICKEN ‘N’ CHEESE RINGS 300,300 gms x 12 pkts,POP-CORN & CHICKEN FRIES,52.79,43.48,85.5,conflict,0.32,,manual_required
2060,17393772,Al Kabeer Zing Chicken Fillets Spicy (750g),Al Kabeer,Chicken Fillets-Frozen,No Variant,Zing,750 gm,1,CKSK,SHISH KEBAB,600 Gms x 12 Pkts,KEBAB,53.73,46.15,85.5,conflict,0.35,,manual_required
2071,17398583,Al Kabeer Zing Chicken Strips/Pop-corn 750gm,Al Kabeer,Chicken Strips-Frozen,No Variant,Zing,750 gm,1,CKSAA,CHICKEN SAMOSAS BULK,1.2 Kgs x 4 Pkts,SAMOSA,53.36,45.1,85.5,conflict,0.07,,manual_required
2072,17398583,Al Kabeer Zing Chicken Strips/Pop-corn 750gm,Al Kabeer,Chicken Popcorn-Frozen,No Variant,Marinated & Breaded,750 gm,1,CCKSB,CHICKEN STICKS BULK,1 Kgs x 5 Pkts,STICKS & FINGERS,53.98,46.88,85.5,conflict,1.26,,manual_required
2080,17399849,Al Kabeer Zing Chicken Strips/fillet/Popcorn 750g,Al Kabeer,Chicken Strips-Frozen,No Variant,Zing,750 gm,1,CKJCNA,JUMBO CHICKEN NUGGETS,1 Kgs x 5 Pkts,NUGGETS,52.89,43.75,85.5,conflict,0.26,,manual_required
2081,17399849,Al Kabeer Zing Chicken Strips/fillet/Popcorn 750g,Al Kabeer,Chicken Fillets-Frozen,No Variant,Zing,750 gm,1,CKCKB,CHICKEN BURGERS 56 g,840 g. x 9,BURGERS,52.13,41.58,85.5,conflict,0.42,,manual_required
2086,17401045,Al Kabeer KRAZEE CHICKEN NUGGETS 750 GM,Al Kabeer,Chicken Nuggets-Frozen,No Variant,Marinated & Breaded,750 gm,1,CFB,BEEF FRANKS,454 Gms x 20 Pkts,SAUSAGES,52.18,41.74,85.5,conflict,0.05,,manual_required
2088,17402168,Al Kabeer Punjabi Samosa 900gm,Al Kabeer,Samosa-Frozen,Punjabi,"Frozen Pizzas, Wraps, Sandwiches",900 gm,1,CCSAK,12 CHEESE SAMOSAS,240 Gms x 20 Pkts,SAMOSA,54.74,49.06,85.5,conflict,1.92,,manual_required
2092,17402172,Al Kabeer Samosas 240gm/ Spring Roll 280gm Assorted,Al Kabeer,Spring Roll-Frozen,No Variant,"Frozen Pizzas, Wraps, Sandwiches",280 gm,1,CCSAK,12 CHEESE SAMOSAS,240 Gms x 20 Pkts,SAMOSA,54.69,48.89,85.5,conflict,1.4,,manual_required
2096,17402173,Al Kabeer Samosas Vegetable/Chicken 480gm/ Roll Vegetable/Chicken 560gm,Al Kabeer,Spring Roll-Frozen,No Variant,"Frozen Pizzas, Wraps, Sandwiches",560 gm,1,CCCTM,CHICKEN TIKKA MAKHANI & PILAU RICE,450 Gms x 12 Pkts,READY2EAT,53.56,45.68,85.5,conflict,0.99,,manual_required
2103,17402621,Al Kabeer Paneer Cubes 500gm,Al Kabeer,Paneer,No Variant,Paneer,500 gm,1,CKBBTY,TAYEBAT BREADED CHICKEN BURGERS 840 g. x 8 Pkts,840 g. x 8 Pkts,BURGERS,52.23,41.86,85.5,conflict,0.65,,manual_required
2111,17403024,Al Kabeer Frozen Vegetables 900gm,Al Kabeer,Green/Garden Peas-Frozen,No Variant,Frozen Vegetables,900 gm,1,CFB,BEEF FRANKS,454 Gms x 20 Pkts,SAUSAGES,51.99,41.18,85.5,conflict,0.28,,manual_required
2112,17403024,Al Kabeer Frozen Vegetables 900gm,Al Kabeer,Mix Vegetables-Frozen,No Variant,Frozen Vegetables,900 gm,1,CFBJ,JUMBO HOTDOGS,400 Gms x 20 Pkts,SAUSAGES,52.35,42.22,85.5,conflict,0.61,,manual_required
2120,17409736,Al Kabeer Krazee Chicken Nuggets 800gm,Al Kabeer,Chicken Nuggets-Frozen,No Variant,Marinated & Breaded,800 gm,1,CFB,BEEF FRANKS,454 Gms x 20 Pkts,SAUSAGES,52.41,42.37,85.5,conflict,0.06,,manual_required
2127,17414569,Al Kabeer Vegetable Spring Roll 280 Gm/Samosa 240 Gm,Al Kabeer,Spring Roll-Frozen,No Variant,"Frozen Pizzas, Wraps, Sandwiches",280 gm,1,CCSAK,12 CHEESE SAMOSAS,240 Gms x 20 Pkts,SAMOSA,54.01,46.97,85.5,conflict,2.34,,manual_required
2133,17417482,Al Kabeer Punjabi Samosa 900gm,Al Kabeer,Samosa-Frozen,Punjabi,"Frozen Pizzas, Wraps, Sandwiches",900 gm,1,CCSAK,12 CHEESE SAMOSAS,240 Gms x 20 Pkts,SAMOSA,54.74,49.06,85.5,conflict,1.92,,manual_required
2138,17419530,Al Kabeer Zing Chicken Strips/Pop-corn 750gm,Al Kabeer,Chicken Popcorn-Frozen,No Variant,Marinated & Breaded,750 gm,1,CCKSB,CHICKEN STICKS BULK,1 Kgs x 5 Pkts,STICKS & FINGERS,53.98,46.88,85.5,conflict,1.26,,manual_required
2139,17419530,Al Kabeer Zing Chicken Strips/Pop-corn 750gm,Al Kabeer,Chicken Strips-Frozen,No Variant,Zing,750 gm,1,CKSAA,CHICKEN SAMOSAS BULK,1.2 Kgs x 4 Pkts,SAMOSA,53.36,45.1,85.5,conflict,0.07,,manual_required
2161,17457183,Al Kabeer Zing Chicken Strips Non-Spicy 750gm + Chicken Nuggets 750gm,Al Kabeer,Chicken Strips-Frozen,No Variant,Zing,750 gm,1,CCKSB,CHICKEN STICKS BULK,1 Kgs x 5 Pkts,STICKS & FINGERS,54.58,48.6,85.5,conflict,0.9,,manual_required
2176,17518947,Al kabeer zing chicken fillet spicy\chicken nuggets 750gm,Al Kabeer,Chicken Nuggets-Frozen,No Variant,Marinated & Breaded,750 gm,1,CCFA,CHICKEN FRIES BULK,1 kg x 5 Pkts,POP-CORN & CHICKEN FRIES,54.38,48.0,85.5,conflict,0.56,,manual_required
2183,17518958,Al kabeer zing chicken fillet\nuggets non spicy 750gm,Al Kabeer,Chicken Fillets-Frozen,No Variant,Zing,750 gm,1,CFBF,BREADED FISH FILLET,330 Gms x 20 Pkts,FILLETS,54.94,49.61,85.5,conflict,0.99,,manual_required
2184,17518958,Al kabeer zing chicken fillet\nuggets non spicy 750gm,Al Kabeer,Chicken Nuggets-Frozen,No Variant,Zing,750 gm,1,CFBF,BREADED FISH FILLET,330 Gms x 20 Pkts,FILLETS,53.19,44.63,85.5,conflict,1.74,,manual_required
2195,17546145,AL KABEER CRAZY CHICKEN NUGGETS 750GM,Al Kabeer,Chicken Nuggets-Frozen,No Variant,Marinated & Breaded,750 gm,1,CFB,BEEF FRANKS,454 Gms x 20 Pkts,SAUSAGES,52.53,42.74,85.5,conflict,0.63,,manual_required
2199,17546149,ALKABEER TENDER CHICKEN BREAST 1000GM,Al Kabeer,Chicken Breast-Frozen,No Variant,Frozen Chicken Parts,1000 gm,1,CFBF,BREADED FISH FILLET,330 Gms x 20 Pkts,FILLETS,52.58,42.86,85.5,conflict,0.19,,manual_required
2200,17546150,ALKABEER FRENCH FRIES 2500GM,Al Kabeer,French Fries-Frozen,No Variant,Frozen Fries & Onion Rings,2.5 kg,1,CKKB24,24 CHICKEN BURGERS,1.2 Kgs x 8 Pkts,BURGERS,52.13,41.58,85.5,conflict,0.28,,manual_required
2201,17546152,AL KABEER FROZEN PANJABI SAMOSAS 900 GM,Al Kabeer,Samosa-Frozen,Punjabi,"Frozen Pizzas, Wraps, Sandwiches",900 gm,1,CCSAK,12 CHEESE SAMOSAS,240 Gms x 20 Pkts,SAMOSA,54.63,48.74,85.5,conflict,0.73,,manual_required
2203,17546155,AL KABEER ZING CHICKEN STRIPS/POP CORN/FILLET 750GM,Al Kabeer,Chicken Strips-Frozen,No Variant,Zing,750 gm,1,CKBW,BBQ CHICKEN WINGS 400,400 Gms x 12 Pkts,WINGS,53.52,45.54,85.5,conflict,1.23,,manual_required
2204,17546155,AL KABEER ZING CHICKEN STRIPS/POP CORN/FILLET 750GM,Al Kabeer,Chicken Fillets-Frozen,No Variant,Zing,750 gm,1,CFBF,BREADED FISH FILLET,330 Gms x 20 Pkts,FILLETS,54.66,48.82,85.5,conflict,0.45,,manual_required
2211,17551417,"AL KABEER WAFFLE FRIES, 750 GRAMS",Al Kabeer,Crisscut Fries-Frozen,No Variant,Frozen Fries & Onion Rings,750 gm,1,CFBF,BREADED FISH FILLET,330 Gms x 20 Pkts,FILLETS,52.41,42.37,85.5,conflict,1.37,,manual_required
2215,17551432,"AL KABEER CHICKEN OR VEGETABLE SPRING ROLLS, 280 GRAMS",Al Kabeer,Spring Roll-Frozen,No Variant,"Frozen Pizzas, Wraps, Sandwiches",280 gm,1,CCF,CHICKEN FRIES,12 PKTS X 400 GRM,POP-CORN & CHICKEN FRIES,53.25,44.78,85.5,conflict,0.12,,manual_required
2216,17551434,"AL KABEER MIXED VEGETABLES, 900 GRAMS",Al Kabeer,Mix Vegetables-Frozen,No Variant,Frozen Vegetables,900 gm,1,CFBJ,JUMBO HOTDOGS,400 Gms x 20 Pkts,SAUSAGES,51.88,40.86,85.5,conflict,0.3,,manual_required
2232,17556331,AL KABEER PUNJABI SAMOSA 900G,Al Kabeer,Samosa-Frozen,Punjabi,"Frozen Pizzas, Wraps, Sandwiches",900 gm,1,CCSAK,12 CHEESE SAMOSAS,240 Gms x 20 Pkts,SAMOSA,53.89,46.6,85.5,conflict,0.67,,manual_required
2240,17559564,AL KABEER CHICKEN NUGGET OR KRAZEE CH NUGGETS 750 GM,Al Kabeer,Chicken Nuggets-Frozen,No Variant,Marinated & Breaded,750 gm,1,CCCB,CHICKEN BIRYANI 400,400 Gms x 12 Pkts,READY2EAT,53.73,46.15,85.5,conflict,0.87,,manual_required
2243,17561719,Al Kabeer Zing Chicken Strips Spicy/Normal750gm,Al Kabeer,Chicken Strips-Frozen,Spicy,Zing,750 gm,1,CKSAA,CHICKEN SAMOSAS BULK,1.2 Kgs x 4 Pkts,SAMOSA,53.05,44.21,85.5,conflict,0.86,,manual_required
2244,17561719,Al Kabeer Zing Chicken Strips Spicy/Normal750gm,Al Kabeer,Chicken Strips-Frozen,No Variant,Zing,750 gm,1,CKCKB,CHICKEN BURGERS 56 g,840 g. x 9,BURGERS,51.89,40.91,85.5,conflict,0.45,,manual_required
2245,17561721,Al Kabeer Krazee Chicken Nuggets 800gm,Al Kabeer,Chicken Nuggets-Frozen,No Variant,Marinated & Breaded,800 gm,1,CFB,BEEF FRANKS,454 Gms x 20 Pkts,SAUSAGES,52.41,42.37,85.5,conflict,0.06,,manual_required
2246,17561722,Al Kabeer Krazee Chicken Nuggets 750gm,Al Kabeer,Chicken Nuggets-Frozen,No Variant,Marinated & Breaded,750 gm,1,CFB,BEEF FRANKS,454 Gms x 20 Pkts,SAUSAGES,52.41,42.37,85.5,conflict,0.06,,manual_required
2248,17561724,Al Kabeer Beef Slice 907gm,Al Kabeer,Beef Cube-Frozen,No Variant,Frozen Beef,907 gm,1,CZFNSCFHP,Zing Chicken Fillets Non Spicy + Free Chicken Fillets Spicy,750+750 g. x 4,FILLETS,52.97,44.0,85.5,conflict,0.31,,manual_required
2249,17563240,Al Kabeer Mixed Veg / Green Peas 900g,Al Kabeer,Green/Garden Peas-Frozen,No Variant,Frozen Vegetables,900 gm,1,CFBF,BREADED FISH FILLET,330 Gms x 20 Pkts,FILLETS,52.28,42.02,85.5,conflict,0.58,,manual_required
2250,17563240,Al Kabeer Mixed Veg / Green Peas 900g,Al Kabeer,Mix Vegetables-Frozen,No Variant,Frozen Vegetables,900 gm,1,CFBJ,JUMBO HOTDOGS,400 Gms x 20 Pkts,SAUSAGES,51.83,40.74,85.5,conflict,0.39,,manual_required
2254,17563244,AlKabeer Waffle Fries 750g,Al Kabeer,Crisscut Fries-Frozen,No Variant,Frozen Fries & Onion Rings,750 gm,1,CFBF,BREADED FISH FILLET,330 Gms x 20 Pkts,FILLETS,52.41,42.37,85.5,conflict,1.37,,manual_required
2255,17563246,Al Kabeer Chicken breast boneless 1000g,Al Kabeer,Chicken Breast-Frozen,No Variant,Frozen Chicken Parts,1000 gm,1,CBBO,4 BEEF BURGERS,200 Gms x 30 Pkt,BURGERS,54.52,48.42,85.5,conflict,1.32,,manual_required
2256,17563247,Al Kabeer Zing Chicken Strips / fillets / Nuggets 750g,Al Kabeer,Chicken Nuggets-Frozen,No Variant,Marinated & Breaded,750 gm,1,CCKSB,CHICKEN STICKS BULK,1 Kgs x 5 Pkts,STICKS & FINGERS,53.95,46.77,85.5,conflict,1.09,,manual_required
2257,17563247,Al Kabeer Zing Chicken Strips / fillets / Nuggets 750g,Al Kabeer,Chicken Fillets-Frozen,No Variant,Zing,750 gm,1,CKBW,BBQ CHICKEN WINGS 400,400 Gms x 12 Pkts,WINGS,53.29,44.9,85.5,conflict,0.02,,manual_required
2259,17563248,Al Kabeer Nuggets / Breaded Chicken Fillet 750g,Al Kabeer,Chicken Nuggets-Frozen,No Variant,Marinated & Breaded,750 gm,1,CFBF,BREADED FISH FILLET,330 Gms x 20 Pkts,FILLETS,54.94,49.6,85.5,conflict,0.33,,manual_required
2267,17564220,Al Kabeer - Tender Chicken Breast 1000gm,Al Kabeer,Chicken Breast-Frozen,No Variant,Frozen Chicken Parts,1000 gm,1,CFBF,BREADED FISH FILLET,330 Gms x 20 Pkts,FILLETS,52.58,42.86,85.5,conflict,0.19,,manual_required
2271,17564224,Al Kabeer Green Peas/ Mixed Vegetables 900gm,Al Kabeer,Mix Vegetables-Frozen,No Variant,Frozen Vegetables,900 gm,1,CFBJ,JUMBO HOTDOGS,400 Gms x 20 Pkts,SAUSAGES,51.97,41.12,85.5,conflict,0.0,,manual_required
2272,17564224,Al Kabeer Green Peas/ Mixed Vegetables 900gm,Al Kabeer,Green/Garden Peas-Frozen,No Variant,Frozen Vegetables,900 gm,1,CFB,BEEF FRANKS,454 Gms x 20 Pkts,SAUSAGES,51.83,40.74,85.5,conflict,0.02,,manual_required
2279,17565321,Al Kabeer Paneer Cubes 200gm,Al Kabeer,Paneer,No Variant,Paneer,200 gm,1,CKCCR,CHICKEN ‘N’ CHEESE RINGS 300,300 gms x 12 pkts,POP-CORN & CHICKEN FRIES,52.31,42.11,85.5,conflict,0.09,,manual_required
2288,17569123,Al Kabeer Krazee Chicken Nuggets 750gm,Al Kabeer,Chicken Nuggets-Frozen,No Variant,Marinated & Breaded,750 gm,1,CFB,BEEF FRANKS,454 Gms x 20 Pkts,SAUSAGES,52.41,42.37,85.5,conflict,0.06,,manual_required
2289,17569125,AL KABEER ZING CHICKEN FILLET NON SPICY 750GM + BREADED CHICKEN FILLET HOT AND SPICY 750GM FREE,Al Kabeer,Chicken Fillets-Frozen,Hot & Spicy,Marinated & Breaded,750 gm,1,CCCTM,CHICKEN TIKKA MAKHANI & PILAU RICE,450 Gms x 12 Pkts,READY2EAT,54.85,49.35,85.5,conflict,1.29,,manual_required
2290,17569125,AL KABEER ZING CHICKEN FILLET NON SPICY 750GM + BREADED CHICKEN FILLET HOT AND SPICY 750GM FREE,Al Kabeer,Chicken Fillets-Frozen,No Variant,Marinated & Breaded,750 gm,1,CCCTM,CHICKEN TIKKA MAKHANI & PILAU RICE,450 Gms x 12 Pkts,READY2EAT,54.54,48.48,85.5,conflict,1.79,,manual_required
2291,17569126,AL KABEER ZING CHICKEN STRIPS 750GM+CHICKEN NUGGETS 750GM FREE,Al Kabeer,Chicken Strips-Frozen,No Variant,Zing,750 gm,1,CCKSB,CHICKEN STICKS BULK,1 Kgs x 5 Pkts,STICKS & FINGERS,53.36,45.1,85.5,conflict,0.23,,manual_required
2292,17569127,AL KABEER CHICKEN POPCORN 750 GM,Al Kabeer,Chicken Popcorn-Frozen,No Variant,Marinated & Breaded,750 gm,1,CKJCNA,JUMBO CHICKEN NUGGETS,1 Kgs x 5 Pkts,NUGGETS,53.13,44.44,85.5,conflict,0.65,,manual_required
2293,17569128,Al Kabeer Zing Chicken Strips Non Spicy 750gm,Al Kabeer,Chicken Strips-Frozen,No Variant,Zing,750 gm,1,CKN,CHICKEN NUGGETS,270 Gms x 20 Pkts,NUGGETS,54.89,49.46,85.5,conflict,2.99,,manual_required
2298,17569315,AL KABEER CHEESE SPRING ROLLS 240GM/ VEGETABLE SPRING ROLLS 280GM /CHICKEN SPRING ROLLS 280GM,Al Kabeer,Spring Roll-Frozen,No Variant,"Frozen Pizzas, Wraps, Sandwiches",240 gm,1,CCCTM,CHICKEN TIKKA MAKHANI & PILAU RICE,450 Gms x 12 Pkts,READY2EAT,53.5,45.51,85.5,conflict,0.48,,manual_required
2299,17569315,AL KABEER CHEESE SPRING ROLLS 240GM/ VEGETABLE SPRING ROLLS 280GM /CHICKEN SPRING ROLLS 280GM,Al Kabeer,Spring Roll-Frozen,No Variant,"Frozen Pizzas, Wraps, Sandwiches",280 gm,1,CCCTM,CHICKEN TIKKA MAKHANI & PILAU RICE,450 Gms x 12 Pkts,READY2EAT,53.5,45.51,85.5,conflict,0.48,,manual_required
2305,17569320,AL KABEER TORTILLA WRAPS PLAIN BINC 12PCS,Al Kabeer,Tortilla Wraps-Frozen,No Variant,"Frozen Pizzas, Wraps, Sandwiches",570 gm,1,CCCB,CHICKEN BIRYANI 400,400 Gms x 12 Pkts,READY2EAT,52.37,42.28,85.5,conflict,0.33,,manual_required
2315,17569410,AL KABEER GREEN PEAS/MIX VEGETABLE 900GM,Al Kabeer,Green/Garden Peas-Frozen,No Variant,Frozen Vegetables,900 gm,1,CFBF,BREADED FISH FILLET,330 Gms x 20 Pkts,FILLETS,51.46,39.68,85.5,conflict,0.24,,manual_required
2316,17569410,AL KABEER GREEN PEAS/MIX VEGETABLE 900GM,Al Kabeer,Mix Vegetables-Frozen,No Variant,Frozen Vegetables,900 gm,1,CFBJ,JUMBO HOTDOGS,400 Gms x 20 Pkts,SAUSAGES,51.45,39.64,85.5,conflict,0.28,,manual_required
2330,17571019,AL KABEER ZING CHICKEN STRIPS NON SPICY 750GM,Al Kabeer,Chicken Strips-Frozen,No Variant,Zing,750 gm,1,CKN,CHICKEN NUGGETS,270 Gms x 20 Pkts,NUGGETS,54.89,49.46,85.5,conflict,2.99,,manual_required
2342,17571577,Al Kabeer Samosa Vegetable/Chicken 480gm/ Roll Vegetable/ Chicken 560gm,Al Kabeer,Spring Roll-Frozen,No Variant,"Frozen Pizzas, Wraps, Sandwiches",560 gm,1,CCCTM,CHICKEN TIKKA MAKHANI & PILAU RICE,450 Gms x 12 Pkts,READY2EAT,53.66,45.96,85.5,conflict,0.98,,manual_required
2345,17571580,Al Kabeer Samosa 240gm/ Spring Roll 280gm Assorted,Al Kabeer,Spring Roll-Frozen,No Variant,"Frozen Pizzas, Wraps, Sandwiches",280 gm,1,CCSAK,12 CHEESE SAMOSAS,240 Gms x 20 Pkts,SAMOSA,54.29,47.76,85.5,conflict,0.89,,manual_required
2347,17571581,Al Kabeer Punjabi Samosa 900gm,Al Kabeer,Samosa-Frozen,Punjabi,"Frozen Pizzas, Wraps, Sandwiches",900 gm,1,CCSAK,12 CHEESE SAMOSAS,240 Gms x 20 Pkts,SAMOSA,54.74,49.06,85.5,conflict,1.92,,manual_required
2350,17572109,Al Kabeer Zing Chckn Strip/ Fillet NoSpicy 750g.,Al Kabeer,Chicken Strips-Frozen,No Variant,Zing,750 gm,1,CKCKB,CHICKEN BURGERS 56 g,840 g. x 9,BURGERS,51.89,40.91,85.5,conflict,0.88,,manual_required
2351,17572109,Al Kabeer Zing Chckn Strip/ Fillet NoSpicy 750g.,Al Kabeer,Chicken Fillets-Frozen,No Variant,Zing,750 gm,1,CKCKB,CHICKEN BURGERS 56 g,840 g. x 9,BURGERS,51.89,40.91,85.5,conflict,1.16,,manual_required
2361,17582751,Alkabeeer Zing Chicken Fillets 750gm,Al Kabeer,Chicken Fillets-Frozen,No Variant,Zing,750 gm,1,CKCKB,CHICKEN BURGERS 56 g,840 g. x 9,BURGERS,52.79,43.48,85.5,conflict,0.48,,manual_required
2364,17613361,Al Kabeer Punjabi Samosa (30pcs),Al Kabeer,Samosa-Frozen,Punjabi,"Frozen Pizzas, Wraps, Sandwiches",900 gm,1,CCSAK,12 CHEESE SAMOSAS,240 Gms x 20 Pkts,SAMOSA,54.12,47.27,85.5,conflict,1.21,,manual_required
2365,17613365,Al Kabeer Vegetable Felafel 360 GM,Al Kabeer,Falafel-Frozen,Non-Stuffed,"Frozen Pizzas, Wraps, Sandwiches",360 gm,1,CFBF,BREADED FISH FILLET,330 Gms x 20 Pkts,FILLETS,50.93,38.17,85.5,conflict,0.63,,manual_required
2367,17614595,Al Kabeer Zing Chicken Strips Non Spicy + Free Chicken Nuggets 750g,Al Kabeer,Chicken Strips-Frozen,No Variant,Zing,750 gm,1,CCKSB,CHICKEN STICKS BULK,1 Kgs x 5 Pkts,STICKS & FINGERS,54.27,47.71,85.5,conflict,0.87,,manual_required
2377,17623746,Al Kabeer Zing Chicken Strips Non Spicy+ Free Chicken Nuggets 750 gm,Al Kabeer,Chicken Strips-Frozen,No Variant,Zing,750 gm,1,CCKSB,CHICKEN STICKS BULK,1 Kgs x 5 Pkts,STICKS & FINGERS,54.27,47.71,85.5,conflict,0.87,,manual_required
2388,17664550,Al Kabeer Zink Chick Fillet N/Spicy 750 gm ,Al Kabeer,Chicken Fillets-Frozen,No Variant,Zing,750 gm,1,CKSK,SHISH KEBAB,600 Gms x 12 Pkts,KEBAB,52.08,41.44,85.5,conflict,0.26,,manual_required
2389,17665731,Al Kabeer Zing Chicken Strips Spicy 750gm + Krazee Chicken Nuggets 750gm,Al Kabeer,Chicken Strips-Frozen,No Variant,Zing,750 gm,1,CCKSB,CHICKEN STICKS BULK,1 Kgs x 5 Pkts,STICKS & FINGERS,54.76,49.09,85.5,conflict,0.14,,manual_required
2390,17672517,Al Kabeer Zing Chicken Strips Spicy/Chicken Fillet Spicy/ Chicken Popcorn 750gm +33% Extra,Al Kabeer,Chicken Strips-Frozen,No Variant,Zing,750 gm+33% free	,1,CCCTM,CHICKEN TIKKA MAKHANI & PILAU RICE,450 Gms x 12 Pkts,READY2EAT,54.26,47.68,85.5,conflict,0.32,,manual_required
2394,17692556,Al Kabeer Krazee Chicken Nuggets 750 gm,Al Kabeer,Chicken Nuggets-Frozen,No Variant,Marinated & Breaded,750 gm,1,CFB,BEEF FRANKS,454 Gms x 20 Pkts,SAUSAGES,52.18,41.74,85.5,conflict,0.05,,manual_required
2399,17697775,Al Kabeer Chicken Popcorn 750g,Al Kabeer,Chicken Popcorn-Frozen,No Variant,Marinated & Breaded,750 gm,1,CKJCNA,JUMBO CHICKEN NUGGETS,1 Kgs x 5 Pkts,NUGGETS,53.13,44.44,85.5,conflict,0.65,,manual_required
2401,17698397,Al Kabeer Zing Chckn Filets/Nugets NoSpicy 750g,Al Kabeer,Chicken Fillets-Frozen,No Variant,Zing,750 gm,1,CKJCNA,JUMBO CHICKEN NUGGETS,1 Kgs x 5 Pkts,NUGGETS,52.85,43.64,85.5,conflict,0.95,,manual_required
2402,17698397,Al Kabeer Zing Chckn Filets/Nugets NoSpicy 750g,Al Kabeer,Chicken Nuggets-Frozen,No Variant,Marinated & Breaded,750 gm,1,CFBF,BREADED FISH FILLET,330 Gms x 20 Pkts,FILLETS,53.8,46.36,85.5,conflict,0.39,,manual_required
2429,17742227,AL KABEER ZING CHICKEN STRIPS NON SPICY OR SPICY 750 GRAMS,Al Kabeer,Chicken Strips-Frozen,No Variant,Zing,750 gm,1,CKBT,TAYEBAT CHICKEN BURGER,1 Kgs x 9 Pkts,BURGERS,53.42,45.28,85.5,conflict,2.41,,manual_required
2430,17742227,AL KABEER ZING CHICKEN STRIPS NON SPICY OR SPICY 750 GRAMS,Al Kabeer,Chicken Strips-Frozen,Spicy,Zing,750 gm,1,CKCKB,CHICKEN BURGERS 56 g,840 g. x 9,BURGERS,54.2,47.5,85.5,conflict,0.6,,manual_required
2432,17742473,"AL KABEER ZING CHICKEN STRIPS SMOKE BUFFALO OR SPICY SRIRACHA, 700 GRAMS",Al Kabeer,Chicken Strips-Frozen,No Variant,Zing,700 gm,1,CCKSB,CHICKEN STICKS BULK,1 Kgs x 5 Pkts,STICKS & FINGERS,54.19,47.46,85.5,conflict,0.24,,manual_required
2434,17742477,"AL KABEER MIXED VEGETABLES, 900 GRAMS",Al Kabeer,Mix Vegetables-Frozen,No Variant,Frozen Vegetables,900 gm,1,CFBJ,JUMBO HOTDOGS,400 Gms x 20 Pkts,SAUSAGES,51.88,40.86,85.5,conflict,0.3,,manual_required
2435,17742481,"AL KABEER CHICKEN OR VEGETABLE SPRING ROLLS, 280 GRAMS",Al Kabeer,Spring Roll-Frozen,No Variant,"Frozen Pizzas, Wraps, Sandwiches",280 gm,1,CCF,CHICKEN FRIES,12 PKTS X 400 GRM,POP-CORN & CHICKEN FRIES,53.25,44.78,85.5,conflict,0.12,,manual_required
2441,17748027,Al Kabeer Stuffed Felafel (750g),Al Kabeer,Falafel-Frozen,Stuffed,"Frozen Pizzas, Wraps, Sandwiches",750 gm,1,CFB,BEEF FRANKS,454 Gms x 20 Pkts,SAUSAGES,51.31,39.25,85.5,conflict,1.24,,manual_required
2452,17754390,AL KABEER GREEN PEAS/MIX VEGETABLE 900GM,Al Kabeer,Mix Vegetables-Frozen,No Variant,Frozen Vegetables,900 gm,1,CFBJ,JUMBO HOTDOGS,400 Gms x 20 Pkts,SAUSAGES,51.45,39.64,85.5,conflict,0.28,,manual_required
2453,17754390,AL KABEER GREEN PEAS/MIX VEGETABLE 900GM,Al Kabeer,Green/Garden Peas-Frozen,No Variant,Frozen Vegetables,900 gm,1,CFBF,BREADED FISH FILLET,330 Gms x 20 Pkts,FILLETS,51.46,39.68,85.5,conflict,0.24,,manual_required
2463,17754414,AL KABEER CHICKEN POPCORN 750GM,Al Kabeer,Chicken Popcorn-Frozen,No Variant,Marinated & Breaded,750 gm,1,CKJCNA,JUMBO CHICKEN NUGGETS,1 Kgs x 5 Pkts,NUGGETS,52.67,43.14,85.5,conflict,0.25,,manual_required
2465,17754416,Al Kabeer Krazee Chicken Nuggets 750gm,Al Kabeer,Chicken Nuggets-Frozen,No Variant,Marinated & Breaded,750 gm,1,CFB,BEEF FRANKS,454 Gms x 20 Pkts,SAUSAGES,52.41,42.37,85.5,conflict,0.06,,manual_required
2469,17754419,AL KABEER ZING CHICKEN FILLET NON SPICY 750GM + BREADED CHICKEN FILLET HOT AND SPICY 750GM FREE,Al Kabeer,Chicken Fillets-Frozen,Hot & Spicy,Marinated & Breaded,750 gm,1,CCCTM,CHICKEN TIKKA MAKHANI & PILAU RICE,450 Gms x 12 Pkts,READY2EAT,54.85,49.35,85.5,conflict,1.29,,manual_required
2470,17754419,AL KABEER ZING CHICKEN FILLET NON SPICY 750GM + BREADED CHICKEN FILLET HOT AND SPICY 750GM FREE,Al Kabeer,Chicken Fillets-Frozen,No Variant,Zing,750 gm,1,CCCTM,CHICKEN TIKKA MAKHANI & PILAU RICE,450 Gms x 12 Pkts,READY2EAT,54.74,49.03,85.5,conflict,1.3,,manual_required
2471,17754420,AL KABEER ZING CHICKEN STRIPS 750GM + CHICKEN NUGGETS 750GM FREE,Al Kabeer,Chicken Strips-Frozen,Spicy,Zing,750 gm,1,CCCB,CHICKEN BIRYANI 400,400 Gms x 12 Pkts,READY2EAT,53.89,46.6,85.5,conflict,1.06,,manual_required
2472,17754421,Al Kabeer Zing Chicken Strips Non Spicy 750gm,Al Kabeer,Chicken Strips-Frozen,No Variant,Zing,750 gm,1,CKN,CHICKEN NUGGETS,270 Gms x 20 Pkts,NUGGETS,54.89,49.46,85.5,conflict,2.99,,manual_required
2481,17755113,AL KABEER CHEESE SPRING ROLLS 240GM/ VEGETABLE SPRING ROLLS 280GM /CHICKEN SPRING ROLLS 280GM,Al Kabeer,Spring Roll-Frozen,No Variant,"Frozen Pizzas, Wraps, Sandwiches",280 gm,1,CCCTM,CHICKEN TIKKA MAKHANI & PILAU RICE,450 Gms x 12 Pkts,READY2EAT,53.5,45.51,85.5,conflict,0.48,,manual_required
2482,17755113,AL KABEER CHEESE SPRING ROLLS 240GM/ VEGETABLE SPRING ROLLS 280GM /CHICKEN SPRING ROLLS 280GM,Al Kabeer,Spring Roll-Frozen,No Variant,"Frozen Pizzas, Wraps, Sandwiches",240 gm,1,CCCTM,CHICKEN TIKKA MAKHANI & PILAU RICE,450 Gms x 12 Pkts,READY2EAT,53.5,45.51,85.5,conflict,0.48,,manual_required
2485,17755116,AL KABEER TORTILLA WRAPS PLAIN 8INC 12PCS,Al Kabeer,Tortilla Wraps-Frozen,No Variant,"Frozen Pizzas, Wraps, Sandwiches",570 gm,1,CCCB,CHICKEN BIRYANI 400,400 Gms x 12 Pkts,READY2EAT,52.25,41.94,85.5,conflict,0.03,,manual_required
2486,17755280,ZING CHICKEN STRIPS NON SPICY 750GM,Al Kabeer,Chicken Strips-Frozen,No Variant,Zing,750 gm,1,CKN,CHICKEN NUGGETS,270 Gms x 20 Pkts,NUGGETS,54.89,49.46,85.5,conflict,2.99,,manual_required
2492,17755428,Al Kabeer BREADED CHICKEN FILLETS 750GM,Al Kabeer,Chicken Fillets-Frozen,No Variant,Zing,750 gm,1,CKSK,SHISH KEBAB,600 Gms x 12 Pkts,KEBAB,54.35,47.92,85.5,conflict,0.34,,manual_required
2496,17755432,Al Kabeer KRAZEE CHICKEN NUGGETS/BREADED CHICKEN FILLET HOT 750GM ,Al Kabeer,Chicken Fillets-Frozen,No Variant,Marinated & Breaded,750 gm,1,CCCTM,CHICKEN TIKKA MAKHANI & PILAU RICE,450 Gms x 12 Pkts,READY2EAT,54.2,47.5,85.5,conflict,0.05,,manual_required
2497,17755432,Al Kabeer KRAZEE CHICKEN NUGGETS/BREADED CHICKEN FILLET HOT 750GM ,Al Kabeer,Chicken Nuggets-Frozen,No Variant,Marinated & Breaded,750 gm,1,BF,BEEF TENDERLOIN/FILLET,20 KGS,MEAT-INDIAN-TRD,54.59,48.61,85.5,conflict,0.43,,manual_required
2501,17758751,Al Kabeer zing chicken fillet or strips no spicy 750g ,Al Kabeer,Chicken Strips-Frozen,No Variant,Zing,750 gm,1,CFBF,BREADED FISH FILLET,330 Gms x 20 Pkts,FILLETS,52.66,43.1,85.5,conflict,1.21,,manual_required
2503,17762884,Al Kabeer Beef Cubes 907gm,Al Kabeer,Beef Cube-Frozen,No Variant,Frozen Beef,907 gm,1,CKNCKSP,Chicken Nuggets + Free Chicken Samosa Combo Pack,(750 g. + 240 g.) x 6,NUGGETS,53.13,44.44,85.5,conflict,0.86,,manual_required
2504,17763901,Al Kabeer krazee Chicken Nuggts 750gm,Al Kabeer,Chicken Nuggets-Frozen,No Variant,Marinated & Breaded,750 gm,1,CFBF,BREADED FISH FILLET,330 Gms x 20 Pkts,FILLETS,52.09,41.48,85.5,conflict,0.52,,manual_required
2505,17763906,Al Kabeer Zing Chckn Strip/Fillet NoSpicy 750g,Al Kabeer,Chicken Strips-Frozen,No Variant,Zing,750 gm,1,CKCKB,CHICKEN BURGERS 56 g,840 g. x 9,BURGERS,51.89,40.91,85.5,conflict,0.55,,manual_required
2506,17763906,Al Kabeer Zing Chckn Strip/Fillet NoSpicy 750g,Al Kabeer,Chicken Fillets-Frozen,No Variant,Zing,750 gm,1,CKCKB,CHICKEN BURGERS 56 g,840 g. x 9,BURGERS,51.89,40.91,85.5,conflict,0.81,,manual_required
2515,17769090,AL KABEER TENDER CHICKEN NUGGETS 750GM,Al Kabeer,Chicken Nuggets-Frozen,No Variant,Marinated & Breaded,750 gm,1,CFBF,BREADED FISH FILLET,330 Gms x 20 Pkts,FILLETS,52.34,42.19,85.5,conflict,0.54,,manual_required
2528,17835769,AL KABEER FROZEN PANJABI SAMOSAS 900 GM,Al Kabeer,Samosa-Frozen,Punjabi,"Frozen Pizzas, Wraps, Sandwiches",900 gm,1,CCSAK,12 CHEESE SAMOSAS,240 Gms x 20 Pkts,SAMOSA,54.63,48.74,85.5,conflict,0.73,,manual_required
2531,17835775,AL KABEER ZING CHICKEN STRIPS/POP CORN/FILLET 750GM,Al Kabeer,Chicken Fillets-Frozen,No Variant,Zing,750 gm,1,CFBF,BREADED FISH FILLET,330 Gms x 20 Pkts,FILLETS,54.66,48.82,85.5,conflict,0.45,,manual_required
2532,17835775,AL KABEER ZING CHICKEN STRIPS/POP CORN/FILLET 750GM,Al Kabeer,Chicken Strips-Frozen,No Variant,Zing,750 gm,1,CKBW,BBQ CHICKEN WINGS 400,400 Gms x 12 Pkts,WINGS,53.52,45.54,85.5,conflict,1.23,,manual_required
2533,17835775,AL KABEER ZING CHICKEN STRIPS/POP CORN/FILLET 750GM,Al Kabeer,Chicken Popcorn-Frozen,No Variant,Marinated & Breaded,750 gm,1,CCKSB,CHICKEN STICKS BULK,1 Kgs x 5 Pkts,STICKS & FINGERS,53.65,45.93,85.5,conflict,0.52,,manual_required
2558,17842187,AL KABEER GREEN PEAS/MIX VEGETABLE 900GM,Al Kabeer,Green/Garden Peas-Frozen,No Variant,Frozen Vegetables,900 gm,1,CFBF,BREADED FISH FILLET,330 Gms x 20 Pkts,FILLETS,51.46,39.68,85.5,conflict,0.24,,manual_required
2559,17842187,AL KABEER GREEN PEAS/MIX VEGETABLE 900GM,Al Kabeer,Mix Vegetables-Frozen,No Variant,Frozen Vegetables,900 gm,1,CFBJ,JUMBO HOTDOGS,400 Gms x 20 Pkts,SAUSAGES,51.45,39.64,85.5,conflict,0.28,,manual_required
2571,17842199,AL KABEER TORTILLA WRAPS PLAIN 8INC 12PCS,Al Kabeer,Tortilla Wraps-Frozen,No Variant,"Frozen Pizzas, Wraps, Sandwiches",570 gm,1,CCCB,CHICKEN BIRYANI 400,400 Gms x 12 Pkts,READY2EAT,52.25,41.94,85.5,conflict,0.03,,manual_required
2574,17842202,AL KABEER CHEESE SPRING ROLLS 240GM/ VEGETABLE SPRING ROLLS 280GM /CHICKEN SPRING ROLLS 280GM,Al Kabeer,Spring Roll-Frozen,No Variant,"Frozen Pizzas, Wraps, Sandwiches",240 gm,1,CCCTM,CHICKEN TIKKA MAKHANI & PILAU RICE,450 Gms x 12 Pkts,READY2EAT,53.5,45.51,85.5,conflict,0.48,,manual_required
2575,17842202,AL KABEER CHEESE SPRING ROLLS 240GM/ VEGETABLE SPRING ROLLS 280GM /CHICKEN SPRING ROLLS 280GM,Al Kabeer,Spring Roll-Frozen,No Variant,"Frozen Pizzas, Wraps, Sandwiches",280 gm,1,CCCTM,CHICKEN TIKKA MAKHANI & PILAU RICE,450 Gms x 12 Pkts,READY2EAT,53.5,45.51,85.5,conflict,0.48,,manual_required
2577,17842590,AL KABEER CHICKEN POPCORN 750GM,Al Kabeer,Chicken Popcorn-Frozen,No Variant,Marinated & Breaded,750 gm,1,CKJCNA,JUMBO CHICKEN NUGGETS,1 Kgs x 5 Pkts,NUGGETS,52.67,43.14,85.5,conflict,0.25,,manual_required
2578,17842591,Al Kabeer Zing Chicken Strips Non Spicy 750gm,Al Kabeer,Chicken Strips-Frozen,No Variant,Zing,750 gm,1,CKN,CHICKEN NUGGETS,270 Gms x 20 Pkts,NUGGETS,54.89,49.46,85.5,conflict,2.99,,manual_required
2579,17842593,AL KABEER ZING CHICKEN STRIPS 750GM+CHICKEN NUGGETS 750GM FREE,Al Kabeer,Chicken Strips-Frozen,Spicy,Zing,750 gm,1,CCCB,CHICKEN BIRYANI 400,400 Gms x 12 Pkts,READY2EAT,53.89,46.6,85.5,conflict,1.06,,manual_required
2581,17842596,AL KABEER ZING CHICKEN FILLET NON SPICY 750GM + BREADED CHICKEN FILLET HOT AND SPICY 750GM FREE,Al Kabeer,Chicken Fillets-Frozen,No Variant,Marinated & Breaded,750 gm,1,CCCTM,CHICKEN TIKKA MAKHANI & PILAU RICE,450 Gms x 12 Pkts,READY2EAT,54.54,48.48,85.5,conflict,1.79,,manual_required
2582,17842596,AL KABEER ZING CHICKEN FILLET NON SPICY 750GM + BREADED CHICKEN FILLET HOT AND SPICY 750GM FREE,Al Kabeer,Chicken Fillets-Frozen,Hot & Spicy,Marinated & Breaded,750 gm,1,CCCTM,CHICKEN TIKKA MAKHANI & PILAU RICE,450 Gms x 12 Pkts,READY2EAT,54.85,49.35,85.5,conflict,1.29,,manual_required
2583,17842597,Al Kabeer Krazee Chicken Nuggets 750gm,Al Kabeer,Chicken Nuggets-Frozen,No Variant,Marinated & Breaded,750 gm,1,CFB,BEEF FRANKS,454 Gms x 20 Pkts,SAUSAGES,52.41,42.37,85.5,conflict,0.06,,manual_required
2590,17843065,Al Kabeer ZING CHICKEN STRIPS NON SPICY 750GM,Al Kabeer,Chicken Strips-Frozen,No Variant,Zing,750 gm,1,CKN,CHICKEN NUGGETS,270 Gms x 20 Pkts,NUGGETS,54.89,49.46,85.5,conflict,2.99,,manual_required
2600,17843076,AL KABEER KRAZEE CHICKEN CHICKEN FILLET HOT 750GM NUGGETS/BREADED,Al Kabeer,Chicken Nuggets-Frozen,No Variant,Marinated & Breaded,750 gm,1,BF,BEEF TENDERLOIN/FILLET,20 KGS,MEAT-INDIAN-TRD,54.59,48.61,85.5,conflict,0.43,,manual_required
2601,17843076,AL KABEER KRAZEE CHICKEN CHICKEN FILLET HOT 750GM NUGGETS/BREADED,Al Kabeer,Chicken Fillets-Frozen,No Variant,Marinated & Breaded,750 gm,1,CCCTM,CHICKEN TIKKA MAKHANI & PILAU RICE,450 Gms x 12 Pkts,READY2EAT,54.2,47.5,85.5,conflict,0.05,,manual_required
2604,17844164,Al Kabeer Zing Chicken Strips Non Spicy 750gm,Al Kabeer,Chicken Strips-Frozen,No Variant,Zing,750 gm,1,CKN,CHICKEN NUGGETS,270 Gms x 20 Pkts,NUGGETS,54.89,49.46,85.5,conflict,2.99,,manual_required
2605,17844233,Al Kabeer Stuffed Felafel (750g),Al Kabeer,Falafel-Frozen,Stuffed,"Frozen Pizzas, Wraps, Sandwiches",750 gm,1,CFB,BEEF FRANKS,454 Gms x 20 Pkts,SAUSAGES,51.31,39.25,85.5,conflict,1.24,,manual_required
2612,17845932,AL KABEER CHICKEN POPCORN 750G,Al Kabeer,Chicken Popcorn-Frozen,No Variant,Marinated & Breaded,750 gm,1,CKJCNA,JUMBO CHICKEN NUGGETS,1 Kgs x 5 Pkts,NUGGETS,53.13,44.44,85.5,conflict,0.65,,manual_required
2617,17847812,Al Kabeer Mixed Veg / Green Peas 900 gm,Al Kabeer,Mix Vegetables-Frozen,No Variant,Frozen Vegetables,900 gm,1,CFBJ,JUMBO HOTDOGS,400 Gms x 20 Pkts,SAUSAGES,51.83,40.74,85.5,conflict,0.39,,manual_required
2618,17847812,Al Kabeer Mixed Veg / Green Peas 900 gm,Al Kabeer,Green/Garden Peas-Frozen,No Variant,Frozen Vegetables,900 gm,1,CFBF,BREADED FISH FILLET,330 Gms x 20 Pkts,FILLETS,52.28,42.02,85.5,conflict,0.58,,manual_required
2623,17847818,Al Kabeer Zing Chicken Strips/Popcorn 750gm,Al Kabeer,Chicken Strips-Frozen,No Variant,Zing,750 gm,1,CKSAA,CHICKEN SAMOSAS BULK,1.2 Kgs x 4 Pkts,SAMOSA,53.52,45.54,85.5,conflict,0.79,,manual_required
2632,17849812,Al Kabeer Waffle Fries 750gm,Al Kabeer,Crisscut Fries-Frozen,No Variant,Frozen Fries & Onion Rings,750 gm,1,CFBF,BREADED FISH FILLET,330 Gms x 20 Pkts,FILLETS,52.04,41.32,85.5,conflict,1.22,,manual_required
2634,17849816,Al Kabeer Green Peas/Vegetables Mixed 900gm,Al Kabeer,Green/Garden Peas-Frozen,No Variant,Frozen Vegetables,900 gm,1,CFB,BEEF FRANKS,454 Gms x 20 Pkts,SAUSAGES,51.83,40.74,85.5,conflict,0.02,,manual_required
2635,17849816,Al Kabeer Green Peas/Vegetables Mixed 900gm,Al Kabeer,Mix Vegetables-Frozen,No Variant,Frozen Vegetables,900 gm,1,CFBJ,JUMBO HOTDOGS,400 Gms x 20 Pkts,SAUSAGES,51.97,41.12,85.5,conflict,0.0,,manual_required
2636,17849817,Al Kabeer Stuffed Felafel 750g,Al Kabeer,Falafel-Frozen,Stuffed,"Frozen Pizzas, Wraps, Sandwiches",750 gm,1,CFB,BEEF FRANKS,454 Gms x 20 Pkts,SAUSAGES,51.31,39.25,85.5,conflict,1.24,,manual_required
2642,17851467,Al Kabeer CHICKENBURGER 840 GM,Al Kabeer,Chicken Burger-Frozen,Unbreaded,Frozen Burger,840 gm,1,CKZSCKNP,Zing Strips Non Spicy + Free Chicken Nuggets Combo Pack,(750 g.+750 g.) x 4,STRIPS,53.25,44.8,85.5,conflict,0.46,,manual_required
2644,17853632,Al Kabeer Stuffed Felafel 750gm,Al Kabeer,Falafel-Frozen,Stuffed,"Frozen Pizzas, Wraps, Sandwiches",750 gm,1,CFB,BEEF FRANKS,454 Gms x 20 Pkts,SAUSAGES,51.58,40.0,85.5,conflict,1.22,,manual_required
2654,17861669,Al Kabeer Hot & Spicy/Shish Tawook 240g/Arabic Kofta 300 gm ,Al Kabeer,Shish/Sheesh Tawook-Frozen,No Variant,Marinated & Breaded,240 gm,1,CCKSHA,CHICKEN STICK BULK HOT & SPICY,1 kg x 5 Pkts,STICKS & FINGERS,53.8,46.36,85.5,conflict,0.73,,manual_required
2657,17861920,Al Kabeer Tender Chicken Breast 1kg,Al Kabeer,Chicken Breast-Frozen,No Variant,Frozen Chicken Parts,1000 gm,1,CBBO,4 BEEF BURGERS,200 Gms x 30 Pkt,BURGERS,51.86,40.82,85.5,conflict,0.01,,manual_required
2670,17931296,Al Kabeer chicken zinger fillet norml\spicy 750gm,Al Kabeer,Chicken Fillets-Frozen,No Variant,Zing,750 gm,1,CKCKB,CHICKEN BURGERS 56 g,840 g. x 9,BURGERS,51.89,40.91,85.5,conflict,0.9,,manual_required
2677,17967778,AL KABEER BREADED CHICKEN FILLET/NUGGETS/CRAZY NUGGETS 750GM,Al Kabeer,Chicken Fillets-Frozen,No Variant,Marinated & Breaded,750 gm,1,CCF,CHICKEN FRIES,12 PKTS X 400 GRM,POP-CORN & CHICKEN FRIES,53.89,46.62,85.5,conflict,0.13,,manual_required
2678,17967778,AL KABEER BREADED CHICKEN FILLET/NUGGETS/CRAZY NUGGETS 750GM,Al Kabeer,Chicken Nuggets-Frozen,No Variant,Marinated & Breaded,750 gm,1,CCF,CHICKEN FRIES,12 PKTS X 400 GRM,POP-CORN & CHICKEN FRIES,54.38,48.0,85.5,conflict,0.18,,manual_required
2683,17968297,AL-KABEER ZING CHICKEN FILLET (N/SPC) 750GM,Al Kabeer,Chicken Fillets-Frozen,No Variant,Zing,750 gm,1,CKSAPR,AK PRO CHICKEN SAMOSA,4 X 1.2 KGS,SAMOSA,53.21,44.66,85.5,conflict,0.38,,manual_required
2694,17978359,"AL KABEER MIXED VEGETABLES, 900 GRAMS",Al Kabeer,Mix Vegetables-Frozen,No Variant,Frozen Vegetables,900 gm,1,CFBJ,JUMBO HOTDOGS,400 Gms x 20 Pkts,SAUSAGES,51.88,40.86,85.5,conflict,0.3,,manual_required
2695,17978363,"AL KABEER CHICKEN OR VEGETABLE SPRING ROLLS, 280 GRAMS",Al Kabeer,Spring Roll-Frozen,No Variant,"Frozen Pizzas, Wraps, Sandwiches",280 gm,1,CCF,CHICKEN FRIES,12 PKTS X 400 GRM,POP-CORN & CHICKEN FRIES,53.25,44.78,85.5,conflict,0.12,,manual_required
2696,17978364,"AL KABEER ZING CHICKEN STRIPS REGU- LAR OR SPICY, 750 GRAMS",Al Kabeer,Chicken Strips-Frozen,No Variant,Zing,750 gm,1,CKBT,TAYEBAT CHICKEN BURGER,1 Kgs x 9 Pkts,BURGERS,54.6,48.65,85.5,conflict,2.22,,manual_required
2697,17978364,"AL KABEER ZING CHICKEN STRIPS REGU- LAR OR SPICY, 750 GRAMS",Al Kabeer,Chicken Strips-Frozen,Spicy,Zing,750 gm,1,CKCKB,CHICKEN BURGERS 56 g,840 g. x 9,BURGERS,54.87,49.41,85.5,conflict,1.39,,manual_required
2701,17979147,AL KABEER CHICKEN POPCORN 750G,Al Kabeer,Chicken Popcorn-Frozen,No Variant,Marinated & Breaded,750 gm,1,CKJCNA,JUMBO CHICKEN NUGGETS,1 Kgs x 5 Pkts,NUGGETS,53.13,44.44,85.5,conflict,0.65,,manual_required
2707,17981741,AL KABEER CHICKEN POP CORN OR ZING CHICK- EN STRIPS 750GM,Al Kabeer,Chicken Strips-Frozen,No Variant,Zing,750 gm,1,CCSAK,12 CHEESE SAMOSAS,240 Gms x 20 Pkts,SAMOSA,51.1,38.66,85.5,conflict,0.17,,manual_required
2709,17981747, Al Kabeer CHICKEN NUGGETOR KRAZEE CH NUGGETS 750g,Al Kabeer,Chicken Nuggets-Frozen,No Variant,Marinated & Breaded,750 gm,1,CCCB,CHICKEN BIRYANI 400,400 Gms x 12 Pkts,READY2EAT,53.85,46.51,85.5,conflict,0.91,,manual_required
2728,17986200,Al Kabeer Zing Chicken Strips Sriracha/ Chicken Strips Smoked Buffalo 700gm,Al Kabeer,Chicken Strips-Frozen,No Variant,Zing,700 gm,1,CCF,CHICKEN FRIES,12 PKTS X 400 GRM,POP-CORN & CHICKEN FRIES,54.19,47.46,85.5,conflict,0.5,,manual_required
2732,17987327,AL KABEER ZING CHICKEN STRIPS 750GM + CHICKEN NUGGETS 750GM FREE,Al Kabeer,Chicken Strips-Frozen,No Variant,Zing,750 gm,1,CCKSB,CHICKEN STICKS BULK,1 Kgs x 5 Pkts,STICKS & FINGERS,53.36,45.1,85.5,conflict,0.23,,manual_required
2736,17988552,Al Kabeer Nuggets / Breaded Chicken Fillet 750g,Al Kabeer,Chicken Nuggets-Frozen,No Variant,Marinated & Breaded,750 gm,1,CFBF,BREADED FISH FILLET,330 Gms x 20 Pkts,FILLETS,54.94,49.6,85.5,conflict,0.33,,manual_required
2742,17997991,Al Kabeer Zing Chicken Strips Spicy/Plain 750gm,Al Kabeer,Chicken Strips-Frozen,No Variant,Zing,750 gm,1,CKCKB,CHICKEN BURGERS 56 g,840 g. x 9,BURGERS,51.89,40.91,85.5,conflict,0.32,,manual_required
2749,17997999,Al Kabeer Zing Chicken Fillets/ Nuggets 750/700gm,Al Kabeer,Chicken Fillets-Frozen,Spicy,Zing,700 gm,1,CBBO,4 BEEF BURGERS,200 Gms x 30 Pkt,BURGERS,53.05,44.21,85.5,conflict,0.19,,manual_required
2750,17997999,Al Kabeer Zing Chicken Fillets/ Nuggets 750/700gm,Al Kabeer,Chicken Nuggets-Frozen,Spicy,Zing,750 gm,1,CBBO,4 BEEF BURGERS,200 Gms x 30 Pkt,BURGERS,53.05,44.21,85.5,conflict,0.19,,manual_required
2754,17999203,Al Kabeer Krazee Chicken Nuggets 750gm,Al Kabeer,Chicken Nuggets-Frozen,No Variant,Marinated & Breaded,750 gm,1,CFB,BEEF FRANKS,454 Gms x 20 Pkts,SAUSAGES,52.41,42.37,85.5,conflict,0.06,,manual_required
2766,18002004,AL KABEER TORTILLA WRAPS PLAIN 8INC 12PCS,Al Kabeer,Tortilla Wraps-Frozen,No Variant,"Frozen Pizzas, Wraps, Sandwiches",570 gm,1,CCCB,CHICKEN BIRYANI 400,400 Gms x 12 Pkts,READY2EAT,52.25,41.94,85.5,conflict,0.03,,manual_required
2769,18002007,Al Kabeer Punjabi Samosas 450gm/ VEGETABLE SPRING ROLLS 280 GM,Al Kabeer,Spring Roll-Frozen,No Variant,"Frozen Pizzas, Wraps, Sandwiches",280 gm,1,CCSAK,12 CHEESE SAMOSAS,240 Gms x 20 Pkts,SAMOSA,52.04,41.33,85.5,conflict,0.3,,manual_required
2770,18002007,Al Kabeer Punjabi Samosas 450gm/ VEGETABLE SPRING ROLLS 280 GM,Al Kabeer,Samosa-Frozen,Punjabi,"Frozen Pizzas, Wraps, Sandwiches",450 gm,1,CCSAK,12 CHEESE SAMOSAS,240 Gms x 20 Pkts,SAMOSA,54.95,49.65,85.5,conflict,0.78,,manual_required
2771,18002008,AL KABEER GREEN PEAS/MIX VEGETABLE 900GM,Al Kabeer,Green/Garden Peas-Frozen,No Variant,Frozen Vegetables,900 gm,1,CFBF,BREADED FISH FILLET,330 Gms x 20 Pkts,FILLETS,51.46,39.68,85.5,conflict,0.24,,manual_required
2772,18002008,AL KABEER GREEN PEAS/MIX VEGETABLE 900GM,Al Kabeer,Mix Vegetables-Frozen,No Variant,Frozen Vegetables,900 gm,1,CFBJ,JUMBO HOTDOGS,400 Gms x 20 Pkts,SAUSAGES,51.45,39.64,85.5,conflict,0.28,,manual_required
2773,18002009,AL KABEER VEGETABLE SPRING ROLLS /CHICKEN SPRING ROLLS 240GM,Al Kabeer,Spring Roll-Frozen,No Variant,"Frozen Pizzas, Wraps, Sandwiches",240 gm,1,CCF,CHICKEN FRIES,12 PKTS X 400 GRM,POP-CORN & CHICKEN FRIES,53.77,46.27,85.5,conflict,0.04,,manual_required
2779,18002306,Al Kabeer ZING CHICKEN STRIPS NON SPICY 750GM,Al Kabeer,Chicken Strips-Frozen,No Variant,Marinated & Breaded,750 gm,1,CCKSB,CHICKEN STICKS BULK,1 Kgs x 5 Pkts,STICKS & FINGERS,54.93,49.59,85.5,conflict,1.92,,manual_required
2795,18002679,Al Kabeer KRAZEE CHICKEN NUGGETS/BREADED CHICKEN FILLET HOT 750 GM,Al Kabeer,Chicken Nuggets-Frozen,No Variant,Marinated & Breaded,750 gm,1,CCCTM,CHICKEN TIKKA MAKHANI & PILAU RICE,450 Gms x 12 Pkts,READY2EAT,54.49,48.32,85.5,conflict,0.03,,manual_required
2796,18002679,Al Kabeer KRAZEE CHICKEN NUGGETS/BREADED CHICKEN FILLET HOT 750 GM,Al Kabeer,Chicken Fillets-Frozen,No Variant,Marinated & Breaded,750 gm,1,CCCTM,CHICKEN TIKKA MAKHANI & PILAU RICE,450 Gms x 12 Pkts,READY2EAT,54.52,48.41,85.5,conflict,0.5,,manual_required
2798,18003753,Al Kabeer chicken strips 750g + krazy nuggets 750g or zing strips 750g+nuggets 750g FROZEN,Al Kabeer,Chicken Strips-Frozen,No Variant,Zing,750 gm,1,CCKSB,CHICKEN STICKS BULK,1 Kgs x 5 Pkts,STICKS & FINGERS,54.57,48.54,85.5,conflict,0.14,,manual_required
2808,18019075,AL KABEER ZING CHICKEN FILLET/STRIPS 750 GM,Al Kabeer,Chicken Fillets-Frozen,No Variant,Zing,750 gm,1,CKSK,SHISH KEBAB,600 Gms x 12 Pkts,KEBAB,53.13,44.44,85.5,conflict,0.31,,manual_required
2809,18019075,AL KABEER ZING CHICKEN FILLET/STRIPS 750 GM,Al Kabeer,Chicken Strips-Frozen,No Variant,Zing,750 gm,1,CKSK,SHISH KEBAB,600 Gms x 12 Pkts,KEBAB,53.73,46.15,85.5,conflict,0.35,,manual_required
2812,18035718,Al Kabeer Zing Strps Non Spicy 750Gm+Chicken Nuggets 750Gm,Al Kabeer,Chicken Strips-Frozen,No Variant,Zing,750 gm,1,CCCB,CHICKEN BIRYANI 400,400 Gms x 12 Pkts,READY2EAT,53.46,45.38,85.5,conflict,1.77,,manual_required
2816,18040398,Al Kabeer Zing Chicken Nuggets/Pop corn 750 gm,Al Kabeer,Chicken Nuggets-Frozen,Spicy,Zing,750 gm,1,CKSK,SHISH KEBAB,600 Gms x 12 Pkts,KEBAB,54.09,47.19,85.5,conflict,0.36,,manual_required
2817,18040398,Al Kabeer Zing Chicken Nuggets/Pop corn 750 gm,Al Kabeer,Chicken Popcorn-Frozen,No Variant,Marinated & Breaded,750 gm,1,CCKSB,CHICKEN STICKS BULK,1 Kgs x 5 Pkts,STICKS & FINGERS,53.69,46.03,85.5,conflict,0.73,,manual_required
2818,18051453,Al Kabeer Chicken Pop-Corn 1000g,Al Kabeer,Chicken Popcorn-Frozen,No Variant,Marinated & Breaded,1 kg,1,CBBAGPR,AK PRO BEEF BURGER 24,1.392 kg x 6 Pkts,BURGERS,52.54,42.75,85.5,conflict,1.2,,manual_required
2838,18075922,Al Kabeer Assorted (Zing Chicken Strips-Spicy/Non Spicy & Zing Chicken Fillets-Spley / Non Spley) 750g,Al Kabeer,Chicken Strips-Frozen,No Variant,Marinated & Breaded,750 gm,1,CCKSHA,CHICKEN STICK BULK HOT & SPICY,1 kg x 5 Pkts,STICKS & FINGERS,54.96,49.68,85.5,conflict,0.72,,manual_required
2853,18108554,Al Kabeer krazee Chicken nuggets 750gm,Al Kabeer,Chicken Nuggets-Frozen,No Variant,Marinated & Breaded,750 gm,1,CFB,BEEF FRANKS,454 Gms x 20 Pkts,SAUSAGES,52.41,42.37,85.5,conflict,0.06,,manual_required
2854,18108555,Al Kabeer Pop Corn Chicken 750gm,Al Kabeer,Chicken Popcorn-Frozen,No Variant,Marinated & Breaded,750 gm,1,CKCKB,CHICKEN BURGERS 56 g,840 g. x 9,BURGERS,51.89,40.91,85.5,conflict,0.44,,manual_required
2856,18108559,Al Kabeer chicken zinger fillet\spicy 750gm,Al Kabeer,Chicken Fillets-Frozen,No Variant,Zing,750 gm,1,CKSAA,CHICKEN SAMOSAS BULK,1.2 Kgs x 4 Pkts,SAMOSA,52.31,42.11,85.5,conflict,0.1,,manual_required
2873,18120030,Al Kabeer Chicken Popcorn 750g,Al Kabeer,Chicken Popcorn-Frozen,No Variant,Marinated & Breaded,750 gm,1,CKJCNA,JUMBO CHICKEN NUGGETS,1 Kgs x 5 Pkts,NUGGETS,53.13,44.44,85.5,conflict,0.65,,manual_required
2883,18138687,AL-KABEER ZING CHICKEN FILLET (N/SPC) 750 GM,Al Kabeer,Chicken Fillets-Frozen,No Variant,Zing,750 gm,1,CKSAPR,AK PRO CHICKEN SAMOSA,4 X 1.2 KGS,SAMOSA,52.97,44.0,85.5,conflict,0.4,,manual_required
2893,18144288,AL KABEER BREADED CHICKEN FILLET 750KG,Al Kabeer,Chicken Fillets-Frozen,Hot & Spicy,Marinated & Breaded,750 gm,1,CCCB,CHICKEN BIRYANI 400,400 Gms x 12 Pkts,READY2EAT,53.46,45.38,85.5,conflict,0.88,,manual_required
2914,18149319,Al Kabeer French Fries (2.5kg),Al Kabeer,French Fries-Frozen,No Variant,Frozen Fries & Onion Rings,2.5 kg,1,CFBFA,BREADED FISH FILLET BULK,1 Kgs x 5 Pkts,FILLETS,52.24,41.9,85.5,conflict,0.08,,manual_required
2922,18149345,Al Kabeer Chicken Spring Roll 8's (280g)/Vegetables Spring Roll 8's (240g),Al Kabeer,Spring Roll-Frozen,No Variant,"Frozen Pizzas, Wraps, Sandwiches",240 gm,1,CCCTM,CHICKEN TIKKA MAKHANI & PILAU RICE,450 Gms x 12 Pkts,READY2EAT,54.18,47.44,85.5,conflict,0.41,,manual_required
2923,18149345,Al Kabeer Chicken Spring Roll 8's (280g)/Vegetables Spring Roll 8's (240g),Al Kabeer,Spring Roll-Frozen,No Variant,"Frozen Pizzas, Wraps, Sandwiches",280 gm,1,CCCTM,CHICKEN TIKKA MAKHANI & PILAU RICE,450 Gms x 12 Pkts,READY2EAT,54.18,47.44,85.5,conflict,0.41,,manual_required
2925,18151235,AL KABEER ZING CHICKEN STRIPS NON SPICY 750G,Al Kabeer,Chicken Strips-Frozen,No Variant,Zing,750 gm,1,CKSAA,CHICKEN SAMOSAS BULK,1.2 Kgs x 4 Pkts,SAMOSA,53.67,46.0,85.5,conflict,1.52,,manual_required
2928,18151238,AL KABEER ZING CHICKEN FILLETS NON SPICY 750G,Al Kabeer,Chicken Fillets-Frozen,No Variant,Zing,750 gm,1,CKJCNA,JUMBO CHICKEN NUGGETS,1 Kgs x 5 Pkts,NUGGETS,53.55,45.65,85.5,conflict,1.03,,manual_required
2929,18151239,AL KABEER PANEER CUBES 500G,Al Kabeer,Paneer,No Variant,Paneer,500 gm,1,CKCCR,CHICKEN ‘N’ CHEESE RINGS 300,300 gms x 12 pkts,POP-CORN & CHICKEN FRIES,52.03,41.3,85.5,conflict,0.12,,manual_required
2930,18151240,AL KABEER ZING CHICKEN FILLETS SPICY 750G,Al Kabeer,Chicken Fillets-Frozen,No Variant,Zing,750 gm,1,CKSK,SHISH KEBAB,600 Gms x 12 Pkts,KEBAB,53.73,46.15,85.5,conflict,0.35,,manual_required
2932,18151242,AL KABEER CHICKEN 'N' CHEESE RINGS 300G,Al Kabeer,Chicken Cheese Stick-Frozen,No Variant,Frozen Barbeque Products,300 gm,1,CCSRA,8 CHEESE SPRING ROLLS,240 Gms x 20 Pkts,SPRING ROLL,54.51,48.39,85.5,conflict,0.21,,manual_required
2945,18155117,Al Kabeer Zing Chckn Filets NonSpicy 750g,Al Kabeer,Chicken Fillets-Frozen,No Variant,Zing,750 gm,1,CKSAPR,AK PRO CHICKEN SAMOSA,4 X 1.2 KGS,SAMOSA,52.35,42.2,85.5,conflict,0.38,,manual_required
2950,18159017,Al Kabeer Zing Chicken Strips/fillet/Popcorn 750g,Al Kabeer,Chicken Strips-Frozen,No Variant,Zing,750 gm,1,CKJCNA,JUMBO CHICKEN NUGGETS,1 Kgs x 5 Pkts,NUGGETS,52.89,43.75,85.5,conflict,0.26,,manual_required
2951,18159017,Al Kabeer Zing Chicken Strips/fillet/Popcorn 750g,Al Kabeer,Chicken Fillets-Frozen,No Variant,Zing,750 gm,1,CKCKB,CHICKEN BURGERS 56 g,840 g. x 9,BURGERS,52.13,41.58,85.5,conflict,0.42,,manual_required
2952,18159019,Al Kabeer Waffle Fries 750g,Al Kabeer,Crisscut Fries-Frozen,No Variant,Frozen Fries & Onion Rings,750 gm,1,CFBF,BREADED FISH FILLET,330 Gms x 20 Pkts,FILLETS,52.41,42.37,85.5,conflict,1.37,,manual_required
2955,18159021,Al Kabeer Mixed Veg / Green Peas 900g,Al Kabeer,Mix Vegetables-Frozen,No Variant,Frozen Vegetables,900 gm,1,CFBJ,JUMBO HOTDOGS,400 Gms x 20 Pkts,SAUSAGES,51.83,40.74,85.5,conflict,0.39,,manual_required
2956,18159021,Al Kabeer Mixed Veg / Green Peas 900g,Al Kabeer,Green/Garden Peas-Frozen,No Variant,Frozen Vegetables,900 gm,1,CFBF,BREADED FISH FILLET,330 Gms x 20 Pkts,FILLETS,52.28,42.02,85.5,conflict,0.58,,manual_required
2960,18159028,Al Kabeer Stuffed felafal 750g,Al Kabeer,Falafel-Frozen,Stuffed,"Frozen Pizzas, Wraps, Sandwiches",750 gm,1,CFB,BEEF FRANKS,454 Gms x 20 Pkts,SAUSAGES,51.31,39.25,85.5,conflict,1.47,,manual_required
2966,18160316,Al Kabeer Zing Chicken Fillet Spicy 750gm,Al Kabeer,Chicken Fillets-Frozen,No Variant,Zing,750 gm,1,CKSAPR,AK PRO CHICKEN SAMOSA,4 X 1.2 KGS,SAMOSA,53.21,44.66,85.5,conflict,0.38,,manual_required
2975,18161687,Al Kabeer Waffle Fries 750gm,Al Kabeer,Crisscut Fries-Frozen,No Variant,Frozen Fries & Onion Rings,750 gm,1,CFBF,BREADED FISH FILLET,330 Gms x 20 Pkts,FILLETS,52.04,41.32,85.5,conflict,1.22,,manual_required
2978,18161693,Al Kabeer Stuffed Felafel 750g,Al Kabeer,Falafel-Frozen,Stuffed,"Frozen Pizzas, Wraps, Sandwiches",750 gm,1,CFB,BEEF FRANKS,454 Gms x 20 Pkts,SAUSAGES,51.31,39.25,85.5,conflict,1.24,,manual_required
2979,18161694,Al Kabeer Green Peas/Mixed Vege 900gm,Al Kabeer,Mix Vegetables-Frozen,No Variant,Frozen Vegetables,900 gm,1,CFBJ,JUMBO HOTDOGS,400 Gms x 20 Pkts,SAUSAGES,51.33,39.29,85.5,conflict,0.02,,manual_required
2980,18161694,Al Kabeer Green Peas/Mixed Vege 900gm,Al Kabeer,Green/Garden Peas-Frozen,No Variant,Frozen Vegetables,900 gm,1,CFBF,BREADED FISH FILLET,330 Gms x 20 Pkts,FILLETS,51.8,40.65,85.5,conflict,0.6,,manual_required
2996,18162446,Al Kabeer Paneer Cubes 500gm,Al Kabeer,Paneer,No Variant,Paneer,500 gm,1,CKBBTY,TAYEBAT BREADED CHICKEN BURGERS 840 g. x 8 Pkts,840 g. x 8 Pkts,BURGERS,52.23,41.86,85.5,conflict,0.65,,manual_required
3007,18174288,KRAZEE CHICKEN NUGGETS/BREADED CHICKEN FILLET HOT 750 GM,Al Kabeer,Chicken Fillets-Frozen,No Variant,Marinated & Breaded,750 gm,1,CCCTM,CHICKEN TIKKA MAKHANI & PILAU RICE,450 Gms x 12 Pkts,READY2EAT,54.52,48.41,85.5,conflict,0.5,,manual_required
3008,18174288,KRAZEE CHICKEN NUGGETS/BREADED CHICKEN FILLET HOT 750 GM,Al Kabeer,Chicken Nuggets-Frozen,No Variant,Marinated & Breaded,750 gm,1,CCCTM,CHICKEN TIKKA MAKHANI & PILAU RICE,450 Gms x 12 Pkts,READY2EAT,54.49,48.32,85.5,conflict,0.03,,manual_required
3009,18174290,AL KABEER CHICKEN NUGGETS/ BREADED FILLET 750 GM,Al Kabeer,Chicken Nuggets-Frozen,No Variant,Marinated & Breaded,750 gm,1,CFBF,BREADED FISH FILLET,330 Gms x 20 Pkts,FILLETS,54.94,49.6,85.5,conflict,0.33,,manual_required
3015,18174295,AL KABEER ZING CHICKEN STRIPS NON SPICY 750 GM,Al Kabeer,Chicken Strips-Frozen,No Variant,Zing,750 gm,1,CKSAA,CHICKEN SAMOSAS BULK,1.2 Kgs x 4 Pkts,SAMOSA,53.67,46.0,85.5,conflict,1.52,,manual_required
3046,18227309,Al Kabeer Non-Spicy Zing Chicken Fillet 750gm/Zing Chicken Strips Non Spicy 750gm,Al Kabeer,Chicken Fillets-Frozen,No Variant,Zing,750 gm,1,CCKSB,CHICKEN STICKS BULK,1 Kgs x 5 Pkts,STICKS & FINGERS,54.15,47.37,85.5,conflict,1.19,,manual_required
3047,18227309,Al Kabeer Non-Spicy Zing Chicken Fillet 750gm/Zing Chicken Strips Non Spicy 750gm,Al Kabeer,Chicken Strips-Frozen,No Variant,Zing,750 gm,1,CCKSB,CHICKEN STICKS BULK,1 Kgs x 5 Pkts,STICKS & FINGERS,54.74,49.06,85.5,conflict,0.77,,manual_required
3048,18238773,Al Kabeer Chicken Pop-Corn 750g,Al Kabeer,Chicken Popcorn-Frozen,No Variant,Marinated & Breaded,750 gm,1,CKCKB,CHICKEN BURGERS 56 g,840 g. x 9,BURGERS,51.89,40.91,85.5,conflict,0.06,,manual_required
3050,18260394,Al Kabeer chicken zinger fillet\spicy750gm,Al Kabeer,Chicken Fillets-Frozen,No Variant,Zing,750 gm,1,CKSAA,CHICKEN SAMOSAS BULK,1.2 Kgs x 4 Pkts,SAMOSA,52.31,42.11,85.5,conflict,0.1,,manual_required
3052,18260397,Al Kabeer krazee Chicken nuggets 750gm,Al Kabeer,Chicken Nuggets-Frozen,No Variant,Marinated & Breaded,750 gm,1,CFB,BEEF FRANKS,454 Gms x 20 Pkts,SAUSAGES,52.41,42.37,85.5,conflict,0.06,,manual_required
3058,18260484,Al Kabeer Pop Corn Chicken 750gm,Al Kabeer,Chicken Popcorn-Frozen,No Variant,Marinated & Breaded,750 gm,1,CKCKB,CHICKEN BURGERS 56 g,840 g. x 9,BURGERS,51.89,40.91,85.5,conflict,0.44,,manual_required
3061,18271197,Al Kabeer Assorted (Hash Browns 1000g/Potato Bites 1000g/Waffle Fries 750g),Al Kabeer,Crisscut Fries-Frozen,No Variant,Frozen Fries & Onion Rings,750 gm,1,CCF,CHICKEN FRIES,12 PKTS X 400 GRM,POP-CORN & CHICKEN FRIES,53.18,44.59,85.5,conflict,1.41,,manual_required
3075,18279375,AL KABEER Assorted (Hash Browns 1000g / Potato Bites 1000g / Wattle Fries 750g),Al Kabeer,Crisscut Fries-Frozen,No Variant,Frozen Fries & Onion Rings,750 gm,1,CCF,CHICKEN FRIES,12 PKTS X 400 GRM,POP-CORN & CHICKEN FRIES,53.18,44.59,85.5,conflict,1.41,,manual_required
3087,18285811,AL-KABEER ZING CHICKEN FILLET (N/SPC) 750GM,Al Kabeer,Chicken Fillets-Frozen,No Variant,Zing,750 gm,1,CKSAPR,AK PRO CHICKEN SAMOSA,4 X 1.2 KGS,SAMOSA,53.21,44.66,85.5,conflict,0.38,,manual_required
3088,18288975,Al Kabeer Paneer Cubes 200gm,Al Kabeer,Paneer,No Variant,Paneer,200 gm,1,CKCCR,CHICKEN ‘N’ CHEESE RINGS 300,300 gms x 12 pkts,POP-CORN & CHICKEN FRIES,52.31,42.11,85.5,conflict,0.09,,manual_required
3098,18291816,"AL KABEER CHICKEN OR VEGETABLE SPRING ROLLS, 280 GRAMS",Al Kabeer,Spring Roll-Frozen,No Variant,"Frozen Pizzas, Wraps, Sandwiches",280 gm,1,CCF,CHICKEN FRIES,12 PKTS X 400 GRM,POP-CORN & CHICKEN FRIES,53.25,44.78,85.5,conflict,0.12,,manual_required
3099,18291822,"Al Kabeer  MIXED VEGETABLES, 900 GRAMS",Al Kabeer,Mix Vegetables-Frozen,No Variant,Frozen Vegetables,900 gm,1,CFBJ,JUMBO HOTDOGS,400 Gms x 20 Pkts,SAUSAGES,51.88,40.86,85.5,conflict,0.3,,manual_required
3101,18292619,ALKABEER CHICKEN POPCORN 750GM,Al Kabeer,Chicken Popcorn-Frozen,No Variant,Marinated & Breaded,750 gm,1,CKJCNA,JUMBO CHICKEN NUGGETS,1 Kgs x 5 Pkts,NUGGETS,52.67,43.14,85.5,conflict,0.25,,manual_required
3122,18301394,Al Kabeer Nuggets /Krazee/ Breaded Chicken Fillet 750g,Al Kabeer,Chicken Nuggets-Frozen,No Variant,Marinated & Breaded,750 gm,1,CCF,CHICKEN FRIES,12 PKTS X 400 GRM,POP-CORN & CHICKEN FRIES,54.08,47.15,85.5,conflict,0.15,,manual_required
3123,18301394,Al Kabeer Nuggets /Krazee/ Breaded Chicken Fillet 750g,Al Kabeer,Chicken Fillets-Frozen,No Variant,Marinated & Breaded,750 gm,1,CCF,CHICKEN FRIES,12 PKTS X 400 GRM,POP-CORN & CHICKEN FRIES,53.61,45.8,85.5,conflict,0.1,,manual_required
3128,18303108,Al Kabeer Punjabi Samosa 900gm,Al Kabeer,Samosa-Frozen,Punjabi,"Frozen Pizzas, Wraps, Sandwiches",900 gm,1,CCSAK,12 CHEESE SAMOSAS,240 Gms x 20 Pkts,SAMOSA,54.74,49.06,85.5,conflict,1.92,,manual_required
3130,18303347,Al Kabeer Zing Chicken Strips Plain/Spicy 750gm,Al Kabeer,Chicken Strips-Frozen,No Variant,Zing,750 gm,1,CKCKB,CHICKEN BURGERS 56 g,840 g. x 9,BURGERS,51.89,40.91,85.5,conflict,0.32,,manual_required
3131,18303349,Al Kabeer Mixed Vegetables/ Garden Peas 900gm,Al Kabeer,Mix Vegetables-Frozen,No Variant,Frozen Vegetables,900 gm,1,CCCB,CHICKEN BIRYANI 400,400 Gms x 12 Pkts,READY2EAT,52.48,42.59,85.5,conflict,0.0,,manual_required
3132,18303349,Al Kabeer Mixed Vegetables/ Garden Peas 900gm,Al Kabeer,Green/Garden Peas-Frozen,No Variant,Frozen Vegetables,900 gm,1,CFB,BEEF FRANKS,454 Gms x 20 Pkts,SAUSAGES,51.83,40.74,85.5,conflict,0.01,,manual_required
3137,18303354,Al Kabeer Paneer Cubes 200gm,Al Kabeer,Paneer,No Variant,Paneer,200 gm,1,CKCCR,CHICKEN ‘N’ CHEESE RINGS 300,300 gms x 12 pkts,POP-CORN & CHICKEN FRIES,52.31,42.11,85.5,conflict,0.09,,manual_required
3145,18304372,Al Kabeer - Chicken / Kraze Nuggets / Breaded Chicken Fillets 750gm,Al Kabeer,Chicken Nuggets-Frozen,No Variant,Marinated & Breaded,750 gm,1,CCF,CHICKEN FRIES,12 PKTS X 400 GRM,POP-CORN & CHICKEN FRIES,54.24,47.62,85.5,conflict,0.32,,manual_required
3146,18304372,Al Kabeer - Chicken / Kraze Nuggets / Breaded Chicken Fillets 750gm,Al Kabeer,Chicken Fillets-Frozen,No Variant,Marinated & Breaded,750 gm,1,CCF,CHICKEN FRIES,12 PKTS X 400 GRM,POP-CORN & CHICKEN FRIES,54.24,47.62,85.5,conflict,0.32,,manual_required
3156,18306828,Al Kabeer Chicken Nuggets Bulk 750gm,Al Kabeer,Chicken Nuggets-Frozen,No Variant,Marinated & Breaded,750 gm,1,CBBUR,BEEF BURGERS 56 g.,840 g. x 9,BURGERS,52.76,43.4,85.5,conflict,0.19,,manual_required
3157,18306829,Al Kabeer Krazee Chicken Nuggets 750gm,Al Kabeer,Chicken Nuggets-Frozen,No Variant,Marinated & Breaded,750 gm,1,CFB,BEEF FRANKS,454 Gms x 20 Pkts,SAUSAGES,52.41,42.37,85.5,conflict,0.06,,manual_required
3165,18307713,Al Kabeer ZING CHICKEN STRIPS NON SPICY 750GM,Al Kabeer,Chicken Strips-Frozen,No Variant,Zing,750 gm,1,CKN,CHICKEN NUGGETS,270 Gms x 20 Pkts,NUGGETS,54.89,49.46,85.5,conflict,2.99,,manual_required
3191,18316691,Al Kabeer Mixed Vegetable 900Gm,Al Kabeer,Mix Vegetables-Frozen,No Variant,Frozen Vegetables,900 gm,1,CFBJ,JUMBO HOTDOGS,400 Gms x 20 Pkts,SAUSAGES,52.1,41.51,85.5,conflict,1.07,,manual_required
3201,18321301,Al Kabeer krazee chicken nuggets 750g FROZEN,Al Kabeer,Chicken Nuggets-Frozen,No Variant,Marinated & Breaded,750 gm,1,CCKSB,CHICKEN STICKS BULK,1 Kgs x 5 Pkts,STICKS & FINGERS,53.97,46.85,85.5,conflict,0.24,,manual_required
3202,18326817,Al Kabeer Krazee Nuggets 2x400gm,Al Kabeer,Chicken Nuggets-Frozen,No Variant,Marinated & Breaded,2x400 gm,1,CFB,BEEF FRANKS,454 Gms x 20 Pkts,SAUSAGES,53.07,44.26,85.5,conflict,0.41,,manual_required
3209,18329274,Al Kabeer Chicken Popcorn 750gm/Zing Chicken Nuggets Non-Spicy 750gm,Al Kabeer,Chicken Nuggets-Frozen,No Variant,Zing,750 gm,1,CCF,CHICKEN FRIES,12 PKTS X 400 GRM,POP-CORN & CHICKEN FRIES,54.92,49.56,85.5,conflict,1.14,,manual_required
3210,18331793,Al Kabeer Paneer Cubes 500gm,Al Kabeer,Paneer,No Variant,Paneer,500 gm,1,CKBBTY,TAYEBAT BREADED CHICKEN BURGERS 840 g. x 8 Pkts,840 g. x 8 Pkts,BURGERS,52.23,41.86,85.5,conflict,0.65,,manual_required
3215,18331801,Al Kabeer Krazee Chicken Nuggets 750gm,Al Kabeer,Chicken Nuggets-Frozen,No Variant,Marinated & Breaded,750 gm,1,CFB,BEEF FRANKS,454 Gms x 20 Pkts,SAUSAGES,52.41,42.37,85.5,conflict,0.06,,manual_required
3216,18344612,Al Kabeer Chicken Popcorn 750gm/Zing Chicken Nuggets Non-Spicy 750gm,Al Kabeer,Chicken Nuggets-Frozen,No Variant,Zing,750 gm,1,CCF,CHICKEN FRIES,12 PKTS X 400 GRM,POP-CORN & CHICKEN FRIES,54.92,49.56,85.5,conflict,1.14,,manual_required
3219,18349676,Al Kabeer Zing Chicken Srips reg/spicy 750GM,Al Kabeer,Chicken Strips-Frozen,No Variant,Zing,750 gm,1,CKSAA,CHICKEN SAMOSAS BULK,1.2 Kgs x 4 Pkts,SAMOSA,53.63,45.87,85.5,conflict,0.72,,manual_required
3228,18368147,Al Kabeer Chicken Popcorn 750gm/Zing Chicken Nuggets Non-Spicy 750gm,Al Kabeer,Chicken Nuggets-Frozen,No Variant,Zing,750 gm,1,CCF,CHICKEN FRIES,12 PKTS X 400 GRM,POP-CORN & CHICKEN FRIES,54.92,49.56,85.5,conflict,1.14,,manual_required
3238,18383788,Al Kabeer Krazy Chicken Nuggets 750g,Al Kabeer,Chicken Nuggets-Frozen,No Variant,Marinated & Breaded,750 gm,1,CFB,BEEF FRANKS,454 Gms x 20 Pkts,SAUSAGES,52.31,42.11,85.5,conflict,0.06,,manual_required
3239,18383789,Al Kabeer delicious chicken fillet 750g,Al Kabeer,Chicken Fillets-Frozen,No Variant,Zing,750 gm,1,CKSAPR,AK PRO CHICKEN SAMOSA,4 X 1.2 KGS,SAMOSA,52.38,42.31,85.5,conflict,0.4,,manual_required
3243,18404050,Alkabeer wafle fries 750gm,Al Kabeer,Crisscut Fries-Frozen,No Variant,Frozen Fries & Onion Rings,750 gm,1,CFBF,BREADED FISH FILLET,330 Gms x 20 Pkts,FILLETS,52.16,41.67,85.5,conflict,1.22,,manual_required
3244,18404051,Alkabeer seasoned wedges 750gm,Al Kabeer,Potato Wedges-Frozen,No Variant,Frozen Fries & Onion Rings,750 gm,1,CFB,BEEF FRANKS,454 Gms x 20 Pkts,SAUSAGES,52.41,42.37,85.5,conflict,0.06,,manual_required
3246,18404053,Alkabeer chicken cheese rings 300gm,Al Kabeer,Chicken Cheese Stick-Frozen,No Variant,Frozen Barbeque Products,300 gm,1,CCSRA,8 CHEESE SPRING ROLLS,240 Gms x 20 Pkts,SPRING ROLL,54.94,49.6,85.5,conflict,0.17,,manual_required
3255,18405096,Al Kabeer Green Peas 900Gm,Al Kabeer,Green/Garden Peas-Frozen,No Variant,Frozen Vegetables,900 gm,1,VPAN,PANEER CUBES,200 gm x 20 Pkts,TRADING-VEG,53.52,45.54,85.5,conflict,1.53,,manual_required
3256,18405097,Al Kabeer Paneer Cube 200Gm,Al Kabeer,Paneer,No Variant,Paneer,200 gm,1,CKBBTY,TAYEBAT BREADED CHICKEN BURGERS 840 g. x 8 Pkts,840 g. x 8 Pkts,BURGERS,52.4,42.35,85.5,conflict,0.67,,manual_required
3258,18423262,Al Kabeer Plain Paratha 5Pcs Value Pack 3 x 400gm,Al Kabeer,Paratha-Frozen,No Variant,Frozen Pranthas,3x400 gm,1,CFB,BEEF FRANKS,454 Gms x 20 Pkts,SAUSAGES,53.4,45.22,85.5,conflict,1.06,,manual_required
3262,18430405,ALKABEER TENDER CHICKEN BREAST 1000GM,Al Kabeer,Chicken Breast-Frozen,No Variant,Frozen Chicken Parts,1000 gm,1,CFBF,BREADED FISH FILLET,330 Gms x 20 Pkts,FILLETS,52.58,42.86,85.5,conflict,0.19,,manual_required
3264,18430408,AL KABEER CRAZY CHICKEN NUGGET PROMO/JUMBO BREADED BURGER 800GM/1 KG,Al Kabeer,Chicken Nuggets-Frozen,No Variant,Marinated & Breaded,800 gm,1,CBBG100,CHAR.JUMBO BEEF BURGERS BULK(100G)6*1 KG,1KG X 6,BURGERS,54.49,48.32,85.5,conflict,2.11,,manual_required
3270,18430677,AL-KABEER ZING CHICKEN NUGGET / STRIPS/POP CORN/ FILLET 750GM,Al Kabeer,Chicken Nuggets-Frozen,No Variant,Zing,750 gm,1,CCCB,CHICKEN BIRYANI 400,400 Gms x 12 Pkts,READY2EAT,52.02,41.27,85.5,conflict,0.34,,manual_required
3273,18433849,Al Kabeer CHICKEN NUGGETS NO SPICY /TANDOORI 270 GR,Al Kabeer,Chicken Nuggets-Frozen,No Variant,Marinated & Breaded,270 gm,1,CCCB,CHICKEN BIRYANI 400,400 Gms x 12 Pkts,READY2EAT,53.98,46.88,85.5,conflict,0.34,,manual_required
3279,18433855,ALKABEER GREEN PEAS/MIXED VEGETABLE 900GR,Al Kabeer,Mix Vegetables-Frozen,No Variant,Frozen Vegetables,900 gm,1,CFBJ,JUMBO HOTDOGS,400 Gms x 20 Pkts,SAUSAGES,51.34,39.32,85.5,conflict,0.0,,manual_required
3280,18433855,ALKABEER GREEN PEAS/MIXED VEGETABLE 900GR,Al Kabeer,Green/Garden Peas-Frozen,No Variant,Frozen Vegetables,900 gm,1,CFBF,BREADED FISH FILLET,330 Gms x 20 Pkts,FILLETS,51.79,40.62,85.5,conflict,0.47,,manual_required
3281,18434994,Al Kabeer Zing Chicken Strips Spicy/Normal 750gm,Al Kabeer,Chicken Strips-Frozen,Spicy,Zing,750 gm,1,CKSAA,CHICKEN SAMOSAS BULK,1.2 Kgs x 4 Pkts,SAMOSA,53.05,44.21,85.5,conflict,0.86,,manual_required
3282,18434994,Al Kabeer Zing Chicken Strips Spicy/Normal 750gm,Al Kabeer,Chicken Strips-Frozen,No Variant,Marinated & Breaded,750 gm,1,CCKSB,CHICKEN STICKS BULK,1 Kgs x 5 Pkts,STICKS & FINGERS,54.51,48.39,85.5,conflict,1.32,,manual_required
3284,18436480,"AL KABEER ZING CHICKEN FILLET REGULAR OR HOT, 750 GRAMS",Al Kabeer,Chicken Fillets-Frozen,No Variant,Zing,750 gm,1,CCSK,KIRI CHEESE SAMOSA,20 X 240 GMS,SAMOSA,54.27,47.71,85.5,conflict,0.59,,manual_required
3301,18438734,AL KABEER ZING CHICKEN FILLET NON SPICY 750GM,Al Kabeer,Chicken Fillets-Frozen,No Variant,Zing,750 gm,1,CKJCNA,JUMBO CHICKEN NUGGETS,1 Kgs x 5 Pkts,NUGGETS,51.99,41.18,85.5,conflict,0.09,,manual_required
3302,18438735,AL KABEER ZING CHICKEN STRIPS NON SPICY/NUGGETS 750 GM,Al Kabeer,Chicken Nuggets-Frozen,No Variant,Zing,750 gm,1,CKBT,TAYEBAT CHICKEN BURGER,1 Kgs x 9 Pkts,BURGERS,53.97,46.85,85.5,conflict,2.26,,manual_required
3303,18438735,AL KABEER ZING CHICKEN STRIPS NON SPICY/NUGGETS 750 GM,Al Kabeer,Chicken Strips-Frozen,No Variant,Zing,750 gm,1,CKBT,TAYEBAT CHICKEN BURGER,1 Kgs x 9 Pkts,BURGERS,53.97,46.85,85.5,conflict,2.26,,manual_required
3306,18439111,Al Kabeer Chicken Nuggets Bulk 750gm,Al Kabeer,Chicken Nuggets-Frozen,No Variant,Marinated & Breaded,750 gm,1,CBBUR,BEEF BURGERS 56 g.,840 g. x 9,BURGERS,52.76,43.4,85.5,conflict,0.19,,manual_required
3321,18439125,Al Kabeer Krazee Chicken Nuggets 750 gm,Al Kabeer,Chicken Nuggets-Frozen,No Variant,Marinated & Breaded,750 gm,1,CFB,BEEF FRANKS,454 Gms x 20 Pkts,SAUSAGES,52.18,41.74,85.5,conflict,0.05,,manual_required
3331,18439836,AL KABEER ZING CHICKEN FILLETS SPICY / NON SPICY 750 Gm,Al Kabeer,Chicken Fillets-Frozen,No Variant,Zing,750 gm,1,CFBF,BREADED FISH FILLET,330 Gms x 20 Pkts,FILLETS,53.34,45.05,85.5,conflict,1.24,,manual_required
3338,18442107,Al Kabeer Zing Chicken Strips Spicy Sriracha Flavour (700g),Al Kabeer,Chicken Strips-Frozen,No Variant,Zing,700 gm,1,CCCB,CHICKEN BIRYANI 400,400 Gms x 12 Pkts,READY2EAT,54.01,46.96,85.5,conflict,1.85,,manual_required
3339,18442107,Al Kabeer Zing Chicken Strips Spicy Sriracha Flavour (700g),Al Kabeer,Chicken Strips-Frozen,Spicy,Zing,700 gm,1,CKBT,TAYEBAT CHICKEN BURGER,1 Kgs x 9 Pkts,BURGERS,54.91,49.52,85.5,conflict,2.29,,manual_required
3348,18444729,Al kabeer Zing Chicken Strips/Non spicy 750Gm,Al Kabeer,Chicken Strips-Frozen,No Variant,Zing,750 gm,1,CKN,CHICKEN NUGGETS,270 Gms x 20 Pkts,NUGGETS,54.89,49.46,85.5,conflict,2.99,,manual_required
3354,18445668,Al Kabeer Paneer Cube 200Gm,Al Kabeer,Paneer,No Variant,Paneer,200 gm,1,CKBBTY,TAYEBAT BREADED CHICKEN BURGERS 840 g. x 8 Pkts,840 g. x 8 Pkts,BURGERS,52.4,42.35,85.5,conflict,0.67,,manual_required
3361,18448858,AlKabeer Waffle Fries 750g,Al Kabeer,Crisscut Fries-Frozen,No Variant,Frozen Fries & Onion Rings,750 gm,1,CFBF,BREADED FISH FILLET,330 Gms x 20 Pkts,FILLETS,52.41,42.37,85.5,conflict,1.37,,manual_required
3362,18448864,Al Kabeer Stuffed felafal 750g,Al Kabeer,Falafel-Frozen,Stuffed,"Frozen Pizzas, Wraps, Sandwiches",750 gm,1,CFB,BEEF FRANKS,454 Gms x 20 Pkts,SAUSAGES,51.31,39.25,85.5,conflict,1.47,,manual_required
3363,18448867,Al Kabeer Zing Chicken Strips/fillet/Popcorn 750g,Al Kabeer,Chicken Fillets-Frozen,No Variant,Zing,750 gm,1,CKCKB,CHICKEN BURGERS 56 g,840 g. x 9,BURGERS,52.13,41.58,85.5,conflict,0.42,,manual_required
3364,18448867,Al Kabeer Zing Chicken Strips/fillet/Popcorn 750g,Al Kabeer,Chicken Strips-Frozen,No Variant,Zing,750 gm,1,CKJCNA,JUMBO CHICKEN NUGGETS,1 Kgs x 5 Pkts,NUGGETS,52.89,43.75,85.5,conflict,0.26,,manual_required
3372,18450733,Al Kabeer Waffle Fries 750gm,Al Kabeer,Crisscut Fries-Frozen,No Variant,Frozen Fries & Onion Rings,750 gm,1,CFBF,BREADED FISH FILLET,330 Gms x 20 Pkts,FILLETS,52.04,41.32,85.5,conflict,1.22,,manual_required
3375,18450737,Al Kabeer Stuffed Felafel 750g,Al Kabeer,Falafel-Frozen,Stuffed,"Frozen Pizzas, Wraps, Sandwiches",750 gm,1,CFB,BEEF FRANKS,454 Gms x 20 Pkts,SAUSAGES,51.31,39.25,85.5,conflict,1.24,,manual_required
3379,18457083,Al Kabeer zing strips spicy or non spicy 750g FROZEN,Al Kabeer,Chicken Strips-Frozen,No Variant,Zing,750 gm,1,CKBT,TAYEBAT CHICKEN BURGER,1 Kgs x 9 Pkts,BURGERS,53.42,45.28,85.5,conflict,2.41,,manual_required
3400,18482797,Al Kabeer Chicken Pop-Corn 1000g,Al Kabeer,Chicken Popcorn-Frozen,No Variant,Marinated & Breaded,1 kg,1,CBBAGPR,AK PRO BEEF BURGER 24,1.392 kg x 6 Pkts,BURGERS,52.54,42.75,85.5,conflict,1.2,,manual_required
3410,18514332,Al Kabeer Chicken Pop-Corn 1000g,Al Kabeer,Chicken Popcorn-Frozen,No Variant,Marinated & Breaded,1 kg,1,CBBAGPR,AK PRO BEEF BURGER 24,1.392 kg x 6 Pkts,BURGERS,52.54,42.75,85.5,conflict,1.2,,manual_required
3414,18523753,Al Kabeer Frozen Whole Wheat Paratha 5pc 400gm,Al Kabeer,Paratha-Frozen,No Variant,Frozen Pranthas,400 gm,1,CFB,BEEF FRANKS,454 Gms x 20 Pkts,SAUSAGES,53.28,44.86,85.5,conflict,1.15,,manual_required
3421,18548297,Al kabeer breaded chicken fillet spicy\krazee nuggtes 750gm,Al Kabeer,Chicken Fillets-Frozen,Spicy,Marinated & Breaded,750 gm,1,CCKSB,CHICKEN STICKS BULK,1 Kgs x 5 Pkts,STICKS & FINGERS,53.95,46.77,85.5,conflict,0.09,,manual_required
3422,18548297,Al kabeer breaded chicken fillet spicy\krazee nuggtes 750gm,Al Kabeer,Chicken Nuggets-Frozen,No Variant,Marinated & Breaded,750 gm,1,CCFA,CHICKEN FRIES BULK,1 kg x 5 Pkts,POP-CORN & CHICKEN FRIES,53.13,44.44,85.5,conflict,0.0,,manual_required
3423,18548298,Al Kabeer chicken nugets \tandoori 270gm,Al Kabeer,Chicken Nuggets-Frozen,No Variant,Marinated & Breaded,270 gm,1,CCCB,CHICKEN BIRYANI 400,400 Gms x 12 Pkts,READY2EAT,53.31,44.96,85.5,conflict,0.41,,manual_required
3425,18548300,AL Kabeer green peas\mix veg 900gm,Al Kabeer,Green/Garden Peas-Frozen,No Variant,Frozen Vegetables,900 gm,1,CFBJ,JUMBO HOTDOGS,400 Gms x 20 Pkts,SAUSAGES,51.33,39.29,85.5,conflict,0.29,,manual_required
3426,18548300,AL Kabeer green peas\mix veg 900gm,Al Kabeer,Mix Vegetables-Frozen,No Variant,Frozen Vegetables,900 gm,1,CBBO,4 BEEF BURGERS,200 Gms x 30 Pkt,BURGERS,52.01,41.24,85.5,conflict,0.43,,manual_required
3431,18548306,Al Kabeer Zing chicken strips\spicy 750gm,Al Kabeer,Chicken Strips-Frozen,No Variant,Marinated & Breaded,750 gm,1,CCCB,CHICKEN BIRYANI 400,400 Gms x 12 Pkts,READY2EAT,53.51,45.53,85.5,conflict,0.44,,manual_required
3440,18581648,AL-KABEER ZING CHICKEN STRIPS/POP CORN/FILLET 750GM,Al Kabeer,Chicken Strips-Frozen,No Variant,Zing,750 gm,1,CKBW,BBQ CHICKEN WINGS 400,400 Gms x 12 Pkts,WINGS,53.52,45.54,85.5,conflict,1.23,,manual_required
3441,18581648,AL-KABEER ZING CHICKEN STRIPS/POP CORN/FILLET 750GM,Al Kabeer,Chicken Fillets-Frozen,No Variant,Marinated & Breaded,750 gm,1,CCKSB,CHICKEN STICKS BULK,1 Kgs x 5 Pkts,STICKS & FINGERS,53.65,45.93,85.5,conflict,0.52,,manual_required
3442,18581648,AL-KABEER ZING CHICKEN STRIPS/POP CORN/FILLET 750GM,Al Kabeer,Chicken Popcorn-Frozen,No Variant,Marinated & Breaded,750 gm,1,CCKSB,CHICKEN STICKS BULK,1 Kgs x 5 Pkts,STICKS & FINGERS,53.65,45.93,85.5,conflict,0.52,,manual_required
3444,18581712,ALKABEER CHICKEN NUGGETS CRAZY/BREADED FILLET 750GM,Al Kabeer,Chicken Fillets-Frozen,No Variant,Marinated & Breaded,750 gm,1,CCF,CHICKEN FRIES,12 PKTS X 400 GRM,POP-CORN & CHICKEN FRIES,53.89,46.62,85.5,conflict,0.13,,manual_required
3445,18581712,ALKABEER CHICKEN NUGGETS CRAZY/BREADED FILLET 750GM,Al Kabeer,Chicken Nuggets-Frozen,No Variant,Marinated & Breaded,750 gm,1,CCF,CHICKEN FRIES,12 PKTS X 400 GRM,POP-CORN & CHICKEN FRIES,54.38,48.0,85.5,conflict,0.18,,manual_required
3448,18581719,AL KABEER CRAZY CHICKEN NUGGET PROMOJUMBO BREADED BURGER 800GM/1 KG,Al Kabeer,Chicken Nuggets-Frozen,No Variant,Marinated & Breaded,800 gm,1,CBBG100,CHAR.JUMBO BEEF BURGERS BULK(100G)6*1 KG,1KG X 6,BURGERS,53.66,45.95,85.5,conflict,1.18,,manual_required
3477,18589491,AL KABEER ZING CHICKEN FILLETS SPICY 750 GM ,Al Kabeer,Chicken Fillets-Frozen,No Variant,Zing,750 gm,1,CKSK,SHISH KEBAB,600 Gms x 12 Pkts,KEBAB,53.73,46.15,85.5,conflict,0.35,,manual_required
3482,18591164,Alkabeer Breaded Chicken Fillet / Chicken Nuggets 750g,Al Kabeer,Chicken Fillets-Frozen,No Variant,Marinated & Breaded,750 gm,1,CCF,CHICKEN FRIES,12 PKTS X 400 GRM,POP-CORN & CHICKEN FRIES,54.51,48.39,85.5,conflict,0.2,,manual_required
3486,18591961,AL KABEER CHICKEN POP CORN / STRIPS 750G,Al Kabeer,Chicken Popcorn-Frozen,No Variant,Marinated & Breaded,750 gm,1,CFBF,BREADED FISH FILLET,330 Gms x 20 Pkts,FILLETS,52.2,41.79,85.5,conflict,0.07,,manual_required
3487,18592199,AL KABEER BEEF BURGERS 1200 GM,Al Kabeer,Beef Burger-Frozen,Unbreaded,Frozen Burger,1200 gm,1,CKZSCKNP,Zing Strips Non Spicy + Free Chicken Nuggets Combo Pack,(750 g.+750 g.) x 4,STRIPS,50.14,35.9,85.5,conflict,8.84,,manual_required
3499,18595048,Al Kabeer Zing Chicken Strips (750g/1Kg),Al Kabeer,Chicken Strips-Frozen,No Variant,Zing,750 gm,1,CKSK,SHISH KEBAB,600 Gms x 12 Pkts,KEBAB,54.88,49.44,85.5,conflict,0.6,,manual_required
3503,18599347,ALKABEER CHICKEN POPCORN 750GM,Al Kabeer,Chicken Popcorn-Frozen,No Variant,Marinated & Breaded,750 gm,1,CKJCNA,JUMBO CHICKEN NUGGETS,1 Kgs x 5 Pkts,NUGGETS,52.67,43.14,85.5,conflict,0.25,,manual_required
3510,18599605,ALKABEER CHICKEN POPCORN 750GM,Al Kabeer,Chicken Popcorn-Frozen,No Variant,Marinated & Breaded,750 gm,1,CKJCNA,JUMBO CHICKEN NUGGETS,1 Kgs x 5 Pkts,NUGGETS,52.67,43.14,85.5,conflict,0.25,,manual_required
3514,18600786,AL KABEER ZING CHICKEN FILLET NON SPICY/ NUGGETS 750GM,Al Kabeer,Chicken Fillets-Frozen,No Variant,Zing,750 gm,1,CFBF,BREADED FISH FILLET,330 Gms x 20 Pkts,FILLETS,54.94,49.61,85.5,conflict,0.99,,manual_required
3515,18600786,AL KABEER ZING CHICKEN FILLET NON SPICY/ NUGGETS 750GM,Al Kabeer,Chicken Nuggets-Frozen,No Variant,Zing,750 gm,1,CFBF,BREADED FISH FILLET,330 Gms x 20 Pkts,FILLETS,53.19,44.63,85.5,conflict,1.74,,manual_required
3519,18600791,Al Kabeer Krazee Chicken Nuggets 750qm,Al Kabeer,Chicken Nuggets-Frozen,No Variant,Marinated & Breaded,750 gm,1,CKB,ARABIC KOFTA,300 Gms x 20 Pkts,KOFTA-KIBBEH-FELAFEL,52.14,41.6,85.5,conflict,0.32,,manual_required
3523,18600794,AL KABEER CHICKEN POPCORN 750GM,Al Kabeer,Chicken Popcorn-Frozen,No Variant,Marinated & Breaded,750 gm,1,CKJCNA,JUMBO CHICKEN NUGGETS,1 Kgs x 5 Pkts,NUGGETS,52.67,43.14,85.5,conflict,0.25,,manual_required
3524,18600795,Al Kabeer Chicken Nuggets Bulk 750gm,Al Kabeer,Chicken Nuggets-Frozen,No Variant,Marinated & Breaded,750 gm,1,CBBUR,BEEF BURGERS 56 g.,840 g. x 9,BURGERS,52.76,43.4,85.5,conflict,0.19,,manual_required
3535,18601489,AL KABEER ZING CHICKEN STRIPS NON SPICY/NUGGETS 750GM,Al Kabeer,Chicken Nuggets-Frozen,No Variant,Zing,750 gm,1,CKBT,TAYEBAT CHICKEN BURGER,1 Kgs x 9 Pkts,BURGERS,53.54,45.61,85.5,conflict,2.09,,manual_required
3536,18601489,AL KABEER ZING CHICKEN STRIPS NON SPICY/NUGGETS 750GM,Al Kabeer,Chicken Strips-Frozen,No Variant,Zing,750 gm,1,CKBT,TAYEBAT CHICKEN BURGER,1 Kgs x 9 Pkts,BURGERS,53.54,45.61,85.5,conflict,2.09,,manual_required
3544,18601497,AL KABEER ZING CHICKEN FILLET NON SPICY 750GM,Al Kabeer,Chicken Fillets-Frozen,No Variant,Zing,750 gm,1,CKJCNA,JUMBO CHICKEN NUGGETS,1 Kgs x 5 Pkts,NUGGETS,51.99,41.18,85.5,conflict,0.09,,manual_required
3552,18606390,Al Kabeer Zing Chicken Fillet / Strip Spicy 750gm,Al Kabeer,Chicken Fillets-Frozen,No Variant,Zing,750 gm,1,CKCKB,CHICKEN BURGERS 56 g,840 g. x 9,BURGERS,51.89,40.91,85.5,conflict,0.18,,manual_required
3553,18606390,Al Kabeer Zing Chicken Fillet / Strip Spicy 750gm,Al Kabeer,Chicken Strips-Frozen,Spicy,Zing,750 gm,1,CKSK,SHISH KEBAB,600 Gms x 12 Pkts,KEBAB,54.52,48.42,85.5,conflict,1.07,,manual_required
3559,18611057,Al Kabeer Nuggets /Krazee/ Breaded Chicken Fillet 750g,Al Kabeer,Chicken Fillets-Frozen,No Variant,Marinated & Breaded,750 gm,1,CCF,CHICKEN FRIES,12 PKTS X 400 GRM,POP-CORN & CHICKEN FRIES,53.61,45.8,85.5,conflict,0.1,,manual_required
3560,18611057,Al Kabeer Nuggets /Krazee/ Breaded Chicken Fillet 750g,Al Kabeer,Chicken Nuggets-Frozen,No Variant,Marinated & Breaded,750 gm,1,CCF,CHICKEN FRIES,12 PKTS X 400 GRM,POP-CORN & CHICKEN FRIES,54.08,47.15,85.5,conflict,0.15,,manual_required
3561,18618097,Al Kabeer Green Peas 900gm,Al Kabeer,Green/Garden Peas-Frozen,No Variant,Frozen Vegetables,900 gm,1,VPAN,PANEER CUBES,200 gm x 20 Pkts,TRADING-VEG,53.52,45.54,85.5,conflict,1.53,,manual_required
3565,18618114,Al Kabeer Paneer Cube 200Gm,Al Kabeer,Paneer,No Variant,Paneer,200 gm,1,CKBBTY,TAYEBAT BREADED CHICKEN BURGERS 840 g. x 8 Pkts,840 g. x 8 Pkts,BURGERS,52.4,42.35,85.5,conflict,0.67,,manual_required
3577,18725523,Al Kabeer Krazee Chicken Nuggets  750GM,Al Kabeer,Chicken Nuggets-Frozen,No Variant,Marinated & Breaded,750 gm,1,CFB,BEEF FRANKS,454 Gms x 20 Pkts,SAUSAGES,52.41,42.37,85.5,conflict,0.06,,manual_required
3578,18725532,Al Kabeer Zing Chicken Strips - Non Spicy/Spicy (750g),Al Kabeer,Chicken Strips-Frozen,No Variant,Zing,750 gm,1,CKJCNA,JUMBO CHICKEN NUGGETS,1 Kgs x 5 Pkts,NUGGETS,52.19,41.76,85.5,conflict,0.3,,manual_required
3580,18725862,Al Kabeer Zinger Chicken Strip Sriracha/ Smoked Buffalo Flavor,Al Kabeer,Chicken Strips-Frozen,No Variant,Zing,700 gm,1,CCCB,CHICKEN BIRYANI 400,400 Gms x 12 Pkts,READY2EAT,51.99,41.18,85.5,conflict,0.41,,manual_required
3581,18725862,Al Kabeer Zinger Chicken Strip Sriracha/ Smoked Buffalo Flavor,Al Kabeer,Chicken Strips-Frozen,Spicy,Zing,700 gm,1,CKBCS,BEEF COCKTAIL SAUSAGES,400 Gms x 20 Pkts,SAUSAGES,52.0,41.22,85.5,conflict,0.32,,manual_required
3586,18727566,Al Kabeer Pop Corn Chicken750gm,Al Kabeer,Chicken Popcorn-Frozen,No Variant,Marinated & Breaded,750 gm,1,CKCKB,CHICKEN BURGERS 56 g,840 g. x 9,BURGERS,51.89,40.91,85.5,conflict,0.44,,manual_required
3590,18727572,Alkabeer french fries 2500gm,Al Kabeer,French Fries-Frozen,No Variant,Frozen Fries & Onion Rings,2.5 kg,1,CKKB24,24 CHICKEN BURGERS,1.2 Kgs x 8 Pkts,BURGERS,52.13,41.58,85.5,conflict,0.28,,manual_required
3598,18728863,Al Kabeer Mix Vegetables/ Garden Peas 900gm,Al Kabeer,Green/Garden Peas-Frozen,No Variant,Frozen Vegetables,900 gm,1,CFBF,BREADED FISH FILLET,330 Gms x 20 Pkts,FILLETS,51.45,39.66,85.5,conflict,0.01,,manual_required
3599,18728863,Al Kabeer Mix Vegetables/ Garden Peas 900gm,Al Kabeer,Mix Vegetables-Frozen,No Variant,Frozen Vegetables,900 gm,1,CFBJ,JUMBO HOTDOGS,400 Gms x 20 Pkts,SAUSAGES,51.99,41.18,85.5,conflict,0.41,,manual_required
3600,18728864,Al Kabeer Paneer Cubes 500gm,Al Kabeer,Paneer,No Variant,Paneer,500 gm,1,CKBBTY,TAYEBAT BREADED CHICKEN BURGERS 840 g. x 8 Pkts,840 g. x 8 Pkts,BURGERS,52.23,41.86,85.5,conflict,0.65,,manual_required
3617,18738098,Al Kabeer Zing Chckn Nugets/Filets NoSpicy 750g,Al Kabeer,Chicken Fillets-Frozen,No Variant,Zing,750 gm,1,CKJCNA,JUMBO CHICKEN NUGGETS,1 Kgs x 5 Pkts,NUGGETS,52.85,43.64,85.5,conflict,0.95,,manual_required
3618,18738098,Al Kabeer Zing Chckn Nugets/Filets NoSpicy 750g,Al Kabeer,Chicken Nuggets-Frozen,No Variant,Marinated & Breaded,750 gm,1,CFBF,BREADED FISH FILLET,330 Gms x 20 Pkts,FILLETS,53.8,46.36,85.5,conflict,0.39,,manual_required
3633,18750605,Al Kabeer delicious chicken fillet 750g,Al Kabeer,Chicken Fillets-Frozen,No Variant,Zing,750 gm,1,CKSAPR,AK PRO CHICKEN SAMOSA,4 X 1.2 KGS,SAMOSA,52.38,42.31,85.5,conflict,0.4,,manual_required
3644,18758583,Al Kabeer Krazee Chicken Nuggets 750gm,Al Kabeer,Chicken Nuggets-Frozen,No Variant,Marinated & Breaded,750 gm,1,CFB,BEEF FRANKS,454 Gms x 20 Pkts,SAUSAGES,52.41,42.37,85.5,conflict,0.06,,manual_required
3654,18769518,ALKABEER BREADED CHICKEN FILLET H/S/ZING CHICKEN NUGGET (N/SPC) 750GM/JUMBO BREADED CHICKEN BURGER 1 KG,Al Kabeer,Chicken Nuggets-Frozen,No Variant,Zing,750 gm,1,CBBG100,CHAR.JUMBO BEEF BURGERS BULK(100G)6*1 KG,1KG X 6,BURGERS,53.51,45.52,85.5,conflict,0.48,,manual_required
3655,18769518,ALKABEER BREADED CHICKEN FILLET H/S/ZING CHICKEN NUGGET (N/SPC) 750GM/JUMBO BREADED CHICKEN BURGER 1 KG,Al Kabeer,Chicken Fillets-Frozen,Hot & Spicy,Zing,750 gm,1,CBBG100,CHAR.JUMBO BEEF BURGERS BULK(100G)6*1 KG,1KG X 6,BURGERS,53.18,44.59,85.5,conflict,0.25,,manual_required
3657,18769525,ALKABEER ZING CHIKEN FILLET/ZING CHICKEN FILLET (N/SPC) ZING CHICKEN STRIPS (N/SPC) 750GM/CHICKEN BURGER 1200GM,Al Kabeer,Chicken Fillets-Frozen,No Variant,Zing,750 gm,1,CCF,CHICKEN FRIES,12 PKTS X 400 GRM,POP-CORN & CHICKEN FRIES,54.29,47.76,85.5,conflict,0.44,,manual_required
3658,18769525,ALKABEER ZING CHIKEN FILLET/ZING CHICKEN FILLET (N/SPC) ZING CHICKEN STRIPS (N/SPC) 750GM/CHICKEN BURGER 1200GM,Al Kabeer,Chicken Strips-Frozen,No Variant,Marinated & Breaded,750 gm,1,CCCTM,CHICKEN TIKKA MAKHANI & PILAU RICE,450 Gms x 12 Pkts,READY2EAT,54.87,49.41,85.5,conflict,0.74,,manual_required
3661,18775700,AL KABEER CHICKEN POPCORN 750GR,Al Kabeer,Chicken Popcorn-Frozen,No Variant,Marinated & Breaded,750 gm,1,CKJCNA,JUMBO CHICKEN NUGGETS,1 Kgs x 5 Pkts,NUGGETS,52.67,43.14,85.5,conflict,0.25,,manual_required
3662,18775701,AL KABEER ZING CHICKEN FILLET REGULAR 750GR,Al Kabeer,Chicken Fillets-Frozen,No Variant,Zing,750 gm,1,CCSK,KIRI CHEESE SAMOSA,20 X 240 GMS,SAMOSA,54.24,47.62,85.5,conflict,0.61,,manual_required
3667,18778054,"AL KABEER ZING CHICKEN FILLET REGULAR OR HOT, 750 GRAMS",Al Kabeer,Chicken Fillets-Frozen,No Variant,Zing,750 gm,1,CCSK,KIRI CHEESE SAMOSA,20 X 240 GMS,SAMOSA,54.27,47.71,85.5,conflict,0.59,,manual_required
3668,18778055,"AL KABEER ZING CHICKEN STRIPS SRIRACHA OR SMOKED BUFFALO, 700 GRAMS",Al Kabeer,Chicken Strips-Frozen,Spicy,Zing,700 gm,1,CKBCS,BEEF COCKTAIL SAUSAGES,400 Gms x 20 Pkts,SAUSAGES,52.31,42.11,85.5,conflict,0.03,,manual_required
3669,18778055,"AL KABEER ZING CHICKEN STRIPS SRIRACHA OR SMOKED BUFFALO, 700 GRAMS",Al Kabeer,Chicken Strips-Frozen,No Variant,Zing,700 gm,1,CCKSB,CHICKEN STICKS BULK,1 Kgs x 5 Pkts,STICKS & FINGERS,54.3,47.79,85.5,conflict,0.84,,manual_required
3684,18783926,Al Kabeer French Fries (2.5kg),Al Kabeer,French Fries-Frozen,No Variant,Frozen Fries & Onion Rings,2.5 kg,1,CFBFA,BREADED FISH FILLET BULK,1 Kgs x 5 Pkts,FILLETS,52.24,41.9,85.5,conflict,0.08,,manual_required
3687,18783929,Al Kabeer Zing Chicken Strips Spicy Sriracha Flavour (700g),Al Kabeer,Chicken Strips-Frozen,No Variant,Zing,700 gm,1,CCCB,CHICKEN BIRYANI 400,400 Gms x 12 Pkts,READY2EAT,54.01,46.96,85.5,conflict,1.85,,manual_required
3688,18783929,Al Kabeer Zing Chicken Strips Spicy Sriracha Flavour (700g),Al Kabeer,Chicken Strips-Frozen,Spicy,Zing,700 gm,1,CKBT,TAYEBAT CHICKEN BURGER,1 Kgs x 9 Pkts,BURGERS,54.91,49.52,85.5,conflict,2.29,,manual_required
3693,18790158,Al Kabeer Stuffed felafal 750g,Al Kabeer,Falafel-Frozen,Stuffed,"Frozen Pizzas, Wraps, Sandwiches",750 gm,1,CFB,BEEF FRANKS,454 Gms x 20 Pkts,SAUSAGES,51.31,39.25,85.5,conflict,1.47,,manual_required
3694,18790161,Al Kabeer Potato Bites 1000g,Al Kabeer,Potato Bites-Frozen,No Variant,Frozen Fries & Onion Rings,1 kg,1,CBBO,4 BEEF BURGERS,200 Gms x 30 Pkt,BURGERS,52.24,41.9,85.5,conflict,0.14,,manual_required
3695,18790162,AlKabeer Waffle Fries 750g,Al Kabeer,Crisscut Fries-Frozen,No Variant,Frozen Fries & Onion Rings,750 gm,1,CFBF,BREADED FISH FILLET,330 Gms x 20 Pkts,FILLETS,52.41,42.37,85.5,conflict,1.37,,manual_required
3701,18790923,Al Kabeer Waffle Fries 750gm,Al Kabeer,Crisscut Fries-Frozen,No Variant,Frozen Fries & Onion Rings,750 gm,1,CFBF,BREADED FISH FILLET,330 Gms x 20 Pkts,FILLETS,52.04,41.32,85.5,conflict,1.22,,manual_required
3703,18790925,Al Kabeer Stuffed Felafel 750g,Al Kabeer,Falafel-Frozen,Stuffed,"Frozen Pizzas, Wraps, Sandwiches",750 gm,1,CFB,BEEF FRANKS,454 Gms x 20 Pkts,SAUSAGES,51.31,39.25,85.5,conflict,1.24,,manual_required
3708,18791719,AL KABEER ZING CHICKEN STRIPS NON SPICY 750G,Al Kabeer,Chicken Strips-Frozen,No Variant,Zing,750 gm,1,CKSAA,CHICKEN SAMOSAS BULK,1.2 Kgs x 4 Pkts,SAMOSA,53.67,46.0,85.5,conflict,1.52,,manual_required
3715,18793163,Al kabeer Paneer Cubes 200g,Al Kabeer,Paneer,No Variant,Paneer,200 gm,1,CKCCR,CHICKEN ‘N’ CHEESE RINGS 300,300 gms x 12 pkts,POP-CORN & CHICKEN FRIES,52.79,43.48,85.5,conflict,0.32,,manual_required
3719,18801913,Al Kabeer Green Peas 900Gm,Al Kabeer,Green/Garden Peas-Frozen,No Variant,Frozen Vegetables,900 gm,1,VPAN,PANEER CUBES,200 gm x 20 Pkts,TRADING-VEG,53.52,45.54,85.5,conflict,1.53,,manual_required
3720,18801914,Al Kabeer Paneer Cube 200Gm,Al Kabeer,Paneer,No Variant,Paneer,200 gm,1,CKBBTY,TAYEBAT BREADED CHICKEN BURGERS 840 g. x 8 Pkts,840 g. x 8 Pkts,BURGERS,52.4,42.35,85.5,conflict,0.67,,manual_required
3729,18804282,Al Kabeer Popcorn Chicken 750gm,Al Kabeer,Chicken Popcorn-Frozen,No Variant,Marinated & Breaded,750 gm,1,CKJCNA,JUMBO CHICKEN NUGGETS,1 Kgs x 5 Pkts,NUGGETS,52.67,43.14,85.5,conflict,0.25,,manual_required
3734,18804299,Al Kabeer Nuggets Chicken Tandoori 270Gm,Al Kabeer,Chicken Nuggets-Frozen,No Variant,Marinated & Breaded,270 gm,1,CCCB,CHICKEN BIRYANI 400,400 Gms x 12 Pkts,READY2EAT,53.64,45.9,85.5,conflict,0.45,,manual_required
3735,18808017,Al Kabeer Krazee Chicken Nuggets 750gm,Al Kabeer,Chicken Nuggets-Frozen,No Variant,Marinated & Breaded,750 gm,1,CFB,BEEF FRANKS,454 Gms x 20 Pkts,SAUSAGES,52.41,42.37,85.5,conflict,0.06,,manual_required
3738,18808020,AL KABEER CHICKEN POPCORN 750GM,Al Kabeer,Chicken Popcorn-Frozen,No Variant,Marinated & Breaded,750 gm,1,CKJCNA,JUMBO CHICKEN NUGGETS,1 Kgs x 5 Pkts,NUGGETS,52.67,43.14,85.5,conflict,0.25,,manual_required
3743,18808024,AL KABEER ZING CHICKEN FILLET NON SPICY/ NUGGETS 750GM,Al Kabeer,Chicken Fillets-Frozen,No Variant,Zing,750 gm,1,CFBF,BREADED FISH FILLET,330 Gms x 20 Pkts,FILLETS,54.94,49.61,85.5,conflict,0.99,,manual_required
3744,18808024,AL KABEER ZING CHICKEN FILLET NON SPICY/ NUGGETS 750GM,Al Kabeer,Chicken Nuggets-Frozen,No Variant,Zing,750 gm,1,CFBF,BREADED FISH FILLET,330 Gms x 20 Pkts,FILLETS,53.19,44.63,85.5,conflict,1.74,,manual_required
3750,18808030,Al Kabeer Chicken Nuggets Bulk 750gm,Al Kabeer,Chicken Nuggets-Frozen,No Variant,Marinated & Breaded,750 gm,1,CBBUR,BEEF BURGERS 56 g.,840 g. x 9,BURGERS,52.76,43.4,85.5,conflict,0.19,,manual_required
3753,18808956,AL KABEER ZING CHICKEN STRIPS NON SPICY/NUGGETS 750GM,Al Kabeer,Chicken Nuggets-Frozen,No Variant,Zing,750 gm,1,CKBT,TAYEBAT CHICKEN BURGER,1 Kgs x 9 Pkts,BURGERS,53.54,45.61,85.5,conflict,2.09,,manual_required
3754,18808956,AL KABEER ZING CHICKEN STRIPS NON SPICY/NUGGETS 750GM,Al Kabeer,Chicken Strips-Frozen,No Variant,Zing,750 gm,1,CKBT,TAYEBAT CHICKEN BURGER,1 Kgs x 9 Pkts,BURGERS,53.54,45.61,85.5,conflict,2.09,,manual_required
3758,18809137,AL KABEER ZING CHICKEN FILLET NON SPICY 750GM,Al Kabeer,Chicken Fillets-Frozen,No Variant,Zing,750 gm,1,CKJCNA,JUMBO CHICKEN NUGGETS,1 Kgs x 5 Pkts,NUGGETS,51.99,41.18,85.5,conflict,0.09,,manual_required
3763,18809143,AL KABEER BLACKBERRY/ BLUEBERRIES 350GM,Al Kabeer,Blueberries-Frozen,No Variant,Frozen Fruits,350 gm,1,CBBO,4 BEEF BURGERS,200 Gms x 30 Pkt,BURGERS,52.01,41.24,85.5,conflict,0.13,,manual_required
3768,18809148,AL KABEER ZING CHICKEN STRIPS SPICY SRIRACHA FLAVOR/SMOKED BUFFALO 700GM,Al Kabeer,Chicken Strips-Frozen,Spicy,Zing,700 gm,1,CCKSB,CHICKEN STICKS BULK,1 Kgs x 5 Pkts,STICKS & FINGERS,54.01,46.96,85.5,conflict,0.12,,manual_required
3775,18829829,Al Kabeer Zing Spicy /Nonspicy Chicken Fillets 750gm,Al Kabeer,Chicken Fillets-Frozen,No Variant,Zing,750 gm,1,CFBF,BREADED FISH FILLET,330 Gms x 20 Pkts,FILLETS,52.87,43.7,85.5,conflict,0.56,,manual_required
3776,18829832,Al Kabeer Chicken Pop-Corn 750gm,Al Kabeer,Chicken Popcorn-Frozen,No Variant,Marinated & Breaded,750 gm,1,CKCKB,CHICKEN BURGERS 56 g,840 g. x 9,BURGERS,51.89,40.91,85.5,conflict,0.44,,manual_required
3779,18839818,Al Kabeer Zing Chicken Strip Non Spicy 750gm+ Chicken Nuggets 750gm,Al Kabeer,Chicken Strips-Frozen,No Variant,Zing,750 gm,1,CCKSB,CHICKEN STICKS BULK,1 Kgs x 5 Pkts,STICKS & FINGERS,53.68,46.02,85.5,conflict,0.22,,manual_required
3790,18854004,Al Kabeer Chicken Pop-Corn 750gm,Al Kabeer,Chicken Popcorn-Frozen,No Variant,Marinated & Breaded,750 gm,1,CKCKB,CHICKEN BURGERS 56 g,840 g. x 9,BURGERS,51.89,40.91,85.5,conflict,0.44,,manual_required
3807,18893805,Al Kabeer chicken nuggets tandoori 270gm,Al Kabeer,Chicken Nuggets-Frozen,No Variant,Marinated & Breaded,270 gm,1,CCCB,CHICKEN BIRYANI 400,400 Gms x 12 Pkts,READY2EAT,53.64,45.9,85.5,conflict,0.45,,manual_required
3821,18895843,Al Kabeer delicious chicken fillet 750g,Al Kabeer,Chicken Fillets-Frozen,No Variant,Zing,750 gm,1,CKSAPR,AK PRO CHICKEN SAMOSA,4 X 1.2 KGS,SAMOSA,52.38,42.31,85.5,conflict,0.4,,manual_required
3831,18926660,ALKABEER FRENCH FRIES 2500GM,Al Kabeer,French Fries-Frozen,No Variant,Frozen Fries & Onion Rings,2.5 kg,1,CKKB24,24 CHICKEN BURGERS,1.2 Kgs x 8 Pkts,BURGERS,52.13,41.58,85.5,conflict,0.28,,manual_required
3832,18926778,ALKABEER BREADED CHICKEN FILLET/NUGGETS 750 GM,Al Kabeer,Chicken Nuggets-Frozen,No Variant,Marinated & Breaded,750 gm,1,CFBF,BREADED FISH FILLET,330 Gms x 20 Pkts,FILLETS,54.94,49.6,85.5,conflict,0.33,,manual_required
3835,18931452,"AL KABEER CHICKEN OR VEGETABLE SPRING ROLLS, 280 GRAMS",Al Kabeer,Spring Roll-Frozen,No Variant,"Frozen Pizzas, Wraps, Sandwiches",280 gm,1,CCF,CHICKEN FRIES,12 PKTS X 400 GRM,POP-CORN & CHICKEN FRIES,53.25,44.78,85.5,conflict,0.12,,manual_required
3836,18931460,"AL KABEER MIXED VEGETABLES, 900 GRAMS",Al Kabeer,Mix Vegetables-Frozen,No Variant,Frozen Vegetables,900 gm,1,CFBJ,JUMBO HOTDOGS,400 Gms x 20 Pkts,SAUSAGES,51.88,40.86,85.5,conflict,0.3,,manual_required
3849,18934923,ALKABEER CHICKEN POPCORN 750GM,Al Kabeer,Chicken Popcorn-Frozen,No Variant,Marinated & Breaded,750 gm,1,CKJCNA,JUMBO CHICKEN NUGGETS,1 Kgs x 5 Pkts,NUGGETS,52.67,43.14,85.5,conflict,0.25,,manual_required
3853,18938592,AL KABEER KRAZEE CHCIKEN NUGGETS 750G,Al Kabeer,Chicken Nuggets-Frozen,No Variant,Marinated & Breaded,750 gm,1,CFBF,BREADED FISH FILLET,330 Gms x 20 Pkts,FILLETS,52.31,42.11,85.5,conflict,1.06,,manual_required
3856,18938596,AL KABEER ZING CHICKEN STRIPS SPICY 750G,Al Kabeer,Chicken Strips-Frozen,No Variant,Zing,750 gm,1,CKSK,SHISH KEBAB,600 Gms x 12 Pkts,KEBAB,54.69,48.89,85.5,conflict,2.65,,manual_required
3857,18938597,AL KABEER ZING CHICKEN FILLETS SPICY / NON SPICY 750G,Al Kabeer,Chicken Fillets-Frozen,No Variant,Zing,750 gm,1,CFBF,BREADED FISH FILLET,330 Gms x 20 Pkts,FILLETS,53.34,45.05,85.5,conflict,1.24,,manual_required
3864,18939991,Al Kabeer Krazee Chicken Nuggets / Pop Corn (750g),Al Kabeer,Chicken Nuggets-Frozen,No Variant,Marinated & Breaded,750 gm,1,CCCB,CHICKEN BIRYANI 400,400 Gms x 12 Pkts,READY2EAT,53.69,46.03,85.5,conflict,0.36,,manual_required
3865,18939991,Al Kabeer Krazee Chicken Nuggets / Pop Corn (750g),Al Kabeer,Chicken Popcorn-Frozen,No Variant,Marinated & Breaded,750 gm,1,CCKSB,CHICKEN STICKS BULK,1 Kgs x 5 Pkts,STICKS & FINGERS,52.89,43.75,85.5,conflict,0.16,,manual_required
3874,18940831,AL KABEER BLACKBERRY/ BLUEBERRIES 350GM,Al Kabeer,Blueberries-Frozen,No Variant,Frozen Fruits,350 gm,1,CBBO,4 BEEF BURGERS,200 Gms x 30 Pkt,BURGERS,52.01,41.24,85.5,conflict,0.13,,manual_required
3875,18940832,AL KABEER ZING CHICKEN FILLET NON SPICY 750GM,Al Kabeer,Chicken Fillets-Frozen,No Variant,Zing,750 gm,1,CKJCNA,JUMBO CHICKEN NUGGETS,1 Kgs x 5 Pkts,NUGGETS,51.99,41.18,85.5,conflict,0.09,,manual_required
3879,18940916,AL KABEER ZING CHICKEN STRIPS SPICY SRIRACHA FLAVOR/SMOKED BUFFALO 700GM,Al Kabeer,Chicken Strips-Frozen,Spicy,Zing,700 gm,1,CCKSB,CHICKEN STICKS BULK,1 Kgs x 5 Pkts,STICKS & FINGERS,54.01,46.96,85.5,conflict,0.12,,manual_required
3880,18940916,AL KABEER ZING CHICKEN STRIPS SPICY SRIRACHA FLAVOR/SMOKED BUFFALO 700GM,Al Kabeer,Chicken Strips-Frozen,No Variant,Zing,700 gm,1,CCF,CHICKEN FRIES,12 PKTS X 400 GRM,POP-CORN & CHICKEN FRIES,54.14,47.33,85.5,conflict,1.19,,manual_required
3887,18940925,AL KABEER ZING CHICKEN STRIPS NON SPICY/NUGGETS 750GM,Al Kabeer,Chicken Nuggets-Frozen,No Variant,Zing,750 gm,1,CKBT,TAYEBAT CHICKEN BURGER,1 Kgs x 9 Pkts,BURGERS,53.54,45.61,85.5,conflict,2.09,,manual_required
3888,18940925,AL KABEER ZING CHICKEN STRIPS NON SPICY/NUGGETS 750GM,Al Kabeer,Chicken Strips-Frozen,No Variant,Zing,750 gm,1,CKBT,TAYEBAT CHICKEN BURGER,1 Kgs x 9 Pkts,BURGERS,53.54,45.61,85.5,conflict,2.09,,manual_required
3889,18942428,AL KABEER STUFFED FALAFEL 750GR,Al Kabeer,Falafel-Frozen,Stuffed,"Frozen Pizzas, Wraps, Sandwiches",750 gm,1,CFB,BEEF FRANKS,454 Gms x 20 Pkts,SAUSAGES,50.61,37.25,85.5,conflict,0.08,,manual_required
3893,18942760,Al Kabeer Breaded Chicken Fillet Hot&Spicy 750gm,Al Kabeer,Chicken Fillets-Frozen,Hot & Spicy,Marinated & Breaded,750 gm,1,CCKSB,CHICKEN STICKS BULK,1 Kgs x 5 Pkts,STICKS & FINGERS,54.92,49.56,85.5,conflict,0.14,,manual_required
3903,18943113,Al Kabeer Chicken Pop-Corn 750gm,Al Kabeer,Chicken Popcorn-Frozen,No Variant,Marinated & Breaded,750 gm,1,CKCKB,CHICKEN BURGERS 56 g,840 g. x 9,BURGERS,51.89,40.91,85.5,conflict,0.44,,manual_required
3906,18944430,Al Kabeer Chicken breast boneless 1000g,Al Kabeer,Chicken Breast-Frozen,No Variant,Frozen Chicken Parts,1000 gm,1,CBBO,4 BEEF BURGERS,200 Gms x 30 Pkt,BURGERS,54.52,48.42,85.5,conflict,1.32,,manual_required
3908,18944688,Al Kabeer Nuggets /Krazee/ Breaded Chicken Fillet 750,Al Kabeer,Chicken Nuggets-Frozen,No Variant,Marinated & Breaded,750 gm,1,BF,BEEF TENDERLOIN/FILLET,20 KGS,MEAT-INDIAN-TRD,53.93,46.72,85.5,conflict,0.33,,manual_required
3909,18944688,Al Kabeer Nuggets /Krazee/ Breaded Chicken Fillet 750,Al Kabeer,Chicken Fillets-Frozen,No Variant,Marinated & Breaded,750 gm,1,BF,BEEF TENDERLOIN/FILLET,20 KGS,MEAT-INDIAN-TRD,53.51,45.52,85.5,conflict,0.38,,manual_required
3927,18950077,AlKabeer Tender Chicken Breast 1000gm,Al Kabeer,Chicken Breast-Frozen,No Variant,Frozen Chicken Parts,1000 gm,1,CFBF,BREADED FISH FILLET,330 Gms x 20 Pkts,FILLETS,52.58,42.86,85.5,conflict,0.19,,manual_required
3934,18956933,Al Kabeer zing Chicken strips 750gm +Chicken nuggets 750gm ,Al Kabeer,Chicken Strips-Frozen,No Variant,Zing,750 gm,1,CCCB,CHICKEN BIRYANI 400,400 Gms x 12 Pkts,READY2EAT,53.89,46.6,85.5,conflict,1.88,,manual_required
3937,18960974,Al Kabeer Paneer Cube 200Gm,Al Kabeer,Paneer,No Variant,Paneer,200 gm,1,CKBBTY,TAYEBAT BREADED CHICKEN BURGERS 840 g. x 8 Pkts,840 g. x 8 Pkts,BURGERS,52.4,42.35,85.5,conflict,0.67,,manual_required
3938,18960975,Al Kabeer Green Peas 900Gm,Al Kabeer,Green/Garden Peas-Frozen,No Variant,Frozen Vegetables,900 gm,1,VPAN,PANEER CUBES,200 gm x 20 Pkts,TRADING-VEG,53.52,45.54,85.5,conflict,1.53,,manual_required
3939,18960978,Al kabeer Zing Chicken Strips/NoSpicy 750Gm,Al Kabeer,Chicken Strips-Frozen,No Variant,Zing,750 gm,1,CKSAA,CHICKEN SAMOSAS BULK,1.2 Kgs x 4 Pkts,SAMOSA,53.52,45.54,85.5,conflict,1.51,,manual_required
3941,18977953,Al Kabeer Zing Strip Non Spicy 750gm + Chicken Nuggets 750gm,Al Kabeer,Chicken Strips-Frozen,No Variant,Zing,750 gm,1,CCCB,CHICKEN BIRYANI 400,400 Gms x 12 Pkts,READY2EAT,53.46,45.38,85.5,conflict,1.77,,manual_required
3954,19064334,Al Kabeer Zing chicken strips\spicy 750gm,Al Kabeer,Chicken Strips-Frozen,No Variant,Zing,750 gm,1,CKSK,SHISH KEBAB,600 Gms x 12 Pkts,KEBAB,54.13,47.31,85.5,conflict,1.82,,manual_required
3955,19064334,Al Kabeer Zing chicken strips\spicy 750gm,Al Kabeer,Chicken Strips-Frozen,Spicy,Marinated & Breaded,750 gm,1,CFBF,BREADED FISH FILLET,330 Gms x 20 Pkts,FILLETS,53.33,45.0,85.5,conflict,0.53,,manual_required
3959,19064337,Al Kabeer krazee Chicken nuggets 750gm,Al Kabeer,Chicken Nuggets-Frozen,No Variant,Marinated & Breaded,750 gm,1,CFB,BEEF FRANKS,454 Gms x 20 Pkts,SAUSAGES,52.41,42.37,85.5,conflict,0.06,,manual_required
3960,19064340,Al Kabeer chicken zinger fillet\spicy 750gm,Al Kabeer,Chicken Fillets-Frozen,No Variant,Zing,750 gm,1,CKSAA,CHICKEN SAMOSAS BULK,1.2 Kgs x 4 Pkts,SAMOSA,52.31,42.11,85.5,conflict,0.1,,manual_required
3963,19064342,Al Kabeer Pop Corn Chicken750gm,Al Kabeer,Chicken Popcorn-Frozen,No Variant,Marinated & Breaded,750 gm,1,CKCKB,CHICKEN BURGERS 56 g,840 g. x 9,BURGERS,51.89,40.91,85.5,conflict,0.44,,manual_required
3964,19064343,Al kabeer breaded chicken fillets 750gm,Al Kabeer,Chicken Fillets-Frozen,No Variant,Zing,750 gm,1,CKSK,SHISH KEBAB,600 Gms x 12 Pkts,KEBAB,54.35,47.92,85.5,conflict,0.34,,manual_required
3968,19069158,Al Kabeer Spring Roll Vegetable 280Gm,Al Kabeer,Spring Roll-Frozen,No Variant,"Frozen Pizzas, Wraps, Sandwiches",280 gm,1,CCSRA,8 CHEESE SPRING ROLLS,240 Gms x 20 Pkts,SPRING ROLL,54.8,49.21,85.5,conflict,3.11,,manual_required
3970,19069872,Al Kabeer Krazee Nuggets 2 x 400 gms,Al Kabeer,Chicken Nuggets-Frozen,No Variant,Marinated & Breaded,2x400 gm,1,CBBO,4 BEEF BURGERS,200 Gms x 30 Pkt,BURGERS,53.06,44.25,85.5,conflict,0.19,,manual_required
3985,19102095,AL KABEER CRAZY CHICKEN NUGGET PROMO/JUMBO BREADED BURGER 800GM/1 KG,Al Kabeer,Chicken Nuggets-Frozen,No Variant,Marinated & Breaded,800 gm,1,CBBG100,CHAR.JUMBO BEEF BURGERS BULK(100G)6*1 KG,1KG X 6,BURGERS,54.49,48.32,85.5,conflict,2.11,,manual_required
3995,19107146,"AL KABEER ZING CHICKEN FILLET REGULAR OR HOT, 750 GRAMS",Al Kabeer,Chicken Fillets-Frozen,No Variant,Zing,750 gm,1,CCSK,KIRI CHEESE SAMOSA,20 X 240 GMS,SAMOSA,54.27,47.71,85.5,conflict,0.59,,manual_required
4001,19112887,Al Kabeer Zing Chicken Strips Spicy Sriracha Flavour (700g),Al Kabeer,Chicken Strips-Frozen,Spicy,Zing,700 gm,1,CKBT,TAYEBAT CHICKEN BURGER,1 Kgs x 9 Pkts,BURGERS,54.91,49.52,85.5,conflict,2.29,,manual_required
4014,19115209,AL KABEER PANEER CUBES 200 GM ,Al Kabeer,Paneer,No Variant,Paneer,200 gm,1,CKCCR,CHICKEN ‘N’ CHEESE RINGS 300,300 gms x 12 pkts,POP-CORN & CHICKEN FRIES,52.79,43.48,85.5,conflict,0.32,,manual_required
4016,19115896,Al Kabeer Zing Chicken Strip/Buffalo Flavour 750gm,Al Kabeer,Chicken Strips-Frozen,Spicy,Zing,750 gm,1,CKCKB,CHICKEN BURGERS 56 g,840 g. x 9,BURGERS,54.0,46.94,85.5,conflict,1.03,,manual_required
4017,19115896,Al Kabeer Zing Chicken Strip/Buffalo Flavour 750gm,Al Kabeer,Chicken Strips-Frozen,No Variant,Zing,750 gm,1,CKJCNA,JUMBO CHICKEN NUGGETS,1 Kgs x 5 Pkts,NUGGETS,53.42,45.28,85.5,conflict,0.22,,manual_required
4018,19115897,Al Kabeer Chicken Popcorn 750gm,Al Kabeer,Chicken Popcorn-Frozen,No Variant,Marinated & Breaded,750 gm,1,CKJCNA,JUMBO CHICKEN NUGGETS,1 Kgs x 5 Pkts,NUGGETS,52.67,43.14,85.5,conflict,0.25,,manual_required
4020,19116507,Al Kabeer Zing Chicken Strips Sriracha 700gm,Al Kabeer,Chicken Strips-Frozen,No Variant,Zing,700 gm,1,CKSAA,CHICKEN SAMOSAS BULK,1.2 Kgs x 4 Pkts,SAMOSA,53.36,45.1,85.5,conflict,0.78,,manual_required
4021,19116511,Al Kabeer Tandoori Chicken Tikka 1000gm,Al Kabeer,Chicken Tikka-Frozen,No Variant,Frozen Barbeque Products,1000 gm,1,CCCB,CHICKEN BIRYANI 400,400 Gms x 12 Pkts,READY2EAT,53.73,46.15,85.5,conflict,1.81,,manual_required
4025,19122407,Al Kabeer Krazee Chicken Nuggets 750gm,Al Kabeer,Chicken Nuggets-Frozen,No Variant,Marinated & Breaded,750 gm,1,CFB,BEEF FRANKS,454 Gms x 20 Pkts,SAUSAGES,52.41,42.37,85.5,conflict,0.06,,manual_required
4055,19130529,Al Kabeer Green Peas/ Mixed Vegetables 900gm,Al Kabeer,Mix Vegetables-Frozen,No Variant,Frozen Vegetables,900 gm,1,CFBJ,JUMBO HOTDOGS,400 Gms x 20 Pkts,SAUSAGES,51.97,41.12,85.5,conflict,0.0,,manual_required
4056,19130529,Al Kabeer Green Peas/ Mixed Vegetables 900gm,Al Kabeer,Green/Garden Peas-Frozen,No Variant,Frozen Vegetables,900 gm,1,CFB,BEEF FRANKS,454 Gms x 20 Pkts,SAUSAGES,51.83,40.74,85.5,conflict,0.02,,manual_required
4061,19131302,AL KABEER CHICKEN NUGGETS BULK 750GM,Al Kabeer,Chicken Nuggets-Frozen,No Variant,Marinated & Breaded,750 gm,1,CBBUR,BEEF BURGERS 56 g.,840 g. x 9,BURGERS,52.76,43.4,85.5,conflict,0.19,,manual_required
4063,19131304,AL KABEER ZING CHICKEN FILLET 750GM/NON SPICY,Al Kabeer,Chicken Fillets-Frozen,No Variant,Zing,750 gm,1,CKJCNA,JUMBO CHICKEN NUGGETS,1 Kgs x 5 Pkts,NUGGETS,51.99,41.18,85.5,conflict,0.09,,manual_required
4069,19131311,AL KABEER ZING CHICKEN STRIPS /NON SPICY 750GM,Al Kabeer,Chicken Strips-Frozen,No Variant,Zing,750 gm,1,CKN,CHICKEN NUGGETS,270 Gms x 20 Pkts,NUGGETS,54.89,49.46,85.5,conflict,2.99,,manual_required
4070,19131311,AL KABEER ZING CHICKEN STRIPS /NON SPICY 750GM,Al Kabeer,Chicken Strips-Frozen,Spicy,Zing,750 gm,1,CKSK,SHISH KEBAB,600 Gms x 12 Pkts,KEBAB,54.67,48.84,85.5,conflict,1.98,,manual_required
4072,19131313,AL KABEER CHICKEN POPCORN 750GM,Al Kabeer,Chicken Popcorn-Frozen,No Variant,Marinated & Breaded,750 gm,1,CKJCNA,JUMBO CHICKEN NUGGETS,1 Kgs x 5 Pkts,NUGGETS,52.67,43.14,85.5,conflict,0.25,,manual_required
4075,19131316,ZING CHICKEN STRIPS SPICY SRIRACHA FLAVOR/SMOKED BUFFALO 700GM,Al Kabeer,Chicken Strips-Frozen,No Variant,Zing,700 gm,1,CCF,CHICKEN FRIES,12 PKTS X 400 GRM,POP-CORN & CHICKEN FRIES,54.14,47.33,85.5,conflict,1.19,,manual_required
4076,19131316,ZING CHICKEN STRIPS SPICY SRIRACHA FLAVOR/SMOKED BUFFALO 700GM,Al Kabeer,Chicken Strips-Frozen,Spicy,Zing,700 gm,1,CCKSB,CHICKEN STICKS BULK,1 Kgs x 5 Pkts,STICKS & FINGERS,54.01,46.96,85.5,conflict,0.12,,manual_required
4084,19137521,Al Kabeer Zing chicken strip Chicken 750gm,Al Kabeer,Chicken Strips-Frozen,No Variant,Zing,750 gm,1,CKSK,SHISH KEBAB,600 Gms x 12 Pkts,KEBAB,53.38,45.16,85.5,conflict,1.07,,manual_required
4087,19137531,Al Kabeer Popcorn Chicken 750gm,Al Kabeer,Chicken Popcorn-Frozen,No Variant,Marinated & Breaded,750 gm,1,CKJCNA,JUMBO CHICKEN NUGGETS,1 Kgs x 5 Pkts,NUGGETS,52.67,43.14,85.5,conflict,0.25,,manual_required
4090,19139618,Al Kabeer Zing Chckn Strip/NoSpicy 750g,Al Kabeer,Chicken Strips-Frozen,No Variant,Marinated & Breaded,750 gm,1,CFBF,BREADED FISH FILLET,330 Gms x 20 Pkts,FILLETS,51.87,40.85,85.5,conflict,0.5,,manual_required
4091,19139625,Al Kabeer Green Peas 900Gm,Al Kabeer,Green/Garden Peas-Frozen,No Variant,Frozen Vegetables,900 gm,1,VPAN,PANEER CUBES,200 gm x 20 Pkts,TRADING-VEG,53.52,45.54,85.5,conflict,1.53,,manual_required
4092,19139628,Al Kabeer Paneer Cube 200Gm,Al Kabeer,Paneer,No Variant,Paneer,200 gm,1,CKBBTY,TAYEBAT BREADED CHICKEN BURGERS 840 g. x 8 Pkts,840 g. x 8 Pkts,BURGERS,52.4,42.35,85.5,conflict,0.67,,manual_required
4099,19177127,Al Kabeer Chicken Pop-Corn/ Zing Non Spicy Chicken Nuggets 750gm,Al Kabeer,Chicken Nuggets-Frozen,No Variant,Zing,750 gm,1,CCKSB,CHICKEN STICKS BULK,1 Kgs x 5 Pkts,STICKS & FINGERS,52.99,44.04,85.5,conflict,0.2,,manual_required
4108,19189378,Al Kabeer Zing Chicken Nuggets/Pop corn 750gm,Al Kabeer,Chicken Nuggets-Frozen,Spicy,Zing,750 gm,1,CKSK,SHISH KEBAB,600 Gms x 12 Pkts,KEBAB,54.31,47.83,85.5,conflict,1.1,,manual_required
4109,19189378,Al Kabeer Zing Chicken Nuggets/Pop corn 750gm,Al Kabeer,Chicken Popcorn-Frozen,No Variant,Marinated & Breaded,750 gm,1,CCKSB,CHICKEN STICKS BULK,1 Kgs x 5 Pkts,STICKS & FINGERS,53.31,44.96,85.5,conflict,0.7,,manual_required
4111,19214436,Al Kabeer Breaded Chicken Fillet/ Krazee Chicken Nuggets 750gm,Al Kabeer,Chicken Nuggets-Frozen,No Variant,Marinated & Breaded,750 gm,1,BF,BEEF TENDERLOIN/FILLET,20 KGS,MEAT-INDIAN-TRD,54.58,48.57,85.5,conflict,0.89,,manual_required
4112,19214436,Al Kabeer Breaded Chicken Fillet/ Krazee Chicken Nuggets 750gm,Al Kabeer,Chicken Fillets-Frozen,No Variant,Marinated & Breaded,750 gm,1,BF,BEEF TENDERLOIN/FILLET,20 KGS,MEAT-INDIAN-TRD,54.13,47.3,85.5,conflict,0.62,,manual_required
4118,19222523,Al Kabeer Chicken Pop-Corn/ Zing Non Spicy Chicken Nuggets 750gm,Al Kabeer,Chicken Nuggets-Frozen,No Variant,Zing,750 gm,1,CCKSB,CHICKEN STICKS BULK,1 Kgs x 5 Pkts,STICKS & FINGERS,52.99,44.04,85.5,conflict,0.2,,manual_required
4119,19223971,Al Kabeer Zing Chicken Fillet Asst. 750gm,Al Kabeer,Chicken Fillets-Frozen,No Variant,Zing,750 gm,1,CKSAPR,AK PRO CHICKEN SAMOSA,4 X 1.2 KGS,SAMOSA,53.21,44.66,85.5,conflict,0.38,,manual_required
4123,19258151,Al Kabeer chicken zinger fillet\spicy 750gm,Al Kabeer,Chicken Fillets-Frozen,No Variant,Zing,750 gm,1,CKSAA,CHICKEN SAMOSAS BULK,1.2 Kgs x 4 Pkts,SAMOSA,52.31,42.11,85.5,conflict,0.1,,manual_required
4125,19258155,Al Kabeer Pop Corn Chicken 750gm,Al Kabeer,Chicken Popcorn-Frozen,No Variant,Marinated & Breaded,750 gm,1,CKCKB,CHICKEN BURGERS 56 g,840 g. x 9,BURGERS,51.89,40.91,85.5,conflict,0.44,,manual_required
4127,19258159,Al Kabeer krazee Chicken nuggets 750gm,Al Kabeer,Chicken Nuggets-Frozen,No Variant,Marinated & Breaded,750 gm,1,CFB,BEEF FRANKS,454 Gms x 20 Pkts,SAUSAGES,52.41,42.37,85.5,conflict,0.06,,manual_required
4128,19258162,Al kabeer breaded chicken fillets 750Gm,Al Kabeer,Chicken Fillets-Frozen,No Variant,Zing,750 gm,1,CKSK,SHISH KEBAB,600 Gms x 12 Pkts,KEBAB,54.35,47.92,85.5,conflict,0.34,,manual_required
4129,19283184,"AL KABEER CHICKEN OR VEGETABLE SPRING ROLLS, 280 GRAMS",Al Kabeer,Spring Roll-Frozen,No Variant,"Frozen Pizzas, Wraps, Sandwiches",280 gm,1,CCF,CHICKEN FRIES,12 PKTS X 400 GRM,POP-CORN & CHICKEN FRIES,53.25,44.78,85.5,conflict,0.12,,manual_required
4133,19283634,AL KABEER TENDER CHICKEN BREAST 1000gm,Al Kabeer,Chicken Breast-Frozen,No Variant,Frozen Chicken Parts,1000 gm,1,CFBF,BREADED FISH FILLET,330 Gms x 20 Pkts,FILLETS,52.58,42.86,85.5,conflict,0.19,,manual_required
4146,19297118,Al Kabeer Popcorn Chicken 750gm,Al Kabeer,Chicken Popcorn-Frozen,No Variant,Marinated & Breaded,750 gm,1,CKJCNA,JUMBO CHICKEN NUGGETS,1 Kgs x 5 Pkts,NUGGETS,52.67,43.14,85.5,conflict,0.25,,manual_required
4151,19298209,Al Kabeer Green Peas 900Gm,Al Kabeer,Green/Garden Peas-Frozen,No Variant,Frozen Vegetables,900 gm,1,VPAN,PANEER CUBES,200 gm x 20 Pkts,TRADING-VEG,53.52,45.54,85.5,conflict,1.53,,manual_required
4156,19298221,Al Kabeer Zing Chckn Strip/NoSpicy 750gm,Al Kabeer,Chicken Strips-Frozen,No Variant,Zing,750 gm,1,CKSK,SHISH KEBAB,600 Gms x 12 Pkts,KEBAB,53.28,44.86,85.5,conflict,0.93,,manual_required
4166,19330185,Al Kabeer Zing Spicy Chicken Fillets/ Zing Chicken Strips Non Spicy/Zing Spicy Chicken Strips/Non Spicy Zing Chicken Fillet 750gm,Al Kabeer,Chicken Strips-Frozen,No Variant,Zing,750 gm,1,CCKSB,CHICKEN STICKS BULK,1 Kgs x 5 Pkts,STICKS & FINGERS,54.15,47.37,85.5,conflict,1.19,,manual_required
4167,19330185,Al Kabeer Zing Spicy Chicken Fillets/ Zing Chicken Strips Non Spicy/Zing Spicy Chicken Strips/Non Spicy Zing Chicken Fillet 750gm,Al Kabeer,Chicken Fillets-Frozen,No Variant,Zing,750 gm,1,CCKSB,CHICKEN STICKS BULK,1 Kgs x 5 Pkts,STICKS & FINGERS,54.15,47.37,85.5,conflict,1.19,,manual_required
4168,19336373,Al Kabeer Zing Spicy Chicken Fillets/ Zing Chicken Strips Non Spicy/Zing Spicy Chicken Strips/Non Spicy Zing Chicken Fillet 750gm,Al Kabeer,Chicken Strips-Frozen,No Variant,Zing,750 gm,1,CCKSB,CHICKEN STICKS BULK,1 Kgs x 5 Pkts,STICKS & FINGERS,54.15,47.37,85.5,conflict,1.19,,manual_required
4169,19336373,Al Kabeer Zing Spicy Chicken Fillets/ Zing Chicken Strips Non Spicy/Zing Spicy Chicken Strips/Non Spicy Zing Chicken Fillet 750gm,Al Kabeer,Chicken Fillets-Frozen,No Variant,Zing,750 gm,1,CCKSB,CHICKEN STICKS BULK,1 Kgs x 5 Pkts,STICKS & FINGERS,54.15,47.37,85.5,conflict,1.19,,manual_required
4176,19396669,ALKABEER TENDER CHICKEN BREAST 1000GM,Al Kabeer,Chicken Breast-Frozen,No Variant,Frozen Chicken Parts,1000 gm,1,CFBF,BREADED FISH FILLET,330 Gms x 20 Pkts,FILLETS,52.58,42.86,85.5,conflict,0.19,,manual_required
4178,19396988,AL KABEER CRAZY CHICKEN NUGGETS 750GM,Al Kabeer,Chicken Nuggets-Frozen,No Variant,Marinated & Breaded,750 gm,1,CFB,BEEF FRANKS,454 Gms x 20 Pkts,SAUSAGES,52.53,42.74,85.5,conflict,0.63,,manual_required
4188,19406607,"AL KABEER CHICKEN NUGGETS OR BREADED FILLET, 750 GRAMS",Al Kabeer,Chicken Nuggets-Frozen,No Variant,Marinated & Breaded,750 gm,1,BF,BEEF TENDERLOIN/FILLET,20 KGS,MEAT-INDIAN-TRD,54.42,48.12,85.5,conflict,0.26,,manual_required
4189,19406607,"AL KABEER CHICKEN NUGGETS OR BREADED FILLET, 750 GRAMS",Al Kabeer,Chicken Fillets-Frozen,No Variant,Marinated & Breaded,750 gm,1,BF,BEEF TENDERLOIN/FILLET,20 KGS,MEAT-INDIAN-TRD,53.96,46.81,85.5,conflict,0.32,,manual_required
4192,19408665,ALKABEER CHICKEN POPCORN 750 GM,Al Kabeer,Chicken Popcorn-Frozen,No Variant,Marinated & Breaded,750 gm,1,CKJCNA,JUMBO CHICKEN NUGGETS,1 Kgs x 5 Pkts,NUGGETS,53.13,44.44,85.5,conflict,0.65,,manual_required
4193,19409065,ALKABEER CHICKEN POPCORN 750GM,Al Kabeer,Chicken Popcorn-Frozen,No Variant,Marinated & Breaded,750 gm,1,CKJCNA,JUMBO CHICKEN NUGGETS,1 Kgs x 5 Pkts,NUGGETS,52.67,43.14,85.5,conflict,0.25,,manual_required
4201,19409437,AL KABEER BREADED CHICKEN FILLET PLAIN /HOT&SPICY 750 GR,Al Kabeer,Chicken Fillets-Frozen,No Variant,Marinated & Breaded,750 gm,1,CCKSB,CHICKEN STICKS BULK,1 Kgs x 5 Pkts,STICKS & FINGERS,53.73,46.15,85.5,conflict,0.08,,manual_required
4202,19410420,AL KABEER CHICKEN POPCORN 750GM,Al Kabeer,Chicken Popcorn-Frozen,No Variant,Marinated & Breaded,750 gm,1,CKJCNA,JUMBO CHICKEN NUGGETS,1 Kgs x 5 Pkts,NUGGETS,52.67,43.14,85.5,conflict,0.25,,manual_required
4203,19410421,AL KABEER PANEER CUBES,Al Kabeer,Paneer,No Variant,Paneer,500 gm,1,CCMSA,MOZZARELLA CHEESE STICKS,1000G X 5 Pkts,STICKS & FINGERS,52.35,42.22,85.5,conflict,0.23,,manual_required
4205,19410423,AL KABEER ZING CHICKEN STRIPS SPICY 750G,Al Kabeer,Chicken Strips-Frozen,No Variant,Zing,750 gm,1,CKSK,SHISH KEBAB,600 Gms x 12 Pkts,KEBAB,54.69,48.89,85.5,conflict,2.65,,manual_required
4213,19412746,AL KABEER CHICKEN NUGGETS BULK 750GM,Al Kabeer,Chicken Nuggets-Frozen,No Variant,Marinated & Breaded,750 gm,1,CBBUR,BEEF BURGERS 56 g.,840 g. x 9,BURGERS,52.76,43.4,85.5,conflict,0.19,,manual_required
4218,19412751,AL KABEER ZING CHICKEN FILLET 750GM/NON SPICY,Al Kabeer,Chicken Fillets-Frozen,No Variant,Zing,750 gm,1,CKJCNA,JUMBO CHICKEN NUGGETS,1 Kgs x 5 Pkts,NUGGETS,51.99,41.18,85.5,conflict,0.09,,manual_required
4219,19412752,AL KABEER BREADED CHICKEN FILLET HOT AND SPICY 750GM,Al Kabeer,Chicken Fillets-Frozen,Hot & Spicy,Marinated & Breaded,750 gm,1,CCKSB,CHICKEN STICKS BULK,1 Kgs x 5 Pkts,STICKS & FINGERS,54.92,49.56,85.5,conflict,0.14,,manual_required
4220,19412753,AL KABEER ZING CHICKEN STRIPS SPICY SRIRACHA FLAVOR/SMOKED BUFFALO 700GM,Al Kabeer,Chicken Strips-Frozen,No Variant,Zing,700 gm,1,CCF,CHICKEN FRIES,12 PKTS X 400 GRM,POP-CORN & CHICKEN FRIES,54.14,47.33,85.5,conflict,1.19,,manual_required
4221,19412753,AL KABEER ZING CHICKEN STRIPS SPICY SRIRACHA FLAVOR/SMOKED BUFFALO 700GM,Al Kabeer,Chicken Strips-Frozen,Spicy,Zing,700 gm,1,CCKSB,CHICKEN STICKS BULK,1 Kgs x 5 Pkts,STICKS & FINGERS,54.01,46.96,85.5,conflict,0.12,,manual_required
4222,19412755,AL KABEER ZING CHICKEN STRIPS NON SPICY 750GM,Al Kabeer,Chicken Strips-Frozen,Spicy,Zing,750 gm,1,CKSK,SHISH KEBAB,600 Gms x 12 Pkts,KEBAB,54.67,48.84,85.5,conflict,1.98,,manual_required
4223,19412755,AL KABEER ZING CHICKEN STRIPS NON SPICY 750GM,Al Kabeer,Chicken Strips-Frozen,No Variant,Zing,750 gm,1,CKN,CHICKEN NUGGETS,270 Gms x 20 Pkts,NUGGETS,54.89,49.46,85.5,conflict,2.99,,manual_required
4224,19412756,AL KABEER CHICKEN POPCORN 750GM,Al Kabeer,Chicken Popcorn-Frozen,No Variant,Marinated & Breaded,750 gm,1,CKJCNA,JUMBO CHICKEN NUGGETS,1 Kgs x 5 Pkts,NUGGETS,52.67,43.14,85.5,conflict,0.25,,manual_required
4226,19415860,Al Kabeer Zing Chicken Strips Spicy/Normal 750gm,Al Kabeer,Chicken Strips-Frozen,No Variant,Zing,750 gm,1,CKCKB,CHICKEN BURGERS 56 g,840 g. x 9,BURGERS,51.89,40.91,85.5,conflict,0.45,,manual_required
4227,19415860,Al Kabeer Zing Chicken Strips Spicy/Normal 750gm,Al Kabeer,Chicken Strips-Frozen,Spicy,Zing,750 gm,1,CKSAA,CHICKEN SAMOSAS BULK,1.2 Kgs x 4 Pkts,SAMOSA,53.05,44.21,85.5,conflict,0.86,,manual_required
4235,19417753,Al Kabeer Green Peas/Mixed Vegetables 900gm,Al Kabeer,Mix Vegetables-Frozen,No Variant,Frozen Vegetables,900 gm,1,CFBJ,JUMBO HOTDOGS,400 Gms x 20 Pkts,SAUSAGES,51.97,41.12,85.5,conflict,0.0,,manual_required
4236,19417753,Al Kabeer Green Peas/Mixed Vegetables 900gm,Al Kabeer,Green/Garden Peas-Frozen,No Variant,Frozen Vegetables,900 gm,1,CFB,BEEF FRANKS,454 Gms x 20 Pkts,SAUSAGES,51.83,40.74,85.5,conflict,0.02,,manual_required
4237,19417755,Al Kabeer Waffle Fries 750gm,Al Kabeer,Crisscut Fries-Frozen,No Variant,Frozen Fries & Onion Rings,750 gm,1,CFBF,BREADED FISH FILLET,330 Gms x 20 Pkts,FILLETS,52.04,41.32,85.5,conflict,1.22,,manual_required
4242,19420575,Al Kabeer Mixed Veg / Green Peas 900g,Al Kabeer,Green/Garden Peas-Frozen,No Variant,Frozen Vegetables,900 gm,1,CFBF,BREADED FISH FILLET,330 Gms x 20 Pkts,FILLETS,52.28,42.02,85.5,conflict,0.58,,manual_required
4243,19420575,Al Kabeer Mixed Veg / Green Peas 900g,Al Kabeer,Mix Vegetables-Frozen,No Variant,Frozen Vegetables,900 gm,1,CFBJ,JUMBO HOTDOGS,400 Gms x 20 Pkts,SAUSAGES,51.83,40.74,85.5,conflict,0.39,,manual_required
4245,19420580,AlKabeer Waffle Fries 750gm,Al Kabeer,Crisscut Fries-Frozen,No Variant,Frozen Fries & Onion Rings,750 gm,1,CFBF,BREADED FISH FILLET,330 Gms x 20 Pkts,FILLETS,52.04,41.32,85.5,conflict,1.22,,manual_required
4256,19424101,Al Kabeer Zing Chicken Strips Non Spicy 750gm,Al Kabeer,Chicken Strips-Frozen,No Variant,Zing,750 gm,1,CKN,CHICKEN NUGGETS,270 Gms x 20 Pkts,NUGGETS,54.89,49.46,85.5,conflict,2.99,,manual_required
4264,19428379,Al Kabeer Zing Chicken Fillet Reg/Spicy 750gm,Al Kabeer,Chicken Fillets-Frozen,No Variant,Zing,750 gm,1,CKJCNA,JUMBO CHICKEN NUGGETS,1 Kgs x 5 Pkts,NUGGETS,52.67,43.14,85.5,conflict,0.25,,manual_required
4276,19463182,Al Kabeer Popcorn Chicken 750 gm,Al Kabeer,Chicken Popcorn-Frozen,No Variant,Marinated & Breaded,750 gm,1,CKJCNA,JUMBO CHICKEN NUGGETS,1 Kgs x 5 Pkts,NUGGETS,53.13,44.44,85.5,conflict,0.65,,manual_required
4283,19463190,Al Kabeer Falafel 360 gm,Al Kabeer,Falafel-Frozen,Non-Stuffed,"Frozen Pizzas, Wraps, Sandwiches",360 gm,1,CFB,BEEF FRANKS,454 Gms x 20 Pkts,SAUSAGES,50.49,36.89,85.5,conflict,0.19,,manual_required
4291,19480383,Al Kabeer Zing Strps Non Spicy 750Gm+Nuggets 750Gm,Al Kabeer,Chicken Strips-Frozen,No Variant,Zing,750 gm,1,CKBW,BBQ CHICKEN WINGS 400,400 Gms x 12 Pkts,WINGS,52.35,42.2,85.5,conflict,0.45,,manual_required
4298,19488269,Al Kabeer Chicken Pop-Corn 750g,Al Kabeer,Chicken Popcorn-Frozen,No Variant,Marinated & Breaded,750 gm,1,CKCKB,CHICKEN BURGERS 56 g,840 g. x 9,BURGERS,51.89,40.91,85.5,conflict,0.06,,manual_required
4299,19488273,Al Kabeer Assorted (Chicken Nuggets/Breaded Chicken Fillet - Non Spicy) 750g,Al Kabeer,Chicken Fillets-Frozen,No Variant,Marinated & Breaded,750 gm,1,CCCTM,CHICKEN TIKKA MAKHANI & PILAU RICE,450 Gms x 12 Pkts,READY2EAT,53.7,46.06,85.5,conflict,0.95,,manual_required
4300,19488273,Al Kabeer Assorted (Chicken Nuggets/Breaded Chicken Fillet - Non Spicy) 750g,Al Kabeer,Chicken Nuggets-Frozen,No Variant,Marinated & Breaded,750 gm,1,CCCTM,CHICKEN TIKKA MAKHANI & PILAU RICE,450 Gms x 12 Pkts,READY2EAT,54.07,47.13,85.5,conflict,0.88,,manual_required
4306,19499384,Al Kabeer Assorted (Chicken Nuggets / Breaded Chicken Fillet - Non Spicy) 750g,Al Kabeer,Chicken Fillets-Frozen,No Variant,Marinated & Breaded,750 gm,1,CCCTM,CHICKEN TIKKA MAKHANI & PILAU RICE,450 Gms x 12 Pkts,READY2EAT,53.7,46.06,85.5,conflict,0.95,,manual_required
4307,19499384,Al Kabeer Assorted (Chicken Nuggets / Breaded Chicken Fillet - Non Spicy) 750g,Al Kabeer,Chicken Nuggets-Frozen,No Variant,Marinated & Breaded,750 gm,1,CCCTM,CHICKEN TIKKA MAKHANI & PILAU RICE,450 Gms x 12 Pkts,READY2EAT,54.07,47.13,85.5,conflict,0.88,,manual_required
4310,19499389,Al Kabeer Chicken Pop - Corn 750g,Al Kabeer,Chicken Popcorn-Frozen,No Variant,Marinated & Breaded,750 gm,1,CKCKB,CHICKEN BURGERS 56 g,840 g. x 9,BURGERS,51.89,40.91,85.5,conflict,0.06,,manual_required
4312,19502744,Al Kabeer Zing Chicken Nuggets/Pop corn 750Gm,Al Kabeer,Chicken Popcorn-Frozen,No Variant,Marinated & Breaded,750 gm,1,CCKSB,CHICKEN STICKS BULK,1 Kgs x 5 Pkts,STICKS & FINGERS,53.31,44.96,85.5,conflict,0.7,,manual_required
4313,19502744,Al Kabeer Zing Chicken Nuggets/Pop corn 750Gm,Al Kabeer,Chicken Nuggets-Frozen,Spicy,Zing,750 gm,1,CKSK,SHISH KEBAB,600 Gms x 12 Pkts,KEBAB,54.31,47.83,85.5,conflict,1.1,,manual_required
4314,19502744,Al Kabeer Zing Chicken Nuggets/Pop corn 750Gm,Al Kabeer,Chicken Nuggets-Frozen,No Variant,Marinated & Breaded,750 gm,1,CCCB,CHICKEN BIRYANI 400,400 Gms x 12 Pkts,READY2EAT,53.56,45.67,85.5,conflict,0.36,,manual_required
4324,19557644,Al Kabeer French Fries 2.5KG,Al Kabeer,French Fries-Frozen,No Variant,Frozen Fries & Onion Rings,2.5 kg,1,CFBFA,BREADED FISH FILLET BULK,1 Kgs x 5 Pkts,FILLETS,52.24,41.9,85.5,conflict,0.08,,manual_required
4327,19571623,ALKABEER CHICKEN POPCORN 750GM,Al Kabeer,Chicken Popcorn-Frozen,No Variant,Marinated & Breaded,750 gm,1,CKJCNA,JUMBO CHICKEN NUGGETS,1 Kgs x 5 Pkts,NUGGETS,52.67,43.14,85.5,conflict,0.25,,manual_required
4335,19574368,Al Kabeer Tandoori Chicken Nuggets 270gm,Al Kabeer,Chicken Nuggets-Frozen,No Variant,Marinated & Breaded,270 gm,1,CCCB,CHICKEN BIRYANI 400,400 Gms x 12 Pkts,READY2EAT,53.64,45.9,85.5,conflict,0.45,,manual_required
4337,19575839,"AL KABEER ZING CHICKEN STRIPS SMOKE BUFFALO OR SPICY SRIRACHA, 700 GRAMS",Al Kabeer,Chicken Strips-Frozen,No Variant,Zing,700 gm,1,CCKSB,CHICKEN STICKS BULK,1 Kgs x 5 Pkts,STICKS & FINGERS,54.19,47.46,85.5,conflict,0.24,,manual_required
4345,19578637,AL KABEER ZING CHICKEN STRIPS NON SPICY 750G,Al Kabeer,Chicken Strips-Frozen,No Variant,Zing,750 gm,1,CKSAA,CHICKEN SAMOSAS BULK,1.2 Kgs x 4 Pkts,SAMOSA,53.67,46.0,85.5,conflict,1.52,,manual_required
4353,19578645,AL KABEER CHICKEN POPCORN 750G,Al Kabeer,Chicken Popcorn-Frozen,No Variant,Marinated & Breaded,750 gm,1,CKJCNA,JUMBO CHICKEN NUGGETS,1 Kgs x 5 Pkts,NUGGETS,53.13,44.44,85.5,conflict,0.65,,manual_required
4355,19579627,Al Kabeer  ZING CHICKEN STRIPS SPICY/NON-SPICY 750 GR,Al Kabeer,Chicken Strips-Frozen,No Variant,Zing,750 gm,1,CKBW,BBQ CHICKEN WINGS 400,400 Gms x 12 Pkts,WINGS,54.52,48.42,85.5,conflict,2.63,,manual_required
4356,19579627,Al Kabeer  ZING CHICKEN STRIPS SPICY/NON-SPICY 750 GR,Al Kabeer,Chicken Strips-Frozen,Spicy,Zing,750 gm,1,CKJCNA,JUMBO CHICKEN NUGGETS,1 Kgs x 5 Pkts,NUGGETS,53.6,45.78,85.5,conflict,0.27,,manual_required
4359,19579640,AL KABEER CHICKEN NUGGETS/FILLET NON-SPICY 750 GR,Al Kabeer,Chicken Fillets-Frozen,No Variant,Marinated & Breaded,750 gm,1,CCKSB,CHICKEN STICKS BULK,1 Kgs x 5 Pkts,STICKS & FINGERS,52.95,43.94,85.5,conflict,0.08,,manual_required
4360,19579640,AL KABEER CHICKEN NUGGETS/FILLET NON-SPICY 750 GR,Al Kabeer,Chicken Nuggets-Frozen,No Variant,Marinated & Breaded,750 gm,1,CCKSB,CHICKEN STICKS BULK,1 Kgs x 5 Pkts,STICKS & FINGERS,53.38,45.16,85.5,conflict,0.14,,manual_required
4375,19583119,AL KABEER BREADED CHICKEN FILLET HOT AND SPICY 750GM,Al Kabeer,Chicken Fillets-Frozen,Hot & Spicy,Marinated & Breaded,750 gm,1,CCKSB,CHICKEN STICKS BULK,1 Kgs x 5 Pkts,STICKS & FINGERS,54.92,49.56,85.5,conflict,0.14,,manual_required
4377,19583121,AL KABEER CHICKEN POPCORN 750GM,Al Kabeer,Chicken Popcorn-Frozen,No Variant,Marinated & Breaded,750 gm,1,CKJCNA,JUMBO CHICKEN NUGGETS,1 Kgs x 5 Pkts,NUGGETS,52.67,43.14,85.5,conflict,0.25,,manual_required
4378,19583122,Al Kabeer ZING CHICKEN STRIPS SPICY SRIRACHA FLAVOR/SMOKED BUFFALO 700GM,Al Kabeer,Chicken Strips-Frozen,Spicy,Zing,700 gm,1,CCKSB,CHICKEN STICKS BULK,1 Kgs x 5 Pkts,STICKS & FINGERS,54.01,46.96,85.5,conflict,0.12,,manual_required
4379,19583122,Al Kabeer ZING CHICKEN STRIPS SPICY SRIRACHA FLAVOR/SMOKED BUFFALO 700GM,Al Kabeer,Chicken Strips-Frozen,No Variant,Zing,700 gm,1,CCF,CHICKEN FRIES,12 PKTS X 400 GRM,POP-CORN & CHICKEN FRIES,54.14,47.33,85.5,conflict,1.19,,manual_required
4380,19583123,AL KABEER CHICKEN NUGGETS BULK 750GM,Al Kabeer,Chicken Nuggets-Frozen,No Variant,Marinated & Breaded,750 gm,1,CBBUR,BEEF BURGERS 56 g.,840 g. x 9,BURGERS,52.76,43.4,85.5,conflict,0.19,,manual_required
4384,19583128,AL KABEER ZING CHICKEN FILLET 750GM/NON SPICY,Al Kabeer,Chicken Fillets-Frozen,No Variant,Zing,750 gm,1,CKJCNA,JUMBO CHICKEN NUGGETS,1 Kgs x 5 Pkts,NUGGETS,51.99,41.18,85.5,conflict,0.09,,manual_required
4387,19583132,AL KABEER ZING CHICKEN STRIPS NON SPICY 750GM,Al Kabeer,Chicken Strips-Frozen,Spicy,Marinated & Breaded,750 gm,1,CCCB,CHICKEN BIRYANI 400,400 Gms x 12 Pkts,READY2EAT,53.26,44.83,85.5,conflict,0.45,,manual_required
4388,19583132,AL KABEER ZING CHICKEN STRIPS NON SPICY 750GM,Al Kabeer,Chicken Strips-Frozen,No Variant,Marinated & Breaded,750 gm,1,CCKSB,CHICKEN STICKS BULK,1 Kgs x 5 Pkts,STICKS & FINGERS,54.93,49.59,85.5,conflict,1.92,,manual_required
4391,19588190,Al Kabeer Nuggets / Breaded Chicken Fillet 750g,Al Kabeer,Chicken Nuggets-Frozen,No Variant,Marinated & Breaded,750 gm,1,CFBF,BREADED FISH FILLET,330 Gms x 20 Pkts,FILLETS,54.94,49.6,85.5,conflict,0.33,,manual_required
4394,19588192,Al Kabeer Zing Chicken Strips/fillet/Popcorn 750g,Al Kabeer,Chicken Fillets-Frozen,No Variant,Zing,750 gm,1,CKCKB,CHICKEN BURGERS 56 g,840 g. x 9,BURGERS,52.13,41.58,85.5,conflict,0.42,,manual_required
4395,19588192,Al Kabeer Zing Chicken Strips/fillet/Popcorn 750g,Al Kabeer,Chicken Strips-Frozen,No Variant,Zing,750 gm,1,CKJCNA,JUMBO CHICKEN NUGGETS,1 Kgs x 5 Pkts,NUGGETS,52.89,43.75,85.5,conflict,0.26,,manual_required
4411,19590131,Al Kabeer Zing Chicken Fillet/Nuggets/Strips 750gm,Al Kabeer,Chicken Fillets-Frozen,No Variant,Zing,750 gm,1,CFBF,BREADED FISH FILLET,330 Gms x 20 Pkts,FILLETS,54.8,49.21,85.5,conflict,1.02,,manual_required
4412,19590131,Al Kabeer Zing Chicken Fillet/Nuggets/Strips 750gm,Al Kabeer,Chicken Nuggets-Frozen,No Variant,Zing,750 gm,1,CKBW,BBQ CHICKEN WINGS 400,400 Gms x 12 Pkts,WINGS,53.67,46.0,85.5,conflict,0.68,,manual_required
4423,19592298,Al Kabeer Paneer Cubes 200gm,Al Kabeer,Paneer,No Variant,Paneer,200 gm,1,CKCCR,CHICKEN ‘N’ CHEESE RINGS 300,300 gms x 12 pkts,POP-CORN & CHICKEN FRIES,52.31,42.11,85.5,conflict,0.09,,manual_required
4428,19594508,Al Kabeer BREDED CHICKEN FILLET / CHICKEN NUGGETS 750g,Al Kabeer,Chicken Fillets-Frozen,No Variant,Marinated & Breaded,750 gm,1,BF,BEEF TENDERLOIN/FILLET,20 KGS,MEAT-INDIAN-TRD,53.99,46.9,85.5,conflict,0.38,,manual_required
4429,19594508,Al Kabeer BREDED CHICKEN FILLET / CHICKEN NUGGETS 750g,Al Kabeer,Chicken Nuggets-Frozen,No Variant,Marinated & Breaded,750 gm,1,BF,BEEF TENDERLOIN/FILLET,20 KGS,MEAT-INDIAN-TRD,54.44,48.18,85.5,conflict,0.36,,manual_required
4430,19594511,Al Kabeer PANEER CUBES 200g,Al Kabeer,Paneer,No Variant,Paneer,200 gm,1,CKCCR,CHICKEN ‘N’ CHEESE RINGS 300,300 gms x 12 pkts,POP-CORN & CHICKEN FRIES,52.79,43.48,85.5,conflict,0.32,,manual_required
4435,19609924,Al Kabeer Zing Strips 750gm+ Nuggets 750gm,Al Kabeer,Chicken Strips-Frozen,No Variant,Zing,750 gm,1,CKSAPR,AK PRO CHICKEN SAMOSA,4 X 1.2 KGS,SAMOSA,53.45,45.36,85.5,conflict,0.4,,manual_required
4444,19688283,Al Kabeer Pop Corn Chicken750gm,Al Kabeer,Chicken Popcorn-Frozen,No Variant,Marinated & Breaded,750 gm,1,CKCKB,CHICKEN BURGERS 56 g,840 g. x 9,BURGERS,51.89,40.91,85.5,conflict,0.44,,manual_required
4448,19688287,Al Kabeer Felafel Frozen 360 Gm,Al Kabeer,Falafel-Frozen,Non-Stuffed,"Frozen Pizzas, Wraps, Sandwiches",360 gm,1,CFB,BEEF FRANKS,454 Gms x 20 Pkts,SAUSAGES,50.82,37.84,85.5,conflict,0.57,,manual_required
4462,19716624,Al Kabeer Krazee Chicken Nuggets 750Gm,Al Kabeer,Chicken Nuggets-Frozen,No Variant,Marinated & Breaded,750 gm,1,CFB,BEEF FRANKS,454 Gms x 20 Pkts,SAUSAGES,52.41,42.37,85.5,conflict,0.06,,manual_required
4473,19730613,"AL KABEER ZING CHICKEN STRIPS SMOKE BUFFALO OR SPICY SRIRACHA, 700 GRAMS",Al Kabeer,Chicken Strips-Frozen,No Variant,Zing,700 gm,1,CCKSB,CHICKEN STICKS BULK,1 Kgs x 5 Pkts,STICKS & FINGERS,54.19,47.46,85.5,conflict,0.24,,manual_required
4475,19731562,AL KABEER CRAZY CHICKEN NUGGETS 750GM,Al Kabeer,Chicken Nuggets-Frozen,No Variant,Marinated & Breaded,750 gm,1,CFB,BEEF FRANKS,454 Gms x 20 Pkts,SAUSAGES,52.53,42.74,85.5,conflict,0.63,,manual_required
4479,19731568,ALKABEER TENDER CHICKEN BREAST 1000GM,Al Kabeer,Chicken Breast-Frozen,No Variant,Frozen Chicken Parts,1000 gm,1,CFBF,BREADED FISH FILLET,330 Gms x 20 Pkts,FILLETS,52.58,42.86,85.5,conflict,0.19,,manual_required
4486,19732473,AL KABEER ZING CHICKEN STRIPS-SMOKED BUFFALO/SPICY SRIRACHA 700 GR,Al Kabeer,Chicken Strips-Frozen,No Variant,Zing,700 gm,1,CCKSB,CHICKEN STICKS BULK,1 Kgs x 5 Pkts,STICKS & FINGERS,54.05,47.06,85.5,conflict,0.23,,manual_required
4491,19734534,AL KABEER ZING CHICKEN STRIPS SPICY 750 Gm ,Al Kabeer,Chicken Strips-Frozen,No Variant,Zing,750 gm,1,CKSK,SHISH KEBAB,600 Gms x 12 Pkts,KEBAB,54.69,48.89,85.5,conflict,2.65,,manual_required
4494,19734539,AL KABEER ZING CHICKEN FILLETS SPICY 750 Gm ,Al Kabeer,Chicken Fillets-Frozen,No Variant,Zing,750 gm,1,CKSK,SHISH KEBAB,600 Gms x 12 Pkts,KEBAB,53.73,46.15,85.5,conflict,0.35,,manual_required
4495,19734541,AL KABEER FROZEN STRAWBERRIES 900Gm,Al Kabeer,Strawberry-Frozen,No Variant,Frozen Fruits,900 gm,1,VPS,PUNJABI SAMOSA,450 GMS X 10 PKTS,SAMOSA,51.72,40.4,85.5,conflict,0.01,,manual_required
4504,19740649,Al Kabeer Paneer Cubes 200gm,Al Kabeer,Paneer,No Variant,Paneer,200 gm,1,CKCCR,CHICKEN ‘N’ CHEESE RINGS 300,300 gms x 12 pkts,POP-CORN & CHICKEN FRIES,52.31,42.11,85.5,conflict,0.09,,manual_required
4505,19740653,Kabeer Chicken Nugget 270gm,Al Kabeer,Chicken Nuggets-Frozen,No Variant,Marinated & Breaded,270 gm,1,CFB,BEEF FRANKS,454 Gms x 20 Pkts,SAUSAGES,52.7,43.2,85.5,conflict,0.08,,manual_required
4512,19741632,Al Kabeer Krazee Chicken Nuggets 750gm,Al Kabeer,Chicken Nuggets-Frozen,No Variant,Marinated & Breaded,750 gm,1,CFB,BEEF FRANKS,454 Gms x 20 Pkts,SAUSAGES,52.41,42.37,85.5,conflict,0.06,,manual_required
4517,19742671,ALKABEER ZING CHICKEN FILLET/NUGGETS 750GM,Al Kabeer,Chicken Fillets-Frozen,No Variant,Zing,750 gm,1,CKSAPR,AK PRO CHICKEN SAMOSA,4 X 1.2 KGS,SAMOSA,52.91,43.81,85.5,conflict,0.56,,manual_required
4518,19742671,ALKABEER ZING CHICKEN FILLET/NUGGETS 750GM,Al Kabeer,Chicken Nuggets-Frozen,No Variant,Zing,750 gm,1,CKSAPR,AK PRO CHICKEN SAMOSA,4 X 1.2 KGS,SAMOSA,53.45,45.36,85.5,conflict,0.63,,manual_required
4521,19743510,AL KABEER BREADED CHICKEN FILLET HOT AND SPICY 750GM,Al Kabeer,Chicken Fillets-Frozen,Hot & Spicy,Marinated & Breaded,750 gm,1,CCKSB,CHICKEN STICKS BULK,1 Kgs x 5 Pkts,STICKS & FINGERS,54.92,49.56,85.5,conflict,0.14,,manual_required
4530,19743522,AL KABEER ZING CHICKEN STRIPS SPICY SRIRACHA FLAVOR/SMOKED BUFFALO 700 GM,Al Kabeer,Chicken Strips-Frozen,Spicy,Zing,700 gm,1,CCKSB,CHICKEN STICKS BULK,1 Kgs x 5 Pkts,STICKS & FINGERS,54.45,48.21,85.5,conflict,0.86,,manual_required
4531,19743522,AL KABEER ZING CHICKEN STRIPS SPICY SRIRACHA FLAVOR/SMOKED BUFFALO 700 GM,Al Kabeer,Chicken Strips-Frozen,No Variant,Zing,700 gm,1,CCF,CHICKEN FRIES,12 PKTS X 400 GRM,POP-CORN & CHICKEN FRIES,54.53,48.44,85.5,conflict,1.22,,manual_required
4533,19743524,AL KABEER CHICKEN NUGGETS BULK 750GM,Al Kabeer,Chicken Nuggets-Frozen,No Variant,Marinated & Breaded,750 gm,1,CBBUR,BEEF BURGERS 56 g.,840 g. x 9,BURGERS,52.76,43.4,85.5,conflict,0.19,,manual_required
4534,19743525,AL KABEER CHICKEN POPCORN 750 GM,Al Kabeer,Chicken Popcorn-Frozen,No Variant,Marinated & Breaded,750 gm,1,CKJCNA,JUMBO CHICKEN NUGGETS,1 Kgs x 5 Pkts,NUGGETS,53.13,44.44,85.5,conflict,0.65,,manual_required
4535,19743526,AL KABEER ZING CHICKEN STRIPS NON SPICY 750GM,Al Kabeer,Chicken Strips-Frozen,No Variant,Zing,750 gm,1,CKN,CHICKEN NUGGETS,270 Gms x 20 Pkts,NUGGETS,54.89,49.46,85.5,conflict,2.99,,manual_required
4536,19743526,AL KABEER ZING CHICKEN STRIPS NON SPICY 750GM,Al Kabeer,Chicken Strips-Frozen,Spicy,Marinated & Breaded,750 gm,1,CCCB,CHICKEN BIRYANI 400,400 Gms x 12 Pkts,READY2EAT,53.26,44.83,85.5,conflict,0.45,,manual_required
4537,19743527,AL KABEER ZING CHICKEN FILLET 750GM/NON SPICY,Al Kabeer,Chicken Fillets-Frozen,No Variant,Zing,750 gm,1,CKJCNA,JUMBO CHICKEN NUGGETS,1 Kgs x 5 Pkts,NUGGETS,51.99,41.18,85.5,conflict,0.09,,manual_required
4540,19744795,Al Kabeer Kraze Chicken Nugets 750gm,Al Kabeer,Chicken Nuggets-Frozen,No Variant,Marinated & Breaded,750 gm,1,CKBCS,BEEF COCKTAIL SAUSAGES,400 Gms x 20 Pkts,SAUSAGES,52.58,42.86,85.5,conflict,0.32,,manual_required
4546,19748240,Al Kabeer Zing Chicken Strips Spicy750gm,Al Kabeer,Chicken Strips-Frozen,No Variant,Zing,750 gm,1,CKSK,SHISH KEBAB,600 Gms x 12 Pkts,KEBAB,54.13,47.31,85.5,conflict,1.82,,manual_required
4552,19751466,AL KABEER KRAZEE CHICKEN NUGGETS 750GM,Al Kabeer,Chicken Nuggets-Frozen,No Variant,Marinated & Breaded,750 gm,1,CFB,BEEF FRANKS,454 Gms x 20 Pkts,SAUSAGES,52.41,42.37,85.5,conflict,0.06,,manual_required
4556,19765609,Al Kabeer Chicken Popcorn 750g,Al Kabeer,Chicken Popcorn-Frozen,No Variant,Marinated & Breaded,750 gm,1,CKJCNA,JUMBO CHICKEN NUGGETS,1 Kgs x 5 Pkts,NUGGETS,53.13,44.44,85.5,conflict,0.65,,manual_required
4564,19765617,Al Kabeer Crazy Chicken Nuggets 750gm,Al Kabeer,Chicken Nuggets-Frozen,No Variant,Marinated & Breaded,750 gm,1,CFB,BEEF FRANKS,454 Gms x 20 Pkts,SAUSAGES,52.53,42.74,85.5,conflict,0.63,,manual_required
4574,19835816,Al Kabeer Felafel Frozen 360gm,Al Kabeer,Falafel-Frozen,Non-Stuffed,"Frozen Pizzas, Wraps, Sandwiches",360 gm,1,CFB,BEEF FRANKS,454 Gms x 20 Pkts,SAUSAGES,51.08,38.6,85.5,conflict,1.01,,manual_required
4575,19835817,Al Kabeer Chicken Pop-Corn 750gm,Al Kabeer,Chicken Popcorn-Frozen,No Variant,Marinated & Breaded,750 gm,1,CKCKB,CHICKEN BURGERS 56 g,840 g. x 9,BURGERS,51.89,40.91,85.5,conflict,0.44,,manual_required
4579,19835821,Al kabeer breaded chicken fillet Non Spicy 750gm,Al Kabeer,Chicken Fillets-Frozen,No Variant,Zing,750 gm,1,CKCKB,CHICKEN BURGERS 56 g,840 g. x 9,BURGERS,51.89,40.91,85.5,conflict,0.32,,manual_required
4581,19835823,Al Kabeer chicken zinger fillet 750gm,Al Kabeer,Chicken Fillets-Frozen,Spicy,Marinated & Breaded,750 gm,1,CKJCNA,JUMBO CHICKEN NUGGETS,1 Kgs x 5 Pkts,NUGGETS,52.08,41.44,85.5,conflict,0.19,,manual_required
4594,19872008,Alkabeer Nuggets 750g,Al Kabeer,Chicken Nuggets-Frozen,No Variant,Marinated & Breaded,750 gm,1,CKSAPR,AK PRO CHICKEN SAMOSA,4 X 1.2 KGS,SAMOSA,53.06,44.23,85.5,conflict,0.38,,manual_required
4601,19876817,"AL KABEER ZING CHICKEN FILLET REGULAR OR HOT, 750 GRAMS",Al Kabeer,Chicken Fillets-Frozen,No Variant,Zing,750 gm,1,CCSK,KIRI CHEESE SAMOSA,20 X 240 GMS,SAMOSA,54.27,47.71,85.5,conflict,0.59,,manual_required
4604,19876822,"AL KABEER CHICKEN KRAZEE NUGGETS OR BREADED CHICKEN FILLETS , 750 GRAMS",Al Kabeer,Chicken Fillets-Frozen,Spicy,Marinated & Breaded,750 gm,1,CCKSB,CHICKEN STICKS BULK,1 Kgs x 5 Pkts,STICKS & FINGERS,54.93,49.57,85.5,conflict,0.14,,manual_required
4605,19876822,"AL KABEER CHICKEN KRAZEE NUGGETS OR BREADED CHICKEN FILLETS , 750 GRAMS",Al Kabeer,Chicken Nuggets-Frozen,No Variant,Marinated & Breaded,750 gm,1,CCCTM,CHICKEN TIKKA MAKHANI & PILAU RICE,450 Gms x 12 Pkts,READY2EAT,54.49,48.32,85.5,conflict,0.38,,manual_required
4615,19882928,Alkabeer Tender Chicken Breast 1000Gm,Al Kabeer,Chicken Breast-Frozen,No Variant,Frozen Chicken Parts,1000 gm,1,CFBF,BREADED FISH FILLET,330 Gms x 20 Pkts,FILLETS,52.58,42.86,85.5,conflict,0.19,,manual_required
4618,19882933,AL KABEER CRAZY CHICKEN NUGGETS 750GM,Al Kabeer,Chicken Nuggets-Frozen,No Variant,Marinated & Breaded,750 gm,1,CFB,BEEF FRANKS,454 Gms x 20 Pkts,SAUSAGES,52.53,42.74,85.5,conflict,0.63,,manual_required
4620,19882938,ALKABEER CHICKEN TANDOORI NUGGETS 270GM,Al Kabeer,Chicken Nuggets-Frozen,No Variant,Marinated & Breaded,270 gm,1,CCCB,CHICKEN BIRYANI 400,400 Gms x 12 Pkts,READY2EAT,53.64,45.9,85.5,conflict,0.45,,manual_required
4630,19888374,Al Kabeer Zing Chicken Nuggets (270g) / Strips (320g),Al Kabeer,Chicken Nuggets-Frozen,Spicy,Zing,270 gm,1,CKSAPR,AK PRO CHICKEN SAMOSA,4 X 1.2 KGS,SAMOSA,54.13,47.31,85.5,conflict,0.41,,manual_required
4636,19888634,Al Kabeer Krazee Chicken Nuggets (750g),Al Kabeer,Chicken Nuggets-Frozen,No Variant,Marinated & Breaded,750 gm,1,CFB,BEEF FRANKS,454 Gms x 20 Pkts,SAUSAGES,52.18,41.74,85.5,conflict,0.05,,manual_required
4655,19896362,Al Kabeer Zing Chicken Strip/Buffalo Flavour 750gm,Al Kabeer,Chicken Strips-Frozen,No Variant,Marinated & Breaded,750 gm,1,CCMSA,MOZZARELLA CHEESE STICKS,1000G X 5 Pkts,STICKS & FINGERS,54.26,47.68,85.5,conflict,0.37,,manual_required
4656,19901880,Al kabeer Zing Chicken Strips/NoSpicy 750Gm,Al Kabeer,Chicken Strips-Frozen,No Variant,Zing,750 gm,1,CKSAA,CHICKEN SAMOSAS BULK,1.2 Kgs x 4 Pkts,SAMOSA,53.52,45.54,85.5,conflict,1.51,,manual_required
4658,19901882,Al Kabeer krazee Chicken Nuggets 750gm,Al Kabeer,Chicken Nuggets-Frozen,No Variant,Marinated & Breaded,750 gm,1,CFB,BEEF FRANKS,454 Gms x 20 Pkts,SAUSAGES,52.41,42.37,85.5,conflict,0.06,,manual_required
4659,19901885,Al Kabeer Popcorn Chicken 750gm,Al Kabeer,Chicken Popcorn-Frozen,No Variant,Marinated & Breaded,750 gm,1,CKJCNA,JUMBO CHICKEN NUGGETS,1 Kgs x 5 Pkts,NUGGETS,52.67,43.14,85.5,conflict,0.25,,manual_required
4677,19908673,Al Kabeer Chicken Popcorn Catering 750g,Al Kabeer,Chicken Popcorn-Frozen,No Variant,Marinated & Breaded,750 gm,1,CCCB,CHICKEN BIRYANI 400,400 Gms x 12 Pkts,READY2EAT,54.05,47.06,85.5,conflict,1.59,,manual_required
4678,19908674,Al Kabeer Krazee Chicken Nuggets 750gm,Al Kabeer,Chicken Nuggets-Frozen,No Variant,Marinated & Breaded,750 gm,1,CFB,BEEF FRANKS,454 Gms x 20 Pkts,SAUSAGES,52.41,42.37,85.5,conflict,0.06,,manual_required
4681,19908679,Al Kabeer Chicken Nuggets Bulk 750gm,Al Kabeer,Chicken Nuggets-Frozen,No Variant,Marinated & Breaded,750 gm,1,CBBUR,BEEF BURGERS 56 g.,840 g. x 9,BURGERS,52.76,43.4,85.5,conflict,0.19,,manual_required
4682,19908680,Al Kabeer Zing Chicken Strips 750g,Al Kabeer,Chicken Strips-Frozen,Spicy,Marinated & Breaded,750 gm,1,CKJCNA,JUMBO CHICKEN NUGGETS,1 Kgs x 5 Pkts,NUGGETS,53.29,44.9,85.5,conflict,0.24,,manual_required
4683,19908680,Al Kabeer Zing Chicken Strips 750g,Al Kabeer,Chicken Strips-Frozen,No Variant,Marinated & Breaded,750 gm,1,CFBF,BREADED FISH FILLET,330 Gms x 20 Pkts,FILLETS,53.07,44.26,85.5,conflict,0.01,,manual_required
4690,19908686,AL KABEER ZING CHICKEN FILLET 750GM/NON SPICY,Al Kabeer,Chicken Fillets-Frozen,No Variant,Zing,750 gm,1,CKJCNA,JUMBO CHICKEN NUGGETS,1 Kgs x 5 Pkts,NUGGETS,51.99,41.18,85.5,conflict,0.09,,manual_required
4704,19971695,Al Kabeer Zing Chicken Strips Sriracha 700gm,Al Kabeer,Chicken Strips-Frozen,No Variant,Zing,700 gm,1,CKSAA,CHICKEN SAMOSAS BULK,1.2 Kgs x 4 Pkts,SAMOSA,53.36,45.1,85.5,conflict,0.78,,manual_required
4710,19971699,Al Kabeer Zing Chicken Strips/Nuggets 320/270gm,Al Kabeer,Chicken Nuggets-Frozen,Spicy,Zing,270 gm,1,CBBO,4 BEEF BURGERS,200 Gms x 30 Pkt,BURGERS,53.96,46.81,85.5,conflict,0.34,,manual_required
4711,19971700,Alkabeer chicken cheese rings 300gm,Al Kabeer,Chicken Cheese Stick-Frozen,No Variant,Frozen Barbeque Products,300 gm,1,CCSRA,8 CHEESE SPRING ROLLS,240 Gms x 20 Pkts,SPRING ROLL,54.94,49.6,85.5,conflict,0.17,,manual_required
4715,19971702,Al Kabeer Pop Corn Chicken/Zing Chicken Strips 750gm,Al Kabeer,Chicken Strips-Frozen,Spicy,Zing,750 gm,1,CKJCNA,JUMBO CHICKEN NUGGETS,1 Kgs x 5 Pkts,NUGGETS,53.48,45.45,85.5,conflict,0.26,,manual_required
4718,19971704,Al Kabeer Zing Fish Fillet Mild Spicy 750g,Al Kabeer,Zing Fish Fillet,No Variant,Breaded Seafood,750 gm,1,CFB,BEEF FRANKS,454 Gms x 20 Pkts,SAUSAGES,52.62,42.99,85.5,conflict,0.49,,manual_required
4719,19971705,Al Kabeer chicken zinger fillets/ Spicy 750gm,Al Kabeer,Chicken Fillets-Frozen,No Variant,Zing,750 gm,1,CKN,CHICKEN NUGGETS,270 Gms x 20 Pkts,NUGGETS,54.17,47.42,85.5,conflict,2.28,,manual_required
4723,19971708,Al Kabeer Zing Chicken Strips/Buffalo 750gm,Al Kabeer,Chicken Strips-Frozen,No Variant,Zing,750 gm,1,CKSAA,CHICKEN SAMOSAS BULK,1.2 Kgs x 4 Pkts,SAMOSA,54.9,49.5,85.5,conflict,0.01,,manual_required
4732,19995593,Al Kabeer Mixed Vegetable 900GM,Al Kabeer,Mix Vegetables-Frozen,No Variant,Frozen Vegetables,900 gm,1,CFBJ,JUMBO HOTDOGS,400 Gms x 20 Pkts,SAUSAGES,52.1,41.51,85.5,conflict,1.07,,manual_required
4735,19995599,Al Kabeer Krazee Chicken Nuggets 750Gm,Al Kabeer,Chicken Nuggets-Frozen,No Variant,Marinated & Breaded,750 gm,1,CFB,BEEF FRANKS,454 Gms x 20 Pkts,SAUSAGES,52.41,42.37,85.5,conflict,0.06,,manual_required
4736,19995602,Al Kabeer Zing Chicken Fillets / Pop Corn 750GM ,Al Kabeer,Chicken Fillets-Frozen,No Variant,Zing,750 gm,1,CKCKB,CHICKEN BURGERS 56 g,840 g. x 9,BURGERS,52.96,43.96,85.5,conflict,0.49,,manual_required
4737,19995602,Al Kabeer Zing Chicken Fillets / Pop Corn 750GM ,Al Kabeer,Chicken Popcorn-Frozen,No Variant,Marinated & Breaded,750 gm,1,CFBF,BREADED FISH FILLET,330 Gms x 20 Pkts,FILLETS,54.71,48.95,85.5,conflict,1.94,,manual_required
4741,20007651,AL KABEER ZING CHICKEN STRIPS SPICY/NON-SPICY 750GR,Al Kabeer,Chicken Strips-Frozen,No Variant,Zing,750 gm,1,CKBW,BBQ CHICKEN WINGS 400,400 Gms x 12 Pkts,WINGS,54.52,48.42,85.5,conflict,2.63,,manual_required
4742,20007651,AL KABEER ZING CHICKEN STRIPS SPICY/NON-SPICY 750GR,Al Kabeer,Chicken Strips-Frozen,Spicy,Zing,750 gm,1,CKJCNA,JUMBO CHICKEN NUGGETS,1 Kgs x 5 Pkts,NUGGETS,53.6,45.78,85.5,conflict,0.27,,manual_required
4753,20008841,ALKABEER TENDER CHICKEN BREAST 1000GM,Al Kabeer,Chicken Breast-Frozen,No Variant,Frozen Chicken Parts,1000 gm,1,CFBF,BREADED FISH FILLET,330 Gms x 20 Pkts,FILLETS,52.58,42.86,85.5,conflict,0.19,,manual_required
4754,20008842,AL KABEER CRAZY CHICKEN NUGGETS 750GM,Al Kabeer,Chicken Nuggets-Frozen,No Variant,Marinated & Breaded,750 gm,1,CFB,BEEF FRANKS,454 Gms x 20 Pkts,SAUSAGES,52.53,42.74,85.5,conflict,0.63,,manual_required
4765,20015256,Al Kabeer Zing Chicken Fillets (700/750g),Al Kabeer,Chicken Fillets-Frozen,No Variant,Zing,750 gm,1,CKSK,SHISH KEBAB,600 Gms x 12 Pkts,KEBAB,54.09,47.19,85.5,conflict,0.36,,manual_required
4768,20015258,Al Kabeer Zing Chicken Strips (750g/1Kg),Al Kabeer,Chicken Strips-Frozen,No Variant,Zing,750 gm,1,CKSK,SHISH KEBAB,600 Gms x 12 Pkts,KEBAB,54.88,49.44,85.5,conflict,0.6,,manual_required
4776,20020279,Al Kabeer Popcorn Chicken 750gm,Al Kabeer,Chicken Popcorn-Frozen,No Variant,Marinated & Breaded,750 gm,1,CKJCNA,JUMBO CHICKEN NUGGETS,1 Kgs x 5 Pkts,NUGGETS,52.67,43.14,85.5,conflict,0.25,,manual_required
4789,20026669,Al Kabeer Chicken breast boneless 1000g,Al Kabeer,Chicken Breast-Frozen,No Variant,Frozen Chicken Parts,1000 gm,1,CBBO,4 BEEF BURGERS,200 Gms x 30 Pkt,BURGERS,54.52,48.42,85.5,conflict,1.32,,manual_required
4792,20026690,Al Kabeer Chicken Pop Corn 750g,Al Kabeer,Chicken Popcorn-Frozen,No Variant,Marinated & Breaded,750 gm,1,CKCKB,CHICKEN BURGERS 56 g,840 g. x 9,BURGERS,51.89,40.91,85.5,conflict,0.06,,manual_required
4793,20026691,Al Kabeer Krazee Chicken Nuggets 750g,Al Kabeer,Chicken Nuggets-Frozen,No Variant,Marinated & Breaded,750 gm,1,CFB,BEEF FRANKS,454 Gms x 20 Pkts,SAUSAGES,52.18,41.74,85.5,conflict,0.05,,manual_required
4794,20026713,Al Kabeer Mixed Veg / Green Peas 900gm,Al Kabeer,Green/Garden Peas-Frozen,No Variant,Frozen Vegetables,900 gm,1,CFBF,BREADED FISH FILLET,330 Gms x 20 Pkts,FILLETS,51.92,40.98,85.5,conflict,0.59,,manual_required
4795,20026713,Al Kabeer Mixed Veg / Green Peas 900gm,Al Kabeer,Mix Vegetables-Frozen,No Variant,Frozen Vegetables,900 gm,1,CFBJ,JUMBO HOTDOGS,400 Gms x 20 Pkts,SAUSAGES,51.45,39.64,85.5,conflict,0.01,,manual_required
4804,20027399,Al Kabeer Paneer Cubes 200gm,Al Kabeer,Paneer,No Variant,Paneer,200 gm,1,CKCCR,CHICKEN ‘N’ CHEESE RINGS 300,300 gms x 12 pkts,POP-CORN & CHICKEN FRIES,52.31,42.11,85.5,conflict,0.09,,manual_required
4812,20028371,Al Kabeer - Chicken Pop-corn 750gm,Al Kabeer,Chicken Popcorn-Frozen,No Variant,Marinated & Breaded,750 gm,1,CKCKB,CHICKEN BURGERS 56 g,840 g. x 9,BURGERS,51.89,40.91,85.5,conflict,0.44,,manual_required
4813,20028372,Al Kabeer Green Peas/Mixed Vegetables 900gm,Al Kabeer,Mix Vegetables-Frozen,No Variant,Frozen Vegetables,900 gm,1,CFBJ,JUMBO HOTDOGS,400 Gms x 20 Pkts,SAUSAGES,51.97,41.12,85.5,conflict,0.0,,manual_required
4814,20028372,Al Kabeer Green Peas/Mixed Vegetables 900gm,Al Kabeer,Green/Garden Peas-Frozen,No Variant,Frozen Vegetables,900 gm,1,CFB,BEEF FRANKS,454 Gms x 20 Pkts,SAUSAGES,51.83,40.74,85.5,conflict,0.02,,manual_required
4816,20028375,Al Kabeer Tender Chicken Breast 1000gm,Al Kabeer,Chicken Breast-Frozen,No Variant,Frozen Chicken Parts,1000 gm,1,CFBF,BREADED FISH FILLET,330 Gms x 20 Pkts,FILLETS,52.58,42.86,85.5,conflict,0.19,,manual_required
4819,20033480,AL KABEER ZING CHICKEN STRIPS SPICY SRIRACHA FLAVOR 700GM,Al Kabeer,Chicken Strips-Frozen,Spicy,Zing,700 gm,1,CKBT,TAYEBAT CHICKEN BURGER,1 Kgs x 9 Pkts,BURGERS,54.58,48.6,85.5,conflict,2.2,,manual_required
4820,20033481,Al Kabeer Chicken Nuggets Bulk 750 gm,Al Kabeer,Chicken Nuggets-Frozen,No Variant,Marinated & Breaded,750 gm,1,CBBUR,BEEF BURGERS 56 g.,840 g. x 9,BURGERS,53.21,44.66,85.5,conflict,0.83,,manual_required
4822,20033483,Al Kabeer Chicken Popcorn Catering 750gm,Al Kabeer,Chicken Popcorn-Frozen,No Variant,Marinated & Breaded,750 gm,1,CCCB,CHICKEN BIRYANI 400,400 Gms x 12 Pkts,READY2EAT,53.64,45.9,85.5,conflict,0.99,,manual_required
4823,20033484,AL KABER ZING CHICKEN STRIPS SMOKED BUFFALO FLAVOR 700GM,Al Kabeer,Chicken Strips-Frozen,No Variant,Marinated & Breaded,700 gm,1,CCCTM,CHICKEN TIKKA MAKHANI & PILAU RICE,450 Gms x 12 Pkts,READY2EAT,53.73,46.15,85.5,conflict,0.2,,manual_required
4828,20033490,Al Kabeer Zing Chicken Strips 750g,Al Kabeer,Chicken Strips-Frozen,No Variant,Marinated & Breaded,750 gm,1,CFBF,BREADED FISH FILLET,330 Gms x 20 Pkts,FILLETS,53.07,44.26,85.5,conflict,0.01,,manual_required
4832,20033493,Al Kabeer Krazee Chicken Nuggets 750gm,Al Kabeer,Chicken Nuggets-Frozen,No Variant,Marinated & Breaded,750 gm,1,CFB,BEEF FRANKS,454 Gms x 20 Pkts,SAUSAGES,52.41,42.37,85.5,conflict,0.06,,manual_required
4834,20033496,AL KABEER CHICKEN NUGGETS,Al Kabeer,Chicken Nuggets-Frozen,No Variant,Marinated & Breaded,270 gm,1,CKSAPR,AK PRO CHICKEN SAMOSA,4 X 1.2 KGS,SAMOSA,53.73,46.15,85.5,conflict,0.37,,manual_required
4839,20033978,AL KABEER BLACKBERRY/BLUEBERRIES 350GM,Al Kabeer,Blueberries-Frozen,No Variant,Frozen Fruits,350 gm,1,CBBO,4 BEEF BURGERS,200 Gms x 30 Pkt,BURGERS,52.01,41.24,85.5,conflict,0.13,,manual_required
4847,20034759,ALKABEER ZING CHICKEN FILLET/NUGGETS 750GM ,Al Kabeer,Chicken Nuggets-Frozen,No Variant,Zing,750 gm,1,CKSAPR,AK PRO CHICKEN SAMOSA,4 X 1.2 KGS,SAMOSA,53.45,45.36,85.5,conflict,0.63,,manual_required
4848,20034759,ALKABEER ZING CHICKEN FILLET/NUGGETS 750GM ,Al Kabeer,Chicken Fillets-Frozen,No Variant,Zing,750 gm,1,CKSAPR,AK PRO CHICKEN SAMOSA,4 X 1.2 KGS,SAMOSA,52.91,43.81,85.5,conflict,0.56,,manual_required
4851,20034768,ALKABEER CHICKEN POPCORN 750GM,Al Kabeer,Chicken Popcorn-Frozen,No Variant,Marinated & Breaded,750 gm,1,CKJCNA,JUMBO CHICKEN NUGGETS,1 Kgs x 5 Pkts,NUGGETS,52.67,43.14,85.5,conflict,0.25,,manual_required
4860,20042120,AL KABEER KRAZEE CH NUGGETS 750GM,Al Kabeer,Chicken Nuggets-Frozen,No Variant,Marinated & Breaded,750 gm,1,CKBW,BBQ CHICKEN WINGS 400,400 Gms x 12 Pkts,WINGS,53.68,46.02,85.5,conflict,1.64,,manual_required
4861,20052685,Al Kabeer Tandoori Chicken Tikka 500gm,Al Kabeer,Chicken Tikka-Frozen,No Variant,Frozen Barbeque Products,500 gm,1,CCCB,CHICKEN BIRYANI 400,400 Gms x 12 Pkts,READY2EAT,53.26,44.83,85.5,conflict,1.58,,manual_required
4864,20052705,Al Kabeer Zing Chicken Fillets Spicy 750gm,Al Kabeer,Chicken Fillets-Frozen,No Variant,Zing,750 gm,1,CKSAPR,AK PRO CHICKEN SAMOSA,4 X 1.2 KGS,SAMOSA,53.62,45.83,85.5,conflict,0.64,,manual_required
4867,20052708,Al Kabeer Zing Chicken Fillets Non Spicy 750gm,Al Kabeer,Chicken Fillets-Frozen,No Variant,Zing,750 gm,1,CKJCNA,JUMBO CHICKEN NUGGETS,1 Kgs x 5 Pkts,NUGGETS,53.05,44.21,85.5,conflict,1.02,,manual_required
4868,20052709,Al Kabeer Punjabi Samosa 900gm,Al Kabeer,Samosa-Frozen,Punjabi,"Frozen Pizzas, Wraps, Sandwiches",900 gm,1,CCSAK,12 CHEESE SAMOSAS,240 Gms x 20 Pkts,SAMOSA,54.74,49.06,85.5,conflict,1.92,,manual_required
4869,20052710,Al Kabeer Chicken Popcorn 750gm,Al Kabeer,Chicken Popcorn-Frozen,No Variant,Marinated & Breaded,750 gm,1,CKJCNA,JUMBO CHICKEN NUGGETS,1 Kgs x 5 Pkts,NUGGETS,52.67,43.14,85.5,conflict,0.25,,manual_required
4870,20052711,Al Kabeer Zing Chicken Strips Non Spicy 750gm,Al Kabeer,Chicken Strips-Frozen,No Variant,Zing,750 gm,1,CKN,CHICKEN NUGGETS,270 Gms x 20 Pkts,NUGGETS,54.89,49.46,85.5,conflict,2.99,,manual_required
4871,20065166,Al Kabeer Krazee Nuggets 2x400gm,Al Kabeer,Chicken Nuggets-Frozen,No Variant,Marinated & Breaded,2x400 gm,1,CFB,BEEF FRANKS,454 Gms x 20 Pkts,SAUSAGES,53.07,44.26,85.5,conflict,0.41,,manual_required
4874,20074523,Al Kabeer Zing Spicy Chicken Fillets/Zing Chicken Strips Non Spicy/Zing Spicy Chicken Strips/Non Spicy Zing Chicken Fillet 750gm,Al Kabeer,Chicken Fillets-Frozen,No Variant,Zing,750 gm,1,CCKSB,CHICKEN STICKS BULK,1 Kgs x 5 Pkts,STICKS & FINGERS,54.15,47.37,85.5,conflict,1.19,,manual_required
4875,20074523,Al Kabeer Zing Spicy Chicken Fillets/Zing Chicken Strips Non Spicy/Zing Spicy Chicken Strips/Non Spicy Zing Chicken Fillet 750gm,Al Kabeer,Chicken Strips-Frozen,No Variant,Zing,750 gm,1,CCKSB,CHICKEN STICKS BULK,1 Kgs x 5 Pkts,STICKS & FINGERS,54.15,47.37,85.5,conflict,1.19,,manual_required
4880,20099548,Al Kabeer Zing Spicy Chicken Fillets/ Zing Chicken Strips Non Spicy/ Zing Spicy Chicken Strips/ Non Spicy Zing Chicken Fillet 750gm,Al Kabeer,Chicken Fillets-Frozen,No Variant,Zing,750 gm,1,CCKSB,CHICKEN STICKS BULK,1 Kgs x 5 Pkts,STICKS & FINGERS,54.15,47.37,85.5,conflict,1.19,,manual_required
4881,20099548,Al Kabeer Zing Spicy Chicken Fillets/ Zing Chicken Strips Non Spicy/ Zing Spicy Chicken Strips/ Non Spicy Zing Chicken Fillet 750gm,Al Kabeer,Chicken Strips-Frozen,No Variant,Zing,750 gm,1,CCKSB,CHICKEN STICKS BULK,1 Kgs x 5 Pkts,STICKS & FINGERS,54.15,47.37,85.5,conflict,1.19,,manual_required
4886,20117128,Alkabeer Chicken Pop Corn 750g,Al Kabeer,Chicken Popcorn-Frozen,No Variant,Marinated & Breaded,750 gm,1,CKCKB,CHICKEN BURGERS 56 g,840 g. x 9,BURGERS,51.89,40.91,85.5,conflict,0.06,,manual_required
4897,20125550,Al Kabeer Chicken Nuggets-Frozen 750 gm,Al Kabeer,Chicken Nuggets-Frozen,No Variant,Marinated & Breaded,750 gm,1,CFBF,BREADED FISH FILLET,330 Gms x 20 Pkts,FILLETS,53.0,44.07,85.5,conflict,0.52,,manual_required
4898,20125551,Al Kabeer Beef Burgers 1200g,Al Kabeer,Beef Burger-Frozen,Unbreaded,Frozen Burger,1200 gm,1,CKZSCKNP,Zing Strips Non Spicy + Free Chicken Nuggets Combo Pack,(750 g.+750 g.) x 4,STRIPS,50.14,35.9,85.5,conflict,8.84,,manual_required
4908,20128918,Al Kabeer Chicken Nuggets-Frozen 750 gm,Al Kabeer,Chicken Nuggets-Frozen,No Variant,Marinated & Breaded,750 gm,1,CFBF,BREADED FISH FILLET,330 Gms x 20 Pkts,FILLETS,53.0,44.07,85.5,conflict,0.52,,manual_required
4909,20128919,Al Kabeer Beef Burgers 1200g,Al Kabeer,Beef Burger-Frozen,Unbreaded,Frozen Burger,1200 gm,1,CKZSCKNP,Zing Strips Non Spicy + Free Chicken Nuggets Combo Pack,(750 g.+750 g.) x 4,STRIPS,50.14,35.9,85.5,conflict,8.84,,manual_required
4918,20130278,Al Kabeer krazee Chicken nuggets 750gm,Al Kabeer,Chicken Nuggets-Frozen,No Variant,Marinated & Breaded,750 gm,1,CFB,BEEF FRANKS,454 Gms x 20 Pkts,SAUSAGES,52.41,42.37,85.5,conflict,0.06,,manual_required
4920,20130280,Al Kabeer chicken fillets Normal/Spicy 750gm,Al Kabeer,Chicken Fillets-Frozen,No Variant,Zing,750 gm,1,CKN,CHICKEN NUGGETS,270 Gms x 20 Pkts,NUGGETS,54.89,49.48,85.5,conflict,2.58,,manual_required
4924,20130284,Al kabeer brd chicken fillet spicy 750gm,Al Kabeer,Chicken Fillets-Frozen,No Variant,Zing,750 gm,1,CKSAPR,AK PRO CHICKEN SAMOSA,4 X 1.2 KGS,SAMOSA,53.28,44.86,85.5,conflict,1.03,,manual_required
4927,20142413,Al Kabeer Zing Chicken Strip/Fillets 750gm,Al Kabeer,Chicken Strips-Frozen,No Variant,Zing,750 gm,1,CKSK,SHISH KEBAB,600 Gms x 12 Pkts,KEBAB,53.52,45.54,85.5,conflict,0.99,,manual_required
4928,20142413,Al Kabeer Zing Chicken Strip/Fillets 750gm,Al Kabeer,Chicken Fillets-Frozen,No Variant,Zing,750 gm,1,CKSAPR,AK PRO CHICKEN SAMOSA,4 X 1.2 KGS,SAMOSA,53.62,45.83,85.5,conflict,0.64,,manual_required
4933,20162663,AL KABEER CHICKEN NUGGETS/FILLET NON-SPICY 750GR,Al Kabeer,Chicken Nuggets-Frozen,No Variant,Marinated & Breaded,750 gm,1,CCKSB,CHICKEN STICKS BULK,1 Kgs x 5 Pkts,STICKS & FINGERS,53.38,45.16,85.5,conflict,0.14,,manual_required
4934,20162663,AL KABEER CHICKEN NUGGETS/FILLET NON-SPICY 750GR,Al Kabeer,Chicken Fillets-Frozen,No Variant,Marinated & Breaded,750 gm,1,CCKSB,CHICKEN STICKS BULK,1 Kgs x 5 Pkts,STICKS & FINGERS,52.95,43.94,85.5,conflict,0.08,,manual_required
4944,20169290,ALKABEER TENDER CHICKEN BREAST 1000GM,Al Kabeer,Chicken Breast-Frozen,No Variant,Frozen Chicken Parts,1000 gm,1,CFBF,BREADED FISH FILLET,330 Gms x 20 Pkts,FILLETS,52.58,42.86,85.5,conflict,0.19,,manual_required
4946,20169293,AL KABEER WAFFLE FRIES 750 GM,Al Kabeer,Crisscut Fries-Frozen,No Variant,Frozen Fries & Onion Rings,750 gm,1,CFBF,BREADED FISH FILLET,330 Gms x 20 Pkts,FILLETS,52.41,42.37,85.5,conflict,1.37,,manual_required
4948,20169296,AL-KABEER ZING CHICKEN NUGGET / POP CORN 750gm,Al Kabeer,Chicken Popcorn-Frozen,No Variant,Marinated & Breaded,750 gm,1,CCKSB,CHICKEN STICKS BULK,1 Kgs x 5 Pkts,STICKS & FINGERS,52.89,43.75,85.5,conflict,0.16,,manual_required
4952,20172300,"AL KABEER ZING CHICKEN STRIPS SMOKE BUFFALO OR SPICY SRIRACHA, 700 GRAMS",Al Kabeer,Chicken Strips-Frozen,No Variant,Zing,700 gm,1,CCKSB,CHICKEN STICKS BULK,1 Kgs x 5 Pkts,STICKS & FINGERS,54.19,47.46,85.5,conflict,0.24,,manual_required
4958,20172554,Al Kabeer Zing Chicken Strips (750g/1Kg),Al Kabeer,Chicken Strips-Frozen,No Variant,Zing,750 gm,1,CKSK,SHISH KEBAB,600 Gms x 12 Pkts,KEBAB,54.88,49.44,85.5,conflict,0.6,,manual_required
4968,20174381,ALKABEER CHICKEN POPCORN 750 GM,Al Kabeer,Chicken Popcorn-Frozen,No Variant,Marinated & Breaded,750 gm,1,CKJCNA,JUMBO CHICKEN NUGGETS,1 Kgs x 5 Pkts,NUGGETS,53.13,44.44,85.5,conflict,0.65,,manual_required
4977,20178613,Al Kabeer Krazee Chicken Nuggets 750gm,Al Kabeer,Chicken Nuggets-Frozen,No Variant,Marinated & Breaded,750 gm,1,CFB,BEEF FRANKS,454 Gms x 20 Pkts,SAUSAGES,52.41,42.37,85.5,conflict,0.06,,manual_required
4984,20179246,Al Kabeer Kraze Chicken Nugets 750gm,Al Kabeer,Chicken Nuggets-Frozen,No Variant,Marinated & Breaded,750 gm,1,CKBCS,BEEF COCKTAIL SAUSAGES,400 Gms x 20 Pkts,SAUSAGES,52.58,42.86,85.5,conflict,0.32,,manual_required
4992,20182950,Al Kabeer Krazee Chicken Nuggets 750g,Al Kabeer,Chicken Nuggets-Frozen,No Variant,Marinated & Breaded,750 gm,1,CFB,BEEF FRANKS,454 Gms x 20 Pkts,SAUSAGES,52.18,41.74,85.5,conflict,0.05,,manual_required
4999,20184222,Al Kabeer Zing Chicken Strips 750G,Al Kabeer,Chicken Strips-Frozen,No Variant,Marinated & Breaded,750 gm,1,CFBF,BREADED FISH FILLET,330 Gms x 20 Pkts,FILLETS,53.07,44.26,85.5,conflict,0.01,,manual_required
5002,20186238,AL KABEER ZING CHICKEN STRIPS SPICY SRIRACHA FLAVOR 700GM,Al Kabeer,Chicken Strips-Frozen,Spicy,Zing,700 gm,1,CKBT,TAYEBAT CHICKEN BURGER,1 Kgs x 9 Pkts,BURGERS,54.58,48.6,85.5,conflict,2.2,,manual_required
5003,20186239,Al Kabeer Krazee Chicken Nuggets 750gm,Al Kabeer,Chicken Nuggets-Frozen,No Variant,Marinated & Breaded,750 gm,1,CFB,BEEF FRANKS,454 Gms x 20 Pkts,SAUSAGES,52.41,42.37,85.5,conflict,0.06,,manual_required
5007,20186243,Al Kabeer Chicken Popcorn Catering 750g,Al Kabeer,Chicken Popcorn-Frozen,No Variant,Marinated & Breaded,750 gm,1,CCCB,CHICKEN BIRYANI 400,400 Gms x 12 Pkts,READY2EAT,54.05,47.06,85.5,conflict,1.59,,manual_required
5012,20186248,Al Kabeer Chicken Nuggets Bulk 750gm,Al Kabeer,Chicken Nuggets-Frozen,No Variant,Marinated & Breaded,750 gm,1,CBBUR,BEEF BURGERS 56 g.,840 g. x 9,BURGERS,52.76,43.4,85.5,conflict,0.19,,manual_required
5016,20186251,Al Kabeer Zing Chicken Fillet Catering 750g,Al Kabeer,Chicken Fillets-Frozen,No Variant,Zing,750 gm,1,CKSAPR,AK PRO CHICKEN SAMOSA,4 X 1.2 KGS,SAMOSA,52.53,42.72,85.5,conflict,1.21,,manual_required
5017,20186253,AL KABEER ZING CHICKEN STRIPS SMOKED BUFFALO FLAVOR,Al Kabeer,Chicken Strips-Frozen,No Variant,Zing,700 gm,1,CKJCNA,JUMBO CHICKEN NUGGETS,1 Kgs x 5 Pkts,NUGGETS,53.21,44.66,85.5,conflict,0.93,,manual_required
5020,20188908,AL KABEER BLACKBERRY/BLUEBERRIES 350GM,Al Kabeer,Blueberries-Frozen,No Variant,Frozen Fruits,350 gm,1,CBBO,4 BEEF BURGERS,200 Gms x 30 Pkt,BURGERS,52.01,41.24,85.5,conflict,0.13,,manual_required
5026,20188916,AL KABEER ZING CHICKEN FILLET 750GM/NON SPICY,Al Kabeer,Chicken Fillets-Frozen,No Variant,Zing,750 gm,1,CKJCNA,JUMBO CHICKEN NUGGETS,1 Kgs x 5 Pkts,NUGGETS,51.99,41.18,85.5,conflict,0.09,,manual_required
5035,20238746,Al Kabeer Zing Chicken Fillets Spicy 750gm,Al Kabeer,Chicken Fillets-Frozen,No Variant,Zing,750 gm,1,CKSAPR,AK PRO CHICKEN SAMOSA,4 X 1.2 KGS,SAMOSA,53.62,45.83,85.5,conflict,0.64,,manual_required
5036,20243136,Al Kabeer Frozen Paratha Plain 400gm x 3,Al Kabeer,Paratha-Frozen,No Variant,Frozen Pranthas,3x400 gm,1,CBBO,4 BEEF BURGERS,200 Gms x 30 Pkt,BURGERS,53.21,44.68,85.5,conflict,0.24,,manual_required
5037,20248616,Al Kabeer Zing Chicken Strips Assorted 750g,Al Kabeer,Chicken Strips-Frozen,No Variant,Zing,700 gm,1,CKSAPR,AK PRO CHICKEN SAMOSA,4 X 1.2 KGS,SAMOSA,53.13,44.44,85.5,conflict,0.6,,manual_required
5039,20248625,Al Kabeer Chicken Popcorn 750g,Al Kabeer,Chicken Popcorn-Frozen,No Variant,Marinated & Breaded,750 gm,1,CKJCNA,JUMBO CHICKEN NUGGETS,1 Kgs x 5 Pkts,NUGGETS,53.13,44.44,85.5,conflict,0.65,,manual_required
5043,20285191,Al Kabeer Krazy Chicken Nuggets 750gm,Al Kabeer,Chicken Nuggets-Frozen,No Variant,Marinated & Breaded,750 gm,1,CFBF,BREADED FISH FILLET,330 Gms x 20 Pkts,FILLETS,52.46,42.52,85.5,conflict,0.52,,manual_required
5044,20285192,Al Kabeer Zing Chicken Strips/Buffalo 750 GM,Al Kabeer,Chicken Strips-Frozen,No Variant,Zing,750 gm,1,CKSAPR,AK PRO CHICKEN SAMOSA,4 X 1.2 KGS,SAMOSA,54.7,48.94,85.5,conflict,0.39,,manual_required
5050,20285197,Al Kabeer Zing Chicken Strips Sriracha 700gm,Al Kabeer,Chicken Strips-Frozen,No Variant,Zing,700 gm,1,CKSAA,CHICKEN SAMOSAS BULK,1.2 Kgs x 4 Pkts,SAMOSA,53.36,45.1,85.5,conflict,0.78,,manual_required
5055,20285202,Al Kabeer Pop Corn Chicken 750gm,Al Kabeer,Chicken Popcorn-Frozen,Zing,Marinated & Breaded,750 gm,1,CKSAPR,AK PRO CHICKEN SAMOSA,4 X 1.2 KGS,SAMOSA,52.21,41.82,85.5,conflict,1.13,,manual_required
5056,20285203,Al Kabeer Chicken Nuggets Non Spicy 750 gm,Al Kabeer,Chicken Nuggets-Frozen,No Variant,Zing,750 gm,1,CKSAPR,AK PRO CHICKEN SAMOSA,4 X 1.2 KGS,SAMOSA,53.45,45.36,85.5,conflict,0.4,,manual_required
5058,20308847,AL KABEER CHICKEN NUGGETS / CRAZY 750GM,Al Kabeer,Chicken Nuggets-Frozen,No Variant,Marinated & Breaded,750 gm,1,CFB,BEEF FRANKS,454 Gms x 20 Pkts,SAUSAGES,52.53,42.74,85.5,conflict,0.63,,manual_required
5060,20308851,ALKABEER TENDER CHICKEN BREAST 1000GM,Al Kabeer,Chicken Breast-Frozen,No Variant,Frozen Chicken Parts,1000 gm,1,CFBF,BREADED FISH FILLET,330 Gms x 20 Pkts,FILLETS,52.58,42.86,85.5,conflict,0.19,,manual_required
5074,20314469,ALKABEER CHICKEN NUGGETS KRAZEE 750GR,Al Kabeer,Chicken Nuggets-Frozen,No Variant,Marinated & Breaded,750 gm,1,CFBF,BREADED FISH FILLET,330 Gms x 20 Pkts,FILLETS,52.34,42.19,85.5,conflict,0.53,,manual_required
5078,20314479,AL KABEER ZING CHICKEN STRIPS-SMOKED BUFFALO /SPICY SRIRACHA 700GR,Al Kabeer,Chicken Strips-Frozen,No Variant,Zing,700 gm,1,CCKSB,CHICKEN STICKS BULK,1 Kgs x 5 Pkts,STICKS & FINGERS,54.05,47.06,85.5,conflict,0.23,,manual_required
5087,20316181,AL KABEER ZING CHICKEN STRIPS SMOKE BUFFALO OR SPICY SRIRACHA 700 GM,Al Kabeer,Chicken Strips-Frozen,No Variant,Zing,700 gm,1,CCKSB,CHICKEN STICKS BULK,1 Kgs x 5 Pkts,STICKS & FINGERS,54.19,47.46,85.5,conflict,0.24,,manual_required
5097,20320130,ALKABEER CHICKEN POPCORN 750GM,Al Kabeer,Chicken Popcorn-Frozen,No Variant,Marinated & Breaded,750 gm,1,CKJCNA,JUMBO CHICKEN NUGGETS,1 Kgs x 5 Pkts,NUGGETS,52.67,43.14,85.5,conflict,0.25,,manual_required
5102,20320618,ALKABEER CHICKEN POPCORN 750GM,Al Kabeer,Chicken Popcorn-Frozen,No Variant,Marinated & Breaded,750 gm,1,CKJCNA,JUMBO CHICKEN NUGGETS,1 Kgs x 5 Pkts,NUGGETS,52.67,43.14,85.5,conflict,0.25,,manual_required
5105,20322704,Al Kabeer Krazee Chicken Nuggets / (750g),Al Kabeer,Chicken Nuggets-Frozen,No Variant,Marinated & Breaded,750 gm,1,CFB,BEEF FRANKS,454 Gms x 20 Pkts,SAUSAGES,52.18,41.74,85.5,conflict,0.05,,manual_required
5112,20324068,Al Kabeer Krazee Chicken Nuggets 750gm,Al Kabeer,Chicken Nuggets-Frozen,No Variant,Marinated & Breaded,750 gm,1,CFB,BEEF FRANKS,454 Gms x 20 Pkts,SAUSAGES,52.41,42.37,85.5,conflict,0.06,,manual_required
5115,20324072,AL KABEER ZING CHICKEN STRIPS SPICY SRIRACHA FLAVOR 700GM,Al Kabeer,Chicken Strips-Frozen,No Variant,Zing,700 gm,1,CCCB,CHICKEN BIRYANI 400,400 Gms x 12 Pkts,READY2EAT,53.73,46.15,85.5,conflict,1.81,,manual_required
5116,20324074,AL KABEER ZING CHICKEN STRIPS SMOKED BUFFALO FLAVOR 700GM,Al Kabeer,Chicken Strips-Frozen,No Variant,Zing,700 gm,1,CCCB,CHICKEN BIRYANI 400,400 Gms x 12 Pkts,READY2EAT,53.13,44.44,85.5,conflict,0.64,,manual_required
5118,20324077,Al Kabeer Chicken Popcorn Catering 750gm,Al Kabeer,Chicken Popcorn-Frozen,No Variant,Marinated & Breaded,750 gm,1,CCCB,CHICKEN BIRYANI 400,400 Gms x 12 Pkts,READY2EAT,53.64,45.9,85.5,conflict,0.99,,manual_required
5119,20324078,Al Kabeer Zing Chicken Fillet Catering 750g,Al Kabeer,Chicken Fillets-Frozen,No Variant,Zing,750 gm,1,CKSAPR,AK PRO CHICKEN SAMOSA,4 X 1.2 KGS,SAMOSA,52.53,42.72,85.5,conflict,1.21,,manual_required
5120,20324079,Al Kabeer Chicken Nuggets Bulk 750gm,Al Kabeer,Chicken Nuggets-Frozen,No Variant,Marinated & Breaded,750 gm,1,CBBUR,BEEF BURGERS 56 g.,840 g. x 9,BURGERS,52.76,43.4,85.5,conflict,0.19,,manual_required
5134,20325488,AL KABEER ZING CHICKEN FILLET 750GM/NON SPICY,Al Kabeer,Chicken Fillets-Frozen,No Variant,Zing,750 gm,1,CKJCNA,JUMBO CHICKEN NUGGETS,1 Kgs x 5 Pkts,NUGGETS,51.99,41.18,85.5,conflict,0.09,,manual_required
5135,20325489,AL KABEER ZING CHICKEN STRIPS SMOKED BUFFALO FLAVOR 750 Gm,Al Kabeer,Chicken Strips-Frozen,No Variant,Zing,700 gm,1,CKB,ARABIC KOFTA,300 Gms x 20 Pkts,KOFTA-KIBBEH-FELAFEL,52.37,42.28,85.5,conflict,0.8,,manual_required
5141,20326995,Al Kabeer Zing Chicken Fillet Normal 750 gm,Al Kabeer,Chicken Fillets-Frozen,No Variant,Zing,750 gm,1,CKSK,SHISH KEBAB,600 Gms x 12 Pkts,KEBAB,53.13,44.44,85.5,conflict,1.0,,manual_required
5142,20330507,Al Kabeer Chicken Nuggets Krazy 750 gm,Al Kabeer,Chicken Nuggets-Frozen,No Variant,Marinated & Breaded,750 gm,1,CFB,BEEF FRANKS,454 Gms x 20 Pkts,SAUSAGES,52.31,42.11,85.5,conflict,0.06,,manual_required
5147,20331798,Al Kabeer Zing Chicken Fillets/Strips 750Gm,Al Kabeer,Chicken Fillets-Frozen,No Variant,Zing,750 gm,1,CKSAA,CHICKEN SAMOSAS BULK,1.2 Kgs x 4 Pkts,SAMOSA,53.52,45.54,85.5,conflict,0.06,,manual_required
5150,20331802,Al Kabeer Chicken Cheese Rings 300gm,Al Kabeer,Chicken Cheese Stick-Frozen,No Variant,Frozen Barbeque Products,300 gm,1,CCSRA,8 CHEESE SPRING ROLLS,240 Gms x 20 Pkts,SPRING ROLL,54.94,49.6,85.5,conflict,0.17,,manual_required
5152,20331807,Al Kabeer Popcorn Chicken 2 x 400 gm ,Al Kabeer,Chicken Popcorn-Frozen,No Variant,Marinated & Breaded,2x400 gm,1,CBBO,4 BEEF BURGERS,200 Gms x 30 Pkt,BURGERS,54.08,47.17,85.5,conflict,0.15,,manual_required
5163,20336771,Al Kabeer Zing Chicken Strips/Fillet/Nuggets 750gm,Al Kabeer,Chicken Nuggets-Frozen,No Variant,Zing,750 gm,1,CKBW,BBQ CHICKEN WINGS 400,400 Gms x 12 Pkts,WINGS,53.67,46.0,85.5,conflict,0.68,,manual_required
5164,20336771,Al Kabeer Zing Chicken Strips/Fillet/Nuggets 750gm,Al Kabeer,Chicken Fillets-Frozen,No Variant,Zing,750 gm,1,CFBF,BREADED FISH FILLET,330 Gms x 20 Pkts,FILLETS,54.8,49.21,85.5,conflict,1.02,,manual_required
5181,20435976,Al kabeer Chicken Pop-Corn 750GM,Al Kabeer,Chicken Popcorn-Frozen,No Variant,Marinated & Breaded,750 gm,1,CKCKB,CHICKEN BURGERS 56 g,840 g. x 9,BURGERS,51.89,40.91,85.5,conflict,0.44,,manual_required
5200,20437414,Al Kabeer krazee Chicken Nuggets 750 gm,Al Kabeer,Chicken Nuggets-Frozen,No Variant,Marinated & Breaded,750 gm,1,CFB,BEEF FRANKS,454 Gms x 20 Pkts,SAUSAGES,52.18,41.74,85.5,conflict,0.05,,manual_required
5202,20437416,Al Kabeer chicken Fillets Normal/ Spicy 750gm,Al Kabeer,Chicken Fillets-Frozen,No Variant,Zing,750 gm,1,CKN,CHICKEN NUGGETS,270 Gms x 20 Pkts,NUGGETS,54.89,49.48,85.5,conflict,2.58,,manual_required
5207,20441172,Al Kabeer Chicken Pop-Corn 750 gm,Al Kabeer,Chicken Popcorn-Frozen,No Variant,Marinated & Breaded,750 gm,1,CKCKB,CHICKEN BURGERS 56 g,840 g. x 9,BURGERS,51.89,40.91,85.5,conflict,0.06,,manual_required
5212,20471665,AL-KABEER ZING CHICKEN FILLET / STRIPS (N/SPC) 750GM,Al Kabeer,Chicken Fillets-Frozen,No Variant,Zing,750 gm,1,CKCKB,CHICKEN BURGERS 56 g,840 g. x 9,BURGERS,51.99,41.18,85.5,conflict,0.41,,manual_required
5215,20471666,AL KABEER ZING CHICKEN STRIPS / BREADED CHICKEN FILLET SPICY/ CRAZY CHICKEN NUGGETS 750 GM,Al Kabeer,Chicken Nuggets-Frozen,No Variant,Marinated & Breaded,750 gm,1,CCCTM,CHICKEN TIKKA MAKHANI & PILAU RICE,450 Gms x 12 Pkts,READY2EAT,54.43,48.15,85.5,conflict,0.26,,manual_required
5216,20471666,AL KABEER ZING CHICKEN STRIPS / BREADED CHICKEN FILLET SPICY/ CRAZY CHICKEN NUGGETS 750 GM,Al Kabeer,Chicken Strips-Frozen,No Variant,Zing,750 gm,1,CCF,CHICKEN FRIES,12 PKTS X 400 GRM,POP-CORN & CHICKEN FRIES,54.8,49.21,85.5,conflict,0.45,,manual_required
5223,20471681,Alkabeer Tender Chicken Breast 1000gm,Al Kabeer,Chicken Breast-Frozen,No Variant,Frozen Chicken Parts,1000 gm,1,CFBF,BREADED FISH FILLET,330 Gms x 20 Pkts,FILLETS,52.58,42.86,85.5,conflict,0.19,,manual_required
5231,20478424,Al Kabeer  Chicken Pop-Corn 750GM,Al Kabeer,Chicken Popcorn-Frozen,No Variant,Marinated & Breaded,750 gm,1,CKCKB,CHICKEN BURGERS 56 g,840 g. x 9,BURGERS,51.89,40.91,85.5,conflict,0.44,,manual_required
5239,20478706,Alkabeer Chicken Pop-Corn 750GM,Al Kabeer,Chicken Popcorn-Frozen,No Variant,Marinated & Breaded,750 gm,1,CKCKB,CHICKEN BURGERS 56 g,840 g. x 9,BURGERS,51.89,40.91,85.5,conflict,0.44,,manual_required
5246,20484559,Al Kabeer Krazee Chicken Nuggets or Hot & Spicy Breaded Chicken Fillet 750 gm ,Al Kabeer,Chicken Fillets-Frozen,Spicy,Marinated & Breaded,750 gm,1,CCCTM,CHICKEN TIKKA MAKHANI & PILAU RICE,450 Gms x 12 Pkts,READY2EAT,54.28,47.74,85.5,conflict,0.3,,manual_required
5247,20484559,Al Kabeer Krazee Chicken Nuggets or Hot & Spicy Breaded Chicken Fillet 750 gm ,Al Kabeer,Chicken Nuggets-Frozen,No Variant,Marinated & Breaded,750 gm,1,CCCTM,CHICKEN TIKKA MAKHANI & PILAU RICE,450 Gms x 12 Pkts,READY2EAT,54.41,48.1,85.5,conflict,0.8,,manual_required
5257,20485762,Al Kabeer Krazee Chicken Nuggets 750 Gm,Al Kabeer,Chicken Nuggets-Frozen,No Variant,Marinated & Breaded,750 gm,1,CFB,BEEF FRANKS,454 Gms x 20 Pkts,SAUSAGES,52.18,41.74,85.5,conflict,0.05,,manual_required
5268,20493091,AL KABEER PUNJABI SAMOSA 900GM ,Al Kabeer,Samosa-Frozen,Punjabi,"Frozen Pizzas, Wraps, Sandwiches",900 gm,1,CCSAK,12 CHEESE SAMOSAS,240 Gms x 20 Pkts,SAMOSA,54.74,49.06,85.5,conflict,1.92,,manual_required
5272,20493459,Al Kabeer Krazee Chicken Nuggets 750gm ,Al Kabeer,Chicken Nuggets-Frozen,No Variant,Marinated & Breaded,750 gm,1,CFB,BEEF FRANKS,454 Gms x 20 Pkts,SAUSAGES,52.41,42.37,85.5,conflict,0.06,,manual_required
5277,20493464,Al Kabeer Zing Chicken Fillet Spicy 750 gm,Al Kabeer,Chicken Fillets-Frozen,No Variant,Zing,750 gm,1,CKSAPR,AK PRO CHICKEN SAMOSA,4 X 1.2 KGS,SAMOSA,52.97,44.0,85.5,conflict,0.4,,manual_required
5283,20496468,AL KABEER ZING CHICKEN STRIPS SMOKED BUFFALO FLAVOR 700GM,Al Kabeer,Chicken Strips-Frozen,No Variant,Zing,700 gm,1,CCCB,CHICKEN BIRYANI 400,400 Gms x 12 Pkts,READY2EAT,53.13,44.44,85.5,conflict,0.64,,manual_required
5286,20496471,Al Kabeer Zing Chicken Fillets 750GM/Non Spicy,Al Kabeer,Chicken Fillets-Frozen,No Variant,Zing,750 gm,1,CKJCNA,JUMBO CHICKEN NUGGETS,1 Kgs x 5 Pkts,NUGGETS,53.05,44.21,85.5,conflict,1.02,,manual_required
5297,20497749,Al Kabeer Zing Chicken Strips Smoked Buffalo Flavor 700 GM,Al Kabeer,Chicken Strips-Frozen,No Variant,Zing,700 gm,1,CKB,ARABIC KOFTA,300 Gms x 20 Pkts,KOFTA-KIBBEH-FELAFEL,52.28,42.02,85.5,conflict,1.09,,manual_required
5298,20497750,Spicy Sriracha Flavor Chicken Strips 700gm,Al Kabeer,Chicken Strips-Frozen,Spicy,Zing,700 gm,1,CFB,BEEF FRANKS,454 Gms x 20 Pkts,SAUSAGES,52.38,42.31,85.5,conflict,0.04,,manual_required
5302,20497754,Al Kabeer Chicken Pop-Corn 750gm,Al Kabeer,Chicken Popcorn-Frozen,No Variant,Marinated & Breaded,750 gm,1,CKCKB,CHICKEN BURGERS 56 g,840 g. x 9,BURGERS,51.89,40.91,85.5,conflict,0.44,,manual_required
5303,20497755,Al Kabeer Chicken Nuggets Bulk 750gm ,Al Kabeer,Chicken Nuggets-Frozen,No Variant,Marinated & Breaded,750 gm,1,CBBUR,BEEF BURGERS 56 g.,840 g. x 9,BURGERS,52.76,43.4,85.5,conflict,0.19,,manual_required
5306,20497760,Al Kabeer Zing Chicken Fillets Catering 750gm,Al Kabeer,Chicken Fillets-Frozen,No Variant,Zing,750 gm,1,CKCKB,CHICKEN BURGERS 56 g,840 g. x 9,BURGERS,52.96,43.96,85.5,conflict,1.24,,manual_required
5309,20497763,Al Kabeer Krazee Chicken Nuggets 750GM,Al Kabeer,Chicken Nuggets-Frozen,No Variant,Marinated & Breaded,750 gm,1,CFB,BEEF FRANKS,454 Gms x 20 Pkts,SAUSAGES,52.41,42.37,85.5,conflict,0.06,,manual_required
5321,20498927,Al Kabeer Chicken Pop-Corn 750Gm,Al Kabeer,Chicken Popcorn-Frozen,No Variant,Marinated & Breaded,750 gm,1,CKCKB,CHICKEN BURGERS 56 g,840 g. x 9,BURGERS,51.89,40.91,85.5,conflict,0.44,,manual_required
5335,20506092,Al Kabeer - Chicken Pop-corn 750gm,Al Kabeer,Chicken Popcorn-Frozen,No Variant,Marinated & Breaded,750 gm,1,CKCKB,CHICKEN BURGERS 56 g,840 g. x 9,BURGERS,51.89,40.91,85.5,conflict,0.44,,manual_required
5336,20507364,Al Kabeer Popcorn 750g,Al Kabeer,Chicken Popcorn-Frozen,No Variant,Marinated & Breaded,750 gm,1,CFB,BEEF FRANKS,454 Gms x 20 Pkts,SAUSAGES,52.48,42.59,85.5,conflict,0.1,,manual_required
5339,20554022,Al Kabeer Zing Chicken Strips Sriracha/Smoked Buffalo 700gm,Al Kabeer,Chicken Strips-Frozen,No Variant,Zing,700 gm,1,CCCB,CHICKEN BIRYANI 400,400 Gms x 12 Pkts,READY2EAT,52.87,43.7,85.5,conflict,1.18,,manual_required
5341,20570264,Al Kabeer Zing Chicken Strips Sriracha/Smoked Buffalo 700gm,Al Kabeer,Chicken Strips-Frozen,No Variant,Zing,700 gm,1,CCCB,CHICKEN BIRYANI 400,400 Gms x 12 Pkts,READY2EAT,52.87,43.7,85.5,conflict,1.18,,manual_required
5343,20604472,Al Kabeer Zing Chicken Strips 750Gm,Al Kabeer,Chicken Strips-Frozen,Spicy,Marinated & Breaded,750 gm,1,CKCKB,CHICKEN BURGERS 56 g,840 g. x 9,BURGERS,53.29,44.9,85.5,conflict,0.47,,manual_required
5344,20604474,Al Kabeer Mixed Vegetables with Corn 900 GM,Al Kabeer,Mix Vegetables-Frozen,No Variant,Frozen Vegetables,900 gm,1,CFBJ,JUMBO HOTDOGS,400 Gms x 20 Pkts,SAUSAGES,51.85,40.78,85.5,conflict,0.27,,manual_required
5351,20606749,Al Kabeer Zing Fish Fillet Mild Spicy 750g,Al Kabeer,Zing Fish Fillet,No Variant,Breaded Seafood,750 gm,1,CFB,BEEF FRANKS,454 Gms x 20 Pkts,SAUSAGES,52.62,42.99,85.5,conflict,0.49,,manual_required
5352,20606750,Al Kabeer chicken zinger fillets/ Spicy 750gm,Al Kabeer,Chicken Fillets-Frozen,No Variant,Zing,750 gm,1,CKN,CHICKEN NUGGETS,270 Gms x 20 Pkts,NUGGETS,54.17,47.42,85.5,conflict,2.28,,manual_required
5359,20606756,Al Kabeer Pop Corn Chicken/Zing Chicken Strips 750gm,Al Kabeer,Chicken Strips-Frozen,Spicy,Zing,750 gm,1,CKJCNA,JUMBO CHICKEN NUGGETS,1 Kgs x 5 Pkts,NUGGETS,53.48,45.45,85.5,conflict,0.26,,manual_required
5363,20606759,Al Kabeer Zing Chicken Strips Sriracha 700gm,Al Kabeer,Chicken Strips-Frozen,No Variant,Zing,700 gm,1,CKSAA,CHICKEN SAMOSAS BULK,1.2 Kgs x 4 Pkts,SAMOSA,53.36,45.1,85.5,conflict,0.78,,manual_required
5364,20606760,Al Kabeer krazee Chicken nuggets 750gm,Al Kabeer,Chicken Nuggets-Frozen,No Variant,Marinated & Breaded,750 gm,1,CFB,BEEF FRANKS,454 Gms x 20 Pkts,SAUSAGES,52.41,42.37,85.5,conflict,0.06,,manual_required
5368,20640045,AL KABEER ZING CHICKEN STRIPS SPICY / NON-SPICY 750GR,Al Kabeer,Chicken Strips-Frozen,Spicy,Zing,750 gm,1,CKJCNA,JUMBO CHICKEN NUGGETS,1 Kgs x 5 Pkts,NUGGETS,53.6,45.78,85.5,conflict,0.27,,manual_required
5369,20640045,AL KABEER ZING CHICKEN STRIPS SPICY / NON-SPICY 750GR,Al Kabeer,Chicken Strips-Frozen,No Variant,Zing,750 gm,1,CKBW,BBQ CHICKEN WINGS 400,400 Gms x 12 Pkts,WINGS,54.52,48.42,85.5,conflict,2.63,,manual_required
5370,20640046,AL KABEER ZING CHICKEN FILLETS SPICY / NON- SPICY 750GR,Al Kabeer,Chicken Fillets-Frozen,No Variant,Zing,750 gm,1,CFBF,BREADED FISH FILLET,330 Gms x 20 Pkts,FILLETS,52.93,43.86,85.5,conflict,0.58,,manual_required
5384,20642999,Al Kabeer Chicken Tandoori Tikka 1000GM,Al Kabeer,Chicken Tikka-Frozen,No Variant,Frozen Barbeque Products,1000 gm,1,CCCB,CHICKEN BIRYANI 400,400 Gms x 12 Pkts,READY2EAT,53.73,46.15,85.5,conflict,1.81,,manual_required
5387,20643002,Alkabeer French Fries 2500GM ,Al Kabeer,French Fries-Frozen,No Variant,Frozen Fries & Onion Rings,2.5 kg,1,CKKB24,24 CHICKEN BURGERS,1.2 Kgs x 8 Pkts,BURGERS,52.13,41.58,85.5,conflict,0.28,,manual_required
5389,20643004,AL KABEER FROZEN PANJABI SAMOSAS 900GM ,Al Kabeer,Samosa-Frozen,Punjabi,"Frozen Pizzas, Wraps, Sandwiches",900 gm,1,CCSAK,12 CHEESE SAMOSAS,240 Gms x 20 Pkts,SAMOSA,54.21,47.54,85.5,conflict,0.31,,manual_required
5390,20643005,AL-KABEER ZING CHICKEN NUGGET (N/SPC) 750GM ,Al Kabeer,Chicken Nuggets-Frozen,No Variant,Zing,750 gm,1,CKSAPR,AK PRO CHICKEN SAMOSA,4 X 1.2 KGS,SAMOSA,53.21,44.66,85.5,conflict,1.08,,manual_required
5392,20643315,Al Kabeer Tender Chicken Breast 1000gm,Al Kabeer,Chicken Breast-Frozen,No Variant,Frozen Chicken Parts,1000 gm,1,CFBF,BREADED FISH FILLET,330 Gms x 20 Pkts,FILLETS,52.58,42.86,85.5,conflict,0.19,,manual_required
5393,20644941,Alkabeer Chicken Pop-Corn 750 GM,Al Kabeer,Chicken Popcorn-Frozen,No Variant,Marinated & Breaded,750 gm,1,CKCKB,CHICKEN BURGERS 56 g,840 g. x 9,BURGERS,51.89,40.91,85.5,conflict,0.06,,manual_required
5399,20645368,AL KABEER Chicken Pop-Corn 750 GM,Al Kabeer,Chicken Popcorn-Frozen,No Variant,Marinated & Breaded,750 gm,1,CKCKB,CHICKEN BURGERS 56 g,840 g. x 9,BURGERS,51.89,40.91,85.5,conflict,0.06,,manual_required
5404,20647664,Al Kabeer Krazee Chicken Nuggets 750Gm,Al Kabeer,Chicken Nuggets-Frozen,No Variant,Marinated & Breaded,750 gm,1,CFB,BEEF FRANKS,454 Gms x 20 Pkts,SAUSAGES,52.41,42.37,85.5,conflict,0.06,,manual_required
5407,20653222,Al Kabeer Zing Chicken Fillets / Pop Corn (750g),Al Kabeer,Chicken Popcorn-Frozen,No Variant,Marinated & Breaded,750 gm,1,CFBF,BREADED FISH FILLET,330 Gms x 20 Pkts,FILLETS,54.58,48.57,85.5,conflict,1.44,,manual_required
5424,20655694,Al Kabeer Zing Chicken Fillet Spicy 750gm,Al Kabeer,Chicken Fillets-Frozen,No Variant,Zing,750 gm,1,CKSAPR,AK PRO CHICKEN SAMOSA,4 X 1.2 KGS,SAMOSA,53.21,44.66,85.5,conflict,0.38,,manual_required
5425,20655695,Al Kabeer Vegetable / Chicken Spring Roll 280gm/ Chicken / Vagetable Samosa 240gm,Al Kabeer,Samosa-Frozen,Other-Veg,"Frozen Pizzas, Wraps, Sandwiches",240 gm,1,CCCTM,CHICKEN TIKKA MAKHANI & PILAU RICE,450 Gms x 12 Pkts,READY2EAT,54.05,47.06,85.5,conflict,1.34,,manual_required
5426,20655695,Al Kabeer Vegetable / Chicken Spring Roll 280gm/ Chicken / Vagetable Samosa 240gm,Al Kabeer,Samosa-Frozen,Chicken,"Frozen Pizzas, Wraps, Sandwiches",240 gm,1,CCCTM,CHICKEN TIKKA MAKHANI & PILAU RICE,450 Gms x 12 Pkts,READY2EAT,54.2,47.5,85.5,conflict,1.01,,manual_required
5427,20655695,Al Kabeer Vegetable / Chicken Spring Roll 280gm/ Chicken / Vagetable Samosa 240gm,Al Kabeer,Spring Roll-Frozen,No Variant,"Frozen Pizzas, Wraps, Sandwiches",280 gm,1,CCCTM,CHICKEN TIKKA MAKHANI & PILAU RICE,450 Gms x 12 Pkts,READY2EAT,53.54,45.61,85.5,conflict,0.93,,manual_required
5434,20656540,Al Kabeer Chicken Pop-Corn /Zing Fillet Spicy 750gm,Al Kabeer,Chicken Fillets-Frozen,No Variant,Zing,750 gm,1,CFBF,BREADED FISH FILLET,330 Gms x 20 Pkts,FILLETS,54.8,49.21,85.5,conflict,0.45,,manual_required
5435,20656540,Al Kabeer Chicken Pop-Corn /Zing Fillet Spicy 750gm,Al Kabeer,Chicken Popcorn-Frozen,No Variant,Marinated & Breaded,750 gm,1,CCKSB,CHICKEN STICKS BULK,1 Kgs x 5 Pkts,STICKS & FINGERS,53.25,44.78,85.5,conflict,0.47,,manual_required
5443,20657437,Al Kabeer Punjabi Samosa 900gm,Al Kabeer,Samosa-Frozen,Punjabi,"Frozen Pizzas, Wraps, Sandwiches",900 gm,1,CCSAK,12 CHEESE SAMOSAS,240 Gms x 20 Pkts,SAMOSA,54.74,49.06,85.5,conflict,1.92,,manual_required
5449,20663889,Al Kabeer Chicken Pop-Corn 750gm,Al Kabeer,Chicken Popcorn-Frozen,No Variant,Marinated & Breaded,750 gm,1,CKCKB,CHICKEN BURGERS 56 g,840 g. x 9,BURGERS,51.89,40.91,85.5,conflict,0.44,,manual_required
5451,20667949,Al Kabeer Plain Paratha 400gm X 3 Value Pack,Al Kabeer,Paratha-Frozen,No Variant,Frozen Pranthas,3x400 gm,1,CFB,BEEF FRANKS,454 Gms x 20 Pkts,SAUSAGES,53.63,45.87,85.5,conflict,0.42,,manual_required
5458,20667953,Al Kabeer Chicken Pop-Corn 750gm,Al Kabeer,Chicken Popcorn-Frozen,No Variant,Marinated & Breaded,750 gm,1,CKCKB,CHICKEN BURGERS 56 g,840 g. x 9,BURGERS,51.89,40.91,85.5,conflict,0.44,,manual_required
5466,20667957,Al Kabeer Hash Browns /Waffke Frues 750gm,Al Kabeer,Crisscut Fries-Frozen,No Variant,Frozen Fries & Onion Rings,750 gm,1,CBBOT,TAYEBAT BEEF BURGERS ONION BULK,1 Kgs x 9 Pkts,BURGERS,52.11,41.54,85.5,conflict,0.54,,manual_required
5471,20668275,Al Kabeer Chicken Popcorn Catering 750gm,Al Kabeer,Chicken Popcorn-Frozen,No Variant,Marinated & Breaded,750 gm,1,CCCB,CHICKEN BIRYANI 400,400 Gms x 12 Pkts,READY2EAT,53.64,45.9,85.5,conflict,0.99,,manual_required
5472,20668276,Al Kabeer Zing Chicken Nuggets Non Spicy 750 Gm ,Al Kabeer,Chicken Nuggets-Frozen,No Variant,Marinated & Breaded,750 gm,1,CCKSB,CHICKEN STICKS BULK,1 Kgs x 5 Pkts,STICKS & FINGERS,54.05,47.06,85.5,conflict,0.68,,manual_required
5476,20668281,Al Kabeer Zing Chicken Strips Smoked Buffalo Flavor 700g,Al Kabeer,Chicken Strips-Frozen,No Variant,Zing,700 gm,1,CKB,ARABIC KOFTA,300 Gms x 20 Pkts,KOFTA-KIBBEH-FELAFEL,52.28,42.02,85.5,conflict,1.09,,manual_required
5478,20668284,AL KABEER ZING CHICKEN STRIPS SPICY SRIRACHA FLAVOR 700g,Al Kabeer,Chicken Strips-Frozen,Spicy,Marinated & Breaded,700 gm,1,CCKSB,CHICKEN STICKS BULK,1 Kgs x 5 Pkts,STICKS & FINGERS,54.63,48.74,85.5,conflict,0.2,,manual_required
5480,20668287,Al Kabeer Krazee Chicken Nuggets 750g,Al Kabeer,Chicken Nuggets-Frozen,No Variant,Marinated & Breaded,750 gm,1,CFB,BEEF FRANKS,454 Gms x 20 Pkts,SAUSAGES,52.18,41.74,85.5,conflict,0.05,,manual_required
5482,20668289,Al Kabeer Chicken Nuggets Bulk 750g,Al Kabeer,Chicken Nuggets-Frozen,No Variant,Marinated & Breaded,750 gm,1,CBBUR,BEEF BURGERS 56 g.,840 g. x 9,BURGERS,53.21,44.66,85.5,conflict,0.83,,manual_required
5486,20707319,Al Kabeer Zing Chicken Strips Sriracha/Smoked Buffalo 700gm,Al Kabeer,Chicken Strips-Frozen,No Variant,Zing,700 gm,1,CCCB,CHICKEN BIRYANI 400,400 Gms x 12 Pkts,READY2EAT,52.87,43.7,85.5,conflict,1.18,,manual_required
5488,20779264,Al Kabeer Zing Chicken Strips Sriracha 700gm,Al Kabeer,Chicken Strips-Frozen,No Variant,Zing,700 gm,1,CKSAA,CHICKEN SAMOSAS BULK,1.2 Kgs x 4 Pkts,SAMOSA,53.36,45.1,85.5,conflict,0.78,,manual_required
5490,20779266,Al Kabeer krazee Chicken nuggets 750gm ,Al Kabeer,Chicken Nuggets-Frozen,No Variant,Marinated & Breaded,750 gm,1,CFB,BEEF FRANKS,454 Gms x 20 Pkts,SAUSAGES,52.41,42.37,85.5,conflict,0.06,,manual_required
5494,20779269,Al Kabeer chicken zinger fillets/ Spicy 750gm ,Al Kabeer,Chicken Fillets-Frozen,No Variant,Zing,750 gm,1,CKN,CHICKEN NUGGETS,270 Gms x 20 Pkts,NUGGETS,54.17,47.42,85.5,conflict,2.28,,manual_required
5501,20779276,Al Kabeer Pop Corn Chicken/Zing Chicken Strips spicy 750gm,Al Kabeer,Chicken Strips-Frozen,No Variant,Zing,750 gm,1,CCCB,CHICKEN BIRYANI 400,400 Gms x 12 Pkts,READY2EAT,53.48,45.45,85.5,conflict,0.69,,manual_required
5505,20804320,Al Kabeer Zing Chicken Fillet/Strips 750Gm,Al Kabeer,Chicken Fillets-Frozen,No Variant,Zing,750 gm,1,CKSAA,CHICKEN SAMOSAS BULK,1.2 Kgs x 4 Pkts,SAMOSA,53.13,44.44,85.5,conflict,0.07,,manual_required
5506,20804320,Al Kabeer Zing Chicken Fillet/Strips 750Gm,Al Kabeer,Chicken Strips-Frozen,No Variant,Zing,750 gm,1,CKSK,SHISH KEBAB,600 Gms x 12 Pkts,KEBAB,53.96,46.81,85.5,conflict,0.34,,manual_required
5507,20814869,Al Kabeer kids Chicken Nuggets 750gm,Al Kabeer,Chicken Nuggets-Frozen,No Variant,Marinated & Breaded,750 gm,1,CFBF,BREADED FISH FILLET,330 Gms x 20 Pkts,FILLETS,53.13,44.44,85.5,conflict,0.47,,manual_required
5513,20814875,Al kabeer Chicken n' Cheese Rings 300gm ,Al Kabeer,Chicken Cheese Stick-Frozen,No Variant,Frozen Barbeque Products,300 gm,1,CCSRA,8 CHEESE SPRING ROLLS,240 Gms x 20 Pkts,SPRING ROLL,54.66,48.82,85.5,conflict,0.19,,manual_required
5516,20814878,Al kabeer Chicken Pop-Corn 750gm ,Al Kabeer,Chicken Popcorn-Frozen,No Variant,Marinated & Breaded,750 gm,1,CKCKB,CHICKEN BURGERS 56 g,840 g. x 9,BURGERS,51.89,40.91,85.5,conflict,0.44,,manual_required
5519,20832196,AL KABEER ZING CHICKEN STRIPS SPICY/NON-SPICY 750GR,Al Kabeer,Chicken Strips-Frozen,No Variant,Zing,750 gm,1,CKBW,BBQ CHICKEN WINGS 400,400 Gms x 12 Pkts,WINGS,54.52,48.42,85.5,conflict,2.63,,manual_required
5520,20832196,AL KABEER ZING CHICKEN STRIPS SPICY/NON-SPICY 750GR,Al Kabeer,Chicken Strips-Frozen,Spicy,Zing,750 gm,1,CKJCNA,JUMBO CHICKEN NUGGETS,1 Kgs x 5 Pkts,NUGGETS,53.6,45.78,85.5,conflict,0.27,,manual_required
5523,20832207,AL KABEER CHICKEN NUGGETS/FILLET NON-SPICY 750GR,Al Kabeer,Chicken Nuggets-Frozen,No Variant,Marinated & Breaded,750 gm,1,CCKSB,CHICKEN STICKS BULK,1 Kgs x 5 Pkts,STICKS & FINGERS,53.38,45.16,85.5,conflict,0.14,,manual_required
5524,20832207,AL KABEER CHICKEN NUGGETS/FILLET NON-SPICY 750GR,Al Kabeer,Chicken Fillets-Frozen,No Variant,Marinated & Breaded,750 gm,1,CCKSB,CHICKEN STICKS BULK,1 Kgs x 5 Pkts,STICKS & FINGERS,52.95,43.94,85.5,conflict,0.08,,manual_required
5538,20835162,AL KABEER Chicken Pop-Corn 750 GM,Al Kabeer,Chicken Popcorn-Frozen,No Variant,Marinated & Breaded,750 gm,1,CKCKB,CHICKEN BURGERS 56 g,840 g. x 9,BURGERS,51.89,40.91,85.5,conflict,0.06,,manual_required
5545,20836869,AL KABEER Tender Chicken Breast 1000GM,Al Kabeer,Chicken Breast-Frozen,No Variant,Frozen Chicken Parts,1000 gm,1,CFBF,BREADED FISH FILLET,330 Gms x 20 Pkts,FILLETS,52.58,42.86,85.5,conflict,0.19,,manual_required
5566,20847041,Al Kabeer Krazee Chicken Nuggets 750gm,Al Kabeer,Chicken Nuggets-Frozen,No Variant,Marinated & Breaded,750 gm,1,CFB,BEEF FRANKS,454 Gms x 20 Pkts,SAUSAGES,52.41,42.37,85.5,conflict,0.06,,manual_required
5574,20850912,Al Kabeer Zing Chicken Strips 750g,Al Kabeer,Chicken Strips-Frozen,No Variant,Marinated & Breaded,750 gm,1,CFBF,BREADED FISH FILLET,330 Gms x 20 Pkts,FILLETS,53.07,44.26,85.5,conflict,0.01,,manual_required
5575,20850912,Al Kabeer Zing Chicken Strips 750g,Al Kabeer,Chicken Strips-Frozen,Spicy,Marinated & Breaded,750 gm,1,CKJCNA,JUMBO CHICKEN NUGGETS,1 Kgs x 5 Pkts,NUGGETS,53.29,44.9,85.5,conflict,0.24,,manual_required
5578,20850916,Al Kabeer Blackberries / Blueberries 350gm,Al Kabeer,Blueberries-Frozen,No Variant,Frozen Fruits,350 gm,1,CBBO,4 BEEF BURGERS,200 Gms x 30 Pkt,BURGERS,52.42,42.42,85.5,conflict,0.11,,manual_required
5595,20854942,Al Kabeer - Chicken Pop-com 750gm,Al Kabeer,Chicken Popcorn-Frozen,No Variant,Marinated & Breaded,750 gm,1,CKJCNA,JUMBO CHICKEN NUGGETS,1 Kgs x 5 Pkts,NUGGETS,52.21,41.82,85.5,conflict,0.32,,manual_required
5596,20856532,Al Kabeer Chicken Pop Corn 750gm,Al Kabeer,Chicken Popcorn-Frozen,No Variant,Marinated & Breaded,750 gm,1,CKCKB,CHICKEN BURGERS 56 g,840 g. x 9,BURGERS,51.89,40.91,85.5,conflict,0.44,,manual_required
5598,20860459,Al Kabeer Zing Chicken Fillet Reg/Spicy 750g,Al Kabeer,Chicken Fillets-Frozen,No Variant,Zing,750 gm,1,CKN,CHICKEN NUGGETS,270 Gms x 20 Pkts,NUGGETS,54.72,48.98,85.5,conflict,1.83,,manual_required
5603,20860463,Al Kabeer Krazee Chicken Nuggets 750gm,Al Kabeer,Chicken Nuggets-Frozen,No Variant,Marinated & Breaded,750 gm,1,CFB,BEEF FRANKS,454 Gms x 20 Pkts,SAUSAGES,52.41,42.37,85.5,conflict,0.06,,manual_required
5606,20860468,Al Kabeer Green Peas and Carrots 900GM,Al Kabeer,Green/Garden Peas-Frozen,No Variant,Frozen Vegetables,900 gm,1,CFB,BEEF FRANKS,454 Gms x 20 Pkts,SAUSAGES,51.7,40.35,85.5,conflict,0.24,,manual_required
5610,20860472,AL KABEER ZING CHICKEN STRIPS SPICY SRIRACHA FLAVOR 700GM,Al Kabeer,Chicken Strips-Frozen,Spicy,Zing,700 gm,1,CKBT,TAYEBAT CHICKEN BURGER,1 Kgs x 9 Pkts,BURGERS,54.58,48.6,85.5,conflict,2.2,,manual_required
5611,20860473,Al Kabeer Zing Chicken Strips Smoked Buffalo Flavor 700GM,Al Kabeer,Chicken Strips-Frozen,No Variant,Marinated & Breaded,700 gm,1,CCFA,CHICKEN FRIES BULK,1 kg x 5 Pkts,POP-CORN & CHICKEN FRIES,53.89,46.62,85.5,conflict,0.08,,manual_required
5614,20860475,Al Kabeer Blackberries/Blueberries 350GM,Al Kabeer,Blueberries-Frozen,No Variant,Frozen Fruits,350 gm,1,CBBO,4 BEEF BURGERS,200 Gms x 30 Pkt,BURGERS,52.42,42.42,85.5,conflict,0.11,,manual_required
5619,20862989,Al Kabeer Chicken Pop-Corn 750 gm,Al Kabeer,Chicken Popcorn-Frozen,No Variant,Marinated & Breaded,750 gm,1,CKCKB,CHICKEN BURGERS 56 g,840 g. x 9,BURGERS,51.89,40.91,85.5,conflict,0.06,,manual_required
5620,20862990,Al Kabeer Breaded Chicken Fillets - Non Spicy 750gm,Al Kabeer,Chicken Fillets-Frozen,No Variant,Marinated & Breaded,750 gm,1,CCKSB,CHICKEN STICKS BULK,1 Kgs x 5 Pkts,STICKS & FINGERS,54.33,47.86,85.5,conflict,1.2,,manual_required
5621,20862991,Plain Paratha 400g X 3 Value Pack,Al Kabeer,Paratha-Frozen,No Variant,Frozen Pranthas,3x400 gm,1,CFB,BEEF FRANKS,454 Gms x 20 Pkts,SAUSAGES,53.42,45.28,85.5,conflict,0.08,,manual_required
5629,20862995,Al Kabeer Hash Browns 1000 gm / Waffle fries 750 gm,Al Kabeer,Crisscut Fries-Frozen,No Variant,Frozen Fries & Onion Rings,750 gm,1,CCF,CHICKEN FRIES,12 PKTS X 400 GRM,POP-CORN & CHICKEN FRIES,54.8,49.21,85.5,conflict,0.6,,manual_required
5643,20891876,Al Kabeer Zing Spicy Chicken Strips/ Fillets 750gm,Al Kabeer,Chicken Strips-Frozen,No Variant,Zing,750 gm,1,CKJCNA,JUMBO CHICKEN NUGGETS,1 Kgs x 5 Pkts,NUGGETS,52.58,42.86,85.5,conflict,0.26,,manual_required
5644,20891876,Al Kabeer Zing Spicy Chicken Strips/ Fillets 750gm,Al Kabeer,Chicken Fillets-Frozen,No Variant,Zing,750 gm,1,CKJCNA,JUMBO CHICKEN NUGGETS,1 Kgs x 5 Pkts,NUGGETS,52.58,42.86,85.5,conflict,0.26,,manual_required
5657,20959584,Al Kabeer Zing Fish Fillet Mild Spicy 750 gm,Al Kabeer,Zing Fish Fillet,No Variant,Breaded Seafood,750 gm,1,CFB,BEEF FRANKS,454 Gms x 20 Pkts,SAUSAGES,52.62,42.99,85.5,conflict,0.49,,manual_required
5661,20959587,Al Kabeer Chicken Zinger Fillets Spicy 750 gm,Al Kabeer,Chicken Fillets-Frozen,No Variant,Zing,750 gm,1,CKSAA,CHICKEN SAMOSAS BULK,1.2 Kgs x 4 Pkts,SAMOSA,52.38,42.31,85.5,conflict,0.11,,manual_required
5666,20959760,Al Kabeer Pop Corn Chicken 750 gm ,Al Kabeer,Chicken Popcorn-Frozen,No Variant,Marinated & Breaded,750 gm,1,CKCKB,CHICKEN BURGERS 56 g,840 g. x 9,BURGERS,51.89,40.91,85.5,conflict,0.06,,manual_required
5677,20983544,Al Kabeer Felafel 360gm,Al Kabeer,Falafel-Frozen,Non-Stuffed,"Frozen Pizzas, Wraps, Sandwiches",360 gm,1,CFB,BEEF FRANKS,454 Gms x 20 Pkts,SAUSAGES,51.08,38.6,85.5,conflict,1.01,,manual_required
5681,20983659,Al Kabeer Felafel 360GM,Al Kabeer,Falafel-Frozen,Non-Stuffed,"Frozen Pizzas, Wraps, Sandwiches",360 gm,1,CFB,BEEF FRANKS,454 Gms x 20 Pkts,SAUSAGES,51.08,38.6,85.5,conflict,1.01,,manual_required
5686,20996653,ALKABEER KRAZEE CHICKEN NUGGETS 750GR,Al Kabeer,Chicken Nuggets-Frozen,No Variant,Marinated & Breaded,750 gm,1,CFBF,BREADED FISH FILLET,330 Gms x 20 Pkts,FILLETS,52.34,42.19,85.5,conflict,0.53,,manual_required
5688,20996658,AL KABEER ZING CHICKEN STRIPS-SMOKED BUFFALO/ SPICY SRIRACHA 700GR,Al Kabeer,Chicken Strips-Frozen,No Variant,Zing,700 gm,1,CCKSB,CHICKEN STICKS BULK,1 Kgs x 5 Pkts,STICKS & FINGERS,54.05,47.06,85.5,conflict,0.23,,manual_required
5693,20998782,"Al Kabeer French Fries, 2.5 KILO",Al Kabeer,French Fries-Frozen,No Variant,Frozen Fries & Onion Rings,2.5 kg,1,CFBFA,BREADED FISH FILLET BULK,1 Kgs x 5 Pkts,FILLETS,52.21,41.82,85.5,conflict,0.38,,manual_required
5696,20999738,Al Kabeer Chicken Pop-Corn 750GM,Al Kabeer,Chicken Popcorn-Frozen,No Variant,Marinated & Breaded,750 gm,1,CKCKB,CHICKEN BURGERS 56 g,840 g. x 9,BURGERS,51.89,40.91,85.5,conflict,0.44,,manual_required
5711,21008622,Al Kabeer Krazee Chicken Nuggets 750GM,Al Kabeer,Chicken Nuggets-Frozen,No Variant,Marinated & Breaded,750 gm,1,CFB,BEEF FRANKS,454 Gms x 20 Pkts,SAUSAGES,52.41,42.37,85.5,conflict,0.06,,manual_required
5725,21009502,Al Kabeer Tandoori Chicken Nuggets 270G,Al Kabeer,Chicken Nuggets-Frozen,No Variant,Marinated & Breaded,270 gm,1,CCCB,CHICKEN BIRYANI 400,400 Gms x 12 Pkts,READY2EAT,54.05,47.06,85.5,conflict,0.49,,manual_required
5738,21013555,Al Kabeer Zing Chicken Fillets Spicy 750gm,Al Kabeer,Chicken Fillets-Frozen,No Variant,Zing,750 gm,1,CKSAPR,AK PRO CHICKEN SAMOSA,4 X 1.2 KGS,SAMOSA,53.62,45.83,85.5,conflict,0.64,,manual_required
5742,21013559,Al Kabeer Chicken Samosa / Vegetable Samosa 240gm/ Vegetable Spring Roll / Chicken Spring Roll 280gm,Al Kabeer,Samosa-Frozen,Other-Veg,"Frozen Pizzas, Wraps, Sandwiches",240 gm,1,CCCTM,CHICKEN TIKKA MAKHANI & PILAU RICE,450 Gms x 12 Pkts,READY2EAT,54.2,47.5,85.5,conflict,0.39,,manual_required
5743,21013559,Al Kabeer Chicken Samosa / Vegetable Samosa 240gm/ Vegetable Spring Roll / Chicken Spring Roll 280gm,Al Kabeer,Spring Roll-Frozen,No Variant,"Frozen Pizzas, Wraps, Sandwiches",280 gm,1,CCCTM,CHICKEN TIKKA MAKHANI & PILAU RICE,450 Gms x 12 Pkts,READY2EAT,54.1,47.2,85.5,conflict,0.91,,manual_required
5744,21015141,Al Kabeer Zing Chicken Strips Fillet Spicy 750gm,Al Kabeer,Chicken Fillets-Frozen,No Variant,Zing,750 gm,1,CKCKB,CHICKEN BURGERS 56 g,840 g. x 9,BURGERS,51.99,41.18,85.5,conflict,0.41,,manual_required
5745,21015142,Al Kabeer Krazee Chicken Nuggets 750GM,Al Kabeer,Chicken Nuggets-Frozen,No Variant,Marinated & Breaded,750 gm,1,CFB,BEEF FRANKS,454 Gms x 20 Pkts,SAUSAGES,52.41,42.37,85.5,conflict,0.06,,manual_required
5750,21015976,Al Kabeer Krazee Chicken Nuggets 750GM,Al Kabeer,Chicken Nuggets-Frozen,No Variant,Marinated & Breaded,750 gm,1,CFB,BEEF FRANKS,454 Gms x 20 Pkts,SAUSAGES,52.41,42.37,85.5,conflict,0.06,,manual_required
5756,21018168,Al Kabeer Green Peas and Carrots 900 Gm,Al Kabeer,Green/Garden Peas-Frozen,No Variant,Frozen Vegetables,900 gm,1,CFBJ,JUMBO HOTDOGS,400 Gms x 20 Pkts,SAUSAGES,51.82,40.71,85.5,conflict,0.0,,manual_required
5760,21018171,Al Kabeer Blackberries/Blueberries 350 Gm,Al Kabeer,Blueberries-Frozen,No Variant,Frozen Fruits,350 gm,1,CBBO,4 BEEF BURGERS,200 Gms x 30 Pkt,BURGERS,52.89,43.75,85.5,conflict,0.86,,manual_required
5761,21018172,Al Kabeer Zing Chicken Fillet Regular / Spicy 750 Gm,Al Kabeer,Chicken Fillets-Frozen,No Variant,Zing,750 gm,1,CFB,BEEF FRANKS,454 Gms x 20 Pkts,SAUSAGES,54.45,48.21,85.5,conflict,0.02,,manual_required
5769,21018178,Al Kabeer Krazee Chicken Nuggets 750 Gm,Al Kabeer,Chicken Nuggets-Frozen,No Variant,Marinated & Breaded,750 gm,1,CFB,BEEF FRANKS,454 Gms x 20 Pkts,SAUSAGES,52.18,41.74,85.5,conflict,0.05,,manual_required
5770,21018179,AL KABEER ZING CHICKEN STRIPS SMOKED BUFFALO FLAVOR 700 GM,Al Kabeer,Chicken Strips-Frozen,No Variant,Zing,700 gm,1,CKB,ARABIC KOFTA,300 Gms x 20 Pkts,KOFTA-KIBBEH-FELAFEL,52.28,42.02,85.5,conflict,1.09,,manual_required
5774,21021009,Al Kabeer Zing Chicken Fillets/Strips 750gm,Al Kabeer,Chicken Fillets-Frozen,No Variant,Zing,750 gm,1,CKSAA,CHICKEN SAMOSAS BULK,1.2 Kgs x 4 Pkts,SAMOSA,53.52,45.54,85.5,conflict,0.06,,manual_required
5775,21021009,Al Kabeer Zing Chicken Fillets/Strips 750gm,Al Kabeer,Chicken Strips-Frozen,No Variant,Zing,750 gm,1,CKSAA,CHICKEN SAMOSAS BULK,1.2 Kgs x 4 Pkts,SAMOSA,53.52,45.54,85.5,conflict,0.06,,manual_required
5776,21021011,Al Kabeer Chicken Cheese Rings 300gm ,Al Kabeer,Chicken Cheese Stick-Frozen,No Variant,Frozen Barbeque Products,300 gm,1,CCSRA,8 CHEESE SPRING ROLLS,240 Gms x 20 Pkts,SPRING ROLL,54.94,49.6,85.5,conflict,0.17,,manual_required
5777,21022154,Al Kabeer KRAZEE CHICKEN NUGGETS 750gm,Al Kabeer,Chicken Nuggets-Frozen,No Variant,Marinated & Breaded,750 gm,1,CFB,BEEF FRANKS,454 Gms x 20 Pkts,SAUSAGES,52.41,42.37,85.5,conflict,0.06,,manual_required
5785,21023490,Zing Fish Fillets / Zing Shrimps Spicy 750GM,Al Kabeer,Zing Shrimps,Spicy,Breaded Seafood,750 gm,1,CFB,BEEF FRANKS,454 Gms x 20 Pkts,SAUSAGES,51.85,40.78,85.5,conflict,0.56,,manual_required
5787,21023492,Al kabeer Chicken Pop-Corn 750gm,Al Kabeer,Chicken Popcorn-Frozen,No Variant,Marinated & Breaded,750 gm,1,CKCKB,CHICKEN BURGERS 56 g,840 g. x 9,BURGERS,51.89,40.91,85.5,conflict,0.44,,manual_required
5793,21043151,Al Kabeer Krazee Chicken Nuggets 750gm,Al Kabeer,Chicken Nuggets-Frozen,No Variant,Marinated & Breaded,750 gm,1,CFB,BEEF FRANKS,454 Gms x 20 Pkts,SAUSAGES,52.41,42.37,85.5,conflict,0.06,,manual_required
5795,21043158,Al Kabeer Chicken Pop-corn 750gm,Al Kabeer,Chicken Popcorn-Frozen,No Variant,Marinated & Breaded,750 gm,1,CKCKB,CHICKEN BURGERS 56 g,840 g. x 9,BURGERS,51.89,40.91,85.5,conflict,0.44,,manual_required
5797,21045613,Al Kabeer Chicken Pop-Corn 750gm,Al Kabeer,Chicken Popcorn-Frozen,No Variant,Marinated & Breaded,750 gm,1,CKCKB,CHICKEN BURGERS 56 g,840 g. x 9,BURGERS,51.89,40.91,85.5,conflict,0.44,,manual_required
5800,21050414,Al Kabeer Zing Chicken Fillets/Strips 750 GM,Al Kabeer,Chicken Strips-Frozen,No Variant,Zing,750 gm,1,CKSK,SHISH KEBAB,600 Gms x 12 Pkts,KEBAB,53.55,45.65,85.5,conflict,0.34,,manual_required
5801,21050414,Al Kabeer Zing Chicken Fillets/Strips 750 GM,Al Kabeer,Chicken Fillets-Frozen,No Variant,Zing,750 gm,1,CKSAA,CHICKEN SAMOSAS BULK,1.2 Kgs x 4 Pkts,SAMOSA,53.29,44.9,85.5,conflict,0.08,,manual_required
5808,21113130,Al Kabeer Stuffed Falafel 750gm ,Al Kabeer,Falafel-Frozen,Stuffed,"Frozen Pizzas, Wraps, Sandwiches",750 gm,1,CFB,BEEF FRANKS,454 Gms x 20 Pkts,SAUSAGES,51.3,39.22,85.5,conflict,0.76,,manual_required
5815,21125882,Al Kabeer Chicken Zinger Fillets Spicy 750gm,Al Kabeer,Chicken Fillets-Frozen,No Variant,Zing,750 gm,1,CKN,CHICKEN NUGGETS,270 Gms x 20 Pkts,NUGGETS,54.17,47.42,85.5,conflict,2.28,,manual_required
5820,21125887,Al Kabeer Pop Corn Chicken 750gm,Al Kabeer,Chicken Popcorn-Frozen,No Variant,Marinated & Breaded,750 gm,1,CKCKB,CHICKEN BURGERS 56 g,840 g. x 9,BURGERS,51.89,40.91,85.5,conflict,0.44,,manual_required
5821,21125888,Al Kabeer Zing Chicken Strips Buffalo 700gm,Al Kabeer,Chicken Strips-Frozen,No Variant,Zing,700 gm,1,CKSAA,CHICKEN SAMOSAS BULK,1.2 Kgs x 4 Pkts,SAMOSA,54.9,49.5,85.5,conflict,0.01,,manual_required
5822,21125890,Al Kabeer Zing Fish Fillet Mild Spicy 750 gm,Al Kabeer,Zing Fish Fillet,No Variant,Breaded Seafood,750 gm,1,CFB,BEEF FRANKS,454 Gms x 20 Pkts,SAUSAGES,52.62,42.99,85.5,conflict,0.49,,manual_required
5835,21178133,Al Kabeer Chicken Nuggets 400g x 2,Al Kabeer,Chicken Nuggets-Frozen,No Variant,Marinated & Breaded,2x400 gm,1,CBBO,4 BEEF BURGERS,200 Gms x 30 Pkt,BURGERS,53.42,45.28,85.5,conflict,0.15,,manual_required
5841,21178139,Al Kabeer Chicken Pop-Corn 750 gm,Al Kabeer,Chicken Popcorn-Frozen,No Variant,Marinated & Breaded,750 gm,1,CKCKB,CHICKEN BURGERS 56 g,840 g. x 9,BURGERS,51.89,40.91,85.5,conflict,0.06,,manual_required
5844,21182058,Al Kabeer Chicken Pop-Corn 750GM,Al Kabeer,Chicken Popcorn-Frozen,No Variant,Marinated & Breaded,750 gm,1,CKCKB,CHICKEN BURGERS 56 g,840 g. x 9,BURGERS,51.89,40.91,85.5,conflict,0.44,,manual_required
5847,21182542,Al Kabeer Chicken Pop-Corn 750GM,Al Kabeer,Chicken Popcorn-Frozen,No Variant,Marinated & Breaded,750 gm,1,CKCKB,CHICKEN BURGERS 56 g,840 g. x 9,BURGERS,51.89,40.91,85.5,conflict,0.44,,manual_required
5856,21183733,AL KABEER ZING CHICKEN STRIPS SMOKED BUFFALO/SPICY SRIRACHA 700GR,Al Kabeer,Chicken Strips-Frozen,No Variant,Zing,700 gm,1,CCKSB,CHICKEN STICKS BULK,1 Kgs x 5 Pkts,STICKS & FINGERS,54.05,47.06,85.5,conflict,0.23,,manual_required
5862,21186895,"Al Kabeer Breaded Chicken Fillet Spicy or Krazee Nuggets, 750 grams",Al Kabeer,Chicken Fillets-Frozen,Spicy,Marinated & Breaded,750 gm,1,CCKSB,CHICKEN STICKS BULK,1 Kgs x 5 Pkts,STICKS & FINGERS,54.51,48.39,85.5,conflict,0.66,,manual_required
5865,21186898,"Al Kabeer Zing Chicken Fillet Regular or Hot, 750 grams",Al Kabeer,Chicken Fillets-Frozen,No Variant,Zing,750 gm,1,CCSK,KIRI CHEESE SAMOSA,20 X 240 GMS,SAMOSA,54.27,47.71,85.5,conflict,0.59,,manual_required
5873,21188189,Alkabeer Chicken Nuggets / Crazy 750GM,Al Kabeer,Chicken Nuggets-Frozen,No Variant,Marinated & Breaded,750 gm,1,CFB,BEEF FRANKS,454 Gms x 20 Pkts,SAUSAGES,52.53,42.74,85.5,conflict,0.63,,manual_required
5874,21188190,Al-Kabeer Zing Chicken Fillet / TAYBAT BREADED CHICKEN BURGER 900GM  750GM,Al Kabeer,Chicken Fillets-Frozen,No Variant,Zing,750 gm,1,CCF,CHICKEN FRIES,12 PKTS X 400 GRM,POP-CORN & CHICKEN FRIES,53.98,46.88,85.5,conflict,0.13,,manual_required
5881,21188197,Alkabeer Tender Chicken Breast 1000GM ,Al Kabeer,Chicken Breast-Frozen,No Variant,Frozen Chicken Parts,1000 gm,1,CFBF,BREADED FISH FILLET,330 Gms x 20 Pkts,FILLETS,52.58,42.86,85.5,conflict,0.19,,manual_required
5887,21194145,Al Kabeer Breaded Chicken Fillet Hot & Spicy 750gm,Al Kabeer,Chicken Fillets-Frozen,Hot & Spicy,Marinated & Breaded,750 gm,1,CCKSB,CHICKEN STICKS BULK,1 Kgs x 5 Pkts,STICKS & FINGERS,54.92,49.56,85.5,conflict,0.14,,manual_required
5889,21195121,Al Kabeer Zing Chicken Strips Smoked Buffalo Flavour (700gm),Al Kabeer,Chicken Strips-Frozen,No Variant,Zing,700 gm,1,CCCB,CHICKEN BIRYANI 400,400 Gms x 12 Pkts,READY2EAT,53.0,44.07,85.5,conflict,0.06,,manual_required
5902,21198481,Al Kabeer Chicken Pop-corn 750gm,Al Kabeer,Chicken Popcorn-Frozen,No Variant,Marinated & Breaded,750 gm,1,CKCKB,CHICKEN BURGERS 56 g,840 g. x 9,BURGERS,51.89,40.91,85.5,conflict,0.44,,manual_required
5903,21198758,Al Kabeer Chicken Pop Corn 750gm,Al Kabeer,Chicken Popcorn-Frozen,No Variant,Marinated & Breaded,750 gm,1,CKCKB,CHICKEN BURGERS 56 g,840 g. x 9,BURGERS,51.89,40.91,85.5,conflict,0.44,,manual_required
5912,21202926,Al Kabeer Krazee Chicken Nuggets 750gm,Al Kabeer,Chicken Nuggets-Frozen,No Variant,Marinated & Breaded,750 gm,1,CFB,BEEF FRANKS,454 Gms x 20 Pkts,SAUSAGES,52.41,42.37,85.5,conflict,0.06,,manual_required
5917,21203294,Al Kabeer Zing Chicken Nuggets / Strips Spicy 750gm,Al Kabeer,Chicken Strips-Frozen,Spicy,Zing,750 gm,1,CKSAPR,AK PRO CHICKEN SAMOSA,4 X 1.2 KGS,SAMOSA,53.55,45.65,85.5,conflict,0.67,,manual_required
5920,21203635,Al Kabeer Zing Fish Fillet Spicy 750gm,Al Kabeer,Zing Fish Fillet,No Variant,Breaded Seafood,750 gm,1,CMBAK,MEAT BALLS,300 Gms x 20 Pkts,MEAT BALLS,53.13,44.44,85.5,conflict,0.22,,manual_required
5927,21208515,Al Kabeer Green Peas/Peas and Carrots 900 gm,Al Kabeer,Green/Garden Peas-Frozen,No Variant,Frozen Vegetables,900 gm,1,CFBJ,JUMBO HOTDOGS,400 Gms x 20 Pkts,SAUSAGES,51.82,40.71,85.5,conflict,0.01,,manual_required
5934,21208520,Al Kabeer Blackberry/Blueberries 350 gm ,Al Kabeer,Blueberries-Frozen,No Variant,Frozen Fruits,350 gm,1,CBBO,4 BEEF BURGERS,200 Gms x 30 Pkt,BURGERS,52.47,42.55,85.5,conflict,0.89,,manual_required
5935,21208521,Al Kabeer Zing Chicken Strips Smoked Buffalo Flavor 700 GM,Al Kabeer,Chicken Strips-Frozen,No Variant,Zing,700 gm,1,CKB,ARABIC KOFTA,300 Gms x 20 Pkts,KOFTA-KIBBEH-FELAFEL,52.28,42.02,85.5,conflict,1.09,,manual_required
5938,21208524,Al Kabeer Krazee Chicken Nuggets 750gm ,Al Kabeer,Chicken Nuggets-Frozen,No Variant,Marinated & Breaded,750 gm,1,CFB,BEEF FRANKS,454 Gms x 20 Pkts,SAUSAGES,52.41,42.37,85.5,conflict,0.06,,manual_required
5939,21208525,Al Kabeer Spicy Sriracha Flavor Chicken Strips 700 gm,Al Kabeer,Chicken Strips-Frozen,Spicy,Zing,700 gm,1,CKCKB,CHICKEN BURGERS 56 g,840 g. x 9,BURGERS,52.52,42.7,85.5,conflict,0.42,,manual_required
5958,21210139,Al Kabeer Zing Chicken Strips Smoked Buffalo/Spicy Sriracha Flavor 700Gm,Al Kabeer,Chicken Strips-Frozen,Spicy,Zing,700 gm,1,CCKSB,CHICKEN STICKS BULK,1 Kgs x 5 Pkts,STICKS & FINGERS,54.01,46.96,85.5,conflict,0.12,,manual_required
5959,21210139,Al Kabeer Zing Chicken Strips Smoked Buffalo/Spicy Sriracha Flavor 700Gm,Al Kabeer,Chicken Strips-Frozen,No Variant,Zing,700 gm,1,CCF,CHICKEN FRIES,12 PKTS X 400 GRM,POP-CORN & CHICKEN FRIES,54.14,47.33,85.5,conflict,1.19,,manual_required
5962,21210141,Al Kabeer Zing Fish Fillets/Shrimps Spicy 750Gm,Al Kabeer,Zing Shrimps,Spicy,Breaded Seafood,750 gm,1,CMBAK,MEAT BALLS,300 Gms x 20 Pkts,MEAT BALLS,51.89,40.91,85.5,conflict,0.05,,manual_required
5971,21211942,Al kabheer Zing Chicken Strips 750gm,Al Kabeer,Chicken Strips-Frozen,No Variant,Zing,750 gm,1,CKJCNA,JUMBO CHICKEN NUGGETS,1 Kgs x 5 Pkts,NUGGETS,53.79,46.32,85.5,conflict,0.23,,manual_required
5975,21246944,Al Kabeer Zing Chicken Strips Sriracha/Smoked Buffalo 700 gm ,Al Kabeer,Chicken Strips-Frozen,No Variant,Zing,700 gm,1,CCCB,CHICKEN BIRYANI 400,400 Gms x 12 Pkts,READY2EAT,53.26,44.83,85.5,conflict,1.69,,manual_required
5976,21246944,Al Kabeer Zing Chicken Strips Sriracha/Smoked Buffalo 700 gm ,Al Kabeer,Chicken Strips-Frozen,Spicy,Zing,700 gm,1,CKBT,TAYEBAT CHICKEN BURGER,1 Kgs x 9 Pkts,BURGERS,54.45,48.21,85.5,conflict,1.74,,manual_required
5979,21262062,Al-Kabeer Chicken Pop Corn 750gm,Al Kabeer,Chicken Popcorn-Frozen,No Variant,Marinated & Breaded,750 gm,1,CKCKB,CHICKEN BURGERS 56 g,840 g. x 9,BURGERS,51.89,40.91,85.5,conflict,0.44,,manual_required
5981,21305464,Al Kabeer Zing Chicken Strip/Fillets Original/Spicy 750GM,Al Kabeer,Chicken Fillets-Frozen,No Variant,Marinated & Breaded,750 gm,1,CCFA,CHICKEN FRIES BULK,1 kg x 5 Pkts,POP-CORN & CHICKEN FRIES,53.89,46.62,85.5,conflict,0.0,,manual_required
5982,21305464,Al Kabeer Zing Chicken Strip/Fillets Original/Spicy 750GM,Al Kabeer,Chicken Strips-Frozen,No Variant,Zing,750 gm,1,CCCB,CHICKEN BIRYANI 400,400 Gms x 12 Pkts,READY2EAT,52.82,43.55,85.5,conflict,0.39,,manual_required
5985,21307421,Al Kabeer Zing Chicken Strip/Fillets Original/Spicy 750gm,Al Kabeer,Chicken Strips-Frozen,No Variant,Zing,750 gm,1,CCCB,CHICKEN BIRYANI 400,400 Gms x 12 Pkts,READY2EAT,52.82,43.55,85.5,conflict,0.39,,manual_required
5986,21307421,Al Kabeer Zing Chicken Strip/Fillets Original/Spicy 750gm,Al Kabeer,Chicken Fillets-Frozen,No Variant,Marinated & Breaded,750 gm,1,CCFA,CHICKEN FRIES BULK,1 kg x 5 Pkts,POP-CORN & CHICKEN FRIES,53.89,46.62,85.5,conflict,0.0,,manual_required
5993,21319575,Al Kabeer krazee Chicken nuggets 750gm,Al Kabeer,Chicken Nuggets-Frozen,No Variant,Marinated & Breaded,750 gm,1,CFB,BEEF FRANKS,454 Gms x 20 Pkts,SAUSAGES,52.41,42.37,85.5,conflict,0.06,,manual_required
5994,21319576,Al Kabeer Pop Corn Chicken 750gm,Al Kabeer,Chicken Popcorn-Frozen,No Variant,Marinated & Breaded,750 gm,1,CKCKB,CHICKEN BURGERS 56 g,840 g. x 9,BURGERS,51.89,40.91,85.5,conflict,0.44,,manual_required
5996,21319578,Al Kabeer Zing Fish Fillet Mild Spicy 750gm,Al Kabeer,Zing Fish Fillet,No Variant,Breaded Seafood,750 gm,1,CFB,BEEF FRANKS,454 Gms x 20 Pkts,SAUSAGES,52.21,41.82,85.5,conflict,0.5,,manual_required
6002,21325706,Al Kabeer Breaded Chicken Fillet Non Spicy 750gm,Al Kabeer,Chicken Fillets-Frozen,No Variant,Marinated & Breaded,750 gm,1,CCKSB,CHICKEN STICKS BULK,1 Kgs x 5 Pkts,STICKS & FINGERS,53.95,46.77,85.5,conflict,0.71,,manual_required
6005,21343417,Al Kabeer Waffle Fries 750gm,Al Kabeer,Crisscut Fries-Frozen,No Variant,Frozen Fries & Onion Rings,750 gm,1,CFBF,BREADED FISH FILLET,330 Gms x 20 Pkts,FILLETS,52.04,41.32,85.5,conflict,1.22,,manual_required
6010,21358304,ALKABEER CHICKEN NUGGETS/FILLET NON-SPICY 750GR,Al Kabeer,Chicken Nuggets-Frozen,No Variant,Marinated & Breaded,750 gm,1,CCKSB,CHICKEN STICKS BULK,1 Kgs x 5 Pkts,STICKS & FINGERS,53.38,45.16,85.5,conflict,0.14,,manual_required
6011,21358304,ALKABEER CHICKEN NUGGETS/FILLET NON-SPICY 750GR,Al Kabeer,Chicken Fillets-Frozen,No Variant,Marinated & Breaded,750 gm,1,CCKSB,CHICKEN STICKS BULK,1 Kgs x 5 Pkts,STICKS & FINGERS,52.95,43.94,85.5,conflict,0.08,,manual_required
6017,21366615,"AL KABEER ZING SHRIMPS OR FISH FILLET SPICY, 750 GRAMS",Al Kabeer,Zing Shrimps,Spicy,Breaded Seafood,750 gm,1,CFB,BEEF FRANKS,454 Gms x 20 Pkts,SAUSAGES,51.99,41.18,85.5,conflict,0.67,,manual_required
6025,21374796,Al Kabeer Chicken Popcorn 750gm,Al Kabeer,Chicken Popcorn-Frozen,No Variant,Marinated & Breaded,750 gm,1,CKJCNA,JUMBO CHICKEN NUGGETS,1 Kgs x 5 Pkts,NUGGETS,52.67,43.14,85.5,conflict,0.25,,manual_required
6028,21375123,Alkabeer Chicken PopCorn 750Gm,Al Kabeer,Chicken Popcorn-Frozen,No Variant,Marinated & Breaded,750 gm,1,CKJCNA,JUMBO CHICKEN NUGGETS,1 Kgs x 5 Pkts,NUGGETS,52.67,43.14,85.5,conflict,0.25,,manual_required
6036,21376666,Al Kabeer Mixed Vegetable with Corn 900 Gm,Al Kabeer,Mix Vegetables-Frozen,No Variant,Frozen Vegetables,900 gm,1,CFBJ,JUMBO HOTDOGS,400 Gms x 20 Pkts,SAUSAGES,51.82,40.71,85.5,conflict,0.37,,manual_required
6038,21376669,Al Kabeer Chicken Pop Corn 750Gm,Al Kabeer,Chicken Popcorn-Frozen,No Variant,Marinated & Breaded,750 gm,1,CKCKB,CHICKEN BURGERS 56 g,840 g. x 9,BURGERS,51.89,40.91,85.5,conflict,0.44,,manual_required
6053,21384932,Al Kabeer Zing Chicken Strip/Buffalo Flavour 750 GM,Al Kabeer,Chicken Strips-Frozen,No Variant,Zing,750 gm,1,CKJCNA,JUMBO CHICKEN NUGGETS,1 Kgs x 5 Pkts,NUGGETS,53.89,46.6,85.5,conflict,0.21,,manual_required
6061,21388212,Al Kabeer Zing Chicken Fillets Spicy 750gm ,Al Kabeer,Chicken Fillets-Frozen,No Variant,Zing,750 gm,1,CKSAPR,AK PRO CHICKEN SAMOSA,4 X 1.2 KGS,SAMOSA,53.62,45.83,85.5,conflict,0.64,,manual_required
6070,21388862,Al Kabeer Krazee Chicken Nuggets 750gm,Al Kabeer,Chicken Nuggets-Frozen,No Variant,Marinated & Breaded,750 gm,1,CFB,BEEF FRANKS,454 Gms x 20 Pkts,SAUSAGES,52.41,42.37,85.5,conflict,0.06,,manual_required
6074,21389971,Al kabeer Zing Chicken Fillets spicy 750g,Al Kabeer,Chicken Fillets-Frozen,No Variant,Zing,750 gm,1,CKSK,SHISH KEBAB,600 Gms x 12 Pkts,KEBAB,53.73,46.15,85.5,conflict,0.35,,manual_required
6078,21390731,Al Kabeer Zing Chicken Strips Smoked Buffalo Flavor 700GM,Al Kabeer,Chicken Strips-Frozen,Spicy,Zing,700 gm,1,CKBT,TAYEBAT CHICKEN BURGER,1 Kgs x 9 Pkts,BURGERS,52.44,42.48,85.5,conflict,0.87,,manual_required
6079,21390731,Al Kabeer Zing Chicken Strips Smoked Buffalo Flavor 700GM,Al Kabeer,Chicken Strips-Frozen,No Variant,Zing,700 gm,1,CCCB,CHICKEN BIRYANI 400,400 Gms x 12 Pkts,READY2EAT,53.13,44.44,85.5,conflict,0.64,,manual_required
6085,21390737,Al Kabeer Blackberries/Blueberries  350GM,Al Kabeer,Blueberries-Frozen,No Variant,Frozen Fruits,350 gm,1,CBBO,4 BEEF BURGERS,200 Gms x 30 Pkt,BURGERS,52.42,42.42,85.5,conflict,0.11,,manual_required
6091,21390744,Krazee Chicken Nuggets 750gm ,Al Kabeer,Chicken Nuggets-Frozen,No Variant,Marinated & Breaded,750 gm,1,CFB,BEEF FRANKS,454 Gms x 20 Pkts,SAUSAGES,52.41,42.37,85.5,conflict,0.06,,manual_required
6097,21391521,Al Kabeer Zing Chicken Fillets Non Spicy 750GM,Al Kabeer,Chicken Fillets-Frozen,No Variant,Zing,750 gm,1,CKJCNA,JUMBO CHICKEN NUGGETS,1 Kgs x 5 Pkts,NUGGETS,53.05,44.21,85.5,conflict,1.02,,manual_required
6098,21391522,AL KABEER ZING CHICKEN STRIPS SMOKED BUFFALO/SPICY SRIRACHA FLAVOR 700GM,Al Kabeer,Chicken Strips-Frozen,No Variant,Zing,700 gm,1,CCF,CHICKEN FRIES,12 PKTS X 400 GRM,POP-CORN & CHICKEN FRIES,54.14,47.33,85.5,conflict,1.19,,manual_required
6099,21391522,AL KABEER ZING CHICKEN STRIPS SMOKED BUFFALO/SPICY SRIRACHA FLAVOR 700GM,Al Kabeer,Chicken Strips-Frozen,Spicy,Zing,700 gm,1,CCKSB,CHICKEN STICKS BULK,1 Kgs x 5 Pkts,STICKS & FINGERS,54.01,46.96,85.5,conflict,0.12,,manual_required
6100,21391524,AL KABEER Chicken Pop-Corn 750GM,Al Kabeer,Chicken Popcorn-Frozen,No Variant,Marinated & Breaded,750 gm,1,CKCKB,CHICKEN BURGERS 56 g,840 g. x 9,BURGERS,51.89,40.91,85.5,conflict,0.44,,manual_required
6105,21391530,Al Kabeer Blackberry/Blueberries  350GM,Al Kabeer,Blueberries-Frozen,No Variant,Frozen Fruits,350 gm,1,CBBO,4 BEEF BURGERS,200 Gms x 30 Pkt,BURGERS,52.01,41.24,85.5,conflict,0.13,,manual_required
6107,21391532,AL KABEER ZING CHICKEN STRIPS NON SPICY 750GM,Al Kabeer,Chicken Strips-Frozen,No Variant,Zing,750 gm,1,CKN,CHICKEN NUGGETS,270 Gms x 20 Pkts,NUGGETS,54.89,49.46,85.5,conflict,2.99,,manual_required
6109,21391534,Al Kabeer Mixed Vegetables with Peas Carrots 900gm,Al Kabeer,Mix Vegetables-Frozen,No Variant,Frozen Vegetables,900 gm,1,CFBJ,JUMBO HOTDOGS,400 Gms x 20 Pkts,SAUSAGES,52.93,43.86,85.5,conflict,1.23,,manual_required
6114,21416953,Al Kabeer Krazee Chicken Nuggets 750g,Al Kabeer,Chicken Nuggets-Frozen,No Variant,Marinated & Breaded,750 gm,1,CFB,BEEF FRANKS,454 Gms x 20 Pkts,SAUSAGES,52.18,41.74,85.5,conflict,0.05,,manual_required
6118,21416961,Al Kabeer Seasoned Wedges 750 gm  / Poatao bites 1000 gm,Al Kabeer,Potato Wedges-Frozen,No Variant,Frozen Fries & Onion Rings,750 gm,1,CCF,CHICKEN FRIES,12 PKTS X 400 GRM,POP-CORN & CHICKEN FRIES,54.81,49.25,85.5,conflict,2.05,,manual_required
6119,21417097,Al Kabeer Zing Chicken Strips/Fillet/Nuggets Non-Spicy 750gm,Al Kabeer,Chicken Fillets-Frozen,No Variant,Zing,750 gm,1,CFBF,BREADED FISH FILLET,330 Gms x 20 Pkts,FILLETS,54.56,48.53,85.5,conflict,1.49,,manual_required
6120,21417097,Al Kabeer Zing Chicken Strips/Fillet/Nuggets Non-Spicy 750gm,Al Kabeer,Chicken Nuggets-Frozen,No Variant,Zing,750 gm,1,CCKSB,CHICKEN STICKS BULK,1 Kgs x 5 Pkts,STICKS & FINGERS,53.54,45.61,85.5,conflict,0.21,,manual_required
6121,21417097,Al Kabeer Zing Chicken Strips/Fillet/Nuggets Non-Spicy 750gm,Al Kabeer,Chicken Strips-Frozen,No Variant,Zing,750 gm,1,CCKSB,CHICKEN STICKS BULK,1 Kgs x 5 Pkts,STICKS & FINGERS,53.54,45.61,85.5,conflict,0.21,,manual_required
6129,21438217,Alkabeer Chicken Nuggets / Crazy Nuggets / Pop Corn 750 GM,Al Kabeer,Chicken Nuggets-Frozen,Spicy,Marinated & Breaded,750 gm,1,CCKSB,CHICKEN STICKS BULK,1 Kgs x 5 Pkts,STICKS & FINGERS,54.77,49.12,85.5,conflict,0.28,,manual_required
6132,21438218,Alkabeer Tender Chicken Breast 1000GM,Al Kabeer,Chicken Breast-Frozen,No Variant,Frozen Chicken Parts,1000 gm,1,CFBF,BREADED FISH FILLET,330 Gms x 20 Pkts,FILLETS,52.58,42.86,85.5,conflict,0.19,,manual_required
6137,21438225,AL KABEER Bobby Veal without bones 907GM ,Al Kabeer,Bobby Veal-Frozen,No Variant,Other Frozen Meat,907 gm,1,CFB,BEEF FRANKS,454 Gms x 20 Pkts,SAUSAGES,53.63,45.87,85.5,conflict,1.1,,manual_required
6144,21486212,Al Kabeer Pop Corn Chicken 750gm,Al Kabeer,Chicken Popcorn-Frozen,No Variant,Marinated & Breaded,750 gm,1,CKCKB,CHICKEN BURGERS 56 g,840 g. x 9,BURGERS,51.89,40.91,85.5,conflict,0.44,,manual_required
6145,21486213,Al Kabeer krazee Chicken nuggets 750gm,Al Kabeer,Chicken Nuggets-Frozen,No Variant,Marinated & Breaded,750 gm,1,CFB,BEEF FRANKS,454 Gms x 20 Pkts,SAUSAGES,52.41,42.37,85.5,conflict,0.06,,manual_required
6148,21486216,Al Kabeer Zing Fish Fillet Mild Spicy 750gm,Al Kabeer,Zing Fish Fillet,No Variant,Breaded Seafood,750 gm,1,CFB,BEEF FRANKS,454 Gms x 20 Pkts,SAUSAGES,52.21,41.82,85.5,conflict,0.5,,manual_required
6150,21486218,Al Kabeer Zing Chicken Strips Buffalo 700gm,Al Kabeer,Chicken Strips-Frozen,No Variant,Zing,700 gm,1,CKSAA,CHICKEN SAMOSAS BULK,1.2 Kgs x 4 Pkts,SAMOSA,54.9,49.5,85.5,conflict,0.01,,manual_required
6152,21486221,Al Kabeer Frozen Strawberries 900gm,Al Kabeer,Strawberry-Frozen,No Variant,Frozen Fruits,900 gm,1,VPS,PUNJABI SAMOSA,450 GMS X 10 PKTS,SAMOSA,51.72,40.4,85.5,conflict,0.01,,manual_required
6153,21512758,Alkabeer Chicken PopCorn 750gm,Al Kabeer,Chicken Popcorn-Frozen,No Variant,Marinated & Breaded,750 gm,1,CKJCNA,JUMBO CHICKEN NUGGETS,1 Kgs x 5 Pkts,NUGGETS,52.67,43.14,85.5,conflict,0.25,,manual_required
6155,21540967,Al Kabeer Chicken Pop Corn /Zing Fillet 750gm/ Jumbo Chicken Nugget 1kg ,Al Kabeer,Chicken Fillets-Frozen,No Variant,Zing,750 gm,1,BF,BEEF TENDERLOIN/FILLET,20 KGS,MEAT-INDIAN-TRD,53.24,44.76,85.5,conflict,1.01,,manual_required
6156,21540967,Al Kabeer Chicken Pop Corn /Zing Fillet 750gm/ Jumbo Chicken Nugget 1kg ,Al Kabeer,Chicken Nuggets-Frozen,No Variant,Marinated & Breaded,750 gm,1,BF,BEEF TENDERLOIN/FILLET,20 KGS,MEAT-INDIAN-TRD,52.85,43.64,85.5,conflict,0.9,,manual_required
6157,21540967,Al Kabeer Chicken Pop Corn /Zing Fillet 750gm/ Jumbo Chicken Nugget 1kg ,Al Kabeer,Chicken Popcorn-Frozen,No Variant,Marinated & Breaded,750 gm,1,BF,BEEF TENDERLOIN/FILLET,20 KGS,MEAT-INDIAN-TRD,52.85,43.64,85.5,conflict,0.9,,manual_required
6162,21540976,Alkabeer Tender Chicken Breast 1000GM,Al Kabeer,Chicken Breast-Frozen,No Variant,Frozen Chicken Parts,1000 gm,1,CFBF,BREADED FISH FILLET,330 Gms x 20 Pkts,FILLETS,52.58,42.86,85.5,conflict,0.19,,manual_required
6164,21543194,Alkabeer Chicken Pop-Corn 750GM,Al Kabeer,Chicken Popcorn-Frozen,No Variant,Marinated & Breaded,750 gm,1,CKCKB,CHICKEN BURGERS 56 g,840 g. x 9,BURGERS,51.89,40.91,85.5,conflict,0.44,,manual_required
6170,21545731,"AL KABEER ZING CHICKEN STRIPS SMOKE BUFFALO OR SPICY SRIRACHA, 700 GRAMS",Al Kabeer,Chicken Strips-Frozen,No Variant,Zing,700 gm,1,CCKSB,CHICKEN STICKS BULK,1 Kgs x 5 Pkts,STICKS & FINGERS,54.19,47.46,85.5,conflict,0.24,,manual_required
6173,21545734,"Al Kabeer Zing Fish Fillet Spicy, 750 grams ",Al Kabeer,Zing Fish Fillet,No Variant,Breaded Seafood,750 gm,1,CMBAK,MEAT BALLS,300 Gms x 20 Pkts,MEAT BALLS,52.86,43.68,85.5,conflict,0.19,,manual_required
6176,21548432,Al Kabeer Zing Chicken Strips Spicy / Non-Spicy 750gm,Al Kabeer,Chicken Strips-Frozen,No Variant,Marinated & Breaded,750 gm,1,CCKSB,CHICKEN STICKS BULK,1 Kgs x 5 Pkts,STICKS & FINGERS,54.93,49.59,85.5,conflict,1.74,,manual_required
6177,21548432,Al Kabeer Zing Chicken Strips Spicy / Non-Spicy 750gm,Al Kabeer,Chicken Strips-Frozen,Spicy,Zing,750 gm,1,CKJCNA,JUMBO CHICKEN NUGGETS,1 Kgs x 5 Pkts,NUGGETS,53.6,45.78,85.5,conflict,0.27,,manual_required
6178,21548433,Al Kabeer Zing Chicken Fillet Spicy / Non-Spicy  /chicken popcorn 750gm,Al Kabeer,Chicken Fillets-Frozen,No Variant,Marinated & Breaded,750 gm,1,CCCTM,CHICKEN TIKKA MAKHANI & PILAU RICE,450 Gms x 12 Pkts,READY2EAT,54.22,47.56,85.5,conflict,0.81,,manual_required
6179,21548433,Al Kabeer Zing Chicken Fillet Spicy / Non-Spicy  /chicken popcorn 750gm,Al Kabeer,Chicken Popcorn-Frozen,No Variant,Marinated & Breaded,750 gm,1,CCCTM,CHICKEN TIKKA MAKHANI & PILAU RICE,450 Gms x 12 Pkts,READY2EAT,54.63,48.72,85.5,conflict,0.77,,manual_required
6185,21550548,Al Kabeer Zing Chicken Fillets/ Spicy 750 gm,Al Kabeer,Chicken Fillets-Frozen,No Variant,Zing,750 gm,1,CKSK,SHISH KEBAB,600 Gms x 12 Pkts,KEBAB,53.73,46.15,85.5,conflict,0.35,,manual_required
6186,21550553,Al Kabeer Mixed Vegetables (900g),Al Kabeer,Mix Vegetables-Frozen,No Variant,Frozen Vegetables,900 gm,1,CFBJ,JUMBO HOTDOGS,400 Gms x 20 Pkts,SAUSAGES,51.88,40.86,85.5,conflict,0.3,,manual_required
6187,21550553,Al Kabeer Mixed Vegetables (900g),Al Kabeer,Green/Garden Peas-Frozen,No Variant,Frozen Vegetables,900 gm,1,CFB,BEEF FRANKS,454 Gms x 20 Pkts,SAUSAGES,52.24,41.9,85.5,conflict,0.53,,manual_required
6193,21556787,Al Kabeer Zing Chicken Fillet Spicy 750gm,Al Kabeer,Chicken Fillets-Frozen,No Variant,Zing,750 gm,1,CKSAPR,AK PRO CHICKEN SAMOSA,4 X 1.2 KGS,SAMOSA,53.21,44.66,85.5,conflict,0.38,,manual_required
6196,21557156,Al Kabeer Kraze Chicken Nuggets 750gm,Al Kabeer,Chicken Nuggets-Frozen,No Variant,Marinated & Breaded,750 gm,1,CFB,BEEF FRANKS,454 Gms x 20 Pkts,SAUSAGES,52.53,42.74,85.5,conflict,0.08,,manual_required
6212,21558580,Al Kabeer Chicken Pop-Corn Catering 750gm,Al Kabeer,Chicken Popcorn-Frozen,No Variant,Marinated & Breaded,750 gm,1,CCCB,CHICKEN BIRYANI 400,400 Gms x 12 Pkts,READY2EAT,53.07,44.27,85.5,conflict,0.89,,manual_required
6214,21558582,"Al Kabeer Blackberries and Blueberries, 350 GM",Al Kabeer,Blueberries-Frozen,No Variant,Frozen Fruits,350 gm,1,CBBO,4 BEEF BURGERS,200 Gms x 30 Pkt,BURGERS,52.97,44.0,85.5,conflict,0.82,,manual_required
6215,21558583,Al Kabeer Breaded Chicken Fillet Spicy / Krazee Nuggets 750gm,Al Kabeer,Chicken Fillets-Frozen,Spicy,Marinated & Breaded,750 gm,1,CCKSB,CHICKEN STICKS BULK,1 Kgs x 5 Pkts,STICKS & FINGERS,53.95,46.77,85.5,conflict,0.09,,manual_required
6216,21558583,Al Kabeer Breaded Chicken Fillet Spicy / Krazee Nuggets 750gm,Al Kabeer,Chicken Nuggets-Frozen,No Variant,Marinated & Breaded,750 gm,1,BF,BEEF TENDERLOIN/FILLET,20 KGS,MEAT-INDIAN-TRD,53.88,46.58,85.5,conflict,0.32,,manual_required
6222,21558588,Al Kabeer Zing Chicken Strips Smoked Buffalo Flavor 700gm,Al Kabeer,Chicken Strips-Frozen,Spicy,Zing,700 gm,1,CKBT,TAYEBAT CHICKEN BURGER,1 Kgs x 9 Pkts,BURGERS,52.44,42.48,85.5,conflict,0.87,,manual_required
6223,21558588,Al Kabeer Zing Chicken Strips Smoked Buffalo Flavor 700gm,Al Kabeer,Chicken Strips-Frozen,No Variant,Zing,700 gm,1,CCCB,CHICKEN BIRYANI 400,400 Gms x 12 Pkts,READY2EAT,53.13,44.44,85.5,conflict,0.64,,manual_required
6229,21559213,Al Kabeer Chicken Pop-corn 750gm,Al Kabeer,Chicken Popcorn-Frozen,No Variant,Marinated & Breaded,750 gm,1,CKCKB,CHICKEN BURGERS 56 g,840 g. x 9,BURGERS,51.89,40.91,85.5,conflict,0.44,,manual_required
6233,21559729,Al Kabeer Zing Chicken Strips Smoked Buffalo/Spicy Sriracha Flavor 700 Gm ,Al Kabeer,Chicken Strips-Frozen,No Variant,Zing,700 gm,1,CCF,CHICKEN FRIES,12 PKTS X 400 GRM,POP-CORN & CHICKEN FRIES,54.53,48.44,85.5,conflict,1.22,,manual_required
6234,21559729,Al Kabeer Zing Chicken Strips Smoked Buffalo/Spicy Sriracha Flavor 700 Gm ,Al Kabeer,Chicken Strips-Frozen,Spicy,Zing,700 gm,1,CCKSB,CHICKEN STICKS BULK,1 Kgs x 5 Pkts,STICKS & FINGERS,54.45,48.21,85.5,conflict,0.86,,manual_required
6241,21559736,Al Kabeer Mixed Vegetables/Peas with Carrots 900 GM,Al Kabeer,Mix Vegetables-Frozen,No Variant,Frozen Vegetables,900 gm,1,CFBJ,JUMBO HOTDOGS,400 Gms x 20 Pkts,SAUSAGES,52.71,43.24,85.5,conflict,0.63,,manual_required
6242,21559737,Al Kabeer Zing Chicken Fillet Non Spicy 750 Gm ,Al Kabeer,Chicken Fillets-Frozen,No Variant,Zing,750 gm,1,CKN,CHICKEN NUGGETS,270 Gms x 20 Pkts,NUGGETS,54.0,46.94,85.5,conflict,1.85,,manual_required
6243,21559738,Al Kabeer Blackberry/Blueberries 350 GM,Al Kabeer,Blueberries-Frozen,No Variant,Frozen Fruits,350 gm,1,CBBO,4 BEEF BURGERS,200 Gms x 30 Pkt,BURGERS,52.47,42.55,85.5,conflict,0.89,,manual_required
6246,21559741,AL KABEER Chicken Pop-Corn 750 Gm ,Al Kabeer,Chicken Popcorn-Frozen,No Variant,Marinated & Breaded,750 gm,1,CKCKB,CHICKEN BURGERS 56 g,840 g. x 9,BURGERS,51.89,40.91,85.5,conflict,0.06,,manual_required
6247,21559742,Al Kabeer Zing Chicken Strips Non Spicy 750 GM,Al Kabeer,Chicken Strips-Frozen,No Variant,Zing,750 gm,1,CKSAA,CHICKEN SAMOSAS BULK,1.2 Kgs x 4 Pkts,SAMOSA,53.67,46.0,85.5,conflict,1.52,,manual_required
6257,21560221,Al Kabeer Waffle Fries 750 GM,Al Kabeer,Crisscut Fries-Frozen,No Variant,Frozen Fries & Onion Rings,750 gm,1,CFBF,BREADED FISH FILLET,330 Gms x 20 Pkts,FILLETS,52.41,42.37,85.5,conflict,1.37,,manual_required
6258,21560221,Al Kabeer Waffle Fries 750 GM,Al Kabeer,Potato Wedges-Frozen,No Variant,Frozen Fries & Onion Rings,750 gm,1,CFB,BEEF FRANKS,454 Gms x 20 Pkts,SAUSAGES,51.82,40.71,85.5,conflict,0.86,,manual_required
6263,21560512,Al Kabeer Chicken Pop Corn 750g,Al Kabeer,Chicken Popcorn-Frozen,No Variant,Marinated & Breaded,750 gm,1,CKCKB,CHICKEN BURGERS 56 g,840 g. x 9,BURGERS,51.89,40.91,85.5,conflict,0.06,,manual_required
6267,21561517,Al Kabeer Chicken Pop-Corn 750 gm,Al Kabeer,Chicken Popcorn-Frozen,No Variant,Marinated & Breaded,750 gm,1,CKCKB,CHICKEN BURGERS 56 g,840 g. x 9,BURGERS,51.89,40.91,85.5,conflict,0.06,,manual_required
6269,21561520,Al Kabeer French Fries 2.5 kg,Al Kabeer,French Fries-Frozen,No Variant,Frozen Fries & Onion Rings,2.5 kg,1,CFBFA,BREADED FISH FILLET BULK,1 Kgs x 5 Pkts,FILLETS,52.24,41.9,85.5,conflict,0.08,,manual_required
6270,21561521,Al Kabeer Krazee Chicken Nuggets 750 gm,Al Kabeer,Chicken Nuggets-Frozen,No Variant,Marinated & Breaded,750 gm,1,CFB,BEEF FRANKS,454 Gms x 20 Pkts,SAUSAGES,52.18,41.74,85.5,conflict,0.05,,manual_required
6276,21562728,Al Kabeer Paneer Cubes 200 gm,Al Kabeer,Paneer,No Variant,Paneer,200 gm,1,CKCCR,CHICKEN ‘N’ CHEESE RINGS 300,300 gms x 12 pkts,POP-CORN & CHICKEN FRIES,52.79,43.48,85.5,conflict,0.32,,manual_required
6283,21563268,Al Kabeer Krazee Chicken Nuggets  750gm,Al Kabeer,Chicken Nuggets-Frozen,No Variant,Marinated & Breaded,750 gm,1,CFB,BEEF FRANKS,454 Gms x 20 Pkts,SAUSAGES,52.41,42.37,85.5,conflict,0.06,,manual_required
6289,21564106,AL Kabeer Samosa Chicken/Vegetable 480gm/Chicken/Vegetable Spring Roll 560 gm,Al Kabeer,Spring Roll-Frozen,No Variant,"Frozen Pizzas, Wraps, Sandwiches",560 gm,1,CCCTM,CHICKEN TIKKA MAKHANI & PILAU RICE,450 Gms x 12 Pkts,READY2EAT,53.66,45.96,85.5,conflict,0.98,,manual_required
6297,21568813,Al Kabeer Zing Chicken Filets No Spicy 750g,Al Kabeer,Chicken Fillets-Frozen,No Variant,Zing,750 gm,1,CKSAPR,AK PRO CHICKEN SAMOSA,4 X 1.2 KGS,SAMOSA,52.97,44.0,85.5,conflict,0.59,,manual_required
6305,21600709,Al Kabeer Zing Chicken Strips/Nuggets Non Spicy 750gm,Al Kabeer,Chicken Strips-Frozen,No Variant,Zing,750 gm,1,CKBT,TAYEBAT CHICKEN BURGER,1 Kgs x 9 Pkts,BURGERS,53.54,45.61,85.5,conflict,2.09,,manual_required
6306,21600709,Al Kabeer Zing Chicken Strips/Nuggets Non Spicy 750gm,Al Kabeer,Chicken Nuggets-Frozen,No Variant,Zing,750 gm,1,CKBT,TAYEBAT CHICKEN BURGER,1 Kgs x 9 Pkts,BURGERS,53.54,45.61,85.5,conflict,2.09,,manual_required
6313,21612826,Kidz Chicken Nuggets,Al Kabeer,Chicken Nuggets-Frozen,No Variant,Marinated & Breaded,2x400 gm,1,CFB,BEEF FRANKS,454 Gms x 20 Pkts,SAUSAGES,53.13,44.44,85.5,conflict,0.07,,manual_required
6318,21612831,Chicken Nuggets,Al Kabeer,Chicken Nuggets-Frozen,No Variant,Marinated & Breaded,750 gm,1,CKSAPR,AK PRO CHICKEN SAMOSA,4 X 1.2 KGS,SAMOSA,53.06,44.23,85.5,conflict,0.38,,manual_required
6320,21612833,Chicken Pop-Corn,Al Kabeer,Chicken Popcorn-Frozen,No Variant,Marinated & Breaded,750 gm,1,CFB,BEEF FRANKS,454 Gms x 20 Pkts,SAUSAGES,51.34,39.32,85.5,conflict,0.13,,manual_required
6324,21627146,Al Kabeer Punjabi Samosa (30pcs) 900 gm ,Al Kabeer,Samosa-Frozen,Punjabi,"Frozen Pizzas, Wraps, Sandwiches",900 gm,1,CCSAK,12 CHEESE SAMOSAS,240 Gms x 20 Pkts,SAMOSA,54.12,47.27,85.5,conflict,1.21,,manual_required
6325,21627147,Al Kabeer Chicken Nuggets Reg/Krazee 750gm,Al Kabeer,Chicken Nuggets-Frozen,No Variant,Marinated & Breaded,750 gm,1,CCCB,CHICKEN BIRYANI 400,400 Gms x 12 Pkts,READY2EAT,53.95,46.77,85.5,conflict,0.95,,manual_required
6332,21666672,Al Kabeer Punjabi Samosa  900g,Al Kabeer,Samosa-Frozen,Punjabi,"Frozen Pizzas, Wraps, Sandwiches",900 gm,1,CCSAK,12 CHEESE SAMOSAS,240 Gms x 20 Pkts,SAMOSA,53.89,46.6,85.5,conflict,0.67,,manual_required
6341,21685034,Al Kabeer Chicken nuggets/strips zing 750gm,Al Kabeer,Chicken Strips-Frozen,No Variant,Zing,750 gm,1,CKSAPR,AK PRO CHICKEN SAMOSA,4 X 1.2 KGS,SAMOSA,53.45,45.36,85.5,conflict,0.63,,manual_required
6342,21685034,Al Kabeer Chicken nuggets/strips zing 750gm,Al Kabeer,Chicken Nuggets-Frozen,No Variant,Zing,750 gm,1,CKSAPR,AK PRO CHICKEN SAMOSA,4 X 1.2 KGS,SAMOSA,53.45,45.36,85.5,conflict,0.63,,manual_required
6344,21685037,Al Kabeer Zing Fish Fillet Mild Spicy 750g,Al Kabeer,Zing Fish Fillet,No Variant,Breaded Seafood,750 gm,1,CFB,BEEF FRANKS,454 Gms x 20 Pkts,SAUSAGES,52.62,42.99,85.5,conflict,0.49,,manual_required
6353,21726284,Al Kabeer Bobby Veal 2LBS,Al Kabeer,Bobby Veal-Frozen,No Variant,Other Frozen Meat,2 lbs,1,LBVL,BONELESS VEAL LOCAL,20 X 2 LB,TRADING-MEAT,51.65,53.33,50.75,,3.72,,manual_required
6357,21726776,Alkabeer French Fries 1000 gm,Al Kabeer,French Fries-Frozen,No Variant,Frozen Fries & Onion Rings,1 kg,1,CCSAKPR,A.K PRO CHEESE SAMOSA,4 X 1.2 KGS,SAMOSA,52.13,41.58,85.5,conflict,0.41,,manual_required
6359,21726779,Al Kabeer Tender Chicken Breast 1000gm,Al Kabeer,Chicken Breast-Frozen,No Variant,Frozen Chicken Parts,1000 gm,1,CFBF,BREADED FISH FILLET,330 Gms x 20 Pkts,FILLETS,52.58,42.86,85.5,conflict,0.19,,manual_required
6360,21726780,Al Kabeer Waffle Fries 750 gm,Al Kabeer,Crisscut Fries-Frozen,No Variant,Frozen Fries & Onion Rings,750 gm,1,CFBF,BREADED FISH FILLET,330 Gms x 20 Pkts,FILLETS,52.41,42.37,85.5,conflict,1.37,,manual_required
6361,21726781,Al-Kabeer Chicken Strips / Zing (N/SPC) / Nuggets / Fillet 750g,Al Kabeer,Chicken Strips-Frozen,No Variant,Zing,750 gm,1,CFBF,BREADED FISH FILLET,330 Gms x 20 Pkts,FILLETS,53.77,46.28,85.5,conflict,1.37,,manual_required
6363,21726781,Al-Kabeer Chicken Strips / Zing (N/SPC) / Nuggets / Fillet 750g,Al Kabeer,Chicken Nuggets-Frozen,No Variant,Marinated & Breaded,750 gm,1,CCKSB,CHICKEN STICKS BULK,1 Kgs x 5 Pkts,STICKS & FINGERS,54.94,49.61,85.5,conflict,0.54,,manual_required
6364,21726781,Al-Kabeer Chicken Strips / Zing (N/SPC) / Nuggets / Fillet 750g,Al Kabeer,Chicken Fillets-Frozen,No Variant,Marinated & Breaded,750 gm,1,CCKSB,CHICKEN STICKS BULK,1 Kgs x 5 Pkts,STICKS & FINGERS,54.44,48.18,85.5,conflict,1.02,,manual_required
6365,21726783,Al Kabeer Chicken Pop Corn 750 gm / jumbo Chicken Nugget 1kg ,Al Kabeer,Chicken Popcorn-Frozen,No Variant,Marinated & Breaded,750 gm,1,CBBG100,CHAR.JUMBO BEEF BURGERS BULK(100G)6*1 KG,1KG X 6,BURGERS,52.5,42.65,85.5,conflict,0.0,,manual_required
6368,21729004,Al Kabeer Frozen Whole Wheat Paratha 5pc 400gm,Al Kabeer,Paratha-Frozen,No Variant,Frozen Pranthas,400 gm,1,CFB,BEEF FRANKS,454 Gms x 20 Pkts,SAUSAGES,53.28,44.86,85.5,conflict,1.15,,manual_required
6376,21731049,Alkabeer Chicken Popcorn 750GM ,Al Kabeer,Chicken Popcorn-Frozen,No Variant,Marinated & Breaded,750 gm,1,CKJCNA,JUMBO CHICKEN NUGGETS,1 Kgs x 5 Pkts,NUGGETS,52.67,43.14,85.5,conflict,0.25,,manual_required
6380,21731249,Alkabeer Chicken Pop-Corn 750GM,Al Kabeer,Chicken Popcorn-Frozen,No Variant,Marinated & Breaded,750 gm,1,CKCKB,CHICKEN BURGERS 56 g,840 g. x 9,BURGERS,51.89,40.91,85.5,conflict,0.44,,manual_required
6382,21733245,Al Kabeer Zing Chicken Fillets Spicy 750g,Al Kabeer,Chicken Fillets-Frozen,No Variant,Zing,750 gm,1,CKSK,SHISH KEBAB,600 Gms x 12 Pkts,KEBAB,53.73,46.15,85.5,conflict,0.35,,manual_required
6391,21734755,Al Kabeer Blueberries / Blackberries (350g),Al Kabeer,Blueberries-Frozen,No Variant,Frozen Fruits,350 gm,1,CBBO,4 BEEF BURGERS,200 Gms x 30 Pkt,BURGERS,52.89,43.75,85.5,conflict,0.86,,manual_required
6394,21737597,Al Kabeer Krazee Chicken Nuggets 750GM,Al Kabeer,Chicken Nuggets-Frozen,No Variant,Marinated & Breaded,750 gm,1,CFB,BEEF FRANKS,454 Gms x 20 Pkts,SAUSAGES,52.41,42.37,85.5,conflict,0.06,,manual_required
6398,21740347,Al Kabeer Waffle Fries 750 Gm,Al Kabeer,Potato Wedges-Frozen,No Variant,Frozen Fries & Onion Rings,750 gm,1,CFB,BEEF FRANKS,454 Gms x 20 Pkts,SAUSAGES,51.82,40.71,85.5,conflict,0.86,,manual_required
6399,21740347,Al Kabeer Waffle Fries 750 Gm,Al Kabeer,Crisscut Fries-Frozen,No Variant,Frozen Fries & Onion Rings,750 gm,1,CFBF,BREADED FISH FILLET,330 Gms x 20 Pkts,FILLETS,52.41,42.37,85.5,conflict,1.37,,manual_required
6401,21740350,Al Kabeer Zing Chicken Strips / Non Spicy 750GM,Al Kabeer,Chicken Strips-Frozen,No Variant,Zing,750 gm,1,CKN,CHICKEN NUGGETS,270 Gms x 20 Pkts,NUGGETS,54.89,49.46,85.5,conflict,2.99,,manual_required
6402,21740350,Al Kabeer Zing Chicken Strips / Non Spicy 750GM,Al Kabeer,Chicken Strips-Frozen,Spicy,Zing,750 gm,1,CKSK,SHISH KEBAB,600 Gms x 12 Pkts,KEBAB,54.67,48.84,85.5,conflict,1.98,,manual_required
6405,21740354,Al Kabeer Breaded Chicken Fillet Hot and Spicy 750GM,Al Kabeer,Chicken Fillets-Frozen,Hot & Spicy,Marinated & Breaded,750 gm,1,CCKSB,CHICKEN STICKS BULK,1 Kgs x 5 Pkts,STICKS & FINGERS,54.92,49.56,85.5,conflict,0.14,,manual_required
6412,21740526,Al Kabeer Mixed Vegetable / Peas & Carrots 900GM,Al Kabeer,Mix Vegetables-Frozen,No Variant,Frozen Vegetables,900 gm,1,CFB,BEEF FRANKS,454 Gms x 20 Pkts,SAUSAGES,50.88,38.02,85.5,conflict,0.18,,manual_required
6415,21740529,AL KABEER ZING CHICKEN STRIPS NON SPICY 750GM,Al Kabeer,Chicken Strips-Frozen,No Variant,Zing,750 gm,1,CKN,CHICKEN NUGGETS,270 Gms x 20 Pkts,NUGGETS,54.89,49.46,85.5,conflict,2.99,,manual_required
6419,21740534,Al Kabeer Zing Chicken Strips Smoked Buffalo/Spicy Sriracha Flavor 700gm,Al Kabeer,Chicken Strips-Frozen,No Variant,Zing,700 gm,1,CCF,CHICKEN FRIES,12 PKTS X 400 GRM,POP-CORN & CHICKEN FRIES,54.14,47.33,85.5,conflict,1.19,,manual_required
6420,21740534,Al Kabeer Zing Chicken Strips Smoked Buffalo/Spicy Sriracha Flavor 700gm,Al Kabeer,Chicken Strips-Frozen,Spicy,Zing,700 gm,1,CCKSB,CHICKEN STICKS BULK,1 Kgs x 5 Pkts,STICKS & FINGERS,54.01,46.96,85.5,conflict,0.12,,manual_required
6421,21740535,"Al Kabeer Blackberry/Blueberries, 350GM",Al Kabeer,Blueberries-Frozen,No Variant,Frozen Fruits,350 gm,1,CBBO,4 BEEF BURGERS,200 Gms x 30 Pkt,BURGERS,52.01,41.24,85.5,conflict,0.13,,manual_required
6422,21740536,Al Kabeer Zing Chicken Fillet Non Spicy 750 GM,Al Kabeer,Chicken Fillets-Frozen,No Variant,Zing,750 gm,1,CKN,CHICKEN NUGGETS,270 Gms x 20 Pkts,NUGGETS,54.0,46.94,85.5,conflict,1.85,,manual_required
6427,21740824,AL KABEER Chicken Pop-Corn 750 GM ,Al Kabeer,Chicken Popcorn-Frozen,No Variant,Marinated & Breaded,750 gm,1,CKCKB,CHICKEN BURGERS 56 g,840 g. x 9,BURGERS,51.89,40.91,85.5,conflict,0.06,,manual_required
6428,21741748,Al Kabeer Chicken Nuggets/Breaded Chicken Fillet 750gm,Al Kabeer,Chicken Fillets-Frozen,No Variant,Marinated & Breaded,750 gm,1,CCF,CHICKEN FRIES,12 PKTS X 400 GRM,POP-CORN & CHICKEN FRIES,54.11,47.24,85.5,conflict,0.15,,manual_required
6429,21741748,Al Kabeer Chicken Nuggets/Breaded Chicken Fillet 750gm,Al Kabeer,Chicken Nuggets-Frozen,No Variant,Marinated & Breaded,750 gm,1,CCF,CHICKEN FRIES,12 PKTS X 400 GRM,POP-CORN & CHICKEN FRIES,54.63,48.74,85.5,conflict,0.22,,manual_required
6430,21741751,Al Kabeer Zing Chicken Fillets Non Spicy/Spicy  750gm ,Al Kabeer,Chicken Fillets-Frozen,No Variant,Zing,750 gm,1,CFBF,BREADED FISH FILLET,330 Gms x 20 Pkts,FILLETS,52.93,43.86,85.5,conflict,0.58,,manual_required
6432,21741753,Al Kabeer Green Peas & Carrots 900gm ,Al Kabeer,Green/Garden Peas-Frozen,No Variant,Frozen Vegetables,900 gm,1,CFB,BEEF FRANKS,454 Gms x 20 Pkts,SAUSAGES,51.7,40.35,85.5,conflict,0.24,,manual_required
6434,21741755,Al Kabeer Zing Chicken Strips Smoked Buffalo/Spicy Sriracha Flavor 700gm,Al Kabeer,Chicken Strips-Frozen,No Variant,Zing,700 gm,1,CCF,CHICKEN FRIES,12 PKTS X 400 GRM,POP-CORN & CHICKEN FRIES,54.14,47.33,85.5,conflict,1.19,,manual_required
6435,21741755,Al Kabeer Zing Chicken Strips Smoked Buffalo/Spicy Sriracha Flavor 700gm,Al Kabeer,Chicken Strips-Frozen,Spicy,Zing,700 gm,1,CCKSB,CHICKEN STICKS BULK,1 Kgs x 5 Pkts,STICKS & FINGERS,54.01,46.96,85.5,conflict,0.12,,manual_required
6436,21741756,Al Kabeer Zing Chicken Strips Non Spicy/Spicy 750gm,Al Kabeer,Chicken Strips-Frozen,No Variant,Zing,750 gm,1,CKBW,BBQ CHICKEN WINGS 400,400 Gms x 12 Pkts,WINGS,54.52,48.42,85.5,conflict,2.63,,manual_required
6437,21741756,Al Kabeer Zing Chicken Strips Non Spicy/Spicy 750gm,Al Kabeer,Chicken Strips-Frozen,Spicy,Zing,750 gm,1,CKJCNA,JUMBO CHICKEN NUGGETS,1 Kgs x 5 Pkts,NUGGETS,53.6,45.78,85.5,conflict,0.27,,manual_required
6440,21741759,"Al Kabeer Blackberries/Blueberries, 350gm",Al Kabeer,Blueberries-Frozen,No Variant,Frozen Fruits,350 gm,1,CBBO,4 BEEF BURGERS,200 Gms x 30 Pkt,BURGERS,52.42,42.42,85.5,conflict,0.11,,manual_required
6441,21741761,AL KABEER CHICKEN POPCORN/BREADED CHICKEN FILLET HOT AND SPICY 750GM,Al Kabeer,Chicken Fillets-Frozen,Hot & Spicy,Marinated & Breaded,750 gm,1,CCKSB,CHICKEN STICKS BULK,1 Kgs x 5 Pkts,STICKS & FINGERS,54.93,49.59,85.5,conflict,0.58,,manual_required
6442,21741761,AL KABEER CHICKEN POPCORN/BREADED CHICKEN FILLET HOT AND SPICY 750GM,Al Kabeer,Chicken Popcorn-Frozen,No Variant,Marinated & Breaded,750 gm,1,CCCTM,CHICKEN TIKKA MAKHANI & PILAU RICE,450 Gms x 12 Pkts,READY2EAT,54.73,49.01,85.5,conflict,0.22,,manual_required
6443,21741762,Al Kabeer Krazee Chicken Nuggets 750GM,Al Kabeer,Chicken Nuggets-Frozen,No Variant,Marinated & Breaded,750 gm,1,CFB,BEEF FRANKS,454 Gms x 20 Pkts,SAUSAGES,52.41,42.37,85.5,conflict,0.06,,manual_required
6445,21741811,Al Kabeer Chicken 'n' Cheese Rings 300gm,Al Kabeer,Chicken Cheese Stick-Frozen,No Variant,Frozen Barbeque Products,300 gm,1,CCSRA,8 CHEESE SPRING ROLLS,240 Gms x 20 Pkts,SPRING ROLL,54.66,48.82,85.5,conflict,0.19,,manual_required
6446,21742061,Al Kabeer Chicken Popcorn 750gm,Al Kabeer,Chicken Popcorn-Frozen,No Variant,Marinated & Breaded,750 gm,1,CKJCNA,JUMBO CHICKEN NUGGETS,1 Kgs x 5 Pkts,NUGGETS,52.67,43.14,85.5,conflict,0.25,,manual_required
6460,21746213,Al Kabeer Stuffed Felafel 750 gm,Al Kabeer,Falafel-Frozen,Stuffed,"Frozen Pizzas, Wraps, Sandwiches",750 gm,1,CFB,BEEF FRANKS,454 Gms x 20 Pkts,SAUSAGES,51.31,39.25,85.5,conflict,1.24,,manual_required
6463,21746216,Al Kabeer Breaded Chicken Fillet Hot & Spicy 750gm,Al Kabeer,Chicken Fillets-Frozen,Hot & Spicy,Marinated & Breaded,750 gm,1,CCKSB,CHICKEN STICKS BULK,1 Kgs x 5 Pkts,STICKS & FINGERS,54.92,49.56,85.5,conflict,0.14,,manual_required
6469,21748500,Al Kabeer krazee Chicken Nuggets 750G,Al Kabeer,Chicken Nuggets-Frozen,No Variant,Marinated & Breaded,750 gm,1,CFB,BEEF FRANKS,454 Gms x 20 Pkts,SAUSAGES,52.18,41.74,85.5,conflict,0.05,,manual_required
6472,21749407,Al Kabeer Chicken Popcom Chicken 750gm,Al Kabeer,Chicken Popcorn-Frozen,No Variant,Marinated & Breaded,750 gm,1,CFBF,BREADED FISH FILLET,330 Gms x 20 Pkts,FILLETS,52.89,43.75,85.5,conflict,0.52,,manual_required
6478,21752070,Al Kabeer Krazee Chicken Nuggets 750 gm ,Al Kabeer,Chicken Nuggets-Frozen,No Variant,Marinated & Breaded,750 gm,1,CFB,BEEF FRANKS,454 Gms x 20 Pkts,SAUSAGES,52.18,41.74,85.5,conflict,0.05,,manual_required
6501,21882470,"AL KABEER CHICKEN N’ CHEESE RINGS, 300 GRAMS",Al Kabeer,Chicken Cheese Stick-Frozen,No Variant,Frozen Barbeque Products,300 gm,1,CCSRA,8 CHEESE SPRING ROLLS,240 Gms x 20 Pkts,SPRING ROLL,54.51,48.39,85.5,conflict,0.21,,manual_required
6509,21883746,ALKABEER CHICKEN NUGGETS / ZING CHICKEN STRIPS / BREADED CHICKEN FILLET 750 GM,Al Kabeer,Chicken Fillets-Frozen,No Variant,Marinated & Breaded,750 gm,1,CCCTM,CHICKEN TIKKA MAKHANI & PILAU RICE,450 Gms x 12 Pkts,READY2EAT,54.41,48.1,85.5,conflict,0.8,,manual_required
6510,21883746,ALKABEER CHICKEN NUGGETS / ZING CHICKEN STRIPS / BREADED CHICKEN FILLET 750 GM,Al Kabeer,Chicken Strips-Frozen,No Variant,Zing,750 gm,1,CCKSB,CHICKEN STICKS BULK,1 Kgs x 5 Pkts,STICKS & FINGERS,54.27,47.71,85.5,conflict,0.73,,manual_required
6511,21883746,ALKABEER CHICKEN NUGGETS / ZING CHICKEN STRIPS / BREADED CHICKEN FILLET 750 GM,Al Kabeer,Chicken Nuggets-Frozen,No Variant,Marinated & Breaded,750 gm,1,CCCTM,CHICKEN TIKKA MAKHANI & PILAU RICE,450 Gms x 12 Pkts,READY2EAT,54.38,48.0,85.5,conflict,0.3,,manual_required
6517,21883750,AL KABEER WAFFLE FRIES 750 GM,Al Kabeer,Crisscut Fries-Frozen,No Variant,Frozen Fries & Onion Rings,750 gm,1,CFBF,BREADED FISH FILLET,330 Gms x 20 Pkts,FILLETS,52.41,42.37,85.5,conflict,1.37,,manual_required
6519,21883756,ALKABEER TENDER CHICKEN BREAST 1000GM,Al Kabeer,Chicken Breast-Frozen,No Variant,Frozen Chicken Parts,1000 gm,1,CFBF,BREADED FISH FILLET,330 Gms x 20 Pkts,FILLETS,52.58,42.86,85.5,conflict,0.19,,manual_required
6521,21886925,ALKABEER CHICKEN POPCORN 750GM,Al Kabeer,Chicken Popcorn-Frozen,No Variant,Marinated & Breaded,750 gm,1,CKJCNA,JUMBO CHICKEN NUGGETS,1 Kgs x 5 Pkts,NUGGETS,52.67,43.14,85.5,conflict,0.25,,manual_required
6527,21888104,AL KABEER ZING CHICKEN STRIPS SMOKED BUFFALO/SPICY SRIRACHA FLAVOR 700 GM,Al Kabeer,Chicken Strips-Frozen,No Variant,Zing,700 gm,1,CCF,CHICKEN FRIES,12 PKTS X 400 GRM,POP-CORN & CHICKEN FRIES,54.53,48.44,85.5,conflict,1.22,,manual_required
6528,21888104,AL KABEER ZING CHICKEN STRIPS SMOKED BUFFALO/SPICY SRIRACHA FLAVOR 700 GM,Al Kabeer,Chicken Strips-Frozen,Spicy,Zing,700 gm,1,CCKSB,CHICKEN STICKS BULK,1 Kgs x 5 Pkts,STICKS & FINGERS,54.45,48.21,85.5,conflict,0.86,,manual_required
6534,21888109,AL KABEER GREEN PEAS CARROTS/GREEN PEAS 900GM,Al Kabeer,Green/Garden Peas-Frozen,No Variant,Frozen Vegetables,900 gm,1,CFBJ,JUMBO HOTDOGS,400 Gms x 20 Pkts,SAUSAGES,51.95,41.07,85.5,conflict,0.38,,manual_required
6537,21888113,Al Kabeer Krazee Chicken Nuggets 750gm,Al Kabeer,Chicken Nuggets-Frozen,No Variant,Marinated & Breaded,750 gm,1,CFB,BEEF FRANKS,454 Gms x 20 Pkts,SAUSAGES,52.41,42.37,85.5,conflict,0.06,,manual_required
6538,21888114,Al Kabeer Chicken Popcorn Catering 750gm,Al Kabeer,Chicken Popcorn-Frozen,No Variant,Marinated & Breaded,750 gm,1,CCCB,CHICKEN BIRYANI 400,400 Gms x 12 Pkts,READY2EAT,53.64,45.9,85.5,conflict,0.99,,manual_required
6543,21888855,AL KABEER WAFFLE FRIES 750GM/SEASONED,Al Kabeer,Potato Wedges-Frozen,No Variant,Frozen Fries & Onion Rings,750 gm,1,CFB,BEEF FRANKS,454 Gms x 20 Pkts,SAUSAGES,51.58,40.0,85.5,conflict,0.11,,manual_required
6544,21888855,AL KABEER WAFFLE FRIES 750GM/SEASONED,Al Kabeer,Crisscut Fries-Frozen,No Variant,Frozen Fries & Onion Rings,750 gm,1,CBBOT,TAYEBAT BEEF BURGERS ONION BULK,1 Kgs x 9 Pkts,BURGERS,51.46,39.67,85.5,conflict,0.61,,manual_required
6545,21888859,AL KABEER BREADED CHICKEN FILLET HOT AND SPICY 750GM,Al Kabeer,Chicken Fillets-Frozen,Hot & Spicy,Marinated & Breaded,750 gm,1,CCKSB,CHICKEN STICKS BULK,1 Kgs x 5 Pkts,STICKS & FINGERS,54.92,49.56,85.5,conflict,0.14,,manual_required
6549,21888866,Al Kabeer Zing Chicken Strips / Non Spicy 750 Gm,Al Kabeer,Chicken Strips-Frozen,No Variant,Zing,750 gm,1,CKSAA,CHICKEN SAMOSAS BULK,1.2 Kgs x 4 Pkts,SAMOSA,53.67,46.0,85.5,conflict,1.52,,manual_required
6558,21889256,AL KABEER CHICKEN POPCORN 750GM,Al Kabeer,Chicken Popcorn-Frozen,No Variant,Marinated & Breaded,750 gm,1,CKJCNA,JUMBO CHICKEN NUGGETS,1 Kgs x 5 Pkts,NUGGETS,52.67,43.14,85.5,conflict,0.25,,manual_required
6559,21889258,AL KABEER ZING CHICKEN FILLET NON SPICY 750GM,Al Kabeer,Chicken Fillets-Frozen,No Variant,Zing,750 gm,1,CKJCNA,JUMBO CHICKEN NUGGETS,1 Kgs x 5 Pkts,NUGGETS,51.99,41.18,85.5,conflict,0.09,,manual_required
6564,21889263,AL KABEER ZING CHICKEN STRIPS NON SPICY 750GM,Al Kabeer,Chicken Strips-Frozen,No Variant,Zing,750 gm,1,CKN,CHICKEN NUGGETS,270 Gms x 20 Pkts,NUGGETS,54.89,49.46,85.5,conflict,2.99,,manual_required
6566,21889265,AL KABEEZ ZING CHICKEN STRIPS SMOKED BUFFALO/SPICY SRIRACHA FLAVOR 700 gm,Al Kabeer,Chicken Strips-Frozen,Spicy,Zing,700 gm,1,CCKSB,CHICKEN STICKS BULK,1 Kgs x 5 Pkts,STICKS & FINGERS,54.79,49.18,85.5,conflict,0.57,,manual_required
6567,21889266,AL KABEER MIXED VEGETABLE /PEAS CARROTS 900GM,Al Kabeer,Mix Vegetables-Frozen,No Variant,Frozen Vegetables,900 gm,1,CFBJ,JUMBO HOTDOGS,400 Gms x 20 Pkts,SAUSAGES,52.28,42.02,85.5,conflict,1.16,,manual_required
6571,21892033,Al Kabeer Krazee Chicken Nuggets 750gm,Al Kabeer,Chicken Nuggets-Frozen,No Variant,Marinated & Breaded,750 gm,1,CFB,BEEF FRANKS,454 Gms x 20 Pkts,SAUSAGES,52.41,42.37,85.5,conflict,0.06,,manual_required
6575,21893399,Al Kabeer Chicken Popcorn 750gm,Al Kabeer,Chicken Popcorn-Frozen,No Variant,Marinated & Breaded,750 gm,1,CKJCNA,JUMBO CHICKEN NUGGETS,1 Kgs x 5 Pkts,NUGGETS,52.67,43.14,85.5,conflict,0.25,,manual_required
6576,21893400,Al Kabeer Paneer Cubes 200gm,Al Kabeer,Paneer,No Variant,Paneer,200 gm,1,CKCCR,CHICKEN ‘N’ CHEESE RINGS 300,300 gms x 12 pkts,POP-CORN & CHICKEN FRIES,52.31,42.11,85.5,conflict,0.09,,manual_required
6581,21893863,Al Kabeer Mix Vegetable 900gm,Al Kabeer,Mix Vegetables-Frozen,No Variant,Frozen Vegetables,900 gm,1,CFBJ,JUMBO HOTDOGS,400 Gms x 20 Pkts,SAUSAGES,52.28,42.0,85.5,conflict,0.4,,manual_required
6584,21893866,Al Kabeer Zing Chicken Fillet Spicy 750g,Al Kabeer,Chicken Fillets-Frozen,No Variant,Zing,750 gm,1,CKSAPR,AK PRO CHICKEN SAMOSA,4 X 1.2 KGS,SAMOSA,52.97,44.0,85.5,conflict,0.4,,manual_required
6587,21894313,Al Kabeer Chicken Pop Corn 750gm,Al Kabeer,Chicken Popcorn-Frozen,No Variant,Marinated & Breaded,750 gm,1,CKCKB,CHICKEN BURGERS 56 g,840 g. x 9,BURGERS,51.89,40.91,85.5,conflict,0.44,,manual_required
6592,21895214,Al Kabeer Chicken Pop Corn 750gm,Al Kabeer,Chicken Popcorn-Frozen,No Variant,Marinated & Breaded,750 gm,1,CKCKB,CHICKEN BURGERS 56 g,840 g. x 9,BURGERS,51.89,40.91,85.5,conflict,0.44,,manual_required
6597,21896679,Al kabeer Chicken n Cheese Rings 300gm ,Al Kabeer,Chicken Cheese Stick-Frozen,No Variant,Frozen Barbeque Products,300 gm,1,CCSRA,8 CHEESE SPRING ROLLS,240 Gms x 20 Pkts,SPRING ROLL,54.66,48.82,85.5,conflict,0.19,,manual_required
6603,21897112,Al Kabeer Blackberries / Blueberries 350gm,Al Kabeer,Blueberries-Frozen,No Variant,Frozen Fruits,350 gm,1,CBBO,4 BEEF BURGERS,200 Gms x 30 Pkt,BURGERS,52.42,42.42,85.5,conflict,0.11,,manual_required
6605,21897537,Al Kabeer - Chicken Pop-com 750gm,Al Kabeer,Chicken Popcorn-Frozen,No Variant,Marinated & Breaded,750 gm,1,CKJCNA,JUMBO CHICKEN NUGGETS,1 Kgs x 5 Pkts,NUGGETS,52.21,41.82,85.5,conflict,0.32,,manual_required
6609,21898480,Al Kabeer Krazee Chkn Nuggets 750gm,Al Kabeer,Chicken Nuggets-Frozen,No Variant,Marinated & Breaded,750 gm,1,CKBCS,BEEF COCKTAIL SAUSAGES,400 Gms x 20 Pkts,SAUSAGES,52.7,43.2,85.5,conflict,0.89,,manual_required
6617,21903284,Al Kabeer Popcorn Chicken 750gm,Al Kabeer,Chicken Popcorn-Frozen,No Variant,Marinated & Breaded,750 gm,1,CKJCNA,JUMBO CHICKEN NUGGETS,1 Kgs x 5 Pkts,NUGGETS,52.67,43.14,85.5,conflict,0.25,,manual_required
6621,21909921,Al Kabeer Breaded Chicken Fillets Hot N Spicey 330gm,Al Kabeer,Chicken Fillets-Frozen,No Variant,Marinated & Breaded,330 gm,1,CCF,CHICKEN FRIES,12 PKTS X 400 GRM,POP-CORN & CHICKEN FRIES,54.38,48.0,85.5,conflict,1.05,,manual_required
6623,21930014,Al Kabeer Zing Chicken Strips/Fillet/Nuggets Non-Spicy 750gm,Al Kabeer,Chicken Nuggets-Frozen,No Variant,Zing,750 gm,1,CCKSB,CHICKEN STICKS BULK,1 Kgs x 5 Pkts,STICKS & FINGERS,53.54,45.61,85.5,conflict,0.21,,manual_required
6624,21930014,Al Kabeer Zing Chicken Strips/Fillet/Nuggets Non-Spicy 750gm,Al Kabeer,Chicken Fillets-Frozen,No Variant,Zing,750 gm,1,CFBF,BREADED FISH FILLET,330 Gms x 20 Pkts,FILLETS,54.56,48.53,85.5,conflict,1.49,,manual_required
6625,21930014,Al Kabeer Zing Chicken Strips/Fillet/Nuggets Non-Spicy 750gm,Al Kabeer,Chicken Strips-Frozen,No Variant,Marinated & Breaded,750 gm,1,CCKSB,CHICKEN STICKS BULK,1 Kgs x 5 Pkts,STICKS & FINGERS,54.05,47.06,85.5,conflict,0.51,,manual_required
6638,22009006,Al Kabeer krazee Chicken Nuggets 750gm,Al Kabeer,Chicken Nuggets-Frozen,No Variant,Marinated & Breaded,750 gm,1,CFB,BEEF FRANKS,454 Gms x 20 Pkts,SAUSAGES,52.41,42.37,85.5,conflict,0.06,,manual_required
6641,22009014,Al Kabeer Zing Chicken Pop corn/Strips/Fillets 750gm,Al Kabeer,Chicken Fillets-Frozen,No Variant,Zing,750 gm,1,CFBF,BREADED FISH FILLET,330 Gms x 20 Pkts,FILLETS,52.74,43.33,85.5,conflict,0.56,,manual_required
6643,22009014,Al Kabeer Zing Chicken Pop corn/Strips/Fillets 750gm,Al Kabeer,Chicken Strips-Frozen,No Variant,Zing,750 gm,1,CFBF,BREADED FISH FILLET,330 Gms x 20 Pkts,FILLETS,52.74,43.33,85.5,conflict,0.56,,manual_required
6648,22022653,Al Kabeer Zing Chicken Strips/Fillets Spicy 750gm,Al Kabeer,Chicken Strips-Frozen,No Variant,Zing,750 gm,1,CKJCNA,JUMBO CHICKEN NUGGETS,1 Kgs x 5 Pkts,NUGGETS,52.58,42.86,85.5,conflict,0.26,,manual_required
6649,22022653,Al Kabeer Zing Chicken Strips/Fillets Spicy 750gm,Al Kabeer,Chicken Fillets-Frozen,No Variant,Zing,750 gm,1,CKJCNA,JUMBO CHICKEN NUGGETS,1 Kgs x 5 Pkts,NUGGETS,52.58,42.86,85.5,conflict,0.26,,manual_required
6654,22039963,Al Kabeer Punjabi Samosa 900gm,Al Kabeer,Samosa-Frozen,Punjabi,"Frozen Pizzas, Wraps, Sandwiches",900 gm,1,CCSAK,12 CHEESE SAMOSAS,240 Gms x 20 Pkts,SAMOSA,54.74,49.06,85.5,conflict,1.92,,manual_required
6656,22043675,ALKABEER CHICKEN POPCORN 750GM,Al Kabeer,Chicken Popcorn-Frozen,No Variant,Marinated & Breaded,750 gm,1,CKJCNA,JUMBO CHICKEN NUGGETS,1 Kgs x 5 Pkts,NUGGETS,52.67,43.14,85.5,conflict,0.25,,manual_required
6657,22043919,Al Kabeer Chicken Pop-Corn 750GM,Al Kabeer,Chicken Popcorn-Frozen,No Variant,Marinated & Breaded,750 gm,1,CKCKB,CHICKEN BURGERS 56 g,840 g. x 9,BURGERS,51.89,40.91,85.5,conflict,0.44,,manual_required
6662,22045438,Al Kabeer Bobby Veal without bone 907 Gm,Al Kabeer,Bobby Veal-Frozen,No Variant,Other Frozen Meat,907 gm,1,CFB,BEEF FRANKS,454 Gms x 20 Pkts,SAUSAGES,54.24,47.62,85.5,conflict,1.72,,manual_required
6665,22045440,AL-KABEER CHICKEN STRIPS ZING / SPICY / FILLET ZING 750GM,Al Kabeer,Chicken Strips-Frozen,Spicy,Zing,750 gm,1,CKJCNA,JUMBO CHICKEN NUGGETS,1 Kgs x 5 Pkts,NUGGETS,54.67,48.84,85.5,conflict,0.23,,manual_required
6666,22045440,AL-KABEER CHICKEN STRIPS ZING / SPICY / FILLET ZING 750GM,Al Kabeer,Chicken Strips-Frozen,No Variant,Zing,750 gm,1,CFBF,BREADED FISH FILLET,330 Gms x 20 Pkts,FILLETS,52.66,43.1,85.5,conflict,0.58,,manual_required
6673,22046374,"AL KABEER ZING CHICKEN STRIPS SMOKE BUFFALO OR SPICY SRIRACHA, 700 GRAMS",Al Kabeer,Chicken Strips-Frozen,No Variant,Zing,700 gm,1,CCKSB,CHICKEN STICKS BULK,1 Kgs x 5 Pkts,STICKS & FINGERS,54.19,47.46,85.5,conflict,0.24,,manual_required
6676,22046381,"Al Kabeer Spicy Zing Fish Fillet, 750 grams",Al Kabeer,Zing Fish Fillet,No Variant,Breaded Seafood,750 gm,1,CMBAK,MEAT BALLS,300 Gms x 20 Pkts,MEAT BALLS,52.86,43.68,85.5,conflict,0.19,,manual_required
6682,22047165,Alkabeer Felafel 360g,Al Kabeer,Falafel-Frozen,Non-Stuffed,"Frozen Pizzas, Wraps, Sandwiches",360 gm,1,CFB,BEEF FRANKS,454 Gms x 20 Pkts,SAUSAGES,50.82,37.84,85.5,conflict,0.85,,manual_required
6686,22051800,Al Kabeer Popcorn Chicken 750gm,Al Kabeer,Chicken Popcorn-Frozen,No Variant,Marinated & Breaded,750 gm,1,CKJCNA,JUMBO CHICKEN NUGGETS,1 Kgs x 5 Pkts,NUGGETS,52.67,43.14,85.5,conflict,0.25,,manual_required
6689,22053812,Al Kabeer Tandoori Chicken Nuggets 270Gm,Al Kabeer,Chicken Nuggets-Frozen,No Variant,Marinated & Breaded,270 gm,1,CCCB,CHICKEN BIRYANI 400,400 Gms x 12 Pkts,READY2EAT,53.64,45.9,85.5,conflict,0.45,,manual_required
6695,22055976,Al Kabeer Stuffed Felafel 750 GM,Al Kabeer,Falafel-Frozen,Stuffed,"Frozen Pizzas, Wraps, Sandwiches",750 gm,1,CFB,BEEF FRANKS,454 Gms x 20 Pkts,SAUSAGES,51.31,39.25,85.5,conflict,1.24,,manual_required
6713,22060502,Al Kabeer Green Peas and Carrots/Green Peas 900GM,Al Kabeer,Green/Garden Peas-Frozen,No Variant,Frozen Vegetables,900 gm,1,CFB,BEEF FRANKS,454 Gms x 20 Pkts,SAUSAGES,51.7,40.35,85.5,conflict,0.24,,manual_required
6714,22060504,Al Kabeer Chicken Pop-Corn Catering 750g,Al Kabeer,Chicken Popcorn-Frozen,No Variant,Marinated & Breaded,750 gm,1,CCCB,CHICKEN BIRYANI 400,400 Gms x 12 Pkts,READY2EAT,53.43,45.31,85.5,conflict,1.45,,manual_required
6717,22060507,Al Kabeer Zing Chicken Strips Non Spicy/Spicy 750Gm,Al Kabeer,Chicken Strips-Frozen,Spicy,Zing,750 gm,1,CKJCNA,JUMBO CHICKEN NUGGETS,1 Kgs x 5 Pkts,NUGGETS,53.6,45.78,85.5,conflict,0.27,,manual_required
6718,22060507,Al Kabeer Zing Chicken Strips Non Spicy/Spicy 750Gm,Al Kabeer,Chicken Strips-Frozen,No Variant,Zing,750 gm,1,CKBW,BBQ CHICKEN WINGS 400,400 Gms x 12 Pkts,WINGS,54.52,48.42,85.5,conflict,2.63,,manual_required
6724,22060512,"Al Kabeer Zing Chicken Strips, Smoked Buffalo/Spicy Sriracha Flavor, 700gm",Al Kabeer,Chicken Strips-Frozen,Spicy,Zing,700 gm,1,CCKSB,CHICKEN STICKS BULK,1 Kgs x 5 Pkts,STICKS & FINGERS,54.01,46.96,85.5,conflict,0.12,,manual_required
6725,22060512,"Al Kabeer Zing Chicken Strips, Smoked Buffalo/Spicy Sriracha Flavor, 700gm",Al Kabeer,Chicken Strips-Frozen,No Variant,Zing,700 gm,1,CCF,CHICKEN FRIES,12 PKTS X 400 GRM,POP-CORN & CHICKEN FRIES,54.14,47.33,85.5,conflict,1.19,,manual_required
6727,22060514,Al Kabeer Krazee Chicken Nuggets 750Gm,Al Kabeer,Chicken Nuggets-Frozen,No Variant,Marinated & Breaded,750 gm,1,CFB,BEEF FRANKS,454 Gms x 20 Pkts,SAUSAGES,52.41,42.37,85.5,conflict,0.06,,manual_required
6734,22060685,"Al Kabeer Blackberry/Blueberries, 350gm",Al Kabeer,Blueberries-Frozen,No Variant,Frozen Fruits,350 gm,1,CBBO,4 BEEF BURGERS,200 Gms x 30 Pkt,BURGERS,52.01,41.24,85.5,conflict,0.13,,manual_required
6739,22060693,AL KABEER ZING CHICKEN STRIPS SMOKED BUFFALO/SPICY SRIRACHA FLAVOR 700GM,Al Kabeer,Chicken Strips-Frozen,Spicy,Zing,700 gm,1,CCKSB,CHICKEN STICKS BULK,1 Kgs x 5 Pkts,STICKS & FINGERS,54.01,46.96,85.5,conflict,0.12,,manual_required
6740,22060693,AL KABEER ZING CHICKEN STRIPS SMOKED BUFFALO/SPICY SRIRACHA FLAVOR 700GM,Al Kabeer,Chicken Strips-Frozen,No Variant,Zing,700 gm,1,CCF,CHICKEN FRIES,12 PKTS X 400 GRM,POP-CORN & CHICKEN FRIES,54.14,47.33,85.5,conflict,1.19,,manual_required
6743,22060696,Al Kabeer Zing Chicken Strips Non Spicy 750gm,Al Kabeer,Chicken Strips-Frozen,No Variant,Zing,750 gm,1,CKN,CHICKEN NUGGETS,270 Gms x 20 Pkts,NUGGETS,54.89,49.46,85.5,conflict,2.99,,manual_required
6745,22060698,AL KABEER MIXED VEGETABLE / PEAS CARROTS 900GM,Al Kabeer,Mix Vegetables-Frozen,No Variant,Frozen Vegetables,900 gm,1,CFBJ,JUMBO HOTDOGS,400 Gms x 20 Pkts,SAUSAGES,52.28,42.02,85.5,conflict,1.16,,manual_required
6746,22061124,Al Kabeer Chicken Pop-Corn 750GM,Al Kabeer,Chicken Popcorn-Frozen,No Variant,Marinated & Breaded,750 gm,1,CKCKB,CHICKEN BURGERS 56 g,840 g. x 9,BURGERS,51.89,40.91,85.5,conflict,0.44,,manual_required
6751,22061376,Al Kabeer Zing Chicken Strips / Non Spicy 750GM,Al Kabeer,Chicken Strips-Frozen,No Variant,Zing,750 gm,1,CKN,CHICKEN NUGGETS,270 Gms x 20 Pkts,NUGGETS,54.89,49.46,85.5,conflict,2.99,,manual_required
6752,22061376,Al Kabeer Zing Chicken Strips / Non Spicy 750GM,Al Kabeer,Chicken Strips-Frozen,Spicy,Zing,750 gm,1,CKSK,SHISH KEBAB,600 Gms x 12 Pkts,KEBAB,54.67,48.84,85.5,conflict,1.98,,manual_required
6754,22061381,Al Kabeer Waffle Fries 750Gm/Seasoned,Al Kabeer,Crisscut Fries-Frozen,No Variant,Frozen Fries & Onion Rings,750 gm,1,CBBOT,TAYEBAT BEEF BURGERS ONION BULK,1 Kgs x 9 Pkts,BURGERS,51.46,39.67,85.5,conflict,0.61,,manual_required
6755,22061381,Al Kabeer Waffle Fries 750Gm/Seasoned,Al Kabeer,Potato Wedges-Frozen,No Variant,Frozen Fries & Onion Rings,750 gm,1,CFB,BEEF FRANKS,454 Gms x 20 Pkts,SAUSAGES,51.58,40.0,85.5,conflict,0.11,,manual_required
6762,22061970,Al Kabeer Bobby Veal 2LB,Al Kabeer,Bobby Veal-Frozen,No Variant,Other Frozen Meat,2 lbs,1,LBVL,BONELESS VEAL LOCAL,20 X 2 LB,TRADING-MEAT,53.75,55.56,52.78,,6.1,,manual_required
6763,22061971,Al Kabeer Zing Chicken Fillet Spicy 750gm,Al Kabeer,Chicken Fillets-Frozen,No Variant,Zing,750 gm,1,CKSAPR,AK PRO CHICKEN SAMOSA,4 X 1.2 KGS,SAMOSA,53.21,44.66,85.5,conflict,0.38,,manual_required
6779,22063940,Al Kabeer Chicken Popcorn 750gm,Al Kabeer,Chicken Popcorn-Frozen,No Variant,Marinated & Breaded,750 gm,1,CKJCNA,JUMBO CHICKEN NUGGETS,1 Kgs x 5 Pkts,NUGGETS,52.67,43.14,85.5,conflict,0.25,,manual_required
6795,22092615,Al Kabeer Krazee Chicken Nuggets 750gm,Al Kabeer,Chicken Nuggets-Frozen,No Variant,Marinated & Breaded,750 gm,1,CFB,BEEF FRANKS,454 Gms x 20 Pkts,SAUSAGES,52.41,42.37,85.5,conflict,0.06,,manual_required
6805,22155002,Al Kabeer Zing Chicken Strips Buffalo/sriracha 700gm,Al Kabeer,Chicken Strips-Frozen,No Variant,Zing,700 gm,1,CKBT,TAYEBAT CHICKEN BURGER,1 Kgs x 9 Pkts,BURGERS,54.3,47.79,85.5,conflict,2.86,,manual_required
6814,22198198,AL KABEER CRAZY CHICKEN NUGGETS 750GM,Al Kabeer,Chicken Nuggets-Frozen,No Variant,Marinated & Breaded,750 gm,1,CFB,BEEF FRANKS,454 Gms x 20 Pkts,SAUSAGES,52.53,42.74,85.5,conflict,0.63,,manual_required
6816,22198200,ALKABEER TENDER CHICKEN BREAST 1000GM,Al Kabeer,Chicken Breast-Frozen,No Variant,Frozen Chicken Parts,1000 gm,1,CFBF,BREADED FISH FILLET,330 Gms x 20 Pkts,FILLETS,52.58,42.86,85.5,conflict,0.19,,manual_required
6828,22198688,AL KABEER ZING CHICKEN FILLET SPICY / NON-SPICY,Al Kabeer,Chicken Fillets-Frozen,No Variant,Zing,750 gm,1,CKN,CHICKEN NUGGETS,270 Gms x 20 Pkts,NUGGETS,54.0,46.94,85.5,conflict,1.85,,manual_required
6829,22201836,ALKABEER CHICKEN POPCORN 750GM,Al Kabeer,Chicken Popcorn-Frozen,No Variant,Marinated & Breaded,750 gm,1,CKJCNA,JUMBO CHICKEN NUGGETS,1 Kgs x 5 Pkts,NUGGETS,52.67,43.14,85.5,conflict,0.25,,manual_required
6832,22202080,ALKABEER CHICKEN POPCORN 750GM,Al Kabeer,Chicken Popcorn-Frozen,No Variant,Marinated & Breaded,750 gm,1,CKJCNA,JUMBO CHICKEN NUGGETS,1 Kgs x 5 Pkts,NUGGETS,52.67,43.14,85.5,conflict,0.25,,manual_required
6849,22207787,Al Kabeer Punjabi Vegetable Samosa 900g,Al Kabeer,Samosa-Frozen,Punjabi,"Frozen Pizzas, Wraps, Sandwiches",900 gm,1,CCSAK,12 CHEESE SAMOSAS,240 Gms x 20 Pkts,SAMOSA,53.06,44.25,85.5,conflict,0.01,,manual_required
6852,22208829,Al Kabeer Paneer Cubes 200gm,Al Kabeer,Paneer,No Variant,Paneer,200 gm,1,CKCCR,CHICKEN ‘N’ CHEESE RINGS 300,300 gms x 12 pkts,POP-CORN & CHICKEN FRIES,52.31,42.11,85.5,conflict,0.09,,manual_required
6859,22209332,Al kabeer Zing Fish Fillet Spicy 750 gm,Al Kabeer,Zing Fish Fillet,No Variant,Breaded Seafood,750 gm,1,CMBAK,MEAT BALLS,300 Gms x 20 Pkts,MEAT BALLS,52.86,43.68,85.5,conflict,0.19,,manual_required
6865,22210371,Al Kabeer Samosa Chicken/Vegetable 480gm/Spring Roll Vegetable/Spring Roll Chicken 560 gm,Al Kabeer,Spring Roll-Frozen,No Variant,"Frozen Pizzas, Wraps, Sandwiches",560 gm,1,CCCTM,CHICKEN TIKKA MAKHANI & PILAU RICE,450 Gms x 12 Pkts,READY2EAT,53.66,45.96,85.5,conflict,0.98,,manual_required
6868,22210375,Al Kabeer Zing Chicken Fillet Spicy 750 gm,Al Kabeer,Chicken Fillets-Frozen,No Variant,Zing,750 gm,1,CKSAPR,AK PRO CHICKEN SAMOSA,4 X 1.2 KGS,SAMOSA,52.97,44.0,85.5,conflict,0.4,,manual_required
6870,22210828,Al Kabeer Chicken Pop Corn 750g,Al Kabeer,Chicken Popcorn-Frozen,No Variant,Marinated & Breaded,750 gm,1,CKCKB,CHICKEN BURGERS 56 g,840 g. x 9,BURGERS,51.89,40.91,85.5,conflict,0.06,,manual_required
6872,22211177,Al Kabeer Chicken Pop Corn 750g,Al Kabeer,Chicken Popcorn-Frozen,No Variant,Marinated & Breaded,750 gm,1,CKCKB,CHICKEN BURGERS 56 g,840 g. x 9,BURGERS,51.89,40.91,85.5,conflict,0.06,,manual_required
6881,22211923,Al Kabeer Chicken Pop Corn 750G,Al Kabeer,Chicken Popcorn-Frozen,No Variant,Marinated & Breaded,750 gm,1,CKCKB,CHICKEN BURGERS 56 g,840 g. x 9,BURGERS,51.89,40.91,85.5,conflict,0.06,,manual_required
6882,22212109,Al Kabeer Chicken Pop-com 750gm,Al Kabeer,Chicken Popcorn-Frozen,No Variant,Marinated & Breaded,750 gm,1,CKJCNA,JUMBO CHICKEN NUGGETS,1 Kgs x 5 Pkts,NUGGETS,52.21,41.82,85.5,conflict,0.32,,manual_required
6886,22213074,Al Kabeer Tandoori Chicken Tikka 1000GM,Al Kabeer,Chicken Tikka-Frozen,No Variant,Frozen Barbeque Products,1000 gm,1,CCCB,CHICKEN BIRYANI 400,400 Gms x 12 Pkts,READY2EAT,53.73,46.15,85.5,conflict,1.81,,manual_required
6891,22215147,AL KABEER ZING CHICKEN STRIPS / NON SPICY 750GM,Al Kabeer,Chicken Strips-Frozen,No Variant,Zing,750 gm,1,CKN,CHICKEN NUGGETS,270 Gms x 20 Pkts,NUGGETS,54.89,49.46,85.5,conflict,2.99,,manual_required
6892,22215147,AL KABEER ZING CHICKEN STRIPS / NON SPICY 750GM,Al Kabeer,Chicken Strips-Frozen,Spicy,Zing,750 gm,1,CKSK,SHISH KEBAB,600 Gms x 12 Pkts,KEBAB,54.67,48.84,85.5,conflict,1.98,,manual_required
6894,22215149,AL KABEER BREADED CHICKEN FILLET HOT AND SPICY 750GM,Al Kabeer,Chicken Fillets-Frozen,Hot & Spicy,Marinated & Breaded,750 gm,1,CCKSB,CHICKEN STICKS BULK,1 Kgs x 5 Pkts,STICKS & FINGERS,54.92,49.56,85.5,conflict,0.14,,manual_required
6900,22215310,AL KABEER ZING CHICKEN FILLET NON SPICY 750GM,Al Kabeer,Chicken Fillets-Frozen,No Variant,Zing,750 gm,1,CKJCNA,JUMBO CHICKEN NUGGETS,1 Kgs x 5 Pkts,NUGGETS,51.99,41.18,85.5,conflict,0.09,,manual_required
6902,22215312,AL KABEER CHICKEN POPCORN 750 GM ,Al Kabeer,Chicken Popcorn-Frozen,No Variant,Marinated & Breaded,750 gm,1,CKJCNA,JUMBO CHICKEN NUGGETS,1 Kgs x 5 Pkts,NUGGETS,53.13,44.44,85.5,conflict,0.65,,manual_required
6903,22215317,AL KABEER BLACKBERRY / BLUEBERRY 350 GM,Al Kabeer,Blueberries-Frozen,No Variant,Frozen Fruits,350 gm,1,CBBO,4 BEEF BURGERS,200 Gms x 30 Pkt,BURGERS,51.71,40.38,85.5,conflict,0.01,,manual_required
6908,22215321,AL KABEER ZING CHICKEN STRIPS SMOKED BUFFALO/SPICY SRIRACHA FLAVOR 700GM ,Al Kabeer,Chicken Strips-Frozen,No Variant,Zing,700 gm,1,CCF,CHICKEN FRIES,12 PKTS X 400 GRM,POP-CORN & CHICKEN FRIES,54.14,47.33,85.5,conflict,1.19,,manual_required
6909,22215321,AL KABEER ZING CHICKEN STRIPS SMOKED BUFFALO/SPICY SRIRACHA FLAVOR 700GM ,Al Kabeer,Chicken Strips-Frozen,Spicy,Zing,700 gm,1,CCKSB,CHICKEN STICKS BULK,1 Kgs x 5 Pkts,STICKS & FINGERS,54.01,46.96,85.5,conflict,0.12,,manual_required
6911,22215324,AL KABEER MIXED VEGETABLE / PEAS CARROTS 900GM,Al Kabeer,Mix Vegetables-Frozen,No Variant,Frozen Vegetables,900 gm,1,CFBJ,JUMBO HOTDOGS,400 Gms x 20 Pkts,SAUSAGES,52.28,42.02,85.5,conflict,1.16,,manual_required
6917,22215550,Al Kabeer Krazee Chicken Nuggets 750gm,Al Kabeer,Chicken Nuggets-Frozen,No Variant,Marinated & Breaded,750 gm,1,CFB,BEEF FRANKS,454 Gms x 20 Pkts,SAUSAGES,52.41,42.37,85.5,conflict,0.06,,manual_required
6920,22215552,Al Kabeer Chicken Popcorn Catering 750g,Al Kabeer,Chicken Popcorn-Frozen,No Variant,Marinated & Breaded,750 gm,1,CCCB,CHICKEN BIRYANI 400,400 Gms x 12 Pkts,READY2EAT,54.05,47.06,85.5,conflict,1.59,,manual_required
6921,22215553,AL KABEER ZING CHICKEN STRIPS SMOKED BUFFALO/SPICY SRIRACHA FLAVOR 700GM,Al Kabeer,Chicken Strips-Frozen,Spicy,Zing,700 gm,1,CCKSB,CHICKEN STICKS BULK,1 Kgs x 5 Pkts,STICKS & FINGERS,54.01,46.96,85.5,conflict,0.12,,manual_required
6922,22215553,AL KABEER ZING CHICKEN STRIPS SMOKED BUFFALO/SPICY SRIRACHA FLAVOR 700GM,Al Kabeer,Chicken Strips-Frozen,No Variant,Zing,700 gm,1,CCF,CHICKEN FRIES,12 PKTS X 400 GRM,POP-CORN & CHICKEN FRIES,54.14,47.33,85.5,conflict,1.19,,manual_required
6923,22215554,Al Kabeer Chicken Popcorn Catering 750g,Al Kabeer,Chicken Popcorn-Frozen,No Variant,Marinated & Breaded,750 gm,1,CCCB,CHICKEN BIRYANI 400,400 Gms x 12 Pkts,READY2EAT,54.05,47.06,85.5,conflict,1.59,,manual_required
6926,22215558,AL KABEER GREEN PEAS CARROTS/GREEN PEAS 900GM,Al Kabeer,Green/Garden Peas-Frozen,No Variant,Frozen Vegetables,900 gm,1,CFBJ,JUMBO HOTDOGS,400 Gms x 20 Pkts,SAUSAGES,51.95,41.07,85.5,conflict,0.38,,manual_required
6928,22217125,Al Kabeer Zing Chicken Strip / Non-Spicy 750g,Al Kabeer,Chicken Strips-Frozen,No Variant,Zing,750 gm,1,CKSAA,CHICKEN SAMOSAS BULK,1.2 Kgs x 4 Pkts,SAMOSA,52.76,43.4,85.5,conflict,0.78,,manual_required
6929,22217127,Al Kabeer Punjabi Samosa 900gm,Al Kabeer,Samosa-Frozen,Punjabi,"Frozen Pizzas, Wraps, Sandwiches",900 gm,1,CCSAK,12 CHEESE SAMOSAS,240 Gms x 20 Pkts,SAMOSA,54.74,49.06,85.5,conflict,1.92,,manual_required
6932,22217133,Al Kabeer French Fries 2.5Kg.,Al Kabeer,French Fries-Frozen,No Variant,Frozen Fries & Onion Rings,2.5 kg,1,CKBT,TAYEBAT CHICKEN BURGER,1 Kgs x 9 Pkts,BURGERS,51.97,41.12,85.5,conflict,0.26,,manual_required
6934,22217137,Al Kabeer Zing Chckn Filets/ No Spicy 750g.,Al Kabeer,Chicken Fillets-Frozen,No Variant,Zing,750 gm,1,CKSAPR,AK PRO CHICKEN SAMOSA,4 X 1.2 KGS,SAMOSA,52.99,44.04,85.5,conflict,1.17,,manual_required
6938,22218108,Al Kabeer Popcorn Chicken 750 gm,Al Kabeer,Chicken Popcorn-Frozen,No Variant,Marinated & Breaded,750 gm,1,CKJCNA,JUMBO CHICKEN NUGGETS,1 Kgs x 5 Pkts,NUGGETS,53.13,44.44,85.5,conflict,0.65,,manual_required
6941,22245457,Al Kabeer Punjabi Samosa 900gm,Al Kabeer,Samosa-Frozen,Punjabi,"Frozen Pizzas, Wraps, Sandwiches",900 gm,1,CCSAK,12 CHEESE SAMOSAS,240 Gms x 20 Pkts,SAMOSA,54.74,49.06,85.5,conflict,1.92,,manual_required
6944,22261037,AL KABEER CHICKEN POPCORN 750GM,Al Kabeer,Chicken Popcorn-Frozen,No Variant,Marinated & Breaded,750 gm,1,CKJCNA,JUMBO CHICKEN NUGGETS,1 Kgs x 5 Pkts,NUGGETS,52.67,43.14,85.5,conflict,0.25,,manual_required
6957,22360691,Al Kabeer Chicken Zing Fillets/Strips Spicy 750 gm,Al Kabeer,Chicken Fillets-Frozen,No Variant,Zing,750 gm,1,CKJCNA,JUMBO CHICKEN NUGGETS,1 Kgs x 5 Pkts,NUGGETS,53.05,44.21,85.5,conflict,0.26,,manual_required
6958,22360691,Al Kabeer Chicken Zing Fillets/Strips Spicy 750 gm,Al Kabeer,Chicken Strips-Frozen,No Variant,Zing,750 gm,1,CKJCNA,JUMBO CHICKEN NUGGETS,1 Kgs x 5 Pkts,NUGGETS,53.05,44.21,85.5,conflict,0.26,,manual_required
6961,22366004,Al Kabeer Vegetable Spring Roll/ Chicken Spring Roll 280gm/ Chicken Samosa/ Vegetable Samosa 240 gm,Al Kabeer,Spring Roll-Frozen,No Variant,"Frozen Pizzas, Wraps, Sandwiches",280 gm,1,CCCTM,CHICKEN TIKKA MAKHANI & PILAU RICE,450 Gms x 12 Pkts,READY2EAT,54.1,47.2,85.5,conflict,0.91,,manual_required
6962,22366004,Al Kabeer Vegetable Spring Roll/ Chicken Spring Roll 280gm/ Chicken Samosa/ Vegetable Samosa 240 gm,Al Kabeer,Samosa-Frozen,Other-Veg,"Frozen Pizzas, Wraps, Sandwiches",240 gm,1,CCCTM,CHICKEN TIKKA MAKHANI & PILAU RICE,450 Gms x 12 Pkts,READY2EAT,54.2,47.5,85.5,conflict,0.39,,manual_required
6963,22366004,Al Kabeer Vegetable Spring Roll/ Chicken Spring Roll 280gm/ Chicken Samosa/ Vegetable Samosa 240 gm,Al Kabeer,Samosa-Frozen,Chicken,"Frozen Pizzas, Wraps, Sandwiches",240 gm,1,CCCTM,CHICKEN TIKKA MAKHANI & PILAU RICE,450 Gms x 12 Pkts,READY2EAT,53.91,46.67,85.5,conflict,0.05,,manual_required
6971,22367069,Al Kabeer Paneer Cubes 500gm,Al Kabeer,Paneer,No Variant,Paneer,500 gm,1,CKBBTY,TAYEBAT BREADED CHICKEN BURGERS 840 g. x 8 Pkts,840 g. x 8 Pkts,BURGERS,52.23,41.86,85.5,conflict,0.65,,manual_required
6977,22373055,Al Kabeer Chicken 'n' Cheese Rings 300gm,Al Kabeer,Chicken Cheese Stick-Frozen,No Variant,Frozen Barbeque Products,300 gm,1,CCSRA,8 CHEESE SPRING ROLLS,240 Gms x 20 Pkts,SPRING ROLL,54.66,48.82,85.5,conflict,0.19,,manual_required
6984,22373062,AL KABEER FRENCH FRIES 2.5KG,Al Kabeer,French Fries-Frozen,No Variant,Frozen Fries & Onion Rings,2.5 kg,1,CFBFA,BREADED FISH FILLET BULK,1 Kgs x 5 Pkts,FILLETS,52.24,41.9,85.5,conflict,0.08,,manual_required
6987,22386468,Al Kabeer Zing Fish Fillet Spicy 750gm,Al Kabeer,Zing Fish Fillet,No Variant,Breaded Seafood,750 gm,1,CMBAK,MEAT BALLS,300 Gms x 20 Pkts,MEAT BALLS,53.13,44.44,85.5,conflict,0.22,,manual_required
6994,22399586,AL KABEER BREADED CHICKEN FILLET PLAN / HOT&SPICY 750GR,Al Kabeer,Chicken Fillets-Frozen,No Variant,Marinated & Breaded,750 gm,1,CCKSB,CHICKEN STICKS BULK,1 Kgs x 5 Pkts,STICKS & FINGERS,53.85,46.51,85.5,conflict,0.09,,manual_required
6996,22399598,AL KABEER ZING CHICKEN STRIPS SPICY / NON-SPICY 750GR,Al Kabeer,Chicken Strips-Frozen,No Variant,Marinated & Breaded,750 gm,1,CCKSB,CHICKEN STICKS BULK,1 Kgs x 5 Pkts,STICKS & FINGERS,54.93,49.59,85.5,conflict,1.24,,manual_required
6998,22399601,ALKABEER KRAZEE CHICKEN NUGGETS 750GR,Al Kabeer,Chicken Nuggets-Frozen,No Variant,Marinated & Breaded,750 gm,1,CFBF,BREADED FISH FILLET,330 Gms x 20 Pkts,FILLETS,52.34,42.19,85.5,conflict,0.53,,manual_required
7003,22401927,"ALKABEER ZING NON SPICY OR SPICY CHICKEN STRIPS, 750 GRAMS",Al Kabeer,Chicken Strips-Frozen,Spicy,Zing,750 gm,1,CKCKB,CHICKEN BURGERS 56 g,840 g. x 9,BURGERS,54.2,47.5,85.5,conflict,0.6,,manual_required
7004,22401927,"ALKABEER ZING NON SPICY OR SPICY CHICKEN STRIPS, 750 GRAMS",Al Kabeer,Chicken Strips-Frozen,No Variant,Marinated & Breaded,750 gm,1,CCKSB,CHICKEN STICKS BULK,1 Kgs x 5 Pkts,STICKS & FINGERS,54.93,49.59,85.5,conflict,0.13,,manual_required
7006,22401936,"AL KABEER ZING FISH FILLET OR SHRIMPS SPICY, 750 GRAMS",Al Kabeer,Zing Shrimps,Spicy,Breaded Seafood,750 gm,1,CFB,BEEF FRANKS,454 Gms x 20 Pkts,SAUSAGES,51.99,41.18,85.5,conflict,0.67,,manual_required
7008,22404957,AL KABEER CRAZY CHICKEN NUGGETS 750 GM,Al Kabeer,Chicken Nuggets-Frozen,No Variant,Marinated & Breaded,750 gm,1,CKBCS,BEEF COCKTAIL SAUSAGES,400 Gms x 20 Pkts,SAUSAGES,53.26,44.83,85.5,conflict,0.95,,manual_required
7010,22404959,ALKABEER CHICKEN NUGGETS 750 GM,Al Kabeer,Chicken Nuggets-Frozen,Spicy,Marinated & Breaded,750 gm,1,CFB,BEEF FRANKS,454 Gms x 20 Pkts,SAUSAGES,53.21,44.66,85.5,conflict,0.69,,manual_required
7012,22404961,ALKABEER FRENCH FRIES 2500GM,Al Kabeer,French Fries-Frozen,No Variant,Frozen Fries & Onion Rings,2.5 kg,1,CKKB24,24 CHICKEN BURGERS,1.2 Kgs x 8 Pkts,BURGERS,52.13,41.58,85.5,conflict,0.28,,manual_required
7015,22404964,ALKABEER TENDER CHICKEN BREAST 1000GM,Al Kabeer,Chicken Breast-Frozen,No Variant,Frozen Chicken Parts,1000 gm,1,CFBF,BREADED FISH FILLET,330 Gms x 20 Pkts,FILLETS,52.58,42.86,85.5,conflict,0.19,,manual_required
7020,22404966,AL-KABEER ZING CHICKEN FILLET / SPICY / ZING CHICKEN STRIPS 750g,Al Kabeer,Chicken Fillets-Frozen,No Variant,Marinated & Breaded,750 gm,1,CCKSB,CHICKEN STICKS BULK,1 Kgs x 5 Pkts,STICKS & FINGERS,54.94,49.61,85.5,conflict,1.09,,manual_required
7025,22405950,Al Kabeer Krazee Chicken Nuggets (750gm),Al Kabeer,Chicken Nuggets-Frozen,No Variant,Marinated & Breaded,750 gm,1,CFB,BEEF FRANKS,454 Gms x 20 Pkts,SAUSAGES,52.41,42.37,85.5,conflict,0.06,,manual_required
7032,22410517,ALKABEER CHICKEN POPCORN 750 GM,Al Kabeer,Chicken Popcorn-Frozen,No Variant,Marinated & Breaded,750 gm,1,CKJCNA,JUMBO CHICKEN NUGGETS,1 Kgs x 5 Pkts,NUGGETS,53.13,44.44,85.5,conflict,0.65,,manual_required
7037,22411518,Al Kabeer Paneer Cubes 200g,Al Kabeer,Paneer,No Variant,Paneer,200 gm,1,CKCCR,CHICKEN ‘N’ CHEESE RINGS 300,300 gms x 12 pkts,POP-CORN & CHICKEN FRIES,52.79,43.48,85.5,conflict,0.32,,manual_required
7038,22411932,Al Kabeer French Fries 2.5KG,Al Kabeer,French Fries-Frozen,No Variant,Frozen Fries & Onion Rings,2.5 kg,1,CFBFA,BREADED FISH FILLET BULK,1 Kgs x 5 Pkts,FILLETS,52.24,41.9,85.5,conflict,0.08,,manual_required
7043,22420580,AL KABEER GREEN PEAS CARROTS/GREEN PEAS 900GM,Al Kabeer,Green/Garden Peas-Frozen,No Variant,Frozen Vegetables,900 gm,1,CFBJ,JUMBO HOTDOGS,400 Gms x 20 Pkts,SAUSAGES,51.95,41.07,85.5,conflict,0.38,,manual_required
7047,22420585,Al Kabeer Krazee Chicken Nuggets 750gm,Al Kabeer,Chicken Nuggets-Frozen,No Variant,Marinated & Breaded,750 gm,1,CFB,BEEF FRANKS,454 Gms x 20 Pkts,SAUSAGES,52.41,42.37,85.5,conflict,0.06,,manual_required
7054,22420592,Al Kabeer Chicken Popcorn Catering 750gm,Al Kabeer,Chicken Popcorn-Frozen,No Variant,Marinated & Breaded,750 gm,1,CCCB,CHICKEN BIRYANI 400,400 Gms x 12 Pkts,READY2EAT,53.64,45.9,85.5,conflict,0.99,,manual_required
7058,22421253,AL KABEER BREADED CHICKEN FILLET HOT AND SPICY 750GM,Al Kabeer,Chicken Fillets-Frozen,Hot & Spicy,Marinated & Breaded,750 gm,1,CCKSB,CHICKEN STICKS BULK,1 Kgs x 5 Pkts,STICKS & FINGERS,54.92,49.56,85.5,conflict,0.14,,manual_required
7059,22421254,AL KABEER ZING CHICKEN STRIPS / NON SPICY 750GM,Al Kabeer,Chicken Strips-Frozen,Spicy,Marinated & Breaded,750 gm,1,CCCB,CHICKEN BIRYANI 400,400 Gms x 12 Pkts,READY2EAT,53.26,44.83,85.5,conflict,0.45,,manual_required
7060,22421254,AL KABEER ZING CHICKEN STRIPS / NON SPICY 750GM,Al Kabeer,Chicken Strips-Frozen,No Variant,Zing,750 gm,1,CKN,CHICKEN NUGGETS,270 Gms x 20 Pkts,NUGGETS,54.89,49.46,85.5,conflict,2.99,,manual_required
7067,22421615,AL KABEER ZING CHICKEN STRIPS SMOKED BUFFALO/SPICY SRIRACHA FLAVOR 700GM,Al Kabeer,Chicken Strips-Frozen,Spicy,Zing,700 gm,1,CCKSB,CHICKEN STICKS BULK,1 Kgs x 5 Pkts,STICKS & FINGERS,54.01,46.96,85.5,conflict,0.12,,manual_required
7068,22421615,AL KABEER ZING CHICKEN STRIPS SMOKED BUFFALO/SPICY SRIRACHA FLAVOR 700GM,Al Kabeer,Chicken Strips-Frozen,No Variant,Zing,700 gm,1,CCF,CHICKEN FRIES,12 PKTS X 400 GRM,POP-CORN & CHICKEN FRIES,54.14,47.33,85.5,conflict,1.19,,manual_required
7070,22421618,AL KABEER MIXED VEGETABLE /PEAS & CARROTS 900 GM ,Al Kabeer,Mix Vegetables-Frozen,No Variant,Frozen Vegetables,900 gm,1,CFB,BEEF FRANKS,454 Gms x 20 Pkts,SAUSAGES,51.22,38.98,85.5,conflict,0.23,,manual_required
7071,22421619,AL KABEER BLACKBERRY/BLUEBERRIES 350 GM,Al Kabeer,Blueberries-Frozen,No Variant,Frozen Fruits,350 gm,1,CBBO,4 BEEF BURGERS,200 Gms x 30 Pkt,BURGERS,52.47,42.55,85.5,conflict,0.89,,manual_required
7077,22421627,AL KABEER ZING CHICKEN FILLET NON SPICY 750GM,Al Kabeer,Chicken Fillets-Frozen,No Variant,Zing,750 gm,1,CKJCNA,JUMBO CHICKEN NUGGETS,1 Kgs x 5 Pkts,NUGGETS,51.99,41.18,85.5,conflict,0.09,,manual_required
7082,22424523,Al Kabeer Popcorn Chicken 750gm,Al Kabeer,Chicken Popcorn-Frozen,No Variant,Marinated & Breaded,750 gm,1,CKJCNA,JUMBO CHICKEN NUGGETS,1 Kgs x 5 Pkts,NUGGETS,52.67,43.14,85.5,conflict,0.25,,manual_required
7086,22427438,Al Kabeer Popcorn Chicken 750gm,Al Kabeer,Chicken Popcorn-Frozen,No Variant,Marinated & Breaded,750 gm,1,CKJCNA,JUMBO CHICKEN NUGGETS,1 Kgs x 5 Pkts,NUGGETS,52.67,43.14,85.5,conflict,0.25,,manual_required
7089,22434311,Al Kabeer Zing Chckn Strip Spicy  / Non Spicy 750g,Al Kabeer,Chicken Strips-Frozen,No Variant,Zing,750 gm,1,CKCKB,CHICKEN BURGERS 56 g,840 g. x 9,BURGERS,51.89,40.91,85.5,conflict,0.05,,manual_required
7098,22447324,Al Kabeer Bobby Veal 2lb,Al Kabeer,Bobby Veal-Frozen,No Variant,Other Frozen Meat,2 lbs,1,LBVL,BONELESS VEAL LOCAL,20 X 2 LB,TRADING-MEAT,53.75,55.56,52.78,,6.1,,manual_required
7100,22502804,Al Kabeer Krazee Chicken Nuggets 750 Gm,Al Kabeer,Chicken Nuggets-Frozen,No Variant,Marinated & Breaded,750 gm,1,CFB,BEEF FRANKS,454 Gms x 20 Pkts,SAUSAGES,52.18,41.74,85.5,conflict,0.05,,manual_required
7101,22502805,Al Kabeer Chicken Pop-Corn 750g,Al Kabeer,Chicken Popcorn-Frozen,No Variant,Marinated & Breaded,750 gm,1,CKCKB,CHICKEN BURGERS 56 g,840 g. x 9,BURGERS,51.89,40.91,85.5,conflict,0.06,,manual_required
7103,22502808,Al Kabeer Zing Chicken Fillets Non Spicy / Zing Chicken Strips Non Spicy 750 gm ,Al Kabeer,Chicken Fillets-Frozen,No Variant,Zing,750 gm,1,CCKSB,CHICKEN STICKS BULK,1 Kgs x 5 Pkts,STICKS & FINGERS,54.4,48.08,85.5,conflict,0.13,,manual_required
7104,22502808,Al Kabeer Zing Chicken Fillets Non Spicy / Zing Chicken Strips Non Spicy 750 gm ,Al Kabeer,Chicken Strips-Frozen,No Variant,Zing,750 gm,1,CCKSB,CHICKEN STICKS BULK,1 Kgs x 5 Pkts,STICKS & FINGERS,54.4,48.08,85.5,conflict,0.13,,manual_required
7108,22516168,Al Kabeer Chicken Zing Strips /Sriracha/Buffalo selected 700/750gm,Al Kabeer,Chicken Strips-Frozen,No Variant,Zing,700 gm,1,CCKSB,CHICKEN STICKS BULK,1 Kgs x 5 Pkts,STICKS & FINGERS,54.05,47.06,85.5,conflict,1.35,,manual_required
7109,22516168,Al Kabeer Chicken Zing Strips /Sriracha/Buffalo selected 700/750gm,Al Kabeer,Chicken Strips-Frozen,No Variant,Marinated & Breaded,750 gm,1,CCCTM,CHICKEN TIKKA MAKHANI & PILAU RICE,450 Gms x 12 Pkts,READY2EAT,54.66,48.81,85.5,conflict,0.14,,manual_required
7113,22516172,Al kabeer Breaded Chicken Fillet NON Spicy/Spicy 750g,Al Kabeer,Chicken Fillets-Frozen,No Variant,Marinated & Breaded,750 gm,1,CCKSB,CHICKEN STICKS BULK,1 Kgs x 5 Pkts,STICKS & FINGERS,54.35,47.93,85.5,conflict,0.58,,manual_required
7119,22516180,Al Kabeer chicken zinger fillets/ Spicy 750gm,Al Kabeer,Chicken Fillets-Frozen,No Variant,Zing,750 gm,1,CKN,CHICKEN NUGGETS,270 Gms x 20 Pkts,NUGGETS,54.17,47.42,85.5,conflict,2.28,,manual_required
7125,22551169,AL KABEER ZING CHICKEN STRIPS - SMOKED BUFFALO / SPICY SRIRACHA 700GR,Al Kabeer,Chicken Strips-Frozen,No Variant,Zing,700 gm,1,CCKSB,CHICKEN STICKS BULK,1 Kgs x 5 Pkts,STICKS & FINGERS,54.05,47.06,85.5,conflict,0.23,,manual_required
7137,22563459,Al Kabeer Blueberries / Blackberries (350g),Al Kabeer,Blueberries-Frozen,No Variant,Frozen Fruits,350 gm,1,CBBO,4 BEEF BURGERS,200 Gms x 30 Pkt,BURGERS,52.89,43.75,85.5,conflict,0.86,,manual_required
7140,22566022,Al Kabeer Paneer Cubes 200g,Al Kabeer,Paneer,No Variant,Paneer,200 gm,1,CKCCR,CHICKEN ‘N’ CHEESE RINGS 300,300 gms x 12 pkts,POP-CORN & CHICKEN FRIES,52.79,43.48,85.5,conflict,0.32,,manual_required
7147,22566636,Al Kabeer - Zing Chicken Strips 750gm,Al Kabeer,Chicken Strips-Frozen,No Variant,Marinated & Breaded,750 gm,1,CFBF,BREADED FISH FILLET,330 Gms x 20 Pkts,FILLETS,52.7,43.2,85.5,conflict,0.76,,manual_required
7152,22567226,Al Kabeer Paneer Cubes 200gm,Al Kabeer,Paneer,No Variant,Paneer,200 gm,1,CKCCR,CHICKEN ‘N’ CHEESE RINGS 300,300 gms x 12 pkts,POP-CORN & CHICKEN FRIES,52.31,42.11,85.5,conflict,0.09,,manual_required
7165,22568551,Al kabeer Zing Fish Fillet Spicy 750gm,Al Kabeer,Zing Fish Fillet,No Variant,Breaded Seafood,750 gm,1,CMBAK,MEAT BALLS,300 Gms x 20 Pkts,MEAT BALLS,53.13,44.44,85.5,conflict,0.22,,manual_required
7170,22569157,Al Kabeer Vegetable Spring Roll / Chicken Spring Roll 280g / Chicken Samosa/ Vegetable Samosa 240gm,Al Kabeer,Spring Roll-Frozen,No Variant,"Frozen Pizzas, Wraps, Sandwiches",280 gm,1,CCCTM,CHICKEN TIKKA MAKHANI & PILAU RICE,450 Gms x 12 Pkts,READY2EAT,54.1,47.2,85.5,conflict,0.91,,manual_required
7171,22569157,Al Kabeer Vegetable Spring Roll / Chicken Spring Roll 280g / Chicken Samosa/ Vegetable Samosa 240gm,Al Kabeer,Samosa-Frozen,Other-Veg,"Frozen Pizzas, Wraps, Sandwiches",240 gm,1,CCCTM,CHICKEN TIKKA MAKHANI & PILAU RICE,450 Gms x 12 Pkts,READY2EAT,54.2,47.5,85.5,conflict,0.39,,manual_required
7184,22571079,ALKABEER FRENCH FRIES 2500GM,Al Kabeer,French Fries-Frozen,No Variant,Frozen Fries & Onion Rings,2.5 kg,1,CKKB24,24 CHICKEN BURGERS,1.2 Kgs x 8 Pkts,BURGERS,52.13,41.58,85.5,conflict,0.28,,manual_required
7187,22571554,ALKABEER CHICKEN NUGGETS 750 GM,Al Kabeer,Chicken Nuggets-Frozen,Spicy,Marinated & Breaded,750 gm,1,CFB,BEEF FRANKS,454 Gms x 20 Pkts,SAUSAGES,53.21,44.66,85.5,conflict,0.69,,manual_required
7188,22571585,AL-KABEER ZING CHICKEN FILLET / SPICY / CRAZY CHICKEN NUGGETS 750GM,Al Kabeer,Chicken Nuggets-Frozen,No Variant,Marinated & Breaded,750 gm,1,CCKSHA,CHICKEN STICK BULK HOT & SPICY,1 kg x 5 Pkts,STICKS & FINGERS,54.72,48.98,85.5,conflict,1.11,,manual_required
7191,22571676,ALKABEER TENDER CHICKEN BREAST 1000GM,Al Kabeer,Chicken Breast-Frozen,No Variant,Frozen Chicken Parts,1000 gm,1,CFBF,BREADED FISH FILLET,330 Gms x 20 Pkts,FILLETS,52.58,42.86,85.5,conflict,0.19,,manual_required
7197,22576544,Al Kabeer Chicken Popcorn Catering 750g,Al Kabeer,Chicken Popcorn-Frozen,No Variant,Marinated & Breaded,750 gm,1,CCCB,CHICKEN BIRYANI 400,400 Gms x 12 Pkts,READY2EAT,54.05,47.06,85.5,conflict,1.59,,manual_required
7198,22576604,AL KABEER ZING CHICKEN STRIPS SMOKED BUFFALO/SPICY SRIRACHA FLAVOR 700GM,Al Kabeer,Chicken Strips-Frozen,No Variant,Zing,700 gm,1,CCF,CHICKEN FRIES,12 PKTS X 400 GRM,POP-CORN & CHICKEN FRIES,54.14,47.33,85.5,conflict,1.19,,manual_required
7199,22576604,AL KABEER ZING CHICKEN STRIPS SMOKED BUFFALO/SPICY SRIRACHA FLAVOR 700GM,Al Kabeer,Chicken Strips-Frozen,Spicy,Zing,700 gm,1,CCKSB,CHICKEN STICKS BULK,1 Kgs x 5 Pkts,STICKS & FINGERS,54.01,46.96,85.5,conflict,0.12,,manual_required
7202,22576673,AL KABEER GREEN PEAS CARROTS/GREEN PEAS 900GM,Al Kabeer,Green/Garden Peas-Frozen,No Variant,Frozen Vegetables,900 gm,1,CFBJ,JUMBO HOTDOGS,400 Gms x 20 Pkts,SAUSAGES,51.95,41.07,85.5,conflict,0.38,,manual_required
7203,22576704,Al Kabeer Krazee Chicken Nuggets 750gm,Al Kabeer,Chicken Nuggets-Frozen,No Variant,Marinated & Breaded,750 gm,1,CFB,BEEF FRANKS,454 Gms x 20 Pkts,SAUSAGES,52.41,42.37,85.5,conflict,0.06,,manual_required
7206,22576740,AL KABEER ZING CHICKEN FILLET NON SPICY 750G,Al Kabeer,Chicken Fillets-Frozen,No Variant,Zing,750 gm,1,CKN,CHICKEN NUGGETS,270 Gms x 20 Pkts,NUGGETS,54.0,46.94,85.5,conflict,1.85,,manual_required
7211,22578345,AL KABEER ZING CHICKEN STRIPS SMOKED BUFFALO/SPICY SRIRACHA FLAVOR.700GM,Al Kabeer,Chicken Strips-Frozen,No Variant,Zing,700 gm,1,CCF,CHICKEN FRIES,12 PKTS X 400 GRM,POP-CORN & CHICKEN FRIES,53.65,45.93,85.5,conflict,0.63,,manual_required
7212,22578345,AL KABEER ZING CHICKEN STRIPS SMOKED BUFFALO/SPICY SRIRACHA FLAVOR.700GM,Al Kabeer,Chicken Strips-Frozen,Spicy,Zing,700 gm,1,CCKSB,CHICKEN STICKS BULK,1 Kgs x 5 Pkts,STICKS & FINGERS,53.46,45.38,85.5,conflict,0.04,,manual_required
7213,22578346,AL KABEER ZING CHICKEN FILLET NON SPICY 750GM,Al Kabeer,Chicken Fillets-Frozen,No Variant,Zing,750 gm,1,CKJCNA,JUMBO CHICKEN NUGGETS,1 Kgs x 5 Pkts,NUGGETS,51.99,41.18,85.5,conflict,0.09,,manual_required
7221,22578505,AL KABEER ZING CHICKEN STRIPS / NON SPICY 750GM,Al Kabeer,Chicken Strips-Frozen,Spicy,Marinated & Breaded,750 gm,1,CCCB,CHICKEN BIRYANI 400,400 Gms x 12 Pkts,READY2EAT,53.26,44.83,85.5,conflict,0.45,,manual_required
7222,22578505,AL KABEER ZING CHICKEN STRIPS / NON SPICY 750GM,Al Kabeer,Chicken Strips-Frozen,No Variant,Marinated & Breaded,750 gm,1,CCKSB,CHICKEN STICKS BULK,1 Kgs x 5 Pkts,STICKS & FINGERS,54.93,49.59,85.5,conflict,1.92,,manual_required
7224,22578509,AL KABEER MIXED VEGETABLE / PEAS & CARROTS 900GM,Al Kabeer,Mix Vegetables-Frozen,No Variant,Frozen Vegetables,900 gm,1,CFB,BEEF FRANKS,454 Gms x 20 Pkts,SAUSAGES,50.88,38.02,85.5,conflict,0.18,,manual_required
7228,22578603,AL KABEER CHICKEN POPCORN 750GM,Al Kabeer,Chicken Popcorn-Frozen,No Variant,Marinated & Breaded,750 gm,1,CKJCNA,JUMBO CHICKEN NUGGETS,1 Kgs x 5 Pkts,NUGGETS,52.67,43.14,85.5,conflict,0.25,,manual_required
7237,22609346,Al Kabeer Tempura Chicken Nuggets 750gm,Al Kabeer,Chicken Nuggets-Frozen,No Variant,Marinated & Breaded,750 gm,1,CCCB,CHICKEN BIRYANI 400,400 Gms x 12 Pkts,READY2EAT,53.19,44.63,85.5,conflict,0.97,,manual_required
7251,22680127,Alkabeer breaded chicken filets/kibbah 450/400gm,Al Kabeer,Chicken Fillets-Frozen,No Variant,Marinated & Breaded,450 gm,1,CCCB,CHICKEN BIRYANI 400,400 Gms x 12 Pkts,READY2EAT,54.67,48.85,85.5,conflict,0.95,,manual_required
7255,22680131,Al Kabeer chicken zinger fillets Spicy 750gm,Al Kabeer,Chicken Fillets-Frozen,No Variant,Zing,750 gm,1,CKN,CHICKEN NUGGETS,270 Gms x 20 Pkts,NUGGETS,54.17,47.42,85.5,conflict,2.28,,manual_required
7269,22707770,Al Kabeer Frozen  Blueberries 350gm,Al Kabeer,Blueberries-Frozen,No Variant,Frozen Fruits,350 gm,1,CBBO,4 BEEF BURGERS,200 Gms x 30 Pkt,BURGERS,53.04,44.19,85.5,conflict,0.95,,manual_required
7273,22719376,"AL KABEER ZING CHICKEN STRIPS SMOKE BUFFALO OR SPICY SRIRACHA, 700 GRAMS",Al Kabeer,Chicken Strips-Frozen,No Variant,Zing,700 gm,1,CCKSB,CHICKEN STICKS BULK,1 Kgs x 5 Pkts,STICKS & FINGERS,54.19,47.46,85.5,conflict,0.24,,manual_required
7280,22723075,ALKABEER TENDER CHICKEN BREAST 1000GM,Al Kabeer,Chicken Breast-Frozen,No Variant,Frozen Chicken Parts,1000 gm,1,CFBF,BREADED FISH FILLET,330 Gms x 20 Pkts,FILLETS,52.58,42.86,85.5,conflict,0.19,,manual_required
7281,22723076,ALKABEER CHICKEN NUGGETS 750 GM,Al Kabeer,Chicken Nuggets-Frozen,Spicy,Marinated & Breaded,750 gm,1,CFB,BEEF FRANKS,454 Gms x 20 Pkts,SAUSAGES,53.21,44.66,85.5,conflict,0.69,,manual_required
7283,22723080,AL-KABEER ZING CHICKEN FILLET SPICY 750GM,Al Kabeer,Chicken Fillets-Frozen,No Variant,Zing,750 gm,1,CKSAPR,AK PRO CHICKEN SAMOSA,4 X 1.2 KGS,SAMOSA,53.21,44.66,85.5,conflict,0.38,,manual_required
7286,22723086,ALKABEER FRENCH FRIES 2500GM,Al Kabeer,French Fries-Frozen,No Variant,Frozen Fries & Onion Rings,2.5 kg,1,CKKB24,24 CHICKEN BURGERS,1.2 Kgs x 8 Pkts,BURGERS,52.13,41.58,85.5,conflict,0.28,,manual_required
7287,22723574,AL KABEER BREADED CHICKEN FILLET PLAIN / HOT & SPICY 750 GM,Al Kabeer,Chicken Fillets-Frozen,No Variant,Marinated & Breaded,750 gm,1,CCKSB,CHICKEN STICKS BULK,1 Kgs x 5 Pkts,STICKS & FINGERS,54.11,47.24,85.5,conflict,0.1,,manual_required
7291,22723584,AL KABEER ZING CHICKEN STRIPS - SMOKED BUFFALO / SPICY SRIRACHA 700GR,Al Kabeer,Chicken Strips-Frozen,No Variant,Zing,700 gm,1,CCKSB,CHICKEN STICKS BULK,1 Kgs x 5 Pkts,STICKS & FINGERS,54.05,47.06,85.5,conflict,0.23,,manual_required
7296,22727349,Al Kabeer Jumbo Chicken Nuggets (1000g),Al Kabeer,Chicken Nuggets-Frozen,No Variant,Marinated & Breaded,1 kg,1,CBBO,4 BEEF BURGERS,200 Gms x 30 Pkt,BURGERS,51.7,40.35,85.5,conflict,0.12,,manual_required
7310,22734121,AL KABEER ZING CHICKEN NUGGETS NON SPICY 750GM,Al Kabeer,Chicken Nuggets-Frozen,No Variant,Marinated & Breaded,750 gm,1,CCKSB,CHICKEN STICKS BULK,1 Kgs x 5 Pkts,STICKS & FINGERS,53.64,45.9,85.5,conflict,0.62,,manual_required
7313,22734150,AL KABEER ZING CHICKEN STRIPS /NON SPICY 750 GM,Al Kabeer,Chicken Strips-Frozen,No Variant,Zing,750 gm,1,CKSAA,CHICKEN SAMOSAS BULK,1.2 Kgs x 4 Pkts,SAMOSA,53.67,46.0,85.5,conflict,1.52,,manual_required
7316,22734175,AL KABEER MIXED VEGETABLE / PEAS & CARROTS 900GM,Al Kabeer,Mix Vegetables-Frozen,No Variant,Frozen Vegetables,900 gm,1,CFB,BEEF FRANKS,454 Gms x 20 Pkts,SAUSAGES,50.88,38.02,85.5,conflict,0.18,,manual_required
7318,22734185,AL KABEER BLACKBERRY/BLUEBERRIES 350GM,Al Kabeer,Blueberries-Frozen,No Variant,Frozen Fruits,350 gm,1,CBBO,4 BEEF BURGERS,200 Gms x 30 Pkt,BURGERS,52.01,41.24,85.5,conflict,0.13,,manual_required
7319,22734196,AL KABEER BREADED CHICKEN FILLET HOT AND SPICY 750GM,Al Kabeer,Chicken Fillets-Frozen,Hot & Spicy,Marinated & Breaded,750 gm,1,CCKSB,CHICKEN STICKS BULK,1 Kgs x 5 Pkts,STICKS & FINGERS,54.92,49.56,85.5,conflict,0.14,,manual_required
7325,22734380,AL KABEER ZING CHICKEN FILLET NON SPICY 750GM,Al Kabeer,Chicken Fillets-Frozen,No Variant,Zing,750 gm,1,CKJCNA,JUMBO CHICKEN NUGGETS,1 Kgs x 5 Pkts,NUGGETS,51.99,41.18,85.5,conflict,0.09,,manual_required
7326,22734441,AL KABEER ZING CHICKEN STRIPS SMOKED BUFFALO/SPICY SRIRACHA FLAVOR 700GM,Al Kabeer,Chicken Strips-Frozen,Spicy,Zing,700 gm,1,CCKSB,CHICKEN STICKS BULK,1 Kgs x 5 Pkts,STICKS & FINGERS,54.01,46.96,85.5,conflict,0.12,,manual_required
7327,22734441,AL KABEER ZING CHICKEN STRIPS SMOKED BUFFALO/SPICY SRIRACHA FLAVOR 700GM,Al Kabeer,Chicken Strips-Frozen,No Variant,Zing,700 gm,1,CCF,CHICKEN FRIES,12 PKTS X 400 GRM,POP-CORN & CHICKEN FRIES,54.14,47.33,85.5,conflict,1.19,,manual_required
7337,22734785,AL KABEER GREEN PEAS CARROTS/GREEN PEAS 900GM,Al Kabeer,Green/Garden Peas-Frozen,No Variant,Frozen Vegetables,900 gm,1,CFBJ,JUMBO HOTDOGS,400 Gms x 20 Pkts,SAUSAGES,51.95,41.07,85.5,conflict,0.38,,manual_required
7340,22734810,Al Kabeer Chicken Popcorn Catering 750gm,Al Kabeer,Chicken Popcorn-Frozen,No Variant,Marinated & Breaded,750 gm,1,CCCB,CHICKEN BIRYANI 400,400 Gms x 12 Pkts,READY2EAT,53.64,45.9,85.5,conflict,0.99,,manual_required
7341,22734967,AL KABEER ZING CHICKEN STRIPS SMOKED BUFFALO/SPICY SRIRACHA FLAVOR 700GM,Al Kabeer,Chicken Strips-Frozen,Spicy,Zing,700 gm,1,CCKSB,CHICKEN STICKS BULK,1 Kgs x 5 Pkts,STICKS & FINGERS,54.01,46.96,85.5,conflict,0.12,,manual_required
7342,22734967,AL KABEER ZING CHICKEN STRIPS SMOKED BUFFALO/SPICY SRIRACHA FLAVOR 700GM,Al Kabeer,Chicken Strips-Frozen,No Variant,Zing,700 gm,1,CCF,CHICKEN FRIES,12 PKTS X 400 GRM,POP-CORN & CHICKEN FRIES,54.14,47.33,85.5,conflict,1.19,,manual_required
7343,22734982,AL KABEER BLUEBERRIES/BLACKBERRY 350GM,Al Kabeer,Blueberries-Frozen,No Variant,Frozen Fruits,350 gm,1,CBBO,4 BEEF BURGERS,200 Gms x 30 Pkt,BURGERS,52.01,41.24,85.5,conflict,0.13,,manual_required
7347,22738086,Al Kabeer Paneer Cubes 200g,Al Kabeer,Paneer,No Variant,Paneer,200 gm,1,CKCCR,CHICKEN ‘N’ CHEESE RINGS 300,300 gms x 12 pkts,POP-CORN & CHICKEN FRIES,52.79,43.48,85.5,conflict,0.32,,manual_required
7354,22738884,Al Kabeer Paneer Cubes  500Gm,Al Kabeer,Paneer,No Variant,Paneer,500 gm,1,CKBBTY,TAYEBAT BREADED CHICKEN BURGERS 840 g. x 8 Pkts,840 g. x 8 Pkts,BURGERS,52.23,41.86,85.5,conflict,0.65,,manual_required
7359,22770901,Al Kabeer Hash Brown 1kg / Waffle Fries 750gm,Al Kabeer,Crisscut Fries-Frozen,No Variant,Frozen Fries & Onion Rings,750 gm,1,CBBOT,TAYEBAT BEEF BURGERS ONION BULK,1 Kgs x 9 Pkts,BURGERS,52.89,43.75,85.5,conflict,1.64,,manual_required
7361,22795936,Al Kabeer Zing Chicken Strips Sriracha 700gm,Al Kabeer,Chicken Strips-Frozen,No Variant,Zing,700 gm,1,CKSAA,CHICKEN SAMOSAS BULK,1.2 Kgs x 4 Pkts,SAMOSA,53.36,45.1,85.5,conflict,0.78,,manual_required
7365,22849565,Al Kabeer Chicken Zing Strips Spicy 750gm/Sriracha 700gm,Al Kabeer,Chicken Strips-Frozen,No Variant,Zing,750 gm,1,CCCB,CHICKEN BIRYANI 400,400 Gms x 12 Pkts,READY2EAT,54.15,47.37,85.5,conflict,1.28,,manual_required
7370,22849578,Al Kabeer Chicken Zing Fillets Spicy 750gm,Al Kabeer,Chicken Fillets-Frozen,No Variant,Zing,750 gm,1,CKSAPR,AK PRO CHICKEN SAMOSA,4 X 1.2 KGS,SAMOSA,53.62,45.83,85.5,conflict,0.64,,manual_required
7376,22862922,Al Kabeer Zing Chicken Strips Sriracha / Smoked Buffalo 750gm,Al Kabeer,Chicken Strips-Frozen,No Variant,Marinated & Breaded,700 gm,1,CCKSB,CHICKEN STICKS BULK,1 Kgs x 5 Pkts,STICKS & FINGERS,54.19,47.48,85.5,conflict,0.12,,manual_required
7379,22878535,AL KABEER BREADED CHICKEN FILLET HOT & SPICY 750Gm,Al Kabeer,Chicken Fillets-Frozen,Hot & Spicy,Marinated & Breaded,750 gm,1,CCKSB,CHICKEN STICKS BULK,1 Kgs x 5 Pkts,STICKS & FINGERS,54.92,49.56,85.5,conflict,0.14,,manual_required
7388,22885994,AL KABEER ZING CHICKEN FILLET SPICY / NON-SPICY 750GR,Al Kabeer,Chicken Fillets-Frozen,No Variant,Marinated & Breaded,750 gm,1,CCKSB,CHICKEN STICKS BULK,1 Kgs x 5 Pkts,STICKS & FINGERS,53.31,44.96,85.5,conflict,0.6,,manual_required
7392,22888752,"AL KABEER CHICKEN STRIPS, ASSORTED ITEMS, 700 - 750 GRAMS",Al Kabeer,Chicken Strips-Frozen,No Variant,Marinated & Breaded,750 gm,1,CCKSB,CHICKEN STICKS BULK,1 Kgs x 5 Pkts,STICKS & FINGERS,54.79,49.18,85.5,conflict,1.35,,manual_required
7399,22889057,"AL KABEER TENDER CHICKEN BREAST, 1000gm",Al Kabeer,Chicken Breast-Frozen,No Variant,Frozen Chicken Parts,1000 gm,1,CFBF,BREADED FISH FILLET,330 Gms x 20 Pkts,FILLETS,52.58,42.86,85.5,conflict,0.19,,manual_required
7401,22890672,Al-Kabeer Zing Chicken Fillet / Spicy 750GM,Al Kabeer,Chicken Fillets-Frozen,No Variant,Zing,750 gm,1,CKSAPR,AK PRO CHICKEN SAMOSA,4 X 1.2 KGS,SAMOSA,53.21,44.66,85.5,conflict,0.38,,manual_required
7402,22890674,ALKABEER CHICKEN NUGGETS 750 GM,Al Kabeer,Chicken Nuggets-Frozen,Spicy,Marinated & Breaded,750 gm,1,CFB,BEEF FRANKS,454 Gms x 20 Pkts,SAUSAGES,53.21,44.66,85.5,conflict,0.69,,manual_required
7403,22890675,AL-KABEER CRAZY CHICKEN NUGGETS / STRIPS ZING 750GM,Al Kabeer,Chicken Nuggets-Frozen,No Variant,Marinated & Breaded,750 gm,1,CCCB,CHICKEN BIRYANI 400,400 Gms x 12 Pkts,READY2EAT,53.61,45.8,85.5,conflict,0.35,,manual_required
7406,22890677,ALKABEER FRENCH FRIES 2500GM,Al Kabeer,French Fries-Frozen,No Variant,Frozen Fries & Onion Rings,2.5 kg,1,CKKB24,24 CHICKEN BURGERS,1.2 Kgs x 8 Pkts,BURGERS,52.13,41.58,85.5,conflict,0.28,,manual_required
7418,22894740,Al Kabeer Chicken Kofta (300g),Al Kabeer,Chicken Kofta-Frozen,No Variant,Frozen Kofta / Kibbeh & Meat Balls,300 gm,1,CCCB,CHICKEN BIRYANI 400,400 Gms x 12 Pkts,READY2EAT,54.43,48.15,85.5,conflict,1.81,,manual_required
7420,22894743,Al Kabeer Zing Chicken Fillets / Spicy (750gm),Al Kabeer,Chicken Fillets-Frozen,No Variant,Zing,750 gm,1,CKSAPR,AK PRO CHICKEN SAMOSA,4 X 1.2 KGS,SAMOSA,53.62,45.83,85.5,conflict,0.64,,manual_required
7431,22897164,Al Kabeer Krazee / Chicken Nuggets 750g,Al Kabeer,Chicken Nuggets-Frozen,No Variant,Marinated & Breaded,750 gm,1,CFB,BEEF FRANKS,454 Gms x 20 Pkts,SAUSAGES,52.18,41.74,85.5,conflict,0.05,,manual_required
7437,22899294,Al Kabeer Breaded Chicken Fillet Spicy/non Spicy 750gm ,Al Kabeer,Chicken Fillets-Frozen,No Variant,Marinated & Breaded,750 gm,1,CCKSB,CHICKEN STICKS BULK,1 Kgs x 5 Pkts,STICKS & FINGERS,53.95,46.77,85.5,conflict,0.56,,manual_required
7438,22899294,Al Kabeer Breaded Chicken Fillet Spicy/non Spicy 750gm ,Al Kabeer,Chicken Fillets-Frozen,Spicy,Marinated & Breaded,750 gm,1,CCKSB,CHICKEN STICKS BULK,1 Kgs x 5 Pkts,STICKS & FINGERS,54.92,49.56,85.5,conflict,0.91,,manual_required
7441,22899637,Al Kabeer Chicken breast boneless 1000g,Al Kabeer,Chicken Breast-Frozen,No Variant,Frozen Chicken Parts,1000 gm,1,CBBO,4 BEEF BURGERS,200 Gms x 30 Pkt,BURGERS,54.52,48.42,85.5,conflict,1.32,,manual_required
7449,22903767,Al Kabeer STUFFED FELAFEL 750G,Al Kabeer,Falafel-Frozen,Stuffed,"Frozen Pizzas, Wraps, Sandwiches",750 gm,1,CFB,BEEF FRANKS,454 Gms x 20 Pkts,SAUSAGES,51.31,39.25,85.5,conflict,1.24,,manual_required
7450,22903769,Al Kabeer CHICKEN POP CORN 750G,Al Kabeer,Chicken Popcorn-Frozen,No Variant,Marinated & Breaded,750 gm,1,CKCKB,CHICKEN BURGERS 56 g,840 g. x 9,BURGERS,51.89,40.91,85.5,conflict,0.06,,manual_required
7457,22919671,AL KABEER BREADED CHICKEN FILLET HOT AND SPICY 750GM,Al Kabeer,Chicken Fillets-Frozen,Hot & Spicy,Marinated & Breaded,750 gm,1,CCKSB,CHICKEN STICKS BULK,1 Kgs x 5 Pkts,STICKS & FINGERS,54.92,49.56,85.5,conflict,0.14,,manual_required
7461,22919675,AL KABEER ZING CHICKEN STRIPS /NON SPICY 750GM,Al Kabeer,Chicken Strips-Frozen,No Variant,Zing,750 gm,1,CKN,CHICKEN NUGGETS,270 Gms x 20 Pkts,NUGGETS,54.89,49.46,85.5,conflict,2.99,,manual_required
7462,22919675,AL KABEER ZING CHICKEN STRIPS /NON SPICY 750GM,Al Kabeer,Chicken Strips-Frozen,Spicy,Zing,750 gm,1,CKSK,SHISH KEBAB,600 Gms x 12 Pkts,KEBAB,54.67,48.84,85.5,conflict,1.98,,manual_required
7463,22919676,AL KABEER BLACKBERRY/BLUEBERRIES 350GM,Al Kabeer,Blueberries-Frozen,No Variant,Frozen Fruits,350 gm,1,CBBO,4 BEEF BURGERS,200 Gms x 30 Pkt,BURGERS,52.01,41.24,85.5,conflict,0.13,,manual_required
7467,22919680,AL KABEER MIXED VEGETABLE /PEAS & CARROTS 900GM,Al Kabeer,Mix Vegetables-Frozen,No Variant,Frozen Vegetables,900 gm,1,CFB,BEEF FRANKS,454 Gms x 20 Pkts,SAUSAGES,50.88,38.02,85.5,conflict,0.18,,manual_required
7470,22920099,AL KABEER ZING CHICKEN FILLET NON SPICY 750GM,Al Kabeer,Chicken Fillets-Frozen,No Variant,Zing,750 gm,1,CKJCNA,JUMBO CHICKEN NUGGETS,1 Kgs x 5 Pkts,NUGGETS,51.99,41.18,85.5,conflict,0.09,,manual_required
7480,22920108,AL KABEER ZING CHICKEN STRIPS SMOKED BUFFALO/SPICY SRIRACHA FLAVOR 700GM,Al Kabeer,Chicken Strips-Frozen,No Variant,Zing,700 gm,1,CCF,CHICKEN FRIES,12 PKTS X 400 GRM,POP-CORN & CHICKEN FRIES,54.14,47.33,85.5,conflict,1.19,,manual_required
7481,22920108,AL KABEER ZING CHICKEN STRIPS SMOKED BUFFALO/SPICY SRIRACHA FLAVOR 700GM,Al Kabeer,Chicken Strips-Frozen,Spicy,Zing,700 gm,1,CCKSB,CHICKEN STICKS BULK,1 Kgs x 5 Pkts,STICKS & FINGERS,54.01,46.96,85.5,conflict,0.12,,manual_required
7483,22923342,AL KABEER ZING CHICKEN STRIPS SMOKED BUFFALO/SPICY SRIRACHA FLAVOR 700GM,Al Kabeer,Chicken Strips-Frozen,Spicy,Zing,700 gm,1,CCKSB,CHICKEN STICKS BULK,1 Kgs x 5 Pkts,STICKS & FINGERS,54.01,46.96,85.5,conflict,0.12,,manual_required
7484,22923342,AL KABEER ZING CHICKEN STRIPS SMOKED BUFFALO/SPICY SRIRACHA FLAVOR 700GM,Al Kabeer,Chicken Strips-Frozen,No Variant,Zing,700 gm,1,CCF,CHICKEN FRIES,12 PKTS X 400 GRM,POP-CORN & CHICKEN FRIES,54.14,47.33,85.5,conflict,1.19,,manual_required
7487,22923346,Al Kabeer Chicken Nuggets Bulk 750gm,Al Kabeer,Chicken Nuggets-Frozen,No Variant,Marinated & Breaded,750 gm,1,CBBUR,BEEF BURGERS 56 g.,840 g. x 9,BURGERS,52.76,43.4,85.5,conflict,0.19,,manual_required
7490,22923349,ALKABEER FRENCH FRIES 2.5KG,Al Kabeer,French Fries-Frozen,No Variant,Frozen Fries & Onion Rings,2.5 kg,1,CFBFA,BREADED FISH FILLET BULK,1 Kgs x 5 Pkts,FILLETS,52.24,41.9,85.5,conflict,0.08,,manual_required
7501,22947868,Al Kabeer Paneer Cubes 500Gm,Al Kabeer,Paneer,No Variant,Paneer,500 gm,1,CKBBTY,TAYEBAT BREADED CHICKEN BURGERS 840 g. x 8 Pkts,840 g. x 8 Pkts,BURGERS,52.23,41.86,85.5,conflict,0.65,,manual_required
7503,22948016,Al Kabeer Paneer Cube 200 GM,Al Kabeer,Paneer,No Variant,Paneer,200 gm,1,CKCCNS,CHICKEN & CHEESE STICKS HOT & SPICY,250 gm x 20 Pkts,STICKS & FINGERS,51.88,40.86,85.5,conflict,0.3,,manual_required
7509,23006532,AL KABEER ZING CHICKEN STRIPS NON SPICY 750G,Al Kabeer,Chicken Strips-Frozen,No Variant,Zing,750 gm,1,CKSAA,CHICKEN SAMOSAS BULK,1.2 Kgs x 4 Pkts,SAMOSA,53.67,46.0,85.5,conflict,1.52,,manual_required
7513,23021126,Al Kabeer Chicken Zing Fillets Spicy 750gm,Al Kabeer,Chicken Fillets-Frozen,No Variant,Zing,750 gm,1,CKSAPR,AK PRO CHICKEN SAMOSA,4 X 1.2 KGS,SAMOSA,53.62,45.83,85.5,conflict,0.64,,manual_required
7516,23021139,Al Kabeer Chicken Zing Strips Spicy 750gm/Sriracha 700gm,Al Kabeer,Chicken Strips-Frozen,No Variant,Zing,750 gm,1,CCCB,CHICKEN BIRYANI 400,400 Gms x 12 Pkts,READY2EAT,54.15,47.37,85.5,conflict,1.28,,manual_required
7522,23071029,Al Kabeer Zing Chicken Strips / Fillets 750Gm,Al Kabeer,Chicken Fillets-Frozen,No Variant,Zing,750 gm,1,CKSAA,CHICKEN SAMOSAS BULK,1.2 Kgs x 4 Pkts,SAMOSA,53.52,45.54,85.5,conflict,0.06,,manual_required
7534,23072556,Al Kabeer French Fries 2.5 kg,Al Kabeer,French Fries-Frozen,No Variant,Frozen Fries & Onion Rings,2.5 kg,1,CFBFA,BREADED FISH FILLET BULK,1 Kgs x 5 Pkts,FILLETS,52.24,41.9,85.5,conflict,0.08,,manual_required
7536,23074294,Al Kabeer French Fries 2.5Kg,Al Kabeer,French Fries-Frozen,No Variant,Frozen Fries & Onion Rings,2.5 kg,1,CFBFA,BREADED FISH FILLET BULK,1 Kgs x 5 Pkts,FILLETS,52.24,41.9,85.5,conflict,0.08,,manual_required
7539,23074299,Al Kabeer Paneer Cubes 500gm,Al Kabeer,Paneer,No Variant,Paneer,500 gm,1,CKBBTY,TAYEBAT BREADED CHICKEN BURGERS 840 g. x 8 Pkts,840 g. x 8 Pkts,BURGERS,52.23,41.86,85.5,conflict,0.65,,manual_required
7546,23086857,ALKABEER TENDER CHICKEN BREAST 1000GM,Al Kabeer,Chicken Breast-Frozen,No Variant,Frozen Chicken Parts,1000 gm,1,CFBF,BREADED FISH FILLET,330 Gms x 20 Pkts,FILLETS,52.58,42.86,85.5,conflict,0.19,,manual_required
7549,23086872,ALKABEER FRENCH FRIES 2500GM,Al Kabeer,French Fries-Frozen,No Variant,Frozen Fries & Onion Rings,2.5 kg,1,CKKB24,24 CHICKEN BURGERS,1.2 Kgs x 8 Pkts,BURGERS,52.13,41.58,85.5,conflict,0.28,,manual_required
7550,23086874,AL KABEER FROZEN PANJABI SAMOSAS 900 GM,Al Kabeer,Samosa-Frozen,Punjabi,"Frozen Pizzas, Wraps, Sandwiches",900 gm,1,CCSAK,12 CHEESE SAMOSAS,240 Gms x 20 Pkts,SAMOSA,54.63,48.74,85.5,conflict,0.73,,manual_required
7566,23095422,Al Kabeer Krazee Chicken Nuggets (750gm),Al Kabeer,Chicken Nuggets-Frozen,No Variant,Marinated & Breaded,750 gm,1,CFB,BEEF FRANKS,454 Gms x 20 Pkts,SAUSAGES,52.41,42.37,85.5,conflict,0.06,,manual_required
7570,23095465,Al Kabeer Stuffed Felafel (750g),Al Kabeer,Falafel-Frozen,Stuffed,"Frozen Pizzas, Wraps, Sandwiches",750 gm,1,CFB,BEEF FRANKS,454 Gms x 20 Pkts,SAUSAGES,51.31,39.25,85.5,conflict,1.24,,manual_required
7581,23111446,Al Kabeer Popcorn Chicken 750 gm,Al Kabeer,Chicken Popcorn-Frozen,No Variant,Marinated & Breaded,750 gm,1,CKJCNA,JUMBO CHICKEN NUGGETS,1 Kgs x 5 Pkts,NUGGETS,53.13,44.44,85.5,conflict,0.65,,manual_required
7588,23115669,AL KABEER ZING CHICKEN STRIPS SMOKED BUFFALO/SPICY SRIRACHA FLAVOR 700GM,Al Kabeer,Chicken Strips-Frozen,Spicy,Zing,700 gm,1,CCKSB,CHICKEN STICKS BULK,1 Kgs x 5 Pkts,STICKS & FINGERS,54.01,46.96,85.5,conflict,0.12,,manual_required
7593,23115674,AL KABEER BLUEBERRIES/BLACKBERRY 350GM,Al Kabeer,Blueberries-Frozen,No Variant,Frozen Fruits,350 gm,1,CBBO,4 BEEF BURGERS,200 Gms x 30 Pkt,BURGERS,52.01,41.24,85.5,conflict,0.13,,manual_required
7596,23115678,AL KABEER ZING CHICKEN STRIPS NON SPICY/ZING CHICKEN STRIPS 750GM,Al Kabeer,Chicken Strips-Frozen,No Variant,Zing,750 gm,1,CCKSB,CHICKEN STICKS BULK,1 Kgs x 5 Pkts,STICKS & FINGERS,54.54,48.48,85.5,conflict,0.97,,manual_required
7601,23115682,AL KABEER GREEN PEAS CARROTS/GREEN PEAS 900GM,Al Kabeer,Green/Garden Peas-Frozen,No Variant,Frozen Vegetables,900 gm,1,CFBJ,JUMBO HOTDOGS,400 Gms x 20 Pkts,SAUSAGES,51.95,41.07,85.5,conflict,0.38,,manual_required
7609,23117010,AL KABEER MIXED VEGETABLE / PEAS & CARROTS 900GM,Al Kabeer,Mix Vegetables-Frozen,No Variant,Frozen Vegetables,900 gm,1,CFB,BEEF FRANKS,454 Gms x 20 Pkts,SAUSAGES,50.88,38.02,85.5,conflict,0.18,,manual_required
7611,23117012,Al Kabeer Breaded Chicken Fillet Hot and Spicy 750GM,Al Kabeer,Chicken Fillets-Frozen,Hot & Spicy,Marinated & Breaded,750 gm,1,CCKSB,CHICKEN STICKS BULK,1 Kgs x 5 Pkts,STICKS & FINGERS,54.92,49.56,85.5,conflict,0.14,,manual_required
7612,23117013,AL KABEER BLACKBERRY/BLUEBERRIES 350GM,Al Kabeer,Blueberries-Frozen,No Variant,Frozen Fruits,350 gm,1,CBBO,4 BEEF BURGERS,200 Gms x 30 Pkt,BURGERS,52.01,41.24,85.5,conflict,0.13,,manual_required
7613,23117014,AL KABEER ZING CHICKEN STRIPS /NON SPICY 750GM,Al Kabeer,Chicken Strips-Frozen,No Variant,Marinated & Breaded,750 gm,1,CCKSB,CHICKEN STICKS BULK,1 Kgs x 5 Pkts,STICKS & FINGERS,54.93,49.59,85.5,conflict,1.92,,manual_required
7623,23117141,AL KABEER ZING CHICKEN STRIPS SMOKED BUFFALO/SPICY SRIRACHA FLAVOR 700GM,Al Kabeer,Chicken Strips-Frozen,Spicy,Zing,700 gm,1,CCKSB,CHICKEN STICKS BULK,1 Kgs x 5 Pkts,STICKS & FINGERS,54.01,46.96,85.5,conflict,0.12,,manual_required
7624,23117142,AL KABEER ZING CHICKEN FILLET NON SPICY 750GM,Al Kabeer,Chicken Fillets-Frozen,No Variant,Zing,750 gm,1,CKJCNA,JUMBO CHICKEN NUGGETS,1 Kgs x 5 Pkts,NUGGETS,51.99,41.18,85.5,conflict,0.09,,manual_required
7627,23124950,Al Kabeer Paneer Cubes 200g,Al Kabeer,Paneer,No Variant,Paneer,200 gm,1,CKCCR,CHICKEN ‘N’ CHEESE RINGS 300,300 gms x 12 pkts,POP-CORN & CHICKEN FRIES,52.79,43.48,85.5,conflict,0.32,,manual_required
7628,23124954,Al Kabeer Zing Chicken Strips Spicy/Normal 750gm,Al Kabeer,Chicken Strips-Frozen,Spicy,Zing,750 gm,1,CKSAA,CHICKEN SAMOSAS BULK,1.2 Kgs x 4 Pkts,SAMOSA,53.05,44.21,85.5,conflict,0.86,,manual_required
7629,23124954,Al Kabeer Zing Chicken Strips Spicy/Normal 750gm,Al Kabeer,Chicken Strips-Frozen,No Variant,Zing,750 gm,1,CKCKB,CHICKEN BURGERS 56 g,840 g. x 9,BURGERS,51.89,40.91,85.5,conflict,0.45,,manual_required
7634,23163822,Al Kabeer Zing Chicken Strips Non-Spicy 750gm / Zing Chicken Strips Sriracha 700gm,Al Kabeer,Chicken Strips-Frozen,Spicy,Zing,700 gm,1,CCKSB,CHICKEN STICKS BULK,1 Kgs x 5 Pkts,STICKS & FINGERS,54.9,49.5,85.5,conflict,0.16,,manual_required
7639,23164220,Al Kabeer Zing Chicken Strips Non-Spicy 750gm / Zing Chicken Strips Sriracha 700gm,Al Kabeer,Chicken Strips-Frozen,Spicy,Zing,700 gm,1,CCKSB,CHICKEN STICKS BULK,1 Kgs x 5 Pkts,STICKS & FINGERS,54.9,49.5,85.5,conflict,0.16,,manual_required
7644,23191668,Al Kabeer Prime Chicken Zing Fillet/Strips 750gm,Al Kabeer,Chicken Strips-Frozen,No Variant,Zing,750 gm,1,CKJCNA,JUMBO CHICKEN NUGGETS,1 Kgs x 5 Pkts,NUGGETS,53.45,45.36,85.5,conflict,0.24,,manual_required
7645,23191668,Al Kabeer Prime Chicken Zing Fillet/Strips 750gm,Al Kabeer,Chicken Fillets-Frozen,No Variant,Zing,750 gm,1,CKCKB,CHICKEN BURGERS 56 g,840 g. x 9,BURGERS,52.67,43.14,85.5,conflict,0.43,,manual_required
7647,23202481,Al Areeh Chicken Nuggets 750gm,Al Kabeer,Chicken Nuggets-Frozen,No Variant,Marinated & Breaded,750 gm,1,CCCB,CHICKEN BIRYANI 400,400 Gms x 12 Pkts,READY2EAT,53.64,45.9,85.5,conflict,1.48,,manual_required
7650,23235636,Al Kabeer chicken zinger fillets/ Spicy 750gm,Al Kabeer,Chicken Fillets-Frozen,No Variant,Zing,750 gm,1,CKN,CHICKEN NUGGETS,270 Gms x 20 Pkts,NUGGETS,54.17,47.42,85.5,conflict,2.28,,manual_required
7653,23235642,Al kabeer Breaded Chicken Fillet NON Spicy/Spicy 750gm,Al Kabeer,Chicken Fillets-Frozen,No Variant,Marinated & Breaded,750 gm,1,CCKSB,CHICKEN STICKS BULK,1 Kgs x 5 Pkts,STICKS & FINGERS,53.95,46.77,85.5,conflict,0.56,,manual_required
7654,23235642,Al kabeer Breaded Chicken Fillet NON Spicy/Spicy 750gm,Al Kabeer,Chicken Fillets-Frozen,Spicy,Marinated & Breaded,750 gm,1,CCKSB,CHICKEN STICKS BULK,1 Kgs x 5 Pkts,STICKS & FINGERS,54.92,49.56,85.5,conflict,0.91,,manual_required
7659,23235777,Al Kabeer Chicken Zing Strips Spicy/NON Spicy 750gm/Sriracha/Buffalo 700gm,Al Kabeer,Chicken Strips-Frozen,No Variant,Zing,750 gm,1,CCKSB,CHICKEN STICKS BULK,1 Kgs x 5 Pkts,STICKS & FINGERS,54.49,48.33,85.5,conflict,1.17,,manual_required
7660,23235777,Al Kabeer Chicken Zing Strips Spicy/NON Spicy 750gm/Sriracha/Buffalo 700gm,Al Kabeer,Chicken Strips-Frozen,No Variant,Zing,700 gm,1,CCKSB,CHICKEN STICKS BULK,1 Kgs x 5 Pkts,STICKS & FINGERS,54.49,48.33,85.5,conflict,1.17,,manual_required
7662,23237043,Al Kabeer Tandoori Chicken Nuggets 270gm,Al Kabeer,Chicken Nuggets-Frozen,No Variant,Marinated & Breaded,270 gm,1,CCCB,CHICKEN BIRYANI 400,400 Gms x 12 Pkts,READY2EAT,53.64,45.9,85.5,conflict,0.45,,manual_required
7669,23254175,AL KABEER PANEER CUBES 200G,Al Kabeer,Paneer,No Variant,Paneer,200 gm,1,CKCCR,CHICKEN ‘N’ CHEESE RINGS 300,300 gms x 12 pkts,POP-CORN & CHICKEN FRIES,52.79,43.48,85.5,conflict,0.32,,manual_required
7679,23261698,Al Kabeer Zing Chicken Strips Plain/Spicy 750gm,Al Kabeer,Chicken Strips-Frozen,No Variant,Zing,750 gm,1,CKCKB,CHICKEN BURGERS 56 g,840 g. x 9,BURGERS,51.89,40.91,85.5,conflict,0.32,,manual_required
7684,23274969,AL KABEER BLACK BERRIES/ BLUEBERRY 350GM,Al Kabeer,Blueberries-Frozen,No Variant,Frozen Fruits,350 gm,1,CBBUR,BEEF BURGERS 56 g.,840 g. x 9,BURGERS,52.76,43.4,85.5,conflict,1.19,,manual_required
7693,23279181,"AL KABEER ZING FISH FILLET MILD SPICY, 750 GRAMS",Al Kabeer,Zing Fish Fillet,No Variant,Breaded Seafood,750 gm,1,CFB,BEEF FRANKS,454 Gms x 20 Pkts,SAUSAGES,52.62,42.99,85.5,conflict,0.49,,manual_required
7705,23284231,Al Kabeer Zing Chicken Fillets / Spicy (750 g),Al Kabeer,Chicken Fillets-Frozen,No Variant,Zing,750 gm,1,CKSK,SHISH KEBAB,600 Gms x 12 Pkts,KEBAB,53.73,46.15,85.5,conflict,0.35,,manual_required
7710,23289734,Al Kabeer Kraze Chicken Nuggets 750gm,Al Kabeer,Chicken Nuggets-Frozen,No Variant,Marinated & Breaded,750 gm,1,CFB,BEEF FRANKS,454 Gms x 20 Pkts,SAUSAGES,52.53,42.74,85.5,conflict,0.08,,manual_required
7713,23290405,AL KABEER ZING CHICKEN STRIPS /NON SPICY 750GM,Al Kabeer,Chicken Strips-Frozen,No Variant,Zing,750 gm,1,CKN,CHICKEN NUGGETS,270 Gms x 20 Pkts,NUGGETS,54.89,49.46,85.5,conflict,2.99,,manual_required
7714,23290405,AL KABEER ZING CHICKEN STRIPS /NON SPICY 750GM,Al Kabeer,Chicken Strips-Frozen,Spicy,Zing,750 gm,1,CKSK,SHISH KEBAB,600 Gms x 12 Pkts,KEBAB,54.67,48.84,85.5,conflict,1.98,,manual_required
7715,23290407,AL KABEER MIXED VEGETABLE /PEAS & CARROTS 900GM,Al Kabeer,Mix Vegetables-Frozen,No Variant,Frozen Vegetables,900 gm,1,CFB,BEEF FRANKS,454 Gms x 20 Pkts,SAUSAGES,50.88,38.02,85.5,conflict,0.18,,manual_required
7716,23290409,AL KABEER BREADED CHICKEN FILLET HOT AND SPICY 750GM,Al Kabeer,Chicken Fillets-Frozen,Hot & Spicy,Marinated & Breaded,750 gm,1,CCKSB,CHICKEN STICKS BULK,1 Kgs x 5 Pkts,STICKS & FINGERS,54.92,49.56,85.5,conflict,0.14,,manual_required
7722,23290416,AL KABEER BLACKBERRY/BLUEBERRIES 350GM,Al Kabeer,Blueberries-Frozen,No Variant,Frozen Fruits,350 gm,1,CBBO,4 BEEF BURGERS,200 Gms x 30 Pkt,BURGERS,52.01,41.24,85.5,conflict,0.13,,manual_required
7730,23290567,AL KABEER ZING CHICKEN STRIPS SMOKED BUFFALO/SPICY SRIRACHA FLAVOR 700GM,Al Kabeer,Chicken Strips-Frozen,No Variant,Zing,700 gm,1,CCF,CHICKEN FRIES,12 PKTS X 400 GRM,POP-CORN & CHICKEN FRIES,54.14,47.33,85.5,conflict,1.19,,manual_required
7731,23290567,AL KABEER ZING CHICKEN STRIPS SMOKED BUFFALO/SPICY SRIRACHA FLAVOR 700GM,Al Kabeer,Chicken Strips-Frozen,Spicy,Zing,700 gm,1,CCKSB,CHICKEN STICKS BULK,1 Kgs x 5 Pkts,STICKS & FINGERS,54.01,46.96,85.5,conflict,0.12,,manual_required
7735,23290572,AL KABEER ZING CHICKEN FILLET NON SPICY 750GM,Al Kabeer,Chicken Fillets-Frozen,No Variant,Zing,750 gm,1,CKJCNA,JUMBO CHICKEN NUGGETS,1 Kgs x 5 Pkts,NUGGETS,51.99,41.18,85.5,conflict,0.09,,manual_required
7739,23291241,Al Kabeer Krazee Chicken Nuggets 750 g,Al Kabeer,Chicken Nuggets-Frozen,No Variant,Marinated & Breaded,750 gm,1,CFB,BEEF FRANKS,454 Gms x 20 Pkts,SAUSAGES,52.18,41.74,85.5,conflict,0.05,,manual_required
7749,23299237,Al Kabeer Paneer Cubes 500Gm,Al Kabeer,Paneer,No Variant,Paneer,500 gm,1,CKBBTY,TAYEBAT BREADED CHICKEN BURGERS 840 g. x 8 Pkts,840 g. x 8 Pkts,BURGERS,52.23,41.86,85.5,conflict,0.65,,manual_required
7761,23362182,Al Kabeer French Fries 1000g,Al Kabeer,French Fries-Frozen,No Variant,Frozen Fries & Onion Rings,1 kg,1,CCSAKPR,A.K PRO CHEESE SAMOSA,4 X 1.2 KGS,SAMOSA,52.13,41.58,85.5,conflict,0.41,,manual_required
7765,23362186,Al Kabeer Zing Chicken Strips Smoked Buffalo Flavour 700g,Al Kabeer,Chicken Strips-Frozen,No Variant,Zing,700 gm,1,CCCB,CHICKEN BIRYANI 400,400 Gms x 12 Pkts,READY2EAT,53.4,45.22,85.5,conflict,0.66,,manual_required
7771,23369941,Al Kabeer French Fries 1000g,Al Kabeer,French Fries-Frozen,No Variant,Frozen Fries & Onion Rings,1 kg,1,CCSAKPR,A.K PRO CHEESE SAMOSA,4 X 1.2 KGS,SAMOSA,52.13,41.58,85.5,conflict,0.41,,manual_required
7775,23387983,Al Kabeer Tandoori Chicken Tikka 1000 gm,Al Kabeer,Chicken Tikka-Frozen,No Variant,Frozen Barbeque Products,1000 gm,1,CCCB,CHICKEN BIRYANI 400,400 Gms x 12 Pkts,READY2EAT,54.15,47.37,85.5,conflict,2.23,,manual_required
7783,23401770,Al Kabeer Breaded Chicken Fillet NON Spicy/Spicy 750gm,Al Kabeer,Chicken Fillets-Frozen,Spicy,Marinated & Breaded,750 gm,1,CCKSB,CHICKEN STICKS BULK,1 Kgs x 5 Pkts,STICKS & FINGERS,54.92,49.56,85.5,conflict,0.91,,manual_required
7784,23401770,Al Kabeer Breaded Chicken Fillet NON Spicy/Spicy 750gm,Al Kabeer,Chicken Fillets-Frozen,No Variant,Marinated & Breaded,750 gm,1,CCKSB,CHICKEN STICKS BULK,1 Kgs x 5 Pkts,STICKS & FINGERS,53.95,46.77,85.5,conflict,0.56,,manual_required
7785,23401771,Al Kabeer chicken zinger fillets Spicy 750gm,Al Kabeer,Chicken Fillets-Frozen,No Variant,Zing,750 gm,1,CKN,CHICKEN NUGGETS,270 Gms x 20 Pkts,NUGGETS,54.17,47.42,85.5,conflict,2.28,,manual_required
7787,23403050,Al Kabeer Zing Chicken Strips Smoked Buffalo Flavour 700g,Al Kabeer,Chicken Strips-Frozen,No Variant,Zing,700 gm,1,CCCB,CHICKEN BIRYANI 400,400 Gms x 12 Pkts,READY2EAT,53.4,45.22,85.5,conflict,0.66,,manual_required
7792,23409280,AL KABEER ZING CHICKEN STRIPS NON SPICY / SPICY 750 GR,Al Kabeer,Chicken Strips-Frozen,No Variant,Marinated & Breaded,750 gm,1,CCKSB,CHICKEN STICKS BULK,1 Kgs x 5 Pkts,STICKS & FINGERS,54.93,49.59,85.5,conflict,1.24,,manual_required
7809,23433250,Al Kabeer Zing Chicken Nuggets 270gm,Al Kabeer,Chicken Nuggets-Frozen,No Variant,Marinated & Breaded,270 gm,1,CFBF,BREADED FISH FILLET,330 Gms x 20 Pkts,FILLETS,53.13,44.44,85.5,conflict,0.13,,manual_required
7822,23445332,"AL KABEER HOT & CRISPY BREADED OR FILLET CHICKEN, 750 GRAMS",Al Kabeer,Chicken Fillets-Frozen,No Variant,Marinated & Breaded,750 gm,1,CCF,CHICKEN FRIES,12 PKTS X 400 GRM,POP-CORN & CHICKEN FRIES,54.27,47.69,85.5,conflict,0.45,,manual_required
7830,23446618,ALKABEER TENDER CHICKEN BREAST 1000GM,Al Kabeer,Chicken Breast-Frozen,No Variant,Frozen Chicken Parts,1000 gm,1,CFBF,BREADED FISH FILLET,330 Gms x 20 Pkts,FILLETS,52.58,42.86,85.5,conflict,0.19,,manual_required
7837,23447981,Al Kabeer Chicken Popcorn 750gm,Al Kabeer,Chicken Popcorn-Frozen,No Variant,Marinated & Breaded,750 gm,1,CKJCNA,JUMBO CHICKEN NUGGETS,1 Kgs x 5 Pkts,NUGGETS,52.67,43.14,85.5,conflict,0.25,,manual_required
7841,23450525,Al Kabeer Blueberries / Blackberries (350g),Al Kabeer,Blueberries-Frozen,No Variant,Frozen Fruits,350 gm,1,CBBO,4 BEEF BURGERS,200 Gms x 30 Pkt,BURGERS,52.89,43.75,85.5,conflict,0.86,,manual_required
7851,23451464,Al Kabeer Zing Chckn Strip Spicy/NoSpicy 750gm,Al Kabeer,Chicken Strips-Frozen,Spicy,Zing,750 gm,1,CKSK,SHISH KEBAB,600 Gms x 12 Pkts,KEBAB,54.05,47.06,85.5,conflict,1.66,,manual_required
7852,23451464,Al Kabeer Zing Chckn Strip Spicy/NoSpicy 750gm,Al Kabeer,Chicken Strips-Frozen,No Variant,Zing,750 gm,1,CKCKB,CHICKEN BURGERS 56 g,840 g. x 9,BURGERS,51.89,40.91,85.5,conflict,0.32,,manual_required
7853,23451471,Al Kabeer French Fries 2.5Kg,Al Kabeer,French Fries-Frozen,No Variant,Frozen Fries & Onion Rings,2.5 kg,1,CFBFA,BREADED FISH FILLET BULK,1 Kgs x 5 Pkts,FILLETS,52.24,41.9,85.5,conflict,0.08,,manual_required
7863,23462551,Al Kabeer Paneer Cubes 200g,Al Kabeer,Paneer,No Variant,Paneer,200 gm,1,CKCCR,CHICKEN ‘N’ CHEESE RINGS 300,300 gms x 12 pkts,POP-CORN & CHICKEN FRIES,52.79,43.48,85.5,conflict,0.32,,manual_required
7864,23462557,Al Kabeer Zing Chicken Strips Spicy/Normal 750gm,Al Kabeer,Chicken Strips-Frozen,No Variant,Zing,750 gm,1,CKCKB,CHICKEN BURGERS 56 g,840 g. x 9,BURGERS,51.89,40.91,85.5,conflict,0.45,,manual_required
7865,23462557,Al Kabeer Zing Chicken Strips Spicy/Normal 750gm,Al Kabeer,Chicken Strips-Frozen,Spicy,Zing,750 gm,1,CKSAA,CHICKEN SAMOSAS BULK,1.2 Kgs x 4 Pkts,SAMOSA,53.05,44.21,85.5,conflict,0.86,,manual_required
7866,23467956,Al Kabeer Zing Shrimps Spicy 750GM,Al Kabeer,Zing Fish Fillet,No Variant,Breaded Seafood,750 gm,1,CMBAK,MEAT BALLS,300 Gms x 20 Pkts,MEAT BALLS,51.86,40.82,85.5,conflict,0.04,,manual_required
7871,23467960,AL KABEER ZING CHICKEN FILLET 750GM/NON SPICY,Al Kabeer,Chicken Fillets-Frozen,No Variant,Zing,750 gm,1,CKJCNA,JUMBO CHICKEN NUGGETS,1 Kgs x 5 Pkts,NUGGETS,51.99,41.18,85.5,conflict,0.09,,manual_required
7873,23467962,AL KABEER ZING CHICKEN STRIPS / NON SPICY 750GM,Al Kabeer,Chicken Strips-Frozen,No Variant,Zing,750 gm,1,CKN,CHICKEN NUGGETS,270 Gms x 20 Pkts,NUGGETS,54.89,49.46,85.5,conflict,2.99,,manual_required
7874,23467962,AL KABEER ZING CHICKEN STRIPS / NON SPICY 750GM,Al Kabeer,Chicken Strips-Frozen,Spicy,Zing,750 gm,1,CKSK,SHISH KEBAB,600 Gms x 12 Pkts,KEBAB,54.67,48.84,85.5,conflict,1.98,,manual_required
7875,23467964,AL Kabeer Zing Chicken Strips Smoked Buffalo/Spicy Sriracha Flavor 700GM,Al Kabeer,Chicken Strips-Frozen,No Variant,Zing,700 gm,1,CCF,CHICKEN FRIES,12 PKTS X 400 GRM,POP-CORN & CHICKEN FRIES,54.14,47.33,85.5,conflict,1.19,,manual_required
7876,23467964,AL Kabeer Zing Chicken Strips Smoked Buffalo/Spicy Sriracha Flavor 700GM,Al Kabeer,Chicken Strips-Frozen,Spicy,Zing,700 gm,1,CCKSB,CHICKEN STICKS BULK,1 Kgs x 5 Pkts,STICKS & FINGERS,54.01,46.96,85.5,conflict,0.12,,manual_required
7880,23468076,AL KABEER BLACKBERRY/BLUEBERRIES 350GM,Al Kabeer,Blueberries-Frozen,No Variant,Frozen Fruits,350 gm,1,CBBO,4 BEEF BURGERS,200 Gms x 30 Pkt,BURGERS,52.01,41.24,85.5,conflict,0.13,,manual_required
7889,23468087,AL KABEER MIXED VEGETABLE / PEAS & CARROTS 900GM,Al Kabeer,Mix Vegetables-Frozen,No Variant,Frozen Vegetables,900 gm,1,CFB,BEEF FRANKS,454 Gms x 20 Pkts,SAUSAGES,50.88,38.02,85.5,conflict,0.18,,manual_required
7906,23570465,Al Kabeer Zing Chicken Strips Sriracha/Buffalo 700gm,Al Kabeer,Chicken Strips-Frozen,No Variant,Zing,700 gm,1,CKBT,TAYEBAT CHICKEN BURGER,1 Kgs x 9 Pkts,BURGERS,54.3,47.79,85.5,conflict,2.86,,manual_required
7907,23570468,Al Kabeer Chicken Zing Fillets Spicy 750gm,Al Kabeer,Chicken Fillets-Frozen,No Variant,Zing,750 gm,1,CKSAPR,AK PRO CHICKEN SAMOSA,4 X 1.2 KGS,SAMOSA,53.62,45.83,85.5,conflict,0.64,,manual_required
7911,23570475,Al Kabeer Zing Chicken Strips NON Spicy/Spicy 750 gm,Al Kabeer,Chicken Strips-Frozen,No Variant,Zing,700 gm,1,CKJCNA,JUMBO CHICKEN NUGGETS,1 Kgs x 5 Pkts,NUGGETS,52.31,42.11,85.5,conflict,0.04,,manual_required
7939,23605657,"ALKABEER ZING NON SPICY OR SPICY CHICKEN STRIPS, 750 GRAMS",Al Kabeer,Chicken Strips-Frozen,No Variant,Marinated & Breaded,750 gm,1,CCKSB,CHICKEN STICKS BULK,1 Kgs x 5 Pkts,STICKS & FINGERS,54.93,49.59,85.5,conflict,0.13,,manual_required
7940,23605657,"ALKABEER ZING NON SPICY OR SPICY CHICKEN STRIPS, 750 GRAMS",Al Kabeer,Chicken Strips-Frozen,Spicy,Zing,750 gm,1,CKCKB,CHICKEN BURGERS 56 g,840 g. x 9,BURGERS,54.2,47.5,85.5,conflict,0.6,,manual_required
7946,23606269,AL Kabeer Black Berries/Blueberry 350GM,Al Kabeer,Blueberries-Frozen,No Variant,Frozen Fruits,350 gm,1,CBBUR,BEEF BURGERS 56 g.,840 g. x 9,BURGERS,52.76,43.4,85.5,conflict,1.19,,manual_required
7953,23606277,AL KABEER WAFFLE FRIES / SEASONED WEDGES 750GM,Al Kabeer,Crisscut Fries-Frozen,No Variant,Frozen Fries & Onion Rings,750 gm,1,CCMSA,MOZZARELLA CHEESE STICKS,1000G X 5 Pkts,STICKS & FINGERS,51.48,39.72,85.5,conflict,0.78,,manual_required
7954,23606277,AL KABEER WAFFLE FRIES / SEASONED WEDGES 750GM,Al Kabeer,Potato Wedges-Frozen,No Variant,Frozen Fries & Onion Rings,750 gm,1,CBBOT,TAYEBAT BEEF BURGERS ONION BULK,1 Kgs x 9 Pkts,BURGERS,51.46,39.68,85.5,conflict,0.8,,manual_required
7962,23612009,Alkabeer Chicken Strp Bufalo 700 gm,Al Kabeer,Chicken Strips-Frozen,No Variant,Marinated & Breaded,700 gm,1,CFBF,BREADED FISH FILLET,330 Gms x 20 Pkts,FILLETS,53.31,44.96,85.5,conflict,0.49,,manual_required
7966,23614712,Al Kabeer Paneer Cubes 200 gm,Al Kabeer,Paneer,No Variant,Paneer,200 gm,1,CKCCR,CHICKEN ‘N’ CHEESE RINGS 300,300 gms x 12 pkts,POP-CORN & CHICKEN FRIES,52.79,43.48,85.5,conflict,0.32,,manual_required
7977,23616770,Al Kabeer Zing Chicken Strips / Spicy (750 gm),Al Kabeer,Chicken Strips-Frozen,No Variant,Zing,750 gm,1,CKSK,SHISH KEBAB,600 Gms x 12 Pkts,KEBAB,54.69,48.89,85.5,conflict,2.65,,manual_required
7982,23617764,Al Kabeer Krazee Chicken Nuggets 750GM,Al Kabeer,Chicken Nuggets-Frozen,No Variant,Marinated & Breaded,750 gm,1,CFB,BEEF FRANKS,454 Gms x 20 Pkts,SAUSAGES,52.41,42.37,85.5,conflict,0.06,,manual_required
7985,23619493,Al Kabeer Breaded Chicken Fillet Spicy/non Spicy 750 gm,Al Kabeer,Chicken Fillets-Frozen,No Variant,Marinated & Breaded,750 gm,1,CCKSB,CHICKEN STICKS BULK,1 Kgs x 5 Pkts,STICKS & FINGERS,54.35,47.93,85.5,conflict,0.58,,manual_required
7991,23624964,Al Khabeer Bobby Veal 907 Gm,Al Kabeer,Bobby Veal-Frozen,No Variant,Other Frozen Meat,907 gm,1,CFB,BEEF FRANKS,454 Gms x 20 Pkts,SAUSAGES,53.89,46.6,85.5,conflict,0.37,,manual_required
7998,23632565,AL KABEER ZING CHICKEN FILLET NON SPICY 750GM,Al Kabeer,Chicken Fillets-Frozen,No Variant,Zing,750 gm,1,CKJCNA,JUMBO CHICKEN NUGGETS,1 Kgs x 5 Pkts,NUGGETS,51.99,41.18,85.5,conflict,0.09,,manual_required
8003,23632569,AL KABEER ZING CHICKEN STRIPS SMOKED BUFFALO/SPICY SRIRACHA FLAVOR 700GM,Al Kabeer,Chicken Strips-Frozen,No Variant,Zing,700 gm,1,CCF,CHICKEN FRIES,12 PKTS X 400 GRM,POP-CORN & CHICKEN FRIES,54.14,47.33,85.5,conflict,1.19,,manual_required
8008,23638112,Al Kabeer Punjabi Samosa 900 gm,Al Kabeer,Samosa-Frozen,Punjabi,"Frozen Pizzas, Wraps, Sandwiches",900 gm,1,CCSAK,12 CHEESE SAMOSAS,240 Gms x 20 Pkts,SAMOSA,53.89,46.6,85.5,conflict,0.67,,manual_required
8024,23695720,Al Kabeer Tandoori Chicken Tikka 500 gm,Al Kabeer,Chicken Tikka-Frozen,No Variant,Frozen Barbeque Products,500 gm,1,CFBF,BREADED FISH FILLET,330 Gms x 20 Pkts,FILLETS,52.04,41.32,85.5,conflict,0.22,,manual_required
8029,23774515,AL KABEER ZING CHICKEN STRIPS NON SPICY 750 gm,Al Kabeer,Chicken Strips-Frozen,No Variant,Zing,750 gm,1,CKSAA,CHICKEN SAMOSAS BULK,1.2 Kgs x 4 Pkts,SAMOSA,53.67,46.0,85.5,conflict,1.52,,manual_required
8041,23789376,ALKABEER KRAZEE CHICKEN NUGGETS 750 gm,Al Kabeer,Chicken Nuggets-Frozen,No Variant,Marinated & Breaded,750 gm,1,CFB,BEEF FRANKS,454 Gms x 20 Pkts,SAUSAGES,52.18,41.74,85.5,conflict,0.05,,manual_required
8044,23789386,AL KABEER BREADED CHICKEN FILLET PLAIN / SPICY 750 gm,Al Kabeer,Chicken Fillets-Frozen,No Variant,Marinated & Breaded,750 gm,1,CCKSB,CHICKEN STICKS BULK,1 Kgs x 5 Pkts,STICKS & FINGERS,54.65,48.78,85.5,conflict,0.81,,manual_required
8051,23791995,"AL KABEER MIXED VEGETABLES, 900 gm",Al Kabeer,Mix Vegetables-Frozen,No Variant,Frozen Vegetables,900 gm,1,CFBJ,JUMBO HOTDOGS,400 Gms x 20 Pkts,SAUSAGES,51.88,40.86,85.5,conflict,0.3,,manual_required
8053,23791998,"AL KABEER ZING FISH FILLET SPICY, 750 gm",Al Kabeer,Zing Fish Fillet,No Variant,Breaded Seafood,750 gm,1,CMBAK,MEAT BALLS,300 Gms x 20 Pkts,MEAT BALLS,52.86,43.68,85.5,conflict,0.19,,manual_required
8055,23792001,"ALKABEER ZING NON SPICY OR SPICY CHICKEN STRIPS, 750 GRAMS",Al Kabeer,Chicken Strips-Frozen,No Variant,Marinated & Breaded,750 gm,1,CCKSB,CHICKEN STICKS BULK,1 Kgs x 5 Pkts,STICKS & FINGERS,54.93,49.59,85.5,conflict,0.13,,manual_required
8070,23794111,ALKABEER FRENCH FRIES 1000 gm,Al Kabeer,French Fries-Frozen,No Variant,Frozen Fries & Onion Rings,1 kg,1,CCSAKPR,A.K PRO CHEESE SAMOSA,4 X 1.2 KGS,SAMOSA,52.13,41.58,85.5,conflict,0.41,,manual_required
8076,23794119,AL KABEER WAFFLE FRIES / SEASONED WEDGES 750 gm,Al Kabeer,Crisscut Fries-Frozen,No Variant,Frozen Fries & Onion Rings,750 gm,1,CCMSA,MOZZARELLA CHEESE STICKS,1000G X 5 Pkts,STICKS & FINGERS,51.78,40.58,85.5,conflict,1.32,,manual_required
8077,23794119,AL KABEER WAFFLE FRIES / SEASONED WEDGES 750 gm,Al Kabeer,Potato Wedges-Frozen,No Variant,Frozen Fries & Onion Rings,750 gm,1,CFB,BEEF FRANKS,454 Gms x 20 Pkts,SAUSAGES,51.35,39.34,85.5,conflict,0.11,,manual_required
8080,23795593,AL KABEER ZING CHICKEN STRIPS SPICY / NON-SPICY 750 GM,Al Kabeer,Chicken Strips-Frozen,No Variant,Zing,750 gm,1,CKJCNA,JUMBO CHICKEN NUGGETS,1 Kgs x 5 Pkts,NUGGETS,52.19,41.76,85.5,conflict,0.3,,manual_required
8081,23798238,Al Kabeer Zing Chicken Strips Smoked Buffalo Flavour 700gm,Al Kabeer,Chicken Strips-Frozen,No Variant,Zing,700 gm,1,CCCB,CHICKEN BIRYANI 400,400 Gms x 12 Pkts,READY2EAT,53.0,44.07,85.5,conflict,0.06,,manual_required
8088,23798685,Al Kabeer Mixed Vegetables / Green Peas (900g),Al Kabeer,Mix Vegetables-Frozen,No Variant,Frozen Vegetables,900 gm,1,CFBJ,JUMBO HOTDOGS,400 Gms x 20 Pkts,SAUSAGES,52.38,42.31,85.5,conflict,0.0,,manual_required
8089,23798685,Al Kabeer Mixed Vegetables / Green Peas (900g),Al Kabeer,Green/Garden Peas-Frozen,No Variant,Frozen Vegetables,900 gm,1,CFB,BEEF FRANKS,454 Gms x 20 Pkts,SAUSAGES,52.24,41.9,85.5,conflict,0.06,,manual_required
8095,23802299,Al Kabeer Paneer Cubes 200g,Al Kabeer,Paneer,No Variant,Paneer,200 gm,1,CKCCR,CHICKEN ‘N’ CHEESE RINGS 300,300 gms x 12 pkts,POP-CORN & CHICKEN FRIES,52.79,43.48,85.5,conflict,0.32,,manual_required
8103,23811986,AL KABEER Potato Bites 1000 gm,Al Kabeer,Potato Bites-Frozen,No Variant,Frozen Fries & Onion Rings,1 kg,1,CBBO,4 BEEF BURGERS,200 Gms x 30 Pkt,BURGERS,52.24,41.9,85.5,conflict,0.14,,manual_required
8104,23811987,AL KABEER ZING CHICKEN FILLET NON SPICY 750 gm,Al Kabeer,Chicken Fillets-Frozen,No Variant,Zing,750 gm,1,CKN,CHICKEN NUGGETS,270 Gms x 20 Pkts,NUGGETS,54.0,46.94,85.5,conflict,1.85,,manual_required
8133,23844315,AL AREEESH Zing Chicken Fillet Spicy 700g/Zing Chicken Strips Spicy 700g,Al Kabeer,Chicken Fillets-Frozen,No Variant,Zing,700 gm,1,CCKSB,CHICKEN STICKS BULK,1 Kgs x 5 Pkts,STICKS & FINGERS,54.78,49.15,85.5,conflict,0.13,,manual_required
8134,23845599,Al Kabeer Chicken/Beef Sheekh Kabab 2X320 gm,Al Kabeer,Seekh Kabab-Frozen,No Variant,Frozen Kabab ,320 gm,1,CBBO,4 BEEF BURGERS,200 Gms x 30 Pkt,BURGERS,54.38,48.0,85.5,conflict,0.29,,manual_required
8150,23930651,Al Kabeer Chicken Zing Strips Spicy/NON Spicy 750 gm,Al Kabeer,Chicken Strips-Frozen,No Variant,Zing,750 gm,1,CKJCNA,JUMBO CHICKEN NUGGETS,1 Kgs x 5 Pkts,NUGGETS,52.19,41.76,85.5,conflict,0.3,,manual_required
8151,23930652,Al Kabeer Punjabi Sambosa 900 gm,Al Kabeer,Samosa-Frozen,Punjabi,"Frozen Pizzas, Wraps, Sandwiches",900 gm,1,CCSAK,12 CHEESE SAMOSAS,240 Gms x 20 Pkts,SAMOSA,54.6,48.65,85.5,conflict,1.69,,manual_required
8152,23930653,Al Kabeer chicken zinger fillets / Spicy 750 gm,Al Kabeer,Chicken Fillets-Frozen,No Variant,Zing,750 gm,1,CKSAA,CHICKEN SAMOSAS BULK,1.2 Kgs x 4 Pkts,SAMOSA,52.38,42.31,85.5,conflict,0.11,,manual_required
8153,23930656,Al Kabeer Zing Chicken Strips Sriracha/Buffalo 700 gm,Al Kabeer,Chicken Strips-Frozen,Spicy,Zing,700 gm,1,CKCKB,CHICKEN BURGERS 56 g,840 g. x 9,BURGERS,53.91,46.67,85.5,conflict,0.42,,manual_required
8154,23930656,Al Kabeer Zing Chicken Strips Sriracha/Buffalo 700 gm,Al Kabeer,Chicken Strips-Frozen,No Variant,Zing,700 gm,1,CKBW,BBQ CHICKEN WINGS 400,400 Gms x 12 Pkts,WINGS,54.54,48.48,85.5,conflict,1.5,,manual_required
8155,23930658,Al kabeer Breaded Chicken Fillet Non Spicy/Spicy 750 gm,Al Kabeer,Chicken Fillets-Frozen,No Variant,Marinated & Breaded,750 gm,1,CCKSB,CHICKEN STICKS BULK,1 Kgs x 5 Pkts,STICKS & FINGERS,54.35,47.93,85.5,conflict,0.58,,manual_required
8163,23954687,AL KABEEER ZING CHICKEN STRIPS NON SPICY 750GM,Al Kabeer,Chicken Strips-Frozen,No Variant,Zing,750 gm,1,CKB,ARABIC KOFTA,300 Gms x 20 Pkts,KOFTA-KIBBEH-FELAFEL,52.04,41.32,85.5,conflict,0.95,,manual_required
8170,23955584,Al Kabeer Mixed Vegetable / Green Peas 900 gm,Al Kabeer,Green/Garden Peas-Frozen,No Variant,Frozen Vegetables,900 gm,1,CFBF,BREADED FISH FILLET,330 Gms x 20 Pkts,FILLETS,52.14,41.6,85.5,conflict,0.56,,manual_required
8171,23955584,Al Kabeer Mixed Vegetable / Green Peas 900 gm,Al Kabeer,Mix Vegetables-Frozen,No Variant,Frozen Vegetables,900 gm,1,CFBJ,JUMBO HOTDOGS,400 Gms x 20 Pkts,SAUSAGES,51.7,40.35,85.5,conflict,0.0,,manual_required
8175,23955593,Al Kabeer Breaded Shrimps 1000 gm,Al Kabeer,Breaded shrimp frozen,No Variant,Breaded Seafood,1 kg,1,CKSK,SHISH KEBAB,600 Gms x 12 Pkts,KEBAB,52.82,43.56,85.5,conflict,0.69,,manual_required
8178,23966202,Al Kabeer Mixed Veg / Green Peas 900g,Al Kabeer,Mix Vegetables-Frozen,No Variant,Frozen Vegetables,900 gm,1,CFBJ,JUMBO HOTDOGS,400 Gms x 20 Pkts,SAUSAGES,51.83,40.74,85.5,conflict,0.39,,manual_required
8179,23966202,Al Kabeer Mixed Veg / Green Peas 900g,Al Kabeer,Green/Garden Peas-Frozen,No Variant,Frozen Vegetables,900 gm,1,CFBF,BREADED FISH FILLET,330 Gms x 20 Pkts,FILLETS,52.28,42.02,85.5,conflict,0.58,,manual_required
8181,23966207,Al Kabeer Zing Chicken Strips/Spicy 750gm,Al Kabeer,Chicken Strips-Frozen,No Variant,Zing,750 gm,1,CKSK,SHISH KEBAB,600 Gms x 12 Pkts,KEBAB,54.13,47.31,85.5,conflict,1.82,,manual_required
8191,23979119,AL KABEER ZING CHICKEN STRIPS SPICY / NON-SPICY 750 gm,Al Kabeer,Chicken Strips-Frozen,No Variant,Zing,750 gm,1,CKJCNA,JUMBO CHICKEN NUGGETS,1 Kgs x 5 Pkts,NUGGETS,52.19,41.76,85.5,conflict,0.3,,manual_required
8195,23979125,AL KABEER BREADED CHICKEN FILLET NON-SPICY / HOT & SPICY 750 gm,Al Kabeer,Chicken Fillets-Frozen,Hot & Spicy,Marinated & Breaded,750 gm,1,CCKSB,CHICKEN STICKS BULK,1 Kgs x 5 Pkts,STICKS & FINGERS,54.77,49.12,85.5,conflict,0.13,,manual_required
8201,23980954,"AL KABEER ZING FISH FILLET SPICY, 750 gm",Al Kabeer,Zing Fish Fillet,No Variant,Breaded Seafood,750 gm,1,CMBAK,MEAT BALLS,300 Gms x 20 Pkts,MEAT BALLS,52.86,43.68,85.5,conflict,0.19,,manual_required
8203,23980961,"Alkabeer Zing Non Spicy or Spicy Chicken Strips, 750 gm",Al Kabeer,Chicken Strips-Frozen,Spicy,Zing,750 gm,1,CKCKB,CHICKEN BURGERS 56 g,840 g. x 9,BURGERS,54.2,47.5,85.5,conflict,0.6,,manual_required
8204,23980961,"Alkabeer Zing Non Spicy or Spicy Chicken Strips, 750 gm",Al Kabeer,Chicken Strips-Frozen,No Variant,Zing,750 gm,1,CKBT,TAYEBAT CHICKEN BURGER,1 Kgs x 9 Pkts,BURGERS,53.42,45.28,85.5,conflict,2.41,,manual_required
8220,23989342,Al Kabeer Mixed Vegetables / Green Peas (900g),Al Kabeer,Mix Vegetables-Frozen,No Variant,Frozen Vegetables,900 gm,1,CFBJ,JUMBO HOTDOGS,400 Gms x 20 Pkts,SAUSAGES,52.38,42.31,85.5,conflict,0.0,,manual_required
8221,23989342,Al Kabeer Mixed Vegetables / Green Peas (900g),Al Kabeer,Green/Garden Peas-Frozen,No Variant,Frozen Vegetables,900 gm,1,CFB,BEEF FRANKS,454 Gms x 20 Pkts,SAUSAGES,52.24,41.9,85.5,conflict,0.06,,manual_required
8222,23989343,Al Kabeer French Fries (2.5 kg),Al Kabeer,French Fries-Frozen,No Variant,Frozen Fries & Onion Rings,2.5 kg,1,CFBFA,BREADED FISH FILLET BULK,1 Kgs x 5 Pkts,FILLETS,52.24,41.9,85.5,conflict,0.08,,manual_required
8229,23992228,Al Kabeer Paneer Cubes 200 gm,Al Kabeer,Paneer,No Variant,Paneer,200 gm,1,CKCCR,CHICKEN ‘N’ CHEESE RINGS 300,300 gms x 12 pkts,POP-CORN & CHICKEN FRIES,52.79,43.48,85.5,conflict,0.32,,manual_required
8235,23992961,Al Kabeer Breaded Chicken Fillet Spicy/non Spicy 750 gm,Al Kabeer,Chicken Fillets-Frozen,No Variant,Marinated & Breaded,750 gm,1,CCKSB,CHICKEN STICKS BULK,1 Kgs x 5 Pkts,STICKS & FINGERS,54.35,47.93,85.5,conflict,0.58,,manual_required
8247,23999433,AL KABEER ZING CHICKEN STRIPS NON SPICY 750 gm,Al Kabeer,Chicken Strips-Frozen,No Variant,Zing,750 gm,1,CKSAA,CHICKEN SAMOSAS BULK,1.2 Kgs x 4 Pkts,SAMOSA,53.67,46.0,85.5,conflict,1.52,,manual_required
8252,23999438,Al Kabeer Chicken Popcorn Catering 750 gm,Al Kabeer,Chicken Popcorn-Frozen,No Variant,Marinated & Breaded,750 gm,1,CCCB,CHICKEN BIRYANI 400,400 Gms x 12 Pkts,READY2EAT,54.05,47.06,85.5,conflict,1.59,,manual_required
8253,23999439,AL KABEER ZING CHICKEN STRIPS SMOKED BUFFALO 700 gm,Al Kabeer,Chicken Strips-Frozen,No Variant,Zing,700 gm,1,CKJCNA,JUMBO CHICKEN NUGGETS,1 Kgs x 5 Pkts,NUGGETS,54.35,47.92,85.5,conflict,0.96,,manual_required
8257,23999444,AL KABEER BLUEBERRIES/BLACKBERRY 350 gm,Al Kabeer,Blueberries-Frozen,No Variant,Frozen Fruits,350 gm,1,CBBO,4 BEEF BURGERS,200 Gms x 30 Pkt,BURGERS,52.47,42.55,85.5,conflict,0.89,,manual_required
8262,23999967,AL KABEER ZING CHICKEN STRIPS SMOKED BUFFALO/SPICY SRIRACHA FLAVOR 700 gm,Al Kabeer,Chicken Strips-Frozen,Spicy,Zing,700 gm,1,CCKSB,CHICKEN STICKS BULK,1 Kgs x 5 Pkts,STICKS & FINGERS,54.45,48.21,85.5,conflict,0.86,,manual_required
8263,23999967,AL KABEER ZING CHICKEN STRIPS SMOKED BUFFALO/SPICY SRIRACHA FLAVOR 700 gm,Al Kabeer,Chicken Strips-Frozen,No Variant,Zing,700 gm,1,CCF,CHICKEN FRIES,12 PKTS X 400 GRM,POP-CORN & CHICKEN FRIES,54.53,48.44,85.5,conflict,1.22,,manual_required
8267,23999971,AL KABEER POTATO BITES 1000 gm,Al Kabeer,Potato Bites-Frozen,No Variant,Frozen Fries & Onion Rings,1 kg,1,CBBO,4 BEEF BURGERS,200 Gms x 30 Pkt,BURGERS,52.24,41.9,85.5,conflict,0.14,,manual_required
8273,23999980,AL KABEER ZING CHICKEN FILLET NON SPICY 750 gm,Al Kabeer,Chicken Fillets-Frozen,No Variant,Zing,750 gm,1,CKN,CHICKEN NUGGETS,270 Gms x 20 Pkts,NUGGETS,54.0,46.94,85.5,conflict,1.85,,manual_required
8284,24034505,Al Kabeer Zing Chicken Strips/ Fillets Spicy 750 gm Per Pc,Al Kabeer,Chicken Fillets-Frozen,No Variant,Zing,750 gm,1,CFBF,BREADED FISH FILLET,330 Gms x 20 Pkts,FILLETS,54.35,47.93,85.5,conflict,1.69,,manual_required
8285,24034505,Al Kabeer Zing Chicken Strips/ Fillets Spicy 750 gm Per Pc,Al Kabeer,Chicken Strips-Frozen,No Variant,Zing,750 gm,1,CFBF,BREADED FISH FILLET,330 Gms x 20 Pkts,FILLETS,54.35,47.93,85.5,conflict,1.69,,manual_required
8327,24140263,Al Kabeer Paneer Cubes 500 gm,Al Kabeer,Paneer,No Variant,Paneer,500 gm,1,CKCCR,CHICKEN ‘N’ CHEESE RINGS 300,300 gms x 12 pkts,POP-CORN & CHICKEN FRIES,52.03,41.3,85.5,conflict,0.12,,manual_required
8345,24146648,ALKABEER FRENCH FRIES 1000 gm,Al Kabeer,French Fries-Frozen,No Variant,Frozen Fries & Onion Rings,1 kg,1,CCSAKPR,A.K PRO CHEESE SAMOSA,4 X 1.2 KGS,SAMOSA,52.13,41.58,85.5,conflict,0.41,,manual_required
8350,24147543,Al Kabeer Zing Chicken Strips Smoked Buffalo Flavour (700gm),Al Kabeer,Chicken Strips-Frozen,Spicy,Zing,700 gm,1,CKBT,TAYEBAT CHICKEN BURGER,1 Kgs x 9 Pkts,BURGERS,52.31,42.11,85.5,conflict,0.25,,manual_required
8351,24147543,Al Kabeer Zing Chicken Strips Smoked Buffalo Flavour (700gm),Al Kabeer,Chicken Strips-Frozen,No Variant,Zing,700 gm,1,CCCB,CHICKEN BIRYANI 400,400 Gms x 12 Pkts,READY2EAT,53.0,44.07,85.5,conflict,0.06,,manual_required
8357,24150310,ALKABEER FRENCH FRIES 2.5 kg,Al Kabeer,French Fries-Frozen,No Variant,Frozen Fries & Onion Rings,2.5 kg,1,CFBFA,BREADED FISH FILLET BULK,1 Kgs x 5 Pkts,FILLETS,52.24,41.9,85.5,conflict,0.08,,manual_required
8359,24150311,AL KABEER ZING CHICKEN STRIPS SMOKED BUFFALO/SPICY SRIRACHA FLAVOR 700 gm,Al Kabeer,Chicken Strips-Frozen,Spicy,Zing,700 gm,1,CCKSB,CHICKEN STICKS BULK,1 Kgs x 5 Pkts,STICKS & FINGERS,54.45,48.21,85.5,conflict,0.86,,manual_required
8362,24150315,Al Kabeer Tabarruk Cooking Shrimps 500 gm,Tabarruk,Peeled Shrimps/Prawns Frozen,No Variant,Frozen Seafood,500 gm,1,CFBF,BREADED FISH FILLET,330 Gms x 20 Pkts,FILLETS,53.56,45.67,85.5,conflict,0.56,,manual_required
8367,24150320,AL KABEER ZING CHICKEN FILLET NON SPICY 750 gm,Al Kabeer,Chicken Fillets-Frozen,No Variant,Zing,750 gm,1,CKN,CHICKEN NUGGETS,270 Gms x 20 Pkts,NUGGETS,54.0,46.94,85.5,conflict,1.85,,manual_required
8369,24150322,Alkabeer Tandoori Chicken Tikka 1000 gm,Al Kabeer,Chicken Tikka-Frozen,No Variant,Frozen Barbeque Products,1000 gm,1,CCCB,CHICKEN BIRYANI 400,400 Gms x 12 Pkts,READY2EAT,54.15,47.37,85.5,conflict,2.23,,manual_required
8373,24150891,AL KABEER ZING CHICKEN STRIPS NON SPICY 750 gm,Al Kabeer,Chicken Strips-Frozen,No Variant,Zing,750 gm,1,CKSAA,CHICKEN SAMOSAS BULK,1.2 Kgs x 4 Pkts,SAMOSA,53.67,46.0,85.5,conflict,1.52,,manual_required
8374,24150892,Al Kabeer Chicken Popcorn Catering 750gm,Al Kabeer,Chicken Popcorn-Frozen,No Variant,Marinated & Breaded,750 gm,1,CCCB,CHICKEN BIRYANI 400,400 Gms x 12 Pkts,READY2EAT,53.64,45.9,85.5,conflict,0.99,,manual_required
8377,24150895,AL KABEER ZING CHICKEN STRIPS SMOKED BUFFALO 700 gm,Al Kabeer,Chicken Strips-Frozen,No Variant,Zing,700 gm,1,CKJCNA,JUMBO CHICKEN NUGGETS,1 Kgs x 5 Pkts,NUGGETS,54.35,47.92,85.5,conflict,0.96,,manual_required
8381,24150900,AL KABEER BLUEBERRIES/BLACKBERRY 350 gm,Al Kabeer,Blueberries-Frozen,No Variant,Frozen Fruits,350 gm,1,CBBO,4 BEEF BURGERS,200 Gms x 30 Pkt,BURGERS,52.47,42.55,85.5,conflict,0.89,,manual_required
8383,24150902,AL KABEER Green Peas and Carrots 900 gm,Al Kabeer,Green/Garden Peas-Frozen,No Variant,Frozen Vegetables,900 gm,1,CFBJ,JUMBO HOTDOGS,400 Gms x 20 Pkts,SAUSAGES,51.82,40.71,85.5,conflict,0.0,,manual_required
8393,24155045,Al Kabeer Paneer Cubes 200g,Al Kabeer,Paneer,No Variant,Paneer,200 gm,1,CKCCR,CHICKEN ‘N’ CHEESE RINGS 300,300 gms x 12 pkts,POP-CORN & CHICKEN FRIES,52.79,43.48,85.5,conflict,0.32,,manual_required
8399,24160285,Al Kabeer Paneer Cubes 200g,Al Kabeer,Paneer,No Variant,Paneer,200 gm,1,CKCCR,CHICKEN ‘N’ CHEESE RINGS 300,300 gms x 12 pkts,POP-CORN & CHICKEN FRIES,52.79,43.48,85.5,conflict,0.32,,manual_required
8400,24186732,Al Kabeer Zing Chicken Fillets Spicy 750 gm Asstd,Al Kabeer,Chicken Fillets-Frozen,No Variant,Zing,750 gm,1,CKJCNA,JUMBO CHICKEN NUGGETS,1 Kgs x 5 Pkts,NUGGETS,53.21,44.68,85.5,conflict,0.25,,manual_required
8403,24188260,Al Kabeer Chicken Pop-Corn 750 gm,Al Kabeer,Chicken Popcorn-Frozen,No Variant,Marinated & Breaded,750 gm,1,CKCKB,CHICKEN BURGERS 56 g,840 g. x 9,BURGERS,51.89,40.91,85.5,conflict,0.06,,manual_required
8404,24203493,Al Kabeer Chicken Pop-Corn 750 gm,Al Kabeer,Chicken Popcorn-Frozen,No Variant,Marinated & Breaded,750 gm,1,CKCKB,CHICKEN BURGERS 56 g,840 g. x 9,BURGERS,51.89,40.91,85.5,conflict,0.06,,manual_required
8406,24220901,Al Kabeer Zing Chicken Fillets Spicy 750 gm,Al Kabeer,Chicken Fillets-Frozen,No Variant,Zing,750 gm,1,CKSK,SHISH KEBAB,600 Gms x 12 Pkts,KEBAB,53.73,46.15,85.5,conflict,0.35,,manual_required
8412,24275893,Al Kabeer Zing Chicken Fillets/Strips Non Spicy 750 gm,Al Kabeer,Chicken Fillets-Frozen,No Variant,Zing,750 gm,1,CFBF,BREADED FISH FILLET,330 Gms x 20 Pkts,FILLETS,53.0,44.07,85.5,conflict,1.18,,manual_required
8413,24275893,Al Kabeer Zing Chicken Fillets/Strips Non Spicy 750 gm,Al Kabeer,Chicken Strips-Frozen,No Variant,Marinated & Breaded,750 gm,1,CCKSB,CHICKEN STICKS BULK,1 Kgs x 5 Pkts,STICKS & FINGERS,54.8,49.21,85.5,conflict,1.18,,manual_required
8428,24294092,Al Kabeer Krazee Chicken Nuggets 750 gm,Al Kabeer,Chicken Nuggets-Frozen,No Variant,Marinated & Breaded,750 gm,1,CFB,BEEF FRANKS,454 Gms x 20 Pkts,SAUSAGES,52.18,41.74,85.5,conflict,0.05,,manual_required
8430,24294217,Al Kabeer Blackberries/Blueberries 350 gm,Al Kabeer,Blueberries-Frozen,No Variant,Frozen Fruits,350 gm,1,CBBO,4 BEEF BURGERS,200 Gms x 30 Pkt,BURGERS,52.89,43.75,85.5,conflict,0.86,,manual_required
8431,24294220,Al Kabeer French Fries 2.5 kg,Al Kabeer,French Fries-Frozen,No Variant,Frozen Fries & Onion Rings,2.5 kg,1,CFBFA,BREADED FISH FILLET BULK,1 Kgs x 5 Pkts,FILLETS,52.24,41.9,85.5,conflict,0.08,,manual_required
8432,24294221,Al Kabeer Paneer Cubes 200 gm,Al Kabeer,Paneer,No Variant,Paneer,200 gm,1,CKCCR,CHICKEN ‘N’ CHEESE RINGS 300,300 gms x 12 pkts,POP-CORN & CHICKEN FRIES,52.79,43.48,85.5,conflict,0.32,,manual_required
8436,24295369,"Al Kabeer ZING CHICKEN FILLET REGULAR OR HOT, 750 gm",Al Kabeer,Chicken Fillets-Frozen,No Variant,Zing,750 gm,1,CCSK,KIRI CHEESE SAMOSA,20 X 240 GMS,SAMOSA,54.27,47.71,85.5,conflict,0.59,,manual_required
8440,24295384,"Alkabeer ZING NON SPICY OR SPICY CHICKEN STRIPS, 750 gm",Al Kabeer,Chicken Strips-Frozen,No Variant,Zing,750 gm,1,CKBT,TAYEBAT CHICKEN BURGER,1 Kgs x 9 Pkts,BURGERS,53.42,45.28,85.5,conflict,2.41,,manual_required
8441,24295384,"Alkabeer ZING NON SPICY OR SPICY CHICKEN STRIPS, 750 gm",Al Kabeer,Chicken Strips-Frozen,Spicy,Zing,750 gm,1,CKCKB,CHICKEN BURGERS 56 g,840 g. x 9,BURGERS,54.2,47.5,85.5,conflict,0.6,,manual_required
8444,24297016,ALKABEER FRENCH FRIES 2500 gm,Al Kabeer,French Fries-Frozen,No Variant,Frozen Fries & Onion Rings,2.5 kg,1,CCSK,KIRI CHEESE SAMOSA,20 X 240 GMS,SAMOSA,52.53,42.72,85.5,conflict,0.52,,manual_required
8447,24297021,AL-KABEER ZING CHICKEN FILLET / SPICY 750 gm,Al Kabeer,Chicken Fillets-Frozen,No Variant,Zing,750 gm,1,CKSAPR,AK PRO CHICKEN SAMOSA,4 X 1.2 KGS,SAMOSA,52.97,44.0,85.5,conflict,0.4,,manual_required
8455,24305529,Al Kabeer Punjabi Samosa 900 gm,Al Kabeer,Samosa-Frozen,Punjabi,"Frozen Pizzas, Wraps, Sandwiches",900 gm,1,CCSAK,12 CHEESE SAMOSAS,240 Gms x 20 Pkts,SAMOSA,53.89,46.6,85.5,conflict,0.67,,manual_required
8458,24305534,Al Kabeer Breaded Chicken Fillet Spicy/ non Spicy 750 gm,Al Kabeer,Chicken Fillets-Frozen,No Variant,Marinated & Breaded,750 gm,1,CCKSB,CHICKEN STICKS BULK,1 Kgs x 5 Pkts,STICKS & FINGERS,54.35,47.93,85.5,conflict,0.58,,manual_required
8459,24306209,Al Kabeer French Fries 1000 gm,Al Kabeer,French Fries-Frozen,No Variant,Frozen Fries & Onion Rings,1 kg,1,CCSAKPR,A.K PRO CHEESE SAMOSA,4 X 1.2 KGS,SAMOSA,52.13,41.58,85.5,conflict,0.41,,manual_required
8481,24310648,Al Kabeer FRENCH FRIES 2.5 kg,Al Kabeer,French Fries-Frozen,No Variant,Frozen Fries & Onion Rings,2.5 kg,1,CFBFA,BREADED FISH FILLET BULK,1 Kgs x 5 Pkts,FILLETS,52.24,41.9,85.5,conflict,0.08,,manual_required
8485,24310972,Alkabeer Tandoori Chicken Tikka 1000 gm,Al Kabeer,Chicken Tikka-Frozen,No Variant,Frozen Barbeque Products,1000 gm,1,CCCB,CHICKEN BIRYANI 400,400 Gms x 12 Pkts,READY2EAT,54.15,47.37,85.5,conflict,2.23,,manual_required
8491,24310978,Al Kabeer Tabarruk Cooking Shrimps 500 gm,Tabarruk,Peeled Shrimps/Prawns Frozen,No Variant,Frozen Seafood,500 gm,1,CFBF,BREADED FISH FILLET,330 Gms x 20 Pkts,FILLETS,53.56,45.67,85.5,conflict,0.56,,manual_required
8492,24310979,Al Kabeer ZING CHICKEN FILLET NON SPICY 750 gm,Al Kabeer,Chicken Fillets-Frozen,No Variant,Zing,750 gm,1,CKN,CHICKEN NUGGETS,270 Gms x 20 Pkts,NUGGETS,54.0,46.94,85.5,conflict,1.85,,manual_required
8509,24361771,Al Kabeer Paneer Cubes 200 gm,Al Kabeer,Paneer,No Variant,Paneer,200 gm,1,CKCCR,CHICKEN ‘N’ CHEESE RINGS 300,300 gms x 12 pkts,POP-CORN & CHICKEN FRIES,52.79,43.48,85.5,conflict,0.32,,manual_required
8518,24437496,Al Kabeer Zing Chicken Strips / Fillets Spicy 750 gm Per Pc,Al Kabeer,Chicken Fillets-Frozen,No Variant,Zing,750 gm,1,CFBF,BREADED FISH FILLET,330 Gms x 20 Pkts,FILLETS,54.35,47.93,85.5,conflict,1.69,,manual_required
8519,24437496,Al Kabeer Zing Chicken Strips / Fillets Spicy 750 gm Per Pc,Al Kabeer,Chicken Strips-Frozen,No Variant,Zing,750 gm,1,CFBF,BREADED FISH FILLET,330 Gms x 20 Pkts,FILLETS,54.35,47.93,85.5,conflict,1.69,,manual_required
8521,24467366,Al Kabeer ZING CHICKEN STRIPS - SMOKED BUFFALO / SPICY SRIRACHA 700 GM ,Al Kabeer,Chicken Strips-Frozen,No Variant,Zing,700 gm,1,CCCB,CHICKEN BIRYANI 400,400 Gms x 12 Pkts,READY2EAT,54.21,47.54,85.5,conflict,0.35,,manual_required
8522,24467366,Al Kabeer ZING CHICKEN STRIPS - SMOKED BUFFALO / SPICY SRIRACHA 700 GM ,Al Kabeer,Chicken Strips-Frozen,Spicy,Zing,700 gm,1,CCCB,CHICKEN BIRYANI 400,400 Gms x 12 Pkts,READY2EAT,54.6,48.65,85.5,conflict,1.34,,manual_required
8530,24470385,"Al Kabeer VEGETABLE OR CHICKEN SAMOSA OR SPRING ROLL, 240 - 280 gm",Al Kabeer,Spring Roll-Frozen,No Variant,"Frozen Pizzas, Wraps, Sandwiches",280 gm,1,CCCTM,CHICKEN TIKKA MAKHANI & PILAU RICE,450 Gms x 12 Pkts,READY2EAT,54.1,47.2,85.5,conflict,0.41,,manual_required
8532,24470386,"Al Kabeer ZING CHICKEN STRIPS SMOKE BUFFALO OR SPICY SRIRACHA, 700 gm",Al Kabeer,Chicken Strips-Frozen,No Variant,Zing,700 gm,1,CCKSB,CHICKEN STICKS BULK,1 Kgs x 5 Pkts,STICKS & FINGERS,54.19,47.46,85.5,conflict,0.24,,manual_required
8539,24470401,"Al Kabeer CHICKEN NUGGETS OR BREADED FILLET, 750 gm",Al Kabeer,Chicken Nuggets-Frozen,No Variant,Marinated & Breaded,750 gm,1,BF,BEEF TENDERLOIN/FILLET,20 KGS,MEAT-INDIAN-TRD,54.42,48.12,85.5,conflict,0.26,,manual_required
8548,24471606,Al Kabeer Chicken/Vegetable Samosa 240 gm/Spring Roll 280 gm,Al Kabeer,Spring Roll-Frozen,No Variant,"Frozen Pizzas, Wraps, Sandwiches",280 gm,1,CCF,CHICKEN FRIES,12 PKTS X 400 GRM,POP-CORN & CHICKEN FRIES,53.53,45.59,85.5,conflict,0.12,,manual_required
8559,24471895,Al Kabeer Paneer Cubes 500 gm,Al Kabeer,Paneer,No Variant,Paneer,500 gm,1,CKCCR,CHICKEN ‘N’ CHEESE RINGS 300,300 gms x 12 pkts,POP-CORN & CHICKEN FRIES,52.03,41.3,85.5,conflict,0.12,,manual_required
8563,24473698,Al Kabeer CHICKEN FILLET 750 gm,Al Kabeer,Chicken Fillets-Frozen,No Variant,Marinated & Breaded,750 gm,1,CKCKB,CHICKEN BURGERS 56 g,840 g. x 9,BURGERS,51.89,40.91,85.5,conflict,0.45,,manual_required
8578,24480730,Al Kabeer Punjabi Samosa 900 gm,Al Kabeer,Samosa-Frozen,Punjabi,"Frozen Pizzas, Wraps, Sandwiches",900 gm,1,CCSAK,12 CHEESE SAMOSAS,240 Gms x 20 Pkts,SAMOSA,53.89,46.6,85.5,conflict,0.67,,manual_required
8579,24480731,Al Kabeer CHICKEN NUGGET 400 gm X2,Al Kabeer,Chicken Nuggets-Frozen,No Variant,Marinated & Breaded,2x400 gm,1,CFB,BEEF FRANKS,454 Gms x 20 Pkts,SAUSAGES,53.46,45.38,85.5,conflict,0.4,,manual_required
8590,24488472,Alkabeer Tandoori Chicken Tikka 1000 gm,Al Kabeer,Chicken Tikka-Frozen,No Variant,Frozen Barbeque Products,1000 gm,1,CCCB,CHICKEN BIRYANI 400,400 Gms x 12 Pkts,READY2EAT,54.15,47.37,85.5,conflict,2.23,,manual_required
8597,24488479,Al Kabeer Tabarruk Cooking Shrimps 500 gm,Tabarruk,Peeled Shrimps/Prawns Frozen,No Variant,Frozen Seafood,500 gm,1,CFBF,BREADED FISH FILLET,330 Gms x 20 Pkts,FILLETS,53.56,45.67,85.5,conflict,0.56,,manual_required
8602,24488484,ALKABEER FRENCH FRIES 2.5 kg,Al Kabeer,French Fries-Frozen,No Variant,Frozen Fries & Onion Rings,2.5 kg,1,CFBFA,BREADED FISH FILLET BULK,1 Kgs x 5 Pkts,FILLETS,52.24,41.9,85.5,conflict,0.08,,manual_required
8603,24488485,Al Kabeer ZING CHICKEN STRIPS SMOKED BUFFALO/SPICY SRIRACHA FLAVOR 700 gm,Al Kabeer,Chicken Strips-Frozen,Spicy,Zing,700 gm,1,CCKSB,CHICKEN STICKS BULK,1 Kgs x 5 Pkts,STICKS & FINGERS,54.45,48.21,85.5,conflict,0.86,,manual_required
8604,24488485,Al Kabeer ZING CHICKEN STRIPS SMOKED BUFFALO/SPICY SRIRACHA FLAVOR 700 gm,Al Kabeer,Chicken Strips-Frozen,No Variant,Zing,700 gm,1,CCF,CHICKEN FRIES,12 PKTS X 400 GRM,POP-CORN & CHICKEN FRIES,54.53,48.44,85.5,conflict,1.22,,manual_required
8606,24488487,Al Kabeer ZING CHICKEN FILLET NON SPICY 750 gm,Al Kabeer,Chicken Fillets-Frozen,No Variant,Zing,750 gm,1,CKN,CHICKEN NUGGETS,270 Gms x 20 Pkts,NUGGETS,54.0,46.94,85.5,conflict,1.85,,manual_required
8619,24515480,Al Kabeer Butter Zing Chicken Fillet 700 gm,Al Kabeer,Chicken Fillets-Frozen,No Variant,Zing,700 gm,1,CKSK,SHISH KEBAB,600 Gms x 12 Pkts,KEBAB,53.13,44.44,85.5,conflict,0.31,,manual_required
8630,24606141,Al Kabeer Breaded Chicken Fillet Non Spicy/Spicy 750 gm,Al Kabeer,Chicken Fillets-Frozen,No Variant,Marinated & Breaded,750 gm,1,CCKSB,CHICKEN STICKS BULK,1 Kgs x 5 Pkts,STICKS & FINGERS,54.35,47.93,85.5,conflict,0.58,,manual_required
8632,24606142,Alkabeer wafle fries 750 gm,Al Kabeer,Crisscut Fries-Frozen,No Variant,Frozen Fries & Onion Rings,750 gm,1,CCSK,KIRI CHEESE SAMOSA,20 X 240 GMS,SAMOSA,51.17,38.83,85.5,conflict,0.16,,manual_required
8633,24606143,Al Kabeer Chicken Zing Strips Spicy/Sriracha/Buffalo 750 gm/700 gm,Al Kabeer,Chicken Strips-Frozen,Spicy,Zing,700 gm,1,CCCB,CHICKEN BIRYANI 400,400 Gms x 12 Pkts,READY2EAT,54.43,48.15,85.5,conflict,1.37,,manual_required
8634,24606144,Al Kabeer Frozen Mixed Veg./Green Peas 900 gm,Al Kabeer,Green/Garden Peas-Frozen,No Variant,Frozen Vegetables,900 gm,1,CFBF,BREADED FISH FILLET,330 Gms x 20 Pkts,FILLETS,52.16,41.67,85.5,conflict,0.22,,manual_required
8635,24606144,Al Kabeer Frozen Mixed Veg./Green Peas 900 gm,Al Kabeer,Mix Vegetables-Frozen,No Variant,Frozen Vegetables,900 gm,1,CFBJ,JUMBO HOTDOGS,400 Gms x 20 Pkts,SAUSAGES,51.7,40.37,85.5,conflict,0.0,,manual_required
8636,24606148,Al Kabeer chicken zinger fillets/ Spicy 750 gm,Al Kabeer,Chicken Fillets-Frozen,No Variant,Zing,750 gm,1,CKSAA,CHICKEN SAMOSAS BULK,1.2 Kgs x 4 Pkts,SAMOSA,52.38,42.31,85.5,conflict,0.11,,manual_required
8642,24623881,Al Kabeer French Fries 2.5 kg,Al Kabeer,French Fries-Frozen,No Variant,Frozen Fries & Onion Rings,2.5 kg,1,CFBFA,BREADED FISH FILLET BULK,1 Kgs x 5 Pkts,FILLETS,52.24,41.9,85.5,conflict,0.08,,manual_required
8650,24623890,Al Kabeer Zing Chicken Strips Buffalo or Sriracha 700 gm,Al Kabeer,Chicken Strips-Frozen,No Variant,Zing,700 gm,1,CKBT,TAYEBAT CHICKEN BURGER,1 Kgs x 9 Pkts,BURGERS,53.68,46.02,85.5,conflict,2.24,,manual_required
8658,24642805,Al Kabeer Royal Chicken/Spicy Mosahab 750 gm,Royal,Chicken Mosahab-Frozen,No Variant,Marinated & Breaded,750 gm,1,CCKSB,CHICKEN STICKS BULK,1 Kgs x 5 Pkts,STICKS & FINGERS,54.47,48.28,85.5,conflict,1.28,,manual_required
8660,24643362,Al Kabeer Chicken/Vegetable Samosa 240 gm/ Spring Roll 280gm,Al Kabeer,Spring Roll-Frozen,No Variant,"Frozen Pizzas, Wraps, Sandwiches",280 gm,1,CCF,CHICKEN FRIES,12 PKTS X 400 GRM,POP-CORN & CHICKEN FRIES,53.19,44.6,85.5,conflict,0.11,,manual_required
8669,24645563,Al Kabeer Mixed Vegetable 900 gm,Al Kabeer,Mix Vegetables-Frozen,No Variant,Frozen Vegetables,900 gm,1,CFBJ,JUMBO HOTDOGS,400 Gms x 20 Pkts,SAUSAGES,51.85,40.78,85.5,conflict,0.41,,manual_required
8670,24645563,Al Kabeer Mixed Vegetable 900 gm,Al Kabeer,Green/Garden Peas-Frozen,No Variant,Frozen Vegetables,900 gm,1,CFB,BEEF FRANKS,454 Gms x 20 Pkts,SAUSAGES,51.58,40.0,85.5,conflict,0.24,,manual_required
8675,24645570,Al Kabeer Breaded Shrimps 1000 gm,Al Kabeer,Breaded shrimp frozen,No Variant,Breaded Seafood,1 kg,1,CKSK,SHISH KEBAB,600 Gms x 12 Pkts,KEBAB,52.82,43.56,85.5,conflict,0.69,,manual_required
8678,24653094,Alkabeer GREEN PEAS / MIXED VEGETABLES 900 gm,Al Kabeer,Green/Garden Peas-Frozen,No Variant,Frozen Vegetables,900 gm,1,CFB,BEEF FRANKS,454 Gms x 20 Pkts,SAUSAGES,52.24,41.9,85.5,conflict,0.06,,manual_required
8679,24653094,Alkabeer GREEN PEAS / MIXED VEGETABLES 900 gm,Al Kabeer,Mix Vegetables-Frozen,No Variant,Frozen Vegetables,900 gm,1,CFBJ,JUMBO HOTDOGS,400 Gms x 20 Pkts,SAUSAGES,52.38,42.31,85.5,conflict,0.0,,manual_required
8680,24653095,Al Kabeer BREADED CHICKEN FILLET PLAIN / HOT & SPICY 750 gm,Al Kabeer,Chicken Fillets-Frozen,No Variant,Marinated & Breaded,750 gm,1,CCKSB,CHICKEN STICKS BULK,1 Kgs x 5 Pkts,STICKS & FINGERS,54.11,47.24,85.5,conflict,0.1,,manual_required
8690,24655990,"Al Kabeer ZING CHICKEN FILLET REGULAR OR HOT, 750 gm",Al Kabeer,Chicken Fillets-Frozen,No Variant,Zing,750 gm,1,CCSK,KIRI CHEESE SAMOSA,20 X 240 GMS,SAMOSA,54.27,47.71,85.5,conflict,0.59,,manual_required
8695,24656859,Al Kabeer CHICKEN FILLET 750 gm,Al Kabeer,Chicken Fillets-Frozen,No Variant,Marinated & Breaded,750 gm,1,CKCKB,CHICKEN BURGERS 56 g,840 g. x 9,BURGERS,51.89,40.91,85.5,conflict,0.45,,manual_required
8696,24657407,ALKABEER FRENCH FRIES 2500 gm,Al Kabeer,French Fries-Frozen,No Variant,Frozen Fries & Onion Rings,2.5 kg,1,CCSK,KIRI CHEESE SAMOSA,20 X 240 GMS,SAMOSA,52.53,42.72,85.5,conflict,0.52,,manual_required
8700,24657418,Al Kabeer BUTTER CHICKEN ZING FILLET 700 gm,Al Kabeer,Chicken Fillets-Frozen,No Variant,Zing,700 gm,1,CKSK,SHISH KEBAB,600 Gms x 12 Pkts,KEBAB,53.13,44.44,85.5,conflict,0.31,,manual_required
8701,24662245,Al Kabeer Mixed Vegetables / Green Peas (900 gm),Al Kabeer,Mix Vegetables-Frozen,No Variant,Frozen Vegetables,900 gm,1,CFBJ,JUMBO HOTDOGS,400 Gms x 20 Pkts,SAUSAGES,52.38,42.31,85.5,conflict,0.0,,manual_required
8702,24662245,Al Kabeer Mixed Vegetables / Green Peas (900 gm),Al Kabeer,Green/Garden Peas-Frozen,No Variant,Frozen Vegetables,900 gm,1,CFB,BEEF FRANKS,454 Gms x 20 Pkts,SAUSAGES,52.24,41.9,85.5,conflict,0.06,,manual_required
8704,24662248,Al Kabeer French Fries (2.5 kg),Al Kabeer,French Fries-Frozen,No Variant,Frozen Fries & Onion Rings,2.5 kg,1,CFBFA,BREADED FISH FILLET BULK,1 Kgs x 5 Pkts,FILLETS,52.24,41.9,85.5,conflict,0.08,,manual_required
8708,24662252,Al Kabeer Zing Fish Fillets / Shrimps 750 gm,Al Kabeer,Zing Fish Fillet,No Variant,Breaded Seafood,750 gm,1,CBBO,4 BEEF BURGERS,200 Gms x 30 Pkt,BURGERS,50.78,37.74,85.5,conflict,0.05,,manual_required
8711,24662255,Al Kabeer Zing Chicken Strips / Spicy (750 gm),Al Kabeer,Chicken Strips-Frozen,No Variant,Zing,750 gm,1,CKSK,SHISH KEBAB,600 Gms x 12 Pkts,KEBAB,54.69,48.89,85.5,conflict,2.65,,manual_required
8720,24669093,Al Kabeer - Butter Zing Chicken Fillet 700 gm,Al Kabeer,Chicken Fillets-Frozen,No Variant,Zing,700 gm,1,CKSK,SHISH KEBAB,600 Gms x 12 Pkts,KEBAB,53.13,44.44,85.5,conflict,0.31,,manual_required
8721,24670379,Al Kabeer Butter Chicken Zing Fillet 700 gm,Al Kabeer,Chicken Fillets-Frozen,No Variant,Zing,700 gm,1,CKSK,SHISH KEBAB,600 Gms x 12 Pkts,KEBAB,53.13,44.44,85.5,conflict,0.31,,manual_required
8722,24672512,Al Kabeer Breaded Chicken Fillet Spicy/ non Spicy 750 gm,Al Kabeer,Chicken Fillets-Frozen,No Variant,Marinated & Breaded,750 gm,1,CCKSB,CHICKEN STICKS BULK,1 Kgs x 5 Pkts,STICKS & FINGERS,54.35,47.93,85.5,conflict,0.58,,manual_required
8724,24672518,Al Kabeer Paneer Cubes 200 gm,Al Kabeer,Paneer,No Variant,Paneer,200 gm,1,CKCCR,CHICKEN ‘N’ CHEESE RINGS 300,300 gms x 12 pkts,POP-CORN & CHICKEN FRIES,52.79,43.48,85.5,conflict,0.32,,manual_required
8725,24672521,Al Kabeer Butter Zing Chicken Fillet 700 gm,Al Kabeer,Chicken Fillets-Frozen,No Variant,Zing,700 gm,1,CKSK,SHISH KEBAB,600 Gms x 12 Pkts,KEBAB,53.13,44.44,85.5,conflict,0.31,,manual_required
8729,24673423,Al Kabeer Chicken Kofta 300 gm,Al Kabeer,Chicken Kofta-Frozen,No Variant,Frozen Kofta / Kibbeh & Meat Balls,300 gm,1,CCCB,CHICKEN BIRYANI 400,400 Gms x 12 Pkts,READY2EAT,54.43,48.15,85.5,conflict,1.81,,manual_required
8730,24673424,Al Kabeer Punjabi Vegetable Samosa 900 gm,Al Kabeer,Samosa-Frozen,Punjabi,"Frozen Pizzas, Wraps, Sandwiches",900 gm,1,CCSAK,12 CHEESE SAMOSAS,240 Gms x 20 Pkts,SAMOSA,53.06,44.25,85.5,conflict,0.01,,manual_required
8736,24674222,Al Kabeer ZING CHICKEN FILLET NON SPICY 750 gm,Al Kabeer,Chicken Fillets-Frozen,No Variant,Zing,750 gm,1,CKN,CHICKEN NUGGETS,270 Gms x 20 Pkts,NUGGETS,54.0,46.94,85.5,conflict,1.85,,manual_required
8740,24674546,Al Kabeer ZING CHICKEN STRIPS SMOKED BUFFALO/SPICY SRIRACHA FLAVOR 700 gm,Al Kabeer,Chicken Strips-Frozen,No Variant,Zing,700 gm,1,CCF,CHICKEN FRIES,12 PKTS X 400 GRM,POP-CORN & CHICKEN FRIES,54.53,48.44,85.5,conflict,1.22,,manual_required
8741,24674546,Al Kabeer ZING CHICKEN STRIPS SMOKED BUFFALO/SPICY SRIRACHA FLAVOR 700 gm,Al Kabeer,Chicken Strips-Frozen,Spicy,Zing,700 gm,1,CCKSB,CHICKEN STICKS BULK,1 Kgs x 5 Pkts,STICKS & FINGERS,54.45,48.21,85.5,conflict,0.86,,manual_required
8743,24674548,Alkabeer Tandoori Chicken Tikka 1000 gm,Al Kabeer,Chicken Tikka-Frozen,No Variant,Frozen Barbeque Products,1000 gm,1,CCCB,CHICKEN BIRYANI 400,400 Gms x 12 Pkts,READY2EAT,54.15,47.37,85.5,conflict,2.23,,manual_required
8745,24674550,Al Kabeer Tabarruk Cooking Shrimps 500 gm,Tabarruk,Peeled Shrimps/Prawns Frozen,No Variant,Frozen Seafood,500 gm,1,CFBF,BREADED FISH FILLET,330 Gms x 20 Pkts,FILLETS,53.56,45.67,85.5,conflict,0.56,,manual_required
8747,24674552,ALKABEER FRENCH FRIES 2.5 kg,Al Kabeer,French Fries-Frozen,No Variant,Frozen Fries & Onion Rings,2.5 kg,1,CFBFA,BREADED FISH FILLET BULK,1 Kgs x 5 Pkts,FILLETS,52.24,41.9,85.5,conflict,0.08,,manual_required
8757,24687457,Al Kabeer Panjabi Samosa 900 gm,Al Kabeer,Samosa-Frozen,Punjabi,"Frozen Pizzas, Wraps, Sandwiches",900 gm,1,CCSAK,12 CHEESE SAMOSAS,240 Gms x 20 Pkts,SAMOSA,53.34,45.05,85.5,conflict,0.86,,manual_required
8768,24775452,Al-Kabeer Zing Chicken Strips Smoked Buffalo/Sriracha 700 gm,Al Kabeer,Chicken Strips-Frozen,No Variant,Zing,700 gm,1,CCCB,CHICKEN BIRYANI 400,400 Gms x 12 Pkts,READY2EAT,53.26,44.83,85.5,conflict,1.69,,manual_required
8769,24775452,Al-Kabeer Zing Chicken Strips Smoked Buffalo/Sriracha 700 gm,Al Kabeer,Chicken Strips-Frozen,Spicy,Zing,700 gm,1,CKBT,TAYEBAT CHICKEN BURGER,1 Kgs x 9 Pkts,BURGERS,54.45,48.21,85.5,conflict,1.74,,manual_required
8770,24788144,Al Kabeer Krazee Nugget 2x400 gm,Al Kabeer,Chicken Nuggets-Frozen,No Variant,Marinated & Breaded,2x400 gm,1,CFB,BEEF FRANKS,454 Gms x 20 Pkts,SAUSAGES,53.13,44.44,85.5,conflict,0.39,,manual_required
8774,24802253,Al Kabeer Zing Chicken Strips Spicy 750 gm,Al Kabeer,Chicken Strips-Frozen,No Variant,Marinated & Breaded,750 gm,1,CCCB,CHICKEN BIRYANI 400,400 Gms x 12 Pkts,READY2EAT,53.91,46.67,85.5,conflict,0.47,,manual_required
8775,24802262,Al Kabeer Frozen Mixed Veg./Green Peas 900 gm,Al Kabeer,Green/Garden Peas-Frozen,No Variant,Frozen Vegetables,900 gm,1,CFBF,BREADED FISH FILLET,330 Gms x 20 Pkts,FILLETS,52.16,41.67,85.5,conflict,0.22,,manual_required
8776,24802262,Al Kabeer Frozen Mixed Veg./Green Peas 900 gm,Al Kabeer,Mix Vegetables-Frozen,No Variant,Frozen Vegetables,900 gm,1,CFBJ,JUMBO HOTDOGS,400 Gms x 20 Pkts,SAUSAGES,51.7,40.37,85.5,conflict,0.0,,manual_required
8780,24810588,Al Kabeer Zing Chicken Strips/ Fillets Spicy 750 gm,Al Kabeer,Chicken Strips-Frozen,No Variant,Zing,750 gm,1,CKJCNA,JUMBO CHICKEN NUGGETS,1 Kgs x 5 Pkts,NUGGETS,53.05,44.21,85.5,conflict,0.26,,manual_required
8811,24842208,"Al Kabeer ZING CHICKEN STRIPS SMOKE BUFFALO OR SPICY SRIRACHA, 700 gm",Al Kabeer,Chicken Strips-Frozen,No Variant,Zing,700 gm,1,CCKSB,CHICKEN STICKS BULK,1 Kgs x 5 Pkts,STICKS & FINGERS,54.19,47.46,85.5,conflict,0.24,,manual_required
8814,24842212,"Al Kabeer KRAZEE CHICKEN NUGGETS, 800 gm",Al Kabeer,Chicken Nuggets-Frozen,No Variant,Marinated & Breaded,800 gm,1,CKB,ARABIC KOFTA,300 Gms x 20 Pkts,KOFTA-KIBBEH-FELAFEL,52.49,42.62,85.5,conflict,0.31,,manual_required
8816,24844715,Al Kabeer Paneer Cubes 200 gm,Al Kabeer,Paneer,No Variant,Paneer,200 gm,1,CKCCR,CHICKEN ‘N’ CHEESE RINGS 300,300 gms x 12 pkts,POP-CORN & CHICKEN FRIES,52.79,43.48,85.5,conflict,0.32,,manual_required
8823,24846629,Al Kabeer KIRI CHEESE SAMOSA 240 gm / ARABIC KOFTA 300 gm / WAFFLE FRIES 750 gm,Al Kabeer,Crisscut Fries-Frozen,No Variant,Frozen Fries & Onion Rings,750 gm,1,CCF,CHICKEN FRIES,12 PKTS X 400 GRM,POP-CORN & CHICKEN FRIES,53.55,45.64,85.5,conflict,1.33,,manual_required
8828,24846633,Al Kabeer FROZEN PANJABI SAMOSAS 900 gm,Al Kabeer,Samosa-Frozen,Punjabi,"Frozen Pizzas, Wraps, Sandwiches",900 gm,1,CCSAK,12 CHEESE SAMOSAS,240 Gms x 20 Pkts,SAMOSA,54.63,48.74,85.5,conflict,0.73,,manual_required
8840,24846642,Al Kabeer BUTTER CHICKEN ZING FILLET / ZING CHICKEN STRIPS SMOKED BUFFALO 700 gm,Al Kabeer,Chicken Strips-Frozen,No Variant,Zing,700 gm,1,CCKSB,CHICKEN STICKS BULK,1 Kgs x 5 Pkts,STICKS & FINGERS,54.01,46.96,85.5,conflict,0.1,,manual_required
8841,24846642,Al Kabeer BUTTER CHICKEN ZING FILLET / ZING CHICKEN STRIPS SMOKED BUFFALO 700 gm,Al Kabeer,Chicken Fillets-Frozen,No Variant,Zing,700 gm,1,CCKSB,CHICKEN STICKS BULK,1 Kgs x 5 Pkts,STICKS & FINGERS,53.51,45.53,85.5,conflict,0.08,,manual_required
8844,24846926,Al Kabeer CHICKEN FILLET 750 gm,Al Kabeer,Chicken Fillets-Frozen,No Variant,Marinated & Breaded,750 gm,1,CKCKB,CHICKEN BURGERS 56 g,840 g. x 9,BURGERS,51.89,40.91,85.5,conflict,0.45,,manual_required
8850,24848628,Alkabeer Tandoori Chicken Tikka 1000 gm,Al Kabeer,Chicken Tikka-Frozen,No Variant,Frozen Barbeque Products,1000 gm,1,CCCB,CHICKEN BIRYANI 400,400 Gms x 12 Pkts,READY2EAT,54.15,47.37,85.5,conflict,2.23,,manual_required
8851,24848629,AL KABEER ZING CHICKEN STRIPS SMOKED BUFFALO/SPICY SRIRACHA FLAVOR 700 GM,Al Kabeer,Chicken Strips-Frozen,No Variant,Zing,700 gm,1,CCF,CHICKEN FRIES,12 PKTS X 400 GRM,POP-CORN & CHICKEN FRIES,54.53,48.44,85.5,conflict,1.22,,manual_required
8853,24848630,Al Kabeer Tabarruk Cooking Shrimps 500 gm,Tabarruk,Peeled Shrimps/Prawns Frozen,No Variant,Frozen Seafood,500 gm,1,CFBF,BREADED FISH FILLET,330 Gms x 20 Pkts,FILLETS,53.56,45.67,85.5,conflict,0.56,,manual_required
8859,24848636,ALKABEER FRENCH FRIES 2.5 kg,Al Kabeer,French Fries-Frozen,No Variant,Frozen Fries & Onion Rings,2.5 kg,1,CFBFA,BREADED FISH FILLET BULK,1 Kgs x 5 Pkts,FILLETS,52.24,41.9,85.5,conflict,0.08,,manual_required
8860,24848637,Al Kabeer ZING CHICKEN FILLET NON SPICY 750 gm,Al Kabeer,Chicken Fillets-Frozen,No Variant,Zing,750 gm,1,CKN,CHICKEN NUGGETS,270 Gms x 20 Pkts,NUGGETS,54.0,46.94,85.5,conflict,1.85,,manual_required
8880,24862652,Al Kabeer French Fries 2.5 kg,Al Kabeer,French Fries-Frozen,No Variant,Frozen Fries & Onion Rings,2.5 kg,1,CFBFA,BREADED FISH FILLET BULK,1 Kgs x 5 Pkts,FILLETS,52.24,41.9,85.5,conflict,0.08,,manual_required
8892,24892682,Al Kabeer Chicken Vegetable Spring Roll 560 gm/Samosas 480 gm,Al Kabeer,Samosa-Frozen,No Variant,"Frozen Pizzas, Wraps, Sandwiches",480 gm,1,CCF,CHICKEN FRIES,12 PKTS X 400 GRM,POP-CORN & CHICKEN FRIES,52.16,41.67,85.5,conflict,0.1,,manual_required
8893,24892682,Al Kabeer Chicken Vegetable Spring Roll 560 gm/Samosas 480 gm,Al Kabeer,Spring Roll-Frozen,No Variant,"Frozen Pizzas, Wraps, Sandwiches",560 gm,1,CCF,CHICKEN FRIES,12 PKTS X 400 GRM,POP-CORN & CHICKEN FRIES,52.9,43.8,85.5,conflict,0.11,,manual_required
8894,24892683,Al Kabeer Blackberries/Blueberries 350 gm,Al Kabeer,Blueberries-Frozen,No Variant,Frozen Fruits,350 gm,1,CBBO,4 BEEF BURGERS,200 Gms x 30 Pkt,BURGERS,52.89,43.75,85.5,conflict,0.86,,manual_required
8902,24900230,Al Kabeer Zing Chicken Strips/ Fillets Spicy 750 gm Per Pc,Al Kabeer,Chicken Fillets-Frozen,No Variant,Zing,750 gm,1,CFBF,BREADED FISH FILLET,330 Gms x 20 Pkts,FILLETS,54.35,47.93,85.5,conflict,1.69,,manual_required
8904,24949340,Al Kabeer Chicken Pop-Corn 750 gm,Al Kabeer,Chicken Popcorn-Frozen,No Variant,Marinated & Breaded,750 gm,1,CKCKB,CHICKEN BURGERS 56 g,840 g. x 9,BURGERS,51.89,40.91,85.5,conflict,0.06,,manual_required
8910,24978243,Al Kabeer Zing Fish Fillet Mild Spicy 750 gm,Al Kabeer,Zing Fish Fillet,No Variant,Breaded Seafood,750 gm,1,CFB,BEEF FRANKS,454 Gms x 20 Pkts,SAUSAGES,52.62,42.99,85.5,conflict,0.49,,manual_required
8913,24978245,Al Kabeer Chicken Pop Corn 750 gm,Al Kabeer,Chicken Popcorn-Frozen,No Variant,Marinated & Breaded,750 gm,1,CKCKB,CHICKEN BURGERS 56 g,840 g. x 9,BURGERS,51.89,40.91,85.5,conflict,0.06,,manual_required
8914,24978246,Alkabeer blue/black berry frozen 350 gm,Al Kabeer,Blueberries-Frozen,No Variant,Frozen Fruits,350 gm,1,CBBUR,BEEF BURGERS 56 g.,840 g. x 9,BURGERS,52.89,43.75,85.5,conflict,0.61,,manual_required
8915,24978250,Al Kabeer Chicken Zing Strips NON Spicy/Sriracha/Buffalo 700 gm,Al Kabeer,Chicken Strips-Frozen,No Variant,Zing,750 gm,1,CCKSB,CHICKEN STICKS BULK,1 Kgs x 5 Pkts,STICKS & FINGERS,54.33,47.86,85.5,conflict,0.82,,manual_required
8916,24978250,Al Kabeer Chicken Zing Strips NON Spicy/Sriracha/Buffalo 700 gm,Al Kabeer,Chicken Strips-Frozen,No Variant,Marinated & Breaded,700 gm,1,CCKSB,CHICKEN STICKS BULK,1 Kgs x 5 Pkts,STICKS & FINGERS,54.17,47.41,85.5,conflict,0.09,,manual_required
8919,24993046,Al Kabeer Felafel 360 gm,Al Kabeer,Falafel-Frozen,Non-Stuffed,"Frozen Pizzas, Wraps, Sandwiches",360 gm,1,CFB,BEEF FRANKS,454 Gms x 20 Pkts,SAUSAGES,50.82,37.84,85.5,conflict,0.85,,manual_required
8923,24993052,Al Kabeer Turkish Chicken Kebabs 360g,Al Kabeer,Falafel-Frozen,Non-Stuffed,"Frozen Pizzas, Wraps, Sandwiches",360 gm,1,CKB,ARABIC KOFTA,300 Gms x 20 Pkts,KOFTA-KIBBEH-FELAFEL,52.84,43.61,85.5,conflict,0.5,,manual_required
8942,25014534,Al Kabeer CHICKEN KOFTA 300 gm,Al Kabeer,Chicken Kofta-Frozen,No Variant,Frozen Kofta / Kibbeh & Meat Balls,300 gm,1,CCCB,CHICKEN BIRYANI 400,400 Gms x 12 Pkts,READY2EAT,54.43,48.15,85.5,conflict,1.81,,manual_required
8953,25021122,"Al Kabeer FALAFEL, 360 GRAMS ",Al Kabeer,Falafel-Frozen,Non-Stuffed,"Frozen Pizzas, Wraps, Sandwiches",360 gm,1,CFB,BEEF FRANKS,454 Gms x 20 Pkts,SAUSAGES,50.49,36.89,85.5,conflict,0.19,,manual_required
8958,25021127,"AL KABEER CHICKEN N' CHEESE RINGS OR POPCORN, 300 - 400 gm",Al Kabeer,Chicken Cheese Stick-Frozen,No Variant,Frozen Barbeque Products,300 gm,1,CCF,CHICKEN FRIES,12 PKTS X 400 GRM,POP-CORN & CHICKEN FRIES,54.94,49.62,85.5,conflict,0.46,,manual_required
8963,25021134,"AL KABEER CHICKEN OR VEGETABLE SPRING ROLLS, 280 gm",Al Kabeer,Spring Roll-Frozen,No Variant,"Frozen Pizzas, Wraps, Sandwiches",280 gm,1,CCF,CHICKEN FRIES,12 PKTS X 400 GRM,POP-CORN & CHICKEN FRIES,53.25,44.78,85.5,conflict,0.12,,manual_required
8966,25022476,ALKABEER FRENCH FRIES 1000 gm,Al Kabeer,French Fries-Frozen,No Variant,Frozen Fries & Onion Rings,1 kg,1,CCSAKPR,A.K PRO CHEESE SAMOSA,4 X 1.2 KGS,SAMOSA,52.13,41.58,85.5,conflict,0.41,,manual_required
8967,25022477,Al Kabeer ZING CHICKEN STRIPS SMOKED BUFFALO 700 gm,Al Kabeer,Chicken Strips-Frozen,No Variant,Zing,700 gm,1,CKJCNA,JUMBO CHICKEN NUGGETS,1 Kgs x 5 Pkts,NUGGETS,54.35,47.92,85.5,conflict,0.96,,manual_required
8971,25022484,Al Kabeer ZING CHICKEN STRIPS SPICY SRIRACHA 700 gm,Al Kabeer,Chicken Strips-Frozen,Spicy,Zing,700 gm,1,CKSAA,CHICKEN SAMOSAS BULK,1.2 Kgs x 4 Pkts,SAMOSA,54.7,48.94,85.5,conflict,1.57,,manual_required
8975,25022488,Al Kabeer CHICKEN POP CORN 750 gm,Al Kabeer,Chicken Popcorn-Frozen,No Variant,Marinated & Breaded,750 gm,1,CKCKB,CHICKEN BURGERS 56 g,840 g. x 9,BURGERS,51.89,40.91,85.5,conflict,0.06,,manual_required
8977,25022490,Al Kabeer BUTTER CHICKEN ZING FILLET 700gm,Al Kabeer,Chicken Fillets-Frozen,No Variant,Zing,700 gm,1,CKSAPR,AK PRO CHICKEN SAMOSA,4 X 1.2 KGS,SAMOSA,53.06,44.23,85.5,conflict,0.57,,manual_required
8978,25026874,Al Kabeer Butter Chicken Zing Fillets (700 gm),Al Kabeer,Chicken Fillets-Frozen,No Variant,Zing,700 gm,1,CKSAPR,AK PRO CHICKEN SAMOSA,4 X 1.2 KGS,SAMOSA,53.96,46.81,85.5,conflict,0.67,,manual_required
8983,25026878,Al Kabeer Chicken / Vegetables Spring Roll 8’s (280 gm),Al Kabeer,Spring Roll-Frozen,No Variant,"Frozen Pizzas, Wraps, Sandwiches",280 gm,1,CCCB,CHICKEN BIRYANI 400,400 Gms x 12 Pkts,READY2EAT,53.61,45.8,85.5,conflict,0.42,,manual_required
8990,25026882,Al Kabeer Blackberries / Blueberries (350 gm),Al Kabeer,Blueberries-Frozen,No Variant,Frozen Fruits,350 gm,1,CBBO,4 BEEF BURGERS,200 Gms x 30 Pkt,BURGERS,52.89,43.75,85.5,conflict,0.86,,manual_required
8995,25028799,ALKABEER ZING CHICKEN FILLET 750gm,Al Kabeer,Chicken Fillets-Frozen,Spicy,Marinated & Breaded,750 gm,1,CKJCNA,JUMBO CHICKEN NUGGETS,1 Kgs x 5 Pkts,NUGGETS,52.35,42.2,85.5,conflict,0.24,,manual_required
8996,25028801,Al Kabeer CHICKEN FILLET 750gm,Al Kabeer,Chicken Fillets-Frozen,No Variant,Marinated & Breaded,750 gm,1,CKCKB,CHICKEN BURGERS 56 g,840 g. x 9,BURGERS,51.89,40.91,85.5,conflict,0.44,,manual_required
8998,25030234,ALKABEER FRENCH FRIES 2.5 kg,Al Kabeer,French Fries-Frozen,No Variant,Frozen Fries & Onion Rings,2.5 kg,1,CFBFA,BREADED FISH FILLET BULK,1 Kgs x 5 Pkts,FILLETS,52.24,41.9,85.5,conflict,0.08,,manual_required
9004,25030240,Al Kabeer ZING CHICKEN STRIPS SMOKED BUFFALO/SPICY SRIRACHA FLAVOR 700 gm,Al Kabeer,Chicken Strips-Frozen,No Variant,Zing,700 gm,1,CCF,CHICKEN FRIES,12 PKTS X 400 GRM,POP-CORN & CHICKEN FRIES,54.53,48.44,85.5,conflict,1.22,,manual_required
9005,25030240,Al Kabeer ZING CHICKEN STRIPS SMOKED BUFFALO/SPICY SRIRACHA FLAVOR 700 gm,Al Kabeer,Chicken Strips-Frozen,Spicy,Zing,700 gm,1,CCKSB,CHICKEN STICKS BULK,1 Kgs x 5 Pkts,STICKS & FINGERS,54.45,48.21,85.5,conflict,0.86,,manual_required
9010,25030245,Al Kabeer Tabarruk Cooking Shrimps 500 gm,Tabarruk,Peeled Shrimps/Prawns Frozen,No Variant,Frozen Seafood,500 gm,1,CFBF,BREADED FISH FILLET,330 Gms x 20 Pkts,FILLETS,53.56,45.67,85.5,conflict,0.56,,manual_required
9012,25030247,Al Kabeer ZING CHICKEN FILLET NON SPICY 750 gm,Al Kabeer,Chicken Fillets-Frozen,No Variant,Zing,750 gm,1,CKN,CHICKEN NUGGETS,270 Gms x 20 Pkts,NUGGETS,54.0,46.94,85.5,conflict,1.85,,manual_required
9013,25030248,Alkabeer Tandoori Chicken Tikka 1000 gm,Al Kabeer,Chicken Tikka-Frozen,No Variant,Frozen Barbeque Products,1000 gm,1,CCCB,CHICKEN BIRYANI 400,400 Gms x 12 Pkts,READY2EAT,54.15,47.37,85.5,conflict,2.23,,manual_required
9016,25032601,Al Kabeer - Zing Chicken Fillets 750 gm,Al Kabeer,Chicken Fillets-Frozen,Spicy,Marinated & Breaded,750 gm,1,CKJCNA,JUMBO CHICKEN NUGGETS,1 Kgs x 5 Pkts,NUGGETS,53.84,46.46,85.5,conflict,0.22,,manual_required
9018,25032607,Al Kabeer Punjabi Vegetable Samosa 900gm,Al Kabeer,Samosa-Frozen,Punjabi,"Frozen Pizzas, Wraps, Sandwiches",900 gm,1,CCSAK,12 CHEESE SAMOSAS,240 Gms x 20 Pkts,SAMOSA,53.26,44.83,85.5,conflict,0.64,,manual_required
9021,25032997,Al Kabeer Butter Chicken Zing Fillet 700 gm,Al Kabeer,Chicken Fillets-Frozen,No Variant,Zing,700 gm,1,CKSK,SHISH KEBAB,600 Gms x 12 Pkts,KEBAB,53.13,44.44,85.5,conflict,0.31,,manual_required
9027,25035483,Al Kabeer Breaded Chicken Fillet Spicy/non Spicy 750gm,Al Kabeer,Chicken Fillets-Frozen,No Variant,Marinated & Breaded,750 gm,1,CCKSB,CHICKEN STICKS BULK,1 Kgs x 5 Pkts,STICKS & FINGERS,53.95,46.77,85.5,conflict,0.56,,manual_required
9028,25035483,Al Kabeer Breaded Chicken Fillet Spicy/non Spicy 750gm,Al Kabeer,Chicken Fillets-Frozen,Spicy,Marinated & Breaded,750 gm,1,CCKSB,CHICKEN STICKS BULK,1 Kgs x 5 Pkts,STICKS & FINGERS,54.92,49.56,85.5,conflict,0.91,,manual_required
9032,25037383,Al Kabeer - Butter Zing Chicken Fillet 700 gm,Al Kabeer,Chicken Fillets-Frozen,No Variant,Zing,700 gm,1,CKSK,SHISH KEBAB,600 Gms x 12 Pkts,KEBAB,53.13,44.44,85.5,conflict,0.31,,manual_required
9035,25038564,Al Kabeer Panjabi Samosa 900 gm,Al Kabeer,Samosa-Frozen,Punjabi,"Frozen Pizzas, Wraps, Sandwiches",900 gm,1,CCSAK,12 CHEESE SAMOSAS,240 Gms x 20 Pkts,SAMOSA,53.34,45.05,85.5,conflict,0.86,,manual_required
9040,25043856,Al Kabeer Zing Chckn Filets NoSpicy 750 gm,Al Kabeer,Chicken Fillets-Frozen,No Variant,Zing,750 gm,1,CKSAPR,AK PRO CHICKEN SAMOSA,4 X 1.2 KGS,SAMOSA,52.48,42.59,85.5,conflict,0.38,,manual_required
9050,25057578,Al Kabeer Paneer Cubes 200 gm,Al Kabeer,Paneer,No Variant,Paneer,200 gm,1,CKCCR,CHICKEN ‘N’ CHEESE RINGS 300,300 gms x 12 pkts,POP-CORN & CHICKEN FRIES,52.79,43.48,85.5,conflict,0.32,,manual_required
9062,25135639,Al Kabeer Spring Roll Assorted 560 gm,Al Kabeer,Spring Roll-Frozen,No Variant,"Frozen Pizzas, Wraps, Sandwiches",560 gm,1,CCSRA,8 CHEESE SPRING ROLLS,240 Gms x 20 Pkts,SPRING ROLL,54.21,47.54,85.5,conflict,2.64,,manual_required
9073,25149979,Al Kabeer Stuffed Felafel 750 gm,Al Kabeer,Falafel-Frozen,Stuffed,"Frozen Pizzas, Wraps, Sandwiches",750 gm,1,CFB,BEEF FRANKS,454 Gms x 20 Pkts,SAUSAGES,51.31,39.25,85.5,conflict,1.24,,manual_required
9074,25154286,Al Kabeer punjabi samosa 900gm,Al Kabeer,Samosa-Frozen,Punjabi,"Frozen Pizzas, Wraps, Sandwiches",900 gm,1,CCSAK,12 CHEESE SAMOSAS,240 Gms x 20 Pkts,SAMOSA,54.74,49.06,85.5,conflict,1.92,,manual_required
9077,25154596,Al Kabeer hash browns 2.5 kg,Al Kabeer,Hash browns,No Variant,Frozen Potato/ Fries/ Onion rings,2.5 kg,1,SFM,FISH MILK,1 kg x 10 Pkts,TRADING-FISH,51.97,41.12,85.5,conflict,0.8,,manual_required
9087,25177212,Al Kabeer Zing Fish Fillet Mild Spicy 750 gm,Al Kabeer,Zing Fish Fillet,No Variant,Breaded Seafood,750 gm,1,CFB,BEEF FRANKS,454 Gms x 20 Pkts,SAUSAGES,52.62,42.99,85.5,conflict,0.49,,manual_required
9089,25177218,Al Kabeer Frozen Mixed Veg/Green Peas 900 gm,Al Kabeer,Green/Garden Peas-Frozen,No Variant,Frozen Vegetables,900 gm,1,CFBF,BREADED FISH FILLET,330 Gms x 20 Pkts,FILLETS,52.28,42.02,85.5,conflict,0.22,,manual_required
9090,25177218,Al Kabeer Frozen Mixed Veg/Green Peas 900 gm,Al Kabeer,Mix Vegetables-Frozen,No Variant,Frozen Vegetables,900 gm,1,CFBJ,JUMBO HOTDOGS,400 Gms x 20 Pkts,SAUSAGES,51.83,40.74,85.5,conflict,0.0,,manual_required
9091,25177222,Al Kabeer Breaded Chicken Fillet Non Spicy/Spicy 750 gm,Al Kabeer,Chicken Fillets-Frozen,No Variant,Marinated & Breaded,750 gm,1,CCKSB,CHICKEN STICKS BULK,1 Kgs x 5 Pkts,STICKS & FINGERS,54.35,47.93,85.5,conflict,0.58,,manual_required
9112,25226399,Al Kabeer Strawberries/Garden Peas- 900 gm,Al Kabeer,Green/Garden Peas-Frozen,No Variant,Frozen Vegetables,900 gm,1,CFBJ,JUMBO HOTDOGS,400 Gms x 20 Pkts,SAUSAGES,51.7,40.35,85.5,conflict,0.25,,manual_required
9113,25226399,Al Kabeer Strawberries/Garden Peas- 900 gm,Al Kabeer,Strawberry-Frozen,No Variant,Frozen Fruits,900 gm,1,CFB,BEEF FRANKS,454 Gms x 20 Pkts,SAUSAGES,51.2,38.94,85.5,conflict,0.24,,manual_required
9116,25227108,Alkabeer Chicken Burger Jumbo 10 pcs 1 kg,Al Kabeer,Chicken Burger-Frozen,Unbreaded,Frozen Burger,1 kg,1,CFBJ,JUMBO HOTDOGS,400 Gms x 20 Pkts,SAUSAGES,54.89,49.48,85.5,conflict,0.21,,manual_required
9127,25228943,AL KABEER ZING CHICKEN STRIPS SPICY SRIRACHA 700 gm,Al Kabeer,Chicken Strips-Frozen,Spicy,Zing,700 gm,1,CKSAA,CHICKEN SAMOSAS BULK,1.2 Kgs x 4 Pkts,SAMOSA,54.7,48.94,85.5,conflict,1.57,,manual_required
9128,25228944,Alkabeer French Fries 1000 gm,Al Kabeer,French Fries-Frozen,No Variant,Frozen Fries & Onion Rings,1 kg,1,CCSAKPR,A.K PRO CHEESE SAMOSA,4 X 1.2 KGS,SAMOSA,52.13,41.58,85.5,conflict,0.41,,manual_required
9130,25228949,AL KABEER ZING CHICKEN STRIPS SMOKED BUFFALO 700 gm,Al Kabeer,Chicken Strips-Frozen,No Variant,Zing,700 gm,1,CKJCNA,JUMBO CHICKEN NUGGETS,1 Kgs x 5 Pkts,NUGGETS,54.35,47.92,85.5,conflict,0.96,,manual_required
9131,25228950,Al Kabeer FISH DORI FILLET 1 kg / CHICKEN NUGGETS / BREADED CHICKEN FILLET 750 gm,Al Kabeer,Chicken Nuggets-Frozen,No Variant,Marinated & Breaded,750 gm,1,BF,BEEF TENDERLOIN/FILLET,20 KGS,MEAT-INDIAN-TRD,54.95,49.66,85.5,conflict,2.27,,manual_required
9133,25228950,Al Kabeer FISH DORI FILLET 1 kg / CHICKEN NUGGETS / BREADED CHICKEN FILLET 750 gm,Al Kabeer,Chicken Fillets-Frozen,No Variant,Marinated & Breaded,750 gm,1,BF,BEEF TENDERLOIN/FILLET,20 KGS,MEAT-INDIAN-TRD,54.96,49.67,85.5,conflict,3.1,,manual_required
9150,25231747,"Al Kabeer SPRING ROLLS OR SAMOSA, ASSORTED ITEMS, 240 - 280 gm",Al Kabeer,Spring Roll-Frozen,No Variant,"Frozen Pizzas, Wraps, Sandwiches",280 gm,1,CCSAK,12 CHEESE SAMOSAS,240 Gms x 20 Pkts,SAMOSA,53.4,45.21,85.5,conflict,0.76,,manual_required
9151,25231748,"Alkabeer ZING NON SPICY OR SPICY CHICKEN STRIPS, 750 gm",Al Kabeer,Chicken Strips-Frozen,No Variant,Zing,750 gm,1,CKBT,TAYEBAT CHICKEN BURGER,1 Kgs x 9 Pkts,BURGERS,53.42,45.28,85.5,conflict,2.41,,manual_required
9152,25231748,"Alkabeer ZING NON SPICY OR SPICY CHICKEN STRIPS, 750 gm",Al Kabeer,Chicken Strips-Frozen,Spicy,Zing,750 gm,1,CKCKB,CHICKEN BURGERS 56 g,840 g. x 9,BURGERS,54.2,47.5,85.5,conflict,0.6,,manual_required
9153,25231751,"Al Kabeer PUNJABI SAMOSA, 900 gm",Al Kabeer,Samosa-Frozen,Punjabi,"Frozen Pizzas, Wraps, Sandwiches",900 gm,1,CCSAK,12 CHEESE SAMOSAS,240 Gms x 20 Pkts,SAMOSA,53.89,46.6,85.5,conflict,0.67,,manual_required
9156,25232502,Al Kabeer CHICKEN FILLET 750 gm,Al Kabeer,Chicken Fillets-Frozen,No Variant,Marinated & Breaded,750 gm,1,CKCKB,CHICKEN BURGERS 56 g,840 g. x 9,BURGERS,51.89,40.91,85.5,conflict,0.45,,manual_required
9160,25234001,AL KABEER BUTTER CHICKEN ZING FILLET 700 gm,Al Kabeer,Chicken Fillets-Frozen,No Variant,Zing,700 gm,1,CKSK,SHISH KEBAB,600 Gms x 12 Pkts,KEBAB,53.13,44.44,85.5,conflict,0.31,,manual_required
9167,25236810,Al Kabeer Butter Chicken Zing Fillets (700 gm) ,Al Kabeer,Chicken Fillets-Frozen,No Variant,Zing,700 gm,1,CKSAPR,AK PRO CHICKEN SAMOSA,4 X 1.2 KGS,SAMOSA,53.96,46.81,85.5,conflict,0.67,,manual_required
9171,25237177,Al Kabeer French Fries (2.5 kg),Al Kabeer,French Fries-Frozen,No Variant,Frozen Fries & Onion Rings,2.5 kg,1,CFBFA,BREADED FISH FILLET BULK,1 Kgs x 5 Pkts,FILLETS,52.24,41.9,85.5,conflict,0.08,,manual_required
9174,25237184,Al Kabeer Blackberries / Blueberries (350 gm),Al Kabeer,Blueberries-Frozen,No Variant,Frozen Fruits,350 gm,1,CBBO,4 BEEF BURGERS,200 Gms x 30 Pkt,BURGERS,52.89,43.75,85.5,conflict,0.86,,manual_required
9182,25240721,Alkabeer Tandoori Chicken Tikka 1000 gm,Al Kabeer,Chicken Tikka-Frozen,No Variant,Frozen Barbeque Products,1000 gm,1,CCCB,CHICKEN BIRYANI 400,400 Gms x 12 Pkts,READY2EAT,54.15,47.37,85.5,conflict,2.23,,manual_required
9189,25240728,Al Kabeer GREEN PEAS / MIX 900 gm,Al Kabeer,Mix Vegetables-Frozen,No Variant,Frozen Vegetables,900 gm,1,VPAN,PANEER CUBES,200 gm x 20 Pkts,TRADING-VEG,53.05,44.21,85.5,conflict,0.89,,manual_required
9190,25240728,Al Kabeer GREEN PEAS / MIX 900 gm,Al Kabeer,Green/Garden Peas-Frozen,No Variant,Frozen Vegetables,900 gm,1,CFB,BEEF FRANKS,454 Gms x 20 Pkts,SAUSAGES,51.85,40.78,85.5,conflict,0.27,,manual_required
9197,25246429,Al Kabeer PUNJABI SAMOSA 900 gm,Al Kabeer,Samosa-Frozen,Punjabi,"Frozen Pizzas, Wraps, Sandwiches",900 gm,1,CCSAK,12 CHEESE SAMOSAS,240 Gms x 20 Pkts,SAMOSA,53.89,46.6,85.5,conflict,0.67,,manual_required
9200,25246432,Al Kabeer French Fries 2.5 kg,Al Kabeer,French Fries-Frozen,No Variant,Frozen Fries & Onion Rings,2.5 kg,1,CFBFA,BREADED FISH FILLET BULK,1 Kgs x 5 Pkts,FILLETS,52.24,41.9,85.5,conflict,0.08,,manual_required
9219,25250487,Al Kabeer Zing Chicken Strips Spicy/Non Spicy 750 gm,Al Kabeer,Chicken Strips-Frozen,No Variant,Zing,750 gm,1,CKJCNA,JUMBO CHICKEN NUGGETS,1 Kgs x 5 Pkts,NUGGETS,52.19,41.76,85.5,conflict,0.3,,manual_required
9220,25250989,Alkabeer French Fries 2500 gm,Al Kabeer,French Fries-Frozen,No Variant,Frozen Fries & Onion Rings,2.5 kg,1,CCSK,KIRI CHEESE SAMOSA,20 X 240 GMS,SAMOSA,52.53,42.72,85.5,conflict,0.52,,manual_required
9221,25251933,Al Kabeer Chicken / Vegetable Samosa / Spring Roll 240 gm / 280 gm,Al Kabeer,Spring Roll-Frozen,No Variant,"Frozen Pizzas, Wraps, Sandwiches",280 gm,1,CCF,CHICKEN FRIES,12 PKTS X 400 GRM,POP-CORN & CHICKEN FRIES,53.53,45.59,85.5,conflict,0.12,,manual_required
9225,25251935,Al Kabeer Blackberries / Blueberries 350 gm,Al Kabeer,Blueberries-Frozen,No Variant,Frozen Fruits,350 gm,1,CBBO,4 BEEF BURGERS,200 Gms x 30 Pkt,BURGERS,52.89,43.75,85.5,conflict,0.86,,manual_required
9236,25251944,Al Kabeer Paneer Cubes 200 gm,Al Kabeer,Paneer,No Variant,Paneer,200 gm,1,CKCCR,CHICKEN ‘N’ CHEESE RINGS 300,300 gms x 12 pkts,POP-CORN & CHICKEN FRIES,52.79,43.48,85.5,conflict,0.32,,manual_required
9239,25300074,Al Kabeer Hash Browns 1000 gm,Al Kabeer,Hash browns,No Variant,Frozen Potato/ Fries/ Onion rings,1 kg,1,CCSAKA,CHEESE SAMOSAS BULK,1.2 Kgs x 4 Pkts,SAMOSA,51.33,39.29,85.5,conflict,0.01,,manual_required
9240,25300085,Al Kabeer Assorted (Chicken Samosas 480 gm / Chicken Spring Rolls 560 gm),Al Kabeer,Spring Roll-Frozen,No Variant,"Frozen Pizzas, Wraps, Sandwiches",560 gm,1,CCCTM,CHICKEN TIKKA MAKHANI & PILAU RICE,450 Gms x 12 Pkts,READY2EAT,53.79,46.34,85.5,conflict,0.44,,manual_required
9241,25300085,Al Kabeer Assorted (Chicken Samosas 480 gm / Chicken Spring Rolls 560 gm),Al Kabeer,Samosa-Frozen,Chicken,"Frozen Pizzas, Wraps, Sandwiches",480 gm,1,CCF,CHICKEN FRIES,12 PKTS X 400 GRM,POP-CORN & CHICKEN FRIES,52.84,43.61,85.5,conflict,0.19,,manual_required
9250,25390651,Al Kabeer Vegetable /Chicken Samosa 480gm Al Kabeer Vegetable / Chicken Spring Roll 560gm ,Al Kabeer,Spring Roll-Frozen,No Variant,"Frozen Pizzas, Wraps, Sandwiches",560 gm,1,CCCTM,CHICKEN TIKKA MAKHANI & PILAU RICE,450 Gms x 12 Pkts,READY2EAT,53.66,45.96,85.5,conflict,0.98,,manual_required
9259,25400120,Al Kabeer krazee Chicken Nuggets 750 gm,Al Kabeer,Chicken Nuggets-Frozen,No Variant,Marinated & Breaded,750 gm,1,CFB,BEEF FRANKS,454 Gms x 20 Pkts,SAUSAGES,52.18,41.74,85.5,conflict,0.05,,manual_required
9260,25400121,Al Kabeer Punjabi Sambosa 900 gm,Al Kabeer,Samosa-Frozen,Punjabi,"Frozen Pizzas, Wraps, Sandwiches",900 gm,1,CCSAK,12 CHEESE SAMOSAS,240 Gms x 20 Pkts,SAMOSA,54.6,48.65,85.5,conflict,1.69,,manual_required
9262,25400122,Al Kabeer Chicken Zing Strips Spicy Sriracha/Buffalo 700 gm,Al Kabeer,Chicken Strips-Frozen,No Variant,Marinated & Breaded,700 gm,1,CCKSB,CHICKEN STICKS BULK,1 Kgs x 5 Pkts,STICKS & FINGERS,54.67,48.85,85.5,conflict,0.11,,manual_required
9271,25439505,Al Kabeer Tempura Chicken Nuggets 750 gm,Al Kabeer,Chicken Nuggets-Frozen,No Variant,Marinated & Breaded,750 gm,1,CFBF,BREADED FISH FILLET,330 Gms x 20 Pkts,FILLETS,52.58,42.86,85.5,conflict,0.52,,manual_required
9276,25439511,"Al Kabeer Assorted (Chicken Samosas / Vegetable Samosas (480 gm), Chicken Spring Rolls / Vegetable Spring Rolls (560 gm)",Al Kabeer,Spring Roll-Frozen,No Variant,"Frozen Pizzas, Wraps, Sandwiches",560 gm,1,CCCTM,CHICKEN TIKKA MAKHANI & PILAU RICE,450 Gms x 12 Pkts,READY2EAT,53.26,44.83,85.5,conflict,0.95,,manual_required
9284,25463697,Al Kabeer French Fries  2.5 kg,Al Kabeer,French Fries-Frozen,No Variant,Frozen Fries & Onion Rings,2.5 kg,1,CFBFA,BREADED FISH FILLET BULK,1 Kgs x 5 Pkts,FILLETS,52.24,41.9,85.5,conflict,0.08,,manual_required
9286,25463699,Al Kabeer Kids Chicken Nuggets 750 gm,Al Kabeer,Chicken Nuggets-Frozen,No Variant,Marinated & Breaded,750 gm,1,CFBF,BREADED FISH FILLET,330 Gms x 20 Pkts,FILLETS,53.51,45.53,85.5,conflict,0.45,,manual_required
9292,25468251,Al Kabeer CHICKEN SHEEKH KEBABS 320 gm / TURKISH CHICKEN KEBABS 360 gm,Al Kabeer,Seekh Kabab-Frozen,No Variant,Frozen Kabab ,320 gm,1,CCCB,CHICKEN BIRYANI 400,400 Gms x 12 Pkts,READY2EAT,53.59,45.76,85.5,conflict,0.46,,manual_required
9299,25468258,Al Kabeer BREADED CHICKEN FILLET PLAIN / HOT & SPICY 750 gm,Al Kabeer,Chicken Fillets-Frozen,No Variant,Marinated & Breaded,750 gm,1,CCKSB,CHICKEN STICKS BULK,1 Kgs x 5 Pkts,STICKS & FINGERS,54.11,47.24,85.5,conflict,0.1,,manual_required
9301,25470334,"Al Kabeer Assorted (Chicken Samosas / Vegetable Samosas (480 gm), Vegetable Spring Rolls (560 gm))",Al Kabeer,Spring Roll-Frozen,No Variant,"Frozen Pizzas, Wraps, Sandwiches",560 gm,1,CCCTM,CHICKEN TIKKA MAKHANI & PILAU RICE,450 Gms x 12 Pkts,READY2EAT,53.26,44.83,85.5,conflict,0.95,,manual_required
9309,25470704,"Al Kabeer Assorted (Chicken Springrolls / Vegetable Springrolls (560 gm), Cheese Springrolls (480 gm))",Al Kabeer,Spring Roll-Frozen,No Variant,"Frozen Pizzas, Wraps, Sandwiches",560 gm,1,CCF,CHICKEN FRIES,12 PKTS X 400 GRM,POP-CORN & CHICKEN FRIES,53.63,45.86,85.5,conflict,0.41,,manual_required
9315,25472222,Al Kabeer Breaded Chicken Fillet / Krazee Nuggets 750 gm,Al Kabeer,Chicken Fillets-Frozen,No Variant,Marinated & Breaded,750 gm,1,CCF,CHICKEN FRIES,12 PKTS X 400 GRM,POP-CORN & CHICKEN FRIES,53.61,45.8,85.5,conflict,0.1,,manual_required
9316,25472222,Al Kabeer Breaded Chicken Fillet / Krazee Nuggets 750 gm,Al Kabeer,Chicken Nuggets-Frozen,No Variant,Marinated & Breaded,750 gm,1,CCF,CHICKEN FRIES,12 PKTS X 400 GRM,POP-CORN & CHICKEN FRIES,54.08,47.15,85.5,conflict,0.15,,manual_required
9322,25472232,Al Kabeer Mixed Vegetables / Green Peas 900 gm,Al Kabeer,Green/Garden Peas-Frozen,No Variant,Frozen Vegetables,900 gm,1,CFB,BEEF FRANKS,454 Gms x 20 Pkts,SAUSAGES,52.24,41.9,85.5,conflict,0.06,,manual_required
9323,25472232,Al Kabeer Mixed Vegetables / Green Peas 900 gm,Al Kabeer,Mix Vegetables-Frozen,No Variant,Frozen Vegetables,900 gm,1,CFBJ,JUMBO HOTDOGS,400 Gms x 20 Pkts,SAUSAGES,52.38,42.31,85.5,conflict,0.0,,manual_required
9324,25472235,Al Kabeer French Fries 2.5KG,Al Kabeer,French Fries-Frozen,No Variant,Frozen Fries & Onion Rings,2.5 kg,1,CFBFA,BREADED FISH FILLET BULK,1 Kgs x 5 Pkts,FILLETS,52.24,41.9,85.5,conflict,0.08,,manual_required
9326,25472237,Al Kabeer Samosas Chicken / Cheese / Vegetable 240 gm / Spring Rolls 280 gm,Al Kabeer,Samosa-Frozen,Other-Veg,"Frozen Pizzas, Wraps, Sandwiches",240 gm,1,CCCTM,CHICKEN TIKKA MAKHANI & PILAU RICE,450 Gms x 12 Pkts,READY2EAT,52.95,43.93,85.5,conflict,0.54,,manual_required
9327,25472237,Al Kabeer Samosas Chicken / Cheese / Vegetable 240 gm / Spring Rolls 280 gm,Al Kabeer,Spring Roll-Frozen,No Variant,"Frozen Pizzas, Wraps, Sandwiches",280 gm,1,CCCTM,CHICKEN TIKKA MAKHANI & PILAU RICE,450 Gms x 12 Pkts,READY2EAT,53.04,44.19,85.5,conflict,0.53,,manual_required
9332,25473864,"Al Kabeer Assorted (Chicken Samosas / Vegetable Samosas (480 gm), Vegetable Spring Rolls (560 gm))",Al Kabeer,Spring Roll-Frozen,No Variant,"Frozen Pizzas, Wraps, Sandwiches",560 gm,1,CCCTM,CHICKEN TIKKA MAKHANI & PILAU RICE,450 Gms x 12 Pkts,READY2EAT,53.26,44.83,85.5,conflict,0.95,,manual_required
9338,25474557,Alkabeer ZING CHICKEN FILLET 750 gm,Al Kabeer,Chicken Fillets-Frozen,Spicy,Marinated & Breaded,750 gm,1,CKJCNA,JUMBO CHICKEN NUGGETS,1 Kgs x 5 Pkts,NUGGETS,52.76,43.4,85.5,conflict,0.24,,manual_required
9341,25480265,"Al Kabeer PUNJABI SAMOSA, 900 gm",Al Kabeer,Samosa-Frozen,Punjabi,"Frozen Pizzas, Wraps, Sandwiches",900 gm,1,CCSAK,12 CHEESE SAMOSAS,240 Gms x 20 Pkts,SAMOSA,53.89,46.6,85.5,conflict,0.67,,manual_required
9348,25480300,"Al Kabeer BREADED CHICKEN FILLET, NON SPICY OR SPICY, 750 gm",Al Kabeer,Chicken Fillets-Frozen,No Variant,Marinated & Breaded,750 gm,1,CCFA,CHICKEN FRIES BULK,1 kg x 5 Pkts,POP-CORN & CHICKEN FRIES,53.95,46.77,85.5,conflict,0.0,,manual_required
9349,25480300,"Al Kabeer BREADED CHICKEN FILLET, NON SPICY OR SPICY, 750 gm",Al Kabeer,Chicken Fillets-Frozen,Spicy,Marinated & Breaded,750 gm,1,CCKSB,CHICKEN STICKS BULK,1 Kgs x 5 Pkts,STICKS & FINGERS,54.92,49.56,85.5,conflict,0.38,,manual_required
9350,25480304,"Al Kabeer VEGETABLE, CHICKEN OR CHEESE SPRING ROLLS, 280 gm",Al Kabeer,Spring Roll-Frozen,No Variant,"Frozen Pizzas, Wraps, Sandwiches",280 gm,1,CCMS,MOZZERELLA CHEESE STICKS,250 GMS X24 PKTS,STICKS & FINGERS,52.73,43.31,85.5,conflict,0.27,,manual_required
9354,25480312,"ALKABEER ZING NON SPICY OR SPICY CHICKEN STRIPS, 750 gm",Al Kabeer,Chicken Strips-Frozen,No Variant,Zing,750 gm,1,CKBT,TAYEBAT CHICKEN BURGER,1 Kgs x 9 Pkts,BURGERS,53.42,45.28,85.5,conflict,2.41,,manual_required
9363,25480887,AL-KABEER ZING CHICKEN STRIPS (N/SPC) 750 gm,Al Kabeer,Chicken Strips-Frozen,No Variant,Marinated & Breaded,750 gm,1,CCCB,CHICKEN BIRYANI 400,400 Gms x 12 Pkts,READY2EAT,53.91,46.67,85.5,conflict,0.47,,manual_required
9364,25480887,AL-KABEER ZING CHICKEN STRIPS (N/SPC) 750 gm,Al Kabeer,Chicken Strips-Frozen,Spicy,Marinated & Breaded,750 gm,1,CFBF,BREADED FISH FILLET,330 Gms x 20 Pkts,FILLETS,53.51,45.53,85.5,conflict,1.07,,manual_required
9373,25480894,Al Kabeer FROZEN PANJABI SAMOSAS 900 gm,Al Kabeer,Samosa-Frozen,Punjabi,"Frozen Pizzas, Wraps, Sandwiches",900 gm,1,CCSAK,12 CHEESE SAMOSAS,240 Gms x 20 Pkts,SAMOSA,54.63,48.74,85.5,conflict,0.73,,manual_required
9381,25483114,Al Kabeer Zing Chicken Fillets / Spicy (750 gm),Al Kabeer,Chicken Fillets-Frozen,No Variant,Zing,750 gm,1,CKSK,SHISH KEBAB,600 Gms x 12 Pkts,KEBAB,53.73,46.15,85.5,conflict,0.35,,manual_required
9386,25483118,Al Kabeer Butter Chicken Zing Fillets (700 gm),Al Kabeer,Chicken Fillets-Frozen,No Variant,Zing,700 gm,1,CKSAPR,AK PRO CHICKEN SAMOSA,4 X 1.2 KGS,SAMOSA,53.96,46.81,85.5,conflict,0.67,,manual_required
9388,25483121,Al Kabeer Chicken / Vegetable Samosas 12's 240gm / Spring Roll 8's 280gm,Al Kabeer,Samosa-Frozen,Chicken,"Frozen Pizzas, Wraps, Sandwiches",240 gm,1,CCCTM,CHICKEN TIKKA MAKHANI & PILAU RICE,450 Gms x 12 Pkts,READY2EAT,53.7,46.06,85.5,conflict,0.08,,manual_required
9389,25483121,Al Kabeer Chicken / Vegetable Samosas 12's 240gm / Spring Roll 8's 280gm,Al Kabeer,Spring Roll-Frozen,No Variant,"Frozen Pizzas, Wraps, Sandwiches",280 gm,1,CCCTM,CHICKEN TIKKA MAKHANI & PILAU RICE,450 Gms x 12 Pkts,READY2EAT,54.14,47.34,85.5,conflict,0.49,,manual_required
9390,25483121,Al Kabeer Chicken / Vegetable Samosas 12's 240gm / Spring Roll 8's 280gm,Al Kabeer,Samosa-Frozen,Other-Veg,"Frozen Pizzas, Wraps, Sandwiches",240 gm,1,CCCTM,CHICKEN TIKKA MAKHANI & PILAU RICE,450 Gms x 12 Pkts,READY2EAT,53.58,45.71,85.5,conflict,0.44,,manual_required
9400,25489562,Al Kabeer Paneer Cubes 500 gm,Al Kabeer,Paneer,No Variant,Paneer,500 gm,1,CKCCR,CHICKEN ‘N’ CHEESE RINGS 300,300 gms x 12 pkts,POP-CORN & CHICKEN FRIES,52.03,41.3,85.5,conflict,0.12,,manual_required
9405,25491306,Al Kabeer Breeded Chicken Fillet 750 gm,Al Kabeer,Breaded Fish Fillet,No Variant,Breaded Seafood,750 gm,1,CKCSB,CHICKEN SEEKH KEBAB BULK,1 kg x 5,KEBAB,52.63,43.01,85.5,conflict,0.32,,manual_required
9407,25492470,Al Kabeer Paneer Cubes 200 gm,Al Kabeer,Paneer,No Variant,Paneer,200 gm,1,CKCCR,CHICKEN ‘N’ CHEESE RINGS 300,300 gms x 12 pkts,POP-CORN & CHICKEN FRIES,52.79,43.48,85.5,conflict,0.32,,manual_required
9410,25492478,Al Kabeer Chicken/Vegetables Samosa 480 gm/Spring Roll 560 gm,Al Kabeer,Samosa-Frozen,Chicken,"Frozen Pizzas, Wraps, Sandwiches",480 gm,1,CCF,CHICKEN FRIES,12 PKTS X 400 GRM,POP-CORN & CHICKEN FRIES,53.13,44.44,85.5,conflict,0.12,,manual_required
9411,25492478,Al Kabeer Chicken/Vegetables Samosa 480 gm/Spring Roll 560 gm,Al Kabeer,Samosa-Frozen,Other-Veg,"Frozen Pizzas, Wraps, Sandwiches",480 gm,1,CCF,CHICKEN FRIES,12 PKTS X 400 GRM,POP-CORN & CHICKEN FRIES,53.53,45.59,85.5,conflict,0.63,,manual_required
9412,25492478,Al Kabeer Chicken/Vegetables Samosa 480 gm/Spring Roll 560 gm,Al Kabeer,Spring Roll-Frozen,No Variant,"Frozen Pizzas, Wraps, Sandwiches",560 gm,1,CCF,CHICKEN FRIES,12 PKTS X 400 GRM,POP-CORN & CHICKEN FRIES,52.9,43.8,85.5,conflict,0.11,,manual_required
9424,25494080,Alkabeer Chicken Popcorn 750 gm,Al Kabeer,Chicken Popcorn-Frozen,No Variant,Marinated & Breaded,750 gm,1,CKJCNA,JUMBO CHICKEN NUGGETS,1 Kgs x 5 Pkts,NUGGETS,53.13,44.44,85.5,conflict,0.65,,manual_required
9425,25494523,Alkabeer Chicken Burger Jumbo 10 pcs 1 kg,Al Kabeer,Chicken Burger-Frozen,Unbreaded,Frozen Burger,1 kg,1,CFBJ,JUMBO HOTDOGS,400 Gms x 20 Pkts,SAUSAGES,54.89,49.48,85.5,conflict,0.21,,manual_required
9429,25496981,Al Kabeer Butter Chicken Zing Fillet 700 gm,Al Kabeer,Chicken Fillets-Frozen,No Variant,Zing,700 gm,1,CKSK,SHISH KEBAB,600 Gms x 12 Pkts,KEBAB,53.13,44.44,85.5,conflict,0.31,,manual_required
9448,25501698,Al Kabeer Chicken breast boneless 1000 gm,Al Kabeer,Chicken Breast-Frozen,No Variant,Frozen Chicken Parts,1000 gm,1,CBBO,4 BEEF BURGERS,200 Gms x 30 Pkt,BURGERS,54.52,48.42,85.5,conflict,1.32,,manual_required
9457,25505445,Al Kabeer Punjabi Samosa 900 gm,Al Kabeer,Samosa-Frozen,Punjabi,"Frozen Pizzas, Wraps, Sandwiches",900 gm,1,CCSAK,12 CHEESE SAMOSAS,240 Gms x 20 Pkts,SAMOSA,53.89,46.6,85.5,conflict,0.67,,manual_required
9472,25515445,Al Kabeer GREEN PEAS / MIX 900 gm,Al Kabeer,Mix Vegetables-Frozen,No Variant,Frozen Vegetables,900 gm,1,VPAN,PANEER CUBES,200 gm x 20 Pkts,TRADING-VEG,53.05,44.21,85.5,conflict,0.89,,manual_required
9473,25515445,Al Kabeer GREEN PEAS / MIX 900 gm,Al Kabeer,Green/Garden Peas-Frozen,No Variant,Frozen Vegetables,900 gm,1,CFB,BEEF FRANKS,454 Gms x 20 Pkts,SAUSAGES,51.85,40.78,85.5,conflict,0.27,,manual_required
9481,25515453,Alkabeer Tandoori Chicken Tikka 1000 gm,Al Kabeer,Chicken Tikka-Frozen,No Variant,Frozen Barbeque Products,1000 gm,1,CCCB,CHICKEN BIRYANI 400,400 Gms x 12 Pkts,READY2EAT,54.15,47.37,85.5,conflict,2.23,,manual_required
9483,25541197,Al Kabeer Assorted (Chicken Samosas 480 gm / Chicken Spring Rolls 560 gm),Al Kabeer,Samosa-Frozen,Chicken,"Frozen Pizzas, Wraps, Sandwiches",480 gm,1,CCF,CHICKEN FRIES,12 PKTS X 400 GRM,POP-CORN & CHICKEN FRIES,52.84,43.61,85.5,conflict,0.19,,manual_required
9484,25541197,Al Kabeer Assorted (Chicken Samosas 480 gm / Chicken Spring Rolls 560 gm),Al Kabeer,Spring Roll-Frozen,No Variant,"Frozen Pizzas, Wraps, Sandwiches",560 gm,1,CCCTM,CHICKEN TIKKA MAKHANI & PILAU RICE,450 Gms x 12 Pkts,READY2EAT,53.79,46.34,85.5,conflict,0.44,,manual_required
9490,25541201,Al Kabeer Assorted (Vegetable Samosas 480 gm / Vegetable Spring Rolls 560 gm),Al Kabeer,Spring Roll-Frozen,No Variant,"Frozen Pizzas, Wraps, Sandwiches",560 gm,1,CCSAK,12 CHEESE SAMOSAS,240 Gms x 20 Pkts,SAMOSA,51.76,40.54,85.5,conflict,0.19,,manual_required
9491,25542433,Al Kabeer CHICKEN/ VEGETABLE SAMOSA 480 gm/ CHICKEN/ VEGETABLE SPRING ROLL 560 gm,Al Kabeer,Spring Roll-Frozen,No Variant,"Frozen Pizzas, Wraps, Sandwiches",560 gm,1,CCCTM,CHICKEN TIKKA MAKHANI & PILAU RICE,450 Gms x 12 Pkts,READY2EAT,53.97,46.84,85.5,conflict,0.95,,manual_required
9501,25545791,Al Kabeer CHICKEN/VEGETABLE SAMOOSA 480 gm,Al Kabeer,Spring Roll-Frozen,No Variant,"Frozen Pizzas, Wraps, Sandwiches",560 gm,1,CCSRA,8 CHEESE SPRING ROLLS,240 Gms x 20 Pkts,SPRING ROLL,54.71,48.95,85.5,conflict,1.92,,manual_required
9513,25571465,AL KABEERAL CHICKEN/VEGETABLE SPRING ROLLS 560 gm,Al Kabeer,Spring Roll-Frozen,No Variant,"Frozen Pizzas, Wraps, Sandwiches",560 gm,1,CCKSHA,CHICKEN STICK BULK HOT & SPICY,1 kg x 5 Pkts,STICKS & FINGERS,52.58,42.86,85.5,conflict,0.31,,manual_required
9515,25612031,Al Kabeer ZING CHICKEN STRIPS NON SPICY / SPICY 750gm,Al Kabeer,Chicken Strips-Frozen,No Variant,Zing,750 gm,1,CKBW,BBQ CHICKEN WINGS 400,400 Gms x 12 Pkts,WINGS,54.52,48.42,85.5,conflict,2.63,,manual_required
9516,25612031,Al Kabeer ZING CHICKEN STRIPS NON SPICY / SPICY 750gm,Al Kabeer,Chicken Strips-Frozen,Spicy,Zing,750 gm,1,CKJCNA,JUMBO CHICKEN NUGGETS,1 Kgs x 5 Pkts,NUGGETS,53.6,45.78,85.5,conflict,0.27,,manual_required
9517,25634784,Al Kabeer Tandoori Chicken Tikka 1000 gm,Al Kabeer,Chicken Tikka-Frozen,No Variant,Frozen Barbeque Products,1000 gm,1,CCCB,CHICKEN BIRYANI 400,400 Gms x 12 Pkts,READY2EAT,54.15,47.37,85.5,conflict,2.23,,manual_required
9521,25637421,Al Kabeer Assorted (Chicken Samosas 480 gm / Chicken Spring Rolls 560 gm),Al Kabeer,Spring Roll-Frozen,No Variant,"Frozen Pizzas, Wraps, Sandwiches",560 gm,1,CCCTM,CHICKEN TIKKA MAKHANI & PILAU RICE,450 Gms x 12 Pkts,READY2EAT,53.79,46.34,85.5,conflict,0.44,,manual_required
9522,25637421,Al Kabeer Assorted (Chicken Samosas 480 gm / Chicken Spring Rolls 560 gm),Al Kabeer,Samosa-Frozen,Chicken,"Frozen Pizzas, Wraps, Sandwiches",480 gm,1,CCF,CHICKEN FRIES,12 PKTS X 400 GRM,POP-CORN & CHICKEN FRIES,52.84,43.61,85.5,conflict,0.19,,manual_required
9523,25637427,Al Kabeer  Zing Chicken Fillets Non Spicy 750 gm,Al Kabeer,Chicken Fillets-Frozen,No Variant,Zing,750 gm,1,CKJCNA,JUMBO CHICKEN NUGGETS,1 Kgs x 5 Pkts,NUGGETS,53.55,45.65,85.5,conflict,1.03,,manual_required
9524,25637429,al kabeer Assorted (Vegetable Samosas 480 gm / Vegetable Spring Rolls 560 gm),Al Kabeer,Spring Roll-Frozen,No Variant,"Frozen Pizzas, Wraps, Sandwiches",560 gm,1,CCSAK,12 CHEESE SAMOSAS,240 Gms x 20 Pkts,SAMOSA,51.76,40.54,85.5,conflict,0.19,,manual_required
9537,25681741,Al Kabeer vegetables spring roll 560 gm,Al Kabeer,Spring Roll-Frozen,No Variant,"Frozen Pizzas, Wraps, Sandwiches",560 gm,1,CCSRA,8 CHEESE SPRING ROLLS,240 Gms x 20 Pkts,SPRING ROLL,54.51,48.39,85.5,conflict,3.16,,manual_required
9540,25686959,Al Kabeer Paneer Cubes 200 gm,Al Kabeer,Paneer,No Variant,Paneer,200 gm,1,CKCCR,CHICKEN ‘N’ CHEESE RINGS 300,300 gms x 12 pkts,POP-CORN & CHICKEN FRIES,52.79,43.48,85.5,conflict,0.32,,manual_required
9555,25690264,"AL KABEER CHICKEN OR VEGETABLE SPRING ROLLS, MUTTON SAMOSAS, 240 - 280 gm",Al Kabeer,Spring Roll-Frozen,No Variant,"Frozen Pizzas, Wraps, Sandwiches",240 gm,1,CCCTM,CHICKEN TIKKA MAKHANI & PILAU RICE,450 Gms x 12 Pkts,READY2EAT,53.17,44.57,85.5,conflict,0.5,,manual_required
9556,25690264,"AL KABEER CHICKEN OR VEGETABLE SPRING ROLLS, MUTTON SAMOSAS, 240 - 280 gm",Al Kabeer,Samosa-Frozen,Mutton,"Frozen Pizzas, Wraps, Sandwiches",280 gm,1,CCF,CHICKEN FRIES,12 PKTS X 400 GRM,POP-CORN & CHICKEN FRIES,53.13,44.44,85.5,conflict,0.59,,manual_required
9557,25690266,"Al Kabeer PUNJABI SAMOSA, 900 gm",Al Kabeer,Samosa-Frozen,Punjabi,"Frozen Pizzas, Wraps, Sandwiches",900 gm,1,CCSAK,12 CHEESE SAMOSAS,240 Gms x 20 Pkts,SAMOSA,53.89,46.6,85.5,conflict,0.67,,manual_required
9567,25692668,Al Kabeer BLACK BERRIES . BLUEBERRY 350 gm,Al Kabeer,Blueberries-Frozen,No Variant,Frozen Fruits,350 gm,1,CBBUR,BEEF BURGERS 56 g.,840 g. x 9,BURGERS,53.58,45.71,85.5,conflict,1.23,,manual_required
9570,25692672,ALKABEER FRENCH FRIES 1000 gm,Al Kabeer,French Fries-Frozen,No Variant,Frozen Fries & Onion Rings,1 kg,1,CCSAKPR,A.K PRO CHEESE SAMOSA,4 X 1.2 KGS,SAMOSA,52.13,41.58,85.5,conflict,0.41,,manual_required
9572,25692673,ALKABEER CHICKEN KOFTA 300 gm / CHICKEN SPRING ROLL 280 gm,Al Kabeer,Spring Roll-Frozen,No Variant,"Frozen Pizzas, Wraps, Sandwiches",280 gm,1,CCF,CHICKEN FRIES,12 PKTS X 400 GRM,POP-CORN & CHICKEN FRIES,54.94,49.6,85.5,conflict,0.14,,manual_required
9573,25692674,Al Kabeer BUTTER CHICKEN ZING FILLET 700 gm,Al Kabeer,Chicken Fillets-Frozen,No Variant,Zing,700 gm,1,CKSK,SHISH KEBAB,600 Gms x 12 Pkts,KEBAB,53.13,44.44,85.5,conflict,0.31,,manual_required
9574,25692676,ALKABEER VEGETABLE / CHICKEN SAMOSA 240 gm / VEGETABLE SPRING ROLLS 280 gm,Al Kabeer,Spring Roll-Frozen,No Variant,"Frozen Pizzas, Wraps, Sandwiches",240 gm,1,CCCTM,CHICKEN TIKKA MAKHANI & PILAU RICE,450 Gms x 12 Pkts,READY2EAT,53.79,46.34,85.5,conflict,0.44,,manual_required
9575,25692676,ALKABEER VEGETABLE / CHICKEN SAMOSA 240 gm / VEGETABLE SPRING ROLLS 280 gm,Al Kabeer,Samosa-Frozen,Other-Veg,"Frozen Pizzas, Wraps, Sandwiches",280 gm,1,CCCTM,CHICKEN TIKKA MAKHANI & PILAU RICE,450 Gms x 12 Pkts,READY2EAT,54.41,48.1,85.5,conflict,0.36,,manual_required
9576,25692676,ALKABEER VEGETABLE / CHICKEN SAMOSA 240 gm / VEGETABLE SPRING ROLLS 280 gm,Al Kabeer,Samosa-Frozen,Chicken,"Frozen Pizzas, Wraps, Sandwiches",280 gm,1,CCCTM,CHICKEN TIKKA MAKHANI & PILAU RICE,450 Gms x 12 Pkts,READY2EAT,54.13,47.3,85.5,conflict,0.44,,manual_required
9578,25692678,Al Kabeer FROZEN PANJABI SAMOSAS 900 gm,Al Kabeer,Samosa-Frozen,Punjabi,"Frozen Pizzas, Wraps, Sandwiches",900 gm,1,CCSAK,12 CHEESE SAMOSAS,240 Gms x 20 Pkts,SAMOSA,54.63,48.74,85.5,conflict,0.73,,manual_required
9592,25695165,Al Kabeer BUTTER CHICKEN ZING FILLET 700 gm,Al Kabeer,Chicken Fillets-Frozen,No Variant,Zing,700 gm,1,CKSK,SHISH KEBAB,600 Gms x 12 Pkts,KEBAB,53.13,44.44,85.5,conflict,0.31,,manual_required
9606,25696097,Al Kabeer Butter Chicken Zing Fillets (700 gm),Al Kabeer,Chicken Fillets-Frozen,No Variant,Zing,700 gm,1,CKSAPR,AK PRO CHICKEN SAMOSA,4 X 1.2 KGS,SAMOSA,53.96,46.81,85.5,conflict,0.67,,manual_required
9612,25700598,Al Kabeer Chicken breast boneless 1000 gm,Al Kabeer,Chicken Breast-Frozen,No Variant,Frozen Chicken Parts,1000 gm,1,CBBO,4 BEEF BURGERS,200 Gms x 30 Pkt,BURGERS,54.52,48.42,85.5,conflict,1.32,,manual_required
9613,25700823,Al Kabeer Punjabi Samosa 900 gm,Al Kabeer,Samosa-Frozen,Punjabi,"Frozen Pizzas, Wraps, Sandwiches",900 gm,1,CCSAK,12 CHEESE SAMOSAS,240 Gms x 20 Pkts,SAMOSA,53.89,46.6,85.5,conflict,0.67,,manual_required
9614,25700828,Al Kabeer Paneer Cubes 200 gm,Al Kabeer,Paneer,No Variant,Paneer,200 gm,1,CKCCR,CHICKEN ‘N’ CHEESE RINGS 300,300 gms x 12 pkts,POP-CORN & CHICKEN FRIES,52.79,43.48,85.5,conflict,0.32,,manual_required
9630,25702111,Al Kabeer Chicken/Vegetable Samosa 240 gm / Spring Roll 280 gm ,Al Kabeer,Spring Roll-Frozen,No Variant,"Frozen Pizzas, Wraps, Sandwiches",280 gm,1,CCF,CHICKEN FRIES,12 PKTS X 400 GRM,POP-CORN & CHICKEN FRIES,53.53,45.59,85.5,conflict,0.12,,manual_required
9633,25702113,Al Kabeer  Paneer Cubes 500 gm,Al Kabeer,Paneer,No Variant,Paneer,500 gm,1,CKCCR,CHICKEN ‘N’ CHEESE RINGS 300,300 gms x 12 pkts,POP-CORN & CHICKEN FRIES,52.03,41.3,85.5,conflict,0.12,,manual_required
9636,25706318,Al Kabeer Paneer Cube 200 gm,Al Kabeer,Paneer,No Variant,Paneer,200 gm,1,CKCCNS,CHICKEN & CHEESE STICKS HOT & SPICY,250 gm x 20 Pkts,STICKS & FINGERS,51.88,40.86,85.5,conflict,0.3,,manual_required
9640,25706325,Al Kabeer Chicken Nuggets/Fillet 750 gm,Al Kabeer,Chicken Nuggets-Frozen,No Variant,Marinated & Breaded,750 gm,1,CFBF,BREADED FISH FILLET,330 Gms x 20 Pkts,FILLETS,54.94,49.6,85.5,conflict,1.03,,manual_required
9649,25719416,Al Kabeer Punjabi Samosa 900 gm,Al Kabeer,Samosa-Frozen,Punjabi,"Frozen Pizzas, Wraps, Sandwiches",900 gm,1,CCSAK,12 CHEESE SAMOSAS,240 Gms x 20 Pkts,SAMOSA,53.89,46.6,85.5,conflict,0.67,,manual_required
9658,25736340,Al Kabeer Krazee Chicken Nuggets 750 gm,Al Kabeer,Chicken Nuggets-Frozen,No Variant,Marinated & Breaded,750 gm,1,CFB,BEEF FRANKS,454 Gms x 20 Pkts,SAUSAGES,52.18,41.74,85.5,conflict,0.05,,manual_required
9659,25737694,Al Kabeer Tempura Chicken Nuggets Non Spicy 750 gm,Al Kabeer,Chicken Nuggets-Frozen,No Variant,Marinated & Breaded,750 gm,1,CCKSB,CHICKEN STICKS BULK,1 Kgs x 5 Pkts,STICKS & FINGERS,53.64,45.9,85.5,conflict,0.11,,manual_required
9660,25737908,Al Kabeer Tempura Chicken Nuggets Non Spicy 750 gm,Al Kabeer,Chicken Nuggets-Frozen,No Variant,Marinated & Breaded,750 gm,1,CCKSB,CHICKEN STICKS BULK,1 Kgs x 5 Pkts,STICKS & FINGERS,53.64,45.9,85.5,conflict,0.11,,manual_required
9662,25741783,Al Kabeer Veg. Spring Rolls 560 gm,Al Kabeer,Spring Roll-Frozen,No Variant,"Frozen Pizzas, Wraps, Sandwiches",560 gm,1,CFBF,BREADED FISH FILLET,330 Gms x 20 Pkts,FILLETS,51.91,40.94,85.5,conflict,1.71,,manual_required
9666,25741790,Al Kabeer Punjabi Samosa 900 gm,Al Kabeer,Samosa-Frozen,Punjabi,"Frozen Pizzas, Wraps, Sandwiches",900 gm,1,CCSAK,12 CHEESE SAMOSAS,240 Gms x 20 Pkts,SAMOSA,53.89,46.6,85.5,conflict,0.67,,manual_required
9667,25752291,Al Kabeer Assorted (Chicken Samosas 480 gm / Chicken Spring Rolls 560 gm),Al Kabeer,Spring Roll-Frozen,No Variant,"Frozen Pizzas, Wraps, Sandwiches",560 gm,1,CCCTM,CHICKEN TIKKA MAKHANI & PILAU RICE,450 Gms x 12 Pkts,READY2EAT,53.79,46.34,85.5,conflict,0.44,,manual_required
9668,25752291,Al Kabeer Assorted (Chicken Samosas 480 gm / Chicken Spring Rolls 560 gm),Al Kabeer,Samosa-Frozen,Chicken,"Frozen Pizzas, Wraps, Sandwiches",480 gm,1,CCF,CHICKEN FRIES,12 PKTS X 400 GRM,POP-CORN & CHICKEN FRIES,52.84,43.61,85.5,conflict,0.19,,manual_required
9670,25752296,Al Kabeer Assorted (Vegetable Samosas 480 gm / Vegetable Spring Rolls 560 gm),Al Kabeer,Spring Roll-Frozen,No Variant,"Frozen Pizzas, Wraps, Sandwiches",560 gm,1,CCSAK,12 CHEESE SAMOSAS,240 Gms x 20 Pkts,SAMOSA,51.76,40.54,85.5,conflict,0.19,,manual_required
9673,25753489,Al Kabeer Chicken Samosa 1200gm /Spring Rolls Chicken 1120 gm,Al Kabeer,Samosa-Frozen,Chicken,"Frozen Pizzas, Wraps, Sandwiches",1200 gm,1,CCCB,CHICKEN BIRYANI 400,400 Gms x 12 Pkts,READY2EAT,54.79,49.18,85.5,conflict,1.01,,manual_required
9674,25753489,Al Kabeer Chicken Samosa 1200gm /Spring Rolls Chicken 1120 gm,Al Kabeer,Spring Roll-Frozen,No Variant,"Frozen Pizzas, Wraps, Sandwiches",1120 gm,1,CCCTM,CHICKEN TIKKA MAKHANI & PILAU RICE,450 Gms x 12 Pkts,READY2EAT,54.3,47.8,85.5,conflict,0.38,,manual_required
9675,25754542,Al Kabeer Chicken Samosa 1200gm /Spring Rolls Chicken 1120 gm,Al Kabeer,Samosa-Frozen,Chicken,"Frozen Pizzas, Wraps, Sandwiches",1200 gm,1,CCCB,CHICKEN BIRYANI 400,400 Gms x 12 Pkts,READY2EAT,54.79,49.18,85.5,conflict,1.01,,manual_required
9676,25754542,Al Kabeer Chicken Samosa 1200gm /Spring Rolls Chicken 1120 gm,Al Kabeer,Spring Roll-Frozen,No Variant,"Frozen Pizzas, Wraps, Sandwiches",1120 gm,1,CCCTM,CHICKEN TIKKA MAKHANI & PILAU RICE,450 Gms x 12 Pkts,READY2EAT,54.3,47.8,85.5,conflict,0.38,,manual_required
9677,25756173,Al Kabeer Zing Chicken Strips/Fillet Non-Spicy 750 gm,Al Kabeer,Chicken Strips-Frozen,No Variant,Zing,750 gm,1,CKBW,BBQ CHICKEN WINGS 400,400 Gms x 12 Pkts,WINGS,53.84,46.46,85.5,conflict,1.31,,manual_required
9680,25756176,Al Kabeer Chicken Samosa 480 gm/Spring Roll 560 gm,Al Kabeer,Spring Roll-Frozen,No Variant,"Frozen Pizzas, Wraps, Sandwiches",560 gm,1,CCSAK,12 CHEESE SAMOSAS,240 Gms x 20 Pkts,SAMOSA,53.73,46.15,85.5,conflict,0.04,,manual_required
9681,25756177,Al Kabeer Punjabi Samosa 900 gm,Al Kabeer,Samosa-Frozen,Punjabi,"Frozen Pizzas, Wraps, Sandwiches",900 gm,1,CCSAK,12 CHEESE SAMOSAS,240 Gms x 20 Pkts,SAMOSA,53.89,46.6,85.5,conflict,0.67,,manual_required
9683,25791570,Al Kabeer Chicken breast boneless 1000 gm,Al Kabeer,Chicken Breast-Frozen,No Variant,Frozen Chicken Parts,1000 gm,1,CBBO,4 BEEF BURGERS,200 Gms x 30 Pkt,BURGERS,54.52,48.42,85.5,conflict,1.32,,manual_required
9706,25854951,Al Kabeer ZING CHICKEN STRIPS SMOKED BUFFALO / SPICY SRIRACHA 700 gm,Al Kabeer,Chicken Strips-Frozen,No Variant,Zing,700 gm,1,CCCB,CHICKEN BIRYANI 400,400 Gms x 12 Pkts,READY2EAT,54.21,47.54,85.5,conflict,0.35,,manual_required
9707,25854951,Al Kabeer ZING CHICKEN STRIPS SMOKED BUFFALO / SPICY SRIRACHA 700 gm,Al Kabeer,Chicken Strips-Frozen,Spicy,Zing,700 gm,1,CCCB,CHICKEN BIRYANI 400,400 Gms x 12 Pkts,READY2EAT,54.6,48.65,85.5,conflict,1.34,,manual_required
9715,25862447,Al Kabeer VEGETABLE SAMOOSA 480 gm/SPRING ROLLS 560GM,Al Kabeer,Spring Roll-Frozen,No Variant,"Frozen Pizzas, Wraps, Sandwiches",560 gm,1,CCSAK,12 CHEESE SAMOSAS,240 Gms x 20 Pkts,SAMOSA,51.38,39.44,85.5,conflict,0.17,,manual_required
9716,25862447,Al Kabeer VEGETABLE SAMOOSA 480 gm/SPRING ROLLS 560GM,Al Kabeer,Samosa-Frozen,Other-Veg,"Frozen Pizzas, Wraps, Sandwiches",480 gm,1,CCSAK,12 CHEESE SAMOSAS,240 Gms x 20 Pkts,SAMOSA,52.75,43.36,85.5,conflict,1.07,,manual_required
9718,25862448,Al Kabeer CHICKEN SAMOOSA 480 gm,Al Kabeer,Spring Roll-Frozen,No Variant,"Frozen Pizzas, Wraps, Sandwiches",560 gm,1,CCSAK,12 CHEESE SAMOSAS,240 Gms x 20 Pkts,SAMOSA,53.61,45.8,85.5,conflict,1.38,,manual_required
9721,25870038,"Al Kabeer VEGETABLE, CHICKEN SAMOSA OR VEGETABLE SPRING ROLLS, 240 - 280 gm",Al Kabeer,Samosa-Frozen,Other-Veg,"Frozen Pizzas, Wraps, Sandwiches",280 gm,1,CCCTM,CHICKEN TIKKA MAKHANI & PILAU RICE,450 Gms x 12 Pkts,READY2EAT,54.1,47.2,85.5,conflict,0.41,,manual_required
9722,25870038,"Al Kabeer VEGETABLE, CHICKEN SAMOSA OR VEGETABLE SPRING ROLLS, 240 - 280 gm",Al Kabeer,Spring Roll-Frozen,No Variant,"Frozen Pizzas, Wraps, Sandwiches",240 gm,1,CCCTM,CHICKEN TIKKA MAKHANI & PILAU RICE,450 Gms x 12 Pkts,READY2EAT,53.5,45.51,85.5,conflict,0.48,,manual_required
9723,25870038,"Al Kabeer VEGETABLE, CHICKEN SAMOSA OR VEGETABLE SPRING ROLLS, 240 - 280 gm",Al Kabeer,Samosa-Frozen,Chicken,"Frozen Pizzas, Wraps, Sandwiches",280 gm,1,CCF,CHICKEN FRIES,12 PKTS X 400 GRM,POP-CORN & CHICKEN FRIES,54.4,48.06,85.5,conflict,0.6,,manual_required
9726,25870135,"Al Kabeer ZING FISH FILLET SPICY, 750 gm",Al Kabeer,Zing Fish Fillet,No Variant,Breaded Seafood,750 gm,1,CMBAK,MEAT BALLS,300 Gms x 20 Pkts,MEAT BALLS,52.86,43.68,85.5,conflict,0.19,,manual_required
9732,25872642,Al Kabeer BOBBY VEAL BUFFALO MEAT 907 gm,Al Kabeer,Bobby Veal-Frozen,No Variant,Other Frozen Meat,907 gm,1,CFB,BEEF FRANKS,454 Gms x 20 Pkts,SAUSAGES,54.38,48.0,85.5,conflict,1.16,,manual_required
9739,25872727,Al Kabeer BLACBERRIES / BLUEBERRIES 350 gm,Al Kabeer,Blueberries-Frozen,No Variant,Frozen Fruits,350 gm,1,CBBO,4 BEEF BURGERS,200 Gms x 30 Pkt,BURGERS,53.05,44.21,85.5,conflict,0.86,,manual_required
9743,25873489,Al Kabeer BLACK BERRIES . BLUEBERRY 350 gm,Al Kabeer,Blueberries-Frozen,No Variant,Frozen Fruits,350 gm,1,CBBUR,BEEF BURGERS 56 g.,840 g. x 9,BURGERS,53.58,45.71,85.5,conflict,1.23,,manual_required
9746,25873490,Al Kabeer ZING CHICKEN STRIPS (N/SPC)/FILLET/NUGGET/POP CORN 750 gm,Al Kabeer,Chicken Nuggets-Frozen,No Variant,Zing,750 gm,1,CCKSB,CHICKEN STICKS BULK,1 Kgs x 5 Pkts,STICKS & FINGERS,54.08,47.15,85.5,conflict,1.69,,manual_required
9747,25873490,Al Kabeer ZING CHICKEN STRIPS (N/SPC)/FILLET/NUGGET/POP CORN 750 gm,Al Kabeer,Chicken Strips-Frozen,No Variant,Zing,750 gm,1,CCKSB,CHICKEN STICKS BULK,1 Kgs x 5 Pkts,STICKS & FINGERS,54.62,48.7,85.5,conflict,1.42,,manual_required
9748,25873490,Al Kabeer ZING CHICKEN STRIPS (N/SPC)/FILLET/NUGGET/POP CORN 750 gm,Al Kabeer,Chicken Strips-Frozen,Spicy,Zing,750 gm,1,CCCB,CHICKEN BIRYANI 400,400 Gms x 12 Pkts,READY2EAT,53.26,44.83,85.5,conflict,1.01,,manual_required
9749,25873491,ALKABEER CHICKEN KOFTA/VEGETABLE SAMOSA/SPRING ROLL/ROLLS 240/300/280 gm,Al Kabeer,Spring Roll-Frozen,No Variant,"Frozen Pizzas, Wraps, Sandwiches",280 gm,1,CCCTM,CHICKEN TIKKA MAKHANI & PILAU RICE,450 Gms x 12 Pkts,READY2EAT,53.67,45.98,85.5,conflict,0.99,,manual_required
9750,25873491,ALKABEER CHICKEN KOFTA/VEGETABLE SAMOSA/SPRING ROLL/ROLLS 240/300/280 gm,Al Kabeer,Samosa-Frozen,Other-Veg,"Frozen Pizzas, Wraps, Sandwiches",300 gm,1,CCCTM,CHICKEN TIKKA MAKHANI & PILAU RICE,450 Gms x 12 Pkts,READY2EAT,53.36,45.09,85.5,conflict,0.12,,manual_required
9752,25873492,Al Kabeer BUTTER CHICKEN ZING FILLET 700 gm,Al Kabeer,Chicken Fillets-Frozen,No Variant,Zing,700 gm,1,CKSK,SHISH KEBAB,600 Gms x 12 Pkts,KEBAB,53.13,44.44,85.5,conflict,0.31,,manual_required
9753,25873494,ALKABEER FRENCH FRIES 2500 gm,Al Kabeer,French Fries-Frozen,No Variant,Frozen Fries & Onion Rings,2.5 kg,1,CCSK,KIRI CHEESE SAMOSA,20 X 240 GMS,SAMOSA,52.53,42.72,85.5,conflict,0.52,,manual_required
9757,25873789,ALKABEER FRENCH FRIES 1000 gm,Al Kabeer,French Fries-Frozen,No Variant,Frozen Fries & Onion Rings,1 kg,1,CCSAKPR,A.K PRO CHEESE SAMOSA,4 X 1.2 KGS,SAMOSA,52.13,41.58,85.5,conflict,0.41,,manual_required
9759,25873951,AL KABEER FROZEN PANJABI SAMOSAS 900 gm,Al Kabeer,Samosa-Frozen,Punjabi,"Frozen Pizzas, Wraps, Sandwiches",900 gm,1,CCSAK,12 CHEESE SAMOSAS,240 Gms x 20 Pkts,SAMOSA,54.63,48.74,85.5,conflict,0.73,,manual_required
9771,25878807,Al Kabeer Chicken / Vegetable Samosas 12's (240 gm) / Spring Roll 8's (240 gm),Al Kabeer,Spring Roll-Frozen,No Variant,"Frozen Pizzas, Wraps, Sandwiches",240 gm,1,CCCTM,CHICKEN TIKKA MAKHANI & PILAU RICE,450 Gms x 12 Pkts,READY2EAT,54.86,49.38,85.5,conflict,0.9,,manual_required
9772,25878807,Al Kabeer Chicken / Vegetable Samosas 12's (240 gm) / Spring Roll 8's (240 gm),Al Kabeer,Samosa-Frozen,Other-Veg,"Frozen Pizzas, Wraps, Sandwiches",240 gm,1,CCCTM,CHICKEN TIKKA MAKHANI & PILAU RICE,450 Gms x 12 Pkts,READY2EAT,54.24,47.62,85.5,conflict,0.84,,manual_required
9773,25878807,Al Kabeer Chicken / Vegetable Samosas 12's (240 gm) / Spring Roll 8's (240 gm),Al Kabeer,Samosa-Frozen,Chicken,"Frozen Pizzas, Wraps, Sandwiches",240 gm,1,CCCTM,CHICKEN TIKKA MAKHANI & PILAU RICE,450 Gms x 12 Pkts,READY2EAT,53.97,46.84,85.5,conflict,0.04,,manual_required
9775,25878987,Al Kabeer Chicken Kofta (300 gm),Al Kabeer,Chicken Kofta-Frozen,No Variant,Frozen Kofta / Kibbeh & Meat Balls,300 gm,1,CCCB,CHICKEN BIRYANI 400,400 Gms x 12 Pkts,READY2EAT,54.43,48.15,85.5,conflict,1.81,,manual_required
9786,25884752,Al Kabeer Chicken/Vegetable Samosa 240 gm/Spring Roll 280gm,Al Kabeer,Spring Roll-Frozen,No Variant,"Frozen Pizzas, Wraps, Sandwiches",280 gm,1,CCF,CHICKEN FRIES,12 PKTS X 400 GRM,POP-CORN & CHICKEN FRIES,53.19,44.6,85.5,conflict,0.11,,manual_required
9792,25884978,Al Kabeer Paneer Cubes 200 gm,Al Kabeer,Paneer,No Variant,Paneer,200 gm,1,CKCCR,CHICKEN ‘N’ CHEESE RINGS 300,300 gms x 12 pkts,POP-CORN & CHICKEN FRIES,52.79,43.48,85.5,conflict,0.32,,manual_required
9797,25885827,Al Kabeer Chicken breast boneless 1000 gm,Al Kabeer,Chicken Breast-Frozen,No Variant,Frozen Chicken Parts,1000 gm,1,CBBO,4 BEEF BURGERS,200 Gms x 30 Pkt,BURGERS,54.52,48.42,85.5,conflict,1.32,,manual_required
9835,25892869,Al Kabeer Breaded Chicken Fillet Spicy/non Spicy 750 gm,Al Kabeer,Chicken Fillets-Frozen,No Variant,Marinated & Breaded,750 gm,1,CCKSB,CHICKEN STICKS BULK,1 Kgs x 5 Pkts,STICKS & FINGERS,54.35,47.93,85.5,conflict,0.58,,manual_required
9839,25900399,Al Kabeer Chicken Nuggets/ Breaded Chicken Fillet 750 gm,Al Kabeer,Chicken Fillets-Frozen,Spicy,Marinated & Breaded,750 gm,1,CCKSB,CHICKEN STICKS BULK,1 Kgs x 5 Pkts,STICKS & FINGERS,54.77,49.12,85.5,conflict,1.4,,manual_required
9848,25981386,Al Kabeer Spring Rolls Asst. 560 gm,Al Kabeer,Spring Roll-Frozen,No Variant,"Frozen Pizzas, Wraps, Sandwiches",560 gm,1,CFBF,BREADED FISH FILLET,330 Gms x 20 Pkts,FILLETS,51.79,40.62,85.5,conflict,1.13,,manual_required
9851,26010176,Al Kabeer Blackberries/blueberry 350 gm,Al Kabeer,Blueberries-Frozen,No Variant,Frozen Fruits,350 gm,1,CBBO,4 BEEF BURGERS,200 Gms x 30 Pkt,BURGERS,52.1,41.51,85.5,conflict,0.12,,manual_required
9864,26013774,Al Kabeer Paneer Cube 200 gm,Al Kabeer,Paneer,No Variant,Paneer,200 gm,1,CKCCNS,CHICKEN & CHEESE STICKS HOT & SPICY,250 gm x 20 Pkts,STICKS & FINGERS,51.88,40.86,85.5,conflict,0.3,,manual_required
9880,26041781,Al Kabeer ZING CHICKEN STRIPS SPICY / NON-SPICY 750 gm,Al Kabeer,Chicken Strips-Frozen,No Variant,Zing,750 gm,1,CKJCNA,JUMBO CHICKEN NUGGETS,1 Kgs x 5 Pkts,NUGGETS,52.19,41.76,85.5,conflict,0.3,,manual_required
9884,26041896,Al Kabeer BREADED CHICKEN FILLET PLAIN / HOT & SPICY 750 gm,Al Kabeer,Chicken Fillets-Frozen,No Variant,Marinated & Breaded,750 gm,1,CCKSB,CHICKEN STICKS BULK,1 Kgs x 5 Pkts,STICKS & FINGERS,54.11,47.24,85.5,conflict,0.1,,manual_required
9895,26052632,Al Kabeer Paneer Cubes 200 gm,Al Kabeer,Paneer,No Variant,Paneer,200 gm,1,CKCCR,CHICKEN ‘N’ CHEESE RINGS 300,300 gms x 12 pkts,POP-CORN & CHICKEN FRIES,52.79,43.48,85.5,conflict,0.32,,manual_required
9911,26054977,Al Kabeer Paneer Cubes 200 gm,Al Kabeer,Paneer,No Variant,Paneer,200 gm,1,CKCCR,CHICKEN ‘N’ CHEESE RINGS 300,300 gms x 12 pkts,POP-CORN & CHICKEN FRIES,52.79,43.48,85.5,conflict,0.32,,manual_required
9915,26056490,Alkabeer CHICKEN NUGGETS/ CRAZY 750 gm,Al Kabeer,Chicken Nuggets-Frozen,No Variant,Marinated & Breaded,750 gm,1,CKBCS,BEEF COCKTAIL SAUSAGES,400 Gms x 20 Pkts,SAUSAGES,53.26,44.83,85.5,conflict,0.95,,manual_required
9917,26056507,AL-KABEER ZING CHICKEN FILLET (N/SPC)/STRIPS/BUTTER/POP CORN 750 gm,Al Kabeer,Chicken Fillets-Frozen,No Variant,Zing,750 gm,1,CFBF,BREADED FISH FILLET,330 Gms x 20 Pkts,FILLETS,54.44,48.18,85.5,conflict,0.36,,manual_required
9918,26056507,AL-KABEER ZING CHICKEN FILLET (N/SPC)/STRIPS/BUTTER/POP CORN 750 gm,Al Kabeer,Chicken Strips-Frozen,No Variant,Zing,750 gm,1,CCKSB,CHICKEN STICKS BULK,1 Kgs x 5 Pkts,STICKS & FINGERS,54.62,48.7,85.5,conflict,1.42,,manual_required
9920,26056507,AL-KABEER ZING CHICKEN FILLET (N/SPC)/STRIPS/BUTTER/POP CORN 750 gm,Al Kabeer,Chicken Strips-Frozen,Spicy,Zing,750 gm,1,CCCB,CHICKEN BIRYANI 400,400 Gms x 12 Pkts,READY2EAT,53.26,44.83,85.5,conflict,1.01,,manual_required
9923,26056570,ALKABEER CHICKEN KOFTA 300 gm,Al Kabeer,Chicken Kofta-Frozen,No Variant,Frozen Kofta / Kibbeh & Meat Balls,300 gm,1,CCCB,CHICKEN BIRYANI 400,400 Gms x 12 Pkts,READY2EAT,54.43,48.15,85.5,conflict,1.81,,manual_required
9927,26056629,ALKABEER FRENCH FRIES 1000 gm,Al Kabeer,French Fries-Frozen,No Variant,Frozen Fries & Onion Rings,1 kg,1,CCSAKPR,A.K PRO CHEESE SAMOSA,4 X 1.2 KGS,SAMOSA,52.13,41.58,85.5,conflict,0.41,,manual_required
9930,26056662,ALKABEER VEGETABLE SAMOSA/SPRING ROLL/ROLLS 240/280 gm,Al Kabeer,Samosa-Frozen,Chicken,"Frozen Pizzas, Wraps, Sandwiches",280 gm,1,CCSAK,12 CHEESE SAMOSAS,240 Gms x 20 Pkts,SAMOSA,54.69,48.89,85.5,conflict,1.2,,manual_required
9932,26056662,ALKABEER VEGETABLE SAMOSA/SPRING ROLL/ROLLS 240/280 gm,Al Kabeer,Samosa-Frozen,Other-Veg,"Frozen Pizzas, Wraps, Sandwiches",280 gm,1,CCSAK,12 CHEESE SAMOSAS,240 Gms x 20 Pkts,SAMOSA,53.93,46.72,85.5,conflict,2.67,,manual_required
9934,26057604,Al Kabeer ZING CHICKEN STRIPS SMOKED BUFFALO / SPICY SRIRACHA 700 gm ,Al Kabeer,Chicken Strips-Frozen,No Variant,Zing,700 gm,1,CCCB,CHICKEN BIRYANI 400,400 Gms x 12 Pkts,READY2EAT,54.21,47.54,85.5,conflict,0.35,,manual_required
9935,26057604,Al Kabeer ZING CHICKEN STRIPS SMOKED BUFFALO / SPICY SRIRACHA 700 gm ,Al Kabeer,Chicken Strips-Frozen,Spicy,Zing,700 gm,1,CCCB,CHICKEN BIRYANI 400,400 Gms x 12 Pkts,READY2EAT,54.6,48.65,85.5,conflict,1.34,,manual_required
9949,26062650,Al Kabeer Zing Chicken Strips Smoked Buffalo Flavour (700gm),Al Kabeer,Chicken Strips-Frozen,Spicy,Zing,700 gm,1,CKBT,TAYEBAT CHICKEN BURGER,1 Kgs x 9 Pkts,BURGERS,52.31,42.11,85.5,conflict,0.25,,manual_required
9950,26062650,Al Kabeer Zing Chicken Strips Smoked Buffalo Flavour (700gm),Al Kabeer,Chicken Strips-Frozen,No Variant,Zing,700 gm,1,CCCB,CHICKEN BIRYANI 400,400 Gms x 12 Pkts,READY2EAT,53.0,44.07,85.5,conflict,0.06,,manual_required
9957,26068112,Al Kabeer Chicken/Vegetable Samosa 240 gm /Spring Roll 280 gm,Al Kabeer,Spring Roll-Frozen,No Variant,"Frozen Pizzas, Wraps, Sandwiches",280 gm,1,CCF,CHICKEN FRIES,12 PKTS X 400 GRM,POP-CORN & CHICKEN FRIES,53.53,45.59,85.5,conflict,0.12,,manual_required
9960,26068198,Al Kabeer Paneer Cubes 500 gm ,Al Kabeer,Paneer,No Variant,Paneer,500 gm,1,CKCCR,CHICKEN ‘N’ CHEESE RINGS 300,300 gms x 12 pkts,POP-CORN & CHICKEN FRIES,52.03,41.3,85.5,conflict,0.12,,manual_required
9964,26070437,Al Kabeer Paneer Cubes 200 gm,Al Kabeer,Paneer,No Variant,Paneer,200 gm,1,CKCCR,CHICKEN ‘N’ CHEESE RINGS 300,300 gms x 12 pkts,POP-CORN & CHICKEN FRIES,52.79,43.48,85.5,conflict,0.32,,manual_required
9968,26070489,Al Kabeer Punjabi Samosa 900 gm,Al Kabeer,Samosa-Frozen,Punjabi,"Frozen Pizzas, Wraps, Sandwiches",900 gm,1,CCSAK,12 CHEESE SAMOSAS,240 Gms x 20 Pkts,SAMOSA,53.89,46.6,85.5,conflict,0.67,,manual_required
9984,26078431,Al Kabeer Chicken Nuggets/ Fillet 750 gm,Al Kabeer,Chicken Nuggets-Frozen,No Variant,Marinated & Breaded,750 gm,1,CFBF,BREADED FISH FILLET,330 Gms x 20 Pkts,FILLETS,54.94,49.6,85.5,conflict,1.03,,manual_required
9986,26078492,Al Kabeer Paneer Cube 200 gm,Al Kabeer,Paneer,No Variant,Paneer,200 gm,1,CKCCNS,CHICKEN & CHEESE STICKS HOT & SPICY,250 gm x 20 Pkts,STICKS & FINGERS,51.88,40.86,85.5,conflict,0.3,,manual_required
9991,26203946,Al Kabeer blueberry/blackberry frozen 350 gm,Al Kabeer,Blueberries-Frozen,No Variant,Frozen Fruits,350 gm,1,CBBO,4 BEEF BURGERS,200 Gms x 30 Pkt,BURGERS,51.71,40.38,85.5,conflict,0.13,,manual_required
9993,26203959,Al Kabeer Punjabi Sambosa 900 gm,Al Kabeer,Samosa-Frozen,Punjabi,"Frozen Pizzas, Wraps, Sandwiches",900 gm,1,CCSAK,12 CHEESE SAMOSAS,240 Gms x 20 Pkts,SAMOSA,54.6,48.65,85.5,conflict,1.69,,manual_required
9994,26203966,Al Kabeer French Fries 2.5kg,Al Kabeer,French Fries-Frozen,No Variant,Frozen Fries & Onion Rings,2.5 kg,1,CFBFA,BREADED FISH FILLET BULK,1 Kgs x 5 Pkts,FILLETS,52.24,41.9,85.5,conflict,0.08,,manual_required
9996,26203980,Al Kabeer Zing Fish Fillet Mild Spicy 750 gm,Al Kabeer,Zing Fish Fillet,No Variant,Breaded Seafood,750 gm,1,CFB,BEEF FRANKS,454 Gms x 20 Pkts,SAUSAGES,52.62,42.99,85.5,conflict,0.49,,manual_required
9998,26203990,Al Kabeer Chicken Zing Strips Spicy/NON Spicy 750 gm,Al Kabeer,Chicken Strips-Frozen,No Variant,Zing,750 gm,1,CKJCNA,JUMBO CHICKEN NUGGETS,1 Kgs x 5 Pkts,NUGGETS,52.19,41.76,85.5,conflict,0.3,,manual_required
10010,26249301,Al Kabeer French Fries 2.5 kg,Al Kabeer,French Fries-Frozen,No Variant,Frozen Fries & Onion Rings,2.5 kg,1,CFBFA,BREADED FISH FILLET BULK,1 Kgs x 5 Pkts,FILLETS,52.24,41.9,85.5,conflict,0.08,,manual_required
10013,26249333,Al Kabeer Chicken 'n' Cheese Rings 300 gm,Al Kabeer,Chicken Cheese Stick-Frozen,No Variant,Frozen Barbeque Products,300 gm,1,CCSRA,8 CHEESE SPRING ROLLS,240 Gms x 20 Pkts,SPRING ROLL,54.51,48.39,85.5,conflict,0.21,,manual_required
10032,26282979,"Al Kabeer FRENCH FRIES, 2.5 kg",Al Kabeer,French Fries-Frozen,No Variant,Frozen Fries & Onion Rings,2.5 kg,1,CFBFA,BREADED FISH FILLET BULK,1 Kgs x 5 Pkts,FILLETS,52.24,41.9,85.5,conflict,0.08,,manual_required
10043,26287592,ALKABEER CHICKEN KOFTA 300 gm,Al Kabeer,Chicken Kofta-Frozen,No Variant,Frozen Kofta / Kibbeh & Meat Balls,300 gm,1,CCCB,CHICKEN BIRYANI 400,400 Gms x 12 Pkts,READY2EAT,54.43,48.15,85.5,conflict,1.81,,manual_required
10049,26287656,ALKABEER CHICKEN NUGGETS/ CRAZY 750 gm,Al Kabeer,Chicken Nuggets-Frozen,No Variant,Marinated & Breaded,750 gm,1,CKBCS,BEEF COCKTAIL SAUSAGES,400 Gms x 20 Pkts,SAUSAGES,53.26,44.83,85.5,conflict,0.95,,manual_required
10052,26287742,ALKABEER VEGETABLE SAMOSA/SPRING ROLL/ROLLS 240/280 gm,Al Kabeer,Samosa-Frozen,Chicken,"Frozen Pizzas, Wraps, Sandwiches",280 gm,1,CCSAK,12 CHEESE SAMOSAS,240 Gms x 20 Pkts,SAMOSA,54.69,48.89,85.5,conflict,1.2,,manual_required
10053,26287742,ALKABEER VEGETABLE SAMOSA/SPRING ROLL/ROLLS 240/280 gm,Al Kabeer,Samosa-Frozen,Other-Veg,"Frozen Pizzas, Wraps, Sandwiches",280 gm,1,CCSAK,12 CHEESE SAMOSAS,240 Gms x 20 Pkts,SAMOSA,53.93,46.72,85.5,conflict,2.67,,manual_required
10057,26287778,AL KABEER FRENCH FRIES 1000 gm,Al Kabeer,French Fries-Frozen,No Variant,Frozen Fries & Onion Rings,1 kg,1,CCSAKPR,A.K PRO CHEESE SAMOSA,4 X 1.2 KGS,SAMOSA,52.13,41.58,85.5,conflict,0.41,,manual_required
10060,26288823,Al Kabeer KRAZEE CHICKEN NUGGETS 750 gm,Al Kabeer,Chicken Nuggets-Frozen,No Variant,Marinated & Breaded,750 gm,1,CFB,BEEF FRANKS,454 Gms x 20 Pkts,SAUSAGES,52.18,41.74,85.5,conflict,0.05,,manual_required
10068,26293430,Al Kabeer Mixed Vegetables / Green Peas 900 gm,Al Kabeer,Green/Garden Peas-Frozen,No Variant,Frozen Vegetables,900 gm,1,CFB,BEEF FRANKS,454 Gms x 20 Pkts,SAUSAGES,52.24,41.9,85.5,conflict,0.06,,manual_required
10069,26293430,Al Kabeer Mixed Vegetables / Green Peas 900 gm,Al Kabeer,Mix Vegetables-Frozen,No Variant,Frozen Vegetables,900 gm,1,CFBJ,JUMBO HOTDOGS,400 Gms x 20 Pkts,SAUSAGES,52.38,42.31,85.5,conflict,0.0,,manual_required
10071,26293468,Al Kabeer Chicken Pop Corn 750 gm,Al Kabeer,Chicken Popcorn-Frozen,No Variant,Marinated & Breaded,750 gm,1,CKCKB,CHICKEN BURGERS 56 g,840 g. x 9,BURGERS,51.89,40.91,85.5,conflict,0.06,,manual_required
10075,26293495,Al Kabeer Zing Chicken Strips Spicy 750 gm,Al Kabeer,Chicken Strips-Frozen,Spicy,Marinated & Breaded,750 gm,1,CFBF,BREADED FISH FILLET,330 Gms x 20 Pkts,FILLETS,53.73,46.15,85.5,conflict,1.11,,manual_required
10084,26296882,Al Kabeer French Fries (2.5 kg),Al Kabeer,French Fries-Frozen,No Variant,Frozen Fries & Onion Rings,2.5 kg,1,CFBFA,BREADED FISH FILLET BULK,1 Kgs x 5 Pkts,FILLETS,52.24,41.9,85.5,conflict,0.08,,manual_required
10095,26300432,Al Kabeer Butter Chicken Zing Fillets 700 gm,Al Kabeer,Chicken Fillets-Frozen,No Variant,Zing,700 gm,1,CKSAPR,AK PRO CHICKEN SAMOSA,4 X 1.2 KGS,SAMOSA,53.96,46.81,85.5,conflict,0.67,,manual_required
10096,26300433,Al Kabeer French Fries 2.5kg,Al Kabeer,French Fries-Frozen,No Variant,Frozen Fries & Onion Rings,2.5 kg,1,CFBFA,BREADED FISH FILLET BULK,1 Kgs x 5 Pkts,FILLETS,52.24,41.9,85.5,conflict,0.08,,manual_required
10099,26300436,Al Kabeer Paneer Cubes 500 gm,Al Kabeer,Paneer,No Variant,Paneer,500 gm,1,CKCCR,CHICKEN ‘N’ CHEESE RINGS 300,300 gms x 12 pkts,POP-CORN & CHICKEN FRIES,52.03,41.3,85.5,conflict,0.12,,manual_required
10103,26300969,Al Kabeer Paneer Cubes 500 gm,Al Kabeer,Paneer,No Variant,Paneer,500 gm,1,CKCCR,CHICKEN ‘N’ CHEESE RINGS 300,300 gms x 12 pkts,POP-CORN & CHICKEN FRIES,52.03,41.3,85.5,conflict,0.12,,manual_required
10110,26302931,Al Kabeer Strawberries Frozen 900gm,Al Kabeer,Strawberry-Frozen,No Variant,Frozen Fruits,900 gm,1,VPS,PUNJABI SAMOSA,450 GMS X 10 PKTS,SAMOSA,51.72,40.4,85.5,conflict,0.01,,manual_required
10113,26303685,Al Kabeer Chicken Nuggets/Kraze Chicken Nuggets 750 gm,Al Kabeer,Chicken Nuggets-Frozen,No Variant,Marinated & Breaded,750 gm,1,CCF,CHICKEN FRIES,12 PKTS X 400 GRM,POP-CORN & CHICKEN FRIES,54.62,48.7,85.5,conflict,0.5,,manual_required
10123,26307398,Al Kabeer Garden Peas 900 gm,Al Kabeer,Green/Garden Peas-Frozen,No Variant,Frozen Vegetables,900 gm,1,VPAN,PANEER CUBES,200 gm x 20 Pkts,TRADING-VEG,54.0,46.94,85.5,conflict,2.13,,manual_required
10134,26311115,Al Kabeer Punjabi Samosa 900 gm,Al Kabeer,Samosa-Frozen,Punjabi,"Frozen Pizzas, Wraps, Sandwiches",900 gm,1,CCSAK,12 CHEESE SAMOSAS,240 Gms x 20 Pkts,SAMOSA,53.89,46.6,85.5,conflict,0.67,,manual_required
10137,26314745,Al Kabeer Paneer Cube 200 gm,Al Kabeer,Paneer,No Variant,Paneer,200 gm,1,CKCCNS,CHICKEN & CHEESE STICKS HOT & SPICY,250 gm x 20 Pkts,STICKS & FINGERS,51.88,40.86,85.5,conflict,0.3,,manual_required
10148,26383081,Al Kabeer Butter Chicken Zing Fillet 700 gm,Al Kabeer,Chicken Fillets-Frozen,No Variant,Zing,700 gm,1,CKSK,SHISH KEBAB,600 Gms x 12 Pkts,KEBAB,53.13,44.44,85.5,conflict,0.31,,manual_required
10155,26459103,Al Kabeer French Fries 2500 gm,Al Kabeer,French Fries-Frozen,No Variant,Frozen Fries & Onion Rings,2.5 kg,1,CCSK,KIRI CHEESE SAMOSA,20 X 240 GMS,SAMOSA,52.53,42.72,85.5,conflict,0.52,,manual_required
10158,26459109,Al Kabeer Zing Chicken Strips NON Spicy/Spicy 750grm,Al Kabeer,Chicken Strips-Frozen,Spicy,Zing,700 gm,1,CKJCNA,JUMBO CHICKEN NUGGETS,1 Kgs x 5 Pkts,NUGGETS,53.48,45.45,85.5,conflict,0.26,,manual_required
10159,26459109,Al Kabeer Zing Chicken Strips NON Spicy/Spicy 750grm,Al Kabeer,Chicken Strips-Frozen,No Variant,Zing,750 gm,1,CKBT,TAYEBAT CHICKEN BURGER,1 Kgs x 9 Pkts,BURGERS,53.93,46.73,85.5,conflict,2.89,,manual_required
10162,26459113,Alkabeer blueberry/blackberry frozen 350 gm,Al Kabeer,Blueberries-Frozen,No Variant,Frozen Fruits,350 gm,1,CBBO,4 BEEF BURGERS,200 Gms x 30 Pkt,BURGERS,51.71,40.38,85.5,conflict,0.13,,manual_required
10163,26459114,Al Kabeer Punjabi Sambosa 900 gm,Al Kabeer,Samosa-Frozen,Punjabi,"Frozen Pizzas, Wraps, Sandwiches",900 gm,1,CCSAK,12 CHEESE SAMOSAS,240 Gms x 20 Pkts,SAMOSA,54.6,48.65,85.5,conflict,1.69,,manual_required
10165,26480637,"ALKABEER ZING NON SPICY OR SPICY CHICKEN STRIPS, 750 gm",Al Kabeer,Chicken Strips-Frozen,No Variant,Zing,750 gm,1,CKBT,TAYEBAT CHICKEN BURGER,1 Kgs x 9 Pkts,BURGERS,53.42,45.28,85.5,conflict,2.41,,manual_required
10166,26480637,"ALKABEER ZING NON SPICY OR SPICY CHICKEN STRIPS, 750 gm",Al Kabeer,Chicken Strips-Frozen,Spicy,Zing,750 gm,1,CKCKB,CHICKEN BURGERS 56 g,840 g. x 9,BURGERS,54.2,47.5,85.5,conflict,0.6,,manual_required
10174,26493190,Al Kabeer French Fries 2.5 kg,Al Kabeer,French Fries-Frozen,No Variant,Frozen Fries & Onion Rings,2.5 kg,1,CFBFA,BREADED FISH FILLET BULK,1 Kgs x 5 Pkts,FILLETS,52.24,41.9,85.5,conflict,0.08,,manual_required
10176,26496411,Al Kabeer Paneer Cube 200 gm,Al Kabeer,Paneer,No Variant,Paneer,200 gm,1,CKCCNS,CHICKEN & CHEESE STICKS HOT & SPICY,250 gm x 20 Pkts,STICKS & FINGERS,51.88,40.86,85.5,conflict,0.3,,manual_required
10182,26521541,Al Kabeer TEMPURA CHICKEN NUGGETS NON SPICY 750 gm,Al Kabeer,Chicken Nuggets-Frozen,No Variant,Marinated & Breaded,750 gm,1,CCKSB,CHICKEN STICKS BULK,1 Kgs x 5 Pkts,STICKS & FINGERS,53.64,45.9,85.5,conflict,0.11,,manual_required
10183,26521693,Al Kabeer TEMPURA CHICKEN NUGGETS NON SPICY 750 gm,Al Kabeer,Chicken Nuggets-Frozen,No Variant,Marinated & Breaded,750 gm,1,CCKSB,CHICKEN STICKS BULK,1 Kgs x 5 Pkts,STICKS & FINGERS,53.64,45.9,85.5,conflict,0.11,,manual_required
10193,26540187,Alkabeer Fries 2.5 kg,Al Kabeer,French Fries-Frozen,No Variant,Frozen Fries & Onion Rings,2.5 kg,1,SFM,FISH MILK,1 kg x 10 Pkts,TRADING-FISH,52.42,42.42,85.5,conflict,0.27,,manual_required
10195,26542941,Al Kabeer French Fries 2.5 kg,Al Kabeer,French Fries-Frozen,No Variant,Frozen Fries & Onion Rings,2.5 kg,1,CFBFA,BREADED FISH FILLET BULK,1 Kgs x 5 Pkts,FILLETS,52.24,41.9,85.5,conflict,0.08,,manual_required
10197,26542945,Al Kabeer Paneer Cubes 500 gm,Al Kabeer,Paneer,No Variant,Paneer,500 gm,1,CKCCR,CHICKEN ‘N’ CHEESE RINGS 300,300 gms x 12 pkts,POP-CORN & CHICKEN FRIES,52.03,41.3,85.5,conflict,0.12,,manual_required
10198,26542946,Al Kabeer Butter Chicken Zing Fillets 700 gm,Al Kabeer,Chicken Fillets-Frozen,No Variant,Zing,700 gm,1,CKSAPR,AK PRO CHICKEN SAMOSA,4 X 1.2 KGS,SAMOSA,53.96,46.81,85.5,conflict,0.67,,manual_required
10206,26601702,Al Kabeer Zing Chicken Strips/Fillets 750 gm,Al Kabeer,Chicken Strips-Frozen,No Variant,Zing,750 gm,1,CKSK,SHISH KEBAB,600 Gms x 12 Pkts,KEBAB,53.55,45.65,85.5,conflict,0.34,,manual_required
10207,26601702,Al Kabeer Zing Chicken Strips/Fillets 750 gm,Al Kabeer,Chicken Fillets-Frozen,No Variant,Zing,750 gm,1,CKSAA,CHICKEN SAMOSAS BULK,1.2 Kgs x 4 Pkts,SAMOSA,53.29,44.9,85.5,conflict,0.08,,manual_required
10208,26619035,Al Kabeer CHICKEN TANDOORI TIKKA 500 gm,Al Kabeer,Chicken Tikka-Frozen,No Variant,Frozen Barbeque Products,500 gm,1,CFBF,BREADED FISH FILLET,330 Gms x 20 Pkts,FILLETS,52.04,41.32,85.5,conflict,0.22,,manual_required
10209,26619319,Al Kabeer Paneer Cubes 200 gm,Al Kabeer,Paneer,No Variant,Paneer,200 gm,1,CKCCR,CHICKEN ‘N’ CHEESE RINGS 300,300 gms x 12 pkts,POP-CORN & CHICKEN FRIES,52.79,43.48,85.5,conflict,0.32,,manual_required
10221,26628766,Al Kabeer Paneer Cubes 200 gm,Al Kabeer,Paneer,No Variant,Paneer,200 gm,1,CKCCR,CHICKEN ‘N’ CHEESE RINGS 300,300 gms x 12 pkts,POP-CORN & CHICKEN FRIES,52.79,43.48,85.5,conflict,0.32,,manual_required
10237,26637486,Al Kabeer ZING CHICKEN STRIPS / (N/SPC) 750 gm,Al Kabeer,Chicken Strips-Frozen,No Variant,Zing,750 gm,1,CKSK,SHISH KEBAB,600 Gms x 12 Pkts,KEBAB,54.69,48.89,85.5,conflict,1.89,,manual_required
10241,26637808,ALKABEER FRENCH FRIES 1000GM/CHICKEN KOFTA 300GM/VEG SAMOSA 240GM /CHICKEN/VEGETABLE SPRING ROLL 280GM,Al Kabeer,Samosa-Frozen,Other-Veg,"Frozen Pizzas, Wraps, Sandwiches",240 gm,1,CCF,CHICKEN FRIES,12 PKTS X 400 GRM,POP-CORN & CHICKEN FRIES,54.24,47.62,85.5,conflict,0.42,,manual_required
10243,26637808,ALKABEER FRENCH FRIES 1000GM/CHICKEN KOFTA 300GM/VEG SAMOSA 240GM /CHICKEN/VEGETABLE SPRING ROLL 280GM,Al Kabeer,Spring Roll-Frozen,No Variant,"Frozen Pizzas, Wraps, Sandwiches",280 gm,1,CCF,CHICKEN FRIES,12 PKTS X 400 GRM,POP-CORN & CHICKEN FRIES,54.24,47.62,85.5,conflict,0.42,,manual_required
10245,26637810,Al Kabeer ZING FISH FILLET 750 gm/Chicken and Cheese Stick Bulk 1000gm,Al Kabeer,Zing Fish Fillet,No Variant,Breaded Seafood,750 gm,1,CCF,CHICKEN FRIES,12 PKTS X 400 GRM,POP-CORN & CHICKEN FRIES,54.17,47.41,85.5,conflict,1.04,,manual_required
10251,26637815,ALKABEER Cheese/Mutton SAMOSA 240 gm/Chicken Nuggets 400 / Punjabi Samosa 450 gm,Al Kabeer,Samosa-Frozen,Mutton,"Frozen Pizzas, Wraps, Sandwiches",240 gm,1,CCCTM,CHICKEN TIKKA MAKHANI & PILAU RICE,450 Gms x 12 Pkts,READY2EAT,53.86,46.54,85.5,conflict,0.45,,manual_required
10253,26637815,ALKABEER Cheese/Mutton SAMOSA 240 gm/Chicken Nuggets 400 / Punjabi Samosa 450 gm,Al Kabeer,Samosa-Frozen,Other-Veg,"Frozen Pizzas, Wraps, Sandwiches",240 gm,1,CCCTM,CHICKEN TIKKA MAKHANI & PILAU RICE,450 Gms x 12 Pkts,READY2EAT,53.31,44.97,85.5,conflict,0.23,,manual_required
10256,26637816,Alkabeer CHICKEN NUGGETS/ CRAZY 750 gm,Al Kabeer,Chicken Nuggets-Frozen,No Variant,Marinated & Breaded,750 gm,1,CKBCS,BEEF COCKTAIL SAUSAGES,400 Gms x 20 Pkts,SAUSAGES,53.26,44.83,85.5,conflict,0.95,,manual_required
10262,26640502,Al Kabeer Chicken Nuggets 2x400 gm,Al Kabeer,Chicken Nuggets-Frozen,No Variant,Marinated & Breaded,2x400 gm,1,CBBO,4 BEEF BURGERS,200 Gms x 30 Pkt,BURGERS,53.42,45.28,85.5,conflict,0.15,,manual_required
10286,26653160,Al Kabeer Breaded Chicken Fillet 750 gm,Al Kabeer,Chicken Fillets-Frozen,Spicy,Marinated & Breaded,750 gm,1,CKJCNA,JUMBO CHICKEN NUGGETS,1 Kgs x 5 Pkts,NUGGETS,52.82,43.56,85.5,conflict,0.25,,manual_required
10291,26655071,Al Kabeer Breaded Chicken Fillet Spicy/non Spicy 750 gm,Al Kabeer,Chicken Fillets-Frozen,No Variant,Marinated & Breaded,750 gm,1,CCKSB,CHICKEN STICKS BULK,1 Kgs x 5 Pkts,STICKS & FINGERS,54.35,47.93,85.5,conflict,0.58,,manual_required
10293,26655072,Al Kabeer Paneer Cubes 200 gm,Al Kabeer,Paneer,No Variant,Paneer,200 gm,1,CKCCR,CHICKEN ‘N’ CHEESE RINGS 300,300 gms x 12 pkts,POP-CORN & CHICKEN FRIES,52.79,43.48,85.5,conflict,0.32,,manual_required
10303,26683321,Al Kabeer TEMPURA CHICKEN NUGGETS SPICY/ NON SPICY 750 gm,Al Kabeer,Chicken Nuggets-Frozen,No Variant,Marinated & Breaded,750 gm,1,CCFA,CHICKEN FRIES BULK,1 kg x 5 Pkts,POP-CORN & CHICKEN FRIES,54.79,49.18,85.5,conflict,0.13,,manual_required
10304,26683321,Al Kabeer TEMPURA CHICKEN NUGGETS SPICY/ NON SPICY 750 gm,Al Kabeer,Chicken Nuggets-Frozen,Spicy,Marinated & Breaded,750 gm,1,CCKSB,CHICKEN STICKS BULK,1 Kgs x 5 Pkts,STICKS & FINGERS,54.6,48.65,85.5,conflict,0.27,,manual_required
10307,26689978,Al Kabeer Paneer Cube 200 gm,Al Kabeer,Paneer,No Variant,Paneer,200 gm,1,CKCCNS,CHICKEN & CHEESE STICKS HOT & SPICY,250 gm x 20 Pkts,STICKS & FINGERS,51.88,40.86,85.5,conflict,0.3,,manual_required
10315,26708968,Al Kabeer French Fries 2.5 Kg,Al Kabeer,French Fries-Frozen,No Variant,Frozen Fries & Onion Rings,2.5 kg,1,CFBFA,BREADED FISH FILLET BULK,1 Kgs x 5 Pkts,FILLETS,52.24,41.9,85.5,conflict,0.08,,manual_required
10320,26708976,Al Kabeer Chicken Rings 300 Gm,Al Kabeer,Chicken Cheese Stick-Frozen,No Variant,Frozen Barbeque Products,300 gm,1,CCSAKPR,A.K PRO CHEESE SAMOSA,4 X 1.2 KGS,SAMOSA,52.71,43.24,85.5,conflict,0.0,,manual_required
10323,26708991,Al Kabeer Chicken Nuggets 2x400 gm ,Al Kabeer,Chicken Nuggets-Frozen,No Variant,Marinated & Breaded,2x400 gm,1,CBBO,4 BEEF BURGERS,200 Gms x 30 Pkt,BURGERS,53.42,45.28,85.5,conflict,0.15,,manual_required
10325,26771475,Al Kabeer Paneer Cube 200 gm,Al Kabeer,Paneer,No Variant,Paneer,200 gm,1,CKCCNS,CHICKEN & CHEESE STICKS HOT & SPICY,250 gm x 20 Pkts,STICKS & FINGERS,51.88,40.86,85.5,conflict,0.3,,manual_required
10330,26795896,Al Kabeer Garden Peas/ Mixed Vegetables 900 gm,Al Kabeer,Green/Garden Peas-Frozen,No Variant,Frozen Vegetables,900 gm,1,CFB,BEEF FRANKS,454 Gms x 20 Pkts,SAUSAGES,52.24,41.9,85.5,conflict,0.06,,manual_required
10331,26795896,Al Kabeer Garden Peas/ Mixed Vegetables 900 gm,Al Kabeer,Mix Vegetables-Frozen,No Variant,Frozen Vegetables,900 gm,1,CFBF,BREADED FISH FILLET,330 Gms x 20 Pkts,FILLETS,52.44,42.48,85.5,conflict,0.2,,manual_required
10339,26807205,"Al Kabeer ZING CHICKEN STRIPS SMOKE BUFFALO OR SPICY SRIRACHA, 700 gm",Al Kabeer,Chicken Strips-Frozen,No Variant,Zing,700 gm,1,CCKSB,CHICKEN STICKS BULK,1 Kgs x 5 Pkts,STICKS & FINGERS,54.19,47.46,85.5,conflict,0.24,,manual_required
10352,26810455,AlKabeer FRENCH FRIES 1000 gm,Al Kabeer,French Fries-Frozen,No Variant,Frozen Fries & Onion Rings,1 kg,1,CCSAKPR,A.K PRO CHEESE SAMOSA,4 X 1.2 KGS,SAMOSA,52.13,41.58,85.5,conflict,0.41,,manual_required
10361,26812162,Al Kabeer Chicken 'N' Cheese Rings (300 gm) / Nuggets (400 gm),Al Kabeer,Chicken Cheese Stick-Frozen,No Variant,Frozen Barbeque Products,300 gm,1,CCMS,MOZZERELLA CHEESE STICKS,250 GMS X24 PKTS,STICKS & FINGERS,54.36,47.95,85.5,conflict,0.09,,manual_required
10363,26812163,Al Kabeer Blackberries / Blueberries (350 gm),Al Kabeer,Blueberries-Frozen,No Variant,Frozen Fruits,350 gm,1,CBBO,4 BEEF BURGERS,200 Gms x 30 Pkt,BURGERS,52.89,43.75,85.5,conflict,0.86,,manual_required
10381,26821808,Al Kabeer Paneer Cubes 500 gm,Al Kabeer,Paneer,No Variant,Paneer,500 gm,1,CKCCR,CHICKEN ‘N’ CHEESE RINGS 300,300 gms x 12 pkts,POP-CORN & CHICKEN FRIES,52.03,41.3,85.5,conflict,0.12,,manual_required
10396,26825007,Al Kabeer Paneer Cube 200 gm,Al Kabeer,Paneer,No Variant,Paneer,200 gm,1,CKCCNS,CHICKEN & CHEESE STICKS HOT & SPICY,250 gm x 20 Pkts,STICKS & FINGERS,51.88,40.86,85.5,conflict,0.3,,manual_required
10398,26858131,Al Kabeer TEMPURA CHICKEN NUGGETS NON SPICY 750gm,Al Kabeer,Chicken Nuggets-Frozen,No Variant,Marinated & Breaded,750 gm,1,CCKSB,CHICKEN STICKS BULK,1 Kgs x 5 Pkts,STICKS & FINGERS,53.25,44.8,85.5,conflict,0.18,,manual_required
10402,26916000,Al Kabeer Zing Chicken Strip Smoked Buffalo/Sriracha 700 gm,Al Kabeer,Chicken Strips-Frozen,No Variant,Zing,700 gm,1,CCCB,CHICKEN BIRYANI 400,400 Gms x 12 Pkts,READY2EAT,53.07,44.26,85.5,conflict,1.16,,manual_required
10403,26916000,Al Kabeer Zing Chicken Strip Smoked Buffalo/Sriracha 700 gm,Al Kabeer,Chicken Strips-Frozen,Spicy,Zing,700 gm,1,CKBT,TAYEBAT CHICKEN BURGER,1 Kgs x 9 Pkts,BURGERS,53.59,45.76,85.5,conflict,1.06,,manual_required
10406,26953176,Al Kabeer BREADED CHICKEN FILLET PLAIN / HOT & SPICY 750 gm,Al Kabeer,Chicken Fillets-Frozen,No Variant,Marinated & Breaded,750 gm,1,CCKSB,CHICKEN STICKS BULK,1 Kgs x 5 Pkts,STICKS & FINGERS,54.11,47.24,85.5,conflict,0.1,,manual_required
10412,26965117,Al Kabeer Paneer Cubes 200 gm,Al Kabeer,Paneer,No Variant,Paneer,200 gm,1,CKCCR,CHICKEN ‘N’ CHEESE RINGS 300,300 gms x 12 pkts,POP-CORN & CHICKEN FRIES,52.79,43.48,85.5,conflict,0.32,,manual_required
10422,26981186,Al Kabeer French Fries 2.5 kg,Al Kabeer,French Fries-Frozen,No Variant,Frozen Fries & Onion Rings,2.5 kg,1,CFBFA,BREADED FISH FILLET BULK,1 Kgs x 5 Pkts,FILLETS,52.24,41.9,85.5,conflict,0.08,,manual_required
10425,26981191,Al Kabeer Breaded Shrimps 1000 gm,Al Kabeer,Breaded shrimp frozen,No Variant,Breaded Seafood,1 kg,1,CKSK,SHISH KEBAB,600 Gms x 12 Pkts,KEBAB,52.82,43.56,85.5,conflict,0.69,,manual_required
10435,26985164,"Al Kabeer FRENCH FRIES, 2.5 kg",Al Kabeer,French Fries-Frozen,No Variant,Frozen Fries & Onion Rings,2.5 kg,1,CFBFA,BREADED FISH FILLET BULK,1 Kgs x 5 Pkts,FILLETS,52.24,41.9,85.5,conflict,0.08,,manual_required
10437,26985171,"Al Kabeer CHICKEN OR VEGETABLE SPRING ROLLS, 280 gm",Al Kabeer,Spring Roll-Frozen,No Variant,"Frozen Pizzas, Wraps, Sandwiches",280 gm,1,CCF,CHICKEN FRIES,12 PKTS X 400 GRM,POP-CORN & CHICKEN FRIES,53.25,44.78,85.5,conflict,0.12,,manual_required
10439,26985175,"Al Kabeer ZING CHICKEN STRIPS SMOKE BUFFALO OR SPICY SRIRACHA, 700 gm",Al Kabeer,Chicken Strips-Frozen,No Variant,Zing,700 gm,1,CCKSB,CHICKEN STICKS BULK,1 Kgs x 5 Pkts,STICKS & FINGERS,54.19,47.46,85.5,conflict,0.24,,manual_required
10445,26990039,Al Kabeer CHICKEN POP CORN 750 gm,Al Kabeer,Chicken Popcorn-Frozen,No Variant,Marinated & Breaded,750 gm,1,CKCKB,CHICKEN BURGERS 56 g,840 g. x 9,BURGERS,51.89,40.91,85.5,conflict,0.06,,manual_required
10448,26990045,ALKABEER FRENCH FRIES 2500 gm,Al Kabeer,French Fries-Frozen,No Variant,Frozen Fries & Onion Rings,2.5 kg,1,CCSK,KIRI CHEESE SAMOSA,20 X 240 GMS,SAMOSA,52.53,42.72,85.5,conflict,0.52,,manual_required
10451,26993544,Al Kabeer French Fries (2.5 kg),Al Kabeer,French Fries-Frozen,No Variant,Frozen Fries & Onion Rings,2.5 kg,1,CFBFA,BREADED FISH FILLET BULK,1 Kgs x 5 Pkts,FILLETS,52.24,41.9,85.5,conflict,0.08,,manual_required
10456,26993578,Al Kabeer Zing Chicken Strips/Spicy (750 gm),Al Kabeer,Chicken Strips-Frozen,No Variant,Zing,750 gm,1,CKSK,SHISH KEBAB,600 Gms x 12 Pkts,KEBAB,54.69,48.89,85.5,conflict,2.65,,manual_required
10460,26993970,Al Kabeer Mixed Vegetables / Green Peas (900 gm),Al Kabeer,Mix Vegetables-Frozen,No Variant,Frozen Vegetables,900 gm,1,CFBJ,JUMBO HOTDOGS,400 Gms x 20 Pkts,SAUSAGES,52.38,42.31,85.5,conflict,0.0,,manual_required
10461,26993970,Al Kabeer Mixed Vegetables / Green Peas (900 gm),Al Kabeer,Green/Garden Peas-Frozen,No Variant,Frozen Vegetables,900 gm,1,CFB,BEEF FRANKS,454 Gms x 20 Pkts,SAUSAGES,52.24,41.9,85.5,conflict,0.06,,manual_required
10471,26999898,Al Kabeer Paneer Cubes 200 gm,Al Kabeer,Paneer,No Variant,Paneer,200 gm,1,CKCCR,CHICKEN ‘N’ CHEESE RINGS 300,300 gms x 12 pkts,POP-CORN & CHICKEN FRIES,52.79,43.48,85.5,conflict,0.32,,manual_required
10477,27000657,Alkabeer Chicken n Cheese Rings 300 gm,Al Kabeer,Chicken Cheese Stick-Frozen,No Variant,Frozen Barbeque Products,300 gm,1,CCSRA,8 CHEESE SPRING ROLLS,240 Gms x 20 Pkts,SPRING ROLL,54.51,48.39,85.5,conflict,0.21,,manual_required
10483,27006307,Al Kabeer Blackberries/Blueberries 350 gm ,Al Kabeer,Blueberries-Frozen,No Variant,Frozen Fruits,350 gm,1,CBBO,4 BEEF BURGERS,200 Gms x 30 Pkt,BURGERS,52.89,43.75,85.5,conflict,0.86,,manual_required
10484,27006309,Al Kabeer Punjabi Vegetable Samosa 900 gm,Al Kabeer,Samosa-Frozen,Punjabi,"Frozen Pizzas, Wraps, Sandwiches",900 gm,1,CCSAK,12 CHEESE SAMOSAS,240 Gms x 20 Pkts,SAMOSA,53.06,44.25,85.5,conflict,0.01,,manual_required
10493,27007881,Al Kabeer Paneer Cube 200 gm,Al Kabeer,Paneer,No Variant,Paneer,200 gm,1,CKCCNS,CHICKEN & CHEESE STICKS HOT & SPICY,250 gm x 20 Pkts,STICKS & FINGERS,51.88,40.86,85.5,conflict,0.3,,manual_required
10502,27008563,Al Kabeer Punjabi Samosa 900 gm,Al Kabeer,Samosa-Frozen,Punjabi,"Frozen Pizzas, Wraps, Sandwiches",900 gm,1,CCSAK,12 CHEESE SAMOSAS,240 Gms x 20 Pkts,SAMOSA,53.89,46.6,85.5,conflict,0.67,,manual_required
10504,27008566,Al Kabeer Paneer Cube 200 gm,Al Kabeer,Paneer,No Variant,Paneer,200 gm,1,CKCCNS,CHICKEN & CHEESE STICKS HOT & SPICY,250 gm x 20 Pkts,STICKS & FINGERS,51.88,40.86,85.5,conflict,0.3,,manual_required
10506,27008570,Al Kabeer Paneer Cubes 500 gm,Al Kabeer,Paneer,No Variant,Paneer,500 gm,1,CKCCR,CHICKEN ‘N’ CHEESE RINGS 300,300 gms x 12 pkts,POP-CORN & CHICKEN FRIES,52.03,41.3,85.5,conflict,0.12,,manual_required
10507,27044479,Al Kabeer Krazee Chicken Nuggets / Tempura Chicken Nuggets Non Spicy 750 gm,Al Kabeer,Chicken Nuggets-Frozen,No Variant,Marinated & Breaded,750 gm,1,CCKSHA,CHICKEN STICK BULK HOT & SPICY,1 kg x 5 Pkts,STICKS & FINGERS,54.95,49.66,85.5,conflict,0.78,,manual_required
10509,27044481,Al Kabeer Zing Chicken Fillet/Strips Non-Spicy 750 gm ,Al Kabeer,Chicken Strips-Frozen,No Variant,Zing,750 gm,1,CKBW,BBQ CHICKEN WINGS 400,400 Gms x 12 Pkts,WINGS,53.84,46.46,85.5,conflict,1.31,,manual_required
10512,27090681,Al Kabeer Zing Chicken Strips Spicy/Fillet Spicy 750 gm,Al Kabeer,Chicken Strips-Frozen,No Variant,Zing,750 gm,1,CFBF,BREADED FISH FILLET,330 Gms x 20 Pkts,FILLETS,53.06,44.25,85.5,conflict,1.23,,manual_required
10533,27168807,Al Kabeer Blueberry/Blackberries 350 gm,Al Kabeer,Blueberries-Frozen,No Variant,Frozen Fruits,350 gm,1,CBBO,4 BEEF BURGERS,200 Gms x 30 Pkt,BURGERS,52.1,41.51,85.5,conflict,0.12,,manual_required
10536,27168856,Al Kabeer BREADED CHICKEN FILLET/FILLET SPICY 750 gm,Al Kabeer,Chicken Fillets-Frozen,No Variant,Marinated & Breaded,750 gm,1,CCKSB,CHICKEN STICKS BULK,1 Kgs x 5 Pkts,STICKS & FINGERS,54.93,49.57,85.5,conflict,0.88,,manual_required
10537,27168873,Al Kabeer Punjabi Sambosa 900 gm,Al Kabeer,Samosa-Frozen,Punjabi,"Frozen Pizzas, Wraps, Sandwiches",900 gm,1,CCSAK,12 CHEESE SAMOSAS,240 Gms x 20 Pkts,SAMOSA,54.6,48.65,85.5,conflict,1.69,,manual_required
10538,27168885,Al Kabeer krazee Chicken Nuggets 750 gm,Al Kabeer,Chicken Nuggets-Frozen,No Variant,Marinated & Breaded,750 gm,1,CFB,BEEF FRANKS,454 Gms x 20 Pkts,SAUSAGES,52.18,41.74,85.5,conflict,0.05,,manual_required
10560,27209903,Al Kabeer Jalapeno & Cheese Sticks,Al Kabeer,Cheese Stick/Nuggets-Frozen,No Variant,Marinated & Breaded,270 gm,1,CCSRA,8 CHEESE SPRING ROLLS,240 Gms x 20 Pkts,SPRING ROLL,53.02,44.12,85.5,conflict,0.33,,manual_required
10564,27211504,"Alkabeer ZING NON SPICY OR SPICY CHICKEN STRIPS, 750 gm",Al Kabeer,Chicken Strips-Frozen,No Variant,Marinated & Breaded,750 gm,1,CCKSB,CHICKEN STICKS BULK,1 Kgs x 5 Pkts,STICKS & FINGERS,54.93,49.59,85.5,conflict,0.13,,manual_required
10569,27211801,"Al Kabeer HOT & CRISPY BREADED CHICKEN OR BREADED FILLET, 750 gm",Al Kabeer,Chicken Fillets-Frozen,No Variant,Marinated & Breaded,750 gm,1,CCF,CHICKEN FRIES,12 PKTS X 400 GRM,POP-CORN & CHICKEN FRIES,54.27,47.69,85.5,conflict,0.45,,manual_required
10570,27211801,"Al Kabeer HOT & CRISPY BREADED CHICKEN OR BREADED FILLET, 750 gm",Al Kabeer,Chicken Fillets-Frozen,Spicy,Marinated & Breaded,750 gm,1,CCF,CHICKEN FRIES,12 PKTS X 400 GRM,POP-CORN & CHICKEN FRIES,54.94,49.6,85.5,conflict,0.44,,manual_required
10572,27212393,Al Kabeer Paneer Cubes 200 gm,Al Kabeer,Paneer,No Variant,Paneer,200 gm,1,CKCCR,CHICKEN ‘N’ CHEESE RINGS 300,300 gms x 12 pkts,POP-CORN & CHICKEN FRIES,52.79,43.48,85.5,conflict,0.32,,manual_required
10573,27213648,Al Kabeer BUTTER CHICKEN ZING FILLET 700 gm,Al Kabeer,Chicken Fillets-Frozen,No Variant,Zing,700 gm,1,CKSK,SHISH KEBAB,600 Gms x 12 Pkts,KEBAB,53.13,44.44,85.5,conflict,0.31,,manual_required
10575,27213820,Al Kabeer Punjabi Samosa 900 gm ,Al Kabeer,Samosa-Frozen,Punjabi,"Frozen Pizzas, Wraps, Sandwiches",900 gm,1,CCSAK,12 CHEESE SAMOSAS,240 Gms x 20 Pkts,SAMOSA,53.89,46.6,85.5,conflict,0.67,,manual_required
10584,27216791,Al Kabeer BLACBERRIES / BLUEBERRIES 350 gm,Al Kabeer,Blueberries-Frozen,No Variant,Frozen Fruits,350 gm,1,CBBO,4 BEEF BURGERS,200 Gms x 30 Pkt,BURGERS,53.05,44.21,85.5,conflict,0.86,,manual_required
10588,27217810,Al Kabeer Chicken Nuggets/Krazy (750 gm),Al Kabeer,Chicken Nuggets-Frozen,No Variant,Marinated & Breaded,750 gm,1,CFB,BEEF FRANKS,454 Gms x 20 Pkts,SAUSAGES,52.31,42.11,85.5,conflict,0.06,,manual_required
10589,27217811,Al Kabeer Zing Chicken Strips Smoked Buffalo / Spicy Sriracha Flavour (700 gm),Al Kabeer,Chicken Strips-Frozen,Spicy,Zing,700 gm,1,CCKSB,CHICKEN STICKS BULK,1 Kgs x 5 Pkts,STICKS & FINGERS,54.3,47.79,85.5,conflict,0.16,,manual_required
10590,27217811,Al Kabeer Zing Chicken Strips Smoked Buffalo / Spicy Sriracha Flavour (700 gm),Al Kabeer,Chicken Strips-Frozen,No Variant,Zing,700 gm,1,CCF,CHICKEN FRIES,12 PKTS X 400 GRM,POP-CORN & CHICKEN FRIES,54.4,48.06,85.5,conflict,1.21,,manual_required
10591,27217841,Al Kabeer Butter Chicken Zing Fillets (700 gm),Al Kabeer,Chicken Fillets-Frozen,No Variant,Zing,700 gm,1,CKSAPR,AK PRO CHICKEN SAMOSA,4 X 1.2 KGS,SAMOSA,53.96,46.81,85.5,conflict,0.67,,manual_required
10594,27217940,Al Kabeer Blackberries / Blueberries (350 gm),Al Kabeer,Blueberries-Frozen,No Variant,Frozen Fruits,350 gm,1,CBBO,4 BEEF BURGERS,200 Gms x 30 Pkt,BURGERS,52.89,43.75,85.5,conflict,0.86,,manual_required
10601,27222675,Alkabeer Chicken Burger Jumbo 10 pcs 1 kg,Al Kabeer,Chicken Burger-Frozen,Unbreaded,Frozen Burger,1 kg,1,CFBJ,JUMBO HOTDOGS,400 Gms x 20 Pkts,SAUSAGES,54.89,49.48,85.5,conflict,0.21,,manual_required
10605,27223628,Al Kabeer Punjabi Samosa 900 gm,Al Kabeer,Samosa-Frozen,Punjabi,"Frozen Pizzas, Wraps, Sandwiches",900 gm,1,CCSAK,12 CHEESE SAMOSAS,240 Gms x 20 Pkts,SAMOSA,53.89,46.6,85.5,conflict,0.67,,manual_required
10607,27223630,Alkabeer Butter Chicken Zing Fillet 700 gm,Al Kabeer,Chicken Fillets-Frozen,No Variant,Zing,700 gm,1,CKSK,SHISH KEBAB,600 Gms x 12 Pkts,KEBAB,53.13,44.44,85.5,conflict,0.31,,manual_required
10616,27225933,Al Kabeer Breaded Chicken Fillet 750 gm,Al Kabeer,Chicken Fillets-Frozen,Spicy,Marinated & Breaded,750 gm,1,CKJCNA,JUMBO CHICKEN NUGGETS,1 Kgs x 5 Pkts,NUGGETS,52.82,43.56,85.5,conflict,0.25,,manual_required
10627,27234417,Al Kabeer Paneer Cube 200 gm,Al Kabeer,Paneer,No Variant,Paneer,200 gm,1,CKCCNS,CHICKEN & CHEESE STICKS HOT & SPICY,250 gm x 20 Pkts,STICKS & FINGERS,51.88,40.86,85.5,conflict,0.3,,manual_required
10631,27234918,Al Kabeer Paneer Cube 200 gm,Al Kabeer,Paneer,No Variant,Paneer,200 gm,1,CKCCNS,CHICKEN & CHEESE STICKS HOT & SPICY,250 gm x 20 Pkts,STICKS & FINGERS,51.88,40.86,85.5,conflict,0.3,,manual_required
10633,27234919,Al Kabeer Breaded Chicken Fillet / Nuggets 750 gm,Al Kabeer,Chicken Nuggets-Frozen,No Variant,Marinated & Breaded,750 gm,1,CFBF,BREADED FISH FILLET,330 Gms x 20 Pkts,FILLETS,54.94,49.6,85.5,conflict,0.33,,manual_required
10639,27243798,Al Kabeer Butter Zing Chicken Fillet 700 gm,Al Kabeer,Chicken Fillets-Frozen,No Variant,Zing,700 gm,1,CKSK,SHISH KEBAB,600 Gms x 12 Pkts,KEBAB,53.13,44.44,85.5,conflict,0.31,,manual_required
10640,27243821,Al Kabeer Paneer Cubes 500 gm,Al Kabeer,Paneer,No Variant,Paneer,500 gm,1,CKCCR,CHICKEN ‘N’ CHEESE RINGS 300,300 gms x 12 pkts,POP-CORN & CHICKEN FRIES,52.03,41.3,85.5,conflict,0.12,,manual_required
10652,27342201,Al Kabeer chicken zinger fillets/ Spicy 750 gm,Al Kabeer,Chicken Fillets-Frozen,No Variant,Zing,750 gm,1,CKSAA,CHICKEN SAMOSAS BULK,1.2 Kgs x 4 Pkts,SAMOSA,52.38,42.31,85.5,conflict,0.11,,manual_required
10661,27345155,Al Kabeer Zing Chicken Strips Plain/Spicy 750 gm,Al Kabeer,Chicken Strips-Frozen,No Variant,Zing,750 gm,1,CKCKB,CHICKEN BURGERS 56 g,840 g. x 9,BURGERS,52.35,42.22,85.5,conflict,0.48,,manual_required
10666,27345159,Al Kabeer Paneer Cubes 200 gm,Al Kabeer,Paneer,No Variant,Paneer,200 gm,1,CKCCR,CHICKEN ‘N’ CHEESE RINGS 300,300 gms x 12 pkts,POP-CORN & CHICKEN FRIES,52.79,43.48,85.5,conflict,0.32,,manual_required
10678,27386768,Al Kabeer ZING CHICKEN STRIPS SMOKED BUFFALO / SPICY SPIRACHA 700 gm,Al Kabeer,Chicken Strips-Frozen,Spicy,Zing,700 gm,1,CCCB,CHICKEN BIRYANI 400,400 Gms x 12 Pkts,READY2EAT,54.6,48.65,85.5,conflict,1.34,,manual_required
10679,27386768,Al Kabeer ZING CHICKEN STRIPS SMOKED BUFFALO / SPICY SPIRACHA 700 gm,Al Kabeer,Chicken Strips-Frozen,No Variant,Zing,700 gm,1,CCCB,CHICKEN BIRYANI 400,400 Gms x 12 Pkts,READY2EAT,54.21,47.54,85.5,conflict,0.35,,manual_required
10683,27387718,"Al Kabeer CHICKEN N’ CHEESE RINGS, 300 gm",Al Kabeer,Chicken Cheese Stick-Frozen,No Variant,Frozen Barbeque Products,300 gm,1,CCSRA,8 CHEESE SPRING ROLLS,240 Gms x 20 Pkts,SPRING ROLL,54.51,48.39,85.5,conflict,0.21,,manual_required
10685,27387720,"Al Kabeer HOT & CRISPY BREADED CHICKEN OR BREADED FILLET, 750 gm",Al Kabeer,Chicken Fillets-Frozen,No Variant,Marinated & Breaded,750 gm,1,CCF,CHICKEN FRIES,12 PKTS X 400 GRM,POP-CORN & CHICKEN FRIES,54.27,47.69,85.5,conflict,0.45,,manual_required
10690,27389633,ALKABEER FRENCH FRIES 1000 gm,Al Kabeer,French Fries-Frozen,No Variant,Frozen Fries & Onion Rings,1 kg,1,CCSAKPR,A.K PRO CHEESE SAMOSA,4 X 1.2 KGS,SAMOSA,52.13,41.58,85.5,conflict,0.41,,manual_required
10703,27393458,Al Kabeer Paneer Cubes 200 gm,Al Kabeer,Paneer,No Variant,Paneer,200 gm,1,CKCCR,CHICKEN ‘N’ CHEESE RINGS 300,300 gms x 12 pkts,POP-CORN & CHICKEN FRIES,52.79,43.48,85.5,conflict,0.32,,manual_required
10706,27394205,Al Kabeer Chicken Nuggets /Kofta (270 gm),Al Kabeer,Chicken Nuggets-Frozen,No Variant,Marinated & Breaded,270 gm,1,CFBF,BREADED FISH FILLET,330 Gms x 20 Pkts,FILLETS,53.38,45.16,85.5,conflict,0.12,,manual_required
10716,27395030,Al Kabeer Zing Chicken Nuggets/Popcorn (270 gm),Al Kabeer,Chicken Popcorn-Frozen,No Variant,Marinated & Breaded,270 gm,1,CCCB,CHICKEN BIRYANI 400,400 Gms x 12 Pkts,READY2EAT,54.08,47.15,85.5,conflict,0.35,,manual_required
10721,27396105,Al kabeer Jalapeno & Cheese Stick 270 gm,Al Kabeer,Cheese Stick/Nuggets-Frozen,No Variant,Marinated & Breaded,270 gm,1,CCSRA,8 CHEESE SPRING ROLLS,240 Gms x 20 Pkts,SPRING ROLL,53.85,46.51,85.5,conflict,1.4,,manual_required
10744,27401378,Al Kabeer Breaded Chicken Fillet 750 gm,Al Kabeer,Chicken Fillets-Frozen,Spicy,Marinated & Breaded,750 gm,1,CKJCNA,JUMBO CHICKEN NUGGETS,1 Kgs x 5 Pkts,NUGGETS,52.82,43.56,85.5,conflict,0.25,,manual_required
10750,27405240,Al Kabeer Blackberries/Blueberries 350 gm,Al Kabeer,Blueberries-Frozen,No Variant,Frozen Fruits,350 gm,1,CBBO,4 BEEF BURGERS,200 Gms x 30 Pkt,BURGERS,52.89,43.75,85.5,conflict,0.86,,manual_required
10760,27414731,Al Kabeer Paneer Cubes 500 gm,Al Kabeer,Paneer,No Variant,Paneer,500 gm,1,CKCCR,CHICKEN ‘N’ CHEESE RINGS 300,300 gms x 12 pkts,POP-CORN & CHICKEN FRIES,52.03,41.3,85.5,conflict,0.12,,manual_required
10763,27418632,Al Kabeer Breaded Chicken Fillet/ Nuggets 750 gm,Al Kabeer,Chicken Nuggets-Frozen,No Variant,Marinated & Breaded,750 gm,1,CFBF,BREADED FISH FILLET,330 Gms x 20 Pkts,FILLETS,54.94,49.6,85.5,conflict,0.33,,manual_required
10764,27418638,Al Kabeer Paneer Cube 200 gm,Al Kabeer,Paneer,No Variant,Paneer,200 gm,1,CKCCNS,CHICKEN & CHEESE STICKS HOT & SPICY,250 gm x 20 Pkts,STICKS & FINGERS,51.88,40.86,85.5,conflict,0.3,,manual_required
10775,27452374,Al Kabeer Chicken 'n' Cheese Rings 300 gm,Al Kabeer,Chicken Cheese Stick-Frozen,No Variant,Frozen Barbeque Products,300 gm,1,CCSRA,8 CHEESE SPRING ROLLS,240 Gms x 20 Pkts,SPRING ROLL,54.51,48.39,85.5,conflict,0.21,,manual_required
10784,27529227,Al Kabeer Zing Fish Fillet Mild Spicy 750 gm,Al Kabeer,Zing Fish Fillet,No Variant,Breaded Seafood,750 gm,1,CFB,BEEF FRANKS,454 Gms x 20 Pkts,SAUSAGES,52.62,42.99,85.5,conflict,0.49,,manual_required
10785,27529228,Al Kabeer Bluebery/Blackberries 350 gm,Al Kabeer,Blueberries-Frozen,No Variant,Frozen Fruits,350 gm,1,CBBO,4 BEEF BURGERS,200 Gms x 30 Pkt,BURGERS,52.24,41.9,85.5,conflict,0.11,,manual_required
10792,27529234,Al Kabeer BREADED CHICKEN FILLET/FILLET SPICY 750 gm,Al Kabeer,Chicken Fillets-Frozen,No Variant,Marinated & Breaded,750 gm,1,CCKSB,CHICKEN STICKS BULK,1 Kgs x 5 Pkts,STICKS & FINGERS,54.93,49.57,85.5,conflict,0.88,,manual_required
10811,27567478,Al Kabeer BLACBERRIES / BLUEBERRIES 350 gm,Al Kabeer,Blueberries-Frozen,No Variant,Frozen Fruits,350 gm,1,CBBO,4 BEEF BURGERS,200 Gms x 30 Pkt,BURGERS,53.05,44.21,85.5,conflict,0.86,,manual_required
10832,27571390,ALKABEER FRENCH FRIES 1000 gm,Al Kabeer,French Fries-Frozen,No Variant,Frozen Fries & Onion Rings,1 kg,1,CCSAKPR,A.K PRO CHEESE SAMOSA,4 X 1.2 KGS,SAMOSA,52.13,41.58,85.5,conflict,0.41,,manual_required
10846,27578349,Al Kabeer Blackberries / Blueberries (350 gm),Al Kabeer,Blueberries-Frozen,No Variant,Frozen Fruits,350 gm,1,CBBO,4 BEEF BURGERS,200 Gms x 30 Pkt,BURGERS,52.89,43.75,85.5,conflict,0.86,,manual_required
10865,27586070,Al Kabeer Paneer Cubes 500 gm,Al Kabeer,Paneer,No Variant,Paneer,500 gm,1,CKCCR,CHICKEN ‘N’ CHEESE RINGS 300,300 gms x 12 pkts,POP-CORN & CHICKEN FRIES,52.03,41.3,85.5,conflict,0.12,,manual_required
10866,27586071,Al Kabeer Butter Zing Chicken Fillet 700 gm,Al Kabeer,Chicken Fillets-Frozen,No Variant,Zing,700 gm,1,CKSK,SHISH KEBAB,600 Gms x 12 Pkts,KEBAB,53.13,44.44,85.5,conflict,0.31,,manual_required
10870,27593128,Al Kabeer Paneer Cube 200 gm,Al Kabeer,Paneer,No Variant,Paneer,200 gm,1,CKCCNS,CHICKEN & CHEESE STICKS HOT & SPICY,250 gm x 20 Pkts,STICKS & FINGERS,51.88,40.86,85.5,conflict,0.3,,manual_required
10877,27641778,Al Kabeer Seasoned Wedges 750/Hash Browns gm,Al Kabeer,Potato Wedges-Frozen,No Variant,Frozen Fries & Onion Rings,750 gm,1,CFB,BEEF FRANKS,454 Gms x 20 Pkts,SAUSAGES,51.91,40.94,85.5,conflict,0.66,,manual_required
10886,27697433,Al Kabeer Punjabi Sambosa 900 gm,Al Kabeer,Samosa-Frozen,Punjabi,"Frozen Pizzas, Wraps, Sandwiches",900 gm,1,CCSAK,12 CHEESE SAMOSAS,240 Gms x 20 Pkts,SAMOSA,54.6,48.65,85.5,conflict,1.69,,manual_required
10888,27697437,Al Kabeer chicken zinger fillets/ Spicy 750 gm,Al Kabeer,Chicken Fillets-Frozen,No Variant,Zing,750 gm,1,CKSAA,CHICKEN SAMOSAS BULK,1.2 Kgs x 4 Pkts,SAMOSA,52.38,42.31,85.5,conflict,0.11,,manual_required
10889,27697438,Al Kabeer krazee Chicken Nuggets 750 gm,Al Kabeer,Chicken Nuggets-Frozen,No Variant,Marinated & Breaded,750 gm,1,CFB,BEEF FRANKS,454 Gms x 20 Pkts,SAUSAGES,52.18,41.74,85.5,conflict,0.05,,manual_required
10891,27706892,Al Kabeer Paneer Cube 200 gm,Al Kabeer,Paneer,No Variant,Paneer,200 gm,1,CKCCNS,CHICKEN & CHEESE STICKS HOT & SPICY,250 gm x 20 Pkts,STICKS & FINGERS,51.88,40.86,85.5,conflict,0.3,,manual_required
10893,27716263,Al Kabeer Tempura Chicken Nuggets 750 gm,Al Kabeer,Chicken Nuggets-Frozen,No Variant,Marinated & Breaded,750 gm,1,CFBF,BREADED FISH FILLET,330 Gms x 20 Pkts,FILLETS,52.58,42.86,85.5,conflict,0.52,,manual_required
10894,27716270,Al Kabeer Zing Non-Spicy Chicken Fillets/Strips 750 gm,Al Kabeer,Chicken Strips-Frozen,No Variant,Zing,750 gm,1,CFBF,BREADED FISH FILLET,330 Gms x 20 Pkts,FILLETS,53.0,44.07,85.5,conflict,1.18,,manual_required
10895,27716270,Al Kabeer Zing Non-Spicy Chicken Fillets/Strips 750 gm,Al Kabeer,Chicken Fillets-Frozen,No Variant,Zing,750 gm,1,CFBF,BREADED FISH FILLET,330 Gms x 20 Pkts,FILLETS,53.0,44.07,85.5,conflict,1.18,,manual_required
10896,27724020,Al Kabeer Chicken / Krazee Chicken Nuggets 750 gm,Al Kabeer,Chicken Nuggets-Frozen,No Variant,Marinated & Breaded,750 gm,1,CCKSB,CHICKEN STICKS BULK,1 Kgs x 5 Pkts,STICKS & FINGERS,53.97,46.85,85.5,conflict,0.24,,manual_required
10901,27730710,Al Kabeer ZING CHICKEN STRIPS SMOKED BUFFALO / SPICY SPIRACHA 700 gm,Al Kabeer,Chicken Strips-Frozen,Spicy,Zing,700 gm,1,CCCB,CHICKEN BIRYANI 400,400 Gms x 12 Pkts,READY2EAT,54.6,48.65,85.5,conflict,1.34,,manual_required
10902,27730710,Al Kabeer ZING CHICKEN STRIPS SMOKED BUFFALO / SPICY SPIRACHA 700 gm,Al Kabeer,Chicken Strips-Frozen,No Variant,Zing,700 gm,1,CCCB,CHICKEN BIRYANI 400,400 Gms x 12 Pkts,READY2EAT,54.21,47.54,85.5,conflict,0.35,,manual_required
10909,27743542,"Al Kabeer French Fries, 2.5 kg",Al Kabeer,French Fries-Frozen,No Variant,Frozen Fries & Onion Rings,2.5 kg,1,CFBFA,BREADED FISH FILLET BULK,1 Kgs x 5 Pkts,FILLETS,52.24,41.9,85.5,conflict,0.08,,manual_required
10917,27743906,"ALKABEER ZING NON SPICY OR SPICY CHICKEN STRIPS, 750 gm",Al Kabeer,Chicken Strips-Frozen,Spicy,Zing,750 gm,1,CKCKB,CHICKEN BURGERS 56 g,840 g. x 9,BURGERS,54.2,47.5,85.5,conflict,0.6,,manual_required
10918,27743906,"ALKABEER ZING NON SPICY OR SPICY CHICKEN STRIPS, 750 gm",Al Kabeer,Chicken Strips-Frozen,No Variant,Zing,750 gm,1,CKBT,TAYEBAT CHICKEN BURGER,1 Kgs x 9 Pkts,BURGERS,53.42,45.28,85.5,conflict,2.41,,manual_required
10919,27744212,Al Kabeer CRAZY CHICKEN NUGGETS 750 gm,Al Kabeer,Chicken Nuggets-Frozen,No Variant,Marinated & Breaded,750 gm,1,CKBCS,BEEF COCKTAIL SAUSAGES,400 Gms x 20 Pkts,SAUSAGES,53.26,44.83,85.5,conflict,0.95,,manual_required
10927,27744222,ALKABEER CHICKEN KOFTA 300 gm,Al Kabeer,Chicken Kofta-Frozen,No Variant,Frozen Kofta / Kibbeh & Meat Balls,300 gm,1,CCCB,CHICKEN BIRYANI 400,400 Gms x 12 Pkts,READY2EAT,54.43,48.15,85.5,conflict,1.81,,manual_required
10932,27746001,Al Kabeer BLACBERRIES / BLUEBERRIES 350 gm,Al Kabeer,Blueberries-Frozen,No Variant,Frozen Fruits,350 gm,1,CBBO,4 BEEF BURGERS,200 Gms x 30 Pkt,BURGERS,53.05,44.21,85.5,conflict,0.86,,manual_required
10944,27752963,Alkabeer Chicken Burger Jumbo 10 pcs 1 kg,Al Kabeer,Chicken Burger-Frozen,Unbreaded,Frozen Burger,1 kg,1,CFBJ,JUMBO HOTDOGS,400 Gms x 20 Pkts,SAUSAGES,54.89,49.48,85.5,conflict,0.21,,manual_required
10950,27753808,Al Kabeer Green Peas/Mixed Vegetables 900 gm,Al Kabeer,Green/Garden Peas-Frozen,No Variant,Frozen Vegetables,900 gm,1,CFB,BEEF FRANKS,454 Gms x 20 Pkts,SAUSAGES,52.24,41.9,85.5,conflict,0.06,,manual_required
10951,27753808,Al Kabeer Green Peas/Mixed Vegetables 900 gm,Al Kabeer,Mix Vegetables-Frozen,No Variant,Frozen Vegetables,900 gm,1,CFBJ,JUMBO HOTDOGS,400 Gms x 20 Pkts,SAUSAGES,52.38,42.31,85.5,conflict,0.0,,manual_required
10956,27753816,Al Kabeer White Fish Fillets 1000 gm,Al Kabeer,White fish Fillet,No Variant,Frozen Seafood,1000 gm,1,CMBAK,MEAT BALLS,300 Gms x 20 Pkts,MEAT BALLS,51.58,40.0,85.5,conflict,0.27,,manual_required
10957,27754752,Al Kabeer Breaded Chicken Fillet 750 gm ,Al Kabeer,Chicken Fillets-Frozen,Spicy,Marinated & Breaded,750 gm,1,CKJCNA,JUMBO CHICKEN NUGGETS,1 Kgs x 5 Pkts,NUGGETS,52.82,43.56,85.5,conflict,0.25,,manual_required
10962,27754991,Al Kabeer White Fish Fillet 1000 gm,Al Kabeer,White fish Fillet,No Variant,Frozen Seafood,1000 gm,1,VVGP,GREEN PEAS,400 gm x 20 Pkts,TRADING-VEG,52.47,42.55,85.5,conflict,0.31,,manual_required
10964,27755641,Al Kabeer Mixed Veg / Green Peas 900 gm,Al Kabeer,Mix Vegetables-Frozen,No Variant,Frozen Vegetables,900 gm,1,CFBJ,JUMBO HOTDOGS,400 Gms x 20 Pkts,SAUSAGES,51.83,40.74,85.5,conflict,0.39,,manual_required
10965,27755641,Al Kabeer Mixed Veg / Green Peas 900 gm,Al Kabeer,Green/Garden Peas-Frozen,No Variant,Frozen Vegetables,900 gm,1,CFBF,BREADED FISH FILLET,330 Gms x 20 Pkts,FILLETS,52.28,42.02,85.5,conflict,0.58,,manual_required
10976,27760406,Al Kabeer Paneer Cubes 200 gm,Al Kabeer,Paneer,No Variant,Paneer,200 gm,1,CKCCR,CHICKEN ‘N’ CHEESE RINGS 300,300 gms x 12 pkts,POP-CORN & CHICKEN FRIES,52.79,43.48,85.5,conflict,0.32,,manual_required
10978,27760412,Al Kabeer Zing Chicken Strips Spicy/Non Spicy 750 gm,Al Kabeer,Chicken Strips-Frozen,No Variant,Zing,750 gm,1,CKJCNA,JUMBO CHICKEN NUGGETS,1 Kgs x 5 Pkts,NUGGETS,52.19,41.76,85.5,conflict,0.3,,manual_required
10980,27771079,Al Kabeer Paneer Cubes 500 gm,Al Kabeer,Paneer,No Variant,Paneer,500 gm,1,CKCCR,CHICKEN ‘N’ CHEESE RINGS 300,300 gms x 12 pkts,POP-CORN & CHICKEN FRIES,52.03,41.3,85.5,conflict,0.12,,manual_required
10983,27771834,Al Kabeer Breaded Chicken Fillet/Chicken Nuggets 750 gm,Al Kabeer,Chicken Fillets-Frozen,No Variant,Marinated & Breaded,750 gm,1,CCF,CHICKEN FRIES,12 PKTS X 400 GRM,POP-CORN & CHICKEN FRIES,54.51,48.39,85.5,conflict,0.2,,manual_required
10995,27843290,Al Kabeer Nuggets 750 gm /Breaded Chicken Fillet 750 gm,Al Kabeer,Chicken Fillets-Frozen,No Variant,Marinated & Breaded,750 gm,1,BF,BEEF TENDERLOIN/FILLET,20 KGS,MEAT-INDIAN-TRD,54.31,47.83,85.5,conflict,0.27,,manual_required
10996,27843290,Al Kabeer Nuggets 750 gm /Breaded Chicken Fillet 750 gm,Al Kabeer,Chicken Nuggets-Frozen,No Variant,Marinated & Breaded,750 gm,1,BF,BEEF TENDERLOIN/FILLET,20 KGS,MEAT-INDIAN-TRD,54.81,49.23,85.5,conflict,0.2,,manual_required
11006,27876468,Al Kabeer ZING CHICKEN STRIPS NON SPICY / SPICY 750 gm,Al Kabeer,Chicken Strips-Frozen,No Variant,Zing,750 gm,1,CKJCNA,JUMBO CHICKEN NUGGETS,1 Kgs x 5 Pkts,NUGGETS,52.19,41.76,85.5,conflict,0.3,,manual_required
11009,27913808,Al Kabeer Zing Chicken Strips NON Spicy/Spicy 750 gm,Al Kabeer,Chicken Strips-Frozen,No Variant,Zing,750 gm,1,CKJCNA,JUMBO CHICKEN NUGGETS,1 Kgs x 5 Pkts,NUGGETS,52.19,41.76,85.5,conflict,0.3,,manual_required
11012,27913841,Al Kabeer Professional 9x9 - 2500 gm,Al Kabeer,French Fries-Frozen,No Variant,Frozen Fries & Onion Rings,2.5 kg,1,CCCB,CHICKEN BIRYANI 400,400 Gms x 12 Pkts,READY2EAT,53.69,46.03,85.5,conflict,0.43,,manual_required
11016,27927394,Al Kabeer Breaded Chicken Fillet/Nuggets 750 gm,Al Kabeer,Chicken Nuggets-Frozen,No Variant,Marinated & Breaded,750 gm,1,CFBF,BREADED FISH FILLET,330 Gms x 20 Pkts,FILLETS,54.94,49.6,85.5,conflict,0.33,,manual_required
11017,27930395,Al Kabeer Zing Chicken Fillets/Spicy 750 Gm,Al Kabeer,Chicken Fillets-Frozen,No Variant,Zing,750 gm,1,CKSK,SHISH KEBAB,600 Gms x 12 Pkts,KEBAB,53.73,46.15,85.5,conflict,0.35,,manual_required
11018,27930396,Al Kabeer Chicken n Cheese Rings 300 gm,Al Kabeer,Chicken Cheese Stick-Frozen,No Variant,Frozen Barbeque Products,300 gm,1,CCSRA,8 CHEESE SPRING ROLLS,240 Gms x 20 Pkts,SPRING ROLL,54.51,48.39,85.5,conflict,0.21,,manual_required
11025,27930402,Al Kabeer Zing Chicken Strips Normal / Spicy 750 Gm,Al Kabeer,Chicken Strips-Frozen,No Variant,Marinated & Breaded,750 gm,1,CCKSB,CHICKEN STICKS BULK,1 Kgs x 5 Pkts,STICKS & FINGERS,54.93,49.59,85.5,conflict,1.37,,manual_required
11026,27930403,Al Kabeer Chicken Pop-Corn 750 Gm,Al Kabeer,Chicken Popcorn-Frozen,No Variant,Marinated & Breaded,750 gm,1,CKCKB,CHICKEN BURGERS 56 g,840 g. x 9,BURGERS,51.89,40.91,85.5,conflict,0.06,,manual_required
11027,27930404,Al Kabeer French Fries 2.5 Kg,Al Kabeer,French Fries-Frozen,No Variant,Frozen Fries & Onion Rings,2.5 kg,1,CFBFA,BREADED FISH FILLET BULK,1 Kgs x 5 Pkts,FILLETS,52.24,41.9,85.5,conflict,0.08,,manual_required
11036,27951087,Al Kabeer Breaded Shrimps 1000 gm,Al Kabeer,Breaded shrimp frozen,No Variant,Breaded Seafood,1 kg,1,CKSK,SHISH KEBAB,600 Gms x 12 Pkts,KEBAB,52.82,43.56,85.5,conflict,0.69,,manual_required
11039,27970341,ALKABEER ZING CHICKEN STRIPS SPICY / NON-SPICY 750 gm,Al Kabeer,Chicken Strips-Frozen,No Variant,Zing,750 gm,1,CKJCNA,JUMBO CHICKEN NUGGETS,1 Kgs x 5 Pkts,NUGGETS,52.19,41.76,85.5,conflict,0.3,,manual_required
11041,27976227,Al Kabeer Paneer Cubes 200 gm,Al Kabeer,Paneer,No Variant,Paneer,200 gm,1,CKCCR,CHICKEN ‘N’ CHEESE RINGS 300,300 gms x 12 pkts,POP-CORN & CHICKEN FRIES,52.79,43.48,85.5,conflict,0.32,,manual_required
11047,27978553,"Al Kabeer ZING CHICKEN STRIPS SMOKE BUFFALO OR SPICY SRIRACHA, 700 gm",Al Kabeer,Chicken Strips-Frozen,No Variant,Zing,700 gm,1,CCKSB,CHICKEN STICKS BULK,1 Kgs x 5 Pkts,STICKS & FINGERS,54.19,47.46,85.5,conflict,0.24,,manual_required
11050,27978703,"Al Kabeer PUNJABI SAMOSA, 900 gm",Al Kabeer,Samosa-Frozen,Punjabi,"Frozen Pizzas, Wraps, Sandwiches",900 gm,1,CCSAK,12 CHEESE SAMOSAS,240 Gms x 20 Pkts,SAMOSA,53.89,46.6,85.5,conflict,0.67,,manual_required
11052,27979411,Al Kabeer ZING CHICKEN STRIPS SPICY / NON-SPICY 750 gm,Al Kabeer,Chicken Strips-Frozen,No Variant,Zing,750 gm,1,CKJCNA,JUMBO CHICKEN NUGGETS,1 Kgs x 5 Pkts,NUGGETS,52.19,41.76,85.5,conflict,0.3,,manual_required
11055,27979559,Al Kabeer ZNG CHICKEN FILLET SPICY / NON-SPICY 750 gm,Al Kabeer,Chicken Fillets-Frozen,No Variant,Zing,750 gm,1,CKCKB,CHICKEN BURGERS 56 g,840 g. x 9,BURGERS,51.89,40.91,85.5,conflict,0.05,,manual_required
11062,27981818,Al Kabeer CRAZY CHICKEN NUGGETS 750 gm,Al Kabeer,Chicken Nuggets-Frozen,No Variant,Marinated & Breaded,750 gm,1,CKBCS,BEEF COCKTAIL SAUSAGES,400 Gms x 20 Pkts,SAUSAGES,53.26,44.83,85.5,conflict,0.95,,manual_required
11064,27981867,Al Kabeer FROZEN PANJABI SAMOSAS 900 gm,Al Kabeer,Samosa-Frozen,Punjabi,"Frozen Pizzas, Wraps, Sandwiches",900 gm,1,CCSAK,12 CHEESE SAMOSAS,240 Gms x 20 Pkts,SAMOSA,54.63,48.74,85.5,conflict,0.73,,manual_required
11066,27981892,Alkabeer CHICKEN KOFTA 300 gm,Al Kabeer,Chicken Kofta-Frozen,No Variant,Frozen Kofta / Kibbeh & Meat Balls,300 gm,1,CCCB,CHICKEN BIRYANI 400,400 Gms x 12 Pkts,READY2EAT,54.43,48.15,85.5,conflict,1.81,,manual_required
11070,27985435,Al Kabeer French Fries (2.5 kg),Al Kabeer,French Fries-Frozen,No Variant,Frozen Fries & Onion Rings,2.5 kg,1,CFBFA,BREADED FISH FILLET BULK,1 Kgs x 5 Pkts,FILLETS,52.24,41.9,85.5,conflict,0.08,,manual_required
11073,27985859,Al Kabeer Zing Chicken Fillets (700/750 gm),Al Kabeer,Chicken Fillets-Frozen,No Variant,Zing,750 gm,1,CKSK,SHISH KEBAB,600 Gms x 12 Pkts,KEBAB,54.09,47.19,85.5,conflict,0.36,,manual_required
11077,27986001,Al Kabeer Zing Chicken Strips Smoked Buffalo / Spicy Sriracha Flavour (700 gm),Al Kabeer,Chicken Strips-Frozen,Spicy,Zing,700 gm,1,CCKSB,CHICKEN STICKS BULK,1 Kgs x 5 Pkts,STICKS & FINGERS,54.3,47.79,85.5,conflict,0.16,,manual_required
11078,27986001,Al Kabeer Zing Chicken Strips Smoked Buffalo / Spicy Sriracha Flavour (700 gm),Al Kabeer,Chicken Strips-Frozen,No Variant,Zing,700 gm,1,CCF,CHICKEN FRIES,12 PKTS X 400 GRM,POP-CORN & CHICKEN FRIES,54.4,48.06,85.5,conflict,1.21,,manual_required
11088,27991868,Al Kabeer Butter Zing Chicken Fillet 700 gm ,Al Kabeer,Chicken Fillets-Frozen,No Variant,Zing,700 gm,1,CKSK,SHISH KEBAB,600 Gms x 12 Pkts,KEBAB,53.13,44.44,85.5,conflict,0.31,,manual_required
11090,27992523,Al Kabeer Zing Chicken Fillets 750gm / Butter Chicken Zing Fillet 700 gm,Al Kabeer,Chicken Fillets-Frozen,No Variant,Zing,750 gm,1,CCF,CHICKEN FRIES,12 PKTS X 400 GRM,POP-CORN & CHICKEN FRIES,54.3,47.79,85.5,conflict,0.15,,manual_required
11099,27996631,Al Kabeer Butter Zing Chicken Fillet 700 gm,Al Kabeer,Chicken Fillets-Frozen,No Variant,Zing,700 gm,1,CKSK,SHISH KEBAB,600 Gms x 12 Pkts,KEBAB,53.13,44.44,85.5,conflict,0.31,,manual_required
11101,27996642,Al Kabeer Paneer Cubes 500 gm,Al Kabeer,Paneer,No Variant,Paneer,500 gm,1,CKCCR,CHICKEN ‘N’ CHEESE RINGS 300,300 gms x 12 pkts,POP-CORN & CHICKEN FRIES,52.03,41.3,85.5,conflict,0.12,,manual_required
11102,27998300,Al Kabeer Zing Chicken Fillets 750 gm / Butter Chicken Zing Fillet 700 gm,Al Kabeer,Chicken Fillets-Frozen,No Variant,Zing,700 gm,1,CCKSB,CHICKEN STICKS BULK,1 Kgs x 5 Pkts,STICKS & FINGERS,54.24,47.62,85.5,conflict,0.27,,manual_required
11103,27998300,Al Kabeer Zing Chicken Fillets 750 gm / Butter Chicken Zing Fillet 700 gm,Al Kabeer,Chicken Fillets-Frozen,No Variant,Zing,750 gm,1,CCKSB,CHICKEN STICKS BULK,1 Kgs x 5 Pkts,STICKS & FINGERS,54.24,47.62,85.5,conflict,0.27,,manual_required
11106,28013649,Al Kabeer - Butter Zing Chicken Fillet 700 gm,Al Kabeer,Chicken Fillets-Frozen,No Variant,Zing,700 gm,1,CKSK,SHISH KEBAB,600 Gms x 12 Pkts,KEBAB,53.13,44.44,85.5,conflict,0.31,,manual_required
11112,28039017,Al Kabeer Tandoori Chicken Tikka 1000 gm,Al Kabeer,Chicken Tikka-Frozen,No Variant,Frozen Barbeque Products,1000 gm,1,CCCB,CHICKEN BIRYANI 400,400 Gms x 12 Pkts,READY2EAT,54.15,47.37,85.5,conflict,2.23,,manual_required
11113,28039103,Al Kabeer Butter Chicken Zing Fillet 700 gm,Al Kabeer,Chicken Fillets-Frozen,No Variant,Zing,700 gm,1,CKSK,SHISH KEBAB,600 Gms x 12 Pkts,KEBAB,53.13,44.44,85.5,conflict,0.31,,manual_required
11117,28094014,Al Kabeer Chicken Nuggets/Chicken Fillet 750 gm,Al Kabeer,Chicken Nuggets-Frozen,No Variant,Marinated & Breaded,750 gm,1,CFBF,BREADED FISH FILLET,330 Gms x 20 Pkts,FILLETS,54.94,49.6,85.5,conflict,0.33,,manual_required
11123,28133066,Al Kabeer Zing Fish Fillet Mild Spicy 750 gm,Al Kabeer,Zing Fish Fillet,No Variant,Breaded Seafood,750 gm,1,CFB,BEEF FRANKS,454 Gms x 20 Pkts,SAUSAGES,52.62,42.99,85.5,conflict,0.49,,manual_required
11125,28133151,Al Kabeer krazee Chicken Nuggets 750 gm,Al Kabeer,Chicken Nuggets-Frozen,No Variant,Marinated & Breaded,750 gm,1,CFB,BEEF FRANKS,454 Gms x 20 Pkts,SAUSAGES,52.18,41.74,85.5,conflict,0.05,,manual_required
11127,28133170,Al Kabeer chicken zinger fillets/ Spicy 750 gm,Al Kabeer,Chicken Fillets-Frozen,No Variant,Zing,750 gm,1,CKSAA,CHICKEN SAMOSAS BULK,1.2 Kgs x 4 Pkts,SAMOSA,52.38,42.31,85.5,conflict,0.11,,manual_required
11133,28167788,Al Kabeer Krazee Chicken Nuggets 750 gm,Al Kabeer,Chicken Nuggets-Frozen,No Variant,Marinated & Breaded,750 gm,1,CFB,BEEF FRANKS,454 Gms x 20 Pkts,SAUSAGES,52.18,41.74,85.5,conflict,0.05,,manual_required
11143,28178765,Al Kabeer Stuffed Felafel 750 gm,Al Kabeer,Falafel-Frozen,Stuffed,"Frozen Pizzas, Wraps, Sandwiches",750 gm,1,CFB,BEEF FRANKS,454 Gms x 20 Pkts,SAUSAGES,51.31,39.25,85.5,conflict,1.24,,manual_required
11147,28179690,Al Kabeer BREADED CHICKEN FILLET PLAIN / HOT & SPICY 750 gm,Al Kabeer,Chicken Fillets-Frozen,No Variant,Marinated & Breaded,750 gm,1,CCKSB,CHICKEN STICKS BULK,1 Kgs x 5 Pkts,STICKS & FINGERS,54.11,47.24,85.5,conflict,0.1,,manual_required
11151,28182873,"Al Kabeer HOT & CRISPY BREADED CHICKEN OR BREADED FILLET, 750 gm",Al Kabeer,Chicken Fillets-Frozen,No Variant,Marinated & Breaded,750 gm,1,CCF,CHICKEN FRIES,12 PKTS X 400 GRM,POP-CORN & CHICKEN FRIES,54.27,47.69,85.5,conflict,0.45,,manual_required
11152,28182883,"ALKABEER ZING NON SPICY OR SPICY CHICKEN STRIPS, 750 gm",Al Kabeer,Chicken Strips-Frozen,Spicy,Zing,750 gm,1,CKCKB,CHICKEN BURGERS 56 g,840 g. x 9,BURGERS,54.2,47.5,85.5,conflict,0.6,,manual_required
11153,28182883,"ALKABEER ZING NON SPICY OR SPICY CHICKEN STRIPS, 750 gm",Al Kabeer,Chicken Strips-Frozen,No Variant,Zing,750 gm,1,CKBT,TAYEBAT CHICKEN BURGER,1 Kgs x 9 Pkts,BURGERS,53.42,45.28,85.5,conflict,2.41,,manual_required
11166,28189078,ALKABEER CHICKEN KOFTA 300 gm,Al Kabeer,Chicken Kofta-Frozen,No Variant,Frozen Kofta / Kibbeh & Meat Balls,300 gm,1,CCCB,CHICKEN BIRYANI 400,400 Gms x 12 Pkts,READY2EAT,54.43,48.15,85.5,conflict,1.81,,manual_required
11168,28189148,Al Kabeer CRAZY CHICKEN NUGGETS 750 gm,Al Kabeer,Chicken Nuggets-Frozen,No Variant,Marinated & Breaded,750 gm,1,CKBCS,BEEF COCKTAIL SAUSAGES,400 Gms x 20 Pkts,SAUSAGES,53.26,44.83,85.5,conflict,0.95,,manual_required
11172,28190189,Al Kabeer Mixed Vegetables / Green Peas (900 gm),Al Kabeer,Green/Garden Peas-Frozen,No Variant,Frozen Vegetables,900 gm,1,CFB,BEEF FRANKS,454 Gms x 20 Pkts,SAUSAGES,52.24,41.9,85.5,conflict,0.06,,manual_required
11173,28190189,Al Kabeer Mixed Vegetables / Green Peas (900 gm),Al Kabeer,Mix Vegetables-Frozen,No Variant,Frozen Vegetables,900 gm,1,CFBJ,JUMBO HOTDOGS,400 Gms x 20 Pkts,SAUSAGES,52.38,42.31,85.5,conflict,0.0,,manual_required
11178,28190427,Al Kabeer Zing Chicken Strips/Spicy (750gm),Al Kabeer,Chicken Strips-Frozen,No Variant,Zing,750 gm,1,CKSK,SHISH KEBAB,600 Gms x 12 Pkts,KEBAB,54.13,47.31,85.5,conflict,1.82,,manual_required
11180,28190505,Al Kabeer Zing Chicken Fillets Spicy 750 gm,Al Kabeer,Chicken Fillets-Frozen,No Variant,Zing,750 gm,1,CKSK,SHISH KEBAB,600 Gms x 12 Pkts,KEBAB,53.73,46.15,85.5,conflict,0.35,,manual_required
11182,28191845,Al Kabeer Chicken Nuggets Bulk 750 gm,Al Kabeer,Chicken Nuggets-Frozen,No Variant,Marinated & Breaded,750 gm,1,CBBUR,BEEF BURGERS 56 g.,840 g. x 9,BURGERS,53.21,44.66,85.5,conflict,0.83,,manual_required
11188,28194712,Al Kabeer BLACBERRIES / BLUEBERRIES 350 gm,Al Kabeer,Blueberries-Frozen,No Variant,Frozen Fruits,350 gm,1,CBBO,4 BEEF BURGERS,200 Gms x 30 Pkt,BURGERS,53.05,44.21,85.5,conflict,0.86,,manual_required
11193,28196839,Al Kabeer Frozen Vegetables 900 gm,Al Kabeer,Mix Vegetables-Frozen,No Variant,Frozen Vegetables,900 gm,1,CFBJ,JUMBO HOTDOGS,400 Gms x 20 Pkts,SAUSAGES,52.06,41.38,85.5,conflict,0.31,,manual_required
11194,28196839,Al Kabeer Frozen Vegetables 900 gm,Al Kabeer,Green/Garden Peas-Frozen,No Variant,Frozen Vegetables,900 gm,1,CBBO,4 BEEF BURGERS,200 Gms x 30 Pkt,BURGERS,51.88,40.86,85.5,conflict,0.16,,manual_required
11196,28196871,Al Kabeer Paneer Cubes 500 gm,Al Kabeer,Paneer,No Variant,Paneer,500 gm,1,CKCCR,CHICKEN ‘N’ CHEESE RINGS 300,300 gms x 12 pkts,POP-CORN & CHICKEN FRIES,52.03,41.3,85.5,conflict,0.12,,manual_required
11200,28197858,Al Kabeer Zing Chicken Strips Spicy/Non Spicy 750 gm,Al Kabeer,Chicken Strips-Frozen,No Variant,Zing,750 gm,1,CKJCNA,JUMBO CHICKEN NUGGETS,1 Kgs x 5 Pkts,NUGGETS,52.19,41.76,85.5,conflict,0.3,,manual_required
11201,28197870,Al Kabeer Paneer Cubes 200 gm,Al Kabeer,Paneer,No Variant,Paneer,200 gm,1,CKCCR,CHICKEN ‘N’ CHEESE RINGS 300,300 gms x 12 pkts,POP-CORN & CHICKEN FRIES,52.79,43.48,85.5,conflict,0.32,,manual_required
11207,28199560,Al Kabeer Butter Zing Chicken Fillet 700 gm,Al Kabeer,Chicken Fillets-Frozen,No Variant,Zing,700 gm,1,CKSK,SHISH KEBAB,600 Gms x 12 Pkts,KEBAB,53.13,44.44,85.5,conflict,0.31,,manual_required
11214,28202852,Al Kabeer Butter Chicken Zing Fillet 700 gm,Al Kabeer,Chicken Fillets-Frozen,No Variant,Zing,700 gm,1,CKSK,SHISH KEBAB,600 Gms x 12 Pkts,KEBAB,53.13,44.44,85.5,conflict,0.31,,manual_required
11215,28202857,Al Kabeer Blackberries/Blueberries 350 gm,Al Kabeer,Blueberries-Frozen,No Variant,Frozen Fruits,350 gm,1,CBBO,4 BEEF BURGERS,200 Gms x 30 Pkt,BURGERS,52.89,43.75,85.5,conflict,0.86,,manual_required
11217,28214396,Al Kabeer Breaded Chicken Fillet/Chicken Nuggets 750 gm,Al Kabeer,Chicken Fillets-Frozen,Spicy,Marinated & Breaded,750 gm,1,CCKSB,CHICKEN STICKS BULK,1 Kgs x 5 Pkts,STICKS & FINGERS,54.77,49.12,85.5,conflict,1.4,,manual_required
11226,28256775,Al Kabeer Punjabi Samosa 900 gm,Al Kabeer,Samosa-Frozen,Punjabi,"Frozen Pizzas, Wraps, Sandwiches",900 gm,1,CCSAK,12 CHEESE SAMOSAS,240 Gms x 20 Pkts,SAMOSA,53.89,46.6,85.5,conflict,0.67,,manual_required
11229,28319296,Al Kabeer Blueberry/Blackberries 350 gm,Al Kabeer,Blueberries-Frozen,No Variant,Frozen Fruits,350 gm,1,CBBO,4 BEEF BURGERS,200 Gms x 30 Pkt,BURGERS,52.1,41.51,85.5,conflict,0.12,,manual_required
11235,28319308,Al Kabeer Punjabi Sambosa 900 gm,Al Kabeer,Samosa-Frozen,Punjabi,"Frozen Pizzas, Wraps, Sandwiches",900 gm,1,CCSAK,12 CHEESE SAMOSAS,240 Gms x 20 Pkts,SAMOSA,54.6,48.65,85.5,conflict,1.69,,manual_required
11237,28319311,Al Kabeer Chicken Zing Strips Spicy/NON Spicy 750 gm,Al Kabeer,Chicken Strips-Frozen,No Variant,Zing,750 gm,1,CKJCNA,JUMBO CHICKEN NUGGETS,1 Kgs x 5 Pkts,NUGGETS,52.19,41.76,85.5,conflict,0.3,,manual_required
11241,28339843,"Al Kabeer CHICKEN N’ CHEESE RINGS, 300 gm",Al Kabeer,Chicken Cheese Stick-Frozen,No Variant,Frozen Barbeque Products,300 gm,1,CCSRA,8 CHEESE SPRING ROLLS,240 Gms x 20 Pkts,SPRING ROLL,54.51,48.39,85.5,conflict,0.21,,manual_required
11247,28343708,Al Kabeer Punjabi Samosa 900 gm,Al Kabeer,Samosa-Frozen,Punjabi,"Frozen Pizzas, Wraps, Sandwiches",900 gm,1,CCSAK,12 CHEESE SAMOSAS,240 Gms x 20 Pkts,SAMOSA,53.89,46.6,85.5,conflict,0.67,,manual_required
11256,28345464,Al Kabeer Chicken Nuggets-Frozen 750 gm,Al Kabeer,Chicken Nuggets-Frozen,No Variant,Marinated & Breaded,750 gm,1,CFBF,BREADED FISH FILLET,330 Gms x 20 Pkts,FILLETS,53.0,44.07,85.5,conflict,0.52,,manual_required
11258,28346584,Al Kabeer French Fries (2.5 kg),Al Kabeer,French Fries-Frozen,No Variant,Frozen Fries & Onion Rings,2.5 kg,1,CFBFA,BREADED FISH FILLET BULK,1 Kgs x 5 Pkts,FILLETS,52.24,41.9,85.5,conflict,0.08,,manual_required
11260,28346603,Al Kabeer Zing Chicken Strips/Spicy (750 gm),Al Kabeer,Chicken Strips-Frozen,No Variant,Zing,750 gm,1,CKSK,SHISH KEBAB,600 Gms x 12 Pkts,KEBAB,54.69,48.89,85.5,conflict,2.65,,manual_required
11276,28352304,Al Kabeer Breaded Chicken Fillet / Nuggets 750 gm,Al Kabeer,Chicken Nuggets-Frozen,No Variant,Marinated & Breaded,750 gm,1,CFBF,BREADED FISH FILLET,330 Gms x 20 Pkts,FILLETS,54.94,49.6,85.5,conflict,0.33,,manual_required
11284,28386353,Al Kabeer Chicken Fillet / strips Non-Spicy 750 gm,Al Kabeer,Chicken Fillets-Frozen,No Variant,Zing,750 gm,1,CKCKB,CHICKEN BURGERS 56 g,840 g. x 9,BURGERS,51.89,40.91,85.5,conflict,0.45,,manual_required
11285,28386353,Al Kabeer Chicken Fillet / strips Non-Spicy 750 gm,Al Kabeer,Chicken Strips-Frozen,No Variant,Zing,750 gm,1,CKJCNA,JUMBO CHICKEN NUGGETS,1 Kgs x 5 Pkts,NUGGETS,52.58,42.86,85.5,conflict,0.26,,manual_required
11289,28449585,Al Kabeer Frozen Vegetables 900 gm,Al Kabeer,Mix Vegetables-Frozen,No Variant,Frozen Vegetables,900 gm,1,CFBJ,JUMBO HOTDOGS,400 Gms x 20 Pkts,SAUSAGES,52.06,41.38,85.5,conflict,0.31,,manual_required
11291,28449590,Al Kabeer Paneer Cubes 500 gm,Al Kabeer,Paneer,No Variant,Paneer,500 gm,1,CKCCR,CHICKEN ‘N’ CHEESE RINGS 300,300 gms x 12 pkts,POP-CORN & CHICKEN FRIES,52.03,41.3,85.5,conflict,0.12,,manual_required
11298,28482333,Al Kabeer BREADED CHICKEN FILLET PLAIN / SPICY 750 gm,Al Kabeer,Chicken Fillets-Frozen,No Variant,Marinated & Breaded,750 gm,1,CCKSB,CHICKEN STICKS BULK,1 Kgs x 5 Pkts,STICKS & FINGERS,54.65,48.78,85.5,conflict,0.81,,manual_required
11309,28484731,ALKABEER ZING CHIKEN FILLET / STRIPS / ZING FILLET (N/SPC) 750 gm,Al Kabeer,Chicken Strips-Frozen,No Variant,Zing,750 gm,1,CCCB,CHICKEN BIRYANI 400,400 Gms x 12 Pkts,READY2EAT,53.83,46.43,85.5,conflict,1.08,,manual_required
11312,28484843,ALKABEER FRENCH FRIES 2500 gm,Al Kabeer,French Fries-Frozen,No Variant,Frozen Fries & Onion Rings,2.5 kg,1,CCSK,KIRI CHEESE SAMOSA,20 X 240 GMS,SAMOSA,52.53,42.72,85.5,conflict,0.52,,manual_required
11317,28485913,Al Kabeer BLACKBERRIES / BLUEBERRIES 350 gm,Al Kabeer,Blueberries-Frozen,No Variant,Frozen Fruits,350 gm,1,CBBO,4 BEEF BURGERS,200 Gms x 30 Pkt,BURGERS,52.89,43.75,85.5,conflict,0.86,,manual_required
11322,28491117,Al Kabeer Punjabi Samosa 900 gm,Al Kabeer,Samosa-Frozen,Punjabi,"Frozen Pizzas, Wraps, Sandwiches",900 gm,1,CCSAK,12 CHEESE SAMOSAS,240 Gms x 20 Pkts,SAMOSA,53.89,46.6,85.5,conflict,0.67,,manual_required
11324,28491193,Al Kabeer Paneer Cubes 200 gm,Al Kabeer,Paneer,No Variant,Paneer,200 gm,1,CKCCR,CHICKEN ‘N’ CHEESE RINGS 300,300 gms x 12 pkts,POP-CORN & CHICKEN FRIES,52.79,43.48,85.5,conflict,0.32,,manual_required
11329,28493552,Al Kabeer French Fries 2.5 kg,Al Kabeer,French Fries-Frozen,No Variant,Frozen Fries & Onion Rings,2.5 kg,1,CFBFA,BREADED FISH FILLET BULK,1 Kgs x 5 Pkts,FILLETS,52.24,41.9,85.5,conflict,0.08,,manual_required
11331,28493632,Al Kabeer Green Peas/Mixed Vegetables  900 gm,Al Kabeer,Mix Vegetables-Frozen,No Variant,Frozen Vegetables,900 gm,1,CFBJ,JUMBO HOTDOGS,400 Gms x 20 Pkts,SAUSAGES,52.38,42.31,85.5,conflict,0.0,,manual_required
11332,28493632,Al Kabeer Green Peas/Mixed Vegetables  900 gm,Al Kabeer,Green/Garden Peas-Frozen,No Variant,Frozen Vegetables,900 gm,1,CFB,BEEF FRANKS,454 Gms x 20 Pkts,SAUSAGES,52.24,41.9,85.5,conflict,0.06,,manual_required
11334,28494673,Al Kabeer Breaded Chicken Fillet Spicy/ non Spicy 750 gm,Al Kabeer,Chicken Fillets-Frozen,No Variant,Marinated & Breaded,750 gm,1,CCKSB,CHICKEN STICKS BULK,1 Kgs x 5 Pkts,STICKS & FINGERS,54.35,47.93,85.5,conflict,0.58,,manual_required
11341,28496696,Al Kabeer Chicken breast boneless 1000 gm,Al Kabeer,Chicken Breast-Frozen,No Variant,Frozen Chicken Parts,1000 gm,1,CBBO,4 BEEF BURGERS,200 Gms x 30 Pkt,BURGERS,54.52,48.42,85.5,conflict,1.32,,manual_required
11343,28496799,Al Kabeer French Fries 2.5 kg,Al Kabeer,French Fries-Frozen,No Variant,Frozen Fries & Onion Rings,2.5 kg,1,CFBFA,BREADED FISH FILLET BULK,1 Kgs x 5 Pkts,FILLETS,52.24,41.9,85.5,conflict,0.08,,manual_required
11346,28497235,Al Kabeer Mixed Veg / Green Peas 900 gm,Al Kabeer,Green/Garden Peas-Frozen,No Variant,Frozen Vegetables,900 gm,1,CFBF,BREADED FISH FILLET,330 Gms x 20 Pkts,FILLETS,52.28,42.02,85.5,conflict,0.58,,manual_required
11347,28497235,Al Kabeer Mixed Veg / Green Peas 900 gm,Al Kabeer,Mix Vegetables-Frozen,No Variant,Frozen Vegetables,900 gm,1,CFBJ,JUMBO HOTDOGS,400 Gms x 20 Pkts,SAUSAGES,51.83,40.74,85.5,conflict,0.39,,manual_required
11353,28534281,Al Kabeer ZING CHICKEN STRIP SPICY / NON SPICY 750 gm,Al Kabeer,Chicken Strips-Frozen,Spicy,Zing,750 gm,1,CKSAA,CHICKEN SAMOSAS BULK,1.2 Kgs x 4 Pkts,SAMOSA,53.05,44.21,85.5,conflict,0.86,,manual_required
11354,28534281,Al Kabeer ZING CHICKEN STRIP SPICY / NON SPICY 750 gm,Al Kabeer,Chicken Strips-Frozen,No Variant,Zing,750 gm,1,CKCKB,CHICKEN BURGERS 56 g,840 g. x 9,BURGERS,51.89,40.91,85.5,conflict,0.44,,manual_required
11355,28572429,Al Kabeer Chicken Tikka Tandoori 1000 gm,Al Kabeer,Chicken Tikka-Frozen,No Variant,Frozen Barbeque Products,1000 gm,1,CCCB,CHICKEN BIRYANI 400,400 Gms x 12 Pkts,READY2EAT,54.15,47.37,85.5,conflict,2.23,,manual_required
11369,28612529,Al Kabeer Chicken Zing Strips Spicy/NON Spicy 750 gm,Al Kabeer,Chicken Strips-Frozen,No Variant,Zing,750 gm,1,CKJCNA,JUMBO CHICKEN NUGGETS,1 Kgs x 5 Pkts,NUGGETS,52.19,41.76,85.5,conflict,0.3,,manual_required
11371,28612547,Al Kabeer chicken zinger fillets/ Spicy 750 gm,Al Kabeer,Chicken Fillets-Frozen,No Variant,Zing,750 gm,1,CKSAA,CHICKEN SAMOSAS BULK,1.2 Kgs x 4 Pkts,SAMOSA,52.38,42.31,85.5,conflict,0.11,,manual_required
11372,28612560,Al Kabeer krazee Chicken Nuggets 750 gm,Al Kabeer,Chicken Nuggets-Frozen,No Variant,Marinated & Breaded,750 gm,1,CFB,BEEF FRANKS,454 Gms x 20 Pkts,SAUSAGES,52.18,41.74,85.5,conflict,0.05,,manual_required
11376,28612579,Al Kabeer Breaded Chicken Fillets NON Spicy/Spicy 750 gm,Al Kabeer,Chicken Fillets-Frozen,No Variant,Marinated & Breaded,750 gm,1,CCFA,CHICKEN FRIES BULK,1 kg x 5 Pkts,POP-CORN & CHICKEN FRIES,54.77,49.12,85.5,conflict,0.0,,manual_required
11378,28612626,Al Kabeer Zing Fish Fillet Mild Spicy 750 gm,Al Kabeer,Zing Fish Fillet,No Variant,Breaded Seafood,750 gm,1,CFB,BEEF FRANKS,454 Gms x 20 Pkts,SAUSAGES,52.62,42.99,85.5,conflict,0.49,,manual_required
11385,28657708,Al Kabeer Breaded Shrimps 1000 gm,Al Kabeer,Breaded shrimp frozen,No Variant,Breaded Seafood,1 kg,1,CKSK,SHISH KEBAB,600 Gms x 12 Pkts,KEBAB,52.82,43.56,85.5,conflict,0.69,,manual_required
11386,28657782,Al Kabeer Garden Peas / Mixed Vegetable 900 gm,Al Kabeer,Mix Vegetables-Frozen,No Variant,Frozen Vegetables,900 gm,1,CFBF,BREADED FISH FILLET,330 Gms x 20 Pkts,FILLETS,52.37,42.28,85.5,conflict,0.8,,manual_required
11387,28657782,Al Kabeer Garden Peas / Mixed Vegetable 900 gm,Al Kabeer,Green/Garden Peas-Frozen,No Variant,Frozen Vegetables,900 gm,1,CFBF,BREADED FISH FILLET,330 Gms x 20 Pkts,FILLETS,52.14,41.6,85.5,conflict,0.56,,manual_required
11390,28660842,Al Kabeer ZING CHICKEN STRIPS SMOKED BUFFALO / SPICY SPIRACHA 700 gm,Al Kabeer,Chicken Strips-Frozen,Spicy,Zing,700 gm,1,CCCB,CHICKEN BIRYANI 400,400 Gms x 12 Pkts,READY2EAT,54.6,48.65,85.5,conflict,1.34,,manual_required
11391,28660842,Al Kabeer ZING CHICKEN STRIPS SMOKED BUFFALO / SPICY SPIRACHA 700 gm,Al Kabeer,Chicken Strips-Frozen,No Variant,Zing,700 gm,1,CCCB,CHICKEN BIRYANI 400,400 Gms x 12 Pkts,READY2EAT,54.21,47.54,85.5,conflict,0.35,,manual_required
11400,28662189,"AL KABEER FRENCH FRIES, 2.5 KG",Al Kabeer,French Fries-Frozen,No Variant,Frozen Fries & Onion Rings,2.5 kg,1,CFBFA,BREADED FISH FILLET BULK,1 Kgs x 5 Pkts,FILLETS,52.24,41.9,85.5,conflict,0.08,,manual_required
11406,28662355,"ALKABEER ZING NON SPICY OR SPICY CHICKEN STRIPS, 750 gm",Al Kabeer,Chicken Strips-Frozen,No Variant,Zing,750 gm,1,CKBT,TAYEBAT CHICKEN BURGER,1 Kgs x 9 Pkts,BURGERS,53.42,45.28,85.5,conflict,2.41,,manual_required
11407,28662357,"Al Kabeer ZING FISH FILLET MILD SPICY, 750 gm",Al Kabeer,Zing Fish Fillet,No Variant,Breaded Seafood,750 gm,1,CFB,BEEF FRANKS,454 Gms x 20 Pkts,SAUSAGES,52.62,42.99,85.5,conflict,0.49,,manual_required
11408,28663392,AL KABEER FRENCH FRIES 2500 gm,Al Kabeer,French Fries-Frozen,No Variant,Frozen Fries & Onion Rings,2.5 kg,1,CCSK,KIRI CHEESE SAMOSA,20 X 240 GMS,SAMOSA,52.53,42.72,85.5,conflict,0.52,,manual_required
11410,28663477,Al Kabeer FROZEN PANJABI SAMOSAS 900 gm,Al Kabeer,Samosa-Frozen,Punjabi,"Frozen Pizzas, Wraps, Sandwiches",900 gm,1,CCSAK,12 CHEESE SAMOSAS,240 Gms x 20 Pkts,SAMOSA,54.63,48.74,85.5,conflict,0.73,,manual_required
11412,28663566,Al Kabeer FILLET / STRIPS / ZING FILLET / (N/SPC)/POP CORN 750 GM,Al Kabeer,Chicken Strips-Frozen,No Variant,Zing,750 gm,1,CFBF,BREADED FISH FILLET,330 Gms x 20 Pkts,FILLETS,52.49,42.62,85.5,conflict,1.16,,manual_required
11413,28663566,Al Kabeer FILLET / STRIPS / ZING FILLET / (N/SPC)/POP CORN 750 GM,Al Kabeer,Chicken Fillets-Frozen,No Variant,Zing,750 gm,1,CFBF,BREADED FISH FILLET,330 Gms x 20 Pkts,FILLETS,54.81,49.23,85.5,conflict,0.43,,manual_required
11415,28663678,ALKABEER TENDER CHICKEN BREAST 1000GM,Al Kabeer,Chicken Breast-Frozen,No Variant,Frozen Chicken Parts,1000 gm,1,CFBF,BREADED FISH FILLET,330 Gms x 20 Pkts,FILLETS,52.58,42.86,85.5,conflict,0.19,,manual_required
11418,28663715,AL KABEER FRENCH FRIES 1000 gm,Al Kabeer,French Fries-Frozen,No Variant,Frozen Fries & Onion Rings,1 kg,1,CCSAKPR,A.K PRO CHEESE SAMOSA,4 X 1.2 KGS,SAMOSA,52.13,41.58,85.5,conflict,0.41,,manual_required
11419,28667844,Al Kabeer BLACBERRIES / BLUEBERRIES 350 gm,Al Kabeer,Blueberries-Frozen,No Variant,Frozen Fruits,350 gm,1,CBBO,4 BEEF BURGERS,200 Gms x 30 Pkt,BURGERS,53.05,44.21,85.5,conflict,0.86,,manual_required
11436,28682513,Al Kabeer Kraze Chicken Nuggets 750 gm,Al Kabeer,Chicken Nuggets-Frozen,No Variant,Marinated & Breaded,750 gm,1,CKBCS,BEEF COCKTAIL SAUSAGES,400 Gms x 20 Pkts,SAUSAGES,52.66,43.1,85.5,conflict,0.35,,manual_required
11438,28682688,Al Kabeer Zing Chicken Strips Plain/Spicy 750 gm,Al Kabeer,Chicken Strips-Frozen,No Variant,Zing,750 gm,1,CKCKB,CHICKEN BURGERS 56 g,840 g. x 9,BURGERS,52.35,42.22,85.5,conflict,0.48,,manual_required
11447,28684070,Al Kabeer Plain Paratha Plain Promo 3x400 gm,Al Kabeer,Paratha-Frozen,No Variant,Frozen Pranthas,3x400 gm,1,CFB,BEEF FRANKS,454 Gms x 20 Pkts,SAUSAGES,52.53,42.72,85.5,conflict,0.04,,manual_required
11448,28684113,Al Kabeer Butter Zing Chicken Fillet 700 gm,Al Kabeer,Chicken Fillets-Frozen,No Variant,Zing,700 gm,1,CKSK,SHISH KEBAB,600 Gms x 12 Pkts,KEBAB,53.13,44.44,85.5,conflict,0.31,,manual_required
11450,28684142,Al Kabeer Paneer Cubes 200 gm,Al Kabeer,Paneer,No Variant,Paneer,200 gm,1,CKCCR,CHICKEN ‘N’ CHEESE RINGS 300,300 gms x 12 pkts,POP-CORN & CHICKEN FRIES,52.79,43.48,85.5,conflict,0.32,,manual_required
11451,28684351,Al Kabeer Chicken breast boneless 1000 gm,Al Kabeer,Chicken Breast-Frozen,No Variant,Frozen Chicken Parts,1000 gm,1,CBBO,4 BEEF BURGERS,200 Gms x 30 Pkt,BURGERS,54.52,48.42,85.5,conflict,1.32,,manual_required
11455,28685809,AL KABEER FRENCH FRIES 2.5 KG,Al Kabeer,French Fries-Frozen,No Variant,Frozen Fries & Onion Rings,2.5 kg,1,CFBFA,BREADED FISH FILLET BULK,1 Kgs x 5 Pkts,FILLETS,52.24,41.9,85.5,conflict,0.08,,manual_required
11474,28733238,Al Kabeer French Fries 2.5 kg,Al Kabeer,French Fries-Frozen,No Variant,Frozen Fries & Onion Rings,2.5 kg,1,CFBFA,BREADED FISH FILLET BULK,1 Kgs x 5 Pkts,FILLETS,52.24,41.9,85.5,conflict,0.08,,manual_required
11485,28772396,Al Kabeer Butter Chicken Zing Fillet 700 gm,Al Kabeer,Chicken Fillets-Frozen,No Variant,Zing,700 gm,1,CKSK,SHISH KEBAB,600 Gms x 12 Pkts,KEBAB,53.13,44.44,85.5,conflict,0.31,,manual_required
11487,28823874,Al Kabeer Blackberries/blueberries 350 gm,Al Kabeer,Blueberries-Frozen,No Variant,Frozen Fruits,350 gm,1,CBBO,4 BEEF BURGERS,200 Gms x 30 Pkt,BURGERS,52.89,43.75,85.5,conflict,0.86,,manual_required
11491,28823993,Al Kabeer breaded chicken fillets spicy/Non spicy 750 gm,Al Kabeer,Chicken Fillets-Frozen,No Variant,Marinated & Breaded,750 gm,1,CCFA,CHICKEN FRIES BULK,1 kg x 5 Pkts,POP-CORN & CHICKEN FRIES,54.77,49.12,85.5,conflict,0.0,,manual_required
11494,28848893,Al Kabeer ZING CHICKEN STRIP SPICY/NON SPICY 750 gm,Al Kabeer,Chicken Strips-Frozen,No Variant,Zing,750 gm,1,CKCKB,CHICKEN BURGERS 56 g,840 g. x 9,BURGERS,51.89,40.91,85.5,conflict,0.44,,manual_required
11495,28848893,Al Kabeer ZING CHICKEN STRIP SPICY/NON SPICY 750 gm,Al Kabeer,Chicken Strips-Frozen,Spicy,Zing,750 gm,1,CKSAA,CHICKEN SAMOSAS BULK,1.2 Kgs x 4 Pkts,SAMOSA,53.05,44.21,85.5,conflict,0.86,,manual_required
11501,28855978,Al Kabeer French Fries 2.5 kg,Al Kabeer,French Fries-Frozen,No Variant,Frozen Fries & Onion Rings,2.5 kg,1,CFBFA,BREADED FISH FILLET BULK,1 Kgs x 5 Pkts,FILLETS,52.24,41.9,85.5,conflict,0.08,,manual_required
11507,28856446,Al Kabeer Paneer Cubes 200 gm,Al Kabeer,Paneer,No Variant,Paneer,200 gm,1,CKCCR,CHICKEN ‘N’ CHEESE RINGS 300,300 gms x 12 pkts,POP-CORN & CHICKEN FRIES,52.79,43.48,85.5,conflict,0.32,,manual_required
11508,28856727,Al Kabeer Zing Fish Fillets Non-Spicy 750 gm,Al Kabeer,Zing Fish Fillet,No Variant,Breaded Seafood,750 gm,1,CBBO,4 BEEF BURGERS,200 Gms x 30 Pkt,BURGERS,51.19,38.89,85.5,conflict,0.1,,manual_required
11517,28857655,"AL KABEER HOT & CRISPY BREADED CHICKEN OR BREADED FILLET, 750 gm OR CHICKEN BURGER JUMBO, 1 kg",Al Kabeer,Chicken Fillets-Frozen,No Variant,Marinated & Breaded,750 gm,1,CBBG100,CHAR.JUMBO BEEF BURGERS BULK(100G)6*1 KG,1KG X 6,BURGERS,53.66,45.95,85.5,conflict,0.09,,manual_required
11519,28857829,"Al Kabeer ZING FISH FILLET, SHRIMPS SPICY, 750 gm OR SHRIMP EXTRA LARGE, 400gm",Al Kabeer,Zing Fish Fillet,No Variant,Breaded Seafood,750 gm,1,CCKSHA,CHICKEN STICK BULK HOT & SPICY,1 kg x 5 Pkts,STICKS & FINGERS,52.41,42.38,85.5,conflict,0.25,,manual_required
11520,28857829,"Al Kabeer ZING FISH FILLET, SHRIMPS SPICY, 750 gm OR SHRIMP EXTRA LARGE, 400gm",Al Kabeer,Zing Shrimps,Spicy,Breaded Seafood,750 gm,1,BF,BEEF TENDERLOIN/FILLET,20 KGS,MEAT-INDIAN-TRD,52.75,43.36,85.5,conflict,0.39,,manual_required
11526,28858423,AK KABEER BREADED CHICKEN FILLET PLAIN / HOT & SPICY 750 GM,Al Kabeer,Chicken Fillets-Frozen,Hot & Spicy,Marinated & Breaded,750 gm,1,CCCTM,CHICKEN TIKKA MAKHANI & PILAU RICE,450 Gms x 12 Pkts,READY2EAT,54.5,48.37,85.5,conflict,0.36,,manual_required
11527,28858423,AK KABEER BREADED CHICKEN FILLET PLAIN / HOT & SPICY 750 GM,Al Kabeer,Chicken Fillets-Frozen,No Variant,Marinated & Breaded,750 gm,1,CCCTM,CHICKEN TIKKA MAKHANI & PILAU RICE,450 Gms x 12 Pkts,READY2EAT,54.22,47.56,85.5,conflict,1.36,,manual_required
11541,28864616,Al Kabeer Butter Chicken Zing  Fillets 700 gm,Al Kabeer,Chicken Fillets-Frozen,No Variant,Zing,700 gm,1,CKSAPR,AK PRO CHICKEN SAMOSA,4 X 1.2 KGS,SAMOSA,53.96,46.81,85.5,conflict,0.67,,manual_required
11542,28864664,Al Kabeer Paneer Cubes 500 gm,Al Kabeer,Paneer,No Variant,Paneer,500 gm,1,CKCCR,CHICKEN ‘N’ CHEESE RINGS 300,300 gms x 12 pkts,POP-CORN & CHICKEN FRIES,52.03,41.3,85.5,conflict,0.12,,manual_required
11547,28865570,Al Kabeer French Fries (2.5 kg),Al Kabeer,French Fries-Frozen,No Variant,Frozen Fries & Onion Rings,2.5 kg,1,CFBFA,BREADED FISH FILLET BULK,1 Kgs x 5 Pkts,FILLETS,52.24,41.9,85.5,conflict,0.08,,manual_required
11557,28866186,Al Kabeer Blackberries / Blueberries (350 gm),Al Kabeer,Blueberries-Frozen,No Variant,Frozen Fruits,350 gm,1,CBBO,4 BEEF BURGERS,200 Gms x 30 Pkt,BURGERS,52.89,43.75,85.5,conflict,0.86,,manual_required
11559,28870567,Al Kabeer Breaded Chicken Fillet 750 gm,Al Kabeer,Chicken Fillets-Frozen,Spicy,Marinated & Breaded,750 gm,1,CKJCNA,JUMBO CHICKEN NUGGETS,1 Kgs x 5 Pkts,NUGGETS,52.82,43.56,85.5,conflict,0.25,,manual_required
11565,28870827,Al Kabeer Zing Chicken Strips/fillet/Popcorn 750 gm,Al Kabeer,Chicken Strips-Frozen,No Variant,Zing,750 gm,1,CKJCNA,JUMBO CHICKEN NUGGETS,1 Kgs x 5 Pkts,NUGGETS,52.89,43.75,85.5,conflict,0.26,,manual_required
11567,28870827,Al Kabeer Zing Chicken Strips/fillet/Popcorn 750 gm,Al Kabeer,Chicken Fillets-Frozen,No Variant,Zing,750 gm,1,CKCKB,CHICKEN BURGERS 56 g,840 g. x 9,BURGERS,52.13,41.58,85.5,conflict,0.42,,manual_required
11573,28874856,Al Kabeer - Kraze Chicken Nuggets 750 gm,Al Kabeer,Chicken Nuggets-Frozen,No Variant,Marinated & Breaded,750 gm,1,CKBCS,BEEF COCKTAIL SAUSAGES,400 Gms x 20 Pkts,SAUSAGES,52.66,43.1,85.5,conflict,0.35,,manual_required
11577,28875966,Al Kabeer Chicken breast boneless 1000 gm,Al Kabeer,Chicken Breast-Frozen,No Variant,Frozen Chicken Parts,1000 gm,1,CBBO,4 BEEF BURGERS,200 Gms x 30 Pkt,BURGERS,54.52,48.42,85.5,conflict,1.32,,manual_required
11581,28876590,Alkabeer Paneer Cubes 200 gm,Al Kabeer,Paneer,No Variant,Paneer,200 gm,1,CKCCR,CHICKEN ‘N’ CHEESE RINGS 300,300 gms x 12 pkts,POP-CORN & CHICKEN FRIES,52.79,43.48,85.5,conflict,0.32,,manual_required
11589,28947125,Al Kabeer Zing Chicken Spicy Fillets/Strips 750 gm,Al Kabeer,Chicken Fillets-Frozen,No Variant,Zing,750 gm,1,CKJCNA,JUMBO CHICKEN NUGGETS,1 Kgs x 5 Pkts,NUGGETS,53.05,44.21,85.5,conflict,0.26,,manual_required
11590,28986776,Al Kabeer French Fries 2.5 kg,Al Kabeer,French Fries-Frozen,No Variant,Frozen Fries & Onion Rings,2.5 kg,1,CFBFA,BREADED FISH FILLET BULK,1 Kgs x 5 Pkts,FILLETS,52.24,41.9,85.5,conflict,0.08,,manual_required
11595,28988493,Al Kabeer chicken zinger fillets/ Spicy 750 gm,Al Kabeer,Chicken Fillets-Frozen,No Variant,Zing,750 gm,1,CKSAA,CHICKEN SAMOSAS BULK,1.2 Kgs x 4 Pkts,SAMOSA,52.38,42.31,85.5,conflict,0.11,,manual_required
11596,28988534,Al Kabeer Professional french fries 2500 gm,Al Kabeer,French Fries-Frozen,No Variant,Frozen Fries & Onion Rings,2.5 kg,1,CCCB,CHICKEN BIRYANI 400,400 Gms x 12 Pkts,READY2EAT,53.07,44.26,85.5,conflict,0.84,,manual_required
11597,28988535,Al Kabeer Zing Chicken Strips spicy/Non spicy 750 gm,Al Kabeer,Chicken Strips-Frozen,No Variant,Zing,750 gm,1,CKJCNA,JUMBO CHICKEN NUGGETS,1 Kgs x 5 Pkts,NUGGETS,52.19,41.76,85.5,conflict,0.3,,manual_required
11599,29016831,AL KABEER ZING CHICKEN STRIPS SMOKED BUFFALO / SPICY SPIRACHA 700 gm,Al Kabeer,Chicken Strips-Frozen,Spicy,Zing,700 gm,1,CCCB,CHICKEN BIRYANI 400,400 Gms x 12 Pkts,READY2EAT,54.6,48.65,85.5,conflict,1.34,,manual_required
11600,29016831,AL KABEER ZING CHICKEN STRIPS SMOKED BUFFALO / SPICY SPIRACHA 700 gm,Al Kabeer,Chicken Strips-Frozen,No Variant,Zing,700 gm,1,CCCB,CHICKEN BIRYANI 400,400 Gms x 12 Pkts,READY2EAT,54.21,47.54,85.5,conflict,0.35,,manual_required
11619,29031544,ALKABEER CHICKEN STICK 1000 gm,Al Kabeer,Chicken Cheese Stick-Frozen,No Variant,Frozen Barbeque Products,1000 gm,1,CCSAKPR,A.K PRO CHEESE SAMOSA,4 X 1.2 KGS,SAMOSA,54.08,47.17,85.5,conflict,0.68,,manual_required
11627,29034439,Al Kabeer Blackberries / Blueberries (350 gm),Al Kabeer,Blueberries-Frozen,No Variant,Frozen Fruits,350 gm,1,CBBO,4 BEEF BURGERS,200 Gms x 30 Pkt,BURGERS,52.89,43.75,85.5,conflict,0.86,,manual_required
11631,29035747,Al Kabeer BLACBERRIES / BLUEBERRIES 350 gm,Al Kabeer,Blueberries-Frozen,No Variant,Frozen Fruits,350 gm,1,CBBO,4 BEEF BURGERS,200 Gms x 30 Pkt,BURGERS,53.05,44.21,85.5,conflict,0.86,,manual_required
11639,29037038,Al Kabeer Paneer Cubes 200 gm,Al Kabeer,Paneer,No Variant,Paneer,200 gm,1,CKCCR,CHICKEN ‘N’ CHEESE RINGS 300,300 gms x 12 pkts,POP-CORN & CHICKEN FRIES,52.79,43.48,85.5,conflict,0.32,,manual_required
11640,29037043,Al Kabeer Frozen Vegetables 900 gm,Al Kabeer,Green/Garden Peas-Frozen,No Variant,Frozen Vegetables,900 gm,1,CBBO,4 BEEF BURGERS,200 Gms x 30 Pkt,BURGERS,51.88,40.86,85.5,conflict,0.16,,manual_required
11641,29037043,Al Kabeer Frozen Vegetables 900 gm,Al Kabeer,Mix Vegetables-Frozen,No Variant,Frozen Vegetables,900 gm,1,CFBJ,JUMBO HOTDOGS,400 Gms x 20 Pkts,SAUSAGES,52.06,41.38,85.5,conflict,0.31,,manual_required
11643,29039794,Al Kabeer Chicken breast boneless 1000 gm,Al Kabeer,Chicken Breast-Frozen,No Variant,Frozen Chicken Parts,1000 gm,1,CBBO,4 BEEF BURGERS,200 Gms x 30 Pkt,BURGERS,54.52,48.42,85.5,conflict,1.32,,manual_required
11644,29042352,Al Kabeer Breaded Chicken Fillet Spicy/non Spicy 750 gm,Al Kabeer,Chicken Fillets-Frozen,No Variant,Marinated & Breaded,750 gm,1,CCKSB,CHICKEN STICKS BULK,1 Kgs x 5 Pkts,STICKS & FINGERS,54.35,47.93,85.5,conflict,0.58,,manual_required
11646,29042369,Al Kabeer Paneer Cubes 500 gm,Al Kabeer,Paneer,No Variant,Paneer,500 gm,1,CKCCR,CHICKEN ‘N’ CHEESE RINGS 300,300 gms x 12 pkts,POP-CORN & CHICKEN FRIES,52.03,41.3,85.5,conflict,0.12,,manual_required
11649,29043921,"Al Kabeer, frozen bobby veal meat 907 gm",Al Kabeer,Bobby Veal-Frozen,No Variant,Other Frozen Meat,907 gm,1,CFB,BEEF FRANKS,454 Gms x 20 Pkts,SAUSAGES,54.31,47.83,85.5,conflict,1.27,,manual_required
11656,29054406,Al Kabeer French Fries 2.5 kg,Al Kabeer,French Fries-Frozen,No Variant,Frozen Fries & Onion Rings,2.5 kg,1,CFBFA,BREADED FISH FILLET BULK,1 Kgs x 5 Pkts,FILLETS,52.24,41.9,85.5,conflict,0.08,,manual_required
11658,29064407,Al Kabeer Blackberries or Blueberries 350 gm,Al Kabeer,Blueberries-Frozen,No Variant,Frozen Fruits,350 gm,1,CBBO,4 BEEF BURGERS,200 Gms x 30 Pkt,BURGERS,53.13,44.44,85.5,conflict,1.56,,manual_required
11659,29064409,Al Kabeer Zing Chicken Strips Normal / Spicy 750 gm Assorted ,Al Kabeer,Chicken Strips-Frozen,No Variant,Zing,750 gm,1,CKB,ARABIC KOFTA,300 Gms x 20 Pkts,KOFTA-KIBBEH-FELAFEL,51.69,40.34,85.5,conflict,0.37,,manual_required
11660,29064409,Al Kabeer Zing Chicken Strips Normal / Spicy 750 gm Assorted ,Al Kabeer,Chicken Strips-Frozen,Spicy,Zing,750 gm,1,CKBW,BBQ CHICKEN WINGS 400,400 Gms x 12 Pkts,WINGS,53.38,45.16,85.5,conflict,0.86,,manual_required
11688,29163191,Al Kabeer Punjabi Sambosa 900 gm,Al Kabeer,Samosa-Frozen,Punjabi,"Frozen Pizzas, Wraps, Sandwiches",900 gm,1,CCSAK,12 CHEESE SAMOSAS,240 Gms x 20 Pkts,SAMOSA,54.6,48.65,85.5,conflict,1.69,,manual_required
11690,29186736,AL KABEER TEMPURA CHICKEN NUGGETS NON SPICY 750 gm,Al Kabeer,Chicken Nuggets-Frozen,No Variant,Marinated & Breaded,750 gm,1,CCKSB,CHICKEN STICKS BULK,1 Kgs x 5 Pkts,STICKS & FINGERS,53.64,45.9,85.5,conflict,0.11,,manual_required
11697,29194498,AL KABEER ZING CHICKEN STRIPS SMOKED BUFFALO / SPICY SPIRACHA 700 gm,Al Kabeer,Chicken Strips-Frozen,No Variant,Zing,700 gm,1,CCCB,CHICKEN BIRYANI 400,400 Gms x 12 Pkts,READY2EAT,54.21,47.54,85.5,conflict,0.35,,manual_required
11698,29194498,AL KABEER ZING CHICKEN STRIPS SMOKED BUFFALO / SPICY SPIRACHA 700 gm,Al Kabeer,Chicken Strips-Frozen,Spicy,Zing,700 gm,1,CCCB,CHICKEN BIRYANI 400,400 Gms x 12 Pkts,READY2EAT,54.6,48.65,85.5,conflict,1.34,,manual_required
11710,29199947,ALKABEER ZING CHIKEN FILLET / STRIPS / ZING FILLET (N/SPC) 750 gm,Al Kabeer,Chicken Strips-Frozen,No Variant,Zing,750 gm,1,CCCB,CHICKEN BIRYANI 400,400 Gms x 12 Pkts,READY2EAT,53.83,46.43,85.5,conflict,1.08,,manual_required
11716,29200166,AL KABEER FROZEN PANJABI SAMOSAS 900 GM,Al Kabeer,Samosa-Frozen,Punjabi,"Frozen Pizzas, Wraps, Sandwiches",900 gm,1,CCSAK,12 CHEESE SAMOSAS,240 Gms x 20 Pkts,SAMOSA,54.63,48.74,85.5,conflict,0.73,,manual_required
11726,29204721,AL KABEER BLACBERRIES / BLUEBERRIES 350 gm,Al Kabeer,Blueberries-Frozen,No Variant,Frozen Fruits,350 gm,1,CBBO,4 BEEF BURGERS,200 Gms x 30 Pkt,BURGERS,53.05,44.21,85.5,conflict,0.86,,manual_required
11734,29210695,Al Kabeer Paneer Cubes 200 gm,Al Kabeer,Paneer,No Variant,Paneer,200 gm,1,CKCCR,CHICKEN ‘N’ CHEESE RINGS 300,300 gms x 12 pkts,POP-CORN & CHICKEN FRIES,52.79,43.48,85.5,conflict,0.32,,manual_required
11746,29211790,Al Kabeer - Kraze Chicken Nuggets 750 gm,Al Kabeer,Chicken Nuggets-Frozen,No Variant,Marinated & Breaded,750 gm,1,CKBCS,BEEF COCKTAIL SAUSAGES,400 Gms x 20 Pkts,SAUSAGES,52.66,43.1,85.5,conflict,0.35,,manual_required
11747,29211830,Al Kabeer Blackberries/Blueberries 350 gm,Al Kabeer,Blueberries-Frozen,No Variant,Frozen Fruits,350 gm,1,CBBO,4 BEEF BURGERS,200 Gms x 30 Pkt,BURGERS,52.89,43.75,85.5,conflict,0.86,,manual_required
11750,29212531,Al Kabeer Black / Blue berries 350gm,Al Kabeer,Blueberries-Frozen,No Variant,Frozen Fruits,350 gm,1,CBBUR,BEEF BURGERS 56 g.,840 g. x 9,BURGERS,53.52,45.54,85.5,conflict,1.94,,manual_required
11755,29213126,Al Kabeer Breaded Chicken Fillet 750 gm,Al Kabeer,Chicken Fillets-Frozen,Spicy,Marinated & Breaded,750 gm,1,CKJCNA,JUMBO CHICKEN NUGGETS,1 Kgs x 5 Pkts,NUGGETS,52.82,43.56,85.5,conflict,0.25,,manual_required
11756,29213128,Al Kabeer Nuggets 750 gm,Al Kabeer,Chicken Nuggets-Frozen,No Variant,Marinated & Breaded,750 gm,1,CKSAPR,AK PRO CHICKEN SAMOSA,4 X 1.2 KGS,SAMOSA,53.06,44.23,85.5,conflict,0.38,,manual_required
11766,29213919,Al Kabeer Blueberries or Blackberries 350 gm,Al Kabeer,Blueberries-Frozen,No Variant,Frozen Fruits,350 gm,1,CBBO,4 BEEF BURGERS,200 Gms x 30 Pkt,BURGERS,53.13,44.44,85.5,conflict,1.56,,manual_required
11767,29213925,Al Kabeer Chicken Nuggets 2x400 gm,Al Kabeer,Chicken Nuggets-Frozen,No Variant,Marinated & Breaded,2x400 gm,1,CBBO,4 BEEF BURGERS,200 Gms x 30 Pkt,BURGERS,53.42,45.28,85.5,conflict,0.15,,manual_required
11778,29215983,Al Kabeer Paneer Cubes 200 gm,Al Kabeer,Paneer,No Variant,Paneer,200 gm,1,CKCCR,CHICKEN ‘N’ CHEESE RINGS 300,300 gms x 12 pkts,POP-CORN & CHICKEN FRIES,52.79,43.48,85.5,conflict,0.32,,manual_required
11780,29250375,AL KABEER ZING CHICKEN STRIP SPICY / NON SPICY 750 gm,Al Kabeer,Chicken Strips-Frozen,No Variant,Zing,750 gm,1,CKCKB,CHICKEN BURGERS 56 g,840 g. x 9,BURGERS,51.89,40.91,85.5,conflict,0.44,,manual_required
11781,29250375,AL KABEER ZING CHICKEN STRIP SPICY / NON SPICY 750 gm,Al Kabeer,Chicken Strips-Frozen,Spicy,Zing,750 gm,1,CKSAA,CHICKEN SAMOSAS BULK,1.2 Kgs x 4 Pkts,SAMOSA,53.05,44.21,85.5,conflict,0.86,,manual_required
11782,29316100,Al Kabeer Professional French Fries 2500 gm,Al Kabeer,French Fries-Frozen,No Variant,Frozen Fries & Onion Rings,2.5 kg,1,CCCB,CHICKEN BIRYANI 400,400 Gms x 12 Pkts,READY2EAT,53.07,44.26,85.5,conflict,0.84,,manual_required
11784,29316134,Al Kabeer Zing Chicken Strips NON Spicy/Spicy 750 gm,Al Kabeer,Chicken Strips-Frozen,No Variant,Zing,750 gm,1,CKJCNA,JUMBO CHICKEN NUGGETS,1 Kgs x 5 Pkts,NUGGETS,52.19,41.76,85.5,conflict,0.3,,manual_required
11785,29316138,Al Kabeer krazee Chicken Nuggets/Chicken Nuggets 750 gm,Al Kabeer,Chicken Nuggets-Frozen,No Variant,Marinated & Breaded,750 gm,1,CCF,CHICKEN FRIES,12 PKTS X 400 GRM,POP-CORN & CHICKEN FRIES,54.47,48.28,85.5,conflict,0.5,,manual_required
11787,29357328,Al Kabeer paratha plain or malabar 400 gm 3 pcs,Al Kabeer,Paratha-Frozen,No Variant,Frozen Pranthas,3x400 gm,1,CBBO,4 BEEF BURGERS,200 Gms x 30 Pkt,BURGERS,52.91,43.81,85.5,conflict,0.2,,manual_required
11798,29369903,"AL KABEER ZING FISH FILLET OR SHRIMPS SPICY, 750 gm",Al Kabeer,Zing Shrimps,Spicy,Breaded Seafood,750 gm,1,CFB,BEEF FRANKS,454 Gms x 20 Pkts,SAUSAGES,51.99,41.18,85.5,conflict,0.67,,manual_required
11803,29371078,AL KABEER ZING CHICKEN FILLET SPICY 750 gm/Butter Chicken Zing Fillet  700 gm,Al Kabeer,Chicken Fillets-Frozen,No Variant,Zing,750 gm,1,CCKSB,CHICKEN STICKS BULK,1 Kgs x 5 Pkts,STICKS & FINGERS,54.6,48.65,85.5,conflict,0.13,,manual_required
11804,29371078,AL KABEER ZING CHICKEN FILLET SPICY 750 gm/Butter Chicken Zing Fillet  700 gm,Al Kabeer,Chicken Fillets-Frozen,No Variant,Zing,700 gm,1,CCKSB,CHICKEN STICKS BULK,1 Kgs x 5 Pkts,STICKS & FINGERS,54.6,48.65,85.5,conflict,0.13,,manual_required
11807,29372233,Al Kabeer FROZEN PANJABI SAMOSAS 900 gm,Al Kabeer,Samosa-Frozen,Punjabi,"Frozen Pizzas, Wraps, Sandwiches",900 gm,1,CCSAK,12 CHEESE SAMOSAS,240 Gms x 20 Pkts,SAMOSA,54.63,48.74,85.5,conflict,0.73,,manual_required
11812,29372668,ALKABEEER ZING CHIKEN FILLET / STRIPS / ZING FILLET / SPICY 750 gm,Al Kabeer,Chicken Fillets-Frozen,No Variant,Zing,750 gm,1,CCKSB,CHICKEN STICKS BULK,1 Kgs x 5 Pkts,STICKS & FINGERS,54.51,48.39,85.5,conflict,1.27,,manual_required
11814,29372767,Al Kabeer BOBBY VEAL 2 LBS,Al Kabeer,Bobby Veal-Frozen,No Variant,Other Frozen Meat,2 lbs,1,LBVL,BONELESS VEAL LOCAL,20 X 2 LB,TRADING-MEAT,51.65,53.33,50.75,,3.72,,manual_required
11817,29375769,Al Kabeer Paneer Cubes 500 gm,Al Kabeer,Paneer,No Variant,Paneer,500 gm,1,CKCCR,CHICKEN ‘N’ CHEESE RINGS 300,300 gms x 12 pkts,POP-CORN & CHICKEN FRIES,52.03,41.3,85.5,conflict,0.12,,manual_required
11828,29376500,Al Kabeer French Fries (2.5 kg),Al Kabeer,French Fries-Frozen,No Variant,Frozen Fries & Onion Rings,2.5 kg,1,CFBFA,BREADED FISH FILLET BULK,1 Kgs x 5 Pkts,FILLETS,52.24,41.9,85.5,conflict,0.08,,manual_required
11831,29376537,Al Kabeer Zing Shrimps / Fish Fillets (750 gm),Al Kabeer,Zing Fish Fillet,No Variant,Breaded Seafood,750 gm,1,CBBO,4 BEEF BURGERS,200 Gms x 30 Pkt,BURGERS,50.78,37.74,85.5,conflict,0.05,,manual_required
11839,29382686,Al Kabeer BLACBERRIES / BLUEBERRIES 350 gm,Al Kabeer,Blueberries-Frozen,No Variant,Frozen Fruits,350 gm,1,CBBO,4 BEEF BURGERS,200 Gms x 30 Pkt,BURGERS,53.05,44.21,85.5,conflict,0.86,,manual_required
11844,29383461,Al Kabeer Chicken breast boneless 1000 gm,Al Kabeer,Chicken Breast-Frozen,No Variant,Frozen Chicken Parts,1000 gm,1,CBBO,4 BEEF BURGERS,200 Gms x 30 Pkt,BURGERS,54.52,48.42,85.5,conflict,1.32,,manual_required
11853,29385554,Alkabeer Paneer Cubes 200 gm,Al Kabeer,Paneer,No Variant,Paneer,200 gm,1,CKCCR,CHICKEN ‘N’ CHEESE RINGS 300,300 gms x 12 pkts,POP-CORN & CHICKEN FRIES,52.79,43.48,85.5,conflict,0.32,,manual_required
11855,29386155,Al Kabeer Paneer Cubes 200 gm,Al Kabeer,Paneer,No Variant,Paneer,200 gm,1,CKCCR,CHICKEN ‘N’ CHEESE RINGS 300,300 gms x 12 pkts,POP-CORN & CHICKEN FRIES,52.79,43.48,85.5,conflict,0.32,,manual_required
11864,29386871,Al Kabeer Zing Chicken Strips/Spicy 750 gm,Al Kabeer,Chicken Strips-Frozen,No Variant,Zing,750 gm,1,CKSK,SHISH KEBAB,600 Gms x 12 Pkts,KEBAB,54.69,48.89,85.5,conflict,2.65,,manual_required
11867,29387114,Al Kabeer Kids Chicken Nuggets 750 gm,Al Kabeer,Chicken Nuggets-Frozen,No Variant,Marinated & Breaded,750 gm,1,CFBF,BREADED FISH FILLET,330 Gms x 20 Pkts,FILLETS,53.51,45.53,85.5,conflict,0.45,,manual_required
11870,29387134,Al Kabeer French Fries 2.5 kg,Al Kabeer,French Fries-Frozen,No Variant,Frozen Fries & Onion Rings,2.5 kg,1,CFBFA,BREADED FISH FILLET BULK,1 Kgs x 5 Pkts,FILLETS,52.24,41.9,85.5,conflict,0.08,,manual_required
11874,29418240,Al Kabeer KRAZEE CHICKEN NUGGETS 750 gm,Al Kabeer,Chicken Nuggets-Frozen,No Variant,Marinated & Breaded,750 gm,1,CFB,BEEF FRANKS,454 Gms x 20 Pkts,SAUSAGES,52.18,41.74,85.5,conflict,0.05,,manual_required
11879,29418324,Al Kabeer PUNJABI SAMOSA 900 gm,Al Kabeer,Samosa-Frozen,Punjabi,"Frozen Pizzas, Wraps, Sandwiches",900 gm,1,CCSAK,12 CHEESE SAMOSAS,240 Gms x 20 Pkts,SAMOSA,53.89,46.6,85.5,conflict,0.67,,manual_required
11884,29480091,Al Kabeer Zing Chicken Fillet/Strips (Spicy/Non Spicy) 750 gm,Al Kabeer,Chicken Strips-Frozen,No Variant,Marinated & Breaded,750 gm,1,CCKSB,CHICKEN STICKS BULK,1 Kgs x 5 Pkts,STICKS & FINGERS,54.94,49.6,85.5,conflict,0.56,,manual_required
11886,29481013,Al Kabeer Felafel 360 gm,Al Kabeer,Falafel-Frozen,Non-Stuffed,"Frozen Pizzas, Wraps, Sandwiches",360 gm,1,CFB,BEEF FRANKS,454 Gms x 20 Pkts,SAUSAGES,50.82,37.84,85.5,conflict,0.85,,manual_required
11893,29527940,Al Kabeer French Fries 2500 gm,Al Kabeer,French Fries-Frozen,No Variant,Frozen Fries & Onion Rings,2.5 kg,1,CCSK,KIRI CHEESE SAMOSA,20 X 240 GMS,SAMOSA,52.53,42.72,85.5,conflict,0.52,,manual_required
11899,29531049,Al kabeer French Fries 2.5 kg,Al Kabeer,French Fries-Frozen,No Variant,Frozen Fries & Onion Rings,2.5 kg,1,CFBFA,BREADED FISH FILLET BULK,1 Kgs x 5 Pkts,FILLETS,52.24,41.9,85.5,conflict,0.08,,manual_required
11906,29531055,Al Kabeer Zing Chicken Fillets/Spicy 750 gm,Al Kabeer,Chicken Fillets-Frozen,No Variant,Zing,750 gm,1,CKSK,SHISH KEBAB,600 Gms x 12 Pkts,KEBAB,53.73,46.15,85.5,conflict,0.35,,manual_required
11912,29531061,Al Kabeer Blueberries or Blackberries 350 gm,Al Kabeer,Blueberries-Frozen,No Variant,Frozen Fruits,350 gm,1,CBBO,4 BEEF BURGERS,200 Gms x 30 Pkt,BURGERS,53.13,44.44,85.5,conflict,1.56,,manual_required
11915,29561329,Al Kabeer Mixed Vegetables 900 gm,Al Kabeer,Mix Vegetables-Frozen,No Variant,Frozen Vegetables,900 gm,1,CFBJ,JUMBO HOTDOGS,400 Gms x 20 Pkts,SAUSAGES,51.88,40.86,85.5,conflict,0.3,,manual_required
11921,29563759,Al Kabeer STUFFED FALAFEL 750 gm,Al Kabeer,Falafel-Frozen,Stuffed,"Frozen Pizzas, Wraps, Sandwiches",750 gm,1,CFB,BEEF FRANKS,454 Gms x 20 Pkts,SAUSAGES,51.01,38.38,85.5,conflict,1.32,,manual_required
11927,29570331,"AL KABEER FRENCH FRIES, 1000 gm	",Al Kabeer,French Fries-Frozen,No Variant,Frozen Fries & Onion Rings,1 kg,1,CCSAKPR,A.K PRO CHEESE SAMOSA,4 X 1.2 KGS,SAMOSA,52.13,41.58,85.5,conflict,0.41,,manual_required
11933,29570554,"ALKABEER ZING NON SPICY OR SPICY CHICKEN STRIPS, 750 gm",Al Kabeer,Chicken Strips-Frozen,No Variant,Zing,750 gm,1,CKBT,TAYEBAT CHICKEN BURGER,1 Kgs x 9 Pkts,BURGERS,53.42,45.28,85.5,conflict,2.41,,manual_required
11934,29570554,"ALKABEER ZING NON SPICY OR SPICY CHICKEN STRIPS, 750 gm",Al Kabeer,Chicken Strips-Frozen,Spicy,Zing,750 gm,1,CKCKB,CHICKEN BURGERS 56 g,840 g. x 9,BURGERS,54.2,47.5,85.5,conflict,0.6,,manual_required
11937,29571904,ALKABEER FRENCH FRIES 1000 gm,Al Kabeer,French Fries-Frozen,No Variant,Frozen Fries & Onion Rings,1 kg,1,CCSAKPR,A.K PRO CHEESE SAMOSA,4 X 1.2 KGS,SAMOSA,52.13,41.58,85.5,conflict,0.41,,manual_required
11938,29571911,ALKABEER FILLET / STRIPS / ZING FILLET / SPICY 750 gm,Al Kabeer,Chicken Strips-Frozen,No Variant,Zing,750 gm,1,CKJCNA,JUMBO CHICKEN NUGGETS,1 Kgs x 5 Pkts,NUGGETS,53.21,44.68,85.5,conflict,0.25,,manual_required
11939,29571911,ALKABEER FILLET / STRIPS / ZING FILLET / SPICY 750 gm,Al Kabeer,Chicken Fillets-Frozen,No Variant,Zing,750 gm,1,CKCKB,CHICKEN BURGERS 56 g,840 g. x 9,BURGERS,52.42,42.42,85.5,conflict,0.44,,manual_required
11943,29571943,ALKABEER FRENCH FRIES 2500 gm,Al Kabeer,French Fries-Frozen,No Variant,Frozen Fries & Onion Rings,2.5 kg,1,CCSK,KIRI CHEESE SAMOSA,20 X 240 GMS,SAMOSA,52.53,42.72,85.5,conflict,0.52,,manual_required
11945,29578654,Al Kabeer BLACKBERRIES / BLUEBERRIES 350 gm,Al Kabeer,Blueberries-Frozen,No Variant,Frozen Fruits,350 gm,1,CBBO,4 BEEF BURGERS,200 Gms x 30 Pkt,BURGERS,52.89,43.75,85.5,conflict,0.86,,manual_required
11952,29580861,Al Kabeer Paneer Cubes 200 gm,Al Kabeer,Paneer,No Variant,Paneer,200 gm,1,CKCCR,CHICKEN ‘N’ CHEESE RINGS 300,300 gms x 12 pkts,POP-CORN & CHICKEN FRIES,52.79,43.48,85.5,conflict,0.32,,manual_required
11955,29581508,Al Kabeer Breaded Chicken Fillet Spicy/non Spicy 750 gm,Al Kabeer,Chicken Fillets-Frozen,No Variant,Marinated & Breaded,750 gm,1,CCKSB,CHICKEN STICKS BULK,1 Kgs x 5 Pkts,STICKS & FINGERS,54.35,47.93,85.5,conflict,0.58,,manual_required
11957,29581528,Al Kabeer Paneer Cubes 200 gm,Al Kabeer,Paneer,No Variant,Paneer,200 gm,1,CKCCR,CHICKEN ‘N’ CHEESE RINGS 300,300 gms x 12 pkts,POP-CORN & CHICKEN FRIES,52.79,43.48,85.5,conflict,0.32,,manual_required
11960,29582689,Al Kabeer Blueberries / Blackberries (350 gm),Al Kabeer,Blueberries-Frozen,No Variant,Frozen Fruits,350 gm,1,CBBO,4 BEEF BURGERS,200 Gms x 30 Pkt,BURGERS,52.89,43.75,85.5,conflict,0.86,,manual_required
11964,29582931,Al Kabeer French Fries 1000 gm	,Al Kabeer,French Fries-Frozen,No Variant,Frozen Fries & Onion Rings,1 kg,1,CCSAKPR,A.K PRO CHEESE SAMOSA,4 X 1.2 KGS,SAMOSA,52.13,41.58,85.5,conflict,0.41,,manual_required
11969,29587887,Al Kabeer French Fries 1000 gm,Al Kabeer,French Fries-Frozen,No Variant,Frozen Fries & Onion Rings,1 kg,1,CCSAKPR,A.K PRO CHEESE SAMOSA,4 X 1.2 KGS,SAMOSA,52.13,41.58,85.5,conflict,0.41,,manual_required
11972,29587921,Al Kabeer Butter Chicken Zing Fillet 700 gm,Al Kabeer,Chicken Fillets-Frozen,No Variant,Zing,700 gm,1,CKSK,SHISH KEBAB,600 Gms x 12 Pkts,KEBAB,53.13,44.44,85.5,conflict,0.31,,manual_required
11977,29591736,Al Kabeer Krazee Chicken Nuggets 750 gm,Al Kabeer,Chicken Nuggets-Frozen,No Variant,Marinated & Breaded,750 gm,1,CFB,BEEF FRANKS,454 Gms x 20 Pkts,SAUSAGES,52.18,41.74,85.5,conflict,0.05,,manual_required
11980,29597186,Al Kabeer Zing Chicken Fillets 700 gm / 750 gm,Al Kabeer,Chicken Fillets-Frozen,No Variant,Zing,700 gm,1,CKSK,SHISH KEBAB,600 Gms x 12 Pkts,KEBAB,54.09,47.19,85.5,conflict,0.36,,manual_required
11981,29597186,Al Kabeer Zing Chicken Fillets 700 gm / 750 gm,Al Kabeer,Chicken Fillets-Frozen,No Variant,Zing,750 gm,1,CKSK,SHISH KEBAB,600 Gms x 12 Pkts,KEBAB,54.09,47.19,85.5,conflict,0.36,,manual_required
11988,29598681,Al Kabeer Chicken breast boneless 1000 gm,Al Kabeer,Chicken Breast-Frozen,No Variant,Frozen Chicken Parts,1000 gm,1,CBBO,4 BEEF BURGERS,200 Gms x 30 Pkt,BURGERS,54.52,48.42,85.5,conflict,1.32,,manual_required
11995,29617521,Al Kabeer French Fries 2.5 kg,Al Kabeer,French Fries-Frozen,No Variant,Frozen Fries & Onion Rings,2.5 kg,1,CFBFA,BREADED FISH FILLET BULK,1 Kgs x 5 Pkts,FILLETS,52.24,41.9,85.5,conflict,0.08,,manual_required
12000,29617556,Al Kabeer Blackberries or Blueberries 350 gm,Al Kabeer,Blueberries-Frozen,No Variant,Frozen Fruits,350 gm,1,CBBO,4 BEEF BURGERS,200 Gms x 30 Pkt,BURGERS,53.13,44.44,85.5,conflict,1.56,,manual_required
12001,29617568,Al Kabeer Krazee Chicken Nuggets 750 g,Al Kabeer,Chicken Nuggets-Frozen,No Variant,Marinated & Breaded,750 gm,1,CFB,BEEF FRANKS,454 Gms x 20 Pkts,SAUSAGES,52.18,41.74,85.5,conflict,0.05,,manual_required
12010,29645617,Al Kabeer Butter Chicken Zing Fillet 700 gm,Al Kabeer,Chicken Fillets-Frozen,No Variant,Zing,700 gm,1,CKSK,SHISH KEBAB,600 Gms x 12 Pkts,KEBAB,53.13,44.44,85.5,conflict,0.31,,manual_required
12016,29704847,Al Kabeer Zing Fish Fillets Non-Spicy 750 gm,Al Kabeer,Zing Fish Fillet,No Variant,Breaded Seafood,750 gm,1,CBBO,4 BEEF BURGERS,200 Gms x 30 Pkt,BURGERS,51.19,38.89,85.5,conflict,0.1,,manual_required
12021,29717516,AL KABEER  KRAZEE CHICKEN NUGGETS 750 gm,Al Kabeer,Chicken Nuggets-Frozen,No Variant,Marinated & Breaded,750 gm,1,CFB,BEEF FRANKS,454 Gms x 20 Pkts,SAUSAGES,52.18,41.74,85.5,conflict,0.05,,manual_required
12026,29718616,Al Kabeer French Fries 2.5 kg,Al Kabeer,French Fries-Frozen,No Variant,Frozen Fries & Onion Rings,2.5 kg,1,CFBFA,BREADED FISH FILLET BULK,1 Kgs x 5 Pkts,FILLETS,52.24,41.9,85.5,conflict,0.08,,manual_required
12028,29719455,ALKABEER BUTTER CHICKEN ZING FILLET 700 GM,Al Kabeer,Chicken Fillets-Frozen,No Variant,Zing,700 gm,1,CKSK,SHISH KEBAB,600 Gms x 12 Pkts,KEBAB,53.13,44.44,85.5,conflict,0.31,,manual_required
12033,29723055,Al Kabeer French Fries 2.5 kg,Al Kabeer,French Fries-Frozen,No Variant,Frozen Fries & Onion Rings,2.5 kg,1,CFBFA,BREADED FISH FILLET BULK,1 Kgs x 5 Pkts,FILLETS,52.24,41.9,85.5,conflict,0.08,,manual_required
12035,29723639,Al Kabeer Chicken Pop-Corn / Chicken Nuggets 750 gm,Al Kabeer,Chicken Popcorn-Frozen,No Variant,Marinated & Breaded,750 gm,1,CCKSB,CHICKEN STICKS BULK,1 Kgs x 5 Pkts,STICKS & FINGERS,53.77,46.28,85.5,conflict,0.77,,manual_required
12036,29723709,Al Kabeer Paratha Plain/Malabar Paratha 400 gm x 3,Al Kabeer,Paratha-Frozen,No Variant,Frozen Pranthas,3x400 gm,1,CBBO,4 BEEF BURGERS,200 Gms x 30 Pkt,BURGERS,52.42,42.42,85.5,conflict,0.18,,manual_required
12037,29734285,Al Kabeer Felafel 360 gm,Al Kabeer,Falafel-Frozen,Non-Stuffed,"Frozen Pizzas, Wraps, Sandwiches",360 gm,1,CFB,BEEF FRANKS,454 Gms x 20 Pkts,SAUSAGES,50.82,37.84,85.5,conflict,0.85,,manual_required
12044,29745722,"Al Kabeer HOT & CRISPY BREADED CHICKEN OR BREADED FILLET, 750 gm",Al Kabeer,Chicken Fillets-Frozen,Spicy,Marinated & Breaded,750 gm,1,CCF,CHICKEN FRIES,12 PKTS X 400 GRM,POP-CORN & CHICKEN FRIES,54.94,49.6,85.5,conflict,0.44,,manual_required
12045,29745722,"Al Kabeer HOT & CRISPY BREADED CHICKEN OR BREADED FILLET, 750 gm",Al Kabeer,Chicken Fillets-Frozen,No Variant,Marinated & Breaded,750 gm,1,CCF,CHICKEN FRIES,12 PKTS X 400 GRM,POP-CORN & CHICKEN FRIES,54.27,47.69,85.5,conflict,0.45,,manual_required
12050,29746008,"Al Kabeer HASH BROWN FRIES, 1000 gm",Al Kabeer,Hash browns,No Variant,Frozen Potato/ Fries/ Onion rings,1 kg,1,CBBO,4 BEEF BURGERS,200 Gms x 30 Pkt,BURGERS,51.2,38.94,85.5,conflict,0.12,,manual_required
12054,29747325,AL KABEER FILLET / STRIPS / ZING FILLET / SPICY 750 gm,Al Kabeer,Chicken Strips-Frozen,No Variant,Zing,750 gm,1,CKJCNA,JUMBO CHICKEN NUGGETS,1 Kgs x 5 Pkts,NUGGETS,53.21,44.68,85.5,conflict,0.25,,manual_required
12055,29747325,AL KABEER FILLET / STRIPS / ZING FILLET / SPICY 750 gm,Al Kabeer,Chicken Fillets-Frozen,No Variant,Zing,750 gm,1,CKCKB,CHICKEN BURGERS 56 g,840 g. x 9,BURGERS,52.42,42.42,85.5,conflict,0.44,,manual_required
12056,29747435,ALKABEER FRENCH FRIES 2500 gm,Al Kabeer,French Fries-Frozen,No Variant,Frozen Fries & Onion Rings,2.5 kg,1,CCSK,KIRI CHEESE SAMOSA,20 X 240 GMS,SAMOSA,52.53,42.72,85.5,conflict,0.52,,manual_required
12061,29747675,ALKABEER FRENCH FRIES 1000 gm,Al Kabeer,French Fries-Frozen,No Variant,Frozen Fries & Onion Rings,1 kg,1,CCSAKPR,A.K PRO CHEESE SAMOSA,4 X 1.2 KGS,SAMOSA,52.13,41.58,85.5,conflict,0.41,,manual_required
12065,29748176,Al Kabeer Mixed Vegetable 900 gm,Al Kabeer,Mix Vegetables-Frozen,No Variant,Frozen Vegetables,900 gm,1,CFBJ,JUMBO HOTDOGS,400 Gms x 20 Pkts,SAUSAGES,51.85,40.78,85.5,conflict,0.41,,manual_required
12070,29750533,Al Kabeer Paneer Cubes 500 gm,Al Kabeer,Paneer,No Variant,Paneer,500 gm,1,CKCCR,CHICKEN ‘N’ CHEESE RINGS 300,300 gms x 12 pkts,POP-CORN & CHICKEN FRIES,52.03,41.3,85.5,conflict,0.12,,manual_required
12079,29754784,Al Kabeer BLACKBERRIES / BLUEBERRIES 350 gm,Al Kabeer,Blueberries-Frozen,No Variant,Frozen Fruits,350 gm,1,CBBO,4 BEEF BURGERS,200 Gms x 30 Pkt,BURGERS,52.89,43.75,85.5,conflict,0.86,,manual_required
12081,29756616,Al Kabeer Blueberries Frozen Fruits 350 gm,Al Kabeer,Blueberries-Frozen,No Variant,Frozen Fruits,350 gm,1,CBBO,4 BEEF BURGERS,200 Gms x 30 Pkt,BURGERS,52.76,43.37,85.5,conflict,1.0,,manual_required
12087,29757535,Al Kabeer Breaded Chicken Fillet 750 gm,Al Kabeer,Chicken Fillets-Frozen,Spicy,Marinated & Breaded,750 gm,1,CKJCNA,JUMBO CHICKEN NUGGETS,1 Kgs x 5 Pkts,NUGGETS,52.82,43.56,85.5,conflict,0.25,,manual_required
12089,29757669,Al Kabeer Paneer Cubes 200 gm,Al Kabeer,Paneer,No Variant,Paneer,200 gm,1,CKCCR,CHICKEN ‘N’ CHEESE RINGS 300,300 gms x 12 pkts,POP-CORN & CHICKEN FRIES,52.79,43.48,85.5,conflict,0.32,,manual_required
12104,29758699,Al Kabeer Chicken 'n' Cheese Rings 300 gm,Al Kabeer,Chicken Cheese Stick-Frozen,No Variant,Frozen Barbeque Products,300 gm,1,CCSRA,8 CHEESE SPRING ROLLS,240 Gms x 20 Pkts,SPRING ROLL,54.51,48.39,85.5,conflict,0.21,,manual_required
12111,29825084,Al Kabeer Felafel 360 gm,Al Kabeer,Falafel-Frozen,Non-Stuffed,"Frozen Pizzas, Wraps, Sandwiches",360 gm,1,CFB,BEEF FRANKS,454 Gms x 20 Pkts,SAUSAGES,50.82,37.84,85.5,conflict,0.85,,manual_required
12126,29918951,Al Kabeer STUFFED FALAFEL 750 gm,Al Kabeer,Falafel-Frozen,Stuffed,"Frozen Pizzas, Wraps, Sandwiches",750 gm,1,CFB,BEEF FRANKS,454 Gms x 20 Pkts,SAUSAGES,51.01,38.38,85.5,conflict,1.32,,manual_required
12140,29925334,Al Kabeer Paneer Cubes 200 gm,Al Kabeer,Paneer,No Variant,Paneer,200 gm,1,CKCCR,CHICKEN ‘N’ CHEESE RINGS 300,300 gms x 12 pkts,POP-CORN & CHICKEN FRIES,52.79,43.48,85.5,conflict,0.32,,manual_required
12145,29926767,ALKABEER ZING CHIKEN FILLET / STRIPS / ZING FILLET / SPICY 750 gm,Al Kabeer,Chicken Strips-Frozen,No Variant,Zing,750 gm,1,CCCB,CHICKEN BIRYANI 400,400 Gms x 12 Pkts,READY2EAT,53.83,46.43,85.5,conflict,1.08,,manual_required
12149,29926827,ALKABEER FRENCH FRIES 2500 gm,Al Kabeer,French Fries-Frozen,No Variant,Frozen Fries & Onion Rings,2.5 kg,1,CCSK,KIRI CHEESE SAMOSA,20 X 240 GMS,SAMOSA,52.53,42.72,85.5,conflict,0.52,,manual_required
12150,29926858,ALKABEER FRENCH FRIES 1000 gm,Al Kabeer,French Fries-Frozen,No Variant,Frozen Fries & Onion Rings,1 kg,1,CCSAKPR,A.K PRO CHEESE SAMOSA,4 X 1.2 KGS,SAMOSA,52.13,41.58,85.5,conflict,0.41,,manual_required
12154,29933022,Al Kabeer Paneer Cubes 200 gm,Al Kabeer,Paneer,No Variant,Paneer,200 gm,1,CKCCR,CHICKEN ‘N’ CHEESE RINGS 300,300 gms x 12 pkts,POP-CORN & CHICKEN FRIES,52.79,43.48,85.5,conflict,0.32,,manual_required
12159,29937293,Al Kabeer Blackberries / Blueberries (350 gm),Al Kabeer,Blueberries-Frozen,No Variant,Frozen Fruits,350 gm,1,CBBO,4 BEEF BURGERS,200 Gms x 30 Pkt,BURGERS,52.89,43.75,85.5,conflict,0.86,,manual_required
12165,29938144,Al Kabeer Paneer Cubes 200 gm,Al Kabeer,Paneer,No Variant,Paneer,200 gm,1,CKCCR,CHICKEN ‘N’ CHEESE RINGS 300,300 gms x 12 pkts,POP-CORN & CHICKEN FRIES,52.79,43.48,85.5,conflict,0.32,,manual_required
12166,29938153,Al Kabeer Tortilla Wraps 875 gm,Al Kabeer,Tortilla Wraps-Frozen,No Variant,"Frozen Pizzas, Wraps, Sandwiches",875 gm,1,CCSAK,12 CHEESE SAMOSAS,240 Gms x 20 Pkts,SAMOSA,50.54,37.04,85.5,conflict,0.05,,manual_required
12168,29938204,Al Kabeer Breaded Chicken Fillet Spicy/non Spicy 750 gm,Al Kabeer,Chicken Fillets-Frozen,No Variant,Marinated & Breaded,750 gm,1,CCKSB,CHICKEN STICKS BULK,1 Kgs x 5 Pkts,STICKS & FINGERS,54.35,47.93,85.5,conflict,0.58,,manual_required
12169,29939739,Al Kabeer Punjabi Samosa 900 gm,Al Kabeer,Samosa-Frozen,Punjabi,"Frozen Pizzas, Wraps, Sandwiches",900 gm,1,CCSAK,12 CHEESE SAMOSAS,240 Gms x 20 Pkts,SAMOSA,53.89,46.6,85.5,conflict,0.67,,manual_required
12174,29940040,Al Kabeer Blackberries/Blueberries 350 gm,Al Kabeer,Blueberries-Frozen,No Variant,Frozen Fruits,350 gm,1,CBBO,4 BEEF BURGERS,200 Gms x 30 Pkt,BURGERS,52.89,43.75,85.5,conflict,0.86,,manual_required
12198,29943543,"Al Kabeer, frozen bobby veal meat 907 gm",Al Kabeer,Bobby Veal-Frozen,No Variant,Other Frozen Meat,907 gm,1,CFB,BEEF FRANKS,454 Gms x 20 Pkts,SAUSAGES,54.31,47.83,85.5,conflict,1.27,,manual_required
12205,29952324,Al Kabeer KRAZEE CHICKEN NUGGETS 750 gm,Al Kabeer,Chicken Nuggets-Frozen,No Variant,Marinated & Breaded,750 gm,1,CFB,BEEF FRANKS,454 Gms x 20 Pkts,SAUSAGES,52.18,41.74,85.5,conflict,0.05,,manual_required
12216,29952623,Al Kabeer Chicken Cheese Rings 300 gm,Al Kabeer,Chicken Cheese Stick-Frozen,No Variant,Frozen Barbeque Products,300 gm,1,CCSRA,8 CHEESE SPRING ROLLS,240 Gms x 20 Pkts,SPRING ROLL,54.79,49.18,85.5,conflict,0.19,,manual_required
12222,29955755,Al Kabeer Chicken/Krazy Nuggets 750 gm,Al Kabeer,Chicken Nuggets-Frozen,No Variant,Marinated & Breaded,750 gm,1,CFB,BEEF FRANKS,454 Gms x 20 Pkts,SAUSAGES,52.31,42.11,85.5,conflict,0.06,,manual_required
12244,30075054,Al Kabeer Paneer Cubes 200 gm,Al Kabeer,Paneer,No Variant,Paneer,200 gm,1,CKCCR,CHICKEN ‘N’ CHEESE RINGS 300,300 gms x 12 pkts,POP-CORN & CHICKEN FRIES,52.79,43.48,85.5,conflict,0.32,,manual_required
12248,30078459,Al Kabeer breaded chicken fillets spicy/Non spicy 750 gm,Al Kabeer,Chicken Fillets-Frozen,No Variant,Marinated & Breaded,750 gm,1,CCFA,CHICKEN FRIES BULK,1 kg x 5 Pkts,POP-CORN & CHICKEN FRIES,54.77,49.12,85.5,conflict,0.0,,manual_required
12249,30078462,Al Kabeer Blackberries/Blueberries 350 gm,Al Kabeer,Blueberries-Frozen,No Variant,Frozen Fruits,350 gm,1,CBBO,4 BEEF BURGERS,200 Gms x 30 Pkt,BURGERS,52.89,43.75,85.5,conflict,0.86,,manual_required
12257,30104597,Al Kabeer BREADED CHICKEN FILLET PLAIN / HOT & SPICY 750 gm,Al Kabeer,Chicken Fillets-Frozen,No Variant,Marinated & Breaded,750 gm,1,CCKSB,CHICKEN STICKS BULK,1 Kgs x 5 Pkts,STICKS & FINGERS,54.11,47.24,85.5,conflict,0.1,,manual_required
12264,30107928,"Al Kabeer Hot & Crispy Breaded Chicken or Breaded Fillet, 750 gm",Al Kabeer,Chicken Fillets-Frozen,No Variant,Marinated & Breaded,750 gm,1,CCF,CHICKEN FRIES,12 PKTS X 400 GRM,POP-CORN & CHICKEN FRIES,54.27,47.69,85.5,conflict,0.45,,manual_required
12273,30109216,Al kabeer Chicken Burger Jumbo 10 pcs 1 kg,Al Kabeer,Chicken Burger-Frozen,Unbreaded,Frozen Burger,1 kg,1,CFBJ,JUMBO HOTDOGS,400 Gms x 20 Pkts,SAUSAGES,54.89,49.48,85.5,conflict,0.21,,manual_required
12284,30113063,Al Kabeer French Fries (2.5 kg),Al Kabeer,French Fries-Frozen,No Variant,Frozen Fries & Onion Rings,2.5 kg,1,CFBFA,BREADED FISH FILLET BULK,1 Kgs x 5 Pkts,FILLETS,52.24,41.9,85.5,conflict,0.08,,manual_required
12297,30116800,Al Kabeer Butter Zing Chicken Fillet 700 gm,Al Kabeer,Chicken Fillets-Frozen,No Variant,Zing,700 gm,1,CKSK,SHISH KEBAB,600 Gms x 12 Pkts,KEBAB,53.13,44.44,85.5,conflict,0.31,,manual_required
12305,30119012,Al Kabeer Paneer Cubes 500 gm,Al Kabeer,Paneer,No Variant,Paneer,500 gm,1,CKCCR,CHICKEN ‘N’ CHEESE RINGS 300,300 gms x 12 pkts,POP-CORN & CHICKEN FRIES,52.03,41.3,85.5,conflict,0.12,,manual_required
12309,30124891,Al Kabeer Chicken breast boneless 1000 gm,Al Kabeer,Chicken Breast-Frozen,No Variant,Frozen Chicken Parts,1 kg,1,CBBO,4 BEEF BURGERS,200 Gms x 30 Pkt,BURGERS,54.38,48.0,85.5,conflict,0.17,,manual_required
12312,30128146,Al Kabeer krazee Chicken Nuggets 750 gm,Al Kabeer,Chicken Nuggets-Frozen,No Variant,Marinated & Breaded,750 gm,1,CFB,BEEF FRANKS,454 Gms x 20 Pkts,SAUSAGES,52.18,41.74,85.5,conflict,0.05,,manual_required
12324,30134976,Al Kabeer Blueberries or Blackberries 350 gm,Al Kabeer,Blueberries-Frozen,No Variant,Frozen Fruits,350 gm,1,CBBO,4 BEEF BURGERS,200 Gms x 30 Pkt,BURGERS,53.13,44.44,85.5,conflict,1.56,,manual_required
12325,30134980,Al Kabeer French Fries 2.5 kg,Al Kabeer,French Fries-Frozen,No Variant,Frozen Fries & Onion Rings,2.5 kg,1,CFBFA,BREADED FISH FILLET BULK,1 Kgs x 5 Pkts,FILLETS,52.24,41.9,85.5,conflict,0.08,,manual_required
12328,30135016,Al Kabeer Zing Chicken Strips Regular or Hot 750 gm,Al Kabeer,Chicken Strips-Frozen,No Variant,Zing,750 gm,1,CCSK,KIRI CHEESE SAMOSA,20 X 240 GMS,SAMOSA,54.9,49.5,85.5,conflict,0.32,,manual_required
12339,30163181,Al Kabeer Blueberries Frozen Fruits 350 gm,Al Kabeer,Blueberries-Frozen,No Variant,Frozen Fruits,350 gm,1,CBBO,4 BEEF BURGERS,200 Gms x 30 Pkt,BURGERS,52.76,43.37,85.5,conflict,1.0,,manual_required
12343,30191906,Al Kabeer Zing Chicken Strips Spicy/Non Spicy 750 gm,Al Kabeer,Chicken Strips-Frozen,No Variant,Zing,750 gm,1,CKJCNA,JUMBO CHICKEN NUGGETS,1 Kgs x 5 Pkts,NUGGETS,52.19,41.76,85.5,conflict,0.3,,manual_required
12344,30200885,Al Kabeer Felafel 360 gm,Al Kabeer,Falafel-Frozen,Non-Stuffed,"Frozen Pizzas, Wraps, Sandwiches",360 gm,1,CFB,BEEF FRANKS,454 Gms x 20 Pkts,SAUSAGES,50.82,37.84,85.5,conflict,0.85,,manual_required
12346,30220423,Al Kabeer Zing chicken strips no spicy 750 gm,Al Kabeer,Chicken Strips-Frozen,No Variant,Zing,750 gm,1,CKSAA,CHICKEN SAMOSAS BULK,1.2 Kgs x 4 Pkts,SAMOSA,53.62,45.83,85.5,conflict,1.59,,manual_required
12349,30227073,Al Kabeer Zing Chicken Strips Spicy/Non Spicy 750 gm per pack,Al Kabeer,Chicken Strips-Frozen,Spicy,Zing,750 gm,1,CFB,BEEF FRANKS,454 Gms x 20 Pkts,SAUSAGES,52.89,43.75,85.5,conflict,0.06,,manual_required
12350,30227073,Al Kabeer Zing Chicken Strips Spicy/Non Spicy 750 gm per pack,Al Kabeer,Chicken Strips-Frozen,No Variant,Zing,750 gm,1,CCCB,CHICKEN BIRYANI 400,400 Gms x 12 Pkts,READY2EAT,54.27,47.71,85.5,conflict,2.32,,manual_required
12356,30235993,Al Kabeer Zing Chicken Strips Spicy/Non Spicy 750 gm per pack,Al Kabeer,Chicken Strips-Frozen,Spicy,Zing,750 gm,1,CFB,BEEF FRANKS,454 Gms x 20 Pkts,SAUSAGES,52.89,43.75,85.5,conflict,0.06,,manual_required
12357,30235993,Al Kabeer Zing Chicken Strips Spicy/Non Spicy 750 gm per pack,Al Kabeer,Chicken Strips-Frozen,No Variant,Zing,750 gm,1,CCCB,CHICKEN BIRYANI 400,400 Gms x 12 Pkts,READY2EAT,54.27,47.71,85.5,conflict,2.32,,manual_required
12359,30253055,Al Kabeer Nuggets/Zing/strips/ Fillets 700/750 gm,Al Kabeer,Chicken Fillets-Frozen,Spicy,Zing,750 gm,1,CKSK,SHISH KEBAB,600 Gms x 12 Pkts,KEBAB,53.84,46.46,85.5,conflict,1.02,,manual_required
12361,30253055,Al Kabeer Nuggets/Zing/strips/ Fillets 700/750 gm,Al Kabeer,Chicken Nuggets-Frozen,No Variant,Marinated & Breaded,750 gm,1,CFBF,BREADED FISH FILLET,330 Gms x 20 Pkts,FILLETS,54.83,49.3,85.5,conflict,0.85,,manual_required
12362,30253055,Al Kabeer Nuggets/Zing/strips/ Fillets 700/750 gm,Al Kabeer,Chicken Strips-Frozen,Spicy,Zing,750 gm,1,CKSK,SHISH KEBAB,600 Gms x 12 Pkts,KEBAB,53.84,46.46,85.5,conflict,1.02,,manual_required
12363,30253095,Al Kabeer French Fries 2500 gm,Al Kabeer,French Fries-Frozen,No Variant,Frozen Fries & Onion Rings,2.5 kg,1,CCSK,KIRI CHEESE SAMOSA,20 X 240 GMS,SAMOSA,52.53,42.72,85.5,conflict,0.52,,manual_required
12365,30255799,Al Kabeer Krazee Chicken Nuggets 750 gm,Al Kabeer,Chicken Nuggets-Frozen,No Variant,Marinated & Breaded,750 gm,1,CFB,BEEF FRANKS,454 Gms x 20 Pkts,SAUSAGES,52.18,41.74,85.5,conflict,0.05,,manual_required
12374,30262977,Al Kabeer krazee Chicken Nuggts 750 gm,Al Kabeer,Chicken Nuggets-Frozen,No Variant,Marinated & Breaded,750 gm,1,CFB,BEEF FRANKS,454 Gms x 20 Pkts,SAUSAGES,51.92,40.98,85.5,conflict,0.03,,manual_required
12389,30319579,ALKABEER GREEN PEAS / MIXED VEGETABLE / PEAS & CARROT 900 gm,Al Kabeer,Green/Garden Peas-Frozen,No Variant,Frozen Vegetables,900 gm,1,CCF,CHICKEN FRIES,12 PKTS X 400 GRM,POP-CORN & CHICKEN FRIES,53.01,44.09,85.5,conflict,1.24,,manual_required
12390,30319579,ALKABEER GREEN PEAS / MIXED VEGETABLE / PEAS & CARROT 900 gm,Al Kabeer,Mix Vegetables-Frozen,No Variant,Frozen Vegetables,900 gm,1,CCF,CHICKEN FRIES,12 PKTS X 400 GRM,POP-CORN & CHICKEN FRIES,52.82,43.55,85.5,conflict,1.45,,manual_required
12392,30319599,Al Kabeer BREADED CHICKEN FILLET PLAIN / HOT & SPICY 750 gm,Al Kabeer,Chicken Fillets-Frozen,No Variant,Marinated & Breaded,750 gm,1,CCKSB,CHICKEN STICKS BULK,1 Kgs x 5 Pkts,STICKS & FINGERS,54.11,47.24,85.5,conflict,0.1,,manual_required
12394,30319618,Al Kabeer ZING SHRIMPS SPICY / FISH FILLET ZING 750 gm,Al Kabeer,Zing Shrimps,Spicy,Breaded Seafood,750 gm,1,CFB,BEEF FRANKS,454 Gms x 20 Pkts,SAUSAGES,51.72,40.4,85.5,conflict,0.59,,manual_required
12424,30325053,ALKABEER ZING CHICKEN FILLET/ REGULAR 750 gm,Al Kabeer,Chicken Fillets-Frozen,No Variant,Zing,750 gm,1,CCSK,KIRI CHEESE SAMOSA,20 X 240 GMS,SAMOSA,54.73,49.02,85.5,conflict,1.31,,manual_required
12425,30325054,Al Kabeer BUTTER CHICKEN ZING FILLET 700 gm,Al Kabeer,Chicken Fillets-Frozen,No Variant,Zing,700 gm,1,CKSK,SHISH KEBAB,600 Gms x 12 Pkts,KEBAB,53.13,44.44,85.5,conflict,0.31,,manual_required
12438,30338492,Al Kabeer Chicken Kofta (300 gm),Al Kabeer,Chicken Kofta-Frozen,No Variant,Frozen Kofta / Kibbeh & Meat Balls,300 gm,1,CCCB,CHICKEN BIRYANI 400,400 Gms x 12 Pkts,READY2EAT,54.43,48.15,85.5,conflict,1.81,,manual_required
12442,30338926,Al Kabeer Breaded Chicken Fillet Spicy/ non Spicy 750 gm,Al Kabeer,Chicken Fillets-Frozen,No Variant,Marinated & Breaded,750 gm,1,CCKSB,CHICKEN STICKS BULK,1 Kgs x 5 Pkts,STICKS & FINGERS,54.35,47.93,85.5,conflict,0.58,,manual_required
12446,30338947,Al Kabeer Vegetable Falafel 360 gm,Al Kabeer,Falafel-Frozen,Non-Stuffed,"Frozen Pizzas, Wraps, Sandwiches",360 gm,1,CFBF,BREADED FISH FILLET,330 Gms x 20 Pkts,FILLETS,50.66,37.4,85.5,conflict,0.7,,manual_required
12458,30340362,Al Kabeer Breaded Shrimps 1000 gm,Al Kabeer,Breaded shrimp frozen,No Variant,Breaded Seafood,1 kg,1,CKSK,SHISH KEBAB,600 Gms x 12 Pkts,KEBAB,52.82,43.56,85.5,conflict,0.69,,manual_required
12461,30340432,Al kabeer  Chicken kraze/ Nuggets 750 gm,Al Kabeer,Chicken Nuggets-Frozen,No Variant,Marinated & Breaded,750 gm,1,CKBCS,BEEF COCKTAIL SAUSAGES,400 Gms x 20 Pkts,SAUSAGES,52.66,43.1,85.5,conflict,0.35,,manual_required
12462,30342153,Al Kabeer Panjabi Samosa 900 gm,Al Kabeer,Samosa-Frozen,Punjabi,"Frozen Pizzas, Wraps, Sandwiches",900 gm,1,CCSAK,12 CHEESE SAMOSAS,240 Gms x 20 Pkts,SAMOSA,53.34,45.05,85.5,conflict,0.86,,manual_required
12463,30342160,Al Kabeer Breaded Shrimps 1000 gm,Al Kabeer,Breaded shrimp frozen,No Variant,Breaded Seafood,1 kg,1,CKSK,SHISH KEBAB,600 Gms x 12 Pkts,KEBAB,52.82,43.56,85.5,conflict,0.69,,manual_required
12479,30344048,Al Kabeer Nuggets / Breaded Chicken Fillet 750 gm,Al Kabeer,Chicken Nuggets-Frozen,No Variant,Marinated & Breaded,750 gm,1,CFBF,BREADED FISH FILLET,330 Gms x 20 Pkts,FILLETS,54.94,49.6,85.5,conflict,0.33,,manual_required
12484,30346962,Al Kabeer CHICKEN POP CORN 750 gm,Al Kabeer,Chicken Popcorn-Frozen,No Variant,Marinated & Breaded,750 gm,1,CKCKB,CHICKEN BURGERS 56 g,840 g. x 9,BURGERS,51.89,40.91,85.5,conflict,0.06,,manual_required
12489,30347149,Al Kabeer GARDEN PEAS 900 gm,Al Kabeer,Green/Garden Peas-Frozen,No Variant,Frozen Vegetables,900 gm,1,VPAN,PANEER CUBES,200 gm x 20 Pkts,TRADING-VEG,54.0,46.94,85.5,conflict,2.13,,manual_required
12491,30347219,Al Kabeer FRENCH FRIES 2.5 kg,Al Kabeer,French Fries-Frozen,No Variant,Frozen Fries & Onion Rings,2.5 kg,1,CFBFA,BREADED FISH FILLET BULK,1 Kgs x 5 Pkts,FILLETS,52.24,41.9,85.5,conflict,0.08,,manual_required
12492,30347269,Al Kabeer KRAZEE CHICKEN NUGGETS 750 gm,Al Kabeer,Chicken Nuggets-Frozen,No Variant,Marinated & Breaded,750 gm,1,CFB,BEEF FRANKS,454 Gms x 20 Pkts,SAUSAGES,52.18,41.74,85.5,conflict,0.05,,manual_required
12493,30347283,Al Kabeer STUFFED FALAFEL 750 gm,Al Kabeer,Falafel-Frozen,Stuffed,"Frozen Pizzas, Wraps, Sandwiches",750 gm,1,CFB,BEEF FRANKS,454 Gms x 20 Pkts,SAUSAGES,51.01,38.38,85.5,conflict,1.32,,manual_required
12498,30350645,Alkabeer Paneer Cubes 200 gm,Al Kabeer,Paneer,No Variant,Paneer,200 gm,1,CKCCR,CHICKEN ‘N’ CHEESE RINGS 300,300 gms x 12 pkts,POP-CORN & CHICKEN FRIES,52.79,43.48,85.5,conflict,0.32,,manual_required
12505,30354120,Al Kabeer Zing Chckn Strip Spicy/Reg 750 gm,Al Kabeer,Chicken Strips-Frozen,No Variant,Marinated & Breaded,750 gm,1,CCCB,CHICKEN BIRYANI 400,400 Gms x 12 Pkts,READY2EAT,53.53,45.59,85.5,conflict,1.37,,manual_required
12511,30372576,Al Kabeer Blueberries or Blackberries 350 gm,Al Kabeer,Blueberries-Frozen,No Variant,Frozen Fruits,350 gm,1,CBBO,4 BEEF BURGERS,200 Gms x 30 Pkt,BURGERS,53.13,44.44,85.5,conflict,1.56,,manual_required
12512,30372586,Al Kabeer French Fries 2.5 kg,Al Kabeer,French Fries-Frozen,No Variant,Frozen Fries & Onion Rings,2.5 kg,1,CFBFA,BREADED FISH FILLET BULK,1 Kgs x 5 Pkts,FILLETS,52.24,41.9,85.5,conflict,0.08,,manual_required
12524,30387940,Al Kabeer Chicken Nuggets-Frozen 750 gm,Al Kabeer,Chicken Nuggets-Frozen,No Variant,Marinated & Breaded,750 gm,1,CFBF,BREADED FISH FILLET,330 Gms x 20 Pkts,FILLETS,53.0,44.07,85.5,conflict,0.52,,manual_required
12535,30435945,Al Kabeer Tandoori Chicken Tikka 1000 gm,Al Kabeer,Chicken Tikka-Frozen,No Variant,Frozen Barbeque Products,1000 gm,1,CCCB,CHICKEN BIRYANI 400,400 Gms x 12 Pkts,READY2EAT,54.15,47.37,85.5,conflict,2.23,,manual_required
12543,30483649,Al Kabeer Punjabi Sambosa 900 gm,Al Kabeer,Samosa-Frozen,Punjabi,"Frozen Pizzas, Wraps, Sandwiches",900 gm,1,CCSAK,12 CHEESE SAMOSAS,240 Gms x 20 Pkts,SAMOSA,54.6,48.65,85.5,conflict,1.69,,manual_required
12545,30483702,Al Kabeer Zing Breaded Shrimps-Frozen Spicy 750 gm,Al Kabeer,Zing Shrimps,Spicy,Breaded Seafood,750 gm,1,CBBO,4 BEEF BURGERS,200 Gms x 30 Pkt,BURGERS,51.89,40.91,85.5,conflict,0.17,,manual_required
12547,30483718,Al Kabab Sheekh Chicken Kebab/Turkish Chicken Kabab 320 gm,Al Kabeer,Seekh Kabab-Frozen,No Variant,Frozen Kabab ,320 gm,1,CCCB,CHICKEN BIRYANI 400,400 Gms x 12 Pkts,READY2EAT,53.87,46.55,85.5,conflict,0.47,,manual_required
12549,30483719,Al Kabeer Blackberries/Blueberries 350 gm,Al Kabeer,Blueberries-Frozen,No Variant,Frozen Fruits,350 gm,1,CBBO,4 BEEF BURGERS,200 Gms x 30 Pkt,BURGERS,52.89,43.75,85.5,conflict,0.86,,manual_required
12582,30528925,Al Kabeer Tempura Chicken Nuggets 750 gm/Breaded Fillet,Al Kabeer,Chicken Nuggets-Frozen,No Variant,Marinated & Breaded,750 gm,1,CCF,CHICKEN FRIES,12 PKTS X 400 GRM,POP-CORN & CHICKEN FRIES,54.51,48.39,85.5,conflict,0.2,,manual_required
12583,30528925,Al Kabeer Tempura Chicken Nuggets 750 gm/Breaded Fillet,Al Kabeer,Chicken Fillets-Frozen,No Variant,Marinated & Breaded,750 gm,1,CCF,CHICKEN FRIES,12 PKTS X 400 GRM,POP-CORN & CHICKEN FRIES,54.01,46.97,85.5,conflict,0.14,,manual_required
12591,30533120,Al Kabeer BLACK BERRIES / BLUEBERRY 350 gm,Al Kabeer,Blueberries-Frozen,No Variant,Frozen Fruits,350 gm,1,CBBUR,BEEF BURGERS 56 g.,840 g. x 9,BURGERS,52.53,42.72,85.5,conflict,0.56,,manual_required
12601,30533692,Al Kabeer Blackberries / Blueberries (350 gm),Al Kabeer,Blueberries-Frozen,No Variant,Frozen Fruits,350 gm,1,CBBO,4 BEEF BURGERS,200 Gms x 30 Pkt,BURGERS,52.89,43.75,85.5,conflict,0.86,,manual_required
12604,30534634,Al Kabeer Zing Chicken Strips Spicy Sriracha Flavour (700 gm),Al Kabeer,Chicken Strips-Frozen,Spicy,Zing,700 gm,1,CKBT,TAYEBAT CHICKEN BURGER,1 Kgs x 9 Pkts,BURGERS,54.91,49.52,85.5,conflict,2.29,,manual_required
12605,30534634,Al Kabeer Zing Chicken Strips Spicy Sriracha Flavour (700 gm),Al Kabeer,Chicken Strips-Frozen,No Variant,Zing,700 gm,1,CCCB,CHICKEN BIRYANI 400,400 Gms x 12 Pkts,READY2EAT,54.01,46.96,85.5,conflict,1.85,,manual_required
12607,30534801,Al Kabeer Chicken Pop Corn (750 gm),Al Kabeer,Chicken Popcorn-Frozen,No Variant,Marinated & Breaded,750 gm,1,CKCKB,CHICKEN BURGERS 56 g,840 g. x 9,BURGERS,51.89,40.91,85.5,conflict,0.06,,manual_required
12610,30535776,Alkabeer French Fries 2500 gm,Al Kabeer,French Fries-Frozen,No Variant,Frozen Fries & Onion Rings,2.5 kg,1,CCSK,KIRI CHEESE SAMOSA,20 X 240 GMS,SAMOSA,52.53,42.72,85.5,conflict,0.52,,manual_required
12611,30535779,Alkabeer Chicken Burger Jumbo 10 pcs 1 kg,Al Kabeer,Chicken Burger-Frozen,Unbreaded,Frozen Burger,1 kg,1,CFBJ,JUMBO HOTDOGS,400 Gms x 20 Pkts,SAUSAGES,54.89,49.48,85.5,conflict,0.21,,manual_required
12613,30539142,Al Kabeer - Fillets/ChickenKroze/Nuggets 750 gm,Al Kabeer,Chicken Nuggets-Frozen,No Variant,Marinated & Breaded,750 gm,1,CFBF,BREADED FISH FILLET,330 Gms x 20 Pkts,FILLETS,54.7,48.92,85.5,conflict,1.44,,manual_required
12614,30539142,Al Kabeer - Fillets/ChickenKroze/Nuggets 750 gm,Al Kabeer,Chicken Fillets-Frozen,No Variant,Marinated & Breaded,750 gm,1,CFBF,BREADED FISH FILLET,330 Gms x 20 Pkts,FILLETS,54.7,48.92,85.5,conflict,1.44,,manual_required
12617,30539588,Al Kabeer Nuggets / Breaded Chicken Fillet 750 gm,Al Kabeer,Chicken Nuggets-Frozen,No Variant,Marinated & Breaded,750 gm,1,CFBF,BREADED FISH FILLET,330 Gms x 20 Pkts,FILLETS,54.94,49.6,85.5,conflict,0.33,,manual_required
12619,30539984,Al Kabeer Paneer Cubes 200 gm,Al Kabeer,Paneer,No Variant,Paneer,200 gm,1,CKCCR,CHICKEN ‘N’ CHEESE RINGS 300,300 gms x 12 pkts,POP-CORN & CHICKEN FRIES,52.79,43.48,85.5,conflict,0.32,,manual_required
12623,30541775,Al Kabeer Spring Roll Cheese 240 gm/Chicken 280 gm,Al Kabeer,Spring Roll-Frozen,No Variant,"Frozen Pizzas, Wraps, Sandwiches",280 gm,1,CCSAK,12 CHEESE SAMOSAS,240 Gms x 20 Pkts,SAMOSA,54.81,49.23,85.5,conflict,0.56,,manual_required
12625,30541783,Al Kabeer Butter Zing Chicken Fillet 700 gm,Al Kabeer,Chicken Fillets-Frozen,No Variant,Zing,700 gm,1,CKSK,SHISH KEBAB,600 Gms x 12 Pkts,KEBAB,53.13,44.44,85.5,conflict,0.31,,manual_required
12629,30542191,"Al Kabeer, frozen bobby veal meat 907 gm",Al Kabeer,Bobby Veal-Frozen,No Variant,Other Frozen Meat,907 gm,1,CFB,BEEF FRANKS,454 Gms x 20 Pkts,SAUSAGES,54.31,47.83,85.5,conflict,1.27,,manual_required
12630,30543924,Al Kabeer French Fries 2.5 Kg ,Al Kabeer,French Fries-Frozen,No Variant,Frozen Fries & Onion Rings,2.5 kg,1,CFBFA,BREADED FISH FILLET BULK,1 Kgs x 5 Pkts,FILLETS,52.24,41.9,85.5,conflict,0.08,,manual_required
12643,30544218,Al Kabeer Zing Chicken Fillets Assorted 750 gm,Al Kabeer,Chicken Fillets-Frozen,No Variant,Zing,750 gm,1,CKN,CHICKEN NUGGETS,270 Gms x 20 Pkts,NUGGETS,54.69,48.89,85.5,conflict,1.2,,manual_required
12649,30554556,Al Kabeer French Fries 2.5 kg,Al Kabeer,French Fries-Frozen,No Variant,Frozen Fries & Onion Rings,2.5 kg,1,CFBFA,BREADED FISH FILLET BULK,1 Kgs x 5 Pkts,FILLETS,52.24,41.9,85.5,conflict,0.08,,manual_required
12651,30555435,Al Kabeer krazee Chicken Nugts 750 gm,Al Kabeer,Chicken Nuggets-Frozen,No Variant,Marinated & Breaded,750 gm,1,CFB,BEEF FRANKS,454 Gms x 20 Pkts,SAUSAGES,52.04,41.32,85.5,conflict,0.04,,manual_required
12663,30561293,Al Kabeer Blueberries/Blackberry 350 gm,Al Kabeer,Blueberries-Frozen,No Variant,Frozen Fruits,350 gm,1,CBBO,4 BEEF BURGERS,200 Gms x 30 Pkt,BURGERS,52.47,42.55,85.5,conflict,0.89,,manual_required
12670,30561412,Al Kabeer Krazee Chicken Nuggets 750 gm,Al Kabeer,Chicken Nuggets-Frozen,No Variant,Marinated & Breaded,750 gm,1,CFB,BEEF FRANKS,454 Gms x 20 Pkts,SAUSAGES,52.18,41.74,85.5,conflict,0.05,,manual_required
12672,30564280,Doux / Americana / Sadia / Al Kabeer Chicken Strips / Sunbulah Strips / Bites (750 gm) ,Doux,Chicken Strips-Frozen,No Variant,Marinated & Breaded,750 gm,1,CCCTM,CHICKEN TIKKA MAKHANI & PILAU RICE,450 Gms x 12 Pkts,READY2EAT,54.44,48.19,85.5,conflict,1.31,,manual_required
12674,30564280,Doux / Americana / Sadia / Al Kabeer Chicken Strips / Sunbulah Strips / Bites (750 gm) ,Sunbulah,Chicken Nuggets-Frozen,No Variant,Marinated & Breaded,750 gm,1,CCCTM,CHICKEN TIKKA MAKHANI & PILAU RICE,450 Gms x 12 Pkts,READY2EAT,53.67,45.98,85.5,conflict,0.89,,manual_required
12676,30570186,Al Kabeer Krazee Chicken Nuggets 750 gm,Al Kabeer,Chicken Nuggets-Frozen,No Variant,Marinated & Breaded,750 gm,1,CFB,BEEF FRANKS,454 Gms x 20 Pkts,SAUSAGES,52.18,41.74,85.5,conflict,0.05,,manual_required
12692,30678047,Al Kabeer Felafel 360 gm,Al Kabeer,Falafel-Frozen,Non-Stuffed,"Frozen Pizzas, Wraps, Sandwiches",360 gm,1,CFB,BEEF FRANKS,454 Gms x 20 Pkts,SAUSAGES,50.82,37.84,85.5,conflict,0.85,,manual_required
12696,30693184,Alkabeer CHICKEN BURGER BREADED / UNBREADED 840 gm,Al Kabeer,Chicken Burger-Frozen,Breaded,Frozen Burger,840 gm,1,CFBF,BREADED FISH FILLET,330 Gms x 20 Pkts,FILLETS,54.73,49.02,85.5,conflict,0.06,,manual_required
12697,30693184,Alkabeer CHICKEN BURGER BREADED / UNBREADED 840 gm,Al Kabeer,Chicken Burger-Frozen,Unbreaded,Frozen Burger,840 gm,1,CFBF,BREADED FISH FILLET,330 Gms x 20 Pkts,FILLETS,54.73,49.02,85.5,conflict,0.06,,manual_required
12703,30696907,"AL KABEER HASH BROWN FRIES, 1000 gm",Al Kabeer,Hash browns,No Variant,Frozen Potato/ Fries/ Onion rings,1 kg,1,CBBO,4 BEEF BURGERS,200 Gms x 30 Pkt,BURGERS,51.2,38.94,85.5,conflict,0.12,,manual_required
12713,30700904,ALKABEER FRENCH FRIES 2500 gm,Al Kabeer,French Fries-Frozen,No Variant,Frozen Fries & Onion Rings,2.5 kg,1,CCSK,KIRI CHEESE SAMOSA,20 X 240 GMS,SAMOSA,52.53,42.72,85.5,conflict,0.52,,manual_required
12715,30701029,Al Kabeer BOBBY VEAL 2 LBS,Al Kabeer,Bobby Veal-Frozen,No Variant,Other Frozen Meat,2 lbs,1,LBVL,BONELESS VEAL LOCAL,20 X 2 LB,TRADING-MEAT,51.65,53.33,50.75,,3.72,,manual_required
12717,30701072,AL KABEER BLACK BERRIES / BLUEBERRY 350 gm,Al Kabeer,Blueberries-Frozen,No Variant,Frozen Fruits,350 gm,1,CBBUR,BEEF BURGERS 56 g.,840 g. x 9,BURGERS,52.53,42.72,85.5,conflict,0.56,,manual_required
12731,30706230,Al Kabeer Tender Chicken Breast 1000 gm,Al Kabeer,Chicken Breast-Frozen,No Variant,Frozen Chicken Parts,1 kg,1,CBBO,4 BEEF BURGERS,200 Gms x 30 Pkt,BURGERS,51.86,40.82,85.5,conflict,0.01,,manual_required
12732,30706231,Al Kabeer Waffle Fries 750 gm,Al Kabeer,Crisscut Fries-Frozen,No Variant,Frozen Fries & Onion Rings,750 gm,1,CFBF,BREADED FISH FILLET,330 Gms x 20 Pkts,FILLETS,52.41,42.37,85.5,conflict,1.37,,manual_required
12741,30706239,Al Kabeer - Breaded Shrimps 1000 gm,Al Kabeer,Breaded shrimp frozen,No Variant,Breaded Seafood,1 kg,1,CKSK,SHISH KEBAB,600 Gms x 12 Pkts,KEBAB,52.82,43.56,85.5,conflict,0.69,,manual_required
12752,30710130,Al Kabeer Krazee Chicken Nuggets 750 gm,Al Kabeer,Chicken Nuggets-Frozen,No Variant,Marinated & Breaded,750 gm,1,CFB,BEEF FRANKS,454 Gms x 20 Pkts,SAUSAGES,52.18,41.74,85.5,conflict,0.05,,manual_required
12757,30711775,Al Kabeer TANDOORI CHICKEN TIKKA 1000 gm,Al Kabeer,Chicken Tikka-Frozen,No Variant,Frozen Barbeque Products,1000 gm,1,CCCB,CHICKEN BIRYANI 400,400 Gms x 12 Pkts,READY2EAT,54.15,47.37,85.5,conflict,2.23,,manual_required
12764,30712800,AlKabeer Waffle Fries 750 gm,Al Kabeer,Crisscut Fries-Frozen,No Variant,Frozen Fries & Onion Rings,750 gm,1,CFBF,BREADED FISH FILLET,330 Gms x 20 Pkts,FILLETS,52.41,42.37,85.5,conflict,1.37,,manual_required
12767,30712908,Al Kabeer Chicken breast boneless 1000 gm,Al Kabeer,Chicken Breast-Frozen,No Variant,Frozen Chicken Parts,1000 gm,1,CBBO,4 BEEF BURGERS,200 Gms x 30 Pkt,BURGERS,54.52,48.42,85.5,conflict,1.32,,manual_required
12772,30713116,Al Kabeer Breaded Shrimps 1000 gm,Al Kabeer,Breaded shrimp frozen,No Variant,Breaded Seafood,1 kg,1,CKSK,SHISH KEBAB,600 Gms x 12 Pkts,KEBAB,52.82,43.56,85.5,conflict,0.69,,manual_required
12778,30713702,Al Kabeer CHICKEN KOFTA 300 gm,Al Kabeer,Chicken Kofta-Frozen,No Variant,Frozen Kofta / Kibbeh & Meat Balls,300 gm,1,CCCB,CHICKEN BIRYANI 400,400 Gms x 12 Pkts,READY2EAT,54.43,48.15,85.5,conflict,1.81,,manual_required
12787,30722972,Al Kabeer krazee Chicken Nuggets 750gm,Al Kabeer,Chicken Nuggets-Frozen,No Variant,Marinated & Breaded,750 gm,1,CFB,BEEF FRANKS,454 Gms x 20 Pkts,SAUSAGES,52.41,42.37,85.5,conflict,0.06,,manual_required
12801,30811080,Al Kabeer Potato Bites 1 kg/French Fries-Frozen 750 gm,Al Kabeer,Crisscut Fries-Frozen,No Variant,Frozen Fries & Onion Rings,750 gm,1,CBBOT,TAYEBAT BEEF BURGERS ONION BULK,1 Kgs x 9 Pkts,BURGERS,54.11,47.24,85.5,conflict,1.64,,manual_required
12817,30875547,Al Kabeer Zing Chicken Strips Sriracha/Buffalo 700 gm,Al Kabeer,Chicken Strips-Frozen,No Variant,Zing,700 gm,1,CKBW,BBQ CHICKEN WINGS 400,400 Gms x 12 Pkts,WINGS,54.54,48.48,85.5,conflict,1.5,,manual_required
12819,30875548,Al Kabeer breaded chicken fillets spicy/Non spicy 750 gm,Al Kabeer,Chicken Fillets-Frozen,No Variant,Marinated & Breaded,750 gm,1,CCFA,CHICKEN FRIES BULK,1 kg x 5 Pkts,POP-CORN & CHICKEN FRIES,54.77,49.12,85.5,conflict,0.0,,manual_required
12821,30875611,Al Kabeer French Fries 2500 gm	,Al Kabeer,French Fries-Frozen,No Variant,Frozen Fries & Onion Rings,2.5 kg,1,CCSK,KIRI CHEESE SAMOSA,20 X 240 GMS,SAMOSA,52.53,42.72,85.5,conflict,0.52,,manual_required
12823,30875629,Al Kabeer Chicken/krazee Chicken Nuggets 750 gm,Al Kabeer,Chicken Nuggets-Frozen,No Variant,Marinated & Breaded,750 gm,1,CCKSB,CHICKEN STICKS BULK,1 Kgs x 5 Pkts,STICKS & FINGERS,53.97,46.85,85.5,conflict,0.24,,manual_required
12852,30931975,Al Kabeer Zing Chicken Strips Spicy Sriracha Flavour (700 gm),Al Kabeer,Chicken Strips-Frozen,Spicy,Zing,700 gm,1,CKBT,TAYEBAT CHICKEN BURGER,1 Kgs x 9 Pkts,BURGERS,54.91,49.52,85.5,conflict,2.29,,manual_required
12853,30931975,Al Kabeer Zing Chicken Strips Spicy Sriracha Flavour (700 gm),Al Kabeer,Chicken Strips-Frozen,No Variant,Zing,700 gm,1,CCCB,CHICKEN BIRYANI 400,400 Gms x 12 Pkts,READY2EAT,54.01,46.96,85.5,conflict,1.85,,manual_required
12867,30933522,ALKABEER GREEN PEAS / MIXED VEGETABLE / PEAS & CARROT 900 gm,Al Kabeer,Mix Vegetables-Frozen,No Variant,Frozen Vegetables,900 gm,1,CCF,CHICKEN FRIES,12 PKTS X 400 GRM,POP-CORN & CHICKEN FRIES,52.82,43.55,85.5,conflict,1.45,,manual_required
12868,30933522,ALKABEER GREEN PEAS / MIXED VEGETABLE / PEAS & CARROT 900 gm,Al Kabeer,Green/Garden Peas-Frozen,No Variant,Frozen Vegetables,900 gm,1,CCF,CHICKEN FRIES,12 PKTS X 400 GRM,POP-CORN & CHICKEN FRIES,53.01,44.09,85.5,conflict,1.24,,manual_required
12869,30933566,Al Kabeer ZING CHICKEN STRIPS SMOKED BUFFALO / SPICY SPIRACHA 700 gm,Al Kabeer,Chicken Strips-Frozen,No Variant,Zing,700 gm,1,CCCB,CHICKEN BIRYANI 400,400 Gms x 12 Pkts,READY2EAT,54.21,47.54,85.5,conflict,0.35,,manual_required
12870,30933566,Al Kabeer ZING CHICKEN STRIPS SMOKED BUFFALO / SPICY SPIRACHA 700 gm,Al Kabeer,Chicken Strips-Frozen,Spicy,Zing,700 gm,1,CCCB,CHICKEN BIRYANI 400,400 Gms x 12 Pkts,READY2EAT,54.6,48.65,85.5,conflict,1.34,,manual_required
12876,30935345,Al Kabeer BLACKBERRIES / BLUEBERRIES 350 gm,Al Kabeer,Blueberries-Frozen,No Variant,Frozen Fruits,350 gm,1,CBBO,4 BEEF BURGERS,200 Gms x 30 Pkt,BURGERS,52.89,43.75,85.5,conflict,0.86,,manual_required
12885,30936115,ALKABEER FRENCH FRIES 2500 gm,Al Kabeer,French Fries-Frozen,No Variant,Frozen Fries & Onion Rings,2.5 kg,1,CCSK,KIRI CHEESE SAMOSA,20 X 240 GMS,SAMOSA,52.53,42.72,85.5,conflict,0.52,,manual_required
12891,30938948,Al Kabeer Breaded Chicken Fillet Spicy/non Spicy 750 gm,Al Kabeer,Chicken Fillets-Frozen,No Variant,Marinated & Breaded,750 gm,1,CCKSB,CHICKEN STICKS BULK,1 Kgs x 5 Pkts,STICKS & FINGERS,54.35,47.93,85.5,conflict,0.58,,manual_required
12897,30941802,Alkabeer Paneer Cubes 200 gm,Al Kabeer,Paneer,No Variant,Paneer,200 gm,1,CKCCR,CHICKEN ‘N’ CHEESE RINGS 300,300 gms x 12 pkts,POP-CORN & CHICKEN FRIES,52.79,43.48,85.5,conflict,0.32,,manual_required
12906,30944736,Al Kabeer Zing Chckn Strips/Strip NoSpicy 750 gm,Al Kabeer,Chicken Strips-Frozen,No Variant,Zing,750 gm,1,CKJCNA,JUMBO CHICKEN NUGGETS,1 Kgs x 5 Pkts,NUGGETS,52.13,41.58,85.5,conflict,0.24,,manual_required
12907,30944736,Al Kabeer Zing Chckn Strips/Strip NoSpicy 750 gm,Al Kabeer,Chicken Strips-Frozen,Spicy,Zing,750 gm,1,CKSK,SHISH KEBAB,600 Gms x 12 Pkts,KEBAB,54.54,48.48,85.5,conflict,2.42,,manual_required
12908,30944755,Al Kabeer krazee Chicken Nuggets 750 gm,Al Kabeer,Chicken Nuggets-Frozen,No Variant,Marinated & Breaded,750 gm,1,CFB,BEEF FRANKS,454 Gms x 20 Pkts,SAUSAGES,52.18,41.74,85.5,conflict,0.05,,manual_required
12909,30944799,Al Kabeer Punjabi Samosa 900 gm,Al Kabeer,Samosa-Frozen,Punjabi,"Frozen Pizzas, Wraps, Sandwiches",900 gm,1,CCSAK,12 CHEESE SAMOSAS,240 Gms x 20 Pkts,SAMOSA,53.89,46.6,85.5,conflict,0.67,,manual_required
12913,30945573,Al Kabeer French Fries 2.5 kg,Al Kabeer,French Fries-Frozen,No Variant,Frozen Fries & Onion Rings,2.5 kg,1,CFBFA,BREADED FISH FILLET BULK,1 Kgs x 5 Pkts,FILLETS,52.24,41.9,85.5,conflict,0.08,,manual_required
12932,30998347,Al Kabeer zing chicken fillet or strips 750 gm,Al Kabeer,Chicken Strips-Frozen,No Variant,Zing,750 gm,1,CKSAA,CHICKEN SAMOSAS BULK,1.2 Kgs x 4 Pkts,SAMOSA,52.97,44.0,85.5,conflict,0.09,,manual_required
12933,30998347,Al Kabeer zing chicken fillet or strips 750 gm,Al Kabeer,Chicken Fillets-Frozen,No Variant,Zing,750 gm,1,CKN,CHICKEN NUGGETS,270 Gms x 20 Pkts,NUGGETS,53.29,44.9,85.5,conflict,0.4,,manual_required
12937,31056491,Al Kabeer Punjabi Samosa 900 gm,Al Kabeer,Samosa-Frozen,Punjabi,"Frozen Pizzas, Wraps, Sandwiches",900 gm,1,CCSAK,12 CHEESE SAMOSAS,240 Gms x 20 Pkts,SAMOSA,53.89,46.6,85.5,conflict,0.67,,manual_required
12943,31056550,Al Kabeer Zing Chicken Strips NON Spicy/Spicy 750 gm,Al Kabeer,Chicken Strips-Frozen,No Variant,Zing,750 gm,1,CKJCNA,JUMBO CHICKEN NUGGETS,1 Kgs x 5 Pkts,NUGGETS,52.19,41.76,85.5,conflict,0.3,,manual_required
12945,31059223,Al Kabeer Butter Chicken Zing Fillets 700 gm,Al Kabeer,Chicken Fillets-Frozen,No Variant,Zing,700 gm,1,CKSAPR,AK PRO CHICKEN SAMOSA,4 X 1.2 KGS,SAMOSA,53.96,46.81,85.5,conflict,0.67,,manual_required
12946,31065044,Al Kabeer Breaded Chicken Fillet / Hot & Spicy 750 gm,Al Kabeer,Chicken Fillets-Frozen,No Variant,Marinated & Breaded,750 gm,1,CCKSB,CHICKEN STICKS BULK,1 Kgs x 5 Pkts,STICKS & FINGERS,54.35,47.93,85.5,conflict,0.78,,manual_required
12948,31065088,Al Kabeer KRAZEE CHICKEN NUGGETS 750 gm,Al Kabeer,Chicken Nuggets-Frozen,No Variant,Marinated & Breaded,750 gm,1,CFB,BEEF FRANKS,454 Gms x 20 Pkts,SAUSAGES,52.18,41.74,85.5,conflict,0.05,,manual_required
12962,31085858,Al Kabeer BREADED CHICKEN FILLET PLAIN / HOT & SPICY 750gm,Al Kabeer,Chicken Fillets-Frozen,No Variant,Marinated & Breaded,750 gm,1,CCKSB,CHICKEN STICKS BULK,1 Kgs x 5 Pkts,STICKS & FINGERS,53.73,46.15,85.5,conflict,0.08,,manual_required
12972,31088208,Alkabeer French Fries 2500gm,Al Kabeer,French Fries-Frozen,No Variant,Frozen Fries & Onion Rings,2.5 kg,1,CKKB24,24 CHICKEN BURGERS,1.2 Kgs x 8 Pkts,BURGERS,52.13,41.58,85.5,conflict,0.28,,manual_required
12982,31095729,Al Kabeer PUNJABI SAMOSA 900 gm,Al Kabeer,Samosa-Frozen,Punjabi,"Frozen Pizzas, Wraps, Sandwiches",900 gm,1,CCSAK,12 CHEESE SAMOSAS,240 Gms x 20 Pkts,SAMOSA,53.89,46.6,85.5,conflict,0.67,,manual_required
12986,31095842,ALKABEER BUTTER CHICKEN ZING FILLET 700 gm,Al Kabeer,Chicken Fillets-Frozen,No Variant,Zing,700 gm,1,CKSK,SHISH KEBAB,600 Gms x 12 Pkts,KEBAB,53.13,44.44,85.5,conflict,0.31,,manual_required
12990,31099562,Al Kabeer Blueberries Frozen Fruits 350gm,Al Kabeer,Blueberries-Frozen,No Variant,Frozen Fruits,350 gm,1,CBBO,4 BEEF BURGERS,200 Gms x 30 Pkt,BURGERS,53.04,44.19,85.5,conflict,0.95,,manual_required
12999,31106115,Al Kabeer Punjabi Samosa 900 gm,Al Kabeer,Samosa-Frozen,Punjabi,"Frozen Pizzas, Wraps, Sandwiches",900 gm,1,CCSAK,12 CHEESE SAMOSAS,240 Gms x 20 Pkts,SAMOSA,53.89,46.6,85.5,conflict,0.67,,manual_required
13001,31107556,"AL KABEER ZING FISH FILLET OR SHRIMPS SPICY, 750 gm",Al Kabeer,Zing Shrimps,Spicy,Breaded Seafood,750 gm,1,CFB,BEEF FRANKS,454 Gms x 20 Pkts,SAUSAGES,51.99,41.18,85.5,conflict,0.67,,manual_required
13008,31107657,"Al Kabeer Mixed Vegetables with Corn, 900 gm",Al Kabeer,Mix Vegetables-Frozen,No Variant,Frozen Vegetables,900 gm,1,CFBJ,JUMBO HOTDOGS,400 Gms x 20 Pkts,SAUSAGES,51.85,40.78,85.5,conflict,0.27,,manual_required
13010,31108065,"AL KABEER CHICKEN NUGGETS, FILLET OR STRIPS, ASSORTED ITEMS 750GM",Al Kabeer,Chicken Nuggets-Frozen,No Variant,Marinated & Breaded,750 gm,1,CCKSHA,CHICKEN STICK BULK HOT & SPICY,1 kg x 5 Pkts,STICKS & FINGERS,53.38,45.16,85.5,conflict,0.19,,manual_required
13011,31108065,"AL KABEER CHICKEN NUGGETS, FILLET OR STRIPS, ASSORTED ITEMS 750GM",Al Kabeer,Chicken Fillets-Frozen,No Variant,Marinated & Breaded,750 gm,1,CCKSHA,CHICKEN STICK BULK HOT & SPICY,1 kg x 5 Pkts,STICKS & FINGERS,53.46,45.4,85.5,conflict,0.65,,manual_required
13012,31108065,"AL KABEER CHICKEN NUGGETS, FILLET OR STRIPS, ASSORTED ITEMS 750GM",Al Kabeer,Chicken Strips-Frozen,No Variant,Zing,750 gm,1,CCKSB,CHICKEN STICKS BULK,1 Kgs x 5 Pkts,STICKS & FINGERS,54.21,47.54,85.5,conflict,1.71,,manual_required
13013,31108065,"AL KABEER CHICKEN NUGGETS, FILLET OR STRIPS, ASSORTED ITEMS 750GM",Al Kabeer,Chicken Strips-Frozen,Spicy,Zing,750 gm,1,CFBFA,BREADED FISH FILLET BULK,1 Kgs x 5 Pkts,FILLETS,53.13,44.44,85.5,conflict,0.06,,manual_required
13017,31117702,Alkabeer Tandoori Chicken Tikka 1000 gm,Al Kabeer,Chicken Tikka-Frozen,No Variant,Frozen Barbeque Products,1000 gm,1,CCCB,CHICKEN BIRYANI 400,400 Gms x 12 Pkts,READY2EAT,54.15,47.37,85.5,conflict,2.23,,manual_required
13023,31120194,ALKABEER CHICKEN KOFTA 300 gm,Al Kabeer,Chicken Kofta-Frozen,No Variant,Frozen Kofta / Kibbeh & Meat Balls,300 gm,1,CCCB,CHICKEN BIRYANI 400,400 Gms x 12 Pkts,READY2EAT,54.43,48.15,85.5,conflict,1.81,,manual_required
13024,31120296,Alkabeer French Fries 2500 gm,Al Kabeer,French Fries-Frozen,No Variant,Frozen Fries & Onion Rings,2.5 kg,1,CCSK,KIRI CHEESE SAMOSA,20 X 240 GMS,SAMOSA,52.53,42.72,85.5,conflict,0.52,,manual_required
13029,31124655,Al Kabeer Zing Shrimps / Fish Fillets (750 gm),Al Kabeer,Zing Fish Fillet,No Variant,Breaded Seafood,750 gm,1,CBBO,4 BEEF BURGERS,200 Gms x 30 Pkt,BURGERS,50.78,37.74,85.5,conflict,0.05,,manual_required
13030,31124676,Al Kabeer Strawberries / Mixed Vegetables / Green Peas (900 gm),Al Kabeer,Strawberry-Frozen,No Variant,Frozen Fruits,900 gm,1,CFB,BEEF FRANKS,454 Gms x 20 Pkts,SAUSAGES,51.14,38.76,85.5,conflict,0.21,,manual_required
13031,31124676,Al Kabeer Strawberries / Mixed Vegetables / Green Peas (900 gm),Al Kabeer,Mix Vegetables-Frozen,No Variant,Frozen Vegetables,900 gm,1,CFB,BEEF FRANKS,454 Gms x 20 Pkts,SAUSAGES,51.58,40.0,85.5,conflict,0.23,,manual_required
13032,31124676,Al Kabeer Strawberries / Mixed Vegetables / Green Peas (900 gm),Al Kabeer,Green/Garden Peas-Frozen,No Variant,Frozen Vegetables,900 gm,1,CCF,CHICKEN FRIES,12 PKTS X 400 GRM,POP-CORN & CHICKEN FRIES,51.69,40.34,85.5,conflict,0.12,,manual_required
13040,31124851,Al Kabeer French Fries 2.5 kg,Al Kabeer,French Fries-Frozen,No Variant,Frozen Fries & Onion Rings,2.5 kg,1,CFBFA,BREADED FISH FILLET BULK,1 Kgs x 5 Pkts,FILLETS,52.24,41.9,85.5,conflict,0.08,,manual_required
13043,31129904,Al Kabeer - Kraze Chicken Nuggets 750 gm,Al Kabeer,Chicken Nuggets-Frozen,No Variant,Marinated & Breaded,750 gm,1,CKBCS,BEEF COCKTAIL SAUSAGES,400 Gms x 20 Pkts,SAUSAGES,52.66,43.1,85.5,conflict,0.35,,manual_required
13044,31129922,Al Kabeer French Fries 2500gm,Al Kabeer,French Fries-Frozen,No Variant,Frozen Fries & Onion Rings,2.5 kg,1,CKKB24,24 CHICKEN BURGERS,1.2 Kgs x 8 Pkts,BURGERS,52.13,41.58,85.5,conflict,0.28,,manual_required
13046,31129985,Al Kabeer - Blackberries/Blueberries 350gm,Al Kabeer,Blueberries-Frozen,No Variant,Frozen Fruits,350 gm,1,CBBO,4 BEEF BURGERS,200 Gms x 30 Pkt,BURGERS,52.42,42.42,85.5,conflict,0.11,,manual_required
13058,31131803,Al Kabeer Black / Blue berries 350gm,Al Kabeer,Blueberries-Frozen,No Variant,Frozen Fruits,350 gm,1,CBBUR,BEEF BURGERS 56 g.,840 g. x 9,BURGERS,53.52,45.54,85.5,conflict,1.94,,manual_required
13066,31131822,Al Kabeer French Fries 2.5kg,Al Kabeer,French Fries-Frozen,No Variant,Frozen Fries & Onion Rings,2.5 kg,1,CFBFA,BREADED FISH FILLET BULK,1 Kgs x 5 Pkts,FILLETS,52.24,41.9,85.5,conflict,0.08,,manual_required
13076,31133386,Al Kabeer Paneer Cubes 500 gm,Al Kabeer,Paneer,No Variant,Paneer,500 gm,1,CKCCR,CHICKEN ‘N’ CHEESE RINGS 300,300 gms x 12 pkts,POP-CORN & CHICKEN FRIES,52.03,41.3,85.5,conflict,0.12,,manual_required
13078,31133872,Al Kabeer Breaded Chicken Fillet 750 gm,Al Kabeer,Chicken Fillets-Frozen,Spicy,Marinated & Breaded,750 gm,1,CKJCNA,JUMBO CHICKEN NUGGETS,1 Kgs x 5 Pkts,NUGGETS,52.82,43.56,85.5,conflict,0.25,,manual_required
13080,31143755,Al Kabeer krazee Chicken Nuggets 750 gm,Al Kabeer,Chicken Nuggets-Frozen,No Variant,Marinated & Breaded,750 gm,1,CFB,BEEF FRANKS,454 Gms x 20 Pkts,SAUSAGES,52.18,41.74,85.5,conflict,0.05,,manual_required
13089,31168518,Al Kabeer Assorted (Hash Browns 1000 gm / Potato Bites 1000 gm / Waffle Fries 750 gm),Al Kabeer,Crisscut Fries-Frozen,No Variant,Frozen Fries & Onion Rings,750 gm,1,CCF,CHICKEN FRIES,12 PKTS X 400 GRM,POP-CORN & CHICKEN FRIES,53.18,44.59,85.5,conflict,1.41,,manual_required
13090,31168519,Al Kabeer Assorted (Zing Chicken Fillets (Spicy / Non Spicy) / Tempura Chicken Nuggets) 750 gm,Al Kabeer,Chicken Nuggets-Frozen,No Variant,Marinated & Breaded,750 gm,1,CCKSHA,CHICKEN STICK BULK HOT & SPICY,1 kg x 5 Pkts,STICKS & FINGERS,53.76,46.25,85.5,conflict,0.22,,manual_required
13091,31168519,Al Kabeer Assorted (Zing Chicken Fillets (Spicy / Non Spicy) / Tempura Chicken Nuggets) 750 gm,Al Kabeer,Chicken Fillets-Frozen,No Variant,Zing,750 gm,1,CCKSHA,CHICKEN STICK BULK HOT & SPICY,1 kg x 5 Pkts,STICKS & FINGERS,54.82,49.28,85.5,conflict,0.71,,manual_required
13095,31168527,al kabeer Assorted Zing Chicken Strips - Spicy / Non Spicy 750 gm,Al Kabeer,Chicken Strips-Frozen,No Variant,Zing,750 gm,1,CCCB,CHICKEN BIRYANI 400,400 Gms x 12 Pkts,READY2EAT,52.71,43.24,85.5,conflict,0.65,,manual_required
13096,31168527,al kabeer Assorted Zing Chicken Strips - Spicy / Non Spicy 750 gm,Al Kabeer,Chicken Strips-Frozen,Spicy,Zing,750 gm,1,CKBT,TAYEBAT CHICKEN BURGER,1 Kgs x 9 Pkts,BURGERS,52.82,43.56,85.5,conflict,1.64,,manual_required
13098,31168863,Al Kabeer Assorted (Hash Browns 1000 gm / Potato Bites 1000 gm / Waffle Fries 750 gm),Al Kabeer,Crisscut Fries-Frozen,No Variant,Frozen Fries & Onion Rings,750 gm,1,CCF,CHICKEN FRIES,12 PKTS X 400 GRM,POP-CORN & CHICKEN FRIES,53.18,44.59,85.5,conflict,1.41,,manual_required
13103,31168901,Al kabeer Assorted Zing Chicken Fillets (Spicy / Non Spicy) / Tempura Chicken Nuggets 750 gm,Al Kabeer,Chicken Nuggets-Frozen,No Variant,Marinated & Breaded,750 gm,1,CCKSHA,CHICKEN STICK BULK HOT & SPICY,1 kg x 5 Pkts,STICKS & FINGERS,53.76,46.25,85.5,conflict,0.22,,manual_required
13104,31168901,Al kabeer Assorted Zing Chicken Fillets (Spicy / Non Spicy) / Tempura Chicken Nuggets 750 gm,Al Kabeer,Chicken Fillets-Frozen,No Variant,Marinated & Breaded,750 gm,1,CCKSHA,CHICKEN STICK BULK HOT & SPICY,1 kg x 5 Pkts,STICKS & FINGERS,53.76,46.25,85.5,conflict,0.22,,manual_required
13105,31168901,Al kabeer Assorted Zing Chicken Fillets (Spicy / Non Spicy) / Tempura Chicken Nuggets 750 gm,Al Kabeer,Chicken Fillets-Frozen,Spicy,Marinated & Breaded,750 gm,1,CCKSHA,CHICKEN STICK BULK HOT & SPICY,1 kg x 5 Pkts,STICKS & FINGERS,54.49,48.32,85.5,conflict,0.29,,manual_required
13106,31168906,Al Kabeer Assorted (Zing Chicken Strips - Spicy / Non Spicy) 750 gm,Al Kabeer,Chicken Strips-Frozen,Spicy,Zing,750 gm,1,CKBT,TAYEBAT CHICKEN BURGER,1 Kgs x 9 Pkts,BURGERS,52.82,43.56,85.5,conflict,1.64,,manual_required
13107,31168906,Al Kabeer Assorted (Zing Chicken Strips - Spicy / Non Spicy) 750 gm,Al Kabeer,Chicken Strips-Frozen,No Variant,Zing,750 gm,1,CCCB,CHICKEN BIRYANI 400,400 Gms x 12 Pkts,READY2EAT,52.71,43.24,85.5,conflict,0.65,,manual_required
13110,31169581,Al Kabeer Crazy Chicken Nuggets 750 gm,Al Kabeer,Chicken Nuggets-Frozen,No Variant,Marinated & Breaded,750 gm,1,CKBCS,BEEF COCKTAIL SAUSAGES,400 Gms x 20 Pkts,SAUSAGES,53.26,44.83,85.5,conflict,0.95,,manual_required
13116,31169614,Al Kabeer Mixed Vegetables with Corn 900 gm,Al Kabeer,Mix Vegetables-Frozen,No Variant,Frozen Vegetables,900 gm,1,CFBJ,JUMBO HOTDOGS,400 Gms x 20 Pkts,SAUSAGES,51.85,40.78,85.5,conflict,0.27,,manual_required
13119,31169650,French Fries 2.5 kg,Al Kabeer,French Fries-Frozen,No Variant,Frozen Fries & Onion Rings,2.5 kg,1,CFBFA,BREADED FISH FILLET BULK,1 Kgs x 5 Pkts,FILLETS,52.24,41.9,85.5,conflict,0.08,,manual_required
13127,31189888,Al Kabeer French Fries 2.5 kg,Al Kabeer,French Fries-Frozen,No Variant,Frozen Fries & Onion Rings,2.5 kg,1,CFBFA,BREADED FISH FILLET BULK,1 Kgs x 5 Pkts,FILLETS,52.24,41.9,85.5,conflict,0.08,,manual_required
13131,31189946,Al Kabeer Mixed Vegetables with Corn 900 gm,Al Kabeer,Mix Vegetables-Frozen,No Variant,Frozen Vegetables,900 gm,1,CFBJ,JUMBO HOTDOGS,400 Gms x 20 Pkts,SAUSAGES,51.85,40.78,85.5,conflict,0.27,,manual_required
13140,31232592,Alkabeer Chicken Nuggets 2X400 gm,Al Kabeer,Chicken Nuggets-Frozen,No Variant,Marinated & Breaded,2x400 gm,1,CBBO,4 BEEF BURGERS,200 Gms x 30 Pkt,BURGERS,53.42,45.28,85.5,conflict,0.15,,manual_required
13146,31234269,Al Kabeer Hash Browns 2.5 kg,Al Kabeer,Hash browns,No Variant,Frozen Potato/ Fries/ Onion rings,2.5 kg,1,SFM,FISH MILK,1 kg x 10 Pkts,TRADING-FISH,51.97,41.12,85.5,conflict,0.8,,manual_required
13147,31241246,Al Kabeer French Fries 2.5 kg,Al Kabeer,French Fries-Frozen,No Variant,Frozen Fries & Onion Rings,2.5 kg,1,CFBFA,BREADED FISH FILLET BULK,1 Kgs x 5 Pkts,FILLETS,52.24,41.9,85.5,conflict,0.08,,manual_required
13151,31242013,Al Kabeer Chicken Strips/fillet Non-spicy 750 gm,Al Kabeer,Chicken Fillets-Frozen,No Variant,Zing,750 gm,1,CKCKB,CHICKEN BURGERS 56 g,840 g. x 9,BURGERS,51.89,40.91,85.5,conflict,0.45,,manual_required
13152,31258597,Al Kabeer Seasoned Wedges 750 gm,Al Kabeer,Potato Wedges-Frozen,No Variant,Frozen Fries & Onion Rings,750 gm,1,CFBF,BREADED FISH FILLET,330 Gms x 20 Pkts,FILLETS,52.7,43.2,85.5,conflict,0.51,,manual_required
13155,31258605,Al Kabeer French Fries 2500 gm	,Al Kabeer,French Fries-Frozen,No Variant,Frozen Fries & Onion Rings,2.5 kg,1,CCSK,KIRI CHEESE SAMOSA,20 X 240 GMS,SAMOSA,52.53,42.72,85.5,conflict,0.52,,manual_required
13157,31291002,Al Kabeer Mixed Vegetables with Corn 900 gm,Al Kabeer,Mix Vegetables-Frozen,No Variant,Frozen Vegetables,900 gm,1,CFBJ,JUMBO HOTDOGS,400 Gms x 20 Pkts,SAUSAGES,51.85,40.78,85.5,conflict,0.27,,manual_required
13160,31291044,Al Kabeer French Fries 2.5 kg,Al Kabeer,French Fries-Frozen,No Variant,Frozen Fries & Onion Rings,2.5 kg,1,CFBFA,BREADED FISH FILLET BULK,1 Kgs x 5 Pkts,FILLETS,52.24,41.9,85.5,conflict,0.08,,manual_required
13164,31291066,Al Kabeer Breaded Chicken Fillets 750 gm Normal / Spicy Assorted ,Al Kabeer,Chicken Fillets-Frozen,No Variant,Marinated & Breaded,750 gm,1,CCF,CHICKEN FRIES,12 PKTS X 400 GRM,POP-CORN & CHICKEN FRIES,54.14,47.33,85.5,conflict,0.37,,manual_required
13167,31291110,Al Kabeer Zing Chicken Strips /Spicy assorted 750gm,Al Kabeer,Chicken Strips-Frozen,No Variant,Zing,750 gm,1,CKCKB,CHICKEN BURGERS 56 g,840 g. x 9,BURGERS,51.89,40.91,85.5,conflict,0.18,,manual_required
13168,31291110,Al Kabeer Zing Chicken Strips /Spicy assorted 750gm,Al Kabeer,Chicken Strips-Frozen,Spicy,Zing,750 gm,1,CKN,CHICKEN NUGGETS,270 Gms x 20 Pkts,NUGGETS,54.47,48.28,85.5,conflict,1.25,,manual_required
13174,31296023,Al Kabeer french fries 2500 gm,Al Kabeer,French Fries-Frozen,No Variant,Frozen Fries & Onion Rings,2.5 kg,1,CCSK,KIRI CHEESE SAMOSA,20 X 240 GMS,SAMOSA,52.53,42.72,85.5,conflict,0.52,,manual_required
13176,31296092,Alkabeer blue/Blackberries frozen 350 gm,Al Kabeer,Blueberries-Frozen,No Variant,Frozen Fruits,350 gm,1,CBBUR,BEEF BURGERS 56 g.,840 g. x 9,BURGERS,52.73,43.3,85.5,conflict,0.6,,manual_required
13178,31296309,Al Kabeer Frozen Mixed Veg./Green Peas 900 gm,Al Kabeer,Green/Garden Peas-Frozen,No Variant,Frozen Vegetables,900 gm,1,CFBF,BREADED FISH FILLET,330 Gms x 20 Pkts,FILLETS,52.16,41.67,85.5,conflict,0.22,,manual_required
13179,31296309,Al Kabeer Frozen Mixed Veg./Green Peas 900 gm,Al Kabeer,Mix Vegetables-Frozen,No Variant,Frozen Vegetables,900 gm,1,CFBJ,JUMBO HOTDOGS,400 Gms x 20 Pkts,SAUSAGES,51.7,40.37,85.5,conflict,0.0,,manual_required
13181,31310253,Al Kabeer french fries 2.5 kg,Al Kabeer,French Fries-Frozen,No Variant,Frozen Fries & Onion Rings,2.5 kg,1,CFBFA,BREADED FISH FILLET BULK,1 Kgs x 5 Pkts,FILLETS,52.24,41.9,85.5,conflict,0.08,,manual_required
13182,31310283,Americana Chicken Strips / Al Kabeer 750gm,Al Kabeer,Chicken Strips-Frozen,No Variant,Marinated & Breaded,750 gm,1,CCCB,CHICKEN BIRYANI 400,400 Gms x 12 Pkts,READY2EAT,54.21,47.54,85.5,conflict,2.31,,manual_required
13187,31320137,Alkabeer Hash Brown 2.5kg,Al Kabeer,Hash browns,No Variant,Frozen Potato/ Fries/ Onion rings,2.5 kg,1,SFM,FISH MILK,1 kg x 10 Pkts,TRADING-FISH,51.2,38.94,85.5,conflict,0.14,,manual_required
13191,31320277,ALKABEER WAFFLE FRIES 750gm,Al Kabeer,Crisscut Fries-Frozen,No Variant,Frozen Fries & Onion Rings,750 gm,1,CFBF,BREADED FISH FILLET,330 Gms x 20 Pkts,FILLETS,52.04,41.32,85.5,conflict,1.22,,manual_required
13194,31320417,Al Kabeer BREADED CHICKEN FILLET PLAIN / HOT & SPICY 750gm,Al Kabeer,Chicken Fillets-Frozen,No Variant,Marinated & Breaded,750 gm,1,CCKSB,CHICKEN STICKS BULK,1 Kgs x 5 Pkts,STICKS & FINGERS,53.73,46.15,85.5,conflict,0.08,,manual_required
13196,31320427,ALKABEER GREEN PEAS / MIXED VEGETABLE 900 gm,Al Kabeer,Green/Garden Peas-Frozen,No Variant,Frozen Vegetables,900 gm,1,CFBF,BREADED FISH FILLET,330 Gms x 20 Pkts,FILLETS,52.14,41.6,85.5,conflict,0.56,,manual_required
13197,31320427,ALKABEER GREEN PEAS / MIXED VEGETABLE 900 gm,Al Kabeer,Mix Vegetables-Frozen,No Variant,Frozen Vegetables,900 gm,1,CFBJ,JUMBO HOTDOGS,400 Gms x 20 Pkts,SAUSAGES,51.7,40.35,85.5,conflict,0.0,,manual_required
13198,31323384,Al Kabeer Punjabi Samosa 900 gm,Al Kabeer,Samosa-Frozen,Punjabi,"Frozen Pizzas, Wraps, Sandwiches",900 gm,1,CCSAK,12 CHEESE SAMOSAS,240 Gms x 20 Pkts,SAMOSA,53.89,46.6,85.5,conflict,0.67,,manual_required
13208,31332695,"Al Kabeer ZING FISH FILLET MILD SPICY, 750 GM",Al Kabeer,Zing Fish Fillet,No Variant,Breaded Seafood,750 gm,1,CFB,BEEF FRANKS,454 Gms x 20 Pkts,SAUSAGES,52.62,42.99,85.5,conflict,0.49,,manual_required
13211,31332823,"AL KABEER PUNJABI SAMOSA, 900gm",Al Kabeer,Samosa-Frozen,Punjabi,"Frozen Pizzas, Wraps, Sandwiches",900 gm,1,CCSAK,12 CHEESE SAMOSAS,240 Gms x 20 Pkts,SAMOSA,54.74,49.06,85.5,conflict,1.92,,manual_required
13212,31334618,AL-KABEER ZING CHICKEN FILLET N/SPC 750 gm,Al Kabeer,Chicken Fillets-Frozen,No Variant,Zing,750 gm,1,CKSAPR,AK PRO CHICKEN SAMOSA,4 X 1.2 KGS,SAMOSA,52.97,44.0,85.5,conflict,0.4,,manual_required
13214,31334726,AL KABEER CHICKEN POP CORN 750 gm,Al Kabeer,Chicken Popcorn-Frozen,No Variant,Marinated & Breaded,750 gm,1,CKCKB,CHICKEN BURGERS 56 g,840 g. x 9,BURGERS,51.89,40.91,85.5,conflict,0.06,,manual_required
13217,31334797,AL-KABEER ZING CHICKEN STRIPS (N/SPC)/SPICY SRIRACHA 700/750 gm,Al Kabeer,Chicken Strips-Frozen,No Variant,Marinated & Breaded,750 gm,1,CCF,CHICKEN FRIES,12 PKTS X 400 GRM,POP-CORN & CHICKEN FRIES,54.31,47.83,85.5,conflict,0.42,,manual_required
13221,31336210,"AL KABEER ZING CHICKEN SPICY OR NON SPICY STRIPS, 750 gm",Al Kabeer,Chicken Strips-Frozen,No Variant,Marinated & Breaded,750 gm,1,CCKSB,CHICKEN STICKS BULK,1 Kgs x 5 Pkts,STICKS & FINGERS,54.93,49.59,85.5,conflict,0.13,,manual_required
13227,31337548,Al Kabeer Chicken Pop Corn (750 gm),Al Kabeer,Chicken Popcorn-Frozen,No Variant,Marinated & Breaded,750 gm,1,CKCKB,CHICKEN BURGERS 56 g,840 g. x 9,BURGERS,51.89,40.91,85.5,conflict,0.06,,manual_required
13229,31337570,Al Kabeer Zing Fish Fil- lets/Shrimps (750g),Al Kabeer,Zing Fish Fillet,No Variant,Breaded Seafood,750 gm,1,CFB,BEEF FRANKS,454 Gms x 20 Pkts,SAUSAGES,51.82,40.71,85.5,conflict,1.0,,manual_required
13232,31337712,Al Kabeer Zing Chicken Strips Spicy Sriracha Flavour (700 gm),Al Kabeer,Chicken Strips-Frozen,No Variant,Zing,700 gm,1,CCCB,CHICKEN BIRYANI 400,400 Gms x 12 Pkts,READY2EAT,54.01,46.96,85.5,conflict,1.85,,manual_required
13233,31337712,Al Kabeer Zing Chicken Strips Spicy Sriracha Flavour (700 gm),Al Kabeer,Chicken Strips-Frozen,Spicy,Zing,700 gm,1,CKBT,TAYEBAT CHICKEN BURGER,1 Kgs x 9 Pkts,BURGERS,54.91,49.52,85.5,conflict,2.29,,manual_required
13235,31338771,Al Kabeer Zing Chicken Strips 750 gm,Al Kabeer,Chicken Strips-Frozen,No Variant,Marinated & Breaded,750 gm,1,CFBF,BREADED FISH FILLET,330 Gms x 20 Pkts,FILLETS,53.07,44.26,85.5,conflict,0.01,,manual_required
13242,31340338,Al Kabeer Blackberries / Blueberries 350 gm,Al Kabeer,Blueberries-Frozen,No Variant,Frozen Fruits,350 gm,1,CBBO,4 BEEF BURGERS,200 Gms x 30 Pkt,BURGERS,52.89,43.75,85.5,conflict,0.86,,manual_required
13245,31342106,Al Kabeer CHICKEN FILLET 750 gm,Al Kabeer,Chicken Fillets-Frozen,No Variant,Marinated & Breaded,750 gm,1,CKCKB,CHICKEN BURGERS 56 g,840 g. x 9,BURGERS,51.89,40.91,85.5,conflict,0.45,,manual_required
13250,31342566,Al Kabeer Zing Chicken Strips/Fillets 750 gm,Al Kabeer,Chicken Fillets-Frozen,No Variant,Zing,750 gm,1,CKSAA,CHICKEN SAMOSAS BULK,1.2 Kgs x 4 Pkts,SAMOSA,53.29,44.9,85.5,conflict,0.08,,manual_required
13251,31342566,Al Kabeer Zing Chicken Strips/Fillets 750 gm,Al Kabeer,Chicken Strips-Frozen,No Variant,Zing,750 gm,1,CKSK,SHISH KEBAB,600 Gms x 12 Pkts,KEBAB,53.55,45.65,85.5,conflict,0.34,,manual_required
13254,31342838,Al Kabeer Paneer Cubes 200gm,Al Kabeer,Paneer,No Variant,Paneer,200 gm,1,CKCCR,CHICKEN ‘N’ CHEESE RINGS 300,300 gms x 12 pkts,POP-CORN & CHICKEN FRIES,52.31,42.11,85.5,conflict,0.09,,manual_required
13259,31344635,Al Kabeer French Fries 2.5kg,Al Kabeer,French Fries-Frozen,No Variant,Frozen Fries & Onion Rings,2.5 kg,1,CFBFA,BREADED FISH FILLET BULK,1 Kgs x 5 Pkts,FILLETS,52.24,41.9,85.5,conflict,0.08,,manual_required
13262,31344637,Al Kabeer Blueberries/ Blackberries 350 gm,Al Kabeer,Blueberries-Frozen,No Variant,Frozen Fruits,350 gm,1,CBBO,4 BEEF BURGERS,200 Gms x 30 Pkt,BURGERS,52.89,43.75,85.5,conflict,0.86,,manual_required
13267,31344642,Al Kabeer Crazy Chicken Nuggets 750 gm,Al Kabeer,Chicken Nuggets-Frozen,No Variant,Marinated & Breaded,750 gm,1,CKBCS,BEEF COCKTAIL SAUSAGES,400 Gms x 20 Pkts,SAUSAGES,53.26,44.83,85.5,conflict,0.95,,manual_required
13269,31344644,Al Kabeer Mixed Vegetables with Corn 900 gm,Al Kabeer,Mix Vegetables-Frozen,No Variant,Frozen Vegetables,900 gm,1,CFBJ,JUMBO HOTDOGS,400 Gms x 20 Pkts,SAUSAGES,51.85,40.78,85.5,conflict,0.27,,manual_required
13283,31354118,Al Kabeer Punjabi Samosa 900 gm,Al Kabeer,Samosa-Frozen,Punjabi,"Frozen Pizzas, Wraps, Sandwiches",900 gm,1,CCSAK,12 CHEESE SAMOSAS,240 Gms x 20 Pkts,SAMOSA,53.89,46.6,85.5,conflict,0.67,,manual_required
13295,31458631,Al Kabeer Fillets/Strips/Nuggets selected items 700/750 gm,Al Kabeer,Chicken Fillets-Frozen,Spicy,Zing,700 gm,1,CFBF,BREADED FISH FILLET,330 Gms x 20 Pkts,FILLETS,53.19,44.62,85.5,conflict,0.5,,manual_required
13296,31458631,Al Kabeer Fillets/Strips/Nuggets selected items 700/750 gm,Al Kabeer,Chicken Fillets-Frozen,No Variant,Marinated & Breaded,700 gm,1,CCKSB,CHICKEN STICKS BULK,1 Kgs x 5 Pkts,STICKS & FINGERS,54.31,47.83,85.5,conflict,0.14,,manual_required
13297,31458631,Al Kabeer Fillets/Strips/Nuggets selected items 700/750 gm,Al Kabeer,Chicken Nuggets-Frozen,No Variant,Marinated & Breaded,750 gm,1,CCKSB,CHICKEN STICKS BULK,1 Kgs x 5 Pkts,STICKS & FINGERS,54.31,47.83,85.5,conflict,0.14,,manual_required
13298,31458641,Al Kabeer blue/Blackberries Frozen 350 gm,Al Kabeer,Blueberries-Frozen,No Variant,Frozen Fruits,350 gm,1,CBBUR,BEEF BURGERS 56 g.,840 g. x 9,BURGERS,52.73,43.3,85.5,conflict,0.6,,manual_required
13302,31458675,Al Kabeer Punjabi Sambosa 900 gm,Al Kabeer,Samosa-Frozen,Punjabi,"Frozen Pizzas, Wraps, Sandwiches",900 gm,1,CCSAK,12 CHEESE SAMOSAS,240 Gms x 20 Pkts,SAMOSA,54.6,48.65,85.5,conflict,1.69,,manual_required
13334,31497074,"AL KABEER MIXED VEGETABLES, 900gm",Al Kabeer,Mix Vegetables-Frozen,No Variant,Frozen Vegetables,900 gm,1,CFBJ,JUMBO HOTDOGS,400 Gms x 20 Pkts,SAUSAGES,52.16,41.67,85.5,conflict,1.06,,manual_required
13344,31498926,Al Kabeer Paneer Cubes 200 gm,Al Kabeer,Paneer,No Variant,Paneer,200 gm,1,CKCCR,CHICKEN ‘N’ CHEESE RINGS 300,300 gms x 12 pkts,POP-CORN & CHICKEN FRIES,52.79,43.48,85.5,conflict,0.32,,manual_required
13355,31502055,ALKABEER FRENCH FRIES 1000 gm,Al Kabeer,French Fries-Frozen,No Variant,Frozen Fries & Onion Rings,1 kg,1,CCSAKPR,A.K PRO CHEESE SAMOSA,4 X 1.2 KGS,SAMOSA,52.13,41.58,85.5,conflict,0.41,,manual_required
13359,31502991,Al Kabeer BLACKBERRIES / BLUEBERRIES 350 gm,Al Kabeer,Blueberries-Frozen,No Variant,Frozen Fruits,350 gm,1,CBBO,4 BEEF BURGERS,200 Gms x 30 Pkt,BURGERS,52.89,43.75,85.5,conflict,0.86,,manual_required
13369,31505704,Al Kabeer Blackberries / Blueberries (350 gm),Al Kabeer,Blueberries-Frozen,No Variant,Frozen Fruits,350 gm,1,CBBO,4 BEEF BURGERS,200 Gms x 30 Pkt,BURGERS,52.89,43.75,85.5,conflict,0.86,,manual_required
13373,31508447,Alkabeer Paneer Cubes 200 gm,Al Kabeer,Paneer,No Variant,Paneer,200 gm,1,CKCCR,CHICKEN ‘N’ CHEESE RINGS 300,300 gms x 12 pkts,POP-CORN & CHICKEN FRIES,52.79,43.48,85.5,conflict,0.32,,manual_required
13379,31510041,Al Kabeer Jumbo ChickenBurger 1000 gm,Al Kabeer,Chicken Burger-Frozen,Breaded,Frozen Burger,1000 gm,1,CBBO,4 BEEF BURGERS,200 Gms x 30 Pkt,BURGERS,54.89,49.48,85.5,conflict,0.0,,manual_required
13412,31512259,Al Kabeer Paneer Cubes 500 gm,Al Kabeer,Paneer,No Variant,Paneer,500 gm,1,CKCCR,CHICKEN ‘N’ CHEESE RINGS 300,300 gms x 12 pkts,POP-CORN & CHICKEN FRIES,52.03,41.3,85.5,conflict,0.12,,manual_required
13422,31517714,AlKabeer TANDOORI CHICKEN TIKKA 1000 gm,Al Kabeer,Chicken Tikka-Frozen,No Variant,Frozen Barbeque Products,1000 gm,1,CCCB,CHICKEN BIRYANI 400,400 Gms x 12 Pkts,READY2EAT,54.15,47.37,85.5,conflict,2.23,,manual_required
13427,31523624,Al Kabeer Blackberries or Blueberries 350 gm,Al Kabeer,Blueberries-Frozen,No Variant,Frozen Fruits,350 gm,1,CBBO,4 BEEF BURGERS,200 Gms x 30 Pkt,BURGERS,53.13,44.44,85.5,conflict,1.56,,manual_required
13446,31643503,Al Kabeer krazee Chicken Nuggets 750 gm,Al Kabeer,Chicken Nuggets-Frozen,No Variant,Marinated & Breaded,750 gm,1,CFB,BEEF FRANKS,454 Gms x 20 Pkts,SAUSAGES,52.18,41.74,85.5,conflict,0.05,,manual_required
13447,31643509,Al Kabeer Punjabi Sambosa 900 gm,Al Kabeer,Samosa-Frozen,Punjabi,"Frozen Pizzas, Wraps, Sandwiches",900 gm,1,CCSAK,12 CHEESE SAMOSAS,240 Gms x 20 Pkts,SAMOSA,54.6,48.65,85.5,conflict,1.69,,manual_required
13448,31643533,Al Kabeer French Fries 2500 gm,Al Kabeer,French Fries-Frozen,No Variant,Frozen Fries & Onion Rings,2.5 kg,1,CCSK,KIRI CHEESE SAMOSA,20 X 240 GMS,SAMOSA,52.53,42.72,85.5,conflict,0.52,,manual_required
13451,31643562,Al Kabeer Chicken Zing Strips selected 750 gm,Al Kabeer,Chicken Strips-Frozen,No Variant,Zing,750 gm,1,CKSAA,CHICKEN SAMOSAS BULK,1.2 Kgs x 4 Pkts,SAMOSA,52.42,42.42,85.5,conflict,0.02,,manual_required
13455,31643658,Al Kabeer chicken zinger fillets/ Spicy 750 gm,Al Kabeer,Chicken Fillets-Frozen,No Variant,Zing,750 gm,1,CKSAA,CHICKEN SAMOSAS BULK,1.2 Kgs x 4 Pkts,SAMOSA,52.38,42.31,85.5,conflict,0.11,,manual_required
13464,31674162,Al Kabeer Blueberries Frozen Fruits 350 gm,Al Kabeer,Blueberries-Frozen,No Variant,Frozen Fruits,350 gm,1,CBBO,4 BEEF BURGERS,200 Gms x 30 Pkt,BURGERS,52.76,43.37,85.5,conflict,1.0,,manual_required
13475,31684067,Al Kabeer ZING CHICKEN FILLET SPICY / NON-SPICY 750 gm / BUTTER 700 gm,Al Kabeer,Chicken Fillets-Frozen,No Variant,Marinated & Breaded,700 gm,1,CCKSHA,CHICKEN STICK BULK HOT & SPICY,1 kg x 5 Pkts,STICKS & FINGERS,54.96,49.67,85.5,conflict,1.55,,manual_required
13497,31690101,Al Kabeer BLACKBERRIES / BLUEBERRIES 350gm,Al Kabeer,Blueberries-Frozen,No Variant,Frozen Fruits,350 gm,1,CBBO,4 BEEF BURGERS,200 Gms x 30 Pkt,BURGERS,52.42,42.42,85.5,conflict,0.11,,manual_required
13503,31694850,Al Kabeer Blueberries or Blackberries 350 gm,Al Kabeer,Blueberries-Frozen,No Variant,Frozen Fruits,350 gm,1,CBBO,4 BEEF BURGERS,200 Gms x 30 Pkt,BURGERS,53.13,44.44,85.5,conflict,1.56,,manual_required
13521,31695476,AL-KABEER ZING CHICKEN STRIPS (N/SPC) 750gm,Al Kabeer,Chicken Strips-Frozen,No Variant,Marinated & Breaded,750 gm,1,CCCB,CHICKEN BIRYANI 400,400 Gms x 12 Pkts,READY2EAT,53.51,45.53,85.5,conflict,0.44,,manual_required
13523,31695488,ALKABEER FRENCH FRIES 1000 gm,Al Kabeer,French Fries-Frozen,No Variant,Frozen Fries & Onion Rings,1 kg,1,CCSAKPR,A.K PRO CHEESE SAMOSA,4 X 1.2 KGS,SAMOSA,52.13,41.58,85.5,conflict,0.41,,manual_required
13526,31696686,Alkabeer Paneer Cubes 200 gm,Al Kabeer,Paneer,No Variant,Paneer,200 gm,1,CKCCR,CHICKEN ‘N’ CHEESE RINGS 300,300 gms x 12 pkts,POP-CORN & CHICKEN FRIES,52.79,43.48,85.5,conflict,0.32,,manual_required
13530,31699732,Al Kabeer French Fries 2.5kg,Al Kabeer,French Fries-Frozen,No Variant,Frozen Fries & Onion Rings,2.5 kg,1,CFBFA,BREADED FISH FILLET BULK,1 Kgs x 5 Pkts,FILLETS,52.24,41.9,85.5,conflict,0.08,,manual_required
13539,31701453,Al Kabeer Paneer Cubes 200 gm,Al Kabeer,Paneer,No Variant,Paneer,200 gm,1,CKCCR,CHICKEN ‘N’ CHEESE RINGS 300,300 gms x 12 pkts,POP-CORN & CHICKEN FRIES,52.79,43.48,85.5,conflict,0.32,,manual_required
13542,31703745,Alkabeer Paneer Cubes 200 gm,Al Kabeer,Paneer,No Variant,Paneer,200 gm,1,CKCCR,CHICKEN ‘N’ CHEESE RINGS 300,300 gms x 12 pkts,POP-CORN & CHICKEN FRIES,52.79,43.48,85.5,conflict,0.32,,manual_required
13549,31703991,Al Kabeer krazee Chicken Nugts 750 gm,Al Kabeer,Chicken Nuggets-Frozen,No Variant,Marinated & Breaded,750 gm,1,CFB,BEEF FRANKS,454 Gms x 20 Pkts,SAUSAGES,52.04,41.32,85.5,conflict,0.04,,manual_required
13552,31716840,Al Kabeer Paneer Cubes 200 gm,Al Kabeer,Paneer,No Variant,Paneer,200 gm,1,CKCCR,CHICKEN ‘N’ CHEESE RINGS 300,300 gms x 12 pkts,POP-CORN & CHICKEN FRIES,52.79,43.48,85.5,conflict,0.32,,manual_required
13561,31771926,Al Kabeer Zing Chicken Strips Smoked Buffalo/Spicy Sriracha 700 gm,Al Kabeer,Chicken Strips-Frozen,Spicy,Zing,700 gm,1,CCCB,CHICKEN BIRYANI 400,400 Gms x 12 Pkts,READY2EAT,54.6,48.65,85.5,conflict,1.34,,manual_required
13563,31778325,Al Kabeer Vegetable Felafel 1 kg/punjabi samosa 900gm,Al Kabeer,Samosa-Frozen,Punjabi,"Frozen Pizzas, Wraps, Sandwiches",900 gm,1,CBK,BEEF KIBBEH 400,400 Gms x 12 Pkts,KOFTA-KIBBEH-FELAFEL,54.4,48.06,85.5,conflict,1.7,,manual_required
13565,31778346,Al Kabeer Zing Chicken Strips Sriracha/Smoked Buffalo 700 gm,Al Kabeer,Chicken Strips-Frozen,Spicy,Zing,700 gm,1,CKBT,TAYEBAT CHICKEN BURGER,1 Kgs x 9 Pkts,BURGERS,54.45,48.21,85.5,conflict,1.74,,manual_required
13566,31778346,Al Kabeer Zing Chicken Strips Sriracha/Smoked Buffalo 700 gm,Al Kabeer,Chicken Strips-Frozen,No Variant,Zing,700 gm,1,CCCB,CHICKEN BIRYANI 400,400 Gms x 12 Pkts,READY2EAT,53.26,44.83,85.5,conflict,1.69,,manual_required
13568,31778374,Al Kabeer Seasoned Wedges/Waffle Fries 750 gm/potato bites 1kg,Al Kabeer,Potato Wedges-Frozen,No Variant,Frozen Fries & Onion Rings,750 gm,1,CBBOT,TAYEBAT BEEF BURGERS ONION BULK,1 Kgs x 9 Pkts,BURGERS,52.72,43.28,85.5,conflict,0.49,,manual_required
13569,31778374,Al Kabeer Seasoned Wedges/Waffle Fries 750 gm/potato bites 1kg,Al Kabeer,Crisscut Fries-Frozen,No Variant,Frozen Fries & Onion Rings,750 gm,1,CBBOT,TAYEBAT BEEF BURGERS ONION BULK,1 Kgs x 9 Pkts,BURGERS,52.75,43.36,85.5,conflict,0.02,,manual_required
13571,31813875,Al Kabeer blue/Blackberries frozen 350 gm,Al Kabeer,Blueberries-Frozen,No Variant,Frozen Fruits,350 gm,1,CBBUR,BEEF BURGERS 56 g.,840 g. x 9,BURGERS,52.73,43.3,85.5,conflict,0.6,,manual_required
13574,31817216,Al Kabeer Chicken Nuggets / Krazy 750 gm,Al Kabeer,Chicken Nuggets-Frozen,No Variant,Marinated & Breaded,750 gm,1,CFB,BEEF FRANKS,454 Gms x 20 Pkts,SAUSAGES,52.31,42.11,85.5,conflict,0.06,,manual_required
13577,31838752,Al Kabeer Mixed Vegetable 900 gm,Al Kabeer,Mix Vegetables-Frozen,No Variant,Frozen Vegetables,900 gm,1,CFBJ,JUMBO HOTDOGS,400 Gms x 20 Pkts,SAUSAGES,51.85,40.78,85.5,conflict,0.41,,manual_required
13578,31838752,Al Kabeer Mixed Vegetable 900 gm,Al Kabeer,Green/Garden Peas-Frozen,No Variant,Frozen Vegetables,900 gm,1,CFB,BEEF FRANKS,454 Gms x 20 Pkts,SAUSAGES,51.58,40.0,85.5,conflict,0.24,,manual_required
13586,31838854,Al Kabeer Punjabi Samosa 900 gm,Al Kabeer,Samosa-Frozen,Punjabi,"Frozen Pizzas, Wraps, Sandwiches",900 gm,1,CCSAK,12 CHEESE SAMOSAS,240 Gms x 20 Pkts,SAMOSA,53.89,46.6,85.5,conflict,0.67,,manual_required
13597,31847449,Alkabeer FRENCH FRIES 2.5 kg,Al Kabeer,French Fries-Frozen,No Variant,Frozen Fries & Onion Rings,2.5 kg,1,CFBFA,BREADED FISH FILLET BULK,1 Kgs x 5 Pkts,FILLETS,52.24,41.9,85.5,conflict,0.08,,manual_required
13598,31854922,Al Kabeer Paneer Cubes 200 gm,Al Kabeer,Paneer,No Variant,Paneer,200 gm,1,CKCCR,CHICKEN ‘N’ CHEESE RINGS 300,300 gms x 12 pkts,POP-CORN & CHICKEN FRIES,52.79,43.48,85.5,conflict,0.32,,manual_required
13604,31858130,"Al Kabeer VEGETABLE, CHICKEN SAMOSA OR VEGETABLE SPRING ROLLS 240 - 280 gm",Al Kabeer,Samosa-Frozen,Other-Veg,"Frozen Pizzas, Wraps, Sandwiches",280 gm,1,CCCTM,CHICKEN TIKKA MAKHANI & PILAU RICE,450 Gms x 12 Pkts,READY2EAT,54.1,47.2,85.5,conflict,0.41,,manual_required
13605,31858130,"Al Kabeer VEGETABLE, CHICKEN SAMOSA OR VEGETABLE SPRING ROLLS 240 - 280 gm",Al Kabeer,Samosa-Frozen,Chicken,"Frozen Pizzas, Wraps, Sandwiches",280 gm,1,CCF,CHICKEN FRIES,12 PKTS X 400 GRM,POP-CORN & CHICKEN FRIES,54.4,48.06,85.5,conflict,0.6,,manual_required
13606,31858130,"Al Kabeer VEGETABLE, CHICKEN SAMOSA OR VEGETABLE SPRING ROLLS 240 - 280 gm",Al Kabeer,Spring Roll-Frozen,No Variant,"Frozen Pizzas, Wraps, Sandwiches",240 gm,1,CCCTM,CHICKEN TIKKA MAKHANI & PILAU RICE,450 Gms x 12 Pkts,READY2EAT,53.5,45.51,85.5,conflict,0.48,,manual_required
13613,31858216,ALKABEER FRENCH FRIES 1000 gm,Al Kabeer,French Fries-Frozen,No Variant,Frozen Fries & Onion Rings,1 kg,1,CCSAKPR,A.K PRO CHEESE SAMOSA,4 X 1.2 KGS,SAMOSA,52.13,41.58,85.5,conflict,0.41,,manual_required
13616,31858300,ALKABEER FRENCH FRIES 2500 gm,Al Kabeer,French Fries-Frozen,No Variant,Frozen Fries & Onion Rings,2.5 kg,1,CCSK,KIRI CHEESE SAMOSA,20 X 240 GMS,SAMOSA,52.53,42.72,85.5,conflict,0.52,,manual_required
13621,31858847,ALKABEER STRAWBERRIES / MANGO PULP 900 gm / 1000 gm,Al Kabeer,Mango-Frozen,No Variant,Frozen Fruits,1 kg,1,CFBJ,JUMBO HOTDOGS,400 Gms x 20 Pkts,SAUSAGES,52.44,42.48,85.5,conflict,0.2,,manual_required
13622,31858847,ALKABEER STRAWBERRIES / MANGO PULP 900 gm / 1000 gm,Al Kabeer,Strawberry-Frozen,No Variant,Frozen Fruits,900 gm,1,CFBJ,JUMBO HOTDOGS,400 Gms x 20 Pkts,SAUSAGES,52.28,42.02,85.5,conflict,0.2,,manual_required
13623,31862117,Alkabeer Chicken Burger Jumbo 10 pcs 1 kg,Al Kabeer,Chicken Burger-Frozen,Unbreaded,Frozen Burger,1 kg,1,CFBJ,JUMBO HOTDOGS,400 Gms x 20 Pkts,SAUSAGES,54.89,49.48,85.5,conflict,0.21,,manual_required
13631,31862446,Al Kabeer French Fries 2500 gm,Al Kabeer,French Fries-Frozen,No Variant,Frozen Fries & Onion Rings,2.5 kg,1,CCSK,KIRI CHEESE SAMOSA,20 X 240 GMS,SAMOSA,52.53,42.72,85.5,conflict,0.52,,manual_required
13633,31863724,Al Kabeer Zing Shrimps / Fish Fillets 750 gm,Al Kabeer,Zing Fish Fillet,No Variant,Breaded Seafood,750 gm,1,CBBO,4 BEEF BURGERS,200 Gms x 30 Pkt,BURGERS,50.78,37.74,85.5,conflict,0.05,,manual_required
13646,31864710,Al Kabeer Chicken Pop Corn (750 gm),Al Kabeer,Chicken Popcorn-Frozen,No Variant,Marinated & Breaded,750 gm,1,CKCKB,CHICKEN BURGERS 56 g,840 g. x 9,BURGERS,51.89,40.91,85.5,conflict,0.06,,manual_required
13651,31865331,AL KABEER Blackberries / Blueberries 350 gm,Al Kabeer,Blueberries-Frozen,No Variant,Frozen Fruits,350 gm,1,CBBO,4 BEEF BURGERS,200 Gms x 30 Pkt,BURGERS,52.89,43.75,85.5,conflict,0.86,,manual_required
13656,31867323,AL KABEER FRENCH FRIES 2.5 kg,Al Kabeer,French Fries-Frozen,No Variant,Frozen Fries & Onion Rings,2.5 kg,1,CFBFA,BREADED FISH FILLET BULK,1 Kgs x 5 Pkts,FILLETS,52.24,41.9,85.5,conflict,0.08,,manual_required
13664,31868352,Al Kabeer White Fish Fillets 1000 gm,Al Kabeer,White fish Fillet,No Variant,Frozen Seafood,1000 gm,1,CMBAK,MEAT BALLS,300 Gms x 20 Pkts,MEAT BALLS,51.58,40.0,85.5,conflict,0.27,,manual_required
13666,31868354,Al Kabeer Blackberries/Blueberries 350 gm,Al Kabeer,Blueberries-Frozen,No Variant,Frozen Fruits,350 gm,1,CBBO,4 BEEF BURGERS,200 Gms x 30 Pkt,BURGERS,52.89,43.75,85.5,conflict,0.86,,manual_required
13669,31868357,Al Kabeer French Fries 2500 gm,Al Kabeer,French Fries-Frozen,No Variant,Frozen Fries & Onion Rings,2.5 kg,1,CCSK,KIRI CHEESE SAMOSA,20 X 240 GMS,SAMOSA,52.53,42.72,85.5,conflict,0.52,,manual_required
13670,31868358,Al Kabeer Kraze Chicken Nuggets 750 gm,Al Kabeer,Chicken Nuggets-Frozen,No Variant,Marinated & Breaded,750 gm,1,CKBCS,BEEF COCKTAIL SAUSAGES,400 Gms x 20 Pkts,SAUSAGES,52.66,43.1,85.5,conflict,0.35,,manual_required
13674,31869474,Al Kabeer Kraze Chicken Nuggets 750 gm,Al Kabeer,Chicken Nuggets-Frozen,No Variant,Marinated & Breaded,750 gm,1,CKBCS,BEEF COCKTAIL SAUSAGES,400 Gms x 20 Pkts,SAUSAGES,52.66,43.1,85.5,conflict,0.35,,manual_required
13675,31869476,Al Kabeer Tender Chicken Breast 1000 gm,Al Kabeer,Chicken Breast-Frozen,No Variant,Frozen Chicken Parts,1 kg,1,CBBO,4 BEEF BURGERS,200 Gms x 30 Pkt,BURGERS,51.86,40.82,85.5,conflict,0.01,,manual_required
13677,31870169,Al Kabeer Kroze Chicken Nuggets 750 gm,Al Kabeer,Chicken Nuggets-Frozen,No Variant,Marinated & Breaded,750 gm,1,CKBCS,BEEF COCKTAIL SAUSAGES,400 Gms x 20 Pkts,SAUSAGES,52.66,43.1,85.5,conflict,0.35,,manual_required
13683,31870494,Al Kabeer Breaded Chicken Fillet 750 gm,Al Kabeer,Chicken Fillets-Frozen,Spicy,Marinated & Breaded,750 gm,1,CKJCNA,JUMBO CHICKEN NUGGETS,1 Kgs x 5 Pkts,NUGGETS,52.82,43.56,85.5,conflict,0.25,,manual_required
13686,31870592,Al Kabeer French Fries 2.5 kg,Al Kabeer,French Fries-Frozen,No Variant,Frozen Fries & Onion Rings,2.5 kg,1,CFBFA,BREADED FISH FILLET BULK,1 Kgs x 5 Pkts,FILLETS,52.24,41.9,85.5,conflict,0.08,,manual_required
13692,31872024,Al Kabeer Chicken breast boneless 1000 gm,Al Kabeer,Chicken Breast-Frozen,No Variant,Frozen Chicken Parts,1000 gm,1,CBBO,4 BEEF BURGERS,200 Gms x 30 Pkt,BURGERS,54.52,48.42,85.5,conflict,1.32,,manual_required
13693,31872919,Al Kabeer French Fries 2.5 kg,Al Kabeer,French Fries-Frozen,No Variant,Frozen Fries & Onion Rings,2.5 kg,1,CFBFA,BREADED FISH FILLET BULK,1 Kgs x 5 Pkts,FILLETS,52.24,41.9,85.5,conflict,0.08,,manual_required
13700,31873740,"Al Kabeer, frozen bobby veal meat 907 gm",Al Kabeer,Bobby Veal-Frozen,No Variant,Other Frozen Meat,907 gm,1,CFB,BEEF FRANKS,454 Gms x 20 Pkts,SAUSAGES,54.31,47.83,85.5,conflict,1.27,,manual_required
13710,31874786,Al Kabeer Mixed Vegetables with Corn 900 gm,Al Kabeer,Mix Vegetables-Frozen,No Variant,Frozen Vegetables,900 gm,1,CFBJ,JUMBO HOTDOGS,400 Gms x 20 Pkts,SAUSAGES,51.85,40.78,85.5,conflict,0.27,,manual_required
13713,31874789,Al Kabeer Zing Chicken Fillets assorted 750 gm,Al Kabeer,Chicken Fillets-Frozen,No Variant,Zing,750 gm,1,CKN,CHICKEN NUGGETS,270 Gms x 20 Pkts,NUGGETS,54.69,48.89,85.5,conflict,1.2,,manual_required
13717,31874792,Al Kabeer Chicken Nuggets 2x400 gm,Al Kabeer,Chicken Nuggets-Frozen,No Variant,Marinated & Breaded,2x400 gm,1,CBBO,4 BEEF BURGERS,200 Gms x 30 Pkt,BURGERS,53.42,45.28,85.5,conflict,0.15,,manual_required
13738,31990961,Al Kabeer paratha plain or malabar 3x400 gm,Al Kabeer,Paratha-Frozen,No Variant,Frozen Pranthas,3x400 gm,1,CBBO,4 BEEF BURGERS,200 Gms x 30 Pkt,BURGERS,52.67,43.14,85.5,conflict,0.84,,manual_required
13750,32034041,Al Kabeer French Fries 2500 gm,Al Kabeer,French Fries-Frozen,No Variant,Frozen Fries & Onion Rings,2.5 kg,1,CCSK,KIRI CHEESE SAMOSA,20 X 240 GMS,SAMOSA,52.53,42.72,85.5,conflict,0.52,,manual_required
13766,32059560,Al Kabeer Chicken Nuggets 2x400 gm,Al Kabeer,Chicken Nuggets-Frozen,No Variant,Marinated & Breaded,2x400 gm,1,CBBO,4 BEEF BURGERS,200 Gms x 30 Pkt,BURGERS,53.42,45.28,85.5,conflict,0.15,,manual_required
13778,32059696,Al Kabeer Mixed Vegetables with Corn 900 gm,Al Kabeer,Mix Vegetables-Frozen,No Variant,Frozen Vegetables,900 gm,1,CFBJ,JUMBO HOTDOGS,400 Gms x 20 Pkts,SAUSAGES,51.85,40.78,85.5,conflict,0.27,,manual_required
13779,32065275,Al Kabeer Seasoned Wedges/Waffle Shape Fries 750 gm/Potato Bites 1 kg,Al Kabeer,Crisscut Fries-Frozen,No Variant,Frozen Fries & Onion Rings,750 gm,1,BF,BEEF TENDERLOIN/FILLET,20 KGS,MEAT-INDIAN-TRD,52.61,42.94,85.5,conflict,0.47,,manual_required
13781,32065275,Al Kabeer Seasoned Wedges/Waffle Shape Fries 750 gm/Potato Bites 1 kg,Al Kabeer,Potato Wedges-Frozen,No Variant,Frozen Fries & Onion Rings,750 gm,1,CBBOT,TAYEBAT BEEF BURGERS ONION BULK,1 Kgs x 9 Pkts,BURGERS,53.08,44.29,85.5,conflict,0.95,,manual_required
13785,32077261,ALKABEER GREEN PEAS / MIXED VEGETABLE 900 gm,Al Kabeer,Green/Garden Peas-Frozen,No Variant,Frozen Vegetables,900 gm,1,CFBF,BREADED FISH FILLET,330 Gms x 20 Pkts,FILLETS,52.14,41.6,85.5,conflict,0.56,,manual_required
13786,32077261,ALKABEER GREEN PEAS / MIXED VEGETABLE 900 gm,Al Kabeer,Mix Vegetables-Frozen,No Variant,Frozen Vegetables,900 gm,1,CFBJ,JUMBO HOTDOGS,400 Gms x 20 Pkts,SAUSAGES,51.7,40.35,85.5,conflict,0.0,,manual_required
13790,32077313,Al Kabeer BREADED CHICKEN FILLET PLAIN / HOT & SPICY 750 gm,Al Kabeer,Chicken Fillets-Frozen,No Variant,Marinated & Breaded,750 gm,1,CCKSB,CHICKEN STICKS BULK,1 Kgs x 5 Pkts,STICKS & FINGERS,54.11,47.24,85.5,conflict,0.1,,manual_required
13794,32077896,Al Kabeer STUFFED FELAFEL 750 gm,Al Kabeer,Falafel-Frozen,Stuffed,"Frozen Pizzas, Wraps, Sandwiches",750 gm,1,CFB,BEEF FRANKS,454 Gms x 20 Pkts,SAUSAGES,51.31,39.25,85.5,conflict,1.24,,manual_required
13803,32093143,"Al Kabeer PUNJABI SAMOSA, 900 gm ",Al Kabeer,Samosa-Frozen,Punjabi,"Frozen Pizzas, Wraps, Sandwiches",900 gm,1,CCSAK,12 CHEESE SAMOSAS,240 Gms x 20 Pkts,SAMOSA,53.89,46.6,85.5,conflict,0.67,,manual_required
13804,32094786,Al Kabeer Strawberry 900 gm / Mango Pulp 1000gm,Al Kabeer,Mango-Frozen,No Variant,Frozen Fruits,1 kg,1,CFBJ,JUMBO HOTDOGS,400 Gms x 20 Pkts,SAUSAGES,52.31,42.11,85.5,conflict,0.21,,manual_required
13805,32094786,Al Kabeer Strawberry 900 gm / Mango Pulp 1000gm,Al Kabeer,Strawberry-Frozen,No Variant,Frozen Fruits,900 gm,1,CFBJ,JUMBO HOTDOGS,400 Gms x 20 Pkts,SAUSAGES,52.99,44.04,85.5,conflict,0.17,,manual_required
13806,32094788,Al-Kabeer ZING CHICKEN STRIPS 750 gm,Al Kabeer,Chicken Strips-Frozen,Spicy,Marinated & Breaded,750 gm,1,CKJCNA,JUMBO CHICKEN NUGGETS,1 Kgs x 5 Pkts,NUGGETS,53.29,44.9,85.5,conflict,0.24,,manual_required
13807,32094788,Al-Kabeer ZING CHICKEN STRIPS 750 gm,Al Kabeer,Chicken Strips-Frozen,No Variant,Marinated & Breaded,750 gm,1,CFBF,BREADED FISH FILLET,330 Gms x 20 Pkts,FILLETS,53.07,44.26,85.5,conflict,0.01,,manual_required
13813,32094865,ALKABEER ZING CHIKEN FILLET/(N/SPC) 750 gm,Al Kabeer,Chicken Fillets-Frozen,No Variant,Zing,750 gm,1,CKSAPR,AK PRO CHICKEN SAMOSA,4 X 1.2 KGS,SAMOSA,52.62,42.99,85.5,conflict,0.38,,manual_required
13816,32098544,Al Kabeer French Fries 2.5 kg,Al Kabeer,French Fries-Frozen,No Variant,Frozen Fries & Onion Rings,2.5 kg,1,CFBFA,BREADED FISH FILLET BULK,1 Kgs x 5 Pkts,FILLETS,52.24,41.9,85.5,conflict,0.08,,manual_required
13817,32098553,Al Kabeer Blueberries / Blackberries (350 gm),Al Kabeer,Blueberries-Frozen,No Variant,Frozen Fruits,350 gm,1,CBBO,4 BEEF BURGERS,200 Gms x 30 Pkt,BURGERS,52.89,43.75,85.5,conflict,0.86,,manual_required
13827,32100107,Al Kabeer BLACBERRIES / BLUEBERRIES 350 gm,Al Kabeer,Blueberries-Frozen,No Variant,Frozen Fruits,350 gm,1,CBBO,4 BEEF BURGERS,200 Gms x 30 Pkt,BURGERS,53.05,44.21,85.5,conflict,0.86,,manual_required
13830,32102970,Al Kabeer Paneer Cubes 200 gm,Al Kabeer,Paneer,No Variant,Paneer,200 gm,1,CKCCR,CHICKEN ‘N’ CHEESE RINGS 300,300 gms x 12 pkts,POP-CORN & CHICKEN FRIES,52.79,43.48,85.5,conflict,0.32,,manual_required
13834,32103764,Al Kabeer Paneer Cubes 200 gm,Al Kabeer,Paneer,No Variant,Paneer,200 gm,1,CKCCR,CHICKEN ‘N’ CHEESE RINGS 300,300 gms x 12 pkts,POP-CORN & CHICKEN FRIES,52.79,43.48,85.5,conflict,0.32,,manual_required
13842,32104664,AL KABEER CHICKEN POPCORN 750 gm,Al Kabeer,Chicken Popcorn-Frozen,No Variant,Marinated & Breaded,750 gm,1,CKJCNA,JUMBO CHICKEN NUGGETS,1 Kgs x 5 Pkts,NUGGETS,53.13,44.44,85.5,conflict,0.65,,manual_required
13847,32105176,Al Kabeer Chicken n Cheese Rings 300 gm,Al Kabeer,Chicken Cheese Stick-Frozen,No Variant,Frozen Barbeque Products,300 gm,1,CCSRA,8 CHEESE SPRING ROLLS,240 Gms x 20 Pkts,SPRING ROLL,54.51,48.39,85.5,conflict,0.21,,manual_required
13858,32118202,Al Kabeer Paneer Cubes 500 gm,Al Kabeer,Paneer,No Variant,Paneer,500 gm,1,CKCCR,CHICKEN ‘N’ CHEESE RINGS 300,300 gms x 12 pkts,POP-CORN & CHICKEN FRIES,52.03,41.3,85.5,conflict,0.12,,manual_required
13861,32135754,Al Kabeer Zing Chicken Fillets (700/750 gm),Al Kabeer,Chicken Fillets-Frozen,No Variant,Zing,750 gm,1,CKSK,SHISH KEBAB,600 Gms x 12 Pkts,KEBAB,54.09,47.19,85.5,conflict,0.36,,manual_required
13863,32198023,Al Kabeer Zing Chicken Strips Non Spicy / Spicy 750 gm,Al Kabeer,Chicken Strips-Frozen,No Variant,Zing,750 gm,1,CKJCNA,JUMBO CHICKEN NUGGETS,1 Kgs x 5 Pkts,NUGGETS,52.19,41.76,85.5,conflict,0.3,,manual_required
13866,32225985,Al Kabeer Chicken Nuggets/Strips/Fillet selected 750 gm,Al Kabeer,Chicken Strips-Frozen,No Variant,Zing,750 gm,1,CFBF,BREADED FISH FILLET,330 Gms x 20 Pkts,FILLETS,52.82,43.55,85.5,conflict,1.63,,manual_required
13867,32225985,Al Kabeer Chicken Nuggets/Strips/Fillet selected 750 gm,Al Kabeer,Chicken Fillets-Frozen,No Variant,Marinated & Breaded,750 gm,1,CCKSB,CHICKEN STICKS BULK,1 Kgs x 5 Pkts,STICKS & FINGERS,54.17,47.41,85.5,conflict,0.68,,manual_required
13868,32225985,Al Kabeer Chicken Nuggets/Strips/Fillet selected 750 gm,Al Kabeer,Chicken Nuggets-Frozen,No Variant,Marinated & Breaded,750 gm,1,CCKSB,CHICKEN STICKS BULK,1 Kgs x 5 Pkts,STICKS & FINGERS,54.66,48.82,85.5,conflict,0.55,,manual_required
13873,32254164,AL KABEER ZING FISH FILLET MILD SPICY 750 gm,Al Kabeer,Zing Fish Fillet,No Variant,Breaded Seafood,750 gm,1,CFB,BEEF FRANKS,454 Gms x 20 Pkts,SAUSAGES,52.62,42.99,85.5,conflict,0.49,,manual_required
13875,32254167,AL KABEER ZING CHICKEN FILLETS CATERING SPICY 750 gm,Al Kabeer,Chicken Fillets-Frozen,Spicy,Zing,750 gm,1,CKCKB,CHICKEN BURGERS 56 g,840 g. x 9,BURGERS,54.44,48.19,85.5,conflict,0.59,,manual_required
13876,32254168,AL KABEER PUNJABI SAMOSA 900 gm,Al Kabeer,Samosa-Frozen,Punjabi,"Frozen Pizzas, Wraps, Sandwiches",900 gm,1,CCSAK,12 CHEESE SAMOSAS,240 Gms x 20 Pkts,SAMOSA,53.89,46.6,85.5,conflict,0.67,,manual_required
13880,32262852,Al Kabeer ZING CHICKEN FILLET SPICY / NON-SPICY 750 gm / BUTTER 700 gm,Al Kabeer,Chicken Fillets-Frozen,No Variant,Marinated & Breaded,700 gm,1,CCKSHA,CHICKEN STICK BULK HOT & SPICY,1 kg x 5 Pkts,STICKS & FINGERS,54.96,49.67,85.5,conflict,1.55,,manual_required
13888,32263776,Al Kabeer Paneer Cubes 200 gm,Al Kabeer,Paneer,No Variant,Paneer,200 gm,1,CKCCR,CHICKEN ‘N’ CHEESE RINGS 300,300 gms x 12 pkts,POP-CORN & CHICKEN FRIES,52.79,43.48,85.5,conflict,0.32,,manual_required
13903,32265614,"Al Kabeer MIXED VEGETABLES OR GREEN PEAS, 900 gm",Al Kabeer,Mix Vegetables-Frozen,No Variant,Frozen Vegetables,900 gm,1,CFBJ,JUMBO HOTDOGS,400 Gms x 20 Pkts,SAUSAGES,52.62,42.99,85.5,conflict,0.38,,manual_required
13904,32265614,"Al Kabeer MIXED VEGETABLES OR GREEN PEAS, 900 gm",Al Kabeer,Green/Garden Peas-Frozen,No Variant,Frozen Vegetables,900 gm,1,CFB,BEEF FRANKS,454 Gms x 20 Pkts,SAUSAGES,52.48,42.59,85.5,conflict,0.27,,manual_required
13905,32265798,"ALKABEER ZING NON SPICY OR SPICY CHICKEN STRIPS, 750gm",Al Kabeer,Chicken Strips-Frozen,Spicy,Zing,750 gm,1,CKCKB,CHICKEN BURGERS 56 g,840 g. x 9,BURGERS,53.6,45.78,85.5,conflict,0.56,,manual_required
13906,32265798,"ALKABEER ZING NON SPICY OR SPICY CHICKEN STRIPS, 750gm",Al Kabeer,Chicken Strips-Frozen,No Variant,Zing,750 gm,1,CKBT,TAYEBAT CHICKEN BURGER,1 Kgs x 9 Pkts,BURGERS,53.63,45.87,85.5,conflict,2.85,,manual_required
13907,32267185,ALKABEER FRENCH FRIES 2500 gm,Al Kabeer,French Fries-Frozen,No Variant,Frozen Fries & Onion Rings,2.5 kg,1,CCSK,KIRI CHEESE SAMOSA,20 X 240 GMS,SAMOSA,52.53,42.72,85.5,conflict,0.52,,manual_required
13910,32267224,ALKABEER TENDER CHICKEN BREAST 1000gm,Al Kabeer,Chicken Breast-Frozen,No Variant,Frozen Chicken Parts,1000 gm,1,CFBF,BREADED FISH FILLET,330 Gms x 20 Pkts,FILLETS,52.58,42.86,85.5,conflict,0.19,,manual_required
13911,32267233,Al Kabeer Hash Browns 2.5kg,Al Kabeer,Hash browns,No Variant,Frozen Potato/ Fries/ Onion rings,2.5 kg,1,SFM,FISH MILK,1 kg x 10 Pkts,TRADING-FISH,51.97,41.12,85.5,conflict,0.8,,manual_required
13912,32267252,Al Kabeer CRAZY CHICKEN NUGGETS/BREADED CHICKEN FILLET /ZING CHICKEN STRIPS 750gm,Al Kabeer,Chicken Strips-Frozen,No Variant,Zing,750 gm,1,CCF,CHICKEN FRIES,12 PKTS X 400 GRM,POP-CORN & CHICKEN FRIES,54.08,47.15,85.5,conflict,0.13,,manual_required
13913,32267252,Al Kabeer CRAZY CHICKEN NUGGETS/BREADED CHICKEN FILLET /ZING CHICKEN STRIPS 750gm,Al Kabeer,Chicken Fillets-Frozen,No Variant,Marinated & Breaded,750 gm,1,CCCTM,CHICKEN TIKKA MAKHANI & PILAU RICE,450 Gms x 12 Pkts,READY2EAT,53.92,46.71,85.5,conflict,0.9,,manual_required
13914,32267252,Al Kabeer CRAZY CHICKEN NUGGETS/BREADED CHICKEN FILLET /ZING CHICKEN STRIPS 750gm,Al Kabeer,Chicken Nuggets-Frozen,No Variant,Marinated & Breaded,750 gm,1,CCCTM,CHICKEN TIKKA MAKHANI & PILAU RICE,450 Gms x 12 Pkts,READY2EAT,54.3,47.8,85.5,conflict,0.89,,manual_required
13927,32272416,Al Kabeer BLACBERRIES / BLUEBERRIES 350 gm,Al Kabeer,Blueberries-Frozen,No Variant,Frozen Fruits,350 gm,1,CBBO,4 BEEF BURGERS,200 Gms x 30 Pkt,BURGERS,53.05,44.21,85.5,conflict,0.86,,manual_required
13932,32276800,Al Kabeer French Fries 2500 gm,Al Kabeer,French Fries-Frozen,No Variant,Frozen Fries & Onion Rings,2.5 kg,1,CCSK,KIRI CHEESE SAMOSA,20 X 240 GMS,SAMOSA,52.53,42.72,85.5,conflict,0.52,,manual_required
13945,32277476,Al Kabeer Tender Chicken Breast 1000 gm,Al Kabeer,Chicken Breast-Frozen,No Variant,Frozen Chicken Parts,1 kg,1,CBBO,4 BEEF BURGERS,200 Gms x 30 Pkt,BURGERS,51.86,40.82,85.5,conflict,0.01,,manual_required
13953,32279827,Al Kabeer Paneer Cubes 500 gm,Al Kabeer,Paneer,No Variant,Paneer,500 gm,1,CKCCR,CHICKEN ‘N’ CHEESE RINGS 300,300 gms x 12 pkts,POP-CORN & CHICKEN FRIES,52.03,41.3,85.5,conflict,0.12,,manual_required
13955,32280265,Al Kabeer Zing Chicken Strips/Fillets Plain/Spicy 700/750 gm,Al Kabeer,Chicken Fillets-Frozen,No Variant,Zing,750 gm,1,CFBF,BREADED FISH FILLET,330 Gms x 20 Pkts,FILLETS,53.95,46.77,85.5,conflict,0.08,,manual_required
13956,32280265,Al Kabeer Zing Chicken Strips/Fillets Plain/Spicy 700/750 gm,Al Kabeer,Chicken Fillets-Frozen,No Variant,Zing,700 gm,1,CFBF,BREADED FISH FILLET,330 Gms x 20 Pkts,FILLETS,53.95,46.77,85.5,conflict,0.08,,manual_required
13957,32280265,Al Kabeer Zing Chicken Strips/Fillets Plain/Spicy 700/750 gm,Al Kabeer,Chicken Strips-Frozen,No Variant,Zing,700 gm,1,CFBF,BREADED FISH FILLET,330 Gms x 20 Pkts,FILLETS,53.95,46.77,85.5,conflict,0.08,,manual_required
13958,32280265,Al Kabeer Zing Chicken Strips/Fillets Plain/Spicy 700/750 gm,Al Kabeer,Chicken Nuggets-Frozen,No Variant,Marinated & Breaded,750 gm,1,CCMSA,MOZZARELLA CHEESE STICKS,1000G X 5 Pkts,STICKS & FINGERS,54.85,49.37,85.5,conflict,0.28,,manual_required
13959,32280265,Al Kabeer Zing Chicken Strips/Fillets Plain/Spicy 700/750 gm,Al Kabeer,Chicken Strips-Frozen,No Variant,Zing,750 gm,1,CFBF,BREADED FISH FILLET,330 Gms x 20 Pkts,FILLETS,53.95,46.77,85.5,conflict,0.08,,manual_required
13960,32281457,Al Kabeer Breaded Chicken Fillet 750 gm,Al Kabeer,Chicken Fillets-Frozen,Spicy,Marinated & Breaded,750 gm,1,CKJCNA,JUMBO CHICKEN NUGGETS,1 Kgs x 5 Pkts,NUGGETS,52.82,43.56,85.5,conflict,0.25,,manual_required
13962,32283333,Al Kabeer Zing Chicken Strips/Fillets Plain/Spicy 700/750 gm,Al Kabeer,Chicken Strips-Frozen,Spicy,Zing,700 gm,1,CFBF,BREADED FISH FILLET,330 Gms x 20 Pkts,FILLETS,54.3,47.79,85.5,conflict,1.39,,manual_required
13963,32283333,Al Kabeer Zing Chicken Strips/Fillets Plain/Spicy 700/750 gm,Al Kabeer,Chicken Strips-Frozen,No Variant,Zing,750 gm,1,CFBF,BREADED FISH FILLET,330 Gms x 20 Pkts,FILLETS,53.95,46.77,85.5,conflict,0.08,,manual_required
13964,32283333,Al Kabeer Zing Chicken Strips/Fillets Plain/Spicy 700/750 gm,Al Kabeer,Chicken Strips-Frozen,No Variant,Zing,700 gm,1,CFBF,BREADED FISH FILLET,330 Gms x 20 Pkts,FILLETS,53.95,46.77,85.5,conflict,0.08,,manual_required
13965,32283333,Al Kabeer Zing Chicken Strips/Fillets Plain/Spicy 700/750 gm,Al Kabeer,Chicken Strips-Frozen,Spicy,Zing,750 gm,1,CFBF,BREADED FISH FILLET,330 Gms x 20 Pkts,FILLETS,54.3,47.79,85.5,conflict,1.39,,manual_required
13966,32284595,Al Kabeer Zing Fish Fillet Spicy 750 gm,Al Kabeer,Zing Fish Fillet,No Variant,Breaded Seafood,750 gm,1,CMBAK,MEAT BALLS,300 Gms x 20 Pkts,MEAT BALLS,52.86,43.68,85.5,conflict,0.19,,manual_required
13967,32285026,Al Kabeer frozen bobby veal meat 907 gm,Al Kabeer,Bobby Veal-Frozen,No Variant,Other Frozen Meat,907 gm,1,CFB,BEEF FRANKS,454 Gms x 20 Pkts,SAUSAGES,54.31,47.83,85.5,conflict,1.27,,manual_required
13968,32285051,Al Kabeer Paneer Cubes 200 gm,Al Kabeer,Paneer,No Variant,Paneer,200 gm,1,CKCCR,CHICKEN ‘N’ CHEESE RINGS 300,300 gms x 12 pkts,POP-CORN & CHICKEN FRIES,52.79,43.48,85.5,conflict,0.32,,manual_required
13975,32285819,Al Kabeer Chicken breast boneless 1000 gm,Al Kabeer,Chicken Breast-Frozen,No Variant,Frozen Chicken Parts,1 kg,1,CBBO,4 BEEF BURGERS,200 Gms x 30 Pkt,BURGERS,54.38,48.0,85.5,conflict,0.17,,manual_required
13976,32285836,Al Kabeer Zing / Butter Zing Chicken Fillets 750 gm,Al Kabeer,Chicken Fillets-Frozen,No Variant,Zing,750 gm,1,CKCKB,CHICKEN BURGERS 56 g,840 g. x 9,BURGERS,54.67,48.84,85.5,conflict,0.58,,manual_required
13979,32285940,Al Kabeer French Fries 2.5 kg,Al Kabeer,French Fries-Frozen,No Variant,Frozen Fries & Onion Rings,2.5 kg,1,CFBFA,BREADED FISH FILLET BULK,1 Kgs x 5 Pkts,FILLETS,52.24,41.9,85.5,conflict,0.08,,manual_required
13992,32295550,al kabeer Punjabi Samosa 900 gm,Al Kabeer,Samosa-Frozen,Punjabi,"Frozen Pizzas, Wraps, Sandwiches",900 gm,1,CCSAK,12 CHEESE SAMOSAS,240 Gms x 20 Pkts,SAMOSA,53.89,46.6,85.5,conflict,0.67,,manual_required
13995,32304745,al kabeer Punjabi Samosa 900 gm,Al Kabeer,Samosa-Frozen,Punjabi,"Frozen Pizzas, Wraps, Sandwiches",900 gm,1,CCSAK,12 CHEESE SAMOSAS,240 Gms x 20 Pkts,SAMOSA,53.89,46.6,85.5,conflict,0.67,,manual_required
14000,32304790,Al Kabeer Zing Chicken Strips /Spicy 750 gm,Al Kabeer,Chicken Strips-Frozen,No Variant,Zing,750 gm,1,CKSK,SHISH KEBAB,600 Gms x 12 Pkts,KEBAB,54.69,48.89,85.5,conflict,2.65,,manual_required
14004,32329869,Al Kabeer Butter Chicken Zing Fillets - Mild Spicy 700gm,Al Kabeer,Chicken Fillets-Frozen,Spicy,Zing,700 gm,1,CKJCNA,JUMBO CHICKEN NUGGETS,1 Kgs x 5 Pkts,NUGGETS,54.31,47.83,85.5,conflict,1.01,,manual_required
14005,32329893,Al Kabeer Seasoned Wedges 750 gm/Waffle Fries 750gm/Potato Bites 1000gm,Al Kabeer,Crisscut Fries-Frozen,No Variant,Frozen Fries & Onion Rings,750 gm,1,CCF,CHICKEN FRIES,12 PKTS X 400 GRM,POP-CORN & CHICKEN FRIES,53.4,45.21,85.5,conflict,0.82,,manual_required
14006,32329893,Al Kabeer Seasoned Wedges 750 gm/Waffle Fries 750gm/Potato Bites 1000gm,Al Kabeer,Potato Wedges-Frozen,No Variant,Frozen Fries & Onion Rings,750 gm,1,CCF,CHICKEN FRIES,12 PKTS X 400 GRM,POP-CORN & CHICKEN FRIES,53.41,45.26,85.5,conflict,0.87,,manual_required
14008,32329915,Al Kabeer Zing Chicken Fillets (Spicy / Non Spicy) 750 gm,Al Kabeer,Chicken Fillets-Frozen,No Variant,Zing,750 gm,1,CFBF,BREADED FISH FILLET,330 Gms x 20 Pkts,FILLETS,53.34,45.05,85.5,conflict,1.24,,manual_required
14010,32329920,Al Kabeer Zing Chicken Strips (Spicy Sriracha / Smoked Buffalo Flavour) 700gm,Al Kabeer,Chicken Strips-Frozen,No Variant,Zing,700 gm,1,CCF,CHICKEN FRIES,12 PKTS X 400 GRM,POP-CORN & CHICKEN FRIES,54.01,46.97,85.5,conflict,0.99,,manual_required
14011,32329920,Al Kabeer Zing Chicken Strips (Spicy Sriracha / Smoked Buffalo Flavour) 700gm,Al Kabeer,Chicken Strips-Frozen,Spicy,Zing,700 gm,1,CCMSA,MOZZARELLA CHEESE STICKS,1000G X 5 Pkts,STICKS & FINGERS,54.29,47.76,85.5,conflict,0.42,,manual_required
14012,32329984,Al Kabeer Tempura Chicken Nuggets - Non Spicy 750gm,Al Kabeer,Chicken Nuggets-Frozen,No Variant,Marinated & Breaded,750 gm,1,CCKSB,CHICKEN STICKS BULK,1 Kgs x 5 Pkts,STICKS & FINGERS,53.25,44.8,85.5,conflict,0.18,,manual_required
14014,32329997,Al Kabeer Zing Chicken Strips (Spicy / Non Spicy) 750 gm,Al Kabeer,Chicken Strips-Frozen,No Variant,Zing,750 gm,1,CKJCNA,JUMBO CHICKEN NUGGETS,1 Kgs x 5 Pkts,NUGGETS,52.19,41.76,85.5,conflict,0.3,,manual_required
14022,32341403,Al Kabeer Vegetable Samosas 480gm/Spring Roll Chicken/Vegetable 560gm,Al Kabeer,Spring Roll-Frozen,No Variant,"Frozen Pizzas, Wraps, Sandwiches",560 gm,1,CCCTM,CHICKEN TIKKA MAKHANI & PILAU RICE,450 Gms x 12 Pkts,READY2EAT,53.56,45.68,85.5,conflict,0.99,,manual_required
14024,32418426,Al Kabeer French Fries 2500 gm,Al Kabeer,French Fries-Frozen,No Variant,Frozen Fries & Onion Rings,2.5 kg,1,CCSK,KIRI CHEESE SAMOSA,20 X 240 GMS,SAMOSA,52.53,42.72,85.5,conflict,0.52,,manual_required
14033,32423382,Al Kabeer Chicken Popcorn 750gm,Al Kabeer,Chicken Popcorn-Frozen,No Variant,Marinated & Breaded,750 gm,1,CKJCNA,JUMBO CHICKEN NUGGETS,1 Kgs x 5 Pkts,NUGGETS,52.67,43.14,85.5,conflict,0.25,,manual_required
14058,32462048,ALKABEER FRENCH FRIES 2500 gm,Al Kabeer,French Fries-Frozen,No Variant,Frozen Fries & Onion Rings,2.5 kg,1,CCSK,KIRI CHEESE SAMOSA,20 X 240 GMS,SAMOSA,52.53,42.72,85.5,conflict,0.52,,manual_required
14061,32462095,AL KABEER CRAZY CHICKEN NUGGETS 750 gm,Al Kabeer,Chicken Nuggets-Frozen,No Variant,Marinated & Breaded,750 gm,1,CKBCS,BEEF COCKTAIL SAUSAGES,400 Gms x 20 Pkts,SAUSAGES,53.26,44.83,85.5,conflict,0.95,,manual_required
14065,32462136,AL KABEER HASH BROWNS 2.5 kg,Al Kabeer,Hash browns,No Variant,Frozen Potato/ Fries/ Onion rings,2.5 kg,1,SFM,FISH MILK,1 kg x 10 Pkts,TRADING-FISH,51.97,41.12,85.5,conflict,0.8,,manual_required
14066,32462138,ALKABEER FRENCH FRIES 1000 gm,Al Kabeer,French Fries-Frozen,No Variant,Frozen Fries & Onion Rings,1 kg,1,CCSAKPR,A.K PRO CHEESE SAMOSA,4 X 1.2 KGS,SAMOSA,52.13,41.58,85.5,conflict,0.41,,manual_required
14067,32466925,Al Kabeer Paneer Cubes 200 gm,Al Kabeer,Paneer,No Variant,Paneer,200 gm,1,CKCCR,CHICKEN ‘N’ CHEESE RINGS 300,300 gms x 12 pkts,POP-CORN & CHICKEN FRIES,52.79,43.48,85.5,conflict,0.32,,manual_required
14068,32468103,Al Kabeer Blueberries / Blackberries 350 gm,Al Kabeer,Blueberries-Frozen,No Variant,Frozen Fruits,350 gm,1,CBBO,4 BEEF BURGERS,200 Gms x 30 Pkt,BURGERS,52.89,43.75,85.5,conflict,0.86,,manual_required
14075,32469681,AL KABEER BLACBERRIES / BLUEBERRIES 350 gm,Al Kabeer,Blueberries-Frozen,No Variant,Frozen Fruits,350 gm,1,CBBO,4 BEEF BURGERS,200 Gms x 30 Pkt,BURGERS,53.05,44.21,85.5,conflict,0.86,,manual_required
14078,32474244,Al Kabeer PANEER CUBE 200 gm,Al Kabeer,Paneer,No Variant,Paneer,200 gm,1,CKCCNS,CHICKEN & CHEESE STICKS HOT & SPICY,250 gm x 20 Pkts,STICKS & FINGERS,51.88,40.86,85.5,conflict,0.3,,manual_required
14091,32476933,Al Kabeer Breaded Chicken Fillet 750 gm,Al Kabeer,Chicken Fillets-Frozen,Spicy,Marinated & Breaded,750 gm,1,CKJCNA,JUMBO CHICKEN NUGGETS,1 Kgs x 5 Pkts,NUGGETS,52.82,43.56,85.5,conflict,0.25,,manual_required
14102,32506231,Al Kabeer Punjabi Samosa 900gm,Al Kabeer,Samosa-Frozen,Punjabi,"Frozen Pizzas, Wraps, Sandwiches",900 gm,1,CCSAK,12 CHEESE SAMOSAS,240 Gms x 20 Pkts,SAMOSA,54.74,49.06,85.5,conflict,1.92,,manual_required
14105,32506323,Al Kabeer krazee Chicken Nuggets 750gm,Al Kabeer,Chicken Nuggets-Frozen,No Variant,Marinated & Breaded,750 gm,1,CFB,BEEF FRANKS,454 Gms x 20 Pkts,SAUSAGES,52.41,42.37,85.5,conflict,0.06,,manual_required
14114,32602079,Al Kabeer Zing Chicken Strips Spicy/Non Spicy 750 gm per pack,Al Kabeer,Chicken Strips-Frozen,No Variant,Zing,750 gm,1,CCCB,CHICKEN BIRYANI 400,400 Gms x 12 Pkts,READY2EAT,54.27,47.71,85.5,conflict,2.32,,manual_required
14115,32602079,Al Kabeer Zing Chicken Strips Spicy/Non Spicy 750 gm per pack,Al Kabeer,Chicken Strips-Frozen,Spicy,Zing,750 gm,1,CFB,BEEF FRANKS,454 Gms x 20 Pkts,SAUSAGES,52.89,43.75,85.5,conflict,0.06,,manual_required
14116,32609016,Zing Chicken Fillets/ Spicy 750 gm,Al Kabeer,Chicken Fillets-Frozen,No Variant,Zing,750 gm,1,CKSK,SHISH KEBAB,600 Gms x 12 Pkts,KEBAB,53.73,46.15,85.5,conflict,0.35,,manual_required
14130,32610021,Al Kabeer KRAZEE CHICKEN NUGGETS 750 gm,Al Kabeer,Chicken Nuggets-Frozen,No Variant,Marinated & Breaded,750 gm,1,CFB,BEEF FRANKS,454 Gms x 20 Pkts,SAUSAGES,52.18,41.74,85.5,conflict,0.05,,manual_required
14132,32610046,Al Kabeer Zing Chicken Strips Non-Spicy 750 gm,Al Kabeer,Chicken Strips-Frozen,No Variant,Zing,750 gm,1,CKSAA,CHICKEN SAMOSAS BULK,1.2 Kgs x 4 Pkts,SAMOSA,53.67,46.0,85.5,conflict,1.52,,manual_required
14133,32610060,Al Kabeer FRENCH FRIES 2.5 kg,Al Kabeer,French Fries-Frozen,No Variant,Frozen Fries & Onion Rings,2.5 kg,1,CFBFA,BREADED FISH FILLET BULK,1 Kgs x 5 Pkts,FILLETS,52.24,41.9,85.5,conflict,0.08,,manual_required
14138,32612249,Al Kabeer Paneer Cubes 500 gm,Al Kabeer,Paneer,No Variant,Paneer,500 gm,1,CKCCR,CHICKEN ‘N’ CHEESE RINGS 300,300 gms x 12 pkts,POP-CORN & CHICKEN FRIES,52.03,41.3,85.5,conflict,0.12,,manual_required
14165,32653366,Alkabeer CHICKEN BURGER BREADED / UNBREADED 840gm,Al Kabeer,Chicken Burger-Frozen,Unbreaded,Frozen Burger,840 gm,1,CFBF,BREADED FISH FILLET,330 Gms x 20 Pkts,FILLETS,54.91,49.52,85.5,conflict,0.03,,manual_required
14166,32653366,Alkabeer CHICKEN BURGER BREADED / UNBREADED 840gm,Al Kabeer,Chicken Burger-Frozen,Breaded,Frozen Burger,840 gm,1,CFBF,BREADED FISH FILLET,330 Gms x 20 Pkts,FILLETS,54.91,49.52,85.5,conflict,0.03,,manual_required
14167,32653499,Al Kabeer TENDER CHICKEN BREAST 1000GM,Al Kabeer,Chicken Breast-Frozen,No Variant,Frozen Chicken Parts,1000 gm,1,CFBF,BREADED FISH FILLET,330 Gms x 20 Pkts,FILLETS,52.58,42.86,85.5,conflict,0.19,,manual_required
14170,32657517,ALKABEER FRENCH FRIES 2500gm,Al Kabeer,French Fries-Frozen,No Variant,Frozen Fries & Onion Rings,2.5 kg,1,CKKB24,24 CHICKEN BURGERS,1.2 Kgs x 8 Pkts,BURGERS,52.13,41.58,85.5,conflict,0.28,,manual_required
14171,32657544,ALKABEER TENDER CHICKEN BREAST 1000gm,Al Kabeer,Chicken Breast-Frozen,No Variant,Frozen Chicken Parts,1000 gm,1,CFBF,BREADED FISH FILLET,330 Gms x 20 Pkts,FILLETS,52.58,42.86,85.5,conflict,0.19,,manual_required
14181,32660034,Al Kabeer Chicken ‘N’ Cheese Rings (300 gm),Al Kabeer,Chicken Cheese Stick-Frozen,No Variant,Frozen Barbeque Products,300 gm,1,CCSRA,8 CHEESE SPRING ROLLS,240 Gms x 20 Pkts,SPRING ROLL,54.51,48.39,85.5,conflict,0.21,,manual_required
14194,32663911,AL KABEER Blueberries or Blackberries 350 gm,Al Kabeer,Blueberries-Frozen,No Variant,Frozen Fruits,350 gm,1,CBBO,4 BEEF BURGERS,200 Gms x 30 Pkt,BURGERS,53.13,44.44,85.5,conflict,1.56,,manual_required
14195,32663913,Al Kabeer Punjabi Samosa 900 gm,Al Kabeer,Samosa-Frozen,Punjabi,"Frozen Pizzas, Wraps, Sandwiches",900 gm,1,CCSAK,12 CHEESE SAMOSAS,240 Gms x 20 Pkts,SAMOSA,53.89,46.6,85.5,conflict,0.67,,manual_required
14201,32663946,Al Kabeer Zing Chicken Fillets Spicy/ Normal 750 gm Assorted ,Al Kabeer,Chicken Fillets-Frozen,Spicy,Zing,750 gm,1,CFBF,BREADED FISH FILLET,330 Gms x 20 Pkts,FILLETS,53.83,46.43,85.5,conflict,0.55,,manual_required
14202,32663946,Al Kabeer Zing Chicken Fillets Spicy/ Normal 750 gm Assorted ,Al Kabeer,Chicken Fillets-Frozen,No Variant,Marinated & Breaded,750 gm,1,CCF,CHICKEN FRIES,12 PKTS X 400 GRM,POP-CORN & CHICKEN FRIES,54.05,47.06,85.5,conflict,0.81,,manual_required
14209,32666178,Al Kabeer Potato Bites 1000 gm,Al Kabeer,Potato Bites-Frozen,No Variant,Frozen Fries & Onion Rings,1 kg,1,CBBO,4 BEEF BURGERS,200 Gms x 30 Pkt,BURGERS,52.24,41.9,85.5,conflict,0.14,,manual_required
14219,32666295,Al Kabeer French Fries 1000 gm,Al Kabeer,French Fries-Frozen,No Variant,Frozen Fries & Onion Rings,1 kg,1,CCSAKPR,A.K PRO CHEESE SAMOSA,4 X 1.2 KGS,SAMOSA,52.13,41.58,85.5,conflict,0.41,,manual_required
14220,32666327,Al Kabeer Kroze Chicken Nuggets 750 gm,Al Kabeer,Chicken Nuggets-Frozen,No Variant,Marinated & Breaded,750 gm,1,CKBCS,BEEF COCKTAIL SAUSAGES,400 Gms x 20 Pkts,SAUSAGES,52.66,43.1,85.5,conflict,0.35,,manual_required
14228,32669894,Al Kabeer Breaded Chicken Fillet 750 gm,Al Kabeer,Chicken Fillets-Frozen,Spicy,Marinated & Breaded,750 gm,1,CKJCNA,JUMBO CHICKEN NUGGETS,1 Kgs x 5 Pkts,NUGGETS,52.82,43.56,85.5,conflict,0.25,,manual_required
14230,32669921,Al Kabeer Potato Bites 1000 gm,Al Kabeer,Potato Bites-Frozen,No Variant,Frozen Fries & Onion Rings,1 kg,1,CBBO,4 BEEF BURGERS,200 Gms x 30 Pkt,BURGERS,52.24,41.9,85.5,conflict,0.14,,manual_required
14259,32821909,Al Kabeer French Fries 2500gm,Al Kabeer,French Fries-Frozen,No Variant,Frozen Fries & Onion Rings,2.5 kg,1,CKKB24,24 CHICKEN BURGERS,1.2 Kgs x 8 Pkts,BURGERS,52.13,41.58,85.5,conflict,0.28,,manual_required
14262,32821920,Al Kabeer breaded chicken fillets crazy/nuggets 750gm,Al Kabeer,Chicken Nuggets-Frozen,No Variant,Marinated & Breaded,750 gm,1,CCF,CHICKEN FRIES,12 PKTS X 400 GRM,POP-CORN & CHICKEN FRIES,54.8,49.21,85.5,conflict,0.45,,manual_required
14263,32821920,Al Kabeer breaded chicken fillets crazy/nuggets 750gm,Al Kabeer,Chicken Fillets-Frozen,No Variant,Marinated & Breaded,750 gm,1,CCF,CHICKEN FRIES,12 PKTS X 400 GRM,POP-CORN & CHICKEN FRIES,54.8,49.21,85.5,conflict,0.45,,manual_required
14271,32885829,"Al Kabeer Vegetable or Chicken Samosa or Spring Rolls, 240 - 280 gm",Al Kabeer,Spring Roll-Frozen,No Variant,"Frozen Pizzas, Wraps, Sandwiches",280 gm,1,CCCTM,CHICKEN TIKKA MAKHANI & PILAU RICE,450 Gms x 12 Pkts,READY2EAT,53.5,45.51,85.5,conflict,0.48,,manual_required
14285,32889820,AL KABEER CHICKEN NUGGETS 750 gm,Al Kabeer,Chicken Nuggets-Frozen,Spicy,Marinated & Breaded,750 gm,1,CFB,BEEF FRANKS,454 Gms x 20 Pkts,SAUSAGES,53.21,44.66,85.5,conflict,0.69,,manual_required
14292,32894935,Al Kabeer Zing Chicken Strips - 750 gm,Al Kabeer,Chicken Strips-Frozen,No Variant,Marinated & Breaded,750 gm,1,CFBF,BREADED FISH FILLET,330 Gms x 20 Pkts,FILLETS,53.07,44.26,85.5,conflict,0.01,,manual_required
14293,32895015,Al Kabeer French Fries 2.5 kg,Al Kabeer,French Fries-Frozen,No Variant,Frozen Fries & Onion Rings,2.5 kg,1,CFBFA,BREADED FISH FILLET BULK,1 Kgs x 5 Pkts,FILLETS,52.24,41.9,85.5,conflict,0.08,,manual_required
14295,32896902,Alkabeer French Fries 2.5 kg,Al Kabeer,French Fries-Frozen,No Variant,Frozen Fries & Onion Rings,2.5 kg,1,CFBFA,BREADED FISH FILLET BULK,1 Kgs x 5 Pkts,FILLETS,52.24,41.9,85.5,conflict,0.08,,manual_required
14297,32897214,ALKABEER GREEN PEAS/mixed vegetable 900 gm,Al Kabeer,Mix Vegetables-Frozen,No Variant,Frozen Vegetables,900 gm,1,CFBJ,JUMBO HOTDOGS,400 Gms x 20 Pkts,SAUSAGES,51.7,40.35,85.5,conflict,0.0,,manual_required
14298,32897214,ALKABEER GREEN PEAS/mixed vegetable 900 gm,Al Kabeer,Green/Garden Peas-Frozen,No Variant,Frozen Vegetables,900 gm,1,CFBF,BREADED FISH FILLET,330 Gms x 20 Pkts,FILLETS,52.14,41.6,85.5,conflict,0.56,,manual_required
14307,32897391,Al Kabeer ZING SHRIMPS SPICY / FISH FILLET ZING 750 gm,Al Kabeer,Zing Shrimps,Spicy,Breaded Seafood,750 gm,1,CFB,BEEF FRANKS,454 Gms x 20 Pkts,SAUSAGES,51.72,40.4,85.5,conflict,0.59,,manual_required
14310,32897414,AL KABEER BREADED CHICKEN FILLET PLAIN / HOT & SPICY 750 gm,Al Kabeer,Chicken Fillets-Frozen,No Variant,Marinated & Breaded,750 gm,1,CCKSB,CHICKEN STICKS BULK,1 Kgs x 5 Pkts,STICKS & FINGERS,54.11,47.24,85.5,conflict,0.1,,manual_required
14318,32898207,Al Kabeer Zing Fish Fillets / Shrimps 750 gm,Al Kabeer,Zing Fish Fillet,No Variant,Breaded Seafood,750 gm,1,CBBO,4 BEEF BURGERS,200 Gms x 30 Pkt,BURGERS,50.78,37.74,85.5,conflict,0.05,,manual_required
14335,32909089,Al Kabeer French Fries 2.5 kg,Al Kabeer,French Fries-Frozen,No Variant,Frozen Fries & Onion Rings,2.5 kg,1,CFBFA,BREADED FISH FILLET BULK,1 Kgs x 5 Pkts,FILLETS,52.24,41.9,85.5,conflict,0.08,,manual_required
14338,32909116,Al Kabeer Garden Peas 900 gm,Al Kabeer,Green/Garden Peas-Frozen,No Variant,Frozen Vegetables,900 gm,1,VPAN,PANEER CUBES,200 gm x 20 Pkts,TRADING-VEG,54.0,46.94,85.5,conflict,2.13,,manual_required
14342,32909144,Al Kabeer Punjabi Samosa 900 gm,Al Kabeer,Samosa-Frozen,Punjabi,"Frozen Pizzas, Wraps, Sandwiches",900 gm,1,CCSAK,12 CHEESE SAMOSAS,240 Gms x 20 Pkts,SAMOSA,53.89,46.6,85.5,conflict,0.67,,manual_required
14352,32915228,Al Kabeer Paneer Cubes 500 gm,Al Kabeer,Paneer,No Variant,Paneer,500 gm,1,CKCCR,CHICKEN ‘N’ CHEESE RINGS 300,300 gms x 12 pkts,POP-CORN & CHICKEN FRIES,52.03,41.3,85.5,conflict,0.12,,manual_required
14356,32917432,Al Kabeer French Fries 2.5 kg,Al Kabeer,French Fries-Frozen,No Variant,Frozen Fries & Onion Rings,2.5 kg,1,CFBFA,BREADED FISH FILLET BULK,1 Kgs x 5 Pkts,FILLETS,52.24,41.9,85.5,conflict,0.08,,manual_required
14363,32926472,Al kabeer Zing Chicken Strips/No spicy 750gm,Al Kabeer,Chicken Strips-Frozen,Spicy,Marinated & Breaded,750 gm,1,CFBF,BREADED FISH FILLET,330 Gms x 20 Pkts,FILLETS,52.94,43.9,85.5,conflict,0.54,,manual_required
14365,32926663,Al Kabeer Punjabi Samosa 900gm,Al Kabeer,Samosa-Frozen,Punjabi,"Frozen Pizzas, Wraps, Sandwiches",900 gm,1,CCSAK,12 CHEESE SAMOSAS,240 Gms x 20 Pkts,SAMOSA,54.74,49.06,85.5,conflict,1.92,,manual_required
14375,32950470,Al Kabeer Assorted (Zing Chicken Strips - Spicy / Non Spicy) 750 gm,Al Kabeer,Chicken Strips-Frozen,No Variant,Zing,750 gm,1,CCCB,CHICKEN BIRYANI 400,400 Gms x 12 Pkts,READY2EAT,52.71,43.24,85.5,conflict,0.65,,manual_required
14376,32950470,Al Kabeer Assorted (Zing Chicken Strips - Spicy / Non Spicy) 750 gm,Al Kabeer,Chicken Strips-Frozen,Spicy,Zing,750 gm,1,CKBT,TAYEBAT CHICKEN BURGER,1 Kgs x 9 Pkts,BURGERS,52.82,43.56,85.5,conflict,1.64,,manual_required
14377,32950477,Al Kabeer Assorted (Zing Chicken Fillets - Spicy / Non Spicy / Tempura Chicken Nuggets) 750 gm,Al Kabeer,Chicken Fillets-Frozen,No Variant,Zing,750 gm,1,CCKSHA,CHICKEN STICK BULK HOT & SPICY,1 kg x 5 Pkts,STICKS & FINGERS,54.82,49.28,85.5,conflict,0.71,,manual_required
14378,32950477,Al Kabeer Assorted (Zing Chicken Fillets - Spicy / Non Spicy / Tempura Chicken Nuggets) 750 gm,Al Kabeer,Chicken Nuggets-Frozen,No Variant,Marinated & Breaded,750 gm,1,CCKSHA,CHICKEN STICK BULK HOT & SPICY,1 kg x 5 Pkts,STICKS & FINGERS,53.76,46.25,85.5,conflict,0.22,,manual_required
14383,32950659,Al Kabeer Assorted (Hash Browns 1000 gm / Potato Bites 1000 gm / Waffle Fries 750 gm),Al Kabeer,Crisscut Fries-Frozen,No Variant,Frozen Fries & Onion Rings,750 gm,1,CCF,CHICKEN FRIES,12 PKTS X 400 GRM,POP-CORN & CHICKEN FRIES,53.18,44.59,85.5,conflict,1.41,,manual_required
14386,32952790,Al Kabeer Butter Chicken Zing Fillet 700 gm,Al Kabeer,Chicken Fillets-Frozen,No Variant,Zing,700 gm,1,CKSK,SHISH KEBAB,600 Gms x 12 Pkts,KEBAB,53.13,44.44,85.5,conflict,0.31,,manual_required
14387,32953125,Al Kabeer Zing Chicken Strips Sriracha/Smoked 750 gm,Al Kabeer,Chicken Strips-Frozen,No Variant,Zing,750 gm,1,CKCKB,CHICKEN BURGERS 56 g,840 g. x 9,BURGERS,52.47,42.55,85.5,conflict,0.46,,manual_required
14397,32959502,Al Kabeer Zing Chicken Strips Regular or Hot 750 gm,Al Kabeer,Chicken Strips-Frozen,No Variant,Zing,750 gm,1,CCSK,KIRI CHEESE SAMOSA,20 X 240 GMS,SAMOSA,54.9,49.5,85.5,conflict,0.32,,manual_required
14398,32959509,Al Kabeer Punjabi Samosa 900 gm,Al Kabeer,Samosa-Frozen,Punjabi,"Frozen Pizzas, Wraps, Sandwiches",900 gm,1,CCSAK,12 CHEESE SAMOSAS,240 Gms x 20 Pkts,SAMOSA,53.89,46.6,85.5,conflict,0.67,,manual_required
14414,32965656,Al Kabeer Chicken Strips Non-Spicy 750 gm,Al Kabeer,Chicken Fillets-Frozen,No Variant,Zing,750 gm,1,CKSK,SHISH KEBAB,600 Gms x 12 Pkts,KEBAB,52.67,43.14,85.5,conflict,0.96,,manual_required
14423,33018925,AL KABEER CORN ON THE COB 4 pcs 1000 gm,Al Kabeer,Sweet Corn-Frozen,No Variant,Frozen Vegetables,1 kg,1,CFB,BEEF FRANKS,454 Gms x 20 Pkts,SAUSAGES,53.54,45.61,85.5,conflict,0.41,,manual_required
14447,33107006,"AL KABEER MIXED VEGETABLES OR GREEN PEAS, 900 gm",Al Kabeer,Green/Garden Peas-Frozen,No Variant,Frozen Vegetables,900 gm,1,CFB,BEEF FRANKS,454 Gms x 20 Pkts,SAUSAGES,52.48,42.59,85.5,conflict,0.27,,manual_required
14448,33107006,"AL KABEER MIXED VEGETABLES OR GREEN PEAS, 900 gm",Al Kabeer,Mix Vegetables-Frozen,No Variant,Frozen Vegetables,900 gm,1,CFBJ,JUMBO HOTDOGS,400 Gms x 20 Pkts,SAUSAGES,52.62,42.99,85.5,conflict,0.38,,manual_required
14451,33107008,"AL KABEER SEASONED WEDGES, 750 gm",Al Kabeer,Potato Wedges-Frozen,No Variant,Frozen Fries & Onion Rings,750 gm,1,CFBF,BREADED FISH FILLET,330 Gms x 20 Pkts,FILLETS,52.7,43.2,85.5,conflict,0.51,,manual_required
14463,33112700,ALKABEER GREEN PEAS/ MIX VEGETABLES 900 gm,Al Kabeer,Mix Vegetables-Frozen,No Variant,Frozen Vegetables,900 gm,1,CFB,BEEF FRANKS,454 Gms x 20 Pkts,SAUSAGES,52.16,41.67,85.5,conflict,0.3,,manual_required
14464,33112700,ALKABEER GREEN PEAS/ MIX VEGETABLES 900 gm,Al Kabeer,Green/Garden Peas-Frozen,No Variant,Frozen Vegetables,900 gm,1,CFB,BEEF FRANKS,454 Gms x 20 Pkts,SAUSAGES,51.85,40.78,85.5,conflict,0.02,,manual_required
14465,33112710,AL KABEER ZING CHICKEN STRIPS/(N/SPC) 750 gm,Al Kabeer,Chicken Strips-Frozen,No Variant,Zing,750 gm,1,CKSK,SHISH KEBAB,600 Gms x 12 Pkts,KEBAB,54.69,48.89,85.5,conflict,1.89,,manual_required
14467,33112747,ALKABEER CHICKEN NUGGETS/CRAZY 750 gm,Al Kabeer,Chicken Nuggets-Frozen,No Variant,Marinated & Breaded,750 gm,1,CKBCS,BEEF COCKTAIL SAUSAGES,400 Gms x 20 Pkts,SAUSAGES,53.26,44.83,85.5,conflict,0.95,,manual_required
14469,33112792,AL KABEER HASH BROWNS 2.5 kg,Al Kabeer,Hash browns,No Variant,Frozen Potato/ Fries/ Onion rings,2.5 kg,1,SFM,FISH MILK,1 kg x 10 Pkts,TRADING-FISH,51.97,41.12,85.5,conflict,0.8,,manual_required
14473,33114453,Al Kabeer Chicken 'N' Cheese Rings (300 gm),Al Kabeer,Chicken Cheese Stick-Frozen,No Variant,Frozen Barbeque Products,300 gm,1,CCSRA,8 CHEESE SPRING ROLLS,240 Gms x 20 Pkts,SPRING ROLL,54.51,48.39,85.5,conflict,0.21,,manual_required
14478,33116120,AL KABEER BLACBERRIES / BLUEBERRIES 350 gm,Al Kabeer,Blueberries-Frozen,No Variant,Frozen Fruits,350 gm,1,CBBO,4 BEEF BURGERS,200 Gms x 30 Pkt,BURGERS,53.05,44.21,85.5,conflict,0.86,,manual_required
14485,33119309,Al Kabeer Hash Browns 2500 gm,Al Kabeer,Hash browns,No Variant,Frozen Potato/ Fries/ Onion rings,2.5 kg,1,CBBO24,24 BEEF BURGERS,1.2 Kgs x 8 Pkts,BURGERS,51.58,40.0,85.5,conflict,0.49,,manual_required
14490,33119817,Al Kabeer Blackberries/Blueberries 350 gm,Al Kabeer,Blueberries-Frozen,No Variant,Frozen Fruits,350 gm,1,CBBO,4 BEEF BURGERS,200 Gms x 30 Pkt,BURGERS,52.89,43.75,85.5,conflict,0.86,,manual_required
14497,33120942,Al Kabeer Green Peas & Carrots /Green Peas 900 gm,Al Kabeer,Green/Garden Peas-Frozen,No Variant,Frozen Vegetables,900 gm,1,CCSRA,8 CHEESE SPRING ROLLS,240 Gms x 20 Pkts,SPRING ROLL,51.81,40.68,85.5,conflict,0.36,,manual_required
14509,33125031,Al Kabeer Punjabi Samosa 900 gm,Al Kabeer,Samosa-Frozen,Punjabi,"Frozen Pizzas, Wraps, Sandwiches",900 gm,1,CCSAK,12 CHEESE SAMOSAS,240 Gms x 20 Pkts,SAMOSA,53.89,46.6,85.5,conflict,0.67,,manual_required
14513,33125034,Al Kabeer Zing Chicken Fillets Normal / Spicy 750 gm Assorted ,Al Kabeer,Chicken Fillets-Frozen,No Variant,Zing,750 gm,1,CFBF,BREADED FISH FILLET,330 Gms x 20 Pkts,FILLETS,53.51,45.53,85.5,conflict,0.51,,manual_required
14516,33125036,Al Kabeer Chicken Strips Normal / Spicy 750 gm,Al Kabeer,Chicken Strips-Frozen,No Variant,Zing,750 gm,1,CKSK,SHISH KEBAB,600 Gms x 12 Pkts,KEBAB,54.17,47.42,85.5,conflict,2.33,,manual_required
14521,33125041,Al Kabeer Blueberries or Blackberries 350 Gm ,Al Kabeer,Blueberries-Frozen,No Variant,Frozen Fruits,350 gm,1,CBBO,4 BEEF BURGERS,200 Gms x 30 Pkt,BURGERS,53.13,44.44,85.5,conflict,1.56,,manual_required
14539,33127385,Al Kabeer Hash Browns 2.5 kg,Al Kabeer,Hash browns,No Variant,Frozen Potato/ Fries/ Onion rings,2.5 kg,1,SFM,FISH MILK,1 kg x 10 Pkts,TRADING-FISH,51.97,41.12,85.5,conflict,0.8,,manual_required
14540,33129545,ALKABEER FRENCH FRIES 2.5kg,Al Kabeer,French Fries-Frozen,No Variant,Frozen Fries & Onion Rings,2.5 kg,1,CFBFA,BREADED FISH FILLET BULK,1 Kgs x 5 Pkts,FILLETS,52.24,41.9,85.5,conflict,0.08,,manual_required
14541,33129705,Al Kabeer Paneer Cubes 200 gm,Al Kabeer,Paneer,No Variant,Paneer,200 gm,1,CKCCR,CHICKEN ‘N’ CHEESE RINGS 300,300 gms x 12 pkts,POP-CORN & CHICKEN FRIES,52.79,43.48,85.5,conflict,0.32,,manual_required
14548,33142260,Al Kabeer Zing Chicken Strips / Spicy 750 gm,Al Kabeer,Chicken Strips-Frozen,No Variant,Zing,750 gm,1,CKSK,SHISH KEBAB,600 Gms x 12 Pkts,KEBAB,54.69,48.89,85.5,conflict,2.65,,manual_required
14550,33142283,Al Kabeer Punjabi Samosa 900 gm,Al Kabeer,Samosa-Frozen,Punjabi,"Frozen Pizzas, Wraps, Sandwiches",900 gm,1,CCSAK,12 CHEESE SAMOSAS,240 Gms x 20 Pkts,SAMOSA,53.89,46.6,85.5,conflict,0.67,,manual_required
14554,33169258,Al Kabeer French Fries 1000 g,Al Kabeer,French Fries-Frozen,No Variant,Frozen Fries & Onion Rings,1 kg,1,CCSAKPR,A.K PRO CHEESE SAMOSA,4 X 1.2 KGS,SAMOSA,52.13,41.58,85.5,conflict,0.41,,manual_required
14555,33169916,Al Kabeer Green Peas and Carrots 900 gm,Al Kabeer,Green/Garden Peas-Frozen,No Variant,Frozen Vegetables,900 gm,1,CFBJ,JUMBO HOTDOGS,400 Gms x 20 Pkts,SAUSAGES,51.82,40.71,85.5,conflict,0.0,,manual_required
14558,33242135,Al Kabeer Zing Chicken Fillet or Strips Assorted 750 gm,Al Kabeer,Chicken Fillets-Frozen,Spicy,Zing,750 gm,1,CKCKB,CHICKEN BURGERS 56 g,840 g. x 9,BURGERS,52.28,42.0,85.5,conflict,1.11,,manual_required
14559,33242135,Al Kabeer Zing Chicken Fillet or Strips Assorted 750 gm,Al Kabeer,Chicken Strips-Frozen,No Variant,Marinated & Breaded,750 gm,1,CCF,CHICKEN FRIES,12 PKTS X 400 GRM,POP-CORN & CHICKEN FRIES,54.01,46.97,85.5,conflict,0.46,,manual_required
14563,33253284,Al Kabeer French Fries 2500 gm,Al Kabeer,French Fries-Frozen,No Variant,Frozen Fries & Onion Rings,2.5 kg,1,CCSK,KIRI CHEESE SAMOSA,20 X 240 GMS,SAMOSA,52.53,42.72,85.5,conflict,0.52,,manual_required
14570,33253348,Al Kabeer Zing Chicken Strips/spicy750 gm,Al Kabeer,Chicken Strips-Frozen,No Variant,Marinated & Breaded,750 gm,1,CCCB,CHICKEN BIRYANI 400,400 Gms x 12 Pkts,READY2EAT,53.91,46.67,85.5,conflict,0.47,,manual_required
14577,33302590,ALKABEER TENDER CHICKEN BREAST 1000GM,Al Kabeer,Chicken Breast-Frozen,No Variant,Frozen Chicken Parts,1000 gm,1,CFBF,BREADED FISH FILLET,330 Gms x 20 Pkts,FILLETS,52.58,42.86,85.5,conflict,0.19,,manual_required
14579,33303303,"Al Kabeer TENDER CHICKEN BREAST, 1000GM",Al Kabeer,Chicken Breast-Frozen,No Variant,Frozen Chicken Parts,1000 gm,1,CFBF,BREADED FISH FILLET,330 Gms x 20 Pkts,FILLETS,52.58,42.86,85.5,conflict,0.19,,manual_required
14580,33303568,"Al Kabeer CHICKEN TANDOORI TIKKA,1000 gm",Al Kabeer,Chicken Tikka-Frozen,No Variant,Frozen Barbeque Products,1000 gm,1,CCCB,CHICKEN BIRYANI 400,400 Gms x 12 Pkts,READY2EAT,54.15,47.37,85.5,conflict,2.23,,manual_required
14587,33303586,"AL KABEER PUNJABI SAMOSA, 900 gm",Al Kabeer,Samosa-Frozen,Punjabi,"Frozen Pizzas, Wraps, Sandwiches",900 gm,1,CCSAK,12 CHEESE SAMOSAS,240 Gms x 20 Pkts,SAMOSA,53.89,46.6,85.5,conflict,0.67,,manual_required
14589,33304458,ALKABEER FRENCH FRIES 2.5kg,Al Kabeer,French Fries-Frozen,No Variant,Frozen Fries & Onion Rings,2.5 kg,1,CFBFA,BREADED FISH FILLET BULK,1 Kgs x 5 Pkts,FILLETS,52.24,41.9,85.5,conflict,0.08,,manual_required
14593,33304495,AL KABEER HASH BROWNS 2.5 kg,Al Kabeer,Hash browns,No Variant,Frozen Potato/ Fries/ Onion rings,2.5 kg,1,SFM,FISH MILK,1 kg x 10 Pkts,TRADING-FISH,51.97,41.12,85.5,conflict,0.8,,manual_required
14604,33319377,Al Kabeer Punjabi Samosa 900 gm,Al Kabeer,Samosa-Frozen,Punjabi,"Frozen Pizzas, Wraps, Sandwiches",900 gm,1,CCSAK,12 CHEESE SAMOSAS,240 Gms x 20 Pkts,SAMOSA,53.89,46.6,85.5,conflict,0.67,,manual_required
14618,33319390,Al Kabeer Blackberries or Blueberries 350 gm,Al Kabeer,Blueberries-Frozen,No Variant,Frozen Fruits,350 gm,1,CBBO,4 BEEF BURGERS,200 Gms x 30 Pkt,BURGERS,53.13,44.44,85.5,conflict,1.56,,manual_required
14623,33320751,Al Kabeer Paneer Cubes 200 gm,Al Kabeer,Paneer,No Variant,Paneer,200 gm,1,CKCCR,CHICKEN ‘N’ CHEESE RINGS 300,300 gms x 12 pkts,POP-CORN & CHICKEN FRIES,52.79,43.48,85.5,conflict,0.32,,manual_required
14641,33332430,Al Kabeer French Fries 1000g,Al Kabeer,French Fries-Frozen,No Variant,Frozen Fries & Onion Rings,1 kg,1,CCSAKPR,A.K PRO CHEESE SAMOSA,4 X 1.2 KGS,SAMOSA,52.13,41.58,85.5,conflict,0.41,,manual_required
14655,33343733,Al Kabeer BLACKBERRIES / BLUEBERRIES 350gm,Al Kabeer,Blueberries-Frozen,No Variant,Frozen Fruits,350 gm,1,CBBO,4 BEEF BURGERS,200 Gms x 30 Pkt,BURGERS,52.42,42.42,85.5,conflict,0.11,,manual_required
14656,33343737,Al Kabeer TENDER CHICKEN BREAST 1000gm,Al Kabeer,Chicken Breast-Frozen,No Variant,Frozen Chicken Parts,1000 gm,1,CFBF,BREADED FISH FILLET,330 Gms x 20 Pkts,FILLETS,52.58,42.86,85.5,conflict,0.19,,manual_required
14659,33344065,Al Kabeer Tender Chicken Breast 1000gm,Al Kabeer,Chicken Breast-Frozen,No Variant,Frozen Chicken Parts,1000 gm,1,CFBF,BREADED FISH FILLET,330 Gms x 20 Pkts,FILLETS,52.58,42.86,85.5,conflict,0.19,,manual_required
14665,33390170,Al Kabeer Chicken Strips Non-spicy 750 gm,Al Kabeer,Chicken Fillets-Frozen,No Variant,Zing,750 gm,1,CKSK,SHISH KEBAB,600 Gms x 12 Pkts,KEBAB,52.67,43.14,85.5,conflict,0.96,,manual_required
14668,33402390,AL KABEER WAFFLE FRIES 750 gm,Al Kabeer,Crisscut Fries-Frozen,No Variant,Frozen Fries & Onion Rings,750 gm,1,CFBF,BREADED FISH FILLET,330 Gms x 20 Pkts,FILLETS,52.41,42.37,85.5,conflict,1.37,,manual_required
14677,33456138,Al Kabeer Blue/Blackberries Frozen 350 gm,Al Kabeer,Blueberries-Frozen,No Variant,Frozen Fruits,350 gm,1,CBBUR,BEEF BURGERS 56 g.,840 g. x 9,BURGERS,52.73,43.3,85.5,conflict,0.6,,manual_required
14680,33456175,Al Kabeer Zing Chicken Strips NON Spicy/Spicy 750 gm,Al Kabeer,Chicken Strips-Frozen,No Variant,Zing,750 gm,1,CKJCNA,JUMBO CHICKEN NUGGETS,1 Kgs x 5 Pkts,NUGGETS,52.19,41.76,85.5,conflict,0.3,,manual_required
14685,33461232,Al kabeer Big chicken nuggets 750 gm,Al Kabeer,Chicken Nuggets-Frozen,No Variant,Marinated & Breaded,750 gm,1,CFBF,BREADED FISH FILLET,330 Gms x 20 Pkts,FILLETS,52.49,42.62,85.5,conflict,0.18,,manual_required
14688,33461273,Al kabeer Zing Chicken Strips Zing 750gm,Al Kabeer,Chicken Strips-Frozen,No Variant,Zing,750 gm,1,CKSK,SHISH KEBAB,600 Gms x 12 Pkts,KEBAB,53.67,45.98,85.5,conflict,0.36,,manual_required
14696,33508623,AL KABEER HASH BROWNS 2.5 kg,Al Kabeer,Hash browns,No Variant,Frozen Potato/ Fries/ Onion rings,2.5 kg,1,SFM,FISH MILK,1 kg x 10 Pkts,TRADING-FISH,51.97,41.12,85.5,conflict,0.8,,manual_required
14697,33508629,ALKABEER GREEN PEAS/CARROT & PEAS 900 gm,Al Kabeer,Green/Garden Peas-Frozen,No Variant,Frozen Vegetables,900 gm,1,CCSRA,8 CHEESE SPRING ROLLS,240 Gms x 20 Pkts,SPRING ROLL,51.93,41.03,85.5,conflict,0.36,,manual_required
14698,33508637,ALKABEER STRAWBERRIES 900 gm/MANGO PULP 1000 gm,Al Kabeer,Mango-Frozen,No Variant,Frozen Fruits,1 kg,1,CFBJ,JUMBO HOTDOGS,400 Gms x 20 Pkts,SAUSAGES,52.44,42.48,85.5,conflict,0.2,,manual_required
14699,33508637,ALKABEER STRAWBERRIES 900 gm/MANGO PULP 1000 gm,Al Kabeer,Strawberry-Frozen,No Variant,Frozen Fruits,900 gm,1,CFBJ,JUMBO HOTDOGS,400 Gms x 20 Pkts,SAUSAGES,52.28,42.02,85.5,conflict,0.2,,manual_required
14700,33508680,Al Kabeer French Fries 2500 gm,Al Kabeer,French Fries-Frozen,No Variant,Frozen Fries & Onion Rings,2.5 kg,1,CCSK,KIRI CHEESE SAMOSA,20 X 240 GMS,SAMOSA,52.53,42.72,85.5,conflict,0.52,,manual_required
14704,33508969,ALKABEER TENDER CHICKEN BREAST 1000GM,Al Kabeer,Chicken Breast-Frozen,No Variant,Frozen Chicken Parts,1000 gm,1,CFBF,BREADED FISH FILLET,330 Gms x 20 Pkts,FILLETS,52.58,42.86,85.5,conflict,0.19,,manual_required
14705,33511237,Al Kabeer BLACKBERRIES / BLUEBERRIES 350 gm,Al Kabeer,Blueberries-Frozen,No Variant,Frozen Fruits,350 gm,1,CBBO,4 BEEF BURGERS,200 Gms x 30 Pkt,BURGERS,52.89,43.75,85.5,conflict,0.86,,manual_required
14714,33518694,Al Kabeer Punjabi Samosa 900 gm,Al Kabeer,Samosa-Frozen,Punjabi,"Frozen Pizzas, Wraps, Sandwiches",900 gm,1,CCSAK,12 CHEESE SAMOSAS,240 Gms x 20 Pkts,SAMOSA,53.89,46.6,85.5,conflict,0.67,,manual_required
14716,33518707,Al Kabeer Zing Chicken Fillets Normal / Spicy 750 gm,Al Kabeer,Chicken Fillets-Frozen,Spicy,Zing,750 gm,1,CKCSB,CHICKEN SEEKH KEBAB BULK,1 kg x 5,KEBAB,53.52,45.57,85.5,conflict,0.9,,manual_required
14730,33519404,Al Kabeer Blueberries Frozen Fruits 350 gm,Al Kabeer,Blueberries-Frozen,No Variant,Frozen Fruits,350 gm,1,CBBO,4 BEEF BURGERS,200 Gms x 30 Pkt,BURGERS,52.76,43.37,85.5,conflict,1.0,,manual_required
14740,33524460,al kabeer French Fries 1000g,Al Kabeer,French Fries-Frozen,No Variant,Frozen Fries & Onion Rings,1 kg,1,CCSAKPR,A.K PRO CHEESE SAMOSA,4 X 1.2 KGS,SAMOSA,52.13,41.58,85.5,conflict,0.41,,manual_required
14741,33524684,Al Kabeer Paneer Cubes 500 gm,Al Kabeer,Paneer,No Variant,Paneer,500 gm,1,CKCCR,CHICKEN ‘N’ CHEESE RINGS 300,300 gms x 12 pkts,POP-CORN & CHICKEN FRIES,52.03,41.3,85.5,conflict,0.12,,manual_required
14744,33525090,Al Kabeer Krazee Chicken Nuggets 750 gm,Al Kabeer,Chicken Nuggets-Frozen,No Variant,Marinated & Breaded,750 gm,1,CFB,BEEF FRANKS,454 Gms x 20 Pkts,SAUSAGES,52.18,41.74,85.5,conflict,0.05,,manual_required
14745,33525415,Al Kabeer French Fries 1000 g,Al Kabeer,French Fries-Frozen,No Variant,Frozen Fries & Onion Rings,1 kg,1,CCSAKPR,A.K PRO CHEESE SAMOSA,4 X 1.2 KGS,SAMOSA,52.13,41.58,85.5,conflict,0.41,,manual_required
14750,33528960,AL KABEER CHICKEN POP CORN 750gm,Al Kabeer,Chicken Popcorn-Frozen,No Variant,Marinated & Breaded,750 gm,1,CKCKB,CHICKEN BURGERS 56 g,840 g. x 9,BURGERS,51.89,40.91,85.5,conflict,0.44,,manual_required
14751,33529051,Al Kabeer Tender Chicken Breast 1000GM,Al Kabeer,Chicken Breast-Frozen,No Variant,Frozen Chicken Parts,1000 gm,1,CFBF,BREADED FISH FILLET,330 Gms x 20 Pkts,FILLETS,52.58,42.86,85.5,conflict,0.19,,manual_required
14759,33541843,Al Kabeer Chicken Kofta 300 gm,Al Kabeer,Chicken Kofta-Frozen,No Variant,Frozen Kofta / Kibbeh & Meat Balls,300 gm,1,CCCB,CHICKEN BIRYANI 400,400 Gms x 12 Pkts,READY2EAT,54.43,48.15,85.5,conflict,1.81,,manual_required
14768,33598693,Al Kabeer Chicken Strips Non-spicy 750 gm,Al Kabeer,Chicken Fillets-Frozen,No Variant,Zing,750 gm,1,CKSK,SHISH KEBAB,600 Gms x 12 Pkts,KEBAB,52.67,43.14,85.5,conflict,0.96,,manual_required
14772,33617317,Al Kabeer Zing Chicken Fillet Non Spicy 750 gm,Al Kabeer,Chicken Fillets-Frozen,No Variant,Zing,750 gm,1,CKN,CHICKEN NUGGETS,270 Gms x 20 Pkts,NUGGETS,54.0,46.94,85.5,conflict,1.85,,manual_required
14774,33663861,Al Kabeer chicken zinger fillets/ Spicy 750gm,Al Kabeer,Chicken Fillets-Frozen,Spicy,Zing,750 gm,1,CKSK,SHISH KEBAB,600 Gms x 12 Pkts,KEBAB,53.91,46.67,85.5,conflict,1.75,,manual_required
14775,33663861,Al Kabeer chicken zinger fillets/ Spicy 750gm,Al Kabeer,Chicken Fillets-Frozen,No Variant,Zing,750 gm,1,CKN,CHICKEN NUGGETS,270 Gms x 20 Pkts,NUGGETS,54.17,47.42,85.5,conflict,2.28,,manual_required
14783,33663934,Al Kabeer French Fries 2.5 kg,Al Kabeer,French Fries-Frozen,No Variant,Frozen Fries & Onion Rings,2.5 kg,1,CFBFA,BREADED FISH FILLET BULK,1 Kgs x 5 Pkts,FILLETS,52.24,41.9,85.5,conflict,0.08,,manual_required
14785,33663990,Al Kabeer Panjabi Samosas 900gm,Al Kabeer,Samosa-Frozen,Punjabi,"Frozen Pizzas, Wraps, Sandwiches",900 gm,1,CCSAK,12 CHEESE SAMOSAS,240 Gms x 20 Pkts,SAMOSA,54.21,47.54,85.5,conflict,0.31,,manual_required
14791,33708073,Al Kabeer Paneer Cubes 200 gm,Al Kabeer,Paneer,No Variant,Paneer,200 gm,1,CKCCR,CHICKEN ‘N’ CHEESE RINGS 300,300 gms x 12 pkts,POP-CORN & CHICKEN FRIES,52.79,43.48,85.5,conflict,0.32,,manual_required
14792,33714537,Alkabeer French Fries 2.5kg,Al Kabeer,French Fries-Frozen,No Variant,Frozen Fries & Onion Rings,2.5 kg,1,CFBFA,BREADED FISH FILLET BULK,1 Kgs x 5 Pkts,FILLETS,52.24,41.9,85.5,conflict,0.08,,manual_required
14795,33714649,ALKABEER GREEN PEAS/ MIX VEGETABLES 900 gm,Al Kabeer,Green/Garden Peas-Frozen,No Variant,Frozen Vegetables,900 gm,1,CFB,BEEF FRANKS,454 Gms x 20 Pkts,SAUSAGES,51.85,40.78,85.5,conflict,0.02,,manual_required
14796,33714649,ALKABEER GREEN PEAS/ MIX VEGETABLES 900 gm,Al Kabeer,Mix Vegetables-Frozen,No Variant,Frozen Vegetables,900 gm,1,CFB,BEEF FRANKS,454 Gms x 20 Pkts,SAUSAGES,52.16,41.67,85.5,conflict,0.3,,manual_required
14797,33714660,Al Kabeer Hash Browns 2.5 kg,Al Kabeer,Hash browns,No Variant,Frozen Potato/ Fries/ Onion rings,2.5 kg,1,SFM,FISH MILK,1 kg x 10 Pkts,TRADING-FISH,51.97,41.12,85.5,conflict,0.8,,manual_required
14800,33715053,AL KABEER CRAZY CHICKEN NUGGETS / CHICKEN NUGGETS / BREADED CHICKEN FILLET 750 gm,Al Kabeer,Chicken Fillets-Frozen,No Variant,Marinated & Breaded,750 gm,1,CCCTM,CHICKEN TIKKA MAKHANI & PILAU RICE,450 Gms x 12 Pkts,READY2EAT,54.61,48.68,85.5,conflict,0.35,,manual_required
14810,33726587,Al Kabeer Zing Chicken Strips 750 gm,Al Kabeer,Chicken Strips-Frozen,Spicy,Marinated & Breaded,750 gm,1,CKJCNA,JUMBO CHICKEN NUGGETS,1 Kgs x 5 Pkts,NUGGETS,53.29,44.9,85.5,conflict,0.24,,manual_required
14815,33726592,Al Kabeer French Fries 2.5 Kg,Al Kabeer,French Fries-Frozen,No Variant,Frozen Fries & Onion Rings,2.5 kg,1,CFBFA,BREADED FISH FILLET BULK,1 Kgs x 5 Pkts,FILLETS,52.24,41.9,85.5,conflict,0.08,,manual_required
14816,33726593,Al Kabeer Punjabi Samosa 900 gm,Al Kabeer,Samosa-Frozen,Punjabi,"Frozen Pizzas, Wraps, Sandwiches",900 gm,1,CCSAK,12 CHEESE SAMOSAS,240 Gms x 20 Pkts,SAMOSA,53.89,46.6,85.5,conflict,0.67,,manual_required
14823,33726600,Al Kabeer Chicken Kofta 300 gm,Al Kabeer,Chicken Kofta-Frozen,No Variant,Frozen Kofta / Kibbeh & Meat Balls,300 gm,1,CCCB,CHICKEN BIRYANI 400,400 Gms x 12 Pkts,READY2EAT,54.43,48.15,85.5,conflict,1.81,,manual_required
14825,33734011,Al Kabeer Paneer Cubes 500 gm,Al Kabeer,Paneer,No Variant,Paneer,500 gm,1,CKCCR,CHICKEN ‘N’ CHEESE RINGS 300,300 gms x 12 pkts,POP-CORN & CHICKEN FRIES,52.03,41.3,85.5,conflict,0.12,,manual_required
14826,33734026,Al Kabeer Zing Fish Fillet Spicy 750 gm,Al Kabeer,Zing Fish Fillet,No Variant,Breaded Seafood,750 gm,1,CMBAK,MEAT BALLS,300 Gms x 20 Pkts,MEAT BALLS,52.86,43.68,85.5,conflict,0.19,,manual_required
14841,33751730,Al Kabeer Punjabi Samosa 900 gm,Al Kabeer,Samosa-Frozen,Punjabi,"Frozen Pizzas, Wraps, Sandwiches",900 gm,1,CCSAK,12 CHEESE SAMOSAS,240 Gms x 20 Pkts,SAMOSA,53.89,46.6,85.5,conflict,0.67,,manual_required
14847,33791116,Al Kabeer French Fries 1000 g,Al Kabeer,French Fries-Frozen,No Variant,Frozen Fries & Onion Rings,1 kg,1,CCSAKPR,A.K PRO CHEESE SAMOSA,4 X 1.2 KGS,SAMOSA,52.13,41.58,85.5,conflict,0.41,,manual_required
14849,33794479,Al Kabeer Chicken Fillet Non-spicy 750 gm,Al Kabeer,Chicken Fillets-Frozen,No Variant,Zing,750 gm,1,CKSAPR,AK PRO CHICKEN SAMOSA,4 X 1.2 KGS,SAMOSA,52.38,42.31,85.5,conflict,0.4,,manual_required
14862,33898365,Al Kabeer Chicken Zing Strips Spicy 750 gm,Al Kabeer,Chicken Strips-Frozen,Spicy,Marinated & Breaded,750 gm,1,CFBF,BREADED FISH FILLET,330 Gms x 20 Pkts,FILLETS,53.73,46.15,85.5,conflict,1.11,,manual_required
14867,33899443,Al Kabeer Chicken Kofta 300 gm,Al Kabeer,Chicken Kofta-Frozen,No Variant,Frozen Kofta / Kibbeh & Meat Balls,300 gm,1,CCCB,CHICKEN BIRYANI 400,400 Gms x 12 Pkts,READY2EAT,54.43,48.15,85.5,conflict,1.81,,manual_required
14870,33899446,Al Kabeer French Fries 2.5 Kg,Al Kabeer,French Fries-Frozen,No Variant,Frozen Fries & Onion Rings,2.5 kg,1,CFBFA,BREADED FISH FILLET BULK,1 Kgs x 5 Pkts,FILLETS,52.24,41.9,85.5,conflict,0.08,,manual_required
14878,33899454,Al Kabeer Punjabi Samosa 900 gm,Al Kabeer,Samosa-Frozen,Punjabi,"Frozen Pizzas, Wraps, Sandwiches",900 gm,1,CCSAK,12 CHEESE SAMOSAS,240 Gms x 20 Pkts,SAMOSA,53.89,46.6,85.5,conflict,0.67,,manual_required
14885,33936570,Al Kabeer Blueberries Frozen Fruits 350 gm,Al Kabeer,Blueberries-Frozen,No Variant,Frozen Fruits,350 gm,1,CBBO,4 BEEF BURGERS,200 Gms x 30 Pkt,BURGERS,52.76,43.37,85.5,conflict,1.0,,manual_required
14900,33943958,"Al Kabeer HASH BROWN FRIES, 1000 gm",Al Kabeer,Hash browns,No Variant,Frozen Potato/ Fries/ Onion rings,1 kg,1,CBBO,4 BEEF BURGERS,200 Gms x 30 Pkt,BURGERS,51.2,38.94,85.5,conflict,0.12,,manual_required
14901,33943962,"AL KABEER ZING FISH FILLET MILD SPICY, 750 gm",Al Kabeer,Zing Fish Fillet,No Variant,Breaded Seafood,750 gm,1,CFB,BEEF FRANKS,454 Gms x 20 Pkts,SAUSAGES,52.62,42.99,85.5,conflict,0.49,,manual_required
14915,33950290,Al Kabeer CRAZY CHICKEN NUGGETS/CHICKEN NUGGETS / BREADED CHICKEN FILLET 750 gm,Al Kabeer,Chicken Fillets-Frozen,No Variant,Marinated & Breaded,750 gm,1,CCCTM,CHICKEN TIKKA MAKHANI & PILAU RICE,450 Gms x 12 Pkts,READY2EAT,54.61,48.68,85.5,conflict,0.35,,manual_required
14917,33950291,ALKABEER FRENCH FRIES 2.5kg,Al Kabeer,French Fries-Frozen,No Variant,Frozen Fries & Onion Rings,2.5 kg,1,CFBFA,BREADED FISH FILLET BULK,1 Kgs x 5 Pkts,FILLETS,52.24,41.9,85.5,conflict,0.08,,manual_required
14919,33950423,Al Kabeer FROZEN PANJABI SAMOSAS 900 gm,Al Kabeer,Samosa-Frozen,Punjabi,"Frozen Pizzas, Wraps, Sandwiches",900 gm,1,CCSAK,12 CHEESE SAMOSAS,240 Gms x 20 Pkts,SAMOSA,54.63,48.74,85.5,conflict,0.73,,manual_required
14934,33953051,Al Kabeer Chicken / Vegetables Spring Roll 8's (280 gm),Al Kabeer,Spring Roll-Frozen,No Variant,"Frozen Pizzas, Wraps, Sandwiches",280 gm,1,CCCB,CHICKEN BIRYANI 400,400 Gms x 12 Pkts,READY2EAT,53.61,45.8,85.5,conflict,0.42,,manual_required
14935,33953139,Al Kabeer Chicken Kofta 300 gm,Al Kabeer,Chicken Kofta-Frozen,No Variant,Frozen Kofta / Kibbeh & Meat Balls,300 gm,1,CCCB,CHICKEN BIRYANI 400,400 Gms x 12 Pkts,READY2EAT,54.43,48.15,85.5,conflict,1.81,,manual_required
14936,33956696,Al Kabeer Zing Chicken Strips 750 gm Assorted ,Al Kabeer,Chicken Strips-Frozen,No Variant,Zing,750 gm,1,CKSAPR,AK PRO CHICKEN SAMOSA,4 X 1.2 KGS,SAMOSA,53.05,44.21,85.5,conflict,0.63,,manual_required
14945,33956779,Al Kabeer French Fries 2.5 Kg,Al Kabeer,French Fries-Frozen,No Variant,Frozen Fries & Onion Rings,2.5 kg,1,CFBFA,BREADED FISH FILLET BULK,1 Kgs x 5 Pkts,FILLETS,52.24,41.9,85.5,conflict,0.08,,manual_required
14946,33956782,Al Kabeer Chicken Kofta 300 gm,Al Kabeer,Chicken Kofta-Frozen,No Variant,Frozen Kofta / Kibbeh & Meat Balls,300 gm,1,CCCB,CHICKEN BIRYANI 400,400 Gms x 12 Pkts,READY2EAT,54.43,48.15,85.5,conflict,1.81,,manual_required
14960,33958083,Al Kabeer - Zing Chicken Strips Spicy/Non Spicy 750 gm,Al Kabeer,Chicken Strips-Frozen,No Variant,Zing,750 gm,1,CKJCNA,JUMBO CHICKEN NUGGETS,1 Kgs x 5 Pkts,NUGGETS,52.19,41.76,85.5,conflict,0.3,,manual_required
14962,33958108,Al Kabeer - Zing Chicken Strips Buffalo/Sriracha 700gm,Al Kabeer,Chicken Strips-Frozen,Spicy,Zing,700 gm,1,CKJCNA,JUMBO CHICKEN NUGGETS,1 Kgs x 5 Pkts,NUGGETS,53.62,45.83,85.5,conflict,0.24,,manual_required
14963,33958108,Al Kabeer - Zing Chicken Strips Buffalo/Sriracha 700gm,Al Kabeer,Chicken Strips-Frozen,No Variant,Zing,700 gm,1,CKBT,TAYEBAT CHICKEN BURGER,1 Kgs x 9 Pkts,BURGERS,54.3,47.79,85.5,conflict,2.86,,manual_required
14970,33959721,Al Kabeer Panjabi Samosa 900gm,Al Kabeer,Samosa-Frozen,Punjabi,"Frozen Pizzas, Wraps, Sandwiches",900 gm,1,CCSAK,12 CHEESE SAMOSAS,240 Gms x 20 Pkts,SAMOSA,53.54,45.61,85.5,conflict,0.83,,manual_required
14979,33960037,Al Kabeer - Zing Chicken Strips Sriracha / Buffalo 700 gm,Al Kabeer,Chicken Strips-Frozen,No Variant,Zing,700 gm,1,CKBW,BBQ CHICKEN WINGS 400,400 Gms x 12 Pkts,WINGS,54.54,48.48,85.5,conflict,1.5,,manual_required
14980,33960037,Al Kabeer - Zing Chicken Strips Sriracha / Buffalo 700 gm,Al Kabeer,Chicken Strips-Frozen,Spicy,Zing,700 gm,1,CKCKB,CHICKEN BURGERS 56 g,840 g. x 9,BURGERS,53.91,46.67,85.5,conflict,0.42,,manual_required
14995,33965197,Al Kabeer Paneer Cubes 200 gm,Al Kabeer,Paneer,No Variant,Paneer,200 gm,1,CKCCR,CHICKEN ‘N’ CHEESE RINGS 300,300 gms x 12 pkts,POP-CORN & CHICKEN FRIES,52.79,43.48,85.5,conflict,0.32,,manual_required
14998,34008827,Al Kabeer Paneer Cubes 200 gm,Al Kabeer,Paneer,No Variant,Paneer,200 gm,1,CKCCR,CHICKEN ‘N’ CHEESE RINGS 300,300 gms x 12 pkts,POP-CORN & CHICKEN FRIES,52.79,43.48,85.5,conflict,0.32,,manual_required
15004,34010900,Al Kabeer Tender Chicken Breast 1000gm,Al Kabeer,Chicken Breast-Frozen,No Variant,Frozen Chicken Parts,1000 gm,1,CFBF,BREADED FISH FILLET,330 Gms x 20 Pkts,FILLETS,52.58,42.86,85.5,conflict,0.19,,manual_required
15007,34023540,Al Kabeer Chicken Kofta 300 gm,Al Kabeer,Chicken Kofta-Frozen,No Variant,Frozen Kofta / Kibbeh & Meat Balls,300 gm,1,CCCB,CHICKEN BIRYANI 400,400 Gms x 12 Pkts,READY2EAT,54.43,48.15,85.5,conflict,1.81,,manual_required
15009,34023675,Al Kabeer Zing Chicken Strips/NoSpicy 750 gm,Al Kabeer,Chicken Strips-Frozen,No Variant,Zing,750 gm,1,CKSK,SHISH KEBAB,600 Gms x 12 Pkts,KEBAB,54.31,47.83,85.5,conflict,2.59,,manual_required
15010,34024670,Al Kabeer Zing Chicken Strips/NoSpicy 750 gm,Al Kabeer,Chicken Strips-Frozen,No Variant,Zing,750 gm,1,CKSK,SHISH KEBAB,600 Gms x 12 Pkts,KEBAB,54.31,47.83,85.5,conflict,2.59,,manual_required
15013,34089973,Al Kabeer Zing Chicken Fillet/Strips 750 gm per pc,Al Kabeer,Chicken Fillets-Frozen,No Variant,Zing,750 gm,1,CCSAK,12 CHEESE SAMOSAS,240 Gms x 20 Pkts,SAMOSA,52.53,42.74,85.5,conflict,0.58,,manual_required
15022,34133533,AL KABEER ZING CHICKEN STRIPS SPICY 750GM/FISH FINGER 1KG,Al Kabeer,Chicken Strips-Frozen,Spicy,Zing,750 gm,1,CBBAGPR,AK PRO BEEF BURGER 24,1.392 kg x 6 Pkts,BURGERS,51.82,40.71,85.5,conflict,0.11,,manual_required
15024,34133649,Al Kabeer Zing Chicken Fillets Non-Spicy 750gm,Al Kabeer,Chicken Fillets-Frozen,No Variant,Zing,750 gm,1,CKJCNA,JUMBO CHICKEN NUGGETS,1 Kgs x 5 Pkts,NUGGETS,53.05,44.21,85.5,conflict,1.02,,manual_required
15025,34133649,Al Kabeer Zing Chicken Fillets Non-Spicy 750gm,Al Kabeer,Chicken Fillets-Frozen,Spicy,Zing,750 gm,1,CKSK,SHISH KEBAB,600 Gms x 12 Pkts,KEBAB,54.47,48.28,85.5,conflict,1.17,,manual_required
15037,34193007,Al Kabeer BREADED CHICKEN FILLET PLAIN / HOT & SPICY 750 gm,Al Kabeer,Chicken Fillets-Frozen,No Variant,Marinated & Breaded,750 gm,1,CCKSB,CHICKEN STICKS BULK,1 Kgs x 5 Pkts,STICKS & FINGERS,54.11,47.24,85.5,conflict,0.1,,manual_required
15038,34193073,Al kabeer Sweet Corn On The Cob 1000 gm,Al Kabeer,Sweet Corn-Frozen,No Variant,Frozen Vegetables,1 kg,1,CFBJ,JUMBO HOTDOGS,400 Gms x 20 Pkts,SAUSAGES,51.45,39.64,85.5,conflict,0.37,,manual_required
15044,34195693,"Al Kabeer PUNJABI SAMOSA, 900gm",Al Kabeer,Samosa-Frozen,Punjabi,"Frozen Pizzas, Wraps, Sandwiches",900 gm,1,CCSAK,12 CHEESE SAMOSAS,240 Gms x 20 Pkts,SAMOSA,54.74,49.06,85.5,conflict,1.92,,manual_required
15049,34195898,"Al Kabeer SEASONED WEDGES, 750gm",Al Kabeer,Potato Wedges-Frozen,No Variant,Frozen Fries & Onion Rings,750 gm,1,CFB,BEEF FRANKS,454 Gms x 20 Pkts,SAUSAGES,52.41,42.37,85.5,conflict,0.06,,manual_required
15062,34201970,AL KABEER FRENCH FRIES 2.5 kg,Al Kabeer,French Fries-Frozen,No Variant,Frozen Fries & Onion Rings,2.5 kg,1,CFBFA,BREADED FISH FILLET BULK,1 Kgs x 5 Pkts,FILLETS,52.24,41.9,85.5,conflict,0.08,,manual_required
15066,34202073,Al Kabeer CRAZY CHICKEN NUGGETS/CHICKEN NUGGETS/BREADED CHICKEN FILLET 750 gm,Al Kabeer,Chicken Fillets-Frozen,No Variant,Marinated & Breaded,750 gm,1,CCCTM,CHICKEN TIKKA MAKHANI & PILAU RICE,450 Gms x 12 Pkts,READY2EAT,54.61,48.68,85.5,conflict,0.35,,manual_required
15068,34202098,ALKABEER GREEN PEAS/ MIX VEGETABLES 900 gm,Al Kabeer,Green/Garden Peas-Frozen,No Variant,Frozen Vegetables,900 gm,1,CFB,BEEF FRANKS,454 Gms x 20 Pkts,SAUSAGES,51.85,40.78,85.5,conflict,0.02,,manual_required
15069,34202098,ALKABEER GREEN PEAS/ MIX VEGETABLES 900 gm,Al Kabeer,Mix Vegetables-Frozen,No Variant,Frozen Vegetables,900 gm,1,CFB,BEEF FRANKS,454 Gms x 20 Pkts,SAUSAGES,52.16,41.67,85.5,conflict,0.3,,manual_required
15081,34207822,Al Kabeer Zing Chicken Strips Spicy Sriracha Flavour 700 gm,Al Kabeer,Chicken Strips-Frozen,Spicy,Zing,700 gm,1,CKBT,TAYEBAT CHICKEN BURGER,1 Kgs x 9 Pkts,BURGERS,54.91,49.52,85.5,conflict,2.29,,manual_required
15082,34207822,Al Kabeer Zing Chicken Strips Spicy Sriracha Flavour 700 gm,Al Kabeer,Chicken Strips-Frozen,No Variant,Zing,700 gm,1,CCCB,CHICKEN BIRYANI 400,400 Gms x 12 Pkts,READY2EAT,54.01,46.96,85.5,conflict,1.85,,manual_required
15101,34220315,Al Kabeer TENDER CHICKEN BREAST 1 kg,Al Kabeer,Chicken Breast-Frozen,No Variant,Frozen Chicken Parts,1000 gm,1,CBBO,4 BEEF BURGERS,200 Gms x 30 Pkt,BURGERS,51.86,40.82,85.5,conflict,0.01,,manual_required
15103,34220322,Al Kabeer Paneer Cubes 200 gm,Al Kabeer,Paneer,No Variant,Paneer,200 gm,1,CKCCR,CHICKEN ‘N’ CHEESE RINGS 300,300 gms x 12 pkts,POP-CORN & CHICKEN FRIES,52.79,43.48,85.5,conflict,0.32,,manual_required
15105,34220615,"Al Kabeer, frozen bobby veal meat 907 gm",Al Kabeer,Bobby Veal-Frozen,No Variant,Other Frozen Meat,907 gm,1,CFB,BEEF FRANKS,454 Gms x 20 Pkts,SAUSAGES,54.31,47.83,85.5,conflict,1.27,,manual_required
15108,34222508,Al Kabeer Paneer Cubes 200 gm,Al Kabeer,Paneer,No Variant,Paneer,200 gm,1,CKCCR,CHICKEN ‘N’ CHEESE RINGS 300,300 gms x 12 pkts,POP-CORN & CHICKEN FRIES,52.79,43.48,85.5,conflict,0.32,,manual_required
15114,34223562,Al Kabeer Punjabi Samosa 900 gm,Al Kabeer,Samosa-Frozen,Punjabi,"Frozen Pizzas, Wraps, Sandwiches",900 gm,1,CCSAK,12 CHEESE SAMOSAS,240 Gms x 20 Pkts,SAMOSA,53.89,46.6,85.5,conflict,0.67,,manual_required
15117,34243602,Al Kabeer Chicken Nuggets Frozen/Krazy 750 gm,Al Kabeer,Chicken Nuggets-Frozen,No Variant,Marinated & Breaded,750 gm,1,CCCB,CHICKEN BIRYANI 400,400 Gms x 12 Pkts,READY2EAT,54.47,48.28,85.5,conflict,0.35,,manual_required
15118,34243630,Al Kabeer Punjabi Samosa Frozen 900 gm,Al Kabeer,Samosa-Frozen,Punjabi,"Frozen Pizzas, Wraps, Sandwiches",900 gm,1,CCSAK,12 CHEESE SAMOSAS,240 Gms x 20 Pkts,SAMOSA,53.89,46.6,85.5,conflict,0.67,,manual_required
15122,34243699,Al Kabeer Zing Chicken Strips /Spicy 750 gm,Al Kabeer,Chicken Strips-Frozen,No Variant,Zing,750 gm,1,CKSK,SHISH KEBAB,600 Gms x 12 Pkts,KEBAB,54.69,48.89,85.5,conflict,2.65,,manual_required
15125,34278553,Al Kabeer Paneer Cubes 200 gm,Al Kabeer,Paneer,No Variant,Paneer,200 gm,1,CKCCR,CHICKEN ‘N’ CHEESE RINGS 300,300 gms x 12 pkts,POP-CORN & CHICKEN FRIES,52.79,43.48,85.5,conflict,0.32,,manual_required
15129,34294843,AL KABEER ZING CHICKEN FILLET/STRIP NON SPICY 750gm,Al Kabeer,Chicken Strips-Frozen,No Variant,Zing,750 gm,1,CKBW,BBQ CHICKEN WINGS 400,400 Gms x 12 Pkts,WINGS,52.48,42.59,85.5,conflict,1.02,,manual_required
15131,34318248,Al Kabeer Tender Chicken Breast 1000 g,Al Kabeer,Chicken Breast-Frozen,No Variant,Frozen Chicken Parts,1 kg,1,CBBO,4 BEEF BURGERS,200 Gms x 30 Pkt,BURGERS,51.86,40.82,85.5,conflict,0.01,,manual_required
15140,34381590,Al Kabeer Paneer Cubes 200gm,Al Kabeer,Paneer,No Variant,Paneer,200 gm,1,CKCCR,CHICKEN ‘N’ CHEESE RINGS 300,300 gms x 12 pkts,POP-CORN & CHICKEN FRIES,52.31,42.11,85.5,conflict,0.09,,manual_required
15146,34381830,Al Kabeer Pop Corn Chicken 750 gm,Al Kabeer,Chicken Popcorn-Frozen,No Variant,Marinated & Breaded,750 gm,1,CKCKB,CHICKEN BURGERS 56 g,840 g. x 9,BURGERS,51.89,40.91,85.5,conflict,0.06,,manual_required
15147,34381831,Al Kabeer Punjabi Sambosa 900 gm,Al Kabeer,Samosa-Frozen,Punjabi,"Frozen Pizzas, Wraps, Sandwiches",900 gm,1,CCSAK,12 CHEESE SAMOSAS,240 Gms x 20 Pkts,SAMOSA,54.6,48.65,85.5,conflict,1.69,,manual_required
15149,34381832,Al Kabeer Chicken Zinger Fillets/Spicy 750 gm,Al Kabeer,Chicken Fillets-Frozen,No Variant,Zing,750 gm,1,CKSAA,CHICKEN SAMOSAS BULK,1.2 Kgs x 4 Pkts,SAMOSA,52.38,42.31,85.5,conflict,0.11,,manual_required
15151,34387252,Al Kabeer Chicken Pop-Corn/Zing Non Spicy Chicken Nuggets 750 gm,Al Kabeer,Chicken Nuggets-Frozen,No Variant,Zing,750 gm,1,CCKSB,CHICKEN STICKS BULK,1 Kgs x 5 Pkts,STICKS & FINGERS,53.42,45.28,85.5,conflict,0.22,,manual_required
15157,34425716,"AL KABEER CHICKEN CHEESE STICKS, VEGETABLE OR CHICKEN SPRING ROLLS, 250 - 280 Gm",Al Kabeer,Spring Roll-Frozen,No Variant,"Frozen Pizzas, Wraps, Sandwiches",280 gm,1,CCKSB,CHICKEN STICKS BULK,1 Kgs x 5 Pkts,STICKS & FINGERS,54.77,49.12,85.5,conflict,1.5,,manual_required
15175,34427163,AL KABEER TENDER CHICKEN BREAST 1 kg,Al Kabeer,Chicken Breast-Frozen,No Variant,Frozen Chicken Parts,1000 gm,1,CBBO,4 BEEF BURGERS,200 Gms x 30 Pkt,BURGERS,51.86,40.82,85.5,conflict,0.01,,manual_required
15176,34427166,ALKABEER Green Peas / Mixed Vegetable 900 gm,Al Kabeer,Green/Garden Peas-Frozen,No Variant,Frozen Vegetables,900 gm,1,CFBF,BREADED FISH FILLET,330 Gms x 20 Pkts,FILLETS,52.14,41.6,85.5,conflict,0.56,,manual_required
15177,34427166,ALKABEER Green Peas / Mixed Vegetable 900 gm,Al Kabeer,Mix Vegetables-Frozen,No Variant,Frozen Vegetables,900 gm,1,CFBJ,JUMBO HOTDOGS,400 Gms x 20 Pkts,SAUSAGES,51.7,40.35,85.5,conflict,0.0,,manual_required
15190,34429562,AL KABEER STRAWBERRIES 900 gm / mango 1kg,Al Kabeer,Strawberry-Frozen,No Variant,Frozen Fruits,900 gm,1,CFBJ,JUMBO HOTDOGS,400 Gms x 20 Pkts,SAUSAGES,51.7,40.35,85.5,conflict,0.37,,manual_required
15191,34429565,Al Kabeer Crazy Chicken Nuggets/Chicken Nuggets / Breaded Chicken Fillet 750 gm,Al Kabeer,Chicken Fillets-Frozen,No Variant,Marinated & Breaded,750 gm,1,CCCTM,CHICKEN TIKKA MAKHANI & PILAU RICE,450 Gms x 12 Pkts,READY2EAT,54.61,48.68,85.5,conflict,0.35,,manual_required
15225,34438275,Al Kabeer Blueberries/ Blackberries 350 gm,Al Kabeer,Blueberries-Frozen,No Variant,Frozen Fruits,350 gm,1,CBBO,4 BEEF BURGERS,200 Gms x 30 Pkt,BURGERS,52.89,43.75,85.5,conflict,0.86,,manual_required
15229,34439450,Al Kabeer French Fries 2.5kg,Al Kabeer,French Fries-Frozen,No Variant,Frozen Fries & Onion Rings,2.5 kg,1,CFBFA,BREADED FISH FILLET BULK,1 Kgs x 5 Pkts,FILLETS,52.24,41.9,85.5,conflict,0.08,,manual_required
15241,34440014,Al Kabeer Green Peas/Mixed Vegetables 900gm,Al Kabeer,Green/Garden Peas-Frozen,No Variant,Frozen Vegetables,900 gm,1,CFB,BEEF FRANKS,454 Gms x 20 Pkts,SAUSAGES,51.83,40.74,85.5,conflict,0.02,,manual_required
15242,34440014,Al Kabeer Green Peas/Mixed Vegetables 900gm,Al Kabeer,Mix Vegetables-Frozen,No Variant,Frozen Vegetables,900 gm,1,CFBJ,JUMBO HOTDOGS,400 Gms x 20 Pkts,SAUSAGES,51.97,41.12,85.5,conflict,0.0,,manual_required
15243,34441907,Al Kabeer Tender Chicken Breast 1000gm,Al Kabeer,Chicken Breast-Frozen,No Variant,Frozen Chicken Parts,1000 gm,1,CFBF,BREADED FISH FILLET,330 Gms x 20 Pkts,FILLETS,52.58,42.86,85.5,conflict,0.19,,manual_required
15248,34443475,Al Kabeer Mixed Vegetables with Corn / Green Peas 900gm,Al Kabeer,Mix Vegetables-Frozen,No Variant,Frozen Vegetables,900 gm,1,CFBJ,JUMBO HOTDOGS,400 Gms x 20 Pkts,SAUSAGES,51.93,41.03,85.5,conflict,0.36,,manual_required
15249,34443475,Al Kabeer Mixed Vegetables with Corn / Green Peas 900gm,Al Kabeer,Green/Garden Peas-Frozen,No Variant,Frozen Vegetables,900 gm,1,CFB,BEEF FRANKS,454 Gms x 20 Pkts,SAUSAGES,51.81,40.68,85.5,conflict,0.45,,manual_required
15250,34443565,Al Kabeer French Fries 2.5kg,Al Kabeer,French Fries-Frozen,No Variant,Frozen Fries & Onion Rings,2.5 kg,1,CFBFA,BREADED FISH FILLET BULK,1 Kgs x 5 Pkts,FILLETS,52.24,41.9,85.5,conflict,0.08,,manual_required
15259,34445257,Al Kabeer Chicken/Vegetable Samosa 240 gm/Spring Roll 280 gm,Al Kabeer,Spring Roll-Frozen,No Variant,"Frozen Pizzas, Wraps, Sandwiches",280 gm,1,CCF,CHICKEN FRIES,12 PKTS X 400 GRM,POP-CORN & CHICKEN FRIES,53.53,45.59,85.5,conflict,0.12,,manual_required
15261,34445260,Al Kabeer Paneer Cubes 200 gm,Al Kabeer,Paneer,No Variant,Paneer,200 gm,1,CKCCR,CHICKEN ‘N’ CHEESE RINGS 300,300 gms x 12 pkts,POP-CORN & CHICKEN FRIES,52.79,43.48,85.5,conflict,0.32,,manual_required
15265,34447146,Al Kabeer Chicken/Vegetable Samosa 240 gm /Spring Roll 280 gm,Al Kabeer,Spring Roll-Frozen,No Variant,"Frozen Pizzas, Wraps, Sandwiches",280 gm,1,CCF,CHICKEN FRIES,12 PKTS X 400 GRM,POP-CORN & CHICKEN FRIES,53.53,45.59,85.5,conflict,0.12,,manual_required
15273,34470135,Al Kabeer krazee Chicken Nuggets 750gm,Al Kabeer,Chicken Nuggets-Frozen,No Variant,Marinated & Breaded,750 gm,1,CFB,BEEF FRANKS,454 Gms x 20 Pkts,SAUSAGES,52.41,42.37,85.5,conflict,0.06,,manual_required
15283,34491877,AL KABEER PUNJABI SAMOSA 900 gm,Al Kabeer,Samosa-Frozen,Punjabi,"Frozen Pizzas, Wraps, Sandwiches",900 gm,1,CCSAK,12 CHEESE SAMOSAS,240 Gms x 20 Pkts,SAMOSA,53.89,46.6,85.5,conflict,0.67,,manual_required
15292,34578850,Al Kabeer Zing Chicken Strips NON Spicy/Spicy 750 gm,Al Kabeer,Chicken Strips-Frozen,No Variant,Zing,750 gm,1,CKJCNA,JUMBO CHICKEN NUGGETS,1 Kgs x 5 Pkts,NUGGETS,52.19,41.76,85.5,conflict,0.3,,manual_required
15294,34578852,Al Kabeer Zing Fish Fillet Mild Spicy 750 gm,Al Kabeer,Zing Fish Fillet,No Variant,Breaded Seafood,750 gm,1,CFB,BEEF FRANKS,454 Gms x 20 Pkts,SAUSAGES,52.62,42.99,85.5,conflict,0.49,,manual_required
15295,34578863,Al Kabeer Hash Browns 2500 gm,Al Kabeer,Hash browns,No Variant,Frozen Potato/ Fries/ Onion rings,2.5 kg,1,CBBO24,24 BEEF BURGERS,1.2 Kgs x 8 Pkts,BURGERS,51.58,40.0,85.5,conflict,0.49,,manual_required
15298,34578883,Al Kabeer Tikka Tandoori Chicken 1000 g,Al Kabeer,Chicken Tikka-Frozen,No Variant,Frozen Barbeque Products,1000 gm,1,CCCB,CHICKEN BIRYANI 400,400 Gms x 12 Pkts,READY2EAT,54.15,47.37,85.5,conflict,2.23,,manual_required
15301,34578901,Al Kabeer Breaded Shrimps 1000 gm,Al Kabeer,Breaded shrimp frozen,No Variant,Breaded Seafood,1 kg,1,CKSK,SHISH KEBAB,600 Gms x 12 Pkts,KEBAB,52.82,43.56,85.5,conflict,0.69,,manual_required
15305,34596311,Al Kabeer Chicken Spring Roll 280 gm / Vegetable Samosa 240 gm,Al Kabeer,Spring Roll-Frozen,No Variant,"Frozen Pizzas, Wraps, Sandwiches",280 gm,1,CCF,CHICKEN FRIES,12 PKTS X 400 GRM,POP-CORN & CHICKEN FRIES,53.53,45.59,85.5,conflict,0.12,,manual_required
15306,34596312,Al Kabeer Paneer Cubes 200 gm,Al Kabeer,Paneer,No Variant,Paneer,200 gm,1,CKCCR,CHICKEN ‘N’ CHEESE RINGS 300,300 gms x 12 pkts,POP-CORN & CHICKEN FRIES,52.79,43.48,85.5,conflict,0.32,,manual_required
15311,34602709,Al Kabeer Zing Chicken Strips / Fillet 750 gm Per Pc,Al Kabeer,Chicken Fillets-Frozen,No Variant,Zing,750 gm,1,CCSAK,12 CHEESE SAMOSAS,240 Gms x 20 Pkts,SAMOSA,52.53,42.74,85.5,conflict,0.58,,manual_required
15313,34614541,Al Kabeer Punjabi Samosa 900 gm,Al Kabeer,Samosa-Frozen,Punjabi,"Frozen Pizzas, Wraps, Sandwiches",900 gm,1,CCSAK,12 CHEESE SAMOSAS,240 Gms x 20 Pkts,SAMOSA,53.89,46.6,85.5,conflict,0.67,,manual_required
15320,34628930,Al Kabeer Zing Chicken Fillet Non Spicy 750 gm,Al Kabeer,Chicken Strips-Frozen,No Variant,Zing,750 gm,1,CKSAA,CHICKEN SAMOSAS BULK,1.2 Kgs x 4 Pkts,SAMOSA,53.28,44.86,85.5,conflict,1.43,,manual_required
15322,34629408,Al kabeer Zing Chicken Fillets Non Spicy 750 gm,Al Kabeer,Chicken Fillets-Frozen,No Variant,Zing,750 gm,1,CKJCNA,JUMBO CHICKEN NUGGETS,1 Kgs x 5 Pkts,NUGGETS,53.55,45.65,85.5,conflict,1.03,,manual_required
15330,34635299,AL KABEER CHICKEN BURGER BREADED / UNBREADED 840 gm,Al Kabeer,Chicken Burger-Frozen,Breaded,Frozen Burger,840 gm,1,CFBF,BREADED FISH FILLET,330 Gms x 20 Pkts,FILLETS,54.73,49.02,85.5,conflict,0.06,,manual_required
15331,34635299,AL KABEER CHICKEN BURGER BREADED / UNBREADED 840 gm,Al Kabeer,Chicken Burger-Frozen,Unbreaded,Frozen Burger,840 gm,1,CFBF,BREADED FISH FILLET,330 Gms x 20 Pkts,FILLETS,54.73,49.02,85.5,conflict,0.06,,manual_required
15332,34635352,Alkabeer Fries Waffle / Wedges 750 gm,Al Kabeer,Potato Wedges-Frozen,No Variant,Frozen Fries & Onion Rings,750 gm,1,CFBF,BREADED FISH FILLET,330 Gms x 20 Pkts,FILLETS,52.37,42.28,85.5,conflict,0.55,,manual_required
15333,34635352,Alkabeer Fries Waffle / Wedges 750 gm,Al Kabeer,Crisscut Fries-Frozen,No Variant,Frozen Fries & Onion Rings,750 gm,1,CFBF,BREADED FISH FILLET,330 Gms x 20 Pkts,FILLETS,52.14,41.6,85.5,conflict,1.17,,manual_required
15340,34635401,ALKABEER PUNJABI SAMOSAS 450 gm / VEGETABLE OR CHICKEN SPRING ROLL / SAMOSAS 240 gm,Al Kabeer,Samosa-Frozen,Other-Veg,"Frozen Pizzas, Wraps, Sandwiches",240 gm,1,CCCTM,CHICKEN TIKKA MAKHANI & PILAU RICE,450 Gms x 12 Pkts,READY2EAT,53.48,45.45,85.5,conflict,0.91,,manual_required
15343,34638247,"Al Kabeer PUNJABI SAMOSA, 900 gm",Al Kabeer,Samosa-Frozen,Punjabi,"Frozen Pizzas, Wraps, Sandwiches",900 gm,1,CCSAK,12 CHEESE SAMOSAS,240 Gms x 20 Pkts,SAMOSA,53.89,46.6,85.5,conflict,0.67,,manual_required
15347,34638284,"Al Kabeer MIXED VEGETABLES OR GREEN PEAS, 900 gm",Al Kabeer,Green/Garden Peas-Frozen,No Variant,Frozen Vegetables,900 gm,1,CFB,BEEF FRANKS,454 Gms x 20 Pkts,SAUSAGES,52.48,42.59,85.5,conflict,0.27,,manual_required
15348,34638284,"Al Kabeer MIXED VEGETABLES OR GREEN PEAS, 900 gm",Al Kabeer,Mix Vegetables-Frozen,No Variant,Frozen Vegetables,900 gm,1,CFBJ,JUMBO HOTDOGS,400 Gms x 20 Pkts,SAUSAGES,52.62,42.99,85.5,conflict,0.38,,manual_required
15365,34643225,Alkabeer Chicken Samosa 240 gm/Punjabi Samosa 450/Chicken Mince 400gm/Chicken Spring Roll 280gm,Al Kabeer,Spring Roll-Frozen,No Variant,"Frozen Pizzas, Wraps, Sandwiches",280 gm,1,CCCTM,CHICKEN TIKKA MAKHANI & PILAU RICE,450 Gms x 12 Pkts,READY2EAT,54.57,48.55,85.5,conflict,0.88,,manual_required
15366,34643255,ALKABEER FRENCH FRIES 2.5kg,Al Kabeer,French Fries-Frozen,No Variant,Frozen Fries & Onion Rings,2.5 kg,1,CFBFA,BREADED FISH FILLET BULK,1 Kgs x 5 Pkts,FILLETS,52.24,41.9,85.5,conflict,0.08,,manual_required
15367,34643700,ALKABEER CHICKEN KOFTA 300 gm,Al Kabeer,Chicken Kofta-Frozen,No Variant,Frozen Kofta / Kibbeh & Meat Balls,300 gm,1,CCCB,CHICKEN BIRYANI 400,400 Gms x 12 Pkts,READY2EAT,54.43,48.15,85.5,conflict,1.81,,manual_required
15369,34643761,Al-Kabeer Zing Chicken Strips/ Fillet (N/SPC) 750 gm / Butter Chicken Zing Fillet / Butter Chicken Zing Fillet / Strips Smoked Buffalo / Sriracha,Al Kabeer,Chicken Strips-Frozen,No Variant,Zing,700 gm,1,CCKSB,CHICKEN STICKS BULK,1 Kgs x 5 Pkts,STICKS & FINGERS,53.77,46.27,85.5,conflict,0.54,,manual_required
15371,34643761,Al-Kabeer Zing Chicken Strips/ Fillet (N/SPC) 750 gm / Butter Chicken Zing Fillet / Butter Chicken Zing Fillet / Strips Smoked Buffalo / Sriracha,Al Kabeer,Chicken Strips-Frozen,No Variant,Zing,750 gm,1,CCKSB,CHICKEN STICKS BULK,1 Kgs x 5 Pkts,STICKS & FINGERS,53.73,46.15,85.5,conflict,0.55,,manual_required
15372,34643761,Al-Kabeer Zing Chicken Strips/ Fillet (N/SPC) 750 gm / Butter Chicken Zing Fillet / Butter Chicken Zing Fillet / Strips Smoked Buffalo / Sriracha,Al Kabeer,Chicken Fillets-Frozen,No Variant,Zing,750 gm,1,CCKSB,CHICKEN STICKS BULK,1 Kgs x 5 Pkts,STICKS & FINGERS,53.3,44.93,85.5,conflict,0.88,,manual_required
15373,34643761,Al-Kabeer Zing Chicken Strips/ Fillet (N/SPC) 750 gm / Butter Chicken Zing Fillet / Butter Chicken Zing Fillet / Strips Smoked Buffalo / Sriracha,Al Kabeer,Chicken Fillets-Frozen,No Variant,Zing,700 gm,1,CCKSB,CHICKEN STICKS BULK,1 Kgs x 5 Pkts,STICKS & FINGERS,53.35,45.07,85.5,conflict,0.86,,manual_required
15387,34646906,Al Kabeer PUNJABI SAMOSA 900gm,Al Kabeer,Samosa-Frozen,Punjabi,"Frozen Pizzas, Wraps, Sandwiches",900 gm,1,CCSAK,12 CHEESE SAMOSAS,240 Gms x 20 Pkts,SAMOSA,54.74,49.06,85.5,conflict,1.92,,manual_required
15388,34646955,Al Kabeer ZING FISH FILLETS MILD SPICY 750gm,Al Kabeer,Zing Fish Fillet,No Variant,Breaded Seafood,750 gm,1,CBBO,4 BEEF BURGERS,200 Gms x 30 Pkt,BURGERS,51.33,39.29,85.5,conflict,0.11,,manual_required
15391,34646989,Al Kabeer TENDER CHICKEN BREAST 1000GM,Al Kabeer,Chicken Breast-Frozen,No Variant,Frozen Chicken Parts,1000 gm,1,CFBF,BREADED FISH FILLET,330 Gms x 20 Pkts,FILLETS,52.58,42.86,85.5,conflict,0.19,,manual_required
15404,34651282,Al Kabeer French Fries 2.5 kg,Al Kabeer,French Fries-Frozen,No Variant,Frozen Fries & Onion Rings,2.5 kg,1,CFBFA,BREADED FISH FILLET BULK,1 Kgs x 5 Pkts,FILLETS,52.24,41.9,85.5,conflict,0.08,,manual_required
15407,34651330,Al Kabeer Crazy Chicken Nuggets 750 gm ,Al Kabeer,Chicken Nuggets-Frozen,No Variant,Marinated & Breaded,750 gm,1,CKBCS,BEEF COCKTAIL SAUSAGES,400 Gms x 20 Pkts,SAUSAGES,53.26,44.83,85.5,conflict,0.95,,manual_required
15409,34651384,Al Kabeer Blueberries or Blackberries - 350 gm,Al Kabeer,Blueberries-Frozen,No Variant,Frozen Fruits,350 gm,1,CBBO,4 BEEF BURGERS,200 Gms x 30 Pkt,BURGERS,53.13,44.44,85.5,conflict,1.56,,manual_required
15412,34652092,Al Kabeer Kraze Chicken Nuggets 750 gm,Al Kabeer,Chicken Nuggets-Frozen,No Variant,Marinated & Breaded,750 gm,1,CKBCS,BEEF COCKTAIL SAUSAGES,400 Gms x 20 Pkts,SAUSAGES,52.66,43.1,85.5,conflict,0.35,,manual_required
15413,34653340,Al Kabeer Paneer Cubes 500 gm,Al Kabeer,Paneer,No Variant,Paneer,500 gm,1,CKCCR,CHICKEN ‘N’ CHEESE RINGS 300,300 gms x 12 pkts,POP-CORN & CHICKEN FRIES,52.03,41.3,85.5,conflict,0.12,,manual_required
15418,34653486,Al Kabeer Chicken/Vegetable Samosa 240 gm/Spring Roll 280 gm,Al Kabeer,Spring Roll-Frozen,No Variant,"Frozen Pizzas, Wraps, Sandwiches",280 gm,1,CCF,CHICKEN FRIES,12 PKTS X 400 GRM,POP-CORN & CHICKEN FRIES,53.53,45.59,85.5,conflict,0.12,,manual_required
15427,34657931,AL KABEER FRENCH FRIES 2.5 kg,Al Kabeer,French Fries-Frozen,No Variant,Frozen Fries & Onion Rings,2.5 kg,1,CFBFA,BREADED FISH FILLET BULK,1 Kgs x 5 Pkts,FILLETS,52.24,41.9,85.5,conflict,0.08,,manual_required
15433,34668303,Al Kabeer Punjabi Samosa 900 gm,Al Kabeer,Samosa-Frozen,Punjabi,"Frozen Pizzas, Wraps, Sandwiches",900 gm,1,CCSAK,12 CHEESE SAMOSAS,240 Gms x 20 Pkts,SAMOSA,53.89,46.6,85.5,conflict,0.67,,manual_required
15435,34668308,Al Kabeer Zing Chicken Strips / NoSpicy 750 gm,Al Kabeer,Chicken Strips-Frozen,No Variant,Zing,750 gm,1,CKSK,SHISH KEBAB,600 Gms x 12 Pkts,KEBAB,54.31,47.83,85.5,conflict,2.59,,manual_required
15437,34668333,Al Kabeer Chicken Nuggets/Krazee 750 gm,Al Kabeer,Chicken Nuggets-Frozen,No Variant,Marinated & Breaded,750 gm,1,CFB,BEEF FRANKS,454 Gms x 20 Pkts,SAUSAGES,52.18,41.74,85.5,conflict,0.05,,manual_required
15440,34705773,Al Kabeer Punjabi Samosa 900 gm,Al Kabeer,Samosa-Frozen,Punjabi,"Frozen Pizzas, Wraps, Sandwiches",900 gm,1,CCSAK,12 CHEESE SAMOSAS,240 Gms x 20 Pkts,SAMOSA,53.89,46.6,85.5,conflict,0.67,,manual_required
15441,34705775,Al Kabeer Paneer Cubes 200 gm,Al Kabeer,Paneer,No Variant,Paneer,200 gm,1,CKCCR,CHICKEN ‘N’ CHEESE RINGS 300,300 gms x 12 pkts,POP-CORN & CHICKEN FRIES,52.79,43.48,85.5,conflict,0.32,,manual_required
15451,34824791,Al Kabeer Chicken Nuggets/Krazee Chicken Nuggets 750 gm,Al Kabeer,Chicken Nuggets-Frozen,No Variant,Marinated & Breaded,750 gm,1,CCF,CHICKEN FRIES,12 PKTS X 400 GRM,POP-CORN & CHICKEN FRIES,54.47,48.28,85.5,conflict,0.5,,manual_required
15454,34824794,Al Kabeer Frozen Mixed Vegetable/Green Peas 900 gm,Al Kabeer,Green/Garden Peas-Frozen,No Variant,Frozen Vegetables,900 gm,1,CFBF,BREADED FISH FILLET,330 Gms x 20 Pkts,FILLETS,52.14,41.6,85.5,conflict,0.56,,manual_required
15455,34824794,Al Kabeer Frozen Mixed Vegetable/Green Peas 900 gm,Al Kabeer,Mix Vegetables-Frozen,No Variant,Frozen Vegetables,900 gm,1,CCCB,CHICKEN BIRYANI 400,400 Gms x 12 Pkts,READY2EAT,51.7,40.35,85.5,conflict,0.0,,manual_required
15456,34824795,Al Kabeer French Fries 2.5 kg,Al Kabeer,French Fries-Frozen,No Variant,Frozen Fries & Onion Rings,2.5 kg,1,CFBFA,BREADED FISH FILLET BULK,1 Kgs x 5 Pkts,FILLETS,52.24,41.9,85.5,conflict,0.08,,manual_required
15457,34824796,Al Kabeer Punjabi Sambosa 900 gm,Al Kabeer,Samosa-Frozen,Punjabi,"Frozen Pizzas, Wraps, Sandwiches",900 gm,1,CCSAK,12 CHEESE SAMOSAS,240 Gms x 20 Pkts,SAMOSA,54.6,48.65,85.5,conflict,1.69,,manual_required
15460,34824799,Al Kabeer Chicken/Vegetable Spring Roll/Samosas 240/280 gm ,Al Kabeer,Spring Roll-Frozen,No Variant,"Frozen Pizzas, Wraps, Sandwiches",280 gm,1,CCF,CHICKEN FRIES,12 PKTS X 400 GRM,POP-CORN & CHICKEN FRIES,53.41,45.26,85.5,conflict,0.11,,manual_required
15470,34833907,Al Kabeer Chicken/Vegetable Samosa 240 gm/Spring Roll 280 gm,Al Kabeer,Spring Roll-Frozen,No Variant,"Frozen Pizzas, Wraps, Sandwiches",280 gm,1,CCF,CHICKEN FRIES,12 PKTS X 400 GRM,POP-CORN & CHICKEN FRIES,53.53,45.59,85.5,conflict,0.12,,manual_required
15471,34833968,Al Kabeer Paneer Cubes 500 gm,Al Kabeer,Paneer,No Variant,Paneer,500 gm,1,CKCCR,CHICKEN ‘N’ CHEESE RINGS 300,300 gms x 12 pkts,POP-CORN & CHICKEN FRIES,52.03,41.3,85.5,conflict,0.12,,manual_required
15476,34836142,Al Kabeer/Kamil Bobby Veal 907 gm,Kamil,Bobby Veal-Frozen,No Variant,Other Frozen Meat,907 gm,1,CFB,BEEF FRANKS,454 Gms x 20 Pkts,SAUSAGES,54.0,46.94,85.5,conflict,1.25,,manual_required
15482,34855949,Al Kabeer Zing Chicken Strips / Fillet 750 gm ,Al Kabeer,Chicken Strips-Frozen,No Variant,Zing,750 gm,1,CKSK,SHISH KEBAB,600 Gms x 12 Pkts,KEBAB,53.73,46.15,85.5,conflict,0.35,,manual_required
15483,34855949,Al Kabeer Zing Chicken Strips / Fillet 750 gm ,Al Kabeer,Chicken Fillets-Frozen,No Variant,Zing,750 gm,1,CKSK,SHISH KEBAB,600 Gms x 12 Pkts,KEBAB,53.13,44.44,85.5,conflict,0.31,,manual_required
15494,34884506,Al Kabeer Zing Chicken Fillet or Strips No Spicy or Tempura Nuggets 750 gm,Al Kabeer,Chicken Fillets-Frozen,No Variant,Zing,750 gm,1,CCKSB,CHICKEN STICKS BULK,1 Kgs x 5 Pkts,STICKS & FINGERS,53.13,44.44,85.5,conflict,0.06,,manual_required
15495,34884506,Al Kabeer Zing Chicken Fillet or Strips No Spicy or Tempura Nuggets 750 gm,Al Kabeer,Chicken Nuggets-Frozen,No Variant,Marinated & Breaded,750 gm,1,CCCTM,CHICKEN TIKKA MAKHANI & PILAU RICE,450 Gms x 12 Pkts,READY2EAT,54.34,47.9,85.5,conflict,0.27,,manual_required
15496,34884506,Al Kabeer Zing Chicken Fillet or Strips No Spicy or Tempura Nuggets 750 gm,Al Kabeer,Chicken Strips-Frozen,No Variant,Marinated & Breaded,750 gm,1,CCCTM,CHICKEN TIKKA MAKHANI & PILAU RICE,450 Gms x 12 Pkts,READY2EAT,54.34,47.9,85.5,conflict,0.27,,manual_required
15497,34884985,Al Kabeer Chicken/Vegetable Spring Rolls 1120 gm,Al Kabeer,Spring Roll-Frozen,No Variant,"Frozen Pizzas, Wraps, Sandwiches",1120 gm,1,CCF,CHICKEN FRIES,12 PKTS X 400 GRM,POP-CORN & CHICKEN FRIES,54.01,46.97,85.5,conflict,0.12,,manual_required
15505,34886624,AL KABEER FROZEN BLUEBERRY / BLACKBERRY 350 gm OR MIXED BERRIES 400 gm,Al Kabeer,Blueberries-Frozen,No Variant,Frozen Fruits,350 gm,1,CBK,BEEF KIBBEH 400,400 Gms x 12 Pkts,KOFTA-KIBBEH-FELAFEL,53.53,45.59,85.5,conflict,0.58,,manual_required
15514,34886695,AL KABEER BREADED CHICKEN FILLET PLAIN / HOT & SPICY 750 gm,Al Kabeer,Chicken Fillets-Frozen,No Variant,Marinated & Breaded,750 gm,1,CCKSB,CHICKEN STICKS BULK,1 Kgs x 5 Pkts,STICKS & FINGERS,54.11,47.24,85.5,conflict,0.1,,manual_required
15515,34891847,"AL KABEER BREADED FISH FILLET, 1 kg OR ZING SHRIMPS SPICY, 750 gm",Al Kabeer,Zing Shrimps,Spicy,Breaded Seafood,750 gm,1,CBBOA,BEEF BURGERS BULK,2 Kgs x 5 Pkts,BURGERS,53.21,44.68,85.5,conflict,0.08,,manual_required
15525,34891947,"Al Kabeer VEGETABLE OR CHICKEN SAMOSA OR SPRING ROLLS, 240 - 280 gm",Al Kabeer,Spring Roll-Frozen,No Variant,"Frozen Pizzas, Wraps, Sandwiches",280 gm,1,CCCTM,CHICKEN TIKKA MAKHANI & PILAU RICE,450 Gms x 12 Pkts,READY2EAT,53.5,45.51,85.5,conflict,0.48,,manual_required
15532,34892013,AL KABEER FRENCH FRIES 2.5 kg,Al Kabeer,French Fries-Frozen,No Variant,Frozen Fries & Onion Rings,2.5 kg,1,CFBFA,BREADED FISH FILLET BULK,1 Kgs x 5 Pkts,FILLETS,52.24,41.9,85.5,conflict,0.08,,manual_required
15540,34896120,ALKABEER FRENCH FRIES 2.5KG,Al Kabeer,French Fries-Frozen,No Variant,Frozen Fries & Onion Rings,2.5 kg,1,CFBFA,BREADED FISH FILLET BULK,1 Kgs x 5 Pkts,FILLETS,52.24,41.9,85.5,conflict,0.08,,manual_required
15545,34896156,Alkabeer Vegetable Spring Rolls 280gm/Punjabi Samosa 450gm/Chicken Samosa 240gm,Al Kabeer,Samosa-Frozen,Chicken,"Frozen Pizzas, Wraps, Sandwiches",240 gm,1,CCCTM,CHICKEN TIKKA MAKHANI & PILAU RICE,450 Gms x 12 Pkts,READY2EAT,54.32,47.85,85.5,conflict,0.48,,manual_required
15546,34896156,Alkabeer Vegetable Spring Rolls 280gm/Punjabi Samosa 450gm/Chicken Samosa 240gm,Al Kabeer,Spring Roll-Frozen,No Variant,"Frozen Pizzas, Wraps, Sandwiches",280 gm,1,CCCTM,CHICKEN TIKKA MAKHANI & PILAU RICE,450 Gms x 12 Pkts,READY2EAT,54.0,46.93,85.5,conflict,1.36,,manual_required
15547,34896207,AL KABEER FROZEN PANJABI SAMOSAS 900gm,Al Kabeer,Samosa-Frozen,Punjabi,"Frozen Pizzas, Wraps, Sandwiches",900 gm,1,CCSAK,12 CHEESE SAMOSAS,240 Gms x 20 Pkts,SAMOSA,54.21,47.54,85.5,conflict,0.31,,manual_required
15552,34900524,Alkabeer Zing Chicken Fillets 750gm,Al Kabeer,Chicken Fillets-Frozen,Spicy,Marinated & Breaded,750 gm,1,CKJCNA,JUMBO CHICKEN NUGGETS,1 Kgs x 5 Pkts,NUGGETS,53.36,45.1,85.5,conflict,0.23,,manual_required
15564,34902787,Al Kabeer Zing Chicken Fillets Spicy (750 gm),Al Kabeer,Chicken Fillets-Frozen,No Variant,Zing,750 gm,1,CKSK,SHISH KEBAB,600 Gms x 12 Pkts,KEBAB,53.73,46.15,85.5,conflict,0.35,,manual_required
15565,34902816,Al Kabeer Zing Chicken Strips Smoked Buffalo Flavour 700 gm,Al Kabeer,Chicken Strips-Frozen,No Variant,Zing,700 gm,1,CCCB,CHICKEN BIRYANI 400,400 Gms x 12 Pkts,READY2EAT,53.4,45.22,85.5,conflict,0.66,,manual_required
15566,34902816,Al Kabeer Zing Chicken Strips Smoked Buffalo Flavour 700 gm,Al Kabeer,Chicken Strips-Frozen,Spicy,Zing,700 gm,1,CKBT,TAYEBAT CHICKEN BURGER,1 Kgs x 9 Pkts,BURGERS,52.08,41.44,85.5,conflict,0.26,,manual_required
15567,34902817,Al Kabeer Chicken Kofta 300 gm,Al Kabeer,Chicken Kofta-Frozen,No Variant,Frozen Kofta / Kibbeh & Meat Balls,300 gm,1,CCCB,CHICKEN BIRYANI 400,400 Gms x 12 Pkts,READY2EAT,54.43,48.15,85.5,conflict,1.81,,manual_required
15575,34902941,Al Kabeer Vegetable Samosas 12's (240 gm) / Spring Roll 8's (280 gm),Al Kabeer,Spring Roll-Frozen,No Variant,"Frozen Pizzas, Wraps, Sandwiches",280 gm,1,CCCTM,CHICKEN TIKKA MAKHANI & PILAU RICE,450 Gms x 12 Pkts,READY2EAT,52.64,43.04,85.5,conflict,0.76,,manual_required
15577,34903094,Al Kabeer Zing Fish Fillets / Shrimps (750 gm),Al Kabeer,Zing Fish Fillet,No Variant,Breaded Seafood,750 gm,1,CBBO,4 BEEF BURGERS,200 Gms x 30 Pkt,BURGERS,50.78,37.74,85.5,conflict,0.05,,manual_required
15579,34904422,Al Kabeer Blackberries / Blueberries 350 gm,Al Kabeer,Blueberries-Frozen,No Variant,Frozen Fruits,350 gm,1,CBBO,4 BEEF BURGERS,200 Gms x 30 Pkt,BURGERS,52.89,43.75,85.5,conflict,0.86,,manual_required
15582,34906912,Al Kabeer French Fries 2.5kg,Al Kabeer,French Fries-Frozen,No Variant,Frozen Fries & Onion Rings,2.5 kg,1,CFBFA,BREADED FISH FILLET BULK,1 Kgs x 5 Pkts,FILLETS,52.24,41.9,85.5,conflict,0.08,,manual_required
15586,34906971,Al Kabeer Butter Chicken Zing Fillet 700 gm,Al Kabeer,Chicken Fillets-Frozen,No Variant,Zing,700 gm,1,CKSK,SHISH KEBAB,600 Gms x 12 Pkts,KEBAB,53.13,44.44,85.5,conflict,0.31,,manual_required
15592,34907062,Al Kabeer Tender Chicken Breast 1000 gm,Al Kabeer,Chicken Breast-Frozen,No Variant,Frozen Chicken Parts,1 kg,1,CBBO,4 BEEF BURGERS,200 Gms x 30 Pkt,BURGERS,51.86,40.82,85.5,conflict,0.01,,manual_required
15603,34907269,Al Kabeer French Fries 2.5 kg,Al Kabeer,French Fries-Frozen,No Variant,Frozen Fries & Onion Rings,2.5 kg,1,CFBFA,BREADED FISH FILLET BULK,1 Kgs x 5 Pkts,FILLETS,52.24,41.9,85.5,conflict,0.08,,manual_required
15605,34907309,Al Kabeer Breaded Chicken Fillets 750 gm Normal / Spicy ,Al Kabeer,Chicken Fillets-Frozen,No Variant,Marinated & Breaded,750 gm,1,CCKSB,CHICKEN STICKS BULK,1 Kgs x 5 Pkts,STICKS & FINGERS,54.33,47.86,85.5,conflict,0.82,,manual_required
15608,34907323,Al Kabeer Blackberries or Blueberries 350 gm,Al Kabeer,Blueberries-Frozen,No Variant,Frozen Fruits,350 gm,1,CBBO,4 BEEF BURGERS,200 Gms x 30 Pkt,BURGERS,53.13,44.44,85.5,conflict,1.56,,manual_required
15618,34909471,Al Kabeer Butter Zing Chicken Fillet 700 gm,Al Kabeer,Chicken Fillets-Frozen,No Variant,Zing,700 gm,1,CKSK,SHISH KEBAB,600 Gms x 12 Pkts,KEBAB,53.13,44.44,85.5,conflict,0.31,,manual_required
15627,34909599,Al Kabeer French Fries 2.5 kg,Al Kabeer,French Fries-Frozen,No Variant,Frozen Fries & Onion Rings,2.5 kg,1,CFBFA,BREADED FISH FILLET BULK,1 Kgs x 5 Pkts,FILLETS,52.24,41.9,85.5,conflict,0.08,,manual_required
15636,34911401,Al kabeer Paneer Cubes 500 gm,Al Kabeer,Paneer,No Variant,Paneer,500 gm,1,CKCCR,CHICKEN ‘N’ CHEESE RINGS 300,300 gms x 12 pkts,POP-CORN & CHICKEN FRIES,52.03,41.3,85.5,conflict,0.12,,manual_required
15652,34914050,Al Kabeer GARDEN PEAS 900 gm,Al Kabeer,Green/Garden Peas-Frozen,No Variant,Frozen Vegetables,900 gm,1,VPAN,PANEER CUBES,200 gm x 20 Pkts,TRADING-VEG,54.0,46.94,85.5,conflict,2.13,,manual_required
15655,34916362,Al Kabeer Chicken/Vegetable Samosa 240 gm/Spring Roll 280 gm,Al Kabeer,Spring Roll-Frozen,No Variant,"Frozen Pizzas, Wraps, Sandwiches",280 gm,1,CCF,CHICKEN FRIES,12 PKTS X 400 GRM,POP-CORN & CHICKEN FRIES,53.53,45.59,85.5,conflict,0.12,,manual_required
15656,34916376,Al Kabeer Paneer Cubes 200 gm,Al Kabeer,Paneer,No Variant,Paneer,200 gm,1,CKCCR,CHICKEN ‘N’ CHEESE RINGS 300,300 gms x 12 pkts,POP-CORN & CHICKEN FRIES,52.79,43.48,85.5,conflict,0.32,,manual_required
15659,34917271,Al Kabeer Punjabi Samosa 900 gm,Al Kabeer,Samosa-Frozen,Punjabi,"Frozen Pizzas, Wraps, Sandwiches",900 gm,1,CCSAK,12 CHEESE SAMOSAS,240 Gms x 20 Pkts,SAMOSA,53.89,46.6,85.5,conflict,0.67,,manual_required
15660,34925542,Al Kabeer Potato Bites 1000 gm,Al Kabeer,Potato Bites-Frozen,No Variant,Frozen Fries & Onion Rings,1000 gm,1,CFBF,BREADED FISH FILLET,330 Gms x 20 Pkts,FILLETS,53.26,44.83,85.5,conflict,0.29,,manual_required
15679,34950496,Al Kabeer Zing Chicken Fillet/Strips/Nuggets 750gm,Al Kabeer,Chicken Fillets-Frozen,No Variant,Zing,750 gm,1,CFBF,BREADED FISH FILLET,330 Gms x 20 Pkts,FILLETS,54.8,49.21,85.5,conflict,1.02,,manual_required
15681,34972519,Al Kabeer Chicken Samosa/Vegetables Samosa 1200gm/Chicken/Veg. Spring Roll 1120 gm,Al Kabeer,Samosa-Frozen,Other-Veg,"Frozen Pizzas, Wraps, Sandwiches",1200 gm,1,CCCTM,CHICKEN TIKKA MAKHANI & PILAU RICE,450 Gms x 12 Pkts,READY2EAT,54.24,47.62,85.5,conflict,0.84,,manual_required
15682,34972519,Al Kabeer Chicken Samosa/Vegetables Samosa 1200gm/Chicken/Veg. Spring Roll 1120 gm,Al Kabeer,Spring Roll-Frozen,No Variant,"Frozen Pizzas, Wraps, Sandwiches",1120 gm,1,CCCTM,CHICKEN TIKKA MAKHANI & PILAU RICE,450 Gms x 12 Pkts,READY2EAT,54.14,47.34,85.5,conflict,0.96,,manual_required
15683,34972519,Al Kabeer Chicken Samosa/Vegetables Samosa 1200gm/Chicken/Veg. Spring Roll 1120 gm,Al Kabeer,Samosa-Frozen,Chicken,"Frozen Pizzas, Wraps, Sandwiches",1200 gm,1,CCCTM,CHICKEN TIKKA MAKHANI & PILAU RICE,450 Gms x 12 Pkts,READY2EAT,54.41,48.1,85.5,conflict,0.49,,manual_required
15685,34972521,Al Kabeer Punjabi Samosa 900 gm/Vegetable Felafel 1 kg,Al Kabeer,Samosa-Frozen,Punjabi,"Frozen Pizzas, Wraps, Sandwiches",900 gm,1,CBK,BEEF KIBBEH 400,400 Gms x 12 Pkts,KOFTA-KIBBEH-FELAFEL,54.8,49.21,85.5,conflict,2.3,,manual_required
15691,35068595,Al Kabeer Breaded chicken fillets spicy/Non spicy 750 gm,Al Kabeer,Chicken Fillets-Frozen,No Variant,Marinated & Breaded,750 gm,1,CCFA,CHICKEN FRIES BULK,1 kg x 5 Pkts,POP-CORN & CHICKEN FRIES,54.77,49.12,85.5,conflict,0.0,,manual_required
15694,35068646,Al Kabeer Zing Chicken Strips NON Spicy/Spicy 750 gm,Al Kabeer,Chicken Strips-Frozen,No Variant,Zing,750 gm,1,CKJCNA,JUMBO CHICKEN NUGGETS,1 Kgs x 5 Pkts,NUGGETS,52.19,41.76,85.5,conflict,0.3,,manual_required
15698,35068700,Al Kabeer Punjabi Sambosas 900 gm,Al Kabeer,Samosa-Frozen,Punjabi,"Frozen Pizzas, Wraps, Sandwiches",900 gm,1,CCSAK,12 CHEESE SAMOSAS,240 Gms x 20 Pkts,SAMOSA,54.45,48.21,85.5,conflict,1.69,,manual_required
15707,35113516,ALKABEER FRENCH FRIES 2.5 kg,Al Kabeer,French Fries-Frozen,No Variant,Frozen Fries & Onion Rings,2.5 kg,1,CFBFA,BREADED FISH FILLET BULK,1 Kgs x 5 Pkts,FILLETS,52.24,41.9,85.5,conflict,0.08,,manual_required
15727,35119309,ALKABEER ZING NON SPICY OR SPICY CHICKEN STRIPS 750 gm,Al Kabeer,Chicken Strips-Frozen,Spicy,Zing,750 gm,1,CKCKB,CHICKEN BURGERS 56 g,840 g. x 9,BURGERS,54.2,47.5,85.5,conflict,0.6,,manual_required
15728,35119309,ALKABEER ZING NON SPICY OR SPICY CHICKEN STRIPS 750 gm,Al Kabeer,Chicken Strips-Frozen,No Variant,Zing,750 gm,1,CKBT,TAYEBAT CHICKEN BURGER,1 Kgs x 9 Pkts,BURGERS,53.42,45.28,85.5,conflict,2.41,,manual_required
15730,35119333,"Chicken Cheese Sticks, Shish Tawook or Tandoori Tikka 240 - 250 gm",Al Kabeer,Chicken Tikka-Frozen,No Variant,Frozen Barbeque Products,240 gm,1,CCKSHA,CHICKEN STICK BULK HOT & SPICY,1 kg x 5 Pkts,STICKS & FINGERS,54.96,49.68,85.5,conflict,0.2,,manual_required
15732,35120978,Al Kabeer Blueberries Frozen Fruits 350 gm,Al Kabeer,Blueberries-Frozen,No Variant,Frozen Fruits,350 gm,1,CBBO,4 BEEF BURGERS,200 Gms x 30 Pkt,BURGERS,52.76,43.37,85.5,conflict,1.0,,manual_required
15734,35121952,Al kabeer Chicken Burger Jumbo 10 pcs 1 kg,Al Kabeer,Chicken Burger-Frozen,Unbreaded,Frozen Burger,1 kg,1,CFBJ,JUMBO HOTDOGS,400 Gms x 20 Pkts,SAUSAGES,54.89,49.48,85.5,conflict,0.21,,manual_required
15743,35122245,Al Kabeer Zing Chicken Strips 750 gm,Al Kabeer,Chicken Strips-Frozen,No Variant,Marinated & Breaded,750 gm,1,CFBF,BREADED FISH FILLET,330 Gms x 20 Pkts,FILLETS,53.07,44.26,85.5,conflict,0.01,,manual_required
15745,35122282,Al Kabeer Felafel 1000 gm,Al Kabeer,Falafel-Frozen,Non-Stuffed,"Frozen Pizzas, Wraps, Sandwiches",1000 gm,1,CCSAK,12 CHEESE SAMOSAS,240 Gms x 20 Pkts,SAMOSA,50.74,37.61,85.5,conflict,0.04,,manual_required
15750,35123226,Al Kabeer PUNJABI SAMOSA 900gm,Al Kabeer,Samosa-Frozen,Punjabi,"Frozen Pizzas, Wraps, Sandwiches",900 gm,1,CCSAK,12 CHEESE SAMOSAS,240 Gms x 20 Pkts,SAMOSA,54.74,49.06,85.5,conflict,1.92,,manual_required
15757,35127413,Al Kabeer French Fries 2.5 kg,Al Kabeer,French Fries-Frozen,No Variant,Frozen Fries & Onion Rings,2.5 kg,1,CFBFA,BREADED FISH FILLET BULK,1 Kgs x 5 Pkts,FILLETS,52.24,41.9,85.5,conflict,0.08,,manual_required
15766,35128243,ALKABEER CHICKEN NUGGETS / CRAZY CHICKEN NUGGETS / CHICKEN FILLET SPICY 750gm,Al Kabeer,Chicken Fillets-Frozen,Spicy,Marinated & Breaded,750 gm,1,CCCTM,CHICKEN TIKKA MAKHANI & PILAU RICE,450 Gms x 12 Pkts,READY2EAT,54.84,49.33,85.5,conflict,0.86,,manual_required
15767,35128243,ALKABEER CHICKEN NUGGETS / CRAZY CHICKEN NUGGETS / CHICKEN FILLET SPICY 750gm,Al Kabeer,Chicken Nuggets-Frozen,No Variant,Marinated & Breaded,750 gm,1,CCCTM,CHICKEN TIKKA MAKHANI & PILAU RICE,450 Gms x 12 Pkts,READY2EAT,54.5,48.37,85.5,conflict,0.82,,manual_required
15773,35128395,Al Kabeer FRENCH FRIES 2.5 KG,Al Kabeer,French Fries-Frozen,No Variant,Frozen Fries & Onion Rings,2.5 kg,1,CFBFA,BREADED FISH FILLET BULK,1 Kgs x 5 Pkts,FILLETS,52.24,41.9,85.5,conflict,0.08,,manual_required
15775,35128400,AL KABEER ZING CHICKEN STRIPS/REGULER 750gm,Al Kabeer,Chicken Strips-Frozen,No Variant,Marinated & Breaded,750 gm,1,CCCB,CHICKEN BIRYANI 400,400 Gms x 12 Pkts,READY2EAT,54.94,49.6,85.5,conflict,0.52,,manual_required
15778,35128485,Al Kabeer Tender Chicken Breast 1000gm,Al Kabeer,Chicken Breast-Frozen,No Variant,Frozen Chicken Parts,1000 gm,1,CFBF,BREADED FISH FILLET,330 Gms x 20 Pkts,FILLETS,52.58,42.86,85.5,conflict,0.19,,manual_required
15782,35129190,Al Kabeer SPRING ROLLS CHICKEN / VEGETABLES 280gm,Al Kabeer,Spring Roll-Frozen,No Variant,"Frozen Pizzas, Wraps, Sandwiches",280 gm,1,CCF,CHICKEN FRIES,12 PKTS X 400 GRM,POP-CORN & CHICKEN FRIES,53.13,44.44,85.5,conflict,0.11,,manual_required
15787,35136549,Al Kabeer Paneer Cubes 200 gm,Al Kabeer,Paneer,No Variant,Paneer,200 gm,1,CKCCR,CHICKEN ‘N’ CHEESE RINGS 300,300 gms x 12 pkts,POP-CORN & CHICKEN FRIES,52.79,43.48,85.5,conflict,0.32,,manual_required
15789,35139285,Al Kabeer PUNJABI SAMOSA 900 gm,Al Kabeer,Samosa-Frozen,Punjabi,"Frozen Pizzas, Wraps, Sandwiches",900 gm,1,CCSAK,12 CHEESE SAMOSAS,240 Gms x 20 Pkts,SAMOSA,53.89,46.6,85.5,conflict,0.67,,manual_required
15795,35140585,Al Kabeer Paneer Cubes 500 gm,Al Kabeer,Paneer,No Variant,Paneer,500 gm,1,CKCCR,CHICKEN ‘N’ CHEESE RINGS 300,300 gms x 12 pkts,POP-CORN & CHICKEN FRIES,52.03,41.3,85.5,conflict,0.12,,manual_required
15802,35141527,Al Kabeer Chicken/Vegetable Samosa 480 gm/Spring Roll 560 gm,Al Kabeer,Samosa-Frozen,Other-Veg,"Frozen Pizzas, Wraps, Sandwiches",480 gm,1,CCF,CHICKEN FRIES,12 PKTS X 400 GRM,POP-CORN & CHICKEN FRIES,53.65,45.93,85.5,conflict,0.63,,manual_required
15803,35141527,Al Kabeer Chicken/Vegetable Samosa 480 gm/Spring Roll 560 gm,Al Kabeer,Spring Roll-Frozen,No Variant,"Frozen Pizzas, Wraps, Sandwiches",560 gm,1,CCF,CHICKEN FRIES,12 PKTS X 400 GRM,POP-CORN & CHICKEN FRIES,53.02,44.12,85.5,conflict,0.11,,manual_required
15804,35141527,Al Kabeer Chicken/Vegetable Samosa 480 gm/Spring Roll 560 gm,Al Kabeer,Samosa-Frozen,Chicken,"Frozen Pizzas, Wraps, Sandwiches",480 gm,1,CCF,CHICKEN FRIES,12 PKTS X 400 GRM,POP-CORN & CHICKEN FRIES,53.25,44.8,85.5,conflict,0.12,,manual_required
15809,35144825,Al Kabeer Punjabi Samosa 900 gm,Al Kabeer,Samosa-Frozen,Punjabi,"Frozen Pizzas, Wraps, Sandwiches",900 gm,1,CCSAK,12 CHEESE SAMOSAS,240 Gms x 20 Pkts,SAMOSA,53.89,46.6,85.5,conflict,0.67,,manual_required
15810,35144838,Al Kabeer Blueberries or Blackberries 350 gm,Al Kabeer,Blueberries-Frozen,No Variant,Frozen Fruits,350 gm,1,CBBO,4 BEEF BURGERS,200 Gms x 30 Pkt,BURGERS,53.13,44.44,85.5,conflict,1.56,,manual_required
15817,35145021,Al Kabeer French Fries 2.5 kg,Al Kabeer,French Fries-Frozen,No Variant,Frozen Fries & Onion Rings,2.5 kg,1,CFBFA,BREADED FISH FILLET BULK,1 Kgs x 5 Pkts,FILLETS,52.24,41.9,85.5,conflict,0.08,,manual_required
15834,35196035,Al Kabeer Vegetable Spring Roll 560GMS,Al Kabeer,Spring Roll-Frozen,No Variant,"Frozen Pizzas, Wraps, Sandwiches",560 gm,1,CCSRA,8 CHEESE SPRING ROLLS,240 Gms x 20 Pkts,SPRING ROLL,54.66,48.82,85.5,conflict,3.63,,manual_required
15836,35196064,Al Kabeer PUNJABI SAMOSA 900GMS,Al Kabeer,Samosa-Frozen,Punjabi,"Frozen Pizzas, Wraps, Sandwiches",900 gm,1,CCSAK,12 CHEESE SAMOSAS,240 Gms x 20 Pkts,SAMOSA,54.58,48.6,85.5,conflict,1.91,,manual_required
15838,35209062,AL KABEER ZING CHICKEN FILLET NON SPICY 750 gm,Al Kabeer,Chicken Fillets-Frozen,No Variant,Zing,750 gm,1,CKN,CHICKEN NUGGETS,270 Gms x 20 Pkts,NUGGETS,54.0,46.94,85.5,conflict,1.85,,manual_required
15840,35210661,Al Kabeer Zing Chicken Fillet Non Spicy 750 gm,Al Kabeer,Chicken Strips-Frozen,No Variant,Zing,750 gm,1,CKSAA,CHICKEN SAMOSAS BULK,1.2 Kgs x 4 Pkts,SAMOSA,53.28,44.86,85.5,conflict,1.43,,manual_required
15842,35231840,Al Kabeer Vegetable Spring Roll 560 gm,Al Kabeer,Spring Roll-Frozen,No Variant,"Frozen Pizzas, Wraps, Sandwiches",560 gm,1,CCSRA,8 CHEESE SPRING ROLLS,240 Gms x 20 Pkts,SPRING ROLL,54.65,48.78,85.5,conflict,3.18,,manual_required
15847,35270634,AL KABEER / SADIA/ AMERICANA /SEARA /DOUX CHICKEN NUGGETS/STRIPS 750 GM,Doux,Chicken Strips-Frozen,No Variant,Marinated & Breaded,750 gm,1,CCKSHA,CHICKEN STICK BULK HOT & SPICY,1 kg x 5 Pkts,STICKS & FINGERS,53.94,46.75,85.5,conflict,0.51,,manual_required
15848,35270634,AL KABEER / SADIA/ AMERICANA /SEARA /DOUX CHICKEN NUGGETS/STRIPS 750 GM,Al Kabeer,Chicken Nuggets-Frozen,No Variant,Marinated & Breaded,750 gm,1,CCCTM,CHICKEN TIKKA MAKHANI & PILAU RICE,450 Gms x 12 Pkts,READY2EAT,54.12,47.27,85.5,conflict,0.18,,manual_required
15849,35270634,AL KABEER / SADIA/ AMERICANA /SEARA /DOUX CHICKEN NUGGETS/STRIPS 750 GM,Al Kabeer,Chicken Strips-Frozen,Spicy,Zing,750 gm,1,CCCB,CHICKEN BIRYANI 400,400 Gms x 12 Pkts,READY2EAT,53.07,44.26,85.5,conflict,0.61,,manual_required
15850,35270634,AL KABEER / SADIA/ AMERICANA /SEARA /DOUX CHICKEN NUGGETS/STRIPS 750 GM,Americana,Chicken Tender-Frozen,No Variant,Marinated & Breaded,750 gm,1,CCKSHA,CHICKEN STICK BULK HOT & SPICY,1 kg x 5 Pkts,STICKS & FINGERS,53.23,44.72,85.5,conflict,0.47,,manual_required
15851,35270634,AL KABEER / SADIA/ AMERICANA /SEARA /DOUX CHICKEN NUGGETS/STRIPS 750 GM,Americana,Chicken Popcorn-Frozen,No Variant,Marinated & Breaded,750 gm,1,CCKSHA,CHICKEN STICK BULK HOT & SPICY,1 kg x 5 Pkts,STICKS & FINGERS,54.43,48.15,85.5,conflict,0.26,,manual_required
15862,35310301,Al Kabeer Chicken Zing Strips Spicy/Non Spicy 750 gm,Al Kabeer,Chicken Strips-Frozen,No Variant,Zing,750 gm,1,CKJCNA,JUMBO CHICKEN NUGGETS,1 Kgs x 5 Pkts,NUGGETS,52.19,41.76,85.5,conflict,0.3,,manual_required
15870,35310307,Al Kabeer waffle fries 750 gm,Al Kabeer,Crisscut Fries-Frozen,No Variant,Frozen Fries & Onion Rings,750 gm,1,CFBF,BREADED FISH FILLET,330 Gms x 20 Pkts,FILLETS,52.41,42.37,85.5,conflict,1.37,,manual_required
15874,35310310,Al Kabeer Breaded Chicken Fillets spicy/Non spicy 750 gm,Al Kabeer,Chicken Fillets-Frozen,No Variant,Marinated & Breaded,750 gm,1,CCFA,CHICKEN FRIES BULK,1 kg x 5 Pkts,POP-CORN & CHICKEN FRIES,54.77,49.12,85.5,conflict,0.0,,manual_required
15883,35311381,Al Kabeer Chicken/Vegetable Samosa 480 gm/Spring Roll 560 gm,Al Kabeer,Samosa-Frozen,Other-Veg,"Frozen Pizzas, Wraps, Sandwiches",480 gm,1,CCF,CHICKEN FRIES,12 PKTS X 400 GRM,POP-CORN & CHICKEN FRIES,53.65,45.93,85.5,conflict,0.63,,manual_required
15884,35311381,Al Kabeer Chicken/Vegetable Samosa 480 gm/Spring Roll 560 gm,Al Kabeer,Samosa-Frozen,Chicken,"Frozen Pizzas, Wraps, Sandwiches",480 gm,1,CCF,CHICKEN FRIES,12 PKTS X 400 GRM,POP-CORN & CHICKEN FRIES,53.25,44.8,85.5,conflict,0.12,,manual_required
15885,35311381,Al Kabeer Chicken/Vegetable Samosa 480 gm/Spring Roll 560 gm,Al Kabeer,Spring Roll-Frozen,No Variant,"Frozen Pizzas, Wraps, Sandwiches",560 gm,1,CCF,CHICKEN FRIES,12 PKTS X 400 GRM,POP-CORN & CHICKEN FRIES,53.02,44.12,85.5,conflict,0.11,,manual_required
15891,35334785,Al Kabeer Zing Chicken Strips / Fillet 750 gm Per Pc,Al Kabeer,Chicken Fillets-Frozen,No Variant,Zing,750 gm,1,CCSAK,12 CHEESE SAMOSAS,240 Gms x 20 Pkts,SAMOSA,52.53,42.74,85.5,conflict,0.58,,manual_required
15892,35340096,Al kabeer Chicken Spring Roll 560gm /punjabi samosa 900 gm,Al Kabeer,Spring Roll-Frozen,No Variant,"Frozen Pizzas, Wraps, Sandwiches",560 gm,1,CCF,CHICKEN FRIES,12 PKTS X 400 GRM,POP-CORN & CHICKEN FRIES,52.9,43.8,85.5,conflict,0.11,,manual_required
15893,35340096,Al kabeer Chicken Spring Roll 560gm /punjabi samosa 900 gm,Al Kabeer,Samosa-Frozen,Punjabi,"Frozen Pizzas, Wraps, Sandwiches",900 gm,1,CCSAK,12 CHEESE SAMOSAS,240 Gms x 20 Pkts,SAMOSA,54.27,47.69,85.5,conflict,1.26,,manual_required
15910,35388464,"AL KABEER VEGETABLE OR CHICKEN SAMOSA OR SPRING ROLLS, 240 - 280gm ",Al Kabeer,Spring Roll-Frozen,No Variant,"Frozen Pizzas, Wraps, Sandwiches",280 gm,1,CCCTM,CHICKEN TIKKA MAKHANI & PILAU RICE,450 Gms x 12 Pkts,READY2EAT,53.22,44.71,85.5,conflict,0.51,,manual_required
15911,35388488,"AL KABEER MIXED VEGETABLES OR GREEN PEAS, 900 gm ",Al Kabeer,Mix Vegetables-Frozen,No Variant,Frozen Vegetables,900 gm,1,CFBJ,JUMBO HOTDOGS,400 Gms x 20 Pkts,SAUSAGES,52.62,42.99,85.5,conflict,0.38,,manual_required
15912,35388488,"AL KABEER MIXED VEGETABLES OR GREEN PEAS, 900 gm ",Al Kabeer,Green/Garden Peas-Frozen,No Variant,Frozen Vegetables,900 gm,1,CFB,BEEF FRANKS,454 Gms x 20 Pkts,SAUSAGES,52.48,42.59,85.5,conflict,0.27,,manual_required
15917,35398541,ALKABEER BREADED CHICKEN FILLET / H/S / CRAZY CHICKEN NUGGETS 750 gm,Al Kabeer,Chicken Nuggets-Frozen,No Variant,Marinated & Breaded,750 gm,1,CCF,CHICKEN FRIES,12 PKTS X 400 GRM,POP-CORN & CHICKEN FRIES,54.24,47.62,85.5,conflict,0.17,,manual_required
15918,35398541,ALKABEER BREADED CHICKEN FILLET / H/S / CRAZY CHICKEN NUGGETS 750 gm,Al Kabeer,Chicken Fillets-Frozen,No Variant,Marinated & Breaded,750 gm,1,CCF,CHICKEN FRIES,12 PKTS X 400 GRM,POP-CORN & CHICKEN FRIES,53.77,46.27,85.5,conflict,0.11,,manual_required
15919,35398541,ALKABEER BREADED CHICKEN FILLET / H/S / CRAZY CHICKEN NUGGETS 750 gm,Al Kabeer,Chicken Fillets-Frozen,Spicy,Marinated & Breaded,750 gm,1,CCKSB,CHICKEN STICKS BULK,1 Kgs x 5 Pkts,STICKS & FINGERS,53.95,46.77,85.5,conflict,0.09,,manual_required
15921,35398547,ALKABEER CHICKEN / VEG SAMOSA 240 gm / VEGETABLE SPRING ROLLS 280 gm,Al Kabeer,Spring Roll-Frozen,No Variant,"Frozen Pizzas, Wraps, Sandwiches",280 gm,1,CCCTM,CHICKEN TIKKA MAKHANI & PILAU RICE,450 Gms x 12 Pkts,READY2EAT,53.83,46.43,85.5,conflict,0.91,,manual_required
15927,35398602,ALKABEER FRENCH FRIES 2500 gm,Al Kabeer,French Fries-Frozen,No Variant,Frozen Fries & Onion Rings,2.5 kg,1,CCSK,KIRI CHEESE SAMOSA,20 X 240 GMS,SAMOSA,52.53,42.72,85.5,conflict,0.52,,manual_required
15928,35398614,Al Kabeer CHICKEN KOFTA 300 gm,Al Kabeer,Chicken Kofta-Frozen,No Variant,Frozen Kofta / Kibbeh & Meat Balls,300 gm,1,CCCB,CHICKEN BIRYANI 400,400 Gms x 12 Pkts,READY2EAT,54.43,48.15,85.5,conflict,1.81,,manual_required
15935,35398739,Al-Kabeer ZING CHICKEN FILLET / SPICY 750 gm,Al Kabeer,Chicken Fillets-Frozen,No Variant,Zing,750 gm,1,CKSAPR,AK PRO CHICKEN SAMOSA,4 X 1.2 KGS,SAMOSA,52.97,44.0,85.5,conflict,0.4,,manual_required
15937,35398806,AL KABEER FROZEN PANJABI SAMOSAS 900 gm,Al Kabeer,Samosa-Frozen,Punjabi,"Frozen Pizzas, Wraps, Sandwiches",900 gm,1,CCSAK,12 CHEESE SAMOSAS,240 Gms x 20 Pkts,SAMOSA,54.63,48.74,85.5,conflict,0.73,,manual_required
15943,35402682,Al Kabeer Blueberries / Blackberries (350 gm),Al Kabeer,Blueberries-Frozen,No Variant,Frozen Fruits,350 gm,1,CBBO,4 BEEF BURGERS,200 Gms x 30 Pkt,BURGERS,52.89,43.75,85.5,conflict,0.86,,manual_required
15948,35403639,Alkabeer French Fries 2.5 kg,Al Kabeer,French Fries-Frozen,No Variant,Frozen Fries & Onion Rings,2.5 kg,1,CFBFA,BREADED FISH FILLET BULK,1 Kgs x 5 Pkts,FILLETS,52.24,41.9,85.5,conflict,0.08,,manual_required
15949,35403834,Alkabeer Chicken Burger Jumbo 10 pcs 1 kg,Al Kabeer,Chicken Burger-Frozen,Unbreaded,Frozen Burger,1 kg,1,CFBJ,JUMBO HOTDOGS,400 Gms x 20 Pkts,SAUSAGES,54.89,49.48,85.5,conflict,0.21,,manual_required
15979,35415267,Al Kabeer Zing Chicken Strips Sriracha / Buffalo 700 gm,Al Kabeer,Chicken Strips-Frozen,Spicy,Zing,700 gm,1,CKCKB,CHICKEN BURGERS 56 g,840 g. x 9,BURGERS,53.91,46.67,85.5,conflict,0.42,,manual_required
15980,35415267,Al Kabeer Zing Chicken Strips Sriracha / Buffalo 700 gm,Al Kabeer,Chicken Strips-Frozen,No Variant,Zing,700 gm,1,CKBW,BBQ CHICKEN WINGS 400,400 Gms x 12 Pkts,WINGS,54.54,48.48,85.5,conflict,1.5,,manual_required
15981,35415360,Al Kabeer Chicken breast boneless 1000 gm,Al Kabeer,Chicken Breast-Frozen,No Variant,Frozen Chicken Parts,1000 gm,1,CBBO,4 BEEF BURGERS,200 Gms x 30 Pkt,BURGERS,54.52,48.42,85.5,conflict,1.32,,manual_required
15982,35415384,Al Kabeer Nuggets / Krazee Chicken Fillet 750 gm,Al Kabeer,Chicken Nuggets-Frozen,No Variant,Marinated & Breaded,750 gm,1,CFBF,BREADED FISH FILLET,330 Gms x 20 Pkts,FILLETS,54.54,48.48,85.5,conflict,0.95,,manual_required
15983,35415504,Al Kabeer Mixed Vegetable with Corn/Green Peas 900gm,Al Kabeer,Green/Garden Peas-Frozen,No Variant,Frozen Vegetables,900 gm,1,CFB,BEEF FRANKS,454 Gms x 20 Pkts,SAUSAGES,51.25,39.06,85.5,conflict,0.36,,manual_required
15984,35415504,Al Kabeer Mixed Vegetable with Corn/Green Peas 900gm,Al Kabeer,Mix Vegetables-Frozen,No Variant,Frozen Vegetables,900 gm,1,CFBJ,JUMBO HOTDOGS,400 Gms x 20 Pkts,SAUSAGES,51.35,39.37,85.5,conflict,0.34,,manual_required
15986,35416025,Al Kabeer Blackberry / Blueberry 350 gm,Al Kabeer,Blueberries-Frozen,No Variant,Frozen Fruits,350 gm,1,CBBO,4 BEEF BURGERS,200 Gms x 30 Pkt,BURGERS,51.71,40.38,85.5,conflict,0.01,,manual_required
15989,35419858,Al Kabeer Green Peas/Mixed Vegetables 900 gm,Al Kabeer,Mix Vegetables-Frozen,No Variant,Frozen Vegetables,900 gm,1,CFBJ,JUMBO HOTDOGS,400 Gms x 20 Pkts,SAUSAGES,52.38,42.31,85.5,conflict,0.0,,manual_required
15990,35419858,Al Kabeer Green Peas/Mixed Vegetables 900 gm,Al Kabeer,Green/Garden Peas-Frozen,No Variant,Frozen Vegetables,900 gm,1,CFB,BEEF FRANKS,454 Gms x 20 Pkts,SAUSAGES,52.24,41.9,85.5,conflict,0.06,,manual_required
15994,35419909,Al Kabeer Kraze/Chicken Nuggets 750 gm ,Al Kabeer,Chicken Nuggets-Frozen,No Variant,Marinated & Breaded,750 gm,1,CKBCS,BEEF COCKTAIL SAUSAGES,400 Gms x 20 Pkts,SAUSAGES,52.66,43.1,85.5,conflict,0.35,,manual_required
15996,35419935,Al Kabeer Zing Chicken Strips Spicy/Non Spicy 750 gm,Al Kabeer,Chicken Strips-Frozen,No Variant,Zing,750 gm,1,CKJCNA,JUMBO CHICKEN NUGGETS,1 Kgs x 5 Pkts,NUGGETS,52.19,41.76,85.5,conflict,0.3,,manual_required
16009,35421848,Al Kabeer Chicken/Vegetable Samosa 240 gm/Spring Roll 280 gm,Al Kabeer,Spring Roll-Frozen,No Variant,"Frozen Pizzas, Wraps, Sandwiches",280 gm,1,CCF,CHICKEN FRIES,12 PKTS X 400 GRM,POP-CORN & CHICKEN FRIES,53.53,45.59,85.5,conflict,0.12,,manual_required
16013,35423473,Al Kabeer Paneer Cubes 200 gm,Al Kabeer,Paneer,No Variant,Paneer,200 gm,1,CKCCR,CHICKEN ‘N’ CHEESE RINGS 300,300 gms x 12 pkts,POP-CORN & CHICKEN FRIES,52.79,43.48,85.5,conflict,0.32,,manual_required
16020,35456440,Al Kabeer Veg/Chicken Samosa/Spring Roll Veg/Chicken 240/280 gm,Al Kabeer,Spring Roll-Frozen,No Variant,"Frozen Pizzas, Wraps, Sandwiches",280 gm,1,CCCTM,CHICKEN TIKKA MAKHANI & PILAU RICE,450 Gms x 12 Pkts,READY2EAT,54.61,48.68,85.5,conflict,0.89,,manual_required
16035,35484719,Al Kabeer Punjabi Samosa 900 gm,Al Kabeer,Samosa-Frozen,Punjabi,"Frozen Pizzas, Wraps, Sandwiches",900 gm,1,CCSAK,12 CHEESE SAMOSAS,240 Gms x 20 Pkts,SAMOSA,53.89,46.6,85.5,conflict,0.67,,manual_required
16036,35484930,Al Kabeer Chicken Fillet Non-Spicy 750 gm,Al Kabeer,Chicken Fillets-Frozen,No Variant,Zing,750 gm,1,CKSAPR,AK PRO CHICKEN SAMOSA,4 X 1.2 KGS,SAMOSA,52.38,42.31,85.5,conflict,0.4,,manual_required
16037,35484930,Al Kabeer Chicken Fillet Non-Spicy 750 gm,Al Kabeer,Chicken Strips-Frozen,No Variant,Marinated & Breaded,750 gm,1,CFBF,BREADED FISH FILLET,330 Gms x 20 Pkts,FILLETS,54.81,49.25,85.5,conflict,0.96,,manual_required
16041,35488750,Al Kabeer Zing Chicken Strips / Fillet 750 gm Per Pc,Al Kabeer,Chicken Fillets-Frozen,No Variant,Zing,750 gm,1,CCSAK,12 CHEESE SAMOSAS,240 Gms x 20 Pkts,SAMOSA,52.53,42.74,85.5,conflict,0.58,,manual_required
16046,35489041,Al Kabeer Zing Chicken Strips / Fillet 750 gm Per Pc,Al Kabeer,Chicken Fillets-Frozen,No Variant,Zing,750 gm,1,CCSAK,12 CHEESE SAMOSAS,240 Gms x 20 Pkts,SAMOSA,52.53,42.74,85.5,conflict,0.58,,manual_required
16051,35510960,Al Kabeer Assorted (Chicken Spring Rolls / Vegetable Spring Rolls) 560 gm,Al Kabeer,Spring Roll-Frozen,No Variant,"Frozen Pizzas, Wraps, Sandwiches",560 gm,1,CCCTM,CHICKEN TIKKA MAKHANI & PILAU RICE,450 Gms x 12 Pkts,READY2EAT,53.56,45.68,85.5,conflict,0.99,,manual_required
16052,35511551,Al Kabeer  Assorted (Chicken Samosas / Vegetable Samosas) 480 gm,Al Kabeer,Samosa-Frozen,Chicken,"Frozen Pizzas, Wraps, Sandwiches",480 gm,1,CCF,CHICKEN FRIES,12 PKTS X 400 GRM,POP-CORN & CHICKEN FRIES,53.69,46.03,85.5,conflict,1.23,,manual_required
16053,35511551,Al Kabeer  Assorted (Chicken Samosas / Vegetable Samosas) 480 gm,Al Kabeer,Samosa-Frozen,Other-Veg,"Frozen Pizzas, Wraps, Sandwiches",480 gm,1,CCF,CHICKEN FRIES,12 PKTS X 400 GRM,POP-CORN & CHICKEN FRIES,53.02,44.12,85.5,conflict,1.55,,manual_required
16059,35512191,Al Kabeer Vegetable Spring Roll 560 gm,Al Kabeer,Spring Roll-Frozen,No Variant,"Frozen Pizzas, Wraps, Sandwiches",560 gm,1,CCSRA,8 CHEESE SPRING ROLLS,240 Gms x 20 Pkts,SPRING ROLL,54.65,48.78,85.5,conflict,3.18,,manual_required
16061,35535219,Al Kabeer PUNJABI SAMOSA 900 gm,Al Kabeer,Samosa-Frozen,Punjabi,"Frozen Pizzas, Wraps, Sandwiches",900 gm,1,CCSAK,12 CHEESE SAMOSAS,240 Gms x 20 Pkts,SAMOSA,53.89,46.6,85.5,conflict,0.67,,manual_required
16066,35569033,Al Kabeer Punjabi Samosa 900 gm,Al Kabeer,Samosa-Frozen,Punjabi,"Frozen Pizzas, Wraps, Sandwiches",900 gm,1,CCSAK,12 CHEESE SAMOSAS,240 Gms x 20 Pkts,SAMOSA,53.89,46.6,85.5,conflict,0.67,,manual_required
16078,35573402,Al Kabeer Zing Chicken Strips/Fillet 750 gm per pack,Al Kabeer,Chicken Strips-Frozen,Spicy,Zing,750 gm,1,CFB,BEEF FRANKS,454 Gms x 20 Pkts,SAUSAGES,52.42,42.42,85.5,conflict,0.04,,manual_required
16079,35573402,Al Kabeer Zing Chicken Strips/Fillet 750 gm per pack,Al Kabeer,Chicken Strips-Frozen,No Variant,Zing,750 gm,1,CCSAK,12 CHEESE SAMOSAS,240 Gms x 20 Pkts,SAMOSA,52.99,44.04,85.5,conflict,0.61,,manual_required
16080,35573402,Al Kabeer Zing Chicken Strips/Fillet 750 gm per pack,Al Kabeer,Chicken Fillets-Frozen,Spicy,Zing,750 gm,1,CFB,BEEF FRANKS,454 Gms x 20 Pkts,SAUSAGES,51.97,41.12,85.5,conflict,0.02,,manual_required
16086,35626379,Sadia Assorted Cheese Spring Rolls 480 gm,Al Kabeer,Spring Roll-Frozen,No Variant,"Frozen Pizzas, Wraps, Sandwiches",480 gm,1,CCMS,MOZZERELLA CHEESE STICKS,250 GMS X24 PKTS,STICKS & FINGERS,53.34,45.03,85.5,conflict,0.65,,manual_required
16087,35637055,Al Kabeer Punjabi Samosa 900gm,Al Kabeer,Samosa-Frozen,Punjabi,"Frozen Pizzas, Wraps, Sandwiches",900 gm,1,CCSAK,12 CHEESE SAMOSAS,240 Gms x 20 Pkts,SAMOSA,54.74,49.06,85.5,conflict,1.92,,manual_required
16091,35637162,Al Kabeer Chicken Fillet Non-Spicy 750gm,Al Kabeer,Chicken Fillets-Frozen,No Variant,Zing,750 gm,1,CKSAPR,AK PRO CHICKEN SAMOSA,4 X 1.2 KGS,SAMOSA,52.62,42.99,85.5,conflict,0.38,,manual_required
16092,35637162,Al Kabeer Chicken Fillet Non-Spicy 750gm,Al Kabeer,Chicken Strips-Frozen,No Variant,Zing,750 gm,1,CKSK,SHISH KEBAB,600 Gms x 12 Pkts,KEBAB,52.38,42.31,85.5,conflict,0.28,,manual_required
16095,35639620,Al Kabeer Zing Chicken Strips / Fillet 750 gm ,Al Kabeer,Chicken Fillets-Frozen,No Variant,Zing,750 gm,1,CKSK,SHISH KEBAB,600 Gms x 12 Pkts,KEBAB,53.13,44.44,85.5,conflict,0.31,,manual_required
16096,35639620,Al Kabeer Zing Chicken Strips / Fillet 750 gm ,Al Kabeer,Chicken Strips-Frozen,No Variant,Zing,750 gm,1,CKSK,SHISH KEBAB,600 Gms x 12 Pkts,KEBAB,53.73,46.15,85.5,conflict,0.35,,manual_required
16103,35640258,Al Kabeer Zing Chicken Fillet Spicy 750 gm,Al Kabeer,Chicken Strips-Frozen,No Variant,Zing,750 gm,1,CKSK,SHISH KEBAB,600 Gms x 12 Pkts,KEBAB,53.45,45.36,85.5,conflict,1.03,,manual_required
16106,35640619,AL KABEER ZING CHICKEN STRIPS SPICY 750 gm,Al Kabeer,Chicken Strips-Frozen,No Variant,Zing,750 gm,1,CKSK,SHISH KEBAB,600 Gms x 12 Pkts,KEBAB,54.69,48.89,85.5,conflict,2.65,,manual_required
16114,35679639,AL KABEER STUFFED FALAFEL 750 gm,Al Kabeer,Falafel-Frozen,Stuffed,"Frozen Pizzas, Wraps, Sandwiches",750 gm,1,CFB,BEEF FRANKS,454 Gms x 20 Pkts,SAUSAGES,51.01,38.38,85.5,conflict,1.32,,manual_required
16127,35683620,"AL KABEER PUNJABI SAMOSA, 900 gm ",Al Kabeer,Samosa-Frozen,Punjabi,"Frozen Pizzas, Wraps, Sandwiches",900 gm,1,CCSAK,12 CHEESE SAMOSAS,240 Gms x 20 Pkts,SAMOSA,53.89,46.6,85.5,conflict,0.67,,manual_required
16135,35683686,"AL KABEER VEGETABLE, CHICKEN SAMOSA, CHICKEN OR VEGETABLE SPRING ROLLS, 240 - 280 gm",Al Kabeer,Spring Roll-Frozen,No Variant,"Frozen Pizzas, Wraps, Sandwiches",240 gm,1,CCCTM,CHICKEN TIKKA MAKHANI & PILAU RICE,450 Gms x 12 Pkts,READY2EAT,53.5,45.51,85.5,conflict,0.48,,manual_required
16136,35683686,"AL KABEER VEGETABLE, CHICKEN SAMOSA, CHICKEN OR VEGETABLE SPRING ROLLS, 240 - 280 gm",Al Kabeer,Samosa-Frozen,Other-Veg,"Frozen Pizzas, Wraps, Sandwiches",280 gm,1,CCCTM,CHICKEN TIKKA MAKHANI & PILAU RICE,450 Gms x 12 Pkts,READY2EAT,54.1,47.2,85.5,conflict,0.41,,manual_required
16137,35683686,"AL KABEER VEGETABLE, CHICKEN SAMOSA, CHICKEN OR VEGETABLE SPRING ROLLS, 240 - 280 gm",Al Kabeer,Samosa-Frozen,Chicken,"Frozen Pizzas, Wraps, Sandwiches",280 gm,1,CCF,CHICKEN FRIES,12 PKTS X 400 GRM,POP-CORN & CHICKEN FRIES,54.4,48.06,85.5,conflict,0.6,,manual_required
16163,35715166,Al Kabeer Tender Chicken Breast 1000gm,Al Kabeer,Chicken Breast-Frozen,No Variant,Frozen Chicken Parts,1000 gm,1,CFBF,BREADED FISH FILLET,330 Gms x 20 Pkts,FILLETS,52.58,42.86,85.5,conflict,0.19,,manual_required
16170,35718291,Al Kabeer PUNJABI SAMOSA 900gm,Al Kabeer,Samosa-Frozen,Punjabi,"Frozen Pizzas, Wraps, Sandwiches",900 gm,1,CCSAK,12 CHEESE SAMOSAS,240 Gms x 20 Pkts,SAMOSA,54.74,49.06,85.5,conflict,1.92,,manual_required
16176,35754603,Al Kabeer Chicken/Vegetable Samosa 240 gm/Spring Roll 280 gm,Al Kabeer,Spring Roll-Frozen,No Variant,"Frozen Pizzas, Wraps, Sandwiches",280 gm,1,CCF,CHICKEN FRIES,12 PKTS X 400 GRM,POP-CORN & CHICKEN FRIES,53.53,45.59,85.5,conflict,0.12,,manual_required
16185,35755534,Al Kabeer Paneer Cubes 500 gm,Al Kabeer,Paneer,No Variant,Paneer,500 gm,1,CKCCR,CHICKEN ‘N’ CHEESE RINGS 300,300 gms x 12 pkts,POP-CORN & CHICKEN FRIES,52.03,41.3,85.5,conflict,0.12,,manual_required
16192,35845218,"Al Kabeer Felafel, 360 gm",Al Kabeer,Falafel-Frozen,Non-Stuffed,"Frozen Pizzas, Wraps, Sandwiches",360 gm,1,CFB,BEEF FRANKS,454 Gms x 20 Pkts,SAUSAGES,50.82,37.84,85.5,conflict,0.85,,manual_required
16203,35845271,Al Kabeer Punjabi Sambosa 900 gm,Al Kabeer,Samosa-Frozen,Punjabi,"Frozen Pizzas, Wraps, Sandwiches",900 gm,1,CCSAK,12 CHEESE SAMOSAS,240 Gms x 20 Pkts,SAMOSA,54.6,48.65,85.5,conflict,1.69,,manual_required
16205,35845273,Al Kabeer Zing Chicken Strips NON Spicy/Spicy 750 gm,Al Kabeer,Chicken Strips-Frozen,No Variant,Zing,750 gm,1,CKJCNA,JUMBO CHICKEN NUGGETS,1 Kgs x 5 Pkts,NUGGETS,52.19,41.76,85.5,conflict,0.3,,manual_required
16208,35845320,Al Kabeer Breaded Chicken Fillets Spicy/Non Spicy 750 gm,Al Kabeer,Chicken Fillets-Frozen,No Variant,Marinated & Breaded,750 gm,1,CCFA,CHICKEN FRIES BULK,1 kg x 5 Pkts,POP-CORN & CHICKEN FRIES,54.77,49.12,85.5,conflict,0.0,,manual_required
16210,35845321,Al Kabeer waffle Fries 750 gm,Al Kabeer,Crisscut Fries-Frozen,No Variant,Frozen Fries & Onion Rings,750 gm,1,CFBF,BREADED FISH FILLET,330 Gms x 20 Pkts,FILLETS,52.41,42.37,85.5,conflict,1.37,,manual_required
16215,35862584,Al Kabeer Chicken Samosa/Vegetables Samosa 1200 gm /Chicken/Veg Spring Roll 1120 gm,Al Kabeer,Spring Roll-Frozen,No Variant,"Frozen Pizzas, Wraps, Sandwiches",1120 gm,1,CCCTM,CHICKEN TIKKA MAKHANI & PILAU RICE,450 Gms x 12 Pkts,READY2EAT,54.54,48.48,85.5,conflict,0.93,,manual_required
16216,35862584,Al Kabeer Chicken Samosa/Vegetables Samosa 1200 gm /Chicken/Veg Spring Roll 1120 gm,Al Kabeer,Samosa-Frozen,Other-Veg,"Frozen Pizzas, Wraps, Sandwiches",1200 gm,1,CCCTM,CHICKEN TIKKA MAKHANI & PILAU RICE,450 Gms x 12 Pkts,READY2EAT,54.64,48.75,85.5,conflict,0.32,,manual_required
16217,35862584,Al Kabeer Chicken Samosa/Vegetables Samosa 1200 gm /Chicken/Veg Spring Roll 1120 gm,Al Kabeer,Samosa-Frozen,Chicken,"Frozen Pizzas, Wraps, Sandwiches",1200 gm,1,CCCTM,CHICKEN TIKKA MAKHANI & PILAU RICE,450 Gms x 12 Pkts,READY2EAT,54.85,49.35,85.5,conflict,0.43,,manual_required
16219,35862589,Al Kabeer Punjabi Samosa 900 gm/Felafel Vegetable 1 kg,Al Kabeer,Samosa-Frozen,Punjabi,"Frozen Pizzas, Wraps, Sandwiches",900 gm,1,CBK,BEEF KIBBEH 400,400 Gms x 12 Pkts,KOFTA-KIBBEH-FELAFEL,54.8,49.21,85.5,conflict,2.3,,manual_required
16229,35900066,Al Kabeer Tender Chicken Breast 1000GM,Al Kabeer,Chicken Breast-Frozen,No Variant,Frozen Chicken Parts,1000 gm,1,CFBF,BREADED FISH FILLET,330 Gms x 20 Pkts,FILLETS,52.58,42.86,85.5,conflict,0.19,,manual_required
16234,35900152,Al Kabeer Zing Chicken Fillets Non-Spicy 750gm,Al Kabeer,Chicken Fillets-Frozen,No Variant,Zing,750 gm,1,CKJCNA,JUMBO CHICKEN NUGGETS,1 Kgs x 5 Pkts,NUGGETS,53.05,44.21,85.5,conflict,1.02,,manual_required
16236,35901129,Al Kabeer panjabi samosa 900 gm,Al Kabeer,Samosa-Frozen,Punjabi,"Frozen Pizzas, Wraps, Sandwiches",900 gm,1,CCSAK,12 CHEESE SAMOSAS,240 Gms x 20 Pkts,SAMOSA,53.34,45.05,85.5,conflict,0.86,,manual_required
16237,35901137,Al Kabeer chicken/vegetable samosa 480 gm or springroll 560 gm assorted,Al Kabeer,Spring Roll-Frozen,No Variant,"Frozen Pizzas, Wraps, Sandwiches",560 gm,1,CCCTM,CHICKEN TIKKA MAKHANI & PILAU RICE,450 Gms x 12 Pkts,READY2EAT,53.43,45.3,85.5,conflict,0.45,,manual_required
16249,35912756,"Al Kabeer VEGETABLE OR CHICKEN SAMOSA OR SPRING ROLLS, 240 - 280 gm",Al Kabeer,Spring Roll-Frozen,No Variant,"Frozen Pizzas, Wraps, Sandwiches",280 gm,1,CCCTM,CHICKEN TIKKA MAKHANI & PILAU RICE,450 Gms x 12 Pkts,READY2EAT,53.5,45.51,85.5,conflict,0.48,,manual_required
16261,35914926,AL KABEER BREADED CHICKEN FILLET PLAIN / HOT & SPICY 750 gm,Al Kabeer,Chicken Fillets-Frozen,No Variant,Marinated & Breaded,750 gm,1,CCKSB,CHICKEN STICKS BULK,1 Kgs x 5 Pkts,STICKS & FINGERS,54.11,47.24,85.5,conflict,0.1,,manual_required
16265,35915004,ALKABEER GREEN PEAS / MIXED VEGETABLE 900 gm,Al Kabeer,Mix Vegetables-Frozen,No Variant,Frozen Vegetables,900 gm,1,CFBJ,JUMBO HOTDOGS,400 Gms x 20 Pkts,SAUSAGES,51.7,40.35,85.5,conflict,0.0,,manual_required
16266,35915004,ALKABEER GREEN PEAS / MIXED VEGETABLE 900 gm,Al Kabeer,Green/Garden Peas-Frozen,No Variant,Frozen Vegetables,900 gm,1,CFBF,BREADED FISH FILLET,330 Gms x 20 Pkts,FILLETS,52.14,41.6,85.5,conflict,0.56,,manual_required
16274,35925304,AL KABEER FROZEN PANJABI SAMOSAS 900 gm,Al Kabeer,Samosa-Frozen,Punjabi,"Frozen Pizzas, Wraps, Sandwiches",900 gm,1,CCSAK,12 CHEESE SAMOSAS,240 Gms x 20 Pkts,SAMOSA,54.63,48.74,85.5,conflict,0.73,,manual_required
16281,35925801,Alkabeer French Fries 2.5 kg,Al Kabeer,French Fries-Frozen,No Variant,Frozen Fries & Onion Rings,2.5 kg,1,CFBFA,BREADED FISH FILLET BULK,1 Kgs x 5 Pkts,FILLETS,52.24,41.9,85.5,conflict,0.08,,manual_required
16284,35926439,AL KABEER FROZEN PANJABI SAMOSAS 900 gm,Al Kabeer,Samosa-Frozen,Punjabi,"Frozen Pizzas, Wraps, Sandwiches",900 gm,1,CCSAK,12 CHEESE SAMOSAS,240 Gms x 20 Pkts,SAMOSA,54.63,48.74,85.5,conflict,0.73,,manual_required
16295,35934987,Al Kabeer French Fries 2.5 kg,Al Kabeer,French Fries-Frozen,No Variant,Frozen Fries & Onion Rings,2.5 kg,1,CFBFA,BREADED FISH FILLET BULK,1 Kgs x 5 Pkts,FILLETS,52.24,41.9,85.5,conflict,0.08,,manual_required
16296,35935037,Al Kabeer Blackberries / Blueberries 350 gm,Al Kabeer,Blueberries-Frozen,No Variant,Frozen Fruits,350 gm,1,CBBO,4 BEEF BURGERS,200 Gms x 30 Pkt,BURGERS,52.89,43.75,85.5,conflict,0.86,,manual_required
16305,35938234,Al Kabeer Zing Chicken Fillets 750gm,Al Kabeer,Chicken Fillets-Frozen,Spicy,Marinated & Breaded,750 gm,1,CKJCNA,JUMBO CHICKEN NUGGETS,1 Kgs x 5 Pkts,NUGGETS,53.36,45.1,85.5,conflict,0.23,,manual_required
16315,35938261,Al Kabeer - Blackberries/Blueberries 350 gm,Al Kabeer,Blueberries-Frozen,No Variant,Frozen Fruits,350 gm,1,CBBO,4 BEEF BURGERS,200 Gms x 30 Pkt,BURGERS,52.89,43.75,85.5,conflict,0.86,,manual_required
16326,35939480,Al Kabeer Zing Chicken Fillets 750gm,Al Kabeer,Chicken Fillets-Frozen,Spicy,Marinated & Breaded,750 gm,1,CKJCNA,JUMBO CHICKEN NUGGETS,1 Kgs x 5 Pkts,NUGGETS,53.36,45.1,85.5,conflict,0.23,,manual_required
16333,35939611,Al Kabeer Panjabi Samosa 900gm,Al Kabeer,Samosa-Frozen,Punjabi,"Frozen Pizzas, Wraps, Sandwiches",900 gm,1,CCSAK,12 CHEESE SAMOSAS,240 Gms x 20 Pkts,SAMOSA,53.54,45.61,85.5,conflict,0.83,,manual_required
16342,35940994,Al Kabeer PUNJABI SAMOSA 900 gm,Al Kabeer,Samosa-Frozen,Punjabi,"Frozen Pizzas, Wraps, Sandwiches",900 gm,1,CCSAK,12 CHEESE SAMOSAS,240 Gms x 20 Pkts,SAMOSA,53.89,46.6,85.5,conflict,0.67,,manual_required
16350,35942734,Al Kabeer Chicken breast boneless 1000 gm,Al Kabeer,Chicken Breast-Frozen,No Variant,Frozen Chicken Parts,1000 gm,1,CBBO,4 BEEF BURGERS,200 Gms x 30 Pkt,BURGERS,54.52,48.42,85.5,conflict,1.32,,manual_required
16357,35944134,Al Kabeer Paneer Cubes 200 gm,Al Kabeer,Paneer,No Variant,Paneer,200 gm,1,CKCCR,CHICKEN ‘N’ CHEESE RINGS 300,300 gms x 12 pkts,POP-CORN & CHICKEN FRIES,52.79,43.48,85.5,conflict,0.32,,manual_required
16362,35944748,Al Kabeer Punjabi Samosa 900 gm,Al Kabeer,Samosa-Frozen,Punjabi,"Frozen Pizzas, Wraps, Sandwiches",900 gm,1,CCSAK,12 CHEESE SAMOSAS,240 Gms x 20 Pkts,SAMOSA,53.89,46.6,85.5,conflict,0.67,,manual_required
16364,35945950,Al Kabeer Chicken/Vegetable Samosa 480 gm/Spring Roll 560 gm,Al Kabeer,Samosa-Frozen,Other-Veg,"Frozen Pizzas, Wraps, Sandwiches",480 gm,1,CCF,CHICKEN FRIES,12 PKTS X 400 GRM,POP-CORN & CHICKEN FRIES,53.65,45.93,85.5,conflict,0.63,,manual_required
16365,35945950,Al Kabeer Chicken/Vegetable Samosa 480 gm/Spring Roll 560 gm,Al Kabeer,Samosa-Frozen,Chicken,"Frozen Pizzas, Wraps, Sandwiches",480 gm,1,CCF,CHICKEN FRIES,12 PKTS X 400 GRM,POP-CORN & CHICKEN FRIES,53.25,44.8,85.5,conflict,0.12,,manual_required
16366,35945950,Al Kabeer Chicken/Vegetable Samosa 480 gm/Spring Roll 560 gm,Al Kabeer,Spring Roll-Frozen,No Variant,"Frozen Pizzas, Wraps, Sandwiches",560 gm,1,CCF,CHICKEN FRIES,12 PKTS X 400 GRM,POP-CORN & CHICKEN FRIES,53.02,44.12,85.5,conflict,0.11,,manual_required
16378,35950066,Chicken Kofta 300 gm,Al Kabeer,Chicken Kofta-Frozen,No Variant,Frozen Kofta / Kibbeh & Meat Balls,300 gm,1,CCCB,CHICKEN BIRYANI 400,400 Gms x 12 Pkts,READY2EAT,54.43,48.15,85.5,conflict,1.81,,manual_required
16390,35976647,Al Kabeer Assorted (Punjabi Samosas 900 gm / Felafel 1000 gm),Al Kabeer,Samosa-Frozen,Punjabi,"Frozen Pizzas, Wraps, Sandwiches",900 gm,1,CCSAK,12 CHEESE SAMOSAS,240 Gms x 20 Pkts,SAMOSA,54.94,49.62,85.5,conflict,1.04,,manual_required
16391,35976688,Al Kabeer Assorted (Zing Chicken Fillets/ Strips Non Spicy 750 gm),Al Kabeer,Chicken Strips-Frozen,No Variant,Zing,750 gm,1,CCKSB,CHICKEN STICKS BULK,1 Kgs x 5 Pkts,STICKS & FINGERS,54.92,49.56,85.5,conflict,1.36,,manual_required
16392,35976688,Al Kabeer Assorted (Zing Chicken Fillets/ Strips Non Spicy 750 gm),Al Kabeer,Chicken Fillets-Frozen,No Variant,Zing,750 gm,1,CCKSB,CHICKEN STICKS BULK,1 Kgs x 5 Pkts,STICKS & FINGERS,54.92,49.56,85.5,conflict,1.36,,manual_required
16396,35976739,Al Kabeer Assorted (Chicken Samosas 480 gm / Chicken Spring Rolls 560 gm / Vegetable Samosas 480 gm / Vegetable Spring Rolls 560 gm),Al Kabeer,Spring Roll-Frozen,No Variant,"Frozen Pizzas, Wraps, Sandwiches",560 gm,1,CCCTM,CHICKEN TIKKA MAKHANI & PILAU RICE,450 Gms x 12 Pkts,READY2EAT,53.26,44.83,85.5,conflict,0.95,,manual_required
16400,36004944,Al kabeer Chicken Kofta 300 gm,Al Kabeer,Chicken Kofta-Frozen,No Variant,Frozen Kofta / Kibbeh & Meat Balls,300 gm,1,CCCB,CHICKEN BIRYANI 400,400 Gms x 12 Pkts,READY2EAT,54.43,48.15,85.5,conflict,1.81,,manual_required
16407,36015344,Sadia Assorted (Chicken Samosas 400 gm / Punjabi Samosas 900 gm / Chicken Springrolls 560 gm),Al Kabeer,Samosa-Frozen,Punjabi,"Frozen Pizzas, Wraps, Sandwiches",900 gm,1,CCF,CHICKEN FRIES,12 PKTS X 400 GRM,POP-CORN & CHICKEN FRIES,52.51,42.67,85.5,conflict,0.26,,manual_required
16409,36015344,Sadia Assorted (Chicken Samosas 400 gm / Punjabi Samosas 900 gm / Chicken Springrolls 560 gm),Al Kabeer,Spring Roll-Frozen,No Variant,"Frozen Pizzas, Wraps, Sandwiches",560 gm,1,CCF,CHICKEN FRIES,12 PKTS X 400 GRM,POP-CORN & CHICKEN FRIES,52.49,42.62,85.5,conflict,0.02,,manual_required
16410,36015528,Al kabeer Assorted (Zing Chicken Fillets/ Strips - Non Spicy 750 gm),Al Kabeer,Chicken Fillets-Frozen,No Variant,Zing,750 gm,1,CCKSB,CHICKEN STICKS BULK,1 Kgs x 5 Pkts,STICKS & FINGERS,54.92,49.56,85.5,conflict,1.36,,manual_required
16411,36015528,Al kabeer Assorted (Zing Chicken Fillets/ Strips - Non Spicy 750 gm),Al Kabeer,Chicken Strips-Frozen,No Variant,Zing,750 gm,1,CCKSB,CHICKEN STICKS BULK,1 Kgs x 5 Pkts,STICKS & FINGERS,54.92,49.56,85.5,conflict,1.36,,manual_required
16415,36058198,Al Kabeer Frozen Boneless Buffalo Meat 907 gm,Al Kabeer,Bobby Veal-Frozen,No Variant,Other Frozen Meat,907 gm,1,CFB,BEEF FRANKS,454 Gms x 20 Pkts,SAUSAGES,54.27,47.71,85.5,conflict,0.39,,manual_required
16427,36103939,Al Kabeer Zing Chicken Strips Spicy/Non Spicy 750 gm,Al Kabeer,Chicken Strips-Frozen,No Variant,Zing,750 gm,1,CKJCNA,JUMBO CHICKEN NUGGETS,1 Kgs x 5 Pkts,NUGGETS,52.19,41.76,85.5,conflict,0.3,,manual_required
16431,36103943,Al Kabeer Felafel 360 gm,Al Kabeer,Falafel-Frozen,Non-Stuffed,"Frozen Pizzas, Wraps, Sandwiches",360 gm,1,CFB,BEEF FRANKS,454 Gms x 20 Pkts,SAUSAGES,50.82,37.84,85.5,conflict,0.85,,manual_required
16432,36103955,Al Kabeer Punjabi Sambosas 900 gm,Al Kabeer,Samosa-Frozen,Punjabi,"Frozen Pizzas, Wraps, Sandwiches",900 gm,1,CCSAK,12 CHEESE SAMOSAS,240 Gms x 20 Pkts,SAMOSA,54.45,48.21,85.5,conflict,1.69,,manual_required
16435,36138215,Al Kabeer Punjabi Samosa 900 gm,Al Kabeer,Samosa-Frozen,Punjabi,"Frozen Pizzas, Wraps, Sandwiches",900 gm,1,CCSAK,12 CHEESE SAMOSAS,240 Gms x 20 Pkts,SAMOSA,53.89,46.6,85.5,conflict,0.67,,manual_required
16438,36138221,AL KABEER VEGETABLE OR CHICKEN SAMOSA OR SPRING ROLLS 240 - 280 gm,Al Kabeer,Spring Roll-Frozen,No Variant,"Frozen Pizzas, Wraps, Sandwiches",280 gm,1,CCCTM,CHICKEN TIKKA MAKHANI & PILAU RICE,450 Gms x 12 Pkts,READY2EAT,53.5,45.51,85.5,conflict,0.48,,manual_required
16467,36140455,ALKABEER CHICKEN KOFTA 300 gm,Al Kabeer,Chicken Kofta-Frozen,No Variant,Frozen Kofta / Kibbeh & Meat Balls,300 gm,1,CCCB,CHICKEN BIRYANI 400,400 Gms x 12 Pkts,READY2EAT,54.43,48.15,85.5,conflict,1.81,,manual_required
16469,36140473,Al Kabeer FROZEN PANJABI SAMOSAS 900 gm,Al Kabeer,Samosa-Frozen,Punjabi,"Frozen Pizzas, Wraps, Sandwiches",900 gm,1,CCSAK,12 CHEESE SAMOSAS,240 Gms x 20 Pkts,SAMOSA,54.63,48.74,85.5,conflict,0.73,,manual_required
16471,36142922,ALKABEER VEGETABLE/ CHICKEN SPRING ROLLS/ SAMOSA 280 gm,Al Kabeer,Samosa-Frozen,Other-Veg,"Frozen Pizzas, Wraps, Sandwiches",280 gm,1,CCSAK,12 CHEESE SAMOSAS,240 Gms x 20 Pkts,SAMOSA,53.02,44.12,85.5,conflict,0.18,,manual_required
16472,36142922,ALKABEER VEGETABLE/ CHICKEN SPRING ROLLS/ SAMOSA 280 gm,Al Kabeer,Spring Roll-Frozen,No Variant,"Frozen Pizzas, Wraps, Sandwiches",280 gm,1,CCF,CHICKEN FRIES,12 PKTS X 400 GRM,POP-CORN & CHICKEN FRIES,52.79,43.48,85.5,conflict,0.11,,manual_required
16490,36145371,Al Kabeer Zing Shrimps/ Fish Fillets (750 gm),Al Kabeer,Zing Fish Fillet,No Variant,Breaded Seafood,750 gm,1,CBBO,4 BEEF BURGERS,200 Gms x 30 Pkt,BURGERS,50.78,37.74,85.5,conflict,0.05,,manual_required
16495,36147199,Al Kabeer Chicken Kofta 300 gm,Al Kabeer,Chicken Kofta-Frozen,No Variant,Frozen Kofta / Kibbeh & Meat Balls,300 gm,1,CCCB,CHICKEN BIRYANI 400,400 Gms x 12 Pkts,READY2EAT,54.43,48.15,85.5,conflict,1.81,,manual_required
16509,36158014,Al Kabeer Blueberries Frozen Fruits 350 gm,Al Kabeer,Blueberries-Frozen,No Variant,Frozen Fruits,350 gm,1,CBBO,4 BEEF BURGERS,200 Gms x 30 Pkt,BURGERS,52.76,43.37,85.5,conflict,1.0,,manual_required
16514,36158647,Al Kabeer Paneer Cubes 500 gm,Al Kabeer,Paneer,No Variant,Paneer,500 gm,1,CKCCR,CHICKEN ‘N’ CHEESE RINGS 300,300 gms x 12 pkts,POP-CORN & CHICKEN FRIES,52.03,41.3,85.5,conflict,0.12,,manual_required
16519,36158791,Al Kabeer Chicken Samosa 240 gm / Vegetable Spring Roll 280 gm,Al Kabeer,Spring Roll-Frozen,No Variant,"Frozen Pizzas, Wraps, Sandwiches",280 gm,1,CCF,CHICKEN FRIES,12 PKTS X 400 GRM,POP-CORN & CHICKEN FRIES,53.53,45.59,85.5,conflict,0.12,,manual_required
16524,36161250,Al Kabeer Zing Chicken Fillets Non-Spicy 750 gm,Al Kabeer,Chicken Fillets-Frozen,No Variant,Zing,750 gm,1,CKJCNA,JUMBO CHICKEN NUGGETS,1 Kgs x 5 Pkts,NUGGETS,53.55,45.65,85.5,conflict,1.03,,manual_required
16528,36161340,Al Kabeer Chicken Kofta 300 gm,Al Kabeer,Chicken Kofta-Frozen,No Variant,Frozen Kofta / Kibbeh & Meat Balls,300 gm,1,CCCB,CHICKEN BIRYANI 400,400 Gms x 12 Pkts,READY2EAT,54.43,48.15,85.5,conflict,1.81,,manual_required
16530,36161500,Al Kabeer PUNJABI SAMOSA 900 gm,Al Kabeer,Samosa-Frozen,Punjabi,"Frozen Pizzas, Wraps, Sandwiches",900 gm,1,CCSAK,12 CHEESE SAMOSAS,240 Gms x 20 Pkts,SAMOSA,53.89,46.6,85.5,conflict,0.67,,manual_required
16542,36166107,Al Kabeer Chicken Kofta 300 gm,Al Kabeer,Chicken Kofta-Frozen,No Variant,Frozen Kofta / Kibbeh & Meat Balls,300 gm,1,CCCB,CHICKEN BIRYANI 400,400 Gms x 12 Pkts,READY2EAT,54.43,48.15,85.5,conflict,1.81,,manual_required
16543,36211127,Al Kabeer Zing Chicken Spicy/Non Spicy Fillets 750 gm,Al Kabeer,Chicken Fillets-Frozen,No Variant,Zing,750 gm,1,CFBF,BREADED FISH FILLET,330 Gms x 20 Pkts,FILLETS,53.34,45.05,85.5,conflict,1.24,,manual_required
16547,36226353,Al Kabeer Zing Chicken Spicy/ Non Spicy Fillets 750 gm,Al Kabeer,Chicken Strips-Frozen,No Variant,Marinated & Breaded,750 gm,1,CCKSB,CHICKEN STICKS BULK,1 Kgs x 5 Pkts,STICKS & FINGERS,54.8,49.21,85.5,conflict,1.18,,manual_required
16548,36226353,Al Kabeer Zing Chicken Spicy/ Non Spicy Fillets 750 gm,Al Kabeer,Chicken Fillets-Frozen,No Variant,Zing,750 gm,1,CFBF,BREADED FISH FILLET,330 Gms x 20 Pkts,FILLETS,53.34,45.05,85.5,conflict,1.24,,manual_required
16554,36250789,Al Kabeer Paneer Cubes 500 gm,Al Kabeer,Paneer,No Variant,Paneer,500 gm,1,CKCCR,CHICKEN ‘N’ CHEESE RINGS 300,300 gms x 12 pkts,POP-CORN & CHICKEN FRIES,52.03,41.3,85.5,conflict,0.12,,manual_required
16561,36251226,Al Kabeer Vegetable / Chicken Samosa 240gm / Spring Roll 280 gm,Al Kabeer,Spring Roll-Frozen,No Variant,"Frozen Pizzas, Wraps, Sandwiches",280 gm,1,CCF,CHICKEN FRIES,12 PKTS X 400 GRM,POP-CORN & CHICKEN FRIES,53.19,44.6,85.5,conflict,0.11,,manual_required
16568,36253946,Al Kabeer French Fries 2.5 kg,Al Kabeer,French Fries-Frozen,No Variant,Frozen Fries & Onion Rings,2.5 kg,1,CFBFA,BREADED FISH FILLET BULK,1 Kgs x 5 Pkts,FILLETS,52.24,41.9,85.5,conflict,0.08,,manual_required
16574,36253952,Al Kabeer Hash Browns 2500 gm,Al Kabeer,Hash browns,No Variant,Frozen Potato/ Fries/ Onion rings,2500 gm,1,CBBO,4 BEEF BURGERS,200 Gms x 30 Pkt,BURGERS,51.99,41.18,85.5,conflict,0.8,,manual_required
16576,36253953,Al Kabeer Breaded Chicken Fillets Spicy/Non Spicy 750 gm,Al Kabeer,Chicken Fillets-Frozen,No Variant,Marinated & Breaded,750 gm,1,CCFA,CHICKEN FRIES BULK,1 kg x 5 Pkts,POP-CORN & CHICKEN FRIES,54.77,49.12,85.5,conflict,0.0,,manual_required
16581,36285937,"Al Kabeer CHICKEN N’ CHEESE RINGS, 300 gm ",Al Kabeer,Chicken Cheese Stick-Frozen,No Variant,Frozen Barbeque Products,300 gm,1,CCSRA,8 CHEESE SPRING ROLLS,240 Gms x 20 Pkts,SPRING ROLL,54.51,48.39,85.5,conflict,0.21,,manual_required
16595,36288948,Al Kabeer Chicken Kofta 300 gm,Al Kabeer,Chicken Kofta-Frozen,No Variant,Frozen Kofta / Kibbeh & Meat Balls,300 gm,1,CCCB,CHICKEN BIRYANI 400,400 Gms x 12 Pkts,READY2EAT,54.43,48.15,85.5,conflict,1.81,,manual_required
16596,36288956,Al Kabeer Punjabi Samosa 900 gm,Al Kabeer,Samosa-Frozen,Punjabi,"Frozen Pizzas, Wraps, Sandwiches",900 gm,1,CCSAK,12 CHEESE SAMOSAS,240 Gms x 20 Pkts,SAMOSA,53.89,46.6,85.5,conflict,0.67,,manual_required
16597,36293416,ALKABEER GREEN PEAS / MIXED VEGETABLE 900 gm,Al Kabeer,Mix Vegetables-Frozen,No Variant,Frozen Vegetables,900 gm,1,CFBJ,JUMBO HOTDOGS,400 Gms x 20 Pkts,SAUSAGES,51.7,40.35,85.5,conflict,0.0,,manual_required
16598,36293416,ALKABEER GREEN PEAS / MIXED VEGETABLE 900 gm,Al Kabeer,Green/Garden Peas-Frozen,No Variant,Frozen Vegetables,900 gm,1,CFBF,BREADED FISH FILLET,330 Gms x 20 Pkts,FILLETS,52.14,41.6,85.5,conflict,0.56,,manual_required
16600,36293459,Al Kabeer BREADED CHICKEN FILLET PLAIN / HOT & SPICY 750 gm,Al Kabeer,Chicken Fillets-Frozen,No Variant,Marinated & Breaded,750 gm,1,CCKSB,CHICKEN STICKS BULK,1 Kgs x 5 Pkts,STICKS & FINGERS,54.11,47.24,85.5,conflict,0.1,,manual_required
16613,36295438,AL KABEEER CHICKEN / VEGETABLE SPRING ROLLS 280 gm,Al Kabeer,Spring Roll-Frozen,No Variant,"Frozen Pizzas, Wraps, Sandwiches",280 gm,1,CCF,CHICKEN FRIES,12 PKTS X 400 GRM,POP-CORN & CHICKEN FRIES,52.86,43.66,85.5,conflict,0.11,,manual_required
16617,36297970,AL KABEER FROZEN PANJABI SAMOSAS 900 gm,Al Kabeer,Samosa-Frozen,Punjabi,"Frozen Pizzas, Wraps, Sandwiches",900 gm,1,CCSAK,12 CHEESE SAMOSAS,240 Gms x 20 Pkts,SAMOSA,54.63,48.74,85.5,conflict,0.73,,manual_required
16620,36298140,ALKABEER FRENCH FRIES 2500 gm,Al Kabeer,French Fries-Frozen,No Variant,Frozen Fries & Onion Rings,2.5 kg,1,CCSK,KIRI CHEESE SAMOSA,20 X 240 GMS,SAMOSA,52.53,42.72,85.5,conflict,0.52,,manual_required
16622,36298184,ALKABEER PANEER CUBES 200 gm,Al Kabeer,Paneer,No Variant,Paneer,200 gm,1,CKCCR,CHICKEN ‘N’ CHEESE RINGS 300,300 gms x 12 pkts,POP-CORN & CHICKEN FRIES,52.79,43.48,85.5,conflict,0.32,,manual_required
16627,36299094,Al Kabeer Chicken Kofta 300 gm,Al Kabeer,Chicken Kofta-Frozen,No Variant,Frozen Kofta / Kibbeh & Meat Balls,300 gm,1,CCCB,CHICKEN BIRYANI 400,400 Gms x 12 Pkts,READY2EAT,54.43,48.15,85.5,conflict,1.81,,manual_required
16638,36299361,Al Kabeer Zing Chicken Fillets 750 gm Assorted ,Al Kabeer,Chicken Fillets-Frozen,No Variant,Zing,750 gm,1,CKN,CHICKEN NUGGETS,270 Gms x 20 Pkts,NUGGETS,54.69,48.89,85.5,conflict,1.2,,manual_required
16640,36299447,Al Kabeer Paneer Cubes 200 gm ,Al Kabeer,Paneer,No Variant,Paneer,200 gm,1,CKCCR,CHICKEN ‘N’ CHEESE RINGS 300,300 gms x 12 pkts,POP-CORN & CHICKEN FRIES,52.79,43.48,85.5,conflict,0.32,,manual_required
16647,36306977,Al Kabeer Chicken Nuggets / Tempura 750 gm,Al Kabeer,Chicken Nuggets-Frozen,No Variant,Marinated & Breaded,750 gm,1,CFBF,BREADED FISH FILLET,330 Gms x 20 Pkts,FILLETS,52.58,42.86,85.5,conflict,0.52,,manual_required
16648,36307585,Al Kabeer Kraze/Tempura Chicken Nuggets 750 gm,Al Kabeer,Chicken Nuggets-Frozen,No Variant,Marinated & Breaded,750 gm,1,CCKSB,CHICKEN STICKS BULK,1 Kgs x 5 Pkts,STICKS & FINGERS,53.59,45.76,85.5,conflict,0.21,,manual_required
16650,36309978,Al Kabeer Falafel 360 gm,Al Kabeer,Falafel-Frozen,Non-Stuffed,"Frozen Pizzas, Wraps, Sandwiches",360 gm,1,CFB,BEEF FRANKS,454 Gms x 20 Pkts,SAUSAGES,50.49,36.89,85.5,conflict,0.19,,manual_required
16655,36310037,Al Kabeer - Chicken Kofta 300 gm,Al Kabeer,Chicken Kofta-Frozen,No Variant,Frozen Kofta / Kibbeh & Meat Balls,300 gm,1,CCCB,CHICKEN BIRYANI 400,400 Gms x 12 Pkts,READY2EAT,54.43,48.15,85.5,conflict,1.81,,manual_required
16656,36310129,Al Kabeer Zing Chicken Strips Spicy/Non Spicy 750 gm,Al Kabeer,Chicken Strips-Frozen,No Variant,Zing,750 gm,1,CKJCNA,JUMBO CHICKEN NUGGETS,1 Kgs x 5 Pkts,NUGGETS,52.19,41.76,85.5,conflict,0.3,,manual_required
16665,36310660,Al Kabeer Krazee Chicken Nuggets 750 gm,Al Kabeer,Chicken Nuggets-Frozen,No Variant,Marinated & Breaded,750 gm,1,CFB,BEEF FRANKS,454 Gms x 20 Pkts,SAUSAGES,52.18,41.74,85.5,conflict,0.05,,manual_required
16667,36310975,Al Kabeer Paneer Cubes 200 gm,Al Kabeer,Paneer,No Variant,Paneer,200 gm,1,CKCCR,CHICKEN ‘N’ CHEESE RINGS 300,300 gms x 12 pkts,POP-CORN & CHICKEN FRIES,52.79,43.48,85.5,conflict,0.32,,manual_required
16675,36314501,Al Kabeer Panjabi Samosa 900 gm,Al Kabeer,Samosa-Frozen,Punjabi,"Frozen Pizzas, Wraps, Sandwiches",900 gm,1,CCSAK,12 CHEESE SAMOSAS,240 Gms x 20 Pkts,SAMOSA,53.34,45.05,85.5,conflict,0.86,,manual_required
16681,36314899,Alkabeer Chicken Kofta 300 gm,Al Kabeer,Chicken Kofta-Frozen,No Variant,Frozen Kofta / Kibbeh & Meat Balls,300 gm,1,CCCB,CHICKEN BIRYANI 400,400 Gms x 12 Pkts,READY2EAT,54.43,48.15,85.5,conflict,1.81,,manual_required
16696,36351278,Al Kabeer Chicken Frozen Sambosa 240 gm /Delmonte French Fries 1kg,Al Kabeer,Samosa-Frozen,Chicken,"Frozen Pizzas, Wraps, Sandwiches",240 gm,1,CBK,BEEF KIBBEH 400,400 Gms x 12 Pkts,KOFTA-KIBBEH-FELAFEL,52.29,42.03,85.5,conflict,0.52,,manual_required
16698,36392270,Al Kabeer Chicken breast boneless 1000 gm,Al Kabeer,Chicken Breast-Frozen,No Variant,Frozen Chicken Parts,1000 gm,1,CBBO,4 BEEF BURGERS,200 Gms x 30 Pkt,BURGERS,54.52,48.42,85.5,conflict,1.32,,manual_required
16701,36405775,Al Kabeer ZING CHICKEN FILLETS NON-SPICY 750 gm,Al Kabeer,Chicken Fillets-Frozen,No Variant,Zing,750 gm,1,CKJCNA,JUMBO CHICKEN NUGGETS,1 Kgs x 5 Pkts,NUGGETS,53.55,45.65,85.5,conflict,1.03,,manual_required
16702,36405802,Al Kabeer French Fries 2.5 kg,Al Kabeer,French Fries-Frozen,No Variant,Frozen Fries & Onion Rings,2.5 kg,1,CFBFA,BREADED FISH FILLET BULK,1 Kgs x 5 Pkts,FILLETS,52.24,41.9,85.5,conflict,0.08,,manual_required
16703,36405903,Al Kabeer Zing Chicken Fillets Catering Spicy 750 gm,Al Kabeer,Chicken Fillets-Frozen,Spicy,Zing,750 gm,1,CKCKB,CHICKEN BURGERS 56 g,840 g. x 9,BURGERS,54.44,48.19,85.5,conflict,0.59,,manual_required
16709,36453524,Al Kabeer Hash Brown Triangles 2.5 kg,Al Kabeer,Hash browns,No Variant,Frozen Potato/ Fries/ Onion rings,2.5 kg,1,CKBT,TAYEBAT CHICKEN BURGER,1 Kgs x 9 Pkts,BURGERS,51.91,40.94,85.5,conflict,0.76,,manual_required
16710,36453559,Al Kabeer Punjabi Samosa 900 gm / Vegetable Felafel 1 kg,Al Kabeer,Samosa-Frozen,Punjabi,"Frozen Pizzas, Wraps, Sandwiches",900 gm,1,CBK,BEEF KIBBEH 400,400 Gms x 12 Pkts,KOFTA-KIBBEH-FELAFEL,54.8,49.21,85.5,conflict,2.3,,manual_required
16718,36457031,Al Kabeer Zing Chicken Strips Buffalo/Spicy Sriracha 700 gm,Al Kabeer,Chicken Strips-Frozen,No Variant,Zing,700 gm,1,CCCB,CHICKEN BIRYANI 400,400 Gms x 12 Pkts,READY2EAT,54.62,48.7,85.5,conflict,1.88,,manual_required
16719,36457031,Al Kabeer Zing Chicken Strips Buffalo/Spicy Sriracha 700 gm,Al Kabeer,Chicken Strips-Frozen,Spicy,Zing,700 gm,1,CKBT,TAYEBAT CHICKEN BURGER,1 Kgs x 9 Pkts,BURGERS,54.91,49.52,85.5,conflict,1.85,,manual_required
16720,36457035,Al Kabeer Felafel 360 gm,Al Kabeer,Falafel-Frozen,Non-Stuffed,"Frozen Pizzas, Wraps, Sandwiches",360 gm,1,CFB,BEEF FRANKS,454 Gms x 20 Pkts,SAUSAGES,50.82,37.84,85.5,conflict,0.85,,manual_required
16722,36457043,Al Kabeer krazee Chicken Nuggets 750 gm BAG,Al Kabeer,Chicken Nuggets-Frozen,No Variant,Marinated & Breaded,750 gm,1,CCCB,CHICKEN BIRYANI 400,400 Gms x 12 Pkts,READY2EAT,53.19,44.63,85.5,conflict,1.5,,manual_required
16723,36457050,Al Kabeer Frozen Mixed Veg./Green Peas 900 gm BAG,Al Kabeer,Green/Garden Peas-Frozen,No Variant,Frozen Vegetables,900 gm,1,CBK,BEEF KIBBEH 400,400 Gms x 12 Pkts,KOFTA-KIBBEH-FELAFEL,52.28,42.02,85.5,conflict,0.03,,manual_required
16724,36457050,Al Kabeer Frozen Mixed Veg./Green Peas 900 gm BAG,Al Kabeer,Mix Vegetables-Frozen,No Variant,Frozen Vegetables,900 gm,1,CBK,BEEF KIBBEH 400,400 Gms x 12 Pkts,KOFTA-KIBBEH-FELAFEL,52.06,41.38,85.5,conflict,0.23,,manual_required
16735,36478474,Al Kabeer Zing Chicken Strips Assorted 750 gm,Al Kabeer,Chicken Strips-Frozen,No Variant,Zing,750 gm,1,CKSAPR,AK PRO CHICKEN SAMOSA,4 X 1.2 KGS,SAMOSA,53.05,44.21,85.5,conflict,0.63,,manual_required
16737,36478486,Al Kabeer Chicken Kofta 300 gm,Al Kabeer,Chicken Kofta-Frozen,No Variant,Frozen Kofta / Kibbeh & Meat Balls,300 gm,1,CCCB,CHICKEN BIRYANI 400,400 Gms x 12 Pkts,READY2EAT,54.43,48.15,85.5,conflict,1.81,,manual_required
16738,36478512,Al Kabeer Paneer Cubes 200 gm,Al Kabeer,Paneer,No Variant,Paneer,200 gm,1,CKCCR,CHICKEN ‘N’ CHEESE RINGS 300,300 gms x 12 pkts,POP-CORN & CHICKEN FRIES,52.79,43.48,85.5,conflict,0.32,,manual_required
16742,36478597,Al Kabeer Zing Chicken Fillets Assorted 750 gm,Al Kabeer,Chicken Fillets-Frozen,No Variant,Zing,750 gm,1,CKN,CHICKEN NUGGETS,270 Gms x 20 Pkts,NUGGETS,54.69,48.89,85.5,conflict,1.2,,manual_required
16744,36486717,Al Kabeer Chicken Kofta 300 gm,Al Kabeer,Chicken Kofta-Frozen,No Variant,Frozen Kofta / Kibbeh & Meat Balls,300 gm,1,CCCB,CHICKEN BIRYANI 400,400 Gms x 12 Pkts,READY2EAT,54.43,48.15,85.5,conflict,1.81,,manual_required
16745,36486725,Al Kabeer Punjabi Samosa 900 gm,Al Kabeer,Samosa-Frozen,Punjabi,"Frozen Pizzas, Wraps, Sandwiches",900 gm,1,CCSAK,12 CHEESE SAMOSAS,240 Gms x 20 Pkts,SAMOSA,53.89,46.6,85.5,conflict,0.67,,manual_required
16760,36543736,"Al Kabeer Punjabi Somsa , 900 gm",Al Kabeer,Samosa-Frozen,Punjabi,"Frozen Pizzas, Wraps, Sandwiches",900 gm,1,CCSAK,12 CHEESE SAMOSAS,240 Gms x 20 Pkts,SAMOSA,53.63,45.87,85.5,conflict,1.25,,manual_required
16763,36550923,ALKABEER CHICKEN BURGER BREADED / UNBREADED 840 gm,Al Kabeer,Chicken Burger-Frozen,Unbreaded,Frozen Burger,840 gm,1,CFBF,BREADED FISH FILLET,330 Gms x 20 Pkts,FILLETS,54.73,49.02,85.5,conflict,0.06,,manual_required
16764,36550923,ALKABEER CHICKEN BURGER BREADED / UNBREADED 840 gm,Al Kabeer,Chicken Burger-Frozen,Breaded,Frozen Burger,840 gm,1,CFBF,BREADED FISH FILLET,330 Gms x 20 Pkts,FILLETS,54.73,49.02,85.5,conflict,0.06,,manual_required
16771,36551242,AlKabeer French Fries 2.5 kg,Al Kabeer,French Fries-Frozen,No Variant,Frozen Fries & Onion Rings,2.5 kg,1,CFBFA,BREADED FISH FILLET BULK,1 Kgs x 5 Pkts,FILLETS,52.24,41.9,85.5,conflict,0.08,,manual_required
16772,36551923,"ALKABEER ZING NON SPICY OR SPICY CHICKEN STRIPS, 750 GRAMS",Al Kabeer,Chicken Strips-Frozen,Spicy,Zing,750 gm,1,CKCKB,CHICKEN BURGERS 56 g,840 g. x 9,BURGERS,54.2,47.5,85.5,conflict,0.6,,manual_required
16773,36551923,"ALKABEER ZING NON SPICY OR SPICY CHICKEN STRIPS, 750 GRAMS",Al Kabeer,Chicken Strips-Frozen,No Variant,Zing,750 gm,1,CKBT,TAYEBAT CHICKEN BURGER,1 Kgs x 9 Pkts,BURGERS,53.42,45.28,85.5,conflict,2.41,,manual_required
16774,36552101,Al Kabeer French Fries 2.5 kg,Al Kabeer,French Fries-Frozen,No Variant,Frozen Fries & Onion Rings,2.5 kg,1,CFBFA,BREADED FISH FILLET BULK,1 Kgs x 5 Pkts,FILLETS,52.24,41.9,85.5,conflict,0.08,,manual_required
16787,36556556,Al Kabeer Krazee Chicken Nuggets 750 gm,Al Kabeer,Chicken Nuggets-Frozen,No Variant,Marinated & Breaded,750 gm,1,CFB,BEEF FRANKS,454 Gms x 20 Pkts,SAUSAGES,52.18,41.74,85.5,conflict,0.05,,manual_required
16796,36561302,Al Kabeer French Fries 2.5 kg,Al Kabeer,French Fries-Frozen,No Variant,Frozen Fries & Onion Rings,2.5 kg,1,CFBFA,BREADED FISH FILLET BULK,1 Kgs x 5 Pkts,FILLETS,52.24,41.9,85.5,conflict,0.08,,manual_required
16800,36563214,Al Kabeer Paneer Cubes 200 gm,Al Kabeer,Paneer,No Variant,Paneer,200 gm,1,CKCCR,CHICKEN ‘N’ CHEESE RINGS 300,300 gms x 12 pkts,POP-CORN & CHICKEN FRIES,52.79,43.48,85.5,conflict,0.32,,manual_required
16805,36566077,Al Kabeer PUNJABI SAMOSA 900 gm,Al Kabeer,Samosa-Frozen,Punjabi,"Frozen Pizzas, Wraps, Sandwiches",900 gm,1,CCSAK,12 CHEESE SAMOSAS,240 Gms x 20 Pkts,SAMOSA,53.89,46.6,85.5,conflict,0.67,,manual_required
16810,36567945,Al Kabeer French Fries 1000 gm,Al Kabeer,French Fries-Frozen,No Variant,Frozen Fries & Onion Rings,1 kg,1,CCSAKPR,A.K PRO CHEESE SAMOSA,4 X 1.2 KGS,SAMOSA,52.13,41.58,85.5,conflict,0.41,,manual_required
16811,36570655,Al Kabeer Chicken breast boneless 1000 gm,Al Kabeer,Chicken Breast-Frozen,No Variant,Frozen Chicken Parts,1 kg,1,CBBO,4 BEEF BURGERS,200 Gms x 30 Pkt,BURGERS,54.38,48.0,85.5,conflict,0.17,,manual_required
16819,36675474,Al Kabeer Zing Chicken Fillets/Strips 750 gm Assorted,Al Kabeer,Chicken Fillets-Frozen,Spicy,Zing,750 gm,1,CKCKB,CHICKEN BURGERS 56 g,840 g. x 9,BURGERS,53.91,46.67,85.5,conflict,1.28,,manual_required
16820,36675474,Al Kabeer Zing Chicken Fillets/Strips 750 gm Assorted,Al Kabeer,Chicken Strips-Frozen,No Variant,Zing,750 gm,1,CFBF,BREADED FISH FILLET,330 Gms x 20 Pkts,FILLETS,53.73,46.15,85.5,conflict,0.53,,manual_required
16822,36700256,"Al Kabeer PUNJABI SAMOSA, 900 gm",Al Kabeer,Samosa-Frozen,Punjabi,"Frozen Pizzas, Wraps, Sandwiches",900 gm,1,CCSAK,12 CHEESE SAMOSAS,240 Gms x 20 Pkts,SAMOSA,53.89,46.6,85.5,conflict,0.67,,manual_required
16827,36700453,"Al Kabeer VEGETABLE OR CHICKEN SAMOSA OR SPRING ROLLS, 240 - 280 gm",Al Kabeer,Spring Roll-Frozen,No Variant,"Frozen Pizzas, Wraps, Sandwiches",280 gm,1,CCCTM,CHICKEN TIKKA MAKHANI & PILAU RICE,450 Gms x 12 Pkts,READY2EAT,53.5,45.51,85.5,conflict,0.48,,manual_required
16833,36700514,"Al Kabeer ZING CHICKEN FILLET REGULAR OR HOT, 750 gm",Al Kabeer,Chicken Fillets-Frozen,No Variant,Zing,750 gm,1,CCSK,KIRI CHEESE SAMOSA,20 X 240 GMS,SAMOSA,54.27,47.71,85.5,conflict,0.59,,manual_required
16835,36705836,Al Kabeer PANEER CUBES 200 gm,Al Kabeer,Paneer,No Variant,Paneer,200 gm,1,CKCCR,CHICKEN ‘N’ CHEESE RINGS 300,300 gms x 12 pkts,POP-CORN & CHICKEN FRIES,52.79,43.48,85.5,conflict,0.32,,manual_required
16838,36706148,Alkabeer French Fries 2.5Kg,Al Kabeer,French Fries-Frozen,No Variant,Frozen Fries & Onion Rings,2.5 kg,1,CFBFA,BREADED FISH FILLET BULK,1 Kgs x 5 Pkts,FILLETS,52.24,41.9,85.5,conflict,0.08,,manual_required
16849,36708388,Al Kabeer FROZEN PANJABI SAMOSAS 900 gm,Al Kabeer,Samosa-Frozen,Punjabi,"Frozen Pizzas, Wraps, Sandwiches",900 gm,1,CCSAK,12 CHEESE SAMOSAS,240 Gms x 20 Pkts,SAMOSA,54.63,48.74,85.5,conflict,0.73,,manual_required
16853,36713825,Al Kabeer French Fries 2.5 kg,Al Kabeer,French Fries-Frozen,No Variant,Frozen Fries & Onion Rings,2.5 kg,1,CFBFA,BREADED FISH FILLET BULK,1 Kgs x 5 Pkts,FILLETS,52.24,41.9,85.5,conflict,0.08,,manual_required
16862,36715184,Al Kabeer Chicken Kofta 300 gm,Al Kabeer,Chicken Kofta-Frozen,No Variant,Frozen Kofta / Kibbeh & Meat Balls,300 gm,1,CCCB,CHICKEN BIRYANI 400,400 Gms x 12 Pkts,READY2EAT,54.43,48.15,85.5,conflict,1.81,,manual_required
16866,36721521,Al Kabeer - Zing Chicken Fillets 750 gm,Al Kabeer,Chicken Fillets-Frozen,Spicy,Marinated & Breaded,750 gm,1,CKJCNA,JUMBO CHICKEN NUGGETS,1 Kgs x 5 Pkts,NUGGETS,53.84,46.46,85.5,conflict,0.22,,manual_required
16868,36721614,Al Kabeer Green Peas/Mixed Vegetables 900 gm,Al Kabeer,Mix Vegetables-Frozen,No Variant,Frozen Vegetables,900 gm,1,CFBJ,JUMBO HOTDOGS,400 Gms x 20 Pkts,SAUSAGES,52.38,42.31,85.5,conflict,0.0,,manual_required
16869,36721614,Al Kabeer Green Peas/Mixed Vegetables 900 gm,Al Kabeer,Green/Garden Peas-Frozen,No Variant,Frozen Vegetables,900 gm,1,CFB,BEEF FRANKS,454 Gms x 20 Pkts,SAUSAGES,52.24,41.9,85.5,conflict,0.06,,manual_required
16874,36721707,Al Kabeer Blackberries-/Blueberries- 350 gm,Al Kabeer,Blueberries-Frozen,No Variant,Frozen Fruits,350 gm,1,CBBO,4 BEEF BURGERS,200 Gms x 30 Pkt,BURGERS,52.89,43.75,85.5,conflict,0.86,,manual_required
16885,36724648,Al Kabeer Chicken Kofta 300 gm ,Al Kabeer,Chicken Kofta-Frozen,No Variant,Frozen Kofta / Kibbeh & Meat Balls,300 gm,1,CCCB,CHICKEN BIRYANI 400,400 Gms x 12 Pkts,READY2EAT,54.43,48.15,85.5,conflict,1.81,,manual_required
16897,36725318,Al Kabeer Paneer Cubes 500 gm,Al Kabeer,Paneer,No Variant,Paneer,500 gm,1,CKCCR,CHICKEN ‘N’ CHEESE RINGS 300,300 gms x 12 pkts,POP-CORN & CHICKEN FRIES,52.03,41.3,85.5,conflict,0.12,,manual_required
16899,36725435,Al Kabeer Paneer Cubes 200 gm,Al Kabeer,Paneer,No Variant,Paneer,200 gm,1,CKCCR,CHICKEN ‘N’ CHEESE RINGS 300,300 gms x 12 pkts,POP-CORN & CHICKEN FRIES,52.79,43.48,85.5,conflict,0.32,,manual_required
16900,36726396,Al Kabeer Paneer Cubes 200 gm,Al Kabeer,Paneer,No Variant,Paneer,200 gm,1,CKCCR,CHICKEN ‘N’ CHEESE RINGS 300,300 gms x 12 pkts,POP-CORN & CHICKEN FRIES,52.79,43.48,85.5,conflict,0.32,,manual_required
16902,36727029,Al Kabeer Blackberries / Blueberries 350 gm,Al Kabeer,Blueberries-Frozen,No Variant,Frozen Fruits,350 gm,1,CBBO,4 BEEF BURGERS,200 Gms x 30 Pkt,BURGERS,52.89,43.75,85.5,conflict,0.86,,manual_required
16908,36727488,Al Kabeer Mixed Vegetables With Corn / Green Peas 900 gm,Al Kabeer,Mix Vegetables-Frozen,No Variant,Frozen Vegetables,900 gm,1,CFBJ,JUMBO HOTDOGS,400 Gms x 20 Pkts,SAUSAGES,52.31,42.11,85.5,conflict,0.36,,manual_required
16909,36727488,Al Kabeer Mixed Vegetables With Corn / Green Peas 900 gm,Al Kabeer,Green/Garden Peas-Frozen,No Variant,Frozen Vegetables,900 gm,1,CFB,BEEF FRANKS,454 Gms x 20 Pkts,SAUSAGES,52.18,41.74,85.5,conflict,0.48,,manual_required
16912,36727559,Al Kabeer Zing / Butter Chicken Fillets 700 gm / 750 gm,Al Kabeer,Chicken Fillets-Frozen,No Variant,Zing,700 gm,1,CKCKB,CHICKEN BURGERS 56 g,840 g. x 9,BURGERS,54.69,48.89,85.5,conflict,0.55,,manual_required
16913,36727559,Al Kabeer Zing / Butter Chicken Fillets 700 gm / 750 gm,Al Kabeer,Chicken Fillets-Frozen,No Variant,Zing,750 gm,1,CKCKB,CHICKEN BURGERS 56 g,840 g. x 9,BURGERS,54.69,48.89,85.5,conflict,0.55,,manual_required
16925,36827064,Al Kabeer Chicken Kofta 300 gm,Al Kabeer,Chicken Kofta-Frozen,No Variant,Frozen Kofta / Kibbeh & Meat Balls,300 gm,1,CCCB,CHICKEN BIRYANI 400,400 Gms x 12 Pkts,READY2EAT,54.43,48.15,85.5,conflict,1.81,,manual_required
16931,36878924,Al Kabeer Frozen Blueberry / Blackberry 350 gm,Al Kabeer,Blueberries-Frozen,No Variant,Frozen Fruits,350 gm,1,CBBO,4 BEEF BURGERS,200 Gms x 30 Pkt,BURGERS,51.71,40.38,85.5,conflict,0.13,,manual_required
16936,36878987,ALKABEER GREEN PEAS / MIXED VEGETABLE 900 gm,Al Kabeer,Mix Vegetables-Frozen,No Variant,Frozen Vegetables,900 gm,1,CFBJ,JUMBO HOTDOGS,400 Gms x 20 Pkts,SAUSAGES,51.7,40.35,85.5,conflict,0.0,,manual_required
16937,36878987,ALKABEER GREEN PEAS / MIXED VEGETABLE 900 gm,Al Kabeer,Green/Garden Peas-Frozen,No Variant,Frozen Vegetables,900 gm,1,CFBF,BREADED FISH FILLET,330 Gms x 20 Pkts,FILLETS,52.14,41.6,85.5,conflict,0.56,,manual_required
16950,36882347,"Al Kabeer ZING FISH FILLET MILD SPICY, 750 gm",Al Kabeer,Zing Fish Fillet,No Variant,Breaded Seafood,750 gm,1,CFB,BEEF FRANKS,454 Gms x 20 Pkts,SAUSAGES,52.62,42.99,85.5,conflict,0.49,,manual_required
16951,36882354,"Al Kabeer PUNJABI SAMOSA, 900 gm",Al Kabeer,Samosa-Frozen,Punjabi,"Frozen Pizzas, Wraps, Sandwiches",900 gm,1,CCSAK,12 CHEESE SAMOSAS,240 Gms x 20 Pkts,SAMOSA,53.89,46.6,85.5,conflict,0.67,,manual_required
16953,36882356,"Al Kabeer ZING NON SPICY OR SPICY CHICKEN STRIPS, 750 gm",Al Kabeer,Chicken Strips-Frozen,No Variant,Zing,750 gm,1,CKBT,TAYEBAT CHICKEN BURGER,1 Kgs x 9 Pkts,BURGERS,53.42,45.28,85.5,conflict,2.41,,manual_required
16954,36882356,"Al Kabeer ZING NON SPICY OR SPICY CHICKEN STRIPS, 750 gm",Al Kabeer,Chicken Strips-Frozen,Spicy,Zing,750 gm,1,CKCKB,CHICKEN BURGERS 56 g,840 g. x 9,BURGERS,54.2,47.5,85.5,conflict,0.6,,manual_required
16961,36883100,Al Kabeer BUTTER CHICKEN ZING FILLET 700 gm,Al Kabeer,Chicken Fillets-Frozen,No Variant,Zing,700 gm,1,CKSK,SHISH KEBAB,600 Gms x 12 Pkts,KEBAB,53.13,44.44,85.5,conflict,0.31,,manual_required
16962,36883168,Al Kabeer MIX VEGETABLES/ GREEN PEAS 900 gm,Al Kabeer,Mix Vegetables-Frozen,No Variant,Frozen Vegetables,900 gm,1,CFB,BEEF FRANKS,454 Gms x 20 Pkts,SAUSAGES,52.16,41.67,85.5,conflict,0.3,,manual_required
16963,36883168,Al Kabeer MIX VEGETABLES/ GREEN PEAS 900 gm,Al Kabeer,Green/Garden Peas-Frozen,No Variant,Frozen Vegetables,900 gm,1,CFB,BEEF FRANKS,454 Gms x 20 Pkts,SAUSAGES,51.85,40.78,85.5,conflict,0.02,,manual_required
16964,36883169,Alkabeer French Fries 2500 gm,Al Kabeer,French Fries-Frozen,No Variant,Frozen Fries & Onion Rings,2.5 kg,1,CCSK,KIRI CHEESE SAMOSA,20 X 240 GMS,SAMOSA,52.53,42.72,85.5,conflict,0.52,,manual_required
16967,36883189,Al Kabeer Hash Browns 2.5 kg,Al Kabeer,Hash browns,No Variant,Frozen Potato/ Fries/ Onion rings,2.5 kg,1,SFM,FISH MILK,1 kg x 10 Pkts,TRADING-FISH,51.97,41.12,85.5,conflict,0.8,,manual_required
16969,36883407,AL KABEER PANEER CUBES 200 GM,Al Kabeer,Paneer,No Variant,Paneer,200 gm,1,CKCCR,CHICKEN ‘N’ CHEESE RINGS 300,300 gms x 12 pkts,POP-CORN & CHICKEN FRIES,52.79,43.48,85.5,conflict,0.32,,manual_required
16973,36891467,Al Kabeer Chicken Nuggets/Fillet (750 gm),Al Kabeer,Chicken Nuggets-Frozen,No Variant,Marinated & Breaded,750 gm,1,CFBF,BREADED FISH FILLET,330 Gms x 20 Pkts,FILLETS,54.94,49.6,85.5,conflict,1.03,,manual_required
16981,36898973,Al Kabeer Chicken Kofta 300 gm,Al Kabeer,Chicken Kofta-Frozen,No Variant,Frozen Kofta / Kibbeh & Meat Balls,300 gm,1,CCCB,CHICKEN BIRYANI 400,400 Gms x 12 Pkts,READY2EAT,54.43,48.15,85.5,conflict,1.81,,manual_required
16996,36904199,Al Kabeer Tender Chicken Breast 1000GM,Al Kabeer,Chicken Breast-Frozen,No Variant,Frozen Chicken Parts,1000 gm,1,CFBF,BREADED FISH FILLET,330 Gms x 20 Pkts,FILLETS,52.58,42.86,85.5,conflict,0.19,,manual_required
16997,36904207,Al Kabeer Zing Chicken Fillets Catering Spicy 750gm,Al Kabeer,Chicken Fillets-Frozen,Spicy,Zing,750 gm,1,CKJCNA,JUMBO CHICKEN NUGGETS,1 Kgs x 5 Pkts,NUGGETS,54.09,47.19,85.5,conflict,0.24,,manual_required
16998,36904271,Al Kabeer French Fries 2.5kg,Al Kabeer,French Fries-Frozen,No Variant,Frozen Fries & Onion Rings,2.5 kg,1,CFBFA,BREADED FISH FILLET BULK,1 Kgs x 5 Pkts,FILLETS,52.24,41.9,85.5,conflict,0.08,,manual_required
16999,36904303,Al Kabeer Krazee Chicken Nuggets 750gm,Al Kabeer,Chicken Nuggets-Frozen,No Variant,Marinated & Breaded,750 gm,1,CFB,BEEF FRANKS,454 Gms x 20 Pkts,SAUSAGES,52.41,42.37,85.5,conflict,0.06,,manual_required
17000,36904317,Al Kabeer Zing Chicken Fillets Non-Spicy 750gm,Al Kabeer,Chicken Fillets-Frozen,No Variant,Zing,750 gm,1,CKJCNA,JUMBO CHICKEN NUGGETS,1 Kgs x 5 Pkts,NUGGETS,53.05,44.21,85.5,conflict,1.02,,manual_required
17003,36904625,Al Kabeer - Zing Chicken Strips Spicy/Non Spicy 750gm,Al Kabeer,Chicken Strips-Frozen,Spicy,Zing,750 gm,1,CKJCNA,JUMBO CHICKEN NUGGETS,1 Kgs x 5 Pkts,NUGGETS,53.6,45.78,85.5,conflict,0.27,,manual_required
17004,36904625,Al Kabeer - Zing Chicken Strips Spicy/Non Spicy 750gm,Al Kabeer,Chicken Strips-Frozen,No Variant,Zing,750 gm,1,CKBW,BBQ CHICKEN WINGS 400,400 Gms x 12 Pkts,WINGS,54.52,48.42,85.5,conflict,2.63,,manual_required
17014,36908381,Al Kabeer Paneer Cubes 200 gm,Al Kabeer,Paneer,No Variant,Paneer,200 gm,1,CKCCR,CHICKEN ‘N’ CHEESE RINGS 300,300 gms x 12 pkts,POP-CORN & CHICKEN FRIES,52.79,43.48,85.5,conflict,0.32,,manual_required
17018,36933487,Al Kabeer Blueberries Frozen Fruits 350 gm,Al Kabeer,Blueberries-Frozen,No Variant,Frozen Fruits,350 gm,1,CBBO,4 BEEF BURGERS,200 Gms x 30 Pkt,BURGERS,52.76,43.37,85.5,conflict,1.0,,manual_required
17030,37041747,Al Kabeer TENDER CHICKEN BREAST 1000gm,Al Kabeer,Chicken Breast-Frozen,No Variant,Frozen Chicken Parts,1000 gm,1,CFBF,BREADED FISH FILLET,330 Gms x 20 Pkts,FILLETS,52.58,42.86,85.5,conflict,0.19,,manual_required
17039,37046086,Al Kabeer BREADED CHICKEN FILLET PLAIN / HOT & SPICY 750 gm,Al Kabeer,Chicken Fillets-Frozen,No Variant,Marinated & Breaded,750 gm,1,CCKSB,CHICKEN STICKS BULK,1 Kgs x 5 Pkts,STICKS & FINGERS,54.11,47.24,85.5,conflict,0.1,,manual_required
17040,37046252,Al Kabeer FISH FILLLET ZING 750gm,Al Kabeer,Zing Fish Fillet,No Variant,Breaded Seafood,750 gm,1,CFBF,BREADED FISH FILLET,330 Gms x 20 Pkts,FILLETS,53.12,73.5,69.83,conflict,1.8,,manual_required
17051,37048263,"Al Kabeer ZING CHICKEN STRIPS SMOKE BUFFALO OR SPICY, 700 gm",Al Kabeer,Chicken Strips-Frozen,Spicy,Zing,700 gm,1,CKBT,TAYEBAT CHICKEN BURGER,1 Kgs x 9 Pkts,BURGERS,53.58,45.71,85.5,conflict,1.42,,manual_required
17052,37048263,"Al Kabeer ZING CHICKEN STRIPS SMOKE BUFFALO OR SPICY, 700 gm",Al Kabeer,Chicken Strips-Frozen,No Variant,Zing,700 gm,1,CCCB,CHICKEN BIRYANI 400,400 Gms x 12 Pkts,READY2EAT,54.01,46.96,85.5,conflict,1.85,,manual_required
17058,37051216,Al Kabeer Chicken Nuggets 750 gm,Al Kabeer,Chicken Nuggets-Frozen,Spicy,Marinated & Breaded,750 gm,1,CFB,BEEF FRANKS,454 Gms x 20 Pkts,SAUSAGES,53.21,44.66,85.5,conflict,0.69,,manual_required
17060,37051358,Al Kabeer French Fries 2500 gm,Al Kabeer,French Fries-Frozen,No Variant,Frozen Fries & Onion Rings,2.5 kg,1,CCSK,KIRI CHEESE SAMOSA,20 X 240 GMS,SAMOSA,52.53,42.72,85.5,conflict,0.52,,manual_required
17061,37051433,Al Kabeer MIX VEGETABLES 900 gm,Al Kabeer,Mix Vegetables-Frozen,No Variant,Frozen Vegetables,900 gm,1,CFBJ,JUMBO HOTDOGS,400 Gms x 20 Pkts,SAUSAGES,52.06,41.38,85.5,conflict,0.31,,manual_required
17070,37059150,Al Kabeer - Zing Chicken Strips Spicy/Non Spicy 750 gm,Al Kabeer,Chicken Strips-Frozen,No Variant,Zing,750 gm,1,CKJCNA,JUMBO CHICKEN NUGGETS,1 Kgs x 5 Pkts,NUGGETS,52.19,41.76,85.5,conflict,0.3,,manual_required
17075,37059345,Al Kabeer Kraze Tempura Chicken Nuggets 750 gm,Al Kabeer,Chicken Nuggets-Frozen,No Variant,Marinated & Breaded,750 gm,1,CCKSB,CHICKEN STICKS BULK,1 Kgs x 5 Pkts,STICKS & FINGERS,53.59,45.76,85.5,conflict,0.21,,manual_required
17076,37059384,Al Kabeer Prawns/ Zing Fish Fillets 750/400 gm,Al Kabeer,Zing Fish Fillet,No Variant,Breaded Seafood,750 gm,1,CFB,BEEF FRANKS,454 Gms x 20 Pkts,SAUSAGES,52.18,41.74,85.5,conflict,0.22,,manual_required
17081,37060233,Al Kabeer Panjabi Samosa 900 gm,Al Kabeer,Samosa-Frozen,Punjabi,"Frozen Pizzas, Wraps, Sandwiches",900 gm,1,CCSAK,12 CHEESE SAMOSAS,240 Gms x 20 Pkts,SAMOSA,53.34,45.05,85.5,conflict,0.86,,manual_required
17088,37060556,Al Kabeer Breaded Chicken Fillet 750 gm,Al Kabeer,Chicken Fillets-Frozen,Spicy,Marinated & Breaded,750 gm,1,CKJCNA,JUMBO CHICKEN NUGGETS,1 Kgs x 5 Pkts,NUGGETS,52.82,43.56,85.5,conflict,0.25,,manual_required
17092,37060878,Al Kabeer White Fish Fillet 1000 gm,Al Kabeer,White fish Fillet,No Variant,Frozen Seafood,1000 gm,1,VVGP,GREEN PEAS,400 gm x 20 Pkts,TRADING-VEG,52.47,42.55,85.5,conflict,0.31,,manual_required
17096,37061301,Al Kabeer Nuggets / Tempura / Crazee 750 gm,Al Kabeer,Chicken Nuggets-Frozen,No Variant,Marinated & Breaded,750 gm,1,CFBF,BREADED FISH FILLET,330 Gms x 20 Pkts,FILLETS,52.31,42.11,85.5,conflict,0.74,,manual_required
17097,37061309,Al Kabeer Chicken breast boneless 1000 gm,Al Kabeer,Chicken Breast-Frozen,No Variant,Frozen Chicken Parts,1000 gm,1,CBBO,4 BEEF BURGERS,200 Gms x 30 Pkt,BURGERS,54.52,48.42,85.5,conflict,1.32,,manual_required
17105,37064144,Al Kabeer Paneer Cubes 200 gm,Al Kabeer,Paneer,No Variant,Paneer,200 gm,1,CKCCR,CHICKEN ‘N’ CHEESE RINGS 300,300 gms x 12 pkts,POP-CORN & CHICKEN FRIES,52.79,43.48,85.5,conflict,0.32,,manual_required
17114,37066470,Al Kabeer Krazee Chicken Nuggets 750 gm,Al Kabeer,Chicken Nuggets-Frozen,No Variant,Marinated & Breaded,750 gm,1,CFB,BEEF FRANKS,454 Gms x 20 Pkts,SAUSAGES,52.18,41.74,85.5,conflict,0.05,,manual_required
17116,37069855,Al Kabeer PANEER CUBE 200 gm,Al Kabeer,Paneer,No Variant,Paneer,200 gm,1,CKCCNS,CHICKEN & CHEESE STICKS HOT & SPICY,250 gm x 20 Pkts,STICKS & FINGERS,51.88,40.86,85.5,conflict,0.3,,manual_required
17124,37082837,Al Kabeer Paneer Cube 200 gm,Al Kabeer,Paneer,No Variant,Paneer,200 gm,1,CKCCNS,CHICKEN & CHEESE STICKS HOT & SPICY,250 gm x 20 Pkts,STICKS & FINGERS,51.88,40.86,85.5,conflict,0.3,,manual_required
17134,37195238,Al Kabeer Zing Chicken Strips Selected Items 700/750 gm,Al Kabeer,Chicken Strips-Frozen,Spicy,Zing,700 gm,1,CKJCNA,JUMBO CHICKEN NUGGETS,1 Kgs x 5 Pkts,NUGGETS,53.05,44.21,85.5,conflict,0.26,,manual_required
17135,37195238,Al Kabeer Zing Chicken Strips Selected Items 700/750 gm,Al Kabeer,Chicken Strips-Frozen,No Variant,Zing,750 gm,1,CKBT,TAYEBAT CHICKEN BURGER,1 Kgs x 9 Pkts,BURGERS,53.83,46.43,85.5,conflict,1.98,,manual_required
17136,37195238,Al Kabeer Zing Chicken Strips Selected Items 700/750 gm,Al Kabeer,Chicken Strips-Frozen,No Variant,Zing,700 gm,1,CKBT,TAYEBAT CHICKEN BURGER,1 Kgs x 9 Pkts,BURGERS,53.83,46.43,85.5,conflict,1.98,,manual_required
17143,37195290,Al Kabeer Paneer Cubes 500 gm ,Al Kabeer,Paneer,No Variant,Paneer,500 gm,1,CKCCR,CHICKEN ‘N’ CHEESE RINGS 300,300 gms x 12 pkts,POP-CORN & CHICKEN FRIES,52.03,41.3,85.5,conflict,0.12,,manual_required
17153,37227986,Al Kabeer Tender Chicken Breast 1 kg,Al Kabeer,Chicken Breast-Frozen,No Variant,Frozen Chicken Parts,1000 gm,1,CBBO,4 BEEF BURGERS,200 Gms x 30 Pkt,BURGERS,51.86,40.82,85.5,conflict,0.01,,manual_required
17154,37228011,Al Kabeer FRENCH FRIES 2.5 kg,Al Kabeer,French Fries-Frozen,No Variant,Frozen Fries & Onion Rings,2.5 kg,1,CFBFA,BREADED FISH FILLET BULK,1 Kgs x 5 Pkts,FILLETS,52.24,41.9,85.5,conflict,0.08,,manual_required
17155,37228021,Al Kabeer KRAZEE CHICKEN NUGGETS 750 gm,Al Kabeer,Chicken Nuggets-Frozen,No Variant,Marinated & Breaded,750 gm,1,CFB,BEEF FRANKS,454 Gms x 20 Pkts,SAUSAGES,52.18,41.74,85.5,conflict,0.05,,manual_required
17164,37236927,Al Kabeer SHISH TAWOOK 1 kg,Al Kabeer,Shish/Sheesh Tawook-Frozen,No Variant,Marinated & Breaded,1000 gm,1,CFB,BEEF FRANKS,454 Gms x 20 Pkts,SAUSAGES,52.41,42.37,85.5,conflict,1.08,,manual_required
17168,37242831,Al Kabeer BUTTER CHICKEN ZING FILLET 700 gm,Al Kabeer,Chicken Fillets-Frozen,No Variant,Zing,700 gm,1,CKSK,SHISH KEBAB,600 Gms x 12 Pkts,KEBAB,53.13,44.44,85.5,conflict,0.31,,manual_required
17171,37242904,Al Kabeer Paneer Cubes 200 gm,Al Kabeer,Paneer,No Variant,Paneer,200 gm,1,CKCCR,CHICKEN ‘N’ CHEESE RINGS 300,300 gms x 12 pkts,POP-CORN & CHICKEN FRIES,52.79,43.48,85.5,conflict,0.32,,manual_required
17174,37243332,Alkabeer FRENCH FRIES 2500 gm,Al Kabeer,French Fries-Frozen,No Variant,Frozen Fries & Onion Rings,2.5 kg,1,CCSK,KIRI CHEESE SAMOSA,20 X 240 GMS,SAMOSA,52.53,42.72,85.5,conflict,0.52,,manual_required
17179,37244918,Al Kabeer Paneer Cube 200 gm,Al Kabeer,Paneer,No Variant,Paneer,200 gm,1,CKCCNS,CHICKEN & CHEESE STICKS HOT & SPICY,250 gm x 20 Pkts,STICKS & FINGERS,51.88,40.86,85.5,conflict,0.3,,manual_required
17185,37250749,Al Kabeer KrazyChicken Nuggets 750gm,Al Kabeer,Chicken Nuggets-Frozen,No Variant,Marinated & Breaded,750 gm,1,CFBF,BREADED FISH FILLET,330 Gms x 20 Pkts,FILLETS,52.2,41.79,85.5,conflict,0.18,,manual_required
17186,37250752,Al Kabeer Krazee Chicken Nuggets 750 gm,Al Kabeer,Chicken Nuggets-Frozen,No Variant,Marinated & Breaded,750 gm,1,CFB,BEEF FRANKS,454 Gms x 20 Pkts,SAUSAGES,52.18,41.74,85.5,conflict,0.05,,manual_required
17187,37250952,Al Kabeer Krazee Chicken Nuggets 750gm,Al Kabeer,Chicken Nuggets-Frozen,No Variant,Marinated & Breaded,750 gm,1,CFB,BEEF FRANKS,454 Gms x 20 Pkts,SAUSAGES,52.41,42.37,85.5,conflict,0.06,,manual_required
17193,37252299,Al Kabeer Krazee Chicken Nuggets 750gm ,Al Kabeer,Chicken Nuggets-Frozen,No Variant,Marinated & Breaded,750 gm,1,CFB,BEEF FRANKS,454 Gms x 20 Pkts,SAUSAGES,52.41,42.37,85.5,conflict,0.06,,manual_required
17197,37252534,Al Kabeer FROZEN PANJABI SAMOSAS 900 gm,Al Kabeer,Samosa-Frozen,Punjabi,"Frozen Pizzas, Wraps, Sandwiches",900 gm,1,CCSAK,12 CHEESE SAMOSAS,240 Gms x 20 Pkts,SAMOSA,54.63,48.74,85.5,conflict,0.73,,manual_required
17202,37253143,Al Kabeer Krazy Chicken Nuggets 750gm,Al Kabeer,Chicken Nuggets-Frozen,No Variant,Marinated & Breaded,750 gm,1,CFBF,BREADED FISH FILLET,330 Gms x 20 Pkts,FILLETS,52.46,42.52,85.5,conflict,0.52,,manual_required
17203,37257315,Al Kabeer Tender Chicken Breast 1000gm,Al Kabeer,Chicken Breast-Frozen,No Variant,Frozen Chicken Parts,1000 gm,1,CFBF,BREADED FISH FILLET,330 Gms x 20 Pkts,FILLETS,52.58,42.86,85.5,conflict,0.19,,manual_required
17206,37258763,Al Kabeer Paneer Cubes 200 gm,Al Kabeer,Paneer,No Variant,Paneer,200 gm,1,CKCCR,CHICKEN ‘N’ CHEESE RINGS 300,300 gms x 12 pkts,POP-CORN & CHICKEN FRIES,52.79,43.48,85.5,conflict,0.32,,manual_required
17214,37260822,Al Kabeer Paneer Cubes 500 gm,Al Kabeer,Paneer,No Variant,Paneer,500 gm,1,CKCCR,CHICKEN ‘N’ CHEESE RINGS 300,300 gms x 12 pkts,POP-CORN & CHICKEN FRIES,52.03,41.3,85.5,conflict,0.12,,manual_required
17234,37370298,Al Kabeer Paneer Cubes 500 gm bag,Al Kabeer,Paneer,No Variant,Paneer,500 gm,1,CKTCB,TENDER CHICKEN BREAST TRAY PACK,450 GMS X 10 PKTS,TRADING-CHICKEN,53.84,46.46,85.5,conflict,0.17,,manual_required
17238,37370325,Al Kabeer Zing Chicken Strips 700 gm,Al Kabeer,Chicken Fingers/ Fries/ Strips-Frozen,No Variant,Zing,700 gm,1,CKJCNA,JUMBO CHICKEN NUGGETS,1 Kgs x 5 Pkts,NUGGETS,52.31,42.11,85.5,conflict,0.04,,manual_required
17240,37370338,Al Kabeer Felafel 360 gm,Al Kabeer,Falafel-Frozen,Non-Stuffed,"Frozen Pizzas, Wraps, Sandwiches",360 gm,1,CFB,BEEF FRANKS,454 Gms x 20 Pkts,SAUSAGES,50.82,37.84,85.5,conflict,0.85,,manual_required
17246,37370372,Al Kabeer Large Chicken Nuggets 750 gm,Al Kabeer,Chicken Nuggets-Frozen,No Variant,Marinated & Breaded,750 gm,1,CKBCS,BEEF COCKTAIL SAUSAGES,400 Gms x 20 Pkts,SAUSAGES,53.26,44.83,85.5,conflict,0.45,,manual_required
17262,37415172,Al Kabeer BREADED CHICKEN FILLET PLAIN / HOT & SPICY 750 gm,Al Kabeer,Chicken Fillets-Frozen,No Variant,Marinated & Breaded,750 gm,1,CCKSB,CHICKEN STICKS BULK,1 Kgs x 5 Pkts,STICKS & FINGERS,54.11,47.24,85.5,conflict,0.1,,manual_required
17266,37417562,"Alkabeer ZING NON SPICY OR SPICY CHICKEN STRIPS, 750 gm",Al Kabeer,Chicken Strips-Frozen,No Variant,Zing,750 gm,1,CKBT,TAYEBAT CHICKEN BURGER,1 Kgs x 9 Pkts,BURGERS,53.42,45.28,85.5,conflict,2.41,,manual_required
17267,37417562,"Alkabeer ZING NON SPICY OR SPICY CHICKEN STRIPS, 750 gm",Al Kabeer,Chicken Strips-Frozen,Spicy,Zing,750 gm,1,CKCKB,CHICKEN BURGERS 56 g,840 g. x 9,BURGERS,54.2,47.5,85.5,conflict,0.6,,manual_required
17281,37435917,Al Kabeer Zing Chicken Strips / Fillet (Spicy / Non Spicy) 750 gm,Al Kabeer,Chicken Strips-Frozen,No Variant,Zing,750 gm,1,CCCB,CHICKEN BIRYANI 400,400 Gms x 12 Pkts,READY2EAT,53.63,45.87,85.5,conflict,1.1,,manual_required
17282,37435917,Al Kabeer Zing Chicken Strips / Fillet (Spicy / Non Spicy) 750 gm,Al Kabeer,Chicken Strips-Frozen,Spicy,Zing,750 gm,1,CFBF,BREADED FISH FILLET,330 Gms x 20 Pkts,FILLETS,52.76,43.4,85.5,conflict,0.63,,manual_required
17283,37435919,Al Kabeer Hash Brown Tangles 2.5 kg,Al Kabeer,Hash browns,No Variant,Frozen Potato/ Fries/ Onion rings,2.5 kg,1,CKBT,TAYEBAT CHICKEN BURGER,1 Kgs x 9 Pkts,BURGERS,52.14,41.6,85.5,conflict,0.78,,manual_required
17286,37438300,Al Kabeer Butter / Zing Chicken Fillets 750/700 gm,Al Kabeer,Chicken Fillets-Frozen,No Variant,Zing,750 gm,1,CKCKB,CHICKEN BURGERS 56 g,840 g. x 9,BURGERS,54.69,48.89,85.5,conflict,0.55,,manual_required
17287,37438300,Al Kabeer Butter / Zing Chicken Fillets 750/700 gm,Al Kabeer,Chicken Fillets-Frozen,No Variant,Zing,700 gm,1,CKCKB,CHICKEN BURGERS 56 g,840 g. x 9,BURGERS,54.69,48.89,85.5,conflict,0.55,,manual_required
17288,37438300,Al Kabeer Butter / Zing Chicken Fillets 750/700 gm,Al Kabeer,Chicken Fillets-Frozen,Spicy,Zing,750 gm,1,CKSK,SHISH KEBAB,600 Gms x 12 Pkts,KEBAB,54.5,48.35,85.5,conflict,1.54,,manual_required
17291,37438367,Al Kabeer Breaded Shrimps 1000 gm,Al Kabeer,Breaded shrimp frozen,No Variant,Breaded Seafood,1 kg,1,CKSK,SHISH KEBAB,600 Gms x 12 Pkts,KEBAB,52.82,43.56,85.5,conflict,0.69,,manual_required
17294,37438419,Al Kabeer Green Peas/Mixed Vegetables 900 gm,Al Kabeer,Green/Garden Peas-Frozen,No Variant,Frozen Vegetables,900 gm,1,CFB,BEEF FRANKS,454 Gms x 20 Pkts,SAUSAGES,52.24,41.9,85.5,conflict,0.06,,manual_required
17295,37438419,Al Kabeer Green Peas/Mixed Vegetables 900 gm,Al Kabeer,Mix Vegetables-Frozen,No Variant,Frozen Vegetables,900 gm,1,CFBJ,JUMBO HOTDOGS,400 Gms x 20 Pkts,SAUSAGES,52.38,42.31,85.5,conflict,0.0,,manual_required
17303,37440802,Al Kabeer Breaded Shrimps 1000 gm,Al Kabeer,Breaded shrimp frozen,No Variant,Breaded Seafood,1 kg,1,CKSK,SHISH KEBAB,600 Gms x 12 Pkts,KEBAB,52.82,43.56,85.5,conflict,0.69,,manual_required
17309,37441353,Al Kabeer Mixed Veg / Green Peas 900 gm,Al Kabeer,Mix Vegetables-Frozen,No Variant,Frozen Vegetables,900 gm,1,CFBJ,JUMBO HOTDOGS,400 Gms x 20 Pkts,SAUSAGES,51.83,40.74,85.5,conflict,0.39,,manual_required
17310,37441353,Al Kabeer Mixed Veg / Green Peas 900 gm,Al Kabeer,Green/Garden Peas-Frozen,No Variant,Frozen Vegetables,900 gm,1,CFBF,BREADED FISH FILLET,330 Gms x 20 Pkts,FILLETS,52.28,42.02,85.5,conflict,0.58,,manual_required
17311,37441360,Alkabeer Chicken n Cheese Rings 300 gm,Al Kabeer,Chicken Cheese Stick-Frozen,No Variant,Frozen Barbeque Products,300 gm,1,CCSRA,8 CHEESE SPRING ROLLS,240 Gms x 20 Pkts,SPRING ROLL,54.51,48.39,85.5,conflict,0.21,,manual_required
17314,37444905,Al Kabeer Chicken breast boneless 1000 gm,Al Kabeer,Chicken Breast-Frozen,No Variant,Frozen Chicken Parts,1000 gm,1,CBBO,4 BEEF BURGERS,200 Gms x 30 Pkt,BURGERS,54.52,48.42,85.5,conflict,1.32,,manual_required
17316,37447186,Al Kabeer Paneer Cubes 200 gm,Al Kabeer,Paneer,No Variant,Paneer,200 gm,1,CKCCR,CHICKEN ‘N’ CHEESE RINGS 300,300 gms x 12 pkts,POP-CORN & CHICKEN FRIES,52.79,43.48,85.5,conflict,0.32,,manual_required
17326,37470588,Al Kabeer Zing Chicken Strips / Fillet (Spicy/Non Spicy) 750 gm ,Al Kabeer,Chicken Strips-Frozen,No Variant,Zing,750 gm,1,CCCB,CHICKEN BIRYANI 400,400 Gms x 12 Pkts,READY2EAT,53.63,45.87,85.5,conflict,1.1,,manual_required
17329,37470588,Al Kabeer Zing Chicken Strips / Fillet (Spicy/Non Spicy) 750 gm ,Al Kabeer,Chicken Strips-Frozen,Spicy,Zing,750 gm,1,CFBF,BREADED FISH FILLET,330 Gms x 20 Pkts,FILLETS,52.76,43.4,85.5,conflict,0.63,,manual_required
17335,37501130,Al Kabeer TEMPURA CHICKEN NUGGETS NON SPICY 750 gm,Al Kabeer,Chicken Nuggets-Frozen,No Variant,Marinated & Breaded,750 gm,1,CCKSB,CHICKEN STICKS BULK,1 Kgs x 5 Pkts,STICKS & FINGERS,53.64,45.9,85.5,conflict,0.11,,manual_required
17336,37501131,Al Kabeer ZING CHICKEN STRIPS SPICY/NON SPICY 750 gm,Al Kabeer,Chicken Strips-Frozen,No Variant,Zing,750 gm,1,CKJCNA,JUMBO CHICKEN NUGGETS,1 Kgs x 5 Pkts,NUGGETS,52.19,41.76,85.5,conflict,0.3,,manual_required
17343,37541111,Al Kabeer Zing Chicken Strips Spicy 750 gm,Al Kabeer,Chicken Strips-Frozen,No Variant,Zing,750 gm,1,CKSK,SHISH KEBAB,600 Gms x 12 Pkts,KEBAB,54.69,48.89,85.5,conflict,2.65,,manual_required
17347,37546301,Al Kabeer Zing Chicken Fillets Non-Spicy 750gm,Al Kabeer,Chicken Fillets-Frozen,Spicy,Zing,750 gm,1,CKSK,SHISH KEBAB,600 Gms x 12 Pkts,KEBAB,54.47,48.28,85.5,conflict,1.17,,manual_required
17348,37546359,Al Kabeer Krazee Chicken Nuggets 750gm,Al Kabeer,Chicken Nuggets-Frozen,No Variant,Marinated & Breaded,750 gm,1,CFB,BEEF FRANKS,454 Gms x 20 Pkts,SAUSAGES,52.41,42.37,85.5,conflict,0.06,,manual_required
17349,37546360,Al Kabeer Zing Chicken Fillets Catering Spicy 750gm,Al Kabeer,Chicken Fillets-Frozen,Spicy,Zing,750 gm,1,CKJCNA,JUMBO CHICKEN NUGGETS,1 Kgs x 5 Pkts,NUGGETS,54.09,47.19,85.5,conflict,0.24,,manual_required
17360,37592508,Al Kabeer French Fries 2.5 kg,Al Kabeer,French Fries-Frozen,No Variant,Frozen Fries & Onion Rings,2.5 kg,1,CFBFA,BREADED FISH FILLET BULK,1 Kgs x 5 Pkts,FILLETS,52.24,41.9,85.5,conflict,0.08,,manual_required
17361,37592512,Al Kabeer Felafel 360 gm,Al Kabeer,Falafel-Frozen,Non-Stuffed,"Frozen Pizzas, Wraps, Sandwiches",360 gm,1,CFB,BEEF FRANKS,454 Gms x 20 Pkts,SAUSAGES,50.82,37.84,85.5,conflict,0.85,,manual_required
17362,37592521,Al Kabeer Zing Fish Fillet Mild Spicy 750gm,Al Kabeer,Zing Fish Fillet,No Variant,Breaded Seafood,750 gm,1,CFB,BEEF FRANKS,454 Gms x 20 Pkts,SAUSAGES,52.21,41.82,85.5,conflict,0.5,,manual_required
17363,37592535,Al Kabeer Chicken Nuggets/Krazee Chicken Nuggets 750 gm,Al Kabeer,Chicken Nuggets-Frozen,No Variant,Marinated & Breaded,750 gm,1,CCF,CHICKEN FRIES,12 PKTS X 400 GRM,POP-CORN & CHICKEN FRIES,54.47,48.28,85.5,conflict,0.5,,manual_required
17378,37659745,"Al Kabeer CHICKEN OR VEGETABLE SAMOSA OR SPRING ROLLS, 240 - 280 gm",Al Kabeer,Spring Roll-Frozen,No Variant,"Frozen Pizzas, Wraps, Sandwiches",280 gm,1,CCCTM,CHICKEN TIKKA MAKHANI & PILAU RICE,450 Gms x 12 Pkts,READY2EAT,53.5,45.51,85.5,conflict,0.48,,manual_required
17381,37659837,"Al Kabeer ZING CHICKEN STRIPS SMOKE BUFFALO OR SPICY SRIRACHA, 700 gm",Al Kabeer,Chicken Strips-Frozen,No Variant,Zing,700 gm,1,CCKSB,CHICKEN STICKS BULK,1 Kgs x 5 Pkts,STICKS & FINGERS,54.19,47.46,85.5,conflict,0.24,,manual_required
17392,37662354,Alkabeer Tender Chicken Breast 1000gm,Al Kabeer,Chicken Breast-Frozen,No Variant,Frozen Chicken Parts,1000 gm,1,CFBF,BREADED FISH FILLET,330 Gms x 20 Pkts,FILLETS,52.58,42.86,85.5,conflict,0.19,,manual_required
17394,37662438,Alkabeer French Fries 2.5KG,Al Kabeer,French Fries-Frozen,No Variant,Frozen Fries & Onion Rings,2.5 kg,1,CFBFA,BREADED FISH FILLET BULK,1 Kgs x 5 Pkts,FILLETS,52.24,41.9,85.5,conflict,0.08,,manual_required
17398,37666327,Al Kabeer Tender Chicken Breast 1000gm,Al Kabeer,Chicken Breast-Frozen,No Variant,Frozen Chicken Parts,1000 gm,1,CFBF,BREADED FISH FILLET,330 Gms x 20 Pkts,FILLETS,52.58,42.86,85.5,conflict,0.19,,manual_required
17402,37668132,Al Kabeer Zing Chicken Fillets Spicy 750 gm,Al Kabeer,Chicken Fillets-Frozen,No Variant,Zing,750 gm,1,CKSK,SHISH KEBAB,600 Gms x 12 Pkts,KEBAB,53.73,46.15,85.5,conflict,0.35,,manual_required
17405,37668807,Al Kabeer Zing Chicken Strips Smoked Buffalo Flavour (700 gm),Al Kabeer,Chicken Strips-Frozen,No Variant,Zing,700 gm,1,CCCB,CHICKEN BIRYANI 400,400 Gms x 12 Pkts,READY2EAT,53.4,45.22,85.5,conflict,0.66,,manual_required
17406,37668807,Al Kabeer Zing Chicken Strips Smoked Buffalo Flavour (700 gm),Al Kabeer,Chicken Strips-Frozen,Spicy,Zing,700 gm,1,CKBT,TAYEBAT CHICKEN BURGER,1 Kgs x 9 Pkts,BURGERS,52.08,41.44,85.5,conflict,0.26,,manual_required
17408,37673723,Al Kabeer Breaded Chicken Fillet 750 gm,Al Kabeer,Chicken Fillets-Frozen,Spicy,Marinated & Breaded,750 gm,1,CKJCNA,JUMBO CHICKEN NUGGETS,1 Kgs x 5 Pkts,NUGGETS,52.82,43.56,85.5,conflict,0.25,,manual_required
17415,37674141,Al Kabeer - Zing Chicken Strips Spicy/Non Spicy 750 gm,Al Kabeer,Chicken Strips-Frozen,No Variant,Zing,750 gm,1,CKJCNA,JUMBO CHICKEN NUGGETS,1 Kgs x 5 Pkts,NUGGETS,52.19,41.76,85.5,conflict,0.3,,manual_required
17429,37686104,Al Kabeer Paneer Cubes 500 gm,Al Kabeer,Paneer,No Variant,Paneer,500 gm,1,CKCCR,CHICKEN ‘N’ CHEESE RINGS 300,300 gms x 12 pkts,POP-CORN & CHICKEN FRIES,52.03,41.3,85.5,conflict,0.12,,manual_required
17433,37688227,Al Kabeer Krazee Chicken Nuggets 750gm,Al Kabeer,Chicken Nuggets-Frozen,No Variant,Marinated & Breaded,750 gm,1,CFB,BEEF FRANKS,454 Gms x 20 Pkts,SAUSAGES,52.41,42.37,85.5,conflict,0.06,,manual_required
17434,37688228,Al Kabeer Paneer Cubes 200 gm,Al Kabeer,Paneer,No Variant,Paneer,200 gm,1,CKCCR,CHICKEN ‘N’ CHEESE RINGS 300,300 gms x 12 pkts,POP-CORN & CHICKEN FRIES,52.79,43.48,85.5,conflict,0.32,,manual_required
17455,37803932,Al Kabeer Zing Chicken Strips NON Spicy/Spicy 750 gm,Al Kabeer,Chicken Strips-Frozen,No Variant,Zing,750 gm,1,CKJCNA,JUMBO CHICKEN NUGGETS,1 Kgs x 5 Pkts,NUGGETS,52.19,41.76,85.5,conflict,0.3,,manual_required
17457,37803940,Al Kabeer stuffed Falafel 750 gm,Al Kabeer,Falafel-Frozen,Stuffed,"Frozen Pizzas, Wraps, Sandwiches",750 gm,1,CFB,BEEF FRANKS,454 Gms x 20 Pkts,SAUSAGES,51.01,38.38,85.5,conflict,1.32,,manual_required
17458,37803944,Al Kabeer Professional french fries 2500 gm,Al Kabeer,French Fries-Frozen,No Variant,Frozen Fries & Onion Rings,2.5 kg,1,CCCB,CHICKEN BIRYANI 400,400 Gms x 12 Pkts,READY2EAT,53.07,44.26,85.5,conflict,0.84,,manual_required
17467,37804025,Al Kabeer chicken zinger fillets 750 gm,Al Kabeer,Chicken Fillets-Frozen,Spicy,Marinated & Breaded,750 gm,1,CKJCNA,JUMBO CHICKEN NUGGETS,1 Kgs x 5 Pkts,NUGGETS,53.52,45.54,85.5,conflict,0.23,,manual_required
17470,37808117,Al Kabeer Paneer Cubes 200 gm,Al Kabeer,Paneer,No Variant,Paneer,200 gm,1,CKCCR,CHICKEN ‘N’ CHEESE RINGS 300,300 gms x 12 pkts,POP-CORN & CHICKEN FRIES,52.79,43.48,85.5,conflict,0.32,,manual_required
17477,37816510,Al Kabeer Zing Chicken Fillets Non-Spicy 750 gm,Al Kabeer,Chicken Fillets-Frozen,No Variant,Zing,750 gm,1,CKJCNA,JUMBO CHICKEN NUGGETS,1 Kgs x 5 Pkts,NUGGETS,53.55,45.65,85.5,conflict,1.03,,manual_required
17480,37819361,Al Kabeer Zing Chicken Fillets/Strips 750 gm Assorted Per Pc,Al Kabeer,Chicken Fillets-Frozen,Spicy,Zing,750 gm,1,CFBF,BREADED FISH FILLET,330 Gms x 20 Pkts,FILLETS,54.63,48.74,85.5,conflict,2.32,,manual_required
17481,37819361,Al Kabeer Zing Chicken Fillets/Strips 750 gm Assorted Per Pc,Al Kabeer,Chicken Strips-Frozen,Spicy,Zing,750 gm,1,CFBF,BREADED FISH FILLET,330 Gms x 20 Pkts,FILLETS,54.63,48.74,85.5,conflict,2.32,,manual_required
17483,37839683,Al Kabeer Tender Chicken Breast 1000gm,Al Kabeer,Chicken Breast-Frozen,No Variant,Frozen Chicken Parts,1000 gm,1,CFBF,BREADED FISH FILLET,330 Gms x 20 Pkts,FILLETS,52.58,42.86,85.5,conflict,0.19,,manual_required
17489,37842831,Alkabeer Zing Chicken Fillets 750 gm,Al Kabeer,Chicken Fillets-Frozen,Spicy,Marinated & Breaded,750 gm,1,CKJCNA,JUMBO CHICKEN NUGGETS,1 Kgs x 5 Pkts,NUGGETS,53.84,46.46,85.5,conflict,0.22,,manual_required
17508,37845111,Al Kabeer Frozen Blueberry / Blackberry 350 gm,Al Kabeer,Blueberries-Frozen,No Variant,Frozen Fruits,350 gm,1,CBBO,4 BEEF BURGERS,200 Gms x 30 Pkt,BURGERS,51.71,40.38,85.5,conflict,0.13,,manual_required
17518,37847918,Al Kabeer French Fries 2500 gm,Al Kabeer,French Fries-Frozen,No Variant,Frozen Fries & Onion Rings,2.5 kg,1,CCSK,KIRI CHEESE SAMOSA,20 X 240 GMS,SAMOSA,52.53,42.72,85.5,conflict,0.52,,manual_required
17520,37847980,Al Kabeer Paneer Cubes 200 gm,Al Kabeer,Paneer,No Variant,Paneer,200 gm,1,CKCCR,CHICKEN ‘N’ CHEESE RINGS 300,300 gms x 12 pkts,POP-CORN & CHICKEN FRIES,52.79,43.48,85.5,conflict,0.32,,manual_required
17530,37855360,Al Kabeer Chicken Kofta 300 gm,Al Kabeer,Chicken Kofta-Frozen,No Variant,Frozen Kofta / Kibbeh & Meat Balls,300 gm,1,CCCB,CHICKEN BIRYANI 400,400 Gms x 12 Pkts,READY2EAT,54.43,48.15,85.5,conflict,1.81,,manual_required
17535,37858783,Al Kabeer Krazee Tempura Chicken Nuggets 750gm,Al Kabeer,Chicken Nuggets-Frozen,No Variant,Marinated & Breaded,750 gm,1,CCKSB,CHICKEN STICKS BULK,1 Kgs x 5 Pkts,STICKS & FINGERS,53.07,44.26,85.5,conflict,0.18,,manual_required
17537,37859225,Al Kabeer Zing Chicken Strips Buffalo/Sriracha 700gm,Al Kabeer,Chicken Strips-Frozen,No Variant,Zing,700 gm,1,CKBT,TAYEBAT CHICKEN BURGER,1 Kgs x 9 Pkts,BURGERS,54.3,47.79,85.5,conflict,2.86,,manual_required
17538,37859225,Al Kabeer Zing Chicken Strips Buffalo/Sriracha 700gm,Al Kabeer,Chicken Strips-Frozen,Spicy,Zing,700 gm,1,CKJCNA,JUMBO CHICKEN NUGGETS,1 Kgs x 5 Pkts,NUGGETS,53.62,45.83,85.5,conflict,0.24,,manual_required
17539,37859233,Al Kabeer Butter/Zing Chicken Fillets 750/700gm,Al Kabeer,Chicken Fillets-Frozen,No Variant,Zing,750 gm,1,CKCKB,CHICKEN BURGERS 56 g,840 g. x 9,BURGERS,54.13,47.31,85.5,conflict,0.52,,manual_required
17540,37859233,Al Kabeer Butter/Zing Chicken Fillets 750/700gm,Al Kabeer,Chicken Fillets-Frozen,Spicy,Zing,750 gm,1,CKCSB,CHICKEN SEEKH KEBAB BULK,1 kg x 5,KEBAB,54.67,48.84,85.5,conflict,1.45,,manual_required
17541,37859233,Al Kabeer Butter/Zing Chicken Fillets 750/700gm,Al Kabeer,Chicken Fillets-Frozen,No Variant,Zing,700 gm,1,CKCKB,CHICKEN BURGERS 56 g,840 g. x 9,BURGERS,54.13,47.31,85.5,conflict,0.52,,manual_required
17542,37859256,Al Kabeer Kroze/Tempura Chicken Nuggets 750 gm,Al Kabeer,Chicken Nuggets-Frozen,No Variant,Marinated & Breaded,750 gm,1,CCKSB,CHICKEN STICKS BULK,1 Kgs x 5 Pkts,STICKS & FINGERS,53.59,45.76,85.5,conflict,0.21,,manual_required
17551,37862229,Al Kabeer Tempura Chicken Nuggets Non Spicy 750gm,Al Kabeer,Chicken Nuggets-Frozen,No Variant,Marinated & Breaded,750 gm,1,CCKSB,CHICKEN STICKS BULK,1 Kgs x 5 Pkts,STICKS & FINGERS,53.25,44.8,85.5,conflict,0.18,,manual_required
17554,37863012,Al Kabeer Nuggets / Tempura Nuggets 750 gm,Al Kabeer,Chicken Nuggets-Frozen,No Variant,Marinated & Breaded,750 gm,1,CFBF,BREADED FISH FILLET,330 Gms x 20 Pkts,FILLETS,52.58,42.86,85.5,conflict,0.52,,manual_required
17556,37863315,Al Kabeer - Zing Chicken Strips Sriracha / Buffalo 700 gm,Al Kabeer,Chicken Strips-Frozen,No Variant,Zing,700 gm,1,CKBW,BBQ CHICKEN WINGS 400,400 Gms x 12 Pkts,WINGS,54.54,48.48,85.5,conflict,1.5,,manual_required
17557,37863315,Al Kabeer - Zing Chicken Strips Sriracha / Buffalo 700 gm,Al Kabeer,Chicken Strips-Frozen,Spicy,Zing,700 gm,1,CKCKB,CHICKEN BURGERS 56 g,840 g. x 9,BURGERS,53.91,46.67,85.5,conflict,0.42,,manual_required
17566,37863644,Al Kabeer Butter Zing Chicken Fillet 700 gm,Al Kabeer,Chicken Fillets-Frozen,No Variant,Zing,700 gm,1,CKSK,SHISH KEBAB,600 Gms x 12 Pkts,KEBAB,53.13,44.44,85.5,conflict,0.31,,manual_required
17568,37863816,Al Kabeer Nuggets / Tempura Nuggets 750 gm,Al Kabeer,Chicken Nuggets-Frozen,No Variant,Marinated & Breaded,750 gm,1,CFBF,BREADED FISH FILLET,330 Gms x 20 Pkts,FILLETS,52.58,42.86,85.5,conflict,0.52,,manual_required
17570,37863947,Al Kabeer Breaded Chicken Fillet 360 gm,Al Kabeer,Chicken Fillets-Frozen,Spicy,Marinated & Breaded,360 gm,1,CKJCNA,JUMBO CHICKEN NUGGETS,1 Kgs x 5 Pkts,NUGGETS,52.82,43.56,85.5,conflict,0.25,,manual_required
17575,37870925,Al Kabeer Paneer Cubes 200 gm,Al Kabeer,Paneer,No Variant,Paneer,200 gm,1,CKCCR,CHICKEN ‘N’ CHEESE RINGS 300,300 gms x 12 pkts,POP-CORN & CHICKEN FRIES,52.79,43.48,85.5,conflict,0.32,,manual_required
17583,37872250,Al Kabeer Krazee Chicken Nuggets 750 gm,Al Kabeer,Chicken Nuggets-Frozen,No Variant,Marinated & Breaded,750 gm,1,CFB,BEEF FRANKS,454 Gms x 20 Pkts,SAUSAGES,52.18,41.74,85.5,conflict,0.05,,manual_required
17600,37998786,Al Kabeer Frozen Strawberries 900gm,Al Kabeer,Strawberry-Frozen,No Variant,Frozen Fruits,900 gm,1,VPS,PUNJABI SAMOSA,450 GMS X 10 PKTS,SAMOSA,51.72,40.4,85.5,conflict,0.01,,manual_required
17601,37998789,Alkabeer Stuffed Felafel 750 gm,Al Kabeer,Falafel-Frozen,Stuffed,"Frozen Pizzas, Wraps, Sandwiches",750 gm,1,CFB,BEEF FRANKS,454 Gms x 20 Pkts,SAUSAGES,51.31,39.25,85.5,conflict,1.24,,manual_required
17606,37998806,Al Kabeer Professional French Fries 2500 gm,Al Kabeer,French Fries-Frozen,No Variant,Frozen Fries & Onion Rings,2.5 kg,1,CCCB,CHICKEN BIRYANI 400,400 Gms x 12 Pkts,READY2EAT,53.07,44.26,85.5,conflict,0.84,,manual_required
17609,37998823,Al Kabeer Zing Chicken Strips NON Spicy/Spicy 750 gm,Al Kabeer,Chicken Strips-Frozen,No Variant,Zing,750 gm,1,CKJCNA,JUMBO CHICKEN NUGGETS,1 Kgs x 5 Pkts,NUGGETS,52.19,41.76,85.5,conflict,0.3,,manual_required
17619,38035262,Al Kabeer Zing Chicken Strips Smoked Buffalo / Spicy Spiracha 700 gm,Al Kabeer,Chicken Strips-Frozen,No Variant,Zing,700 gm,1,CCCB,CHICKEN BIRYANI 400,400 Gms x 12 Pkts,READY2EAT,54.21,47.54,85.5,conflict,0.35,,manual_required
17620,38035262,Al Kabeer Zing Chicken Strips Smoked Buffalo / Spicy Spiracha 700 gm,Al Kabeer,Chicken Strips-Frozen,Spicy,Zing,700 gm,1,CCCB,CHICKEN BIRYANI 400,400 Gms x 12 Pkts,READY2EAT,54.6,48.65,85.5,conflict,1.34,,manual_required
17625,38038820,Alkabeer ZING NON SPICY OR SPICY CHICKEN STRIPS 750 gm,Al Kabeer,Chicken Strips-Frozen,Spicy,Zing,750 gm,1,CKCKB,CHICKEN BURGERS 56 g,840 g. x 9,BURGERS,54.2,47.5,85.5,conflict,0.6,,manual_required
17626,38038820,Alkabeer ZING NON SPICY OR SPICY CHICKEN STRIPS 750 gm,Al Kabeer,Chicken Strips-Frozen,No Variant,Zing,750 gm,1,CKBT,TAYEBAT CHICKEN BURGER,1 Kgs x 9 Pkts,BURGERS,53.42,45.28,85.5,conflict,2.41,,manual_required
17636,38040907,Alkabeer Tempura Chicken Nuggets 750 gm,Al Kabeer,Chicken Nuggets-Frozen,No Variant,Marinated & Breaded,750 gm,1,CFBF,BREADED FISH FILLET,330 Gms x 20 Pkts,FILLETS,52.58,42.86,85.5,conflict,0.52,,manual_required
17641,38041867,Alkabeer Breaded Chicken Fillet Spicy/Nuggets/Crazy 750gm,Al Kabeer,Chicken Nuggets-Frozen,No Variant,Marinated & Breaded,750 gm,1,CCFA,CHICKEN FRIES BULK,1 kg x 5 Pkts,POP-CORN & CHICKEN FRIES,53.69,46.03,85.5,conflict,0.08,,manual_required
17642,38041867,Alkabeer Breaded Chicken Fillet Spicy/Nuggets/Crazy 750gm,Al Kabeer,Chicken Fillets-Frozen,Spicy,Marinated & Breaded,750 gm,1,CCF,CHICKEN FRIES,12 PKTS X 400 GRM,POP-CORN & CHICKEN FRIES,53.98,46.88,85.5,conflict,0.47,,manual_required
17652,38055343,Al Kabeer CHICKEN NUGGETS KRAZEE 750 gm,Al Kabeer,Chicken Nuggets-Frozen,No Variant,Marinated & Breaded,750 gm,1,CFB,BEEF FRANKS,454 Gms x 20 Pkts,SAUSAGES,52.18,41.74,85.5,conflict,0.05,,manual_required
17654,38061177,Al Kabeer Blackberries/Blueberries 350 gm,Al Kabeer,Blueberries-Frozen,No Variant,Frozen Fruits,350 gm,1,CBBO,4 BEEF BURGERS,200 Gms x 30 Pkt,BURGERS,52.89,43.75,85.5,conflict,0.86,,manual_required
17658,38064231,Al Kabeer Paneer Cubes 500 gm,Al Kabeer,Paneer,No Variant,Paneer,500 gm,1,CKCCR,CHICKEN ‘N’ CHEESE RINGS 300,300 gms x 12 pkts,POP-CORN & CHICKEN FRIES,52.03,41.3,85.5,conflict,0.12,,manual_required
17664,38065893,Al Kabeer Paneer Cubes 200 gm,Al Kabeer,Paneer,No Variant,Paneer,200 gm,1,CKCCR,CHICKEN ‘N’ CHEESE RINGS 300,300 gms x 12 pkts,POP-CORN & CHICKEN FRIES,52.79,43.48,85.5,conflict,0.32,,manual_required
17666,38066745,Al Kabeer Chicken breast boneless 1000 gm,Al Kabeer,Chicken Breast-Frozen,No Variant,Frozen Chicken Parts,1 kg,1,CBBO,4 BEEF BURGERS,200 Gms x 30 Pkt,BURGERS,54.38,48.0,85.5,conflict,0.17,,manual_required
17668,38071417,Al Kabeer Chicken Breast boneless 1000 gm,Al Kabeer,Chicken Breast-Frozen,No Variant,Frozen Chicken Parts,1000 gm,1,CBBO,4 BEEF BURGERS,200 Gms x 30 Pkt,BURGERS,54.52,48.42,85.5,conflict,1.32,,manual_required
17671,38072577,Al Kabeer Chicken Kofta 300 gm,Al Kabeer,Chicken Kofta-Frozen,No Variant,Frozen Kofta / Kibbeh & Meat Balls,300 gm,1,CCCB,CHICKEN BIRYANI 400,400 Gms x 12 Pkts,READY2EAT,54.43,48.15,85.5,conflict,1.81,,manual_required
17673,38096766,Al Kabeer Chicken Kofta 300 gm,Al Kabeer,Chicken Kofta-Frozen,No Variant,Frozen Kofta / Kibbeh & Meat Balls,300 gm,1,CCCB,CHICKEN BIRYANI 400,400 Gms x 12 Pkts,READY2EAT,54.43,48.15,85.5,conflict,1.81,,manual_required
17676,38096789,Al Kabeer KRAZEE CHICKEN NUGGETS 750 gm,Al Kabeer,Chicken Nuggets-Frozen,No Variant,Marinated & Breaded,750 gm,1,CFB,BEEF FRANKS,454 Gms x 20 Pkts,SAUSAGES,52.18,41.74,85.5,conflict,0.05,,manual_required
17681,38119679,Al Kabeer ZING CHICKEN STRIPS SPICY/NON-SPICY 750 gm,Al Kabeer,Chicken Strips-Frozen,No Variant,Zing,750 gm,1,CKJCNA,JUMBO CHICKEN NUGGETS,1 Kgs x 5 Pkts,NUGGETS,52.19,41.76,85.5,conflict,0.3,,manual_required
17684,38155909,Al Kabeer ZING CHICKEN STRIPS SPICY/NON-SPICY 750 gm,Al Kabeer,Chicken Strips-Frozen,No Variant,Zing,750 gm,1,CKJCNA,JUMBO CHICKEN NUGGETS,1 Kgs x 5 Pkts,NUGGETS,52.19,41.76,85.5,conflict,0.3,,manual_required
17687,38171323,Al Kabeer Punjabi Samosa 900 gm / Vegetable Falafel 1 kg,Al Kabeer,Samosa-Frozen,Punjabi,"Frozen Pizzas, Wraps, Sandwiches",900 gm,1,CBK,BEEF KIBBEH 400,400 Gms x 12 Pkts,KOFTA-KIBBEH-FELAFEL,53.13,44.44,85.5,conflict,1.21,,manual_required
17697,38196903,Al Kabeer blue/Blackberries frozen 350 gm,Al Kabeer,Blueberries-Frozen,No Variant,Frozen Fruits,350 gm,1,CBBUR,BEEF BURGERS 56 g.,840 g. x 9,BURGERS,52.73,43.3,85.5,conflict,0.6,,manual_required
17700,38196908,Al Kabeer Zing Chicken Strips selected 750 gm,Al Kabeer,Chicken Strips-Frozen,No Variant,Marinated & Breaded,750 gm,1,CCKSB,CHICKEN STICKS BULK,1 Kgs x 5 Pkts,STICKS & FINGERS,54.93,49.57,85.5,conflict,1.42,,manual_required
17704,38197091,Al Kabeer Professional French Fries 2500 gm,Al Kabeer,French Fries-Frozen,No Variant,Frozen Fries & Onion Rings,2.5 kg,1,CCCB,CHICKEN BIRYANI 400,400 Gms x 12 Pkts,READY2EAT,53.07,44.26,85.5,conflict,0.84,,manual_required
17707,38230183,Al Kabeer Tender Chicken Breast 1000gm,Al Kabeer,Chicken Breast-Frozen,No Variant,Frozen Chicken Parts,1000 gm,1,CFBF,BREADED FISH FILLET,330 Gms x 20 Pkts,FILLETS,52.58,42.86,85.5,conflict,0.19,,manual_required
17716,38235825,Al Kabeer Frozen Blueberry / Blackberry 350 gm,Al Kabeer,Blueberries-Frozen,No Variant,Frozen Fruits,350 gm,1,CBBO,4 BEEF BURGERS,200 Gms x 30 Pkt,BURGERS,51.71,40.38,85.5,conflict,0.13,,manual_required
17721,38235950,Al Kabeer Breaded Chicken Fillet Plain / Hot & Spicy 750 gm,Al Kabeer,Chicken Fillets-Frozen,No Variant,Marinated & Breaded,750 gm,1,CCKSB,CHICKEN STICKS BULK,1 Kgs x 5 Pkts,STICKS & FINGERS,54.11,47.24,85.5,conflict,0.1,,manual_required
17726,38238785,"AL KABEER VEGETABLE OR CHICKEN SAMOSA OR SPRING ROLLS, 240 - 280 gm",Al Kabeer,Spring Roll-Frozen,No Variant,"Frozen Pizzas, Wraps, Sandwiches",280 gm,1,CCCTM,CHICKEN TIKKA MAKHANI & PILAU RICE,450 Gms x 12 Pkts,READY2EAT,53.5,45.51,85.5,conflict,0.48,,manual_required
17727,38238786,"Al Kabeer TENDER CHICKEN BREAST, 1000gm",Al Kabeer,Chicken Breast-Frozen,No Variant,Frozen Chicken Parts,1000 gm,1,CFBF,BREADED FISH FILLET,330 Gms x 20 Pkts,FILLETS,52.58,42.86,85.5,conflict,0.19,,manual_required
17728,38238788,"Al Kabeer Zing Non Spicy or Spicy Chicken Strips, 750 gm",Al Kabeer,Chicken Strips-Frozen,Spicy,Zing,750 gm,1,CKCKB,CHICKEN BURGERS 56 g,840 g. x 9,BURGERS,54.2,47.5,85.5,conflict,0.6,,manual_required
17729,38238788,"Al Kabeer Zing Non Spicy or Spicy Chicken Strips, 750 gm",Al Kabeer,Chicken Strips-Frozen,No Variant,Zing,750 gm,1,CKBT,TAYEBAT CHICKEN BURGER,1 Kgs x 9 Pkts,BURGERS,53.42,45.28,85.5,conflict,2.41,,manual_required
17739,38245723,Al kabeer breaded chicken fillet spicy/nuggets/crazy 750 gm,Al Kabeer,Chicken Fillets-Frozen,Spicy,Marinated & Breaded,750 gm,1,CCF,CHICKEN FRIES,12 PKTS X 400 GRM,POP-CORN & CHICKEN FRIES,54.38,48.0,85.5,conflict,0.47,,manual_required
17740,38245723,Al kabeer breaded chicken fillet spicy/nuggets/crazy 750 gm,Al Kabeer,Chicken Nuggets-Frozen,No Variant,Marinated & Breaded,750 gm,1,CCFA,CHICKEN FRIES BULK,1 kg x 5 Pkts,POP-CORN & CHICKEN FRIES,54.08,47.15,85.5,conflict,0.1,,manual_required
17748,38246772,Al kabeer Breaded Chicken Fillet Spicy/Nuggets/Crazy 750 gm,Al Kabeer,Chicken Fillets-Frozen,Spicy,Marinated & Breaded,750 gm,1,CCF,CHICKEN FRIES,12 PKTS X 400 GRM,POP-CORN & CHICKEN FRIES,54.38,48.0,85.5,conflict,0.47,,manual_required
17749,38246772,Al kabeer Breaded Chicken Fillet Spicy/Nuggets/Crazy 750 gm,Al Kabeer,Chicken Nuggets-Frozen,No Variant,Marinated & Breaded,750 gm,1,CCFA,CHICKEN FRIES BULK,1 kg x 5 Pkts,POP-CORN & CHICKEN FRIES,54.08,47.15,85.5,conflict,0.1,,manual_required
17751,38248379,Alkabeer Tempura Chicken Nuggets 750 gm,Al Kabeer,Chicken Nuggets-Frozen,No Variant,Marinated & Breaded,750 gm,1,CFBF,BREADED FISH FILLET,330 Gms x 20 Pkts,FILLETS,52.58,42.86,85.5,conflict,0.52,,manual_required
17753,38248517,Al kabeer Chicken Burger Jumbo 10 pcs 1 kg,Al Kabeer,Chicken Burger-Frozen,Unbreaded,Frozen Burger,1 kg,1,CFBJ,JUMBO HOTDOGS,400 Gms x 20 Pkts,SAUSAGES,54.89,49.48,85.5,conflict,0.21,,manual_required
17756,38250031,Al Kabeer Zing Chicken Fillets Spicy 750 gm,Al Kabeer,Chicken Fillets-Frozen,No Variant,Zing,750 gm,1,CKSK,SHISH KEBAB,600 Gms x 12 Pkts,KEBAB,53.73,46.15,85.5,conflict,0.35,,manual_required
17757,38250392,Al Kabeer Zing Chicken Strips Spicy 750 gm,Al Kabeer,Chicken Strips-Frozen,No Variant,Zing,750 gm,1,CKSK,SHISH KEBAB,600 Gms x 12 Pkts,KEBAB,54.69,48.89,85.5,conflict,2.65,,manual_required
17761,38252381,Al Kabeer Tender Chicken Breast 1000gm,Al Kabeer,Chicken Breast-Frozen,No Variant,Frozen Chicken Parts,1000 gm,1,CFBF,BREADED FISH FILLET,330 Gms x 20 Pkts,FILLETS,52.58,42.86,85.5,conflict,0.19,,manual_required
17762,38252385,Al Kabeer BLACKBERRIES / BLUEBERRIES 350 gm,Al Kabeer,Blueberries-Frozen,No Variant,Frozen Fruits,350 gm,1,CBBO,4 BEEF BURGERS,200 Gms x 30 Pkt,BURGERS,52.89,43.75,85.5,conflict,0.86,,manual_required
17767,38259472,Al Kabeer Panjabi Samosa 900 gm,Al Kabeer,Samosa-Frozen,Punjabi,"Frozen Pizzas, Wraps, Sandwiches",900 gm,1,CCSAK,12 CHEESE SAMOSAS,240 Gms x 20 Pkts,SAMOSA,53.34,45.05,85.5,conflict,0.86,,manual_required
17768,38259476,Al Kabeer French Fries 2.5 kg,Al Kabeer,French Fries-Frozen,No Variant,Frozen Fries & Onion Rings,2.5 kg,1,CFBFA,BREADED FISH FILLET BULK,1 Kgs x 5 Pkts,FILLETS,52.24,41.9,85.5,conflict,0.08,,manual_required
17775,38259966,Al Kabeer Breaded Chicken Fillet 750 gm,Al Kabeer,Chicken Fillets-Frozen,Spicy,Marinated & Breaded,750 gm,1,CKJCNA,JUMBO CHICKEN NUGGETS,1 Kgs x 5 Pkts,NUGGETS,52.82,43.56,85.5,conflict,0.25,,manual_required
17776,38259977,Al Kabeer Nuggets / Krazee / Tempura 750 gm,Al Kabeer,Chicken Nuggets-Frozen,No Variant,Marinated & Breaded,750 gm,1,CFBF,BREADED FISH FILLET,330 Gms x 20 Pkts,FILLETS,52.31,42.11,85.5,conflict,0.2,,manual_required
17778,38260111,Al Kabeer Chicken Pop Corn 750 gm,Al Kabeer,Chicken Popcorn-Frozen,No Variant,Marinated & Breaded,750 gm,1,CKCKB,CHICKEN BURGERS 56 g,840 g. x 9,BURGERS,51.89,40.91,85.5,conflict,0.06,,manual_required
17782,38261837,Al Kabeer Punjabi Samosa 900 gm,Al Kabeer,Samosa-Frozen,Punjabi,"Frozen Pizzas, Wraps, Sandwiches",900 gm,1,CCSAK,12 CHEESE SAMOSAS,240 Gms x 20 Pkts,SAMOSA,53.89,46.6,85.5,conflict,0.67,,manual_required
17783,38262129,Al Kabeer Tender Chicken Breast 1000gm,Al Kabeer,Chicken Breast-Frozen,No Variant,Frozen Chicken Parts,1000 gm,1,CFBF,BREADED FISH FILLET,330 Gms x 20 Pkts,FILLETS,52.58,42.86,85.5,conflict,0.19,,manual_required
17785,38262835,Al Kabeer - Chicken Pop-corn 750 gm,Al Kabeer,Chicken Popcorn-Frozen,No Variant,Marinated & Breaded,750 gm,1,CKCKB,CHICKEN BURGERS 56 g,840 g. x 9,BURGERS,51.89,40.91,85.5,conflict,0.06,,manual_required
17792,38263167,Al Kabeer French Fries 2500 gm,Al Kabeer,French Fries-Frozen,No Variant,Frozen Fries & Onion Rings,2.5 kg,1,CCSK,KIRI CHEESE SAMOSA,20 X 240 GMS,SAMOSA,52.53,42.72,85.5,conflict,0.52,,manual_required
17795,38263193,Al Kabeer Kraze / Tempura Chicken Nuggets 750 gm,Al Kabeer,Chicken Nuggets-Frozen,No Variant,Marinated & Breaded,750 gm,1,CCKSB,CHICKEN STICKS BULK,1 Kgs x 5 Pkts,STICKS & FINGERS,53.59,45.76,85.5,conflict,0.21,,manual_required
17797,38265413,Al Kabeer Tender Chicken Breast 1000gm,Al Kabeer,Chicken Breast-Frozen,No Variant,Frozen Chicken Parts,1000 gm,1,CFBF,BREADED FISH FILLET,330 Gms x 20 Pkts,FILLETS,52.58,42.86,85.5,conflict,0.19,,manual_required
17799,38265595,Al Kabeer Paneer Cubes 200 gm,Al Kabeer,Paneer,No Variant,Paneer,200 gm,1,CKCCR,CHICKEN ‘N’ CHEESE RINGS 300,300 gms x 12 pkts,POP-CORN & CHICKEN FRIES,52.79,43.48,85.5,conflict,0.32,,manual_required
17803,38266756,Al Kabeer Paneer Cubes 200 gm,Al Kabeer,Paneer,No Variant,Paneer,200 gm,1,CKCCR,CHICKEN ‘N’ CHEESE RINGS 300,300 gms x 12 pkts,POP-CORN & CHICKEN FRIES,52.79,43.48,85.5,conflict,0.32,,manual_required
17804,38266915,Al Kabeer Tender Chicken Breast 1000gm,Al Kabeer,Chicken Breast-Frozen,No Variant,Frozen Chicken Parts,1000 gm,1,CFBF,BREADED FISH FILLET,330 Gms x 20 Pkts,FILLETS,52.58,42.86,85.5,conflict,0.19,,manual_required
17807,38267513,Al Kabeer Tender Chicken Breast 1000gm,Al Kabeer,Chicken Breast-Frozen,No Variant,Frozen Chicken Parts,1000 gm,1,CFBF,BREADED FISH FILLET,330 Gms x 20 Pkts,FILLETS,52.58,42.86,85.5,conflict,0.19,,manual_required
17814,38361795,Al Kabeer Zing Chicken Strips/Fillet Assorted 750 gm,Al Kabeer,Chicken Strips-Frozen,No Variant,Marinated & Breaded,750 gm,1,CCKSB,CHICKEN STICKS BULK,1 Kgs x 5 Pkts,STICKS & FINGERS,53.95,46.77,85.5,conflict,0.76,,manual_required
17818,38465231,Al Kabeer Chicken Kofta 300 gm,Al Kabeer,Chicken Kofta-Frozen,No Variant,Frozen Kofta / Kibbeh & Meat Balls,300 gm,1,CCCB,CHICKEN BIRYANI 400,400 Gms x 12 Pkts,READY2EAT,54.43,48.15,85.5,conflict,1.81,,manual_required
17821,38465679,Al Kabeer Krazee Chicken Nuggets 750 gm,Al Kabeer,Chicken Nuggets-Frozen,No Variant,Marinated & Breaded,750 gm,1,CFB,BEEF FRANKS,454 Gms x 20 Pkts,SAUSAGES,52.18,41.74,85.5,conflict,0.05,,manual_required
17824,38481786,"Al Kabeer Hot & Crispy Breaded Chicken or Breaded Fillet, 750 gm",Al Kabeer,Chicken Fillets-Frozen,No Variant,Marinated & Breaded,750 gm,1,CCF,CHICKEN FRIES,12 PKTS X 400 GRM,POP-CORN & CHICKEN FRIES,54.27,47.69,85.5,conflict,0.45,,manual_required
17826,38484979,Al Kabeer Tempura Chicken Nuggets Non Spicy 750 gm,Al Kabeer,Chicken Nuggets-Frozen,No Variant,Marinated & Breaded,750 gm,1,CCKSB,CHICKEN STICKS BULK,1 Kgs x 5 Pkts,STICKS & FINGERS,53.64,45.9,85.5,conflict,0.11,,manual_required
17827,38485011,Al Kabeer Zing Chicken Fillets/Strips 750 gm Assorted Per Pc,Al Kabeer,Chicken Strips-Frozen,Spicy,Zing,750 gm,1,CFBF,BREADED FISH FILLET,330 Gms x 20 Pkts,FILLETS,54.63,48.74,85.5,conflict,2.32,,manual_required
17828,38485011,Al Kabeer Zing Chicken Fillets/Strips 750 gm Assorted Per Pc,Al Kabeer,Chicken Fillets-Frozen,Spicy,Zing,750 gm,1,CFBF,BREADED FISH FILLET,330 Gms x 20 Pkts,FILLETS,54.63,48.74,85.5,conflict,2.32,,manual_required
17832,38496551,Al Kabeer Chicken Kofta 300 gm,Al Kabeer,Chicken Kofta-Frozen,No Variant,Frozen Kofta / Kibbeh & Meat Balls,300 gm,1,CCCB,CHICKEN BIRYANI 400,400 Gms x 12 Pkts,READY2EAT,54.43,48.15,85.5,conflict,1.81,,manual_required
17856,38522821,Alkabeer French Fries 2.5kg,Al Kabeer,French Fries-Frozen,No Variant,Frozen Fries & Onion Rings,2.5 kg,1,CFBFA,BREADED FISH FILLET BULK,1 Kgs x 5 Pkts,FILLETS,52.24,41.9,85.5,conflict,0.08,,manual_required
17857,38522860,Alkabeer Tempura Chicken Nuggets 750gm,Al Kabeer,Chicken Nuggets-Frozen,No Variant,Marinated & Breaded,750 gm,1,CCCB,CHICKEN BIRYANI 400,400 Gms x 12 Pkts,READY2EAT,53.19,44.63,85.5,conflict,0.97,,manual_required
17863,38525303,Al Kabeer Breaded Chicken Fillet Spicy/Nuggets/Crazy 750 gm,Al Kabeer,Chicken Nuggets-Frozen,No Variant,Marinated & Breaded,750 gm,1,CCFA,CHICKEN FRIES BULK,1 kg x 5 Pkts,POP-CORN & CHICKEN FRIES,54.08,47.15,85.5,conflict,0.1,,manual_required
17864,38525303,Al Kabeer Breaded Chicken Fillet Spicy/Nuggets/Crazy 750 gm,Al Kabeer,Chicken Fillets-Frozen,Spicy,Marinated & Breaded,750 gm,1,CCF,CHICKEN FRIES,12 PKTS X 400 GRM,POP-CORN & CHICKEN FRIES,54.38,48.0,85.5,conflict,0.47,,manual_required
17865,38525378,Al Kabeer Hash Browns 2.5 kg,Al Kabeer,Hash browns,No Variant,Frozen Potato/ Fries/ Onion rings,2.5 kg,1,SFM,FISH MILK,1 kg x 10 Pkts,TRADING-FISH,51.97,41.12,85.5,conflict,0.8,,manual_required
17880,38539415,"Al Kabeer ZING CHICKEN STRIPS, SMOKE BUFFALO OR SRIRACHA, 700 gm",Al Kabeer,Chicken Strips-Frozen,No Variant,Marinated & Breaded,700 gm,1,CCKSB,CHICKEN STICKS BULK,1 Kgs x 5 Pkts,STICKS & FINGERS,54.81,49.25,85.5,conflict,0.62,,manual_required
17893,38570087,Al Kabeer Paneer Cubes 500 gm,Al Kabeer,Paneer,No Variant,Paneer,500 gm,1,CKCCR,CHICKEN ‘N’ CHEESE RINGS 300,300 gms x 12 pkts,POP-CORN & CHICKEN FRIES,52.03,41.3,85.5,conflict,0.12,,manual_required
17897,38571121,Al Kabeer Paneer Cubes 500 gm,Al Kabeer,Paneer,No Variant,Paneer,500 gm,1,CKCCR,CHICKEN ‘N’ CHEESE RINGS 300,300 gms x 12 pkts,POP-CORN & CHICKEN FRIES,52.03,41.3,85.5,conflict,0.12,,manual_required
17900,38604242,Al Kabeer Krazee Nuggets 2x400 gm,Al Kabeer,Chicken Nuggets-Frozen,No Variant,Marinated & Breaded,2x400 gm,1,CBBO,4 BEEF BURGERS,200 Gms x 30 Pkt,BURGERS,53.06,44.25,85.5,conflict,0.19,,manual_required
17901,38604260,Al-Kabeer Tandoori Chicken Tikka 1000 gm,Al Kabeer,Chicken Tikka-Frozen,No Variant,Frozen Barbeque Products,1000 gm,1,CCCB,CHICKEN BIRYANI 400,400 Gms x 12 Pkts,READY2EAT,54.15,47.37,85.5,conflict,2.23,,manual_required
17918,38675903,Al Kabeer CHICKEN KOFTA 300 gm,Al Kabeer,Chicken Kofta-Frozen,No Variant,Frozen Kofta / Kibbeh & Meat Balls,300 gm,1,CCCB,CHICKEN BIRYANI 400,400 Gms x 12 Pkts,READY2EAT,54.43,48.15,85.5,conflict,1.81,,manual_required
17919,38675984,Al Kabeer Breaded Chicken Fillet Plain / Hot & Spicy 750 gm,Al Kabeer,Chicken Fillets-Frozen,No Variant,Marinated & Breaded,750 gm,1,CCKSB,CHICKEN STICKS BULK,1 Kgs x 5 Pkts,STICKS & FINGERS,54.11,47.24,85.5,conflict,0.1,,manual_required
17921,38679463,Al Kabeer Chicken Nuggets or Tempura or Krazee Nuggets 750 gm,Al Kabeer,Chicken Nuggets-Frozen,No Variant,Marinated & Breaded,750 gm,1,CCF,CHICKEN FRIES,12 PKTS X 400 GRM,POP-CORN & CHICKEN FRIES,54.11,47.24,85.5,conflict,0.47,,manual_required
17923,38679477,"Al Kabeer ZING SPICY OR NON SPICY CHICKEN STRIPS, 750 gm",Al Kabeer,Chicken Strips-Frozen,No Variant,Marinated & Breaded,750 gm,1,CCKSB,CHICKEN STICKS BULK,1 Kgs x 5 Pkts,STICKS & FINGERS,54.93,49.59,85.5,conflict,0.13,,manual_required
17926,38679481,"Al Kabeer Breaded Chicken Fillet, 750 gm",Al Kabeer,Chicken Fillets-Frozen,Spicy,Marinated & Breaded,750 gm,1,CKJCNA,JUMBO CHICKEN NUGGETS,1 Kgs x 5 Pkts,NUGGETS,52.82,43.56,85.5,conflict,0.25,,manual_required
17953,38697475,Al Kabeer Butter/Zing Chicken Fillets 750/700 gm,Al Kabeer,Chicken Fillets-Frozen,No Variant,Zing,700 gm,1,CKCKB,CHICKEN BURGERS 56 g,840 g. x 9,BURGERS,54.69,48.89,85.5,conflict,0.55,,manual_required
17954,38697475,Al Kabeer Butter/Zing Chicken Fillets 750/700 gm,Al Kabeer,Chicken Fillets-Frozen,No Variant,Zing,750 gm,1,CKCKB,CHICKEN BURGERS 56 g,840 g. x 9,BURGERS,54.69,48.89,85.5,conflict,0.55,,manual_required
17955,38697475,Al Kabeer Butter/Zing Chicken Fillets 750/700 gm,Al Kabeer,Chicken Fillets-Frozen,Spicy,Zing,750 gm,1,CKSK,SHISH KEBAB,600 Gms x 12 Pkts,KEBAB,54.5,48.35,85.5,conflict,1.54,,manual_required
17970,38701107,Al Kabeer Zing Chicken Fillets 750 gm / Butter 700 gm,Al Kabeer,Chicken Fillets-Frozen,No Variant,Zing,700 gm,1,CKCKB,CHICKEN BURGERS 56 g,840 g. x 9,BURGERS,54.69,48.89,85.5,conflict,0.55,,manual_required
17972,38702375,Al Kabeer Paneer Cubes 200 gm,Al Kabeer,Paneer,No Variant,Paneer,200 gm,1,CKCCR,CHICKEN ‘N’ CHEESE RINGS 300,300 gms x 12 pkts,POP-CORN & CHICKEN FRIES,52.79,43.48,85.5,conflict,0.32,,manual_required
17984,38708932,Al Kabeer Krazee Chicken Nuggets 750 gm,Al Kabeer,Chicken Nuggets-Frozen,No Variant,Marinated & Breaded,750 gm,1,CFB,BEEF FRANKS,454 Gms x 20 Pkts,SAUSAGES,52.18,41.74,85.5,conflict,0.05,,manual_required
17986,38711902,Al Kabeer Zing Chicken Strip S 750 gm,Al Kabeer,Chicken Strips-Frozen,Spicy,Marinated & Breaded,750 gm,1,CFB,BEEF FRANKS,454 Gms x 20 Pkts,SAUSAGES,52.79,43.48,85.5,conflict,0.03,,manual_required
17988,38711991,Al Kabeer Tempura Chicken Nuggets 750 gm,Al Kabeer,Chicken Nuggets-Frozen,No Variant,Marinated & Breaded,750 gm,1,CFBF,BREADED FISH FILLET,330 Gms x 20 Pkts,FILLETS,52.58,42.86,85.5,conflict,0.52,,manual_required
17992,38726493,Al Kabeer Paneer Cubes 200 gm,Al Kabeer,Paneer,No Variant,Paneer,200 gm,1,CKCCR,CHICKEN ‘N’ CHEESE RINGS 300,300 gms x 12 pkts,POP-CORN & CHICKEN FRIES,52.79,43.48,85.5,conflict,0.32,,manual_required
17994,38738455,Al Kabeer Paneer Cube 200 gm,Al Kabeer,Paneer,No Variant,Paneer,200 gm,1,CKCCNS,CHICKEN & CHEESE STICKS HOT & SPICY,250 gm x 20 Pkts,STICKS & FINGERS,51.88,40.86,85.5,conflict,0.3,,manual_required
17999,38834803,Al Kabeer Professional french fries 2.5 kg,Al Kabeer,French Fries-Frozen,No Variant,Frozen Fries & Onion Rings,2.5 kg,1,CBBOT,TAYEBAT BEEF BURGERS ONION BULK,1 Kgs x 9 Pkts,BURGERS,52.93,43.86,85.5,conflict,0.43,,manual_required
18005,38834810,Al Kabeer breaded chicken fillets spicy/non spicy 750 gm,Al Kabeer,Chicken Fillets-Frozen,No Variant,Marinated & Breaded,750 gm,1,CCFA,CHICKEN FRIES BULK,1 kg x 5 Pkts,POP-CORN & CHICKEN FRIES,54.77,49.12,85.5,conflict,0.0,,manual_required
18006,38834811,Al Kabeer French Fries 2.5kg,Al Kabeer,French Fries-Frozen,No Variant,Frozen Fries & Onion Rings,2.5 kg,1,CFBFA,BREADED FISH FILLET BULK,1 Kgs x 5 Pkts,FILLETS,52.24,41.9,85.5,conflict,0.08,,manual_required
18008,38834813,Al Kabeer Chicken Breast Tender 1000gm,Al Kabeer,Chicken Breast-Frozen,No Variant,Frozen Chicken Parts,1000 gm,1,CFBF,BREADED FISH FILLET,330 Gms x 20 Pkts,FILLETS,52.58,42.86,85.5,conflict,0.19,,manual_required
18009,38834814,Al Kabeer Chicken Nuggets / Krazee Chicken Nuggets 750 gm,Al Kabeer,Chicken Nuggets-Frozen,No Variant,Marinated & Breaded,750 gm,1,CCF,CHICKEN FRIES,12 PKTS X 400 GRM,POP-CORN & CHICKEN FRIES,54.47,48.28,85.5,conflict,0.5,,manual_required
18010,38837505,Al Kabeer Tender Chicken Breast 1000gm,Al Kabeer,Chicken Breast-Frozen,No Variant,Frozen Chicken Parts,1000 gm,1,CFBF,BREADED FISH FILLET,330 Gms x 20 Pkts,FILLETS,52.58,42.86,85.5,conflict,0.19,,manual_required
18021,38887956,Al Kabeer Frozen Blueberry / Blackberry 350 gm,Al Kabeer,Blueberries-Frozen,No Variant,Frozen Fruits,350 gm,1,CBBO,4 BEEF BURGERS,200 Gms x 30 Pkt,BURGERS,51.71,40.38,85.5,conflict,0.13,,manual_required
18023,38887960,Al Kabeer ZING CHICKEN STRIPS SMOKED BUFFALO / SPICY SPIRACHA 700 gm,Al Kabeer,Chicken Strips-Frozen,No Variant,Zing,700 gm,1,CCCB,CHICKEN BIRYANI 400,400 Gms x 12 Pkts,READY2EAT,54.21,47.54,85.5,conflict,0.35,,manual_required
18024,38887960,Al Kabeer ZING CHICKEN STRIPS SMOKED BUFFALO / SPICY SPIRACHA 700 gm,Al Kabeer,Chicken Strips-Frozen,Spicy,Zing,700 gm,1,CCCB,CHICKEN BIRYANI 400,400 Gms x 12 Pkts,READY2EAT,54.6,48.65,85.5,conflict,1.34,,manual_required
18030,38891557,"Al Kabeer JALAPENO & CHEESE STICKS, 270 gm",Al Kabeer,Cheese Stick/Nuggets-Frozen,No Variant,Marinated & Breaded,270 gm,1,CCKSB,CHICKEN STICKS BULK,1 Kgs x 5 Pkts,STICKS & FINGERS,53.25,44.8,85.5,conflict,0.24,,manual_required
18032,38891636,"Al Kabeer HOT & CRISPY BREADED CHICKEN OR BREADED FILLET, 750Gm",Al Kabeer,Chicken Fillets-Frozen,No Variant,Marinated & Breaded,750 gm,1,CCCTM,CHICKEN TIKKA MAKHANI & PILAU RICE,450 Gms x 12 Pkts,READY2EAT,54.74,49.03,85.5,conflict,0.85,,manual_required
18037,38897689,Al Kabeer PANEER CUBES 200 gm,Al Kabeer,Paneer,No Variant,Paneer,200 gm,1,CKCCR,CHICKEN ‘N’ CHEESE RINGS 300,300 gms x 12 pkts,POP-CORN & CHICKEN FRIES,52.79,43.48,85.5,conflict,0.32,,manual_required
18038,38897692,Al Kabeer Tempura Chicken Nuggets Non-Spicy 750 gm,Al Kabeer,Chicken Nuggets-Frozen,No Variant,Marinated & Breaded,750 gm,1,CCKSB,CHICKEN STICKS BULK,1 Kgs x 5 Pkts,STICKS & FINGERS,53.64,45.9,85.5,conflict,0.11,,manual_required
18045,38906306,Al Kabeer Tender Chicken Breast 1000gm,Al Kabeer,Chicken Breast-Frozen,No Variant,Frozen Chicken Parts,1000 gm,1,CFBF,BREADED FISH FILLET,330 Gms x 20 Pkts,FILLETS,52.58,42.86,85.5,conflict,0.19,,manual_required
18046,38911829,Al Kabeer Paratha Plain 400 gm 3s Promo Pack,Al Kabeer,Paratha-Frozen,No Variant,Frozen Pranthas,3x400 gm,1,CCSAK,12 CHEESE SAMOSAS,240 Gms x 20 Pkts,SAMOSA,53.68,46.02,85.5,conflict,0.55,,manual_required
18053,38912062,Al Kabeer Paneer Cubes 500 gm,Al Kabeer,Paneer,No Variant,Paneer,500 gm,1,CKCCR,CHICKEN ‘N’ CHEESE RINGS 300,300 gms x 12 pkts,POP-CORN & CHICKEN FRIES,52.03,41.3,85.5,conflict,0.12,,manual_required
18054,38913211,Al Kabeer Paneer Cubes 200 gm,Al Kabeer,Paneer,No Variant,Paneer,200 gm,1,CKCCR,CHICKEN ‘N’ CHEESE RINGS 300,300 gms x 12 pkts,POP-CORN & CHICKEN FRIES,52.79,43.48,85.5,conflict,0.32,,manual_required
18055,38919030,Al Kabeer Tender Chicken Breast 1000gm,Al Kabeer,Chicken Breast-Frozen,No Variant,Frozen Chicken Parts,1000 gm,1,CFBF,BREADED FISH FILLET,330 Gms x 20 Pkts,FILLETS,52.58,42.86,85.5,conflict,0.19,,manual_required
18057,38920585,Al Kabeer Frozen Chicken Breast 1000gm,Al Kabeer,Chicken Breast-Frozen,No Variant,Frozen Chicken Parts,1000 gm,1,CKBCS,BEEF COCKTAIL SAUSAGES,400 Gms x 20 Pkts,SAUSAGES,53.45,45.36,85.5,conflict,0.15,,manual_required
18064,38938159,Al Kabeer Zing Chicken Strips Non-Spicy 750 gm,Al Kabeer,Chicken Fingers/ Fries/ Strips-Frozen,No Variant,Zing,750 gm,1,CFSA,FISH STICKS BULK,1 Kgs x 5 Pkts,STICKS & FINGERS,53.4,45.22,85.5,conflict,0.14,,manual_required
18067,38958237,Al Kabeer Chicken Fillet Non-Spicy 750 gm,Al Kabeer,Chicken Fillets-Frozen,No Variant,Zing,750 gm,1,CKSAPR,AK PRO CHICKEN SAMOSA,4 X 1.2 KGS,SAMOSA,52.38,42.31,85.5,conflict,0.4,,manual_required
18069,38959059,Al Kabeer ZING CHICKEN STRIPS SPICY/NON SPICY 750 gm,Al Kabeer,Chicken Strips-Frozen,No Variant,Zing,750 gm,1,CKJCNA,JUMBO CHICKEN NUGGETS,1 Kgs x 5 Pkts,NUGGETS,52.19,41.76,85.5,conflict,0.3,,manual_required
18070,38960335,Al Kabeer Zing Chicken Fillets Spicy 750 gm Asstd,Al Kabeer,Chicken Fillets-Frozen,Spicy,Zing,750 gm,1,CKCSB,CHICKEN SEEKH KEBAB BULK,1 kg x 5,KEBAB,53.73,46.15,85.5,conflict,1.04,,manual_required
18071,38966504,Al Kabeer Non Spicy Zing Chicken Fillet 750gm,Al Kabeer,Chicken Fillets-Frozen,No Variant,Zing,750 gm,1,CKJCNA,JUMBO CHICKEN NUGGETS,1 Kgs x 5 Pkts,NUGGETS,51.99,41.18,85.5,conflict,0.09,,manual_required
18072,38966602,Al Kabeer Chicken Nuggets 750 gm +33% Extra,Al Kabeer,Chicken Nuggets-Frozen,No Variant,Marinated & Breaded,750 gm,1,CCCB,CHICKEN BIRYANI 400,400 Gms x 12 Pkts,READY2EAT,54.05,47.06,85.5,conflict,1.04,,manual_required
18074,38967306,Al Kabeer Zing Chicken Strips/Fillets Spicy/Non Spicy 750 gm,Al Kabeer,Chicken Strips-Frozen,No Variant,Zing,750 gm,1,CCCB,CHICKEN BIRYANI 400,400 Gms x 12 Pkts,READY2EAT,53.48,45.45,85.5,conflict,0.49,,manual_required
18075,38967306,Al Kabeer Zing Chicken Strips/Fillets Spicy/Non Spicy 750 gm,Al Kabeer,Chicken Fillets-Frozen,Spicy,Zing,750 gm,1,CFBF,BREADED FISH FILLET,330 Gms x 20 Pkts,FILLETS,53.28,44.86,85.5,conflict,0.6,,manual_required
18076,38967306,Al Kabeer Zing Chicken Strips/Fillets Spicy/Non Spicy 750 gm,Al Kabeer,Chicken Fillets-Frozen,No Variant,Zing,750 gm,1,CCCB,CHICKEN BIRYANI 400,400 Gms x 12 Pkts,READY2EAT,53.48,45.45,85.5,conflict,0.49,,manual_required
18077,38967306,Al Kabeer Zing Chicken Strips/Fillets Spicy/Non Spicy 750 gm,Al Kabeer,Chicken Strips-Frozen,Spicy,Zing,750 gm,1,CFBF,BREADED FISH FILLET,330 Gms x 20 Pkts,FILLETS,53.28,44.86,85.5,conflict,0.6,,manual_required
18078,39016191,Al Kabeer ZING CHICKEN STRIPS SPICY/NON SPICY 750 gm,Al Kabeer,Chicken Strips-Frozen,No Variant,Zing,750 gm,1,CKJCNA,JUMBO CHICKEN NUGGETS,1 Kgs x 5 Pkts,NUGGETS,52.19,41.76,85.5,conflict,0.3,,manual_required
18080,39021531,Al Kabeer Frozen Chicken Breast 1 kg,Al Kabeer,Chicken Breast-Frozen,No Variant,Frozen Chicken Parts,1000 gm,1,CBBO,4 BEEF BURGERS,200 Gms x 30 Pkt,BURGERS,52.96,43.96,85.5,conflict,0.07,,manual_required
18081,39046565,Al Kabeer Professional French Fries 2.5 kg,Al Kabeer,French Fries-Frozen,No Variant,Frozen Fries & Onion Rings,2.5 kg,1,CBBOT,TAYEBAT BEEF BURGERS ONION BULK,1 Kgs x 9 Pkts,BURGERS,52.93,43.86,85.5,conflict,0.43,,manual_required
18089,39085292,Al Kabeer BREADED CHICKEN FILLET PLAIN / HOT & SPICY 750 gm,Al Kabeer,Chicken Fillets-Frozen,No Variant,Marinated & Breaded,750 gm,1,CCKSB,CHICKEN STICKS BULK,1 Kgs x 5 Pkts,STICKS & FINGERS,54.11,47.24,85.5,conflict,0.1,,manual_required
18094,39086281,Al Kabeer TEMPURA CHICKEN NUGGETS NON SPICY 750 gm,Al Kabeer,Chicken Nuggets-Frozen,No Variant,Marinated & Breaded,750 gm,1,CCKSB,CHICKEN STICKS BULK,1 Kgs x 5 Pkts,STICKS & FINGERS,53.64,45.9,85.5,conflict,0.11,,manual_required
18106,39099327,Al Kabeer Kiri Cheese Samosa 240Gm / Mozarella Cheese Sticks 250Gm,Al Kabeer,Cheese Stick/Nuggets-Frozen,No Variant,Marinated & Breaded,250 gm,1,CCKSHA,CHICKEN STICK BULK HOT & SPICY,1 kg x 5 Pkts,STICKS & FINGERS,54.1,47.2,85.5,conflict,0.65,,manual_required
18108,39099330,Al Kabeer Paneer Cubes 200 gm,Al Kabeer,Paneer,No Variant,Paneer,200 gm,1,CKCCR,CHICKEN ‘N’ CHEESE RINGS 300,300 gms x 12 pkts,POP-CORN & CHICKEN FRIES,52.79,43.48,85.5,conflict,0.32,,manual_required
18110,39099393,AlKabeer CHICKEN KOFTA 300 gm,Al Kabeer,Chicken Kofta-Frozen,No Variant,Frozen Kofta / Kibbeh & Meat Balls,300 gm,1,CCCB,CHICKEN BIRYANI 400,400 Gms x 12 Pkts,READY2EAT,54.43,48.15,85.5,conflict,1.81,,manual_required
18113,39099456,Al Kabeer TEMPURA NUGGETS NON-SPICY / BREADED CHICKEN FILLET / CHICKEN NUGGETS 750 gm,Al Kabeer,Chicken Fillets-Frozen,Spicy,Marinated & Breaded,750 gm,1,CCCTM,CHICKEN TIKKA MAKHANI & PILAU RICE,450 Gms x 12 Pkts,READY2EAT,54.5,48.37,85.5,conflict,0.26,,manual_required
18114,39099456,Al Kabeer TEMPURA NUGGETS NON-SPICY / BREADED CHICKEN FILLET / CHICKEN NUGGETS 750 gm,Al Kabeer,Chicken Nuggets-Frozen,No Variant,Marinated & Breaded,750 gm,1,CCCTM,CHICKEN TIKKA MAKHANI & PILAU RICE,450 Gms x 12 Pkts,READY2EAT,54.63,48.72,85.5,conflict,0.23,,manual_required
18118,39099514,Alkabeer French Fries 2500 gm,Al Kabeer,French Fries-Frozen,No Variant,Frozen Fries & Onion Rings,2.5 kg,1,CCSK,KIRI CHEESE SAMOSA,20 X 240 GMS,SAMOSA,52.53,42.72,85.5,conflict,0.52,,manual_required
18122,39099583,Al Kabeer MIX VEGETABLES 900 gm,Al Kabeer,Mix Vegetables-Frozen,No Variant,Frozen Vegetables,900 gm,1,CFBJ,JUMBO HOTDOGS,400 Gms x 20 Pkts,SAUSAGES,52.06,41.38,85.5,conflict,0.31,,manual_required
18129,39109518,Al Kabeer Zing Chicken Fillets Spicy 750 gm,Al Kabeer,Chicken Fillets-Frozen,No Variant,Zing,750 gm,1,CKSK,SHISH KEBAB,600 Gms x 12 Pkts,KEBAB,53.73,46.15,85.5,conflict,0.35,,manual_required
18135,39109760,Al Kabeer French Fries 2.5 kg,Al Kabeer,French Fries-Frozen,No Variant,Frozen Fries & Onion Rings,2.5 kg,1,CFBFA,BREADED FISH FILLET BULK,1 Kgs x 5 Pkts,FILLETS,52.24,41.9,85.5,conflict,0.08,,manual_required
18138,39113380,Al Kabeer Blackberries / Blueberries 350Gm,Al Kabeer,Blueberries-Frozen,No Variant,Frozen Fruits,350 gm,1,CBBO,4 BEEF BURGERS,200 Gms x 30 Pkt,BURGERS,52.42,42.42,85.5,conflict,0.11,,manual_required
18142,39113493,Al Kabeer French Fries 2500Gm,Al Kabeer,French Fries-Frozen,No Variant,Frozen Fries & Onion Rings,2.5 kg,1,CKKB24,24 CHICKEN BURGERS,1.2 Kgs x 8 Pkts,BURGERS,52.13,41.58,85.5,conflict,0.28,,manual_required
18147,39114229,Al Kabeer White Fish Fillets 1000 gm,Al Kabeer,White fish Fillet,No Variant,Frozen Seafood,1000 gm,1,CMBAK,MEAT BALLS,300 Gms x 20 Pkts,MEAT BALLS,51.58,40.0,85.5,conflict,0.27,,manual_required
18150,39114278,Al Kabeer Green Peas/Mixed Vegetables 900 gm,Al Kabeer,Green/Garden Peas-Frozen,No Variant,Frozen Vegetables,900 gm,1,CFB,BEEF FRANKS,454 Gms x 20 Pkts,SAUSAGES,52.24,41.9,85.5,conflict,0.06,,manual_required
18151,39114278,Al Kabeer Green Peas/Mixed Vegetables 900 gm,Al Kabeer,Mix Vegetables-Frozen,No Variant,Frozen Vegetables,900 gm,1,CFBJ,JUMBO HOTDOGS,400 Gms x 20 Pkts,SAUSAGES,52.38,42.31,85.5,conflict,0.0,,manual_required
18152,39114321,Al Kabeer Kraze Tempura Chicken Nuggets 750Gm,Al Kabeer,Chicken Nuggets-Frozen,No Variant,Marinated & Breaded,750 gm,1,CCKSB,CHICKEN STICKS BULK,1 Kgs x 5 Pkts,STICKS & FINGERS,53.19,44.63,85.5,conflict,0.19,,manual_required
18156,39115259,Al Kabeer French Fries 2.5Kg,Al Kabeer,French Fries-Frozen,No Variant,Frozen Fries & Onion Rings,2.5 kg,1,CFBFA,BREADED FISH FILLET BULK,1 Kgs x 5 Pkts,FILLETS,52.24,41.9,85.5,conflict,0.08,,manual_required
18163,39116083,Al Kabeer Panjabi Samosa 900 gm,Al Kabeer,Samosa-Frozen,Punjabi,"Frozen Pizzas, Wraps, Sandwiches",900 gm,1,CCSAK,12 CHEESE SAMOSAS,240 Gms x 20 Pkts,SAMOSA,53.34,45.05,85.5,conflict,0.86,,manual_required
18165,39116383,Al Kabeer Mixed Veg / Green Peas 900 gm,Al Kabeer,Green/Garden Peas-Frozen,No Variant,Frozen Vegetables,900 gm,1,CFBF,BREADED FISH FILLET,330 Gms x 20 Pkts,FILLETS,52.28,42.02,85.5,conflict,0.58,,manual_required
18166,39116383,Al Kabeer Mixed Veg / Green Peas 900 gm,Al Kabeer,Mix Vegetables-Frozen,No Variant,Frozen Vegetables,900 gm,1,CFBJ,JUMBO HOTDOGS,400 Gms x 20 Pkts,SAUSAGES,51.83,40.74,85.5,conflict,0.39,,manual_required
18167,39116387,Al Kabeer Blackberries / Blueberries 350Gm,Al Kabeer,Blueberries-Frozen,No Variant,Frozen Fruits,350 gm,1,CBBO,4 BEEF BURGERS,200 Gms x 30 Pkt,BURGERS,52.42,42.42,85.5,conflict,0.11,,manual_required
18175,39119565,Al Kabeer Blackberries / Blueberries 350 gm,Al Kabeer,Blueberries-Frozen,No Variant,Frozen Fruits,350 gm,1,CBBO,4 BEEF BURGERS,200 Gms x 30 Pkt,BURGERS,52.89,43.75,85.5,conflict,0.86,,manual_required
18186,39151044,Al Kabeer Zing Chicken Strips Non-Spicy 750 gm,Al Kabeer,Chicken Strips-Frozen,No Variant,Zing,750 gm,1,CKSAA,CHICKEN SAMOSAS BULK,1.2 Kgs x 4 Pkts,SAMOSA,53.67,46.0,85.5,conflict,1.52,,manual_required
18194,39216096,Al Kabeer Frozen Chicken Breast 1000gm,Al Kabeer,Chicken Breast-Frozen,No Variant,Frozen Chicken Parts,1000 gm,1,CKBCS,BEEF COCKTAIL SAUSAGES,400 Gms x 20 Pkts,SAUSAGES,53.45,45.36,85.5,conflict,0.15,,manual_required
18196,39222699,Al Kabeer Chicken Nuggets 750 gm + 250 gm,Al Kabeer,Chicken Nuggets-Frozen,No Variant,Marinated & Breaded,750 gm,1,CFBF,BREADED FISH FILLET,330 Gms x 20 Pkts,FILLETS,53.64,45.9,85.5,conflict,0.1,,manual_required
18205,39252043,Al Kabeer Punjabi Sambosa 900 gm,Al Kabeer,Samosa-Frozen,Punjabi,"Frozen Pizzas, Wraps, Sandwiches",900 gm,1,CCSAK,12 CHEESE SAMOSAS,240 Gms x 20 Pkts,SAMOSA,54.6,48.65,85.5,conflict,1.69,,manual_required
18209,39252057,Al Kabeer Professional french fries 2.5kg,Al Kabeer,French Fries-Frozen,No Variant,Frozen Fries & Onion Rings,2.5 kg,1,CBBOT,TAYEBAT BEEF BURGERS ONION BULK,1 Kgs x 9 Pkts,BURGERS,52.93,43.86,85.5,conflict,0.43,,manual_required
18211,39252071,Al Kabeer krazee Chicken Nuggets 750 gm,Al Kabeer,Chicken Nuggets-Frozen,No Variant,Marinated & Breaded,750 gm,1,CFB,BEEF FRANKS,454 Gms x 20 Pkts,SAUSAGES,52.18,41.74,85.5,conflict,0.05,,manual_required
18213,39252082,Al Kabeer Breaded Chicken Fillets Spicy/non spicy 750 gm,Al Kabeer,Chicken Fillets-Frozen,No Variant,Marinated & Breaded,750 gm,1,CCFA,CHICKEN FRIES BULK,1 kg x 5 Pkts,POP-CORN & CHICKEN FRIES,54.77,49.12,85.5,conflict,0.0,,manual_required
18214,39252089,Al Kabeer French Fries 2500 gm,Al Kabeer,French Fries-Frozen,No Variant,Frozen Fries & Onion Rings,2.5 kg,1,CCSK,KIRI CHEESE SAMOSA,20 X 240 GMS,SAMOSA,52.53,42.72,85.5,conflict,0.52,,manual_required
18220,39315640,AL KABEER ZING CHICKEN STRIPS SMOKED BUFFALO / SPICY SPIRACHA 700 gm,Al Kabeer,Chicken Strips-Frozen,No Variant,Zing,700 gm,1,CCCB,CHICKEN BIRYANI 400,400 Gms x 12 Pkts,READY2EAT,54.21,47.54,85.5,conflict,0.35,,manual_required
18221,39315640,AL KABEER ZING CHICKEN STRIPS SMOKED BUFFALO / SPICY SPIRACHA 700 gm,Al Kabeer,Chicken Strips-Frozen,Spicy,Zing,700 gm,1,CCCB,CHICKEN BIRYANI 400,400 Gms x 12 Pkts,READY2EAT,54.6,48.65,85.5,conflict,1.34,,manual_required
18227,39325890,"Al Kabeer BREADED CHICKEN FILLET, 750 gm",Al Kabeer,Chicken Fillets-Frozen,Spicy,Marinated & Breaded,750 gm,1,CKJCNA,JUMBO CHICKEN NUGGETS,1 Kgs x 5 Pkts,NUGGETS,52.82,43.56,85.5,conflict,0.25,,manual_required
18229,39325911,"Al Kabeer ZING SPICY OR NON SPICY CHICKEN STRIPS, 750 gm",Al Kabeer,Chicken Strips-Frozen,No Variant,Marinated & Breaded,750 gm,1,CCKSB,CHICKEN STICKS BULK,1 Kgs x 5 Pkts,STICKS & FINGERS,54.93,49.59,85.5,conflict,0.13,,manual_required
18232,39325985,Al Kabeer Chicken Nuggets or Tempura or Krazee Nuggets 750 gm,Al Kabeer,Chicken Nuggets-Frozen,No Variant,Marinated & Breaded,750 gm,1,CCF,CHICKEN FRIES,12 PKTS X 400 GRM,POP-CORN & CHICKEN FRIES,54.11,47.24,85.5,conflict,0.47,,manual_required
18234,39326070,Al Kabeer ZING SPICY FISH FILLET OR SHRIMPS 750GM,Al Kabeer,Zing Shrimps,Spicy,Breaded Seafood,750 gm,1,CFB,BEEF FRANKS,454 Gms x 20 Pkts,SAUSAGES,52.24,41.9,85.5,conflict,0.67,,manual_required
18238,39332035,Alkabeer TENDER CHICKEN BREAST 1000Gm,Al Kabeer,Chicken Breast-Frozen,No Variant,Frozen Chicken Parts,1000 gm,1,CFBF,BREADED FISH FILLET,330 Gms x 20 Pkts,FILLETS,52.58,42.86,85.5,conflict,0.19,,manual_required
18240,39332340,Al Kabeer Tempura Chicken Nuggets Non-Spicy 750Gm,Al Kabeer,Chicken Nuggets-Frozen,No Variant,Marinated & Breaded,750 gm,1,CCKSB,CHICKEN STICKS BULK,1 Kgs x 5 Pkts,STICKS & FINGERS,53.25,44.8,85.5,conflict,0.18,,manual_required
18244,39332447,Al Kabeer Paneer Cubes 200 gm,Al Kabeer,Paneer,No Variant,Paneer,200 gm,1,CKCCR,CHICKEN ‘N’ CHEESE RINGS 300,300 gms x 12 pkts,POP-CORN & CHICKEN FRIES,52.79,43.48,85.5,conflict,0.32,,manual_required
18248,39332526,Alkabeer Chicken Nuggets 750Gm,Al Kabeer,Chicken Nuggets-Frozen,Spicy,Marinated & Breaded,750 gm,1,CFB,BEEF FRANKS,454 Gms x 20 Pkts,SAUSAGES,52.76,43.4,85.5,conflict,0.09,,manual_required
18251,39333055,Alkabeer French Fries 2.5Kg,Al Kabeer,French Fries-Frozen,No Variant,Frozen Fries & Onion Rings,2.5 kg,1,CFBFA,BREADED FISH FILLET BULK,1 Kgs x 5 Pkts,FILLETS,52.24,41.9,85.5,conflict,0.08,,manual_required
18257,39333206,Al Kabeer Nuggets / Tempura Non-Spicy / Breaded Chicken Fillet H/S 750Gm,Al Kabeer,Chicken Nuggets-Frozen,No Variant,Marinated & Breaded,750 gm,1,CCCTM,CHICKEN TIKKA MAKHANI & PILAU RICE,450 Gms x 12 Pkts,READY2EAT,53.89,46.63,85.5,conflict,0.36,,manual_required
18258,39333206,Al Kabeer Nuggets / Tempura Non-Spicy / Breaded Chicken Fillet H/S 750Gm,Al Kabeer,Chicken Fillets-Frozen,No Variant,Marinated & Breaded,750 gm,1,CCCTM,CHICKEN TIKKA MAKHANI & PILAU RICE,450 Gms x 12 Pkts,READY2EAT,53.13,44.44,85.5,conflict,0.49,,manual_required
18266,39339703,Al Kabeer Zing Chicken Strips Or Spicy (750 gm),Al Kabeer,Chicken Strips-Frozen,No Variant,Zing,750 gm,1,CKSAA,CHICKEN SAMOSAS BULK,1.2 Kgs x 4 Pkts,SAMOSA,53.84,46.46,85.5,conflict,1.53,,manual_required
18281,39348983,Al Kabeer Paneer Cubes 200 gm,Al Kabeer,Paneer,No Variant,Paneer,200 gm,1,CKCCR,CHICKEN ‘N’ CHEESE RINGS 300,300 gms x 12 pkts,POP-CORN & CHICKEN FRIES,52.79,43.48,85.5,conflict,0.32,,manual_required
18283,39350283,Al Kabeer Paneer Cubes 200 gm,Al Kabeer,Paneer,No Variant,Paneer,200 gm,1,CKCCR,CHICKEN ‘N’ CHEESE RINGS 300,300 gms x 12 pkts,POP-CORN & CHICKEN FRIES,52.79,43.48,85.5,conflict,0.32,,manual_required
18290,39359033,Al Kabeer Tempura Chicken Nuggets 750 gm,Al Kabeer,Chicken Nuggets-Frozen,No Variant,Marinated & Breaded,750 gm,1,CFBF,BREADED FISH FILLET,330 Gms x 20 Pkts,FILLETS,52.58,42.86,85.5,conflict,0.52,,manual_required
18298,39457066,Al Kabeer Frozen Chicken Breast 1000Gm,Al Kabeer,Chicken Breast-Frozen,No Variant,Frozen Chicken Parts,1000 gm,1,CKBCS,BEEF COCKTAIL SAUSAGES,400 Gms x 20 Pkts,SAUSAGES,53.45,45.36,85.5,conflict,0.15,,manual_required
18302,39472338,Al Kabeer Chicken Fillet 750 gm,Al Kabeer,Chicken Fillets-Frozen,No Variant,Marinated & Breaded,750 gm,1,CKCKB,CHICKEN BURGERS 56 g,840 g. x 9,BURGERS,51.89,40.91,85.5,conflict,0.45,,manual_required
18303,39472338,Al Kabeer Chicken Fillet 750 gm,Al Kabeer,Chicken Fillets-Frozen,Spicy,Marinated & Breaded,750 gm,1,CKSK,SHISH KEBAB,600 Gms x 12 Pkts,KEBAB,53.06,44.23,85.5,conflict,1.22,,manual_required
18304,39495709,Al Kabeer Waffle Fries 750 gm,Al Kabeer,French Fries-Frozen,No Variant,Frozen Fries & Onion Rings,750 gm,1,CCSK,KIRI CHEESE SAMOSA,20 X 240 GMS,SAMOSA,51.99,41.18,85.5,conflict,0.54,,manual_required
18305,39495711,Al Kabeer Tandoori Chicken Nuggets 270 gm,Al Kabeer,Chicken Nuggets-Frozen,No Variant,Marinated & Breaded,270 gm,1,CCCB,CHICKEN BIRYANI 400,400 Gms x 12 Pkts,READY2EAT,54.05,47.06,85.5,conflict,0.49,,manual_required
18307,39495713,Al Kabeer Seasoned Wedges 750 gm,Al Kabeer,Potato Wedges-Frozen,No Variant,Frozen Fries & Onion Rings,750 gm,1,CFBF,BREADED FISH FILLET,330 Gms x 20 Pkts,FILLETS,52.7,43.2,85.5,conflict,0.51,,manual_required
18308,39495714,Al Kabeer Zing Chicken Strips Spicy Sriracha Flavour 700 gm,Al Kabeer,Chicken Strips-Frozen,Spicy,Zing,700 gm,1,CKBT,TAYEBAT CHICKEN BURGER,1 Kgs x 9 Pkts,BURGERS,54.91,49.52,85.5,conflict,2.29,,manual_required
18309,39495714,Al Kabeer Zing Chicken Strips Spicy Sriracha Flavour 700 gm,Al Kabeer,Chicken Strips-Frozen,No Variant,Zing,700 gm,1,CCCB,CHICKEN BIRYANI 400,400 Gms x 12 Pkts,READY2EAT,54.01,46.96,85.5,conflict,1.85,,manual_required
18329,39508469,Al Kabeer Zing Chicken Strips Plain/Spicy 750 gm,Al Kabeer,Chicken Strips-Frozen,No Variant,Zing,750 gm,1,CKCKB,CHICKEN BURGERS 56 g,840 g. x 9,BURGERS,52.35,42.22,85.5,conflict,0.48,,manual_required
18334,39508536,Al Kabeer Zing Chicken Strips Smoked Buffalo 700 gm,Al Kabeer,Chicken Strips-Frozen,No Variant,Zing,700 gm,1,CKJCNA,JUMBO CHICKEN NUGGETS,1 Kgs x 5 Pkts,NUGGETS,54.35,47.92,85.5,conflict,0.96,,manual_required
18337,39508539,Al Kabeer Seasoned Wedges 750 gm,Al Kabeer,Potato Wedges-Frozen,No Variant,Frozen Fries & Onion Rings,750 gm,1,CFBF,BREADED FISH FILLET,330 Gms x 20 Pkts,FILLETS,52.7,43.2,85.5,conflict,0.51,,manual_required
18338,39508541,Al Kabeer Tandoori Chicken Nuggets 270 gm,Al Kabeer,Chicken Nuggets-Frozen,No Variant,Marinated & Breaded,270 gm,1,CCCB,CHICKEN BIRYANI 400,400 Gms x 12 Pkts,READY2EAT,54.05,47.06,85.5,conflict,0.49,,manual_required
18340,39508543,Al Kabeer Waffle Fries 750 gm,Al Kabeer,French Fries-Frozen,No Variant,Frozen Fries & Onion Rings,750 gm,1,CCSK,KIRI CHEESE SAMOSA,20 X 240 GMS,SAMOSA,51.99,41.18,85.5,conflict,0.54,,manual_required
18350,39557376,Al Kabeer Chicken Fillet 750 gm,Al Kabeer,Chicken Fillets-Frozen,No Variant,Marinated & Breaded,750 gm,1,CKCKB,CHICKEN BURGERS 56 g,840 g. x 9,BURGERS,51.89,40.91,85.5,conflict,0.45,,manual_required
18351,39557376,Al Kabeer Chicken Fillet 750 gm,Al Kabeer,Chicken Fillets-Frozen,Spicy,Marinated & Breaded,750 gm,1,CKSK,SHISH KEBAB,600 Gms x 12 Pkts,KEBAB,53.06,44.23,85.5,conflict,1.22,,manual_required
18359,17232088,Al Kabeer chicken nuggets 750g +750g,Al Kabeer,Chicken Nuggets-Frozen,No Variant,Marinated & Breaded,750 gm,1,CFBF,BREADED FISH FILLET,330 Gms x 20 Pkts,FILLETS,53.0,44.07,85.5,conflict,0.15,,manual_required
18367,18628624,Al Kabeer breaded chicken fillet 750g +750g or chicken nuggets 750g+750g ,Al Kabeer,Chicken Nuggets-Frozen,No Variant,Marinated & Breaded,750 gm,1,CCFA,CHICKEN FRIES BULK,1 kg x 5 Pkts,POP-CORN & CHICKEN FRIES,54.77,49.12,85.5,conflict,0.13,,manual_required
18368,18628624,Al Kabeer breaded chicken fillet 750g +750g or chicken nuggets 750g+750g ,Al Kabeer,Chicken Fillets-Frozen,No Variant,Marinated & Breaded,750 gm,1,CCCTM,CHICKEN TIKKA MAKHANI & PILAU RICE,450 Gms x 12 Pkts,READY2EAT,54.49,48.32,85.5,conflict,0.38,,manual_required
18372,21773278,Al Kabeer Chicken Pop-Corn 750 GM ,Al Kabeer,Chicken Popcorn-Frozen,No Variant,Marinated & Breaded,750 gm,1,CKCKB,CHICKEN BURGERS 56 g,840 g. x 9,BURGERS,51.89,40.91,85.5,conflict,0.06,,manual_required
18375,23082083,AL KABEER ZING CHICKEN STRIPS SPICY / NON-SPICY 750GR,Al Kabeer,Chicken Strips-Frozen,No Variant,Zing,750 gm,1,CKBW,BBQ CHICKEN WINGS 400,400 Gms x 12 Pkts,WINGS,54.52,48.42,85.5,conflict,2.63,,manual_required
18376,23082083,AL KABEER ZING CHICKEN STRIPS SPICY / NON-SPICY 750GR,Al Kabeer,Chicken Strips-Frozen,Spicy,Zing,750 gm,1,CKJCNA,JUMBO CHICKEN NUGGETS,1 Kgs x 5 Pkts,NUGGETS,53.6,45.78,85.5,conflict,0.27,,manual_required
18380,26644606,Al Kabeer Strawberries (900 gm) 1+1 Free,Al Kabeer,Strawberry-Frozen,No Variant,Frozen Fruits,900 gm,1,CFB,BEEF FRANKS,454 Gms x 20 Pkts,SAUSAGES,51.83,40.74,85.5,conflict,0.52,,manual_required
18381,27319731,Al Kabeer Frozen Chicken Breast 1 kg,Al Kabeer,Chicken Breast-Frozen,No Variant,Frozen Chicken Parts,1000 gm,1,CBBO,4 BEEF BURGERS,200 Gms x 30 Pkt,BURGERS,52.96,43.96,85.5,conflict,0.07,,manual_required
18385,30117608,Al Kabeer French Fries 1+1x1000 gm,Al Kabeer,French Fries-Frozen,No Variant,Frozen Fries & Onion Rings,1 kg,1,CCSAKPR,A.K PRO CHEESE SAMOSA,4 X 1.2 KGS,SAMOSA,53.21,44.66,85.5,conflict,0.38,,manual_required
18399,34616090,Al Kabeer Chicken Nuggets 750 gm 1+1free,Al Kabeer,Chicken Nuggets-Frozen,No Variant,Marinated & Breaded,750 gm,1,CCCB,CHICKEN BIRYANI 400,400 Gms x 12 Pkts,READY2EAT,54.93,49.57,85.5,conflict,1.66,,manual_required
18400,15712189,Al Kabeer Paratha Whole Wheat 5Pcs 400gm x 2Pcs,Al Kabeer,Paratha-Frozen,No Variant,Frozen Pranthas,400 gm,1,CFB,BEEF FRANKS,454 Gms x 20 Pkts,SAUSAGES,53.83,46.43,85.5,conflict,1.06,,manual_required
18404,15716896,Al Kabeer Chicken Seekh Kabab 2x320gm ,Al Kabeer,Seekh Kabab-Frozen,No Variant,Frozen Kabab ,320 gm,1,CCSK,KIRI CHEESE SAMOSA,20 X 240 GMS,SAMOSA,54.13,47.31,85.5,conflict,0.41,,manual_required
18406,15745818,Al Kabeer Paratha Whole Wheat 5Pcs 400gm x 2Pcs,Al Kabeer,Paratha-Frozen,No Variant,Frozen Pranthas,400 gm,1,CFB,BEEF FRANKS,454 Gms x 20 Pkts,SAUSAGES,53.83,46.43,85.5,conflict,1.06,,manual_required
18407,15745821,Al Kabeer Chicken Nuggets 400 gm x 2's,Al Kabeer,Chicken Nuggets-Frozen,No Variant,Marinated & Breaded,400 gm,1,CFB,BEEF FRANKS,454 Gms x 20 Pkts,SAUSAGES,53.54,45.61,85.5,conflict,0.41,,manual_required
18409,15808528,A/K Paratha Whole Wheat 5pc 400g x2,Al Kabeer,Paratha-Frozen,No Variant,Frozen Pranthas,400 gm,1,CFB,BEEF FRANKS,454 Gms x 20 Pkts,SAUSAGES,54.45,48.21,85.5,conflict,1.03,,manual_required
18414,15865162,Al Kabeer Chicken Seekh Kebab 320gm x 2,Al Kabeer,Seekh Kabab-Frozen,No Variant,Frozen Kabab ,320 gm,1,CCSK,KIRI CHEESE SAMOSA,20 X 240 GMS,SAMOSA,54.54,48.48,85.5,conflict,0.77,,manual_required
18419,15963129,Al Kabeer Chicken Nuggets 270 GM X2 PCS ,Al Kabeer,Chicken Nuggets-Frozen,No Variant,Marinated & Breaded,270 gm,1,CFB,BEEF FRANKS,454 Gms x 20 Pkts,SAUSAGES,54.62,48.7,85.5,conflict,0.35,,manual_required
18428,16066398,Al Kabeer Garden Peas 400gm x 2Ps,Al Kabeer,Green/Garden Peas-Frozen,No Variant,Frozen Vegetables,400 gm,1,CFB,BEEF FRANKS,454 Gms x 20 Pkts,SAUSAGES,54.27,47.71,85.5,conflict,1.07,,manual_required
18429,16067488,Al Kabeer Chicken Nuggets 2x270g,Al Kabeer,Chicken Nuggets-Frozen,No Variant,Marinated & Breaded,270 gm,1,CBBO,4 BEEF BURGERS,200 Gms x 30 Pkt,BURGERS,53.42,45.28,85.5,conflict,0.15,,manual_required
18430,16070217,Al Kabeer Krazee Nuggets 2x400gm,Al Kabeer,Chicken Nuggets-Frozen,No Variant,Marinated & Breaded,400 gm,1,CFB,BEEF FRANKS,454 Gms x 20 Pkts,SAUSAGES,53.07,44.26,85.5,conflict,0.41,,manual_required
18434,16096956,Al Kabeer Chicken Nuggets 2x270g,Al Kabeer,Chicken Nuggets-Frozen,No Variant,Marinated & Breaded,270 gm,1,CBBO,4 BEEF BURGERS,200 Gms x 30 Pkt,BURGERS,53.42,45.28,85.5,conflict,0.15,,manual_required
18435,16097722,Al Kabeer Chicken Nuggets 750gm x 2,Al Kabeer,Chicken Nuggets-Frozen,No Variant,Marinated & Breaded,750 gm,1,CFB,BEEF FRANKS,454 Gms x 20 Pkts,SAUSAGES,53.4,45.22,85.5,conflict,0.41,,manual_required
18444,16123275,Al Kabeer Chicken Seekh Kabab 2X320Gm,Al Kabeer,Seekh Kabab-Frozen,No Variant,Frozen Kabab ,320 gm,1,CCSK,KIRI CHEESE SAMOSA,20 X 240 GMS,SAMOSA,54.13,47.31,85.5,conflict,0.41,,manual_required
18459,16209746,AL KABEER CHICKEN NUGGETS 270 GM X 2 PCS,Al Kabeer,Chicken Nuggets-Frozen,No Variant,Marinated & Breaded,270 gm,1,CFB,BEEF FRANKS,454 Gms x 20 Pkts,SAUSAGES,54.62,48.7,85.5,conflict,0.35,,manual_required
18462,16216933,Al Kabeer Zing Chicken Fillet Non Spicy 750gm x 2,Al Kabeer,Chicken Fillets-Frozen,No Variant,Zing,750 gm,1,CFB,BEEF FRANKS,454 Gms x 20 Pkts,SAUSAGES,52.79,43.48,85.5,conflict,1.09,,manual_required
18467,16252003,Al Kabeer Garden Peas 400gm x 2 pc,Al Kabeer,Green/Garden Peas-Frozen,No Variant,Frozen Vegetables,400 gm,1,CFB,BEEF FRANKS,454 Gms x 20 Pkts,SAUSAGES,54.91,49.54,85.5,conflict,0.35,,manual_required
18468,16260825,Al Kabeer Chicken Nuggets 2x270 gm,Al Kabeer,Chicken Nuggets-Frozen,No Variant,Marinated & Breaded,270 gm,1,CBBO,4 BEEF BURGERS,200 Gms x 30 Pkt,BURGERS,53.42,45.28,85.5,conflict,0.15,,manual_required
18475,16356327,Al kabeer Chicken Nuggets 400gm x 2's,Al Kabeer,Chicken Nuggets-Frozen,No Variant,Marinated & Breaded,400 gm,1,CFB,BEEF FRANKS,454 Gms x 20 Pkts,SAUSAGES,53.13,44.44,85.5,conflict,0.06,,manual_required
18477,16357143,Al Kabeer Garden Peas 400gm x 2's,Al Kabeer,Green/Garden Peas-Frozen,No Variant,Frozen Vegetables,400 gm,1,CFB,BEEF FRANKS,454 Gms x 20 Pkts,SAUSAGES,54.43,48.15,85.5,conflict,1.37,,manual_required
18479,16367334,Al Kabeer Chicken Nuggets 2x270gm,Al Kabeer,Chicken Nuggets-Frozen,No Variant,Marinated & Breaded,270 gm,1,CCSAK,12 CHEESE SAMOSAS,240 Gms x 20 Pkts,SAMOSA,53.33,45.0,85.5,conflict,0.34,,manual_required
18498,16501448,Al Kabeer Chicken Nuggets 2x270gm,Al Kabeer,Chicken Nuggets-Frozen,No Variant,Marinated & Breaded,270 gm,1,CCSAK,12 CHEESE SAMOSAS,240 Gms x 20 Pkts,SAMOSA,53.33,45.0,85.5,conflict,0.34,,manual_required
18501,16533534,AL KABEER CUT VEGETABLE FALAFEL 360GM,Al Kabeer,Falafel-Frozen,Non-Stuffed,"Frozen Pizzas, Wraps, Sandwiches",360 gm,1,CKB,ARABIC KOFTA,300 Gms x 20 Pkts,KOFTA-KIBBEH-FELAFEL,51.91,40.94,85.5,conflict,1.5,,manual_required
18513,16657799,Al Kabeer Chicken Seekh Kebabs 320 gm X 2,Al Kabeer,Seekh Kabab-Frozen,No Variant,Frozen Kabab ,320 gm,1,CCSK,KIRI CHEESE SAMOSA,20 X 240 GMS,SAMOSA,54.17,47.42,85.5,conflict,0.75,,manual_required
18516,16678840,Al Kabeer Chicken Seekh Kabab 2x320gm,Al Kabeer,Seekh Kabab-Frozen,No Variant,Frozen Kabab ,320 gm,1,CCSK,KIRI CHEESE SAMOSA,20 X 240 GMS,SAMOSA,54.13,47.31,85.5,conflict,0.41,,manual_required
18521,16719028,AL KABEER CUT VEGETABLE FALAFEL 360GM,Al Kabeer,Falafel-Frozen,Non-Stuffed,"Frozen Pizzas, Wraps, Sandwiches",360 gm,1,CKB,ARABIC KOFTA,300 Gms x 20 Pkts,KOFTA-KIBBEH-FELAFEL,51.91,40.94,85.5,conflict,1.5,,manual_required
18536,16800593,Al Kabeer Assorted Chicken Seekh Kebabs 320g X 2 ,Al Kabeer,Seekh Kabab-Frozen,No Variant,Frozen Kabab ,320 gm,1,CCSAK,12 CHEESE SAMOSAS,240 Gms x 20 Pkts,SAMOSA,52.79,43.48,85.5,conflict,0.03,,manual_required
18539,16802436,AlKabeer Tandori Nuggets 2X270Gm,Al Kabeer,Chicken Nuggets-Frozen,No Variant,Marinated & Breaded,270 gm,1,CFB,BEEF FRANKS,454 Gms x 20 Pkts,SAUSAGES,52.94,43.9,85.5,conflict,0.05,,manual_required
18546,16815161,Al Kabeer Assorted Chicken Seekh Kebab 320g X 2 ,Al Kabeer,Seekh Kabab-Frozen,No Variant,Frozen Kabab ,320 gm,1,CCSAK,12 CHEESE SAMOSAS,240 Gms x 20 Pkts,SAMOSA,52.93,43.86,85.5,conflict,0.02,,manual_required
18557,16887821,AL KABEER CUT VEGETABLE FALAFEL 360GM ,Al Kabeer,Falafel-Frozen,Non-Stuffed,"Frozen Pizzas, Wraps, Sandwiches",360 gm,1,CKB,ARABIC KOFTA,300 Gms x 20 Pkts,KOFTA-KIBBEH-FELAFEL,51.91,40.94,85.5,conflict,1.5,,manual_required
18572,16940982,Al Kabeer Chicken Seekh Kabab 2x320gm,Al Kabeer,Seekh Kabab-Frozen,No Variant,Frozen Kabab ,320 gm,1,CCSK,KIRI CHEESE SAMOSA,20 X 240 GMS,SAMOSA,54.13,47.31,85.5,conflict,0.41,,manual_required
18582,16962930,Al Kabeer Zing Chicken Fillets - Non Spicy (750G X 2),Al Kabeer,Chicken Fillets-Frozen,No Variant,Zing,750 gm,1,CFB,BEEF FRANKS,454 Gms x 20 Pkts,SAUSAGES,52.91,43.81,85.5,conflict,0.06,,manual_required
18585,17000376,Al Kabeer Zing Chicken Fillets Hon Spicy (750G X 2),Al Kabeer,Chicken Fillets-Frozen,No Variant,Zing,750 gm,1,CFB,BEEF FRANKS,454 Gms x 20 Pkts,SAUSAGES,52.91,43.81,85.5,conflict,0.06,,manual_required
18602,17066895,Al Kabeer Chicken Nuggets 2's x 400 gm,Al Kabeer,Chicken Nuggets-Frozen,No Variant,Marinated & Breaded,400 gm,1,CFB,BEEF FRANKS,454 Gms x 20 Pkts,SAUSAGES,53.54,45.61,85.5,conflict,0.41,,manual_required
18628,17291140,Al Kabeer Chicken Nuggets 2X750Gm,Al Kabeer,Chicken Nuggets-Frozen,No Variant,Marinated & Breaded,750 gm,1,CFB,BEEF FRANKS,454 Gms x 20 Pkts,SAUSAGES,53.4,45.22,85.5,conflict,0.41,,manual_required
18641,17386069,AL KABEER CUT VEGETABLE FALAFEL 360GM,Al Kabeer,Falafel-Frozen,Non-Stuffed,"Frozen Pizzas, Wraps, Sandwiches",360 gm,1,CKB,ARABIC KOFTA,300 Gms x 20 Pkts,KOFTA-KIBBEH-FELAFEL,51.91,40.94,85.5,conflict,1.5,,manual_required
18643,17407076,Al Kabeer Chicken Nugget 2x270gm,Al Kabeer,Chicken Nuggets-Frozen,No Variant,Marinated & Breaded,270 gm,1,CFB,BEEF FRANKS,454 Gms x 20 Pkts,SAUSAGES,53.07,44.26,85.5,conflict,0.41,,manual_required
18646,17448192,Al Kabeer Zing Chicken Fillets Non-Spicy 750 gm x 2,Al Kabeer,Chicken Fillets-Frozen,No Variant,Zing,750 gm,1,CFB,BEEF FRANKS,454 Gms x 20 Pkts,SAUSAGES,52.91,43.81,85.5,conflict,0.06,,manual_required
18657,17461345,Al Kabeer Zing Chicken Fillets Non-Spicy 750 gm x 2,Al Kabeer,Chicken Fillets-Frozen,No Variant,Zing,750 gm,1,CFB,BEEF FRANKS,454 Gms x 20 Pkts,SAUSAGES,52.91,43.81,85.5,conflict,0.06,,manual_required
18683,17686255,AL KABEER CHICKEN SEEKH KEBAB 2X320GM,Al Kabeer,Seekh Kabab-Frozen,No Variant,Frozen Kabab ,320 gm,1,CCSK,KIRI CHEESE SAMOSA,20 X 240 GMS,SAMOSA,54.54,48.48,85.5,conflict,0.77,,manual_required
18693,17842195,AL KABEER CUT VEGETABLE FALAFEL 360GM,Al Kabeer,Falafel-Frozen,Non-Stuffed,"Frozen Pizzas, Wraps, Sandwiches",360 gm,1,CKB,ARABIC KOFTA,300 Gms x 20 Pkts,KOFTA-KIBBEH-FELAFEL,51.91,40.94,85.5,conflict,1.5,,manual_required
18701,17878556,AL KABEER CHICKEN SEEKH KEBAB 2X320GM,Al Kabeer,Seekh Kabab-Frozen,No Variant,Frozen Kabab ,320 gm,1,CCSK,KIRI CHEESE SAMOSA,20 X 240 GMS,SAMOSA,54.54,48.48,85.5,conflict,0.77,,manual_required
18743,18354572,Al Kabeer Seekh Kabab Chicken 2x320Gm,Al Kabeer,Seekh Kabab-Frozen,No Variant,Frozen Kabab ,320 gm,1,CCSK,KIRI CHEESE SAMOSA,20 X 240 GMS,SAMOSA,54.13,47.31,85.5,conflict,0.41,,manual_required
18752,18445655,Al Kabeer Chicken Nuggets 2x750gm,Al Kabeer,Chicken Nuggets-Frozen,No Variant,Marinated & Breaded,750 gm,1,CFB,BEEF FRANKS,454 Gms x 20 Pkts,SAUSAGES,53.4,45.22,85.5,conflict,0.41,,manual_required
18761,18519942,Al Kabeer Chicken Breaded Fillets 2x330gm,Al Kabeer,Chicken Fillets-Frozen,Spicy,Marinated & Breaded,330 gm,1,CBBO,4 BEEF BURGERS,200 Gms x 30 Pkt,BURGERS,53.73,46.15,85.5,conflict,0.24,,manual_required
18762,18533344,Al Kabeer Chicken Seekh Kebabs 2x320gm,Al Kabeer,Seekh Kabab-Frozen,No Variant,Frozen Kabab ,320 gm,1,CCSK,KIRI CHEESE SAMOSA,20 X 240 GMS,SAMOSA,54.38,48.0,85.5,conflict,0.74,,manual_required
18771,18606391,Al Kabeer Chicken Mince 400gm x 2Pcs,Al Kabeer,Minced Chicken-Frozen,No Variant,Other Frozen Meat,400 gm,1,CBBO,4 BEEF BURGERS,200 Gms x 30 Pkt,BURGERS,54.58,48.6,85.5,conflict,0.28,,manual_required
18773,18653693,Al Kabeer Chicken Nuggets 2X270Gm,Al Kabeer,Chicken Nuggets-Frozen,No Variant,Marinated & Breaded,270 gm,1,CCSAK,12 CHEESE SAMOSAS,240 Gms x 20 Pkts,SAMOSA,53.33,45.0,85.5,conflict,0.34,,manual_required
18779,18725521,Al Kabeer Zing Chicken Fillets Non Spicy (750g X 2),Al Kabeer,Chicken Fillets-Frozen,No Variant,Zing,750 gm,1,CFB,BEEF FRANKS,454 Gms x 20 Pkts,SAUSAGES,52.91,43.81,85.5,conflict,0.06,,manual_required
18787,18839816,Al Kabeer Zing Chicken Fillets No Spicy 2x750gm,Al Kabeer,Chicken Fillets-Frozen,No Variant,Zing,750 gm,1,CFB,BEEF FRANKS,454 Gms x 20 Pkts,SAUSAGES,53.73,46.15,85.5,conflict,0.74,,manual_required
18788,18839817,Al Kabeer Chicken Nuggets 2x750gm,Al Kabeer,Chicken Nuggets-Frozen,No Variant,Marinated & Breaded,750 gm,1,CFB,BEEF FRANKS,454 Gms x 20 Pkts,SAUSAGES,53.4,45.22,85.5,conflict,0.41,,manual_required
18790,18839821,Al Kabeer Zing Chicken Strips No Spicy 2x750gm,Al Kabeer,Chicken Strips-Frozen,No Variant,Zing,750 gm,1,CFB,BEEF FRANKS,454 Gms x 20 Pkts,SAUSAGES,53.89,46.6,85.5,conflict,0.76,,manual_required
18791,18847117,Al Kabeer  Zing Chicken Fillets Non Spicy (750g X 2),Al Kabeer,Chicken Fillets-Frozen,No Variant,Zing,750 gm,1,CFB,BEEF FRANKS,454 Gms x 20 Pkts,SAUSAGES,52.91,43.81,85.5,conflict,0.06,,manual_required
18793,18864205,Al Kabeer Zing Chicken Fillets Non Spicy (750gm X 2),Al Kabeer,Chicken Fillets-Frozen,No Variant,Zing,750 gm,1,CFB,BEEF FRANKS,454 Gms x 20 Pkts,SAUSAGES,53.13,44.44,85.5,conflict,0.69,,manual_required
18807,19064333,AlKabeer Zing Chicken Fillets / Nuggets  2x750gm,Al Kabeer,Chicken Fillets-Frozen,No Variant,Zing,750 gm,1,CCSK,KIRI CHEESE SAMOSA,20 X 240 GMS,SAMOSA,53.36,45.1,85.5,conflict,0.6,,manual_required
18819,19258164,Al Kabeer Zing Chicken Fillets/Chicken Nuggets-Frozen 2×750gm,Al Kabeer,Chicken Nuggets-Frozen,No Variant,Zing,750 gm,1,CCCB,CHICKEN BIRYANI 400,400 Gms x 12 Pkts,READY2EAT,54.27,47.71,85.5,conflict,0.54,,manual_required
18820,19258164,Al Kabeer Zing Chicken Fillets/Chicken Nuggets-Frozen 2×750gm,Al Kabeer,Chicken Fillets-Frozen,No Variant,Zing,750 gm,1,CCCB,CHICKEN BIRYANI 400,400 Gms x 12 Pkts,READY2EAT,54.27,47.71,85.5,conflict,0.54,,manual_required
18839,19492647,Al Kabeer Zing Chicken Fillet /Strips Non Spicy 750 gm x 2,Al Kabeer,Chicken Strips-Frozen,No Variant,Zing,750 gm,1,CFB,BEEF FRANKS,454 Gms x 20 Pkts,SAUSAGES,52.71,43.24,85.5,conflict,0.09,,manual_required
18840,19492647,Al Kabeer Zing Chicken Fillet /Strips Non Spicy 750 gm x 2,Al Kabeer,Chicken Fillets-Frozen,No Variant,Zing,750 gm,1,CFB,BEEF FRANKS,454 Gms x 20 Pkts,SAUSAGES,52.28,42.02,85.5,conflict,0.1,,manual_required
18844,19518261,Al Kabeer Zing Chicken Fillets Non Spicy 2X750Gm,Al Kabeer,Chicken Fillets-Frozen,No Variant,Zing,750 gm,1,CFB,BEEF FRANKS,454 Gms x 20 Pkts,SAUSAGES,53.13,44.44,85.5,conflict,0.69,,manual_required
18855,19641926,Al Kabeer Zing Chicken Fillet/Strips 750gmx2,Al Kabeer,Chicken Strips-Frozen,No Variant,Zing,750 gm,1,CKCKB,CHICKEN BURGERS 56 g,840 g. x 9,BURGERS,53.73,46.15,85.5,conflict,1.21,,manual_required
18856,19641926,Al Kabeer Zing Chicken Fillet/Strips 750gmx2,Al Kabeer,Chicken Fillets-Frozen,No Variant,Zing,750 gm,1,CKCKB,CHICKEN BURGERS 56 g,840 g. x 9,BURGERS,53.13,44.44,85.5,conflict,1.16,,manual_required
18860,19658355,Alkabeer Zing Chicken Fillet / Strip 750gm X 2,Al Kabeer,Chicken Fillets-Frozen,No Variant,Zing,750 gm,1,CFB,BEEF FRANKS,454 Gms x 20 Pkts,SAUSAGES,52.71,43.24,85.5,conflict,0.09,,manual_required
18861,19658355,Alkabeer Zing Chicken Fillet / Strip 750gm X 2,Al Kabeer,Chicken Strips-Frozen,No Variant,Zing,750 gm,1,CFB,BEEF FRANKS,454 Gms x 20 Pkts,SAUSAGES,52.85,43.64,85.5,conflict,0.08,,manual_required
18866,19706847,Al Kabeer Green Peas/Mix Veg 2x400Gm,Al Kabeer,Green/Garden Peas-Frozen,No Variant,Frozen Vegetables,400 gm,1,CFB,BEEF FRANKS,454 Gms x 20 Pkts,SAUSAGES,52.93,43.86,85.5,conflict,0.44,,manual_required
18867,19706847,Al Kabeer Green Peas/Mix Veg 2x400Gm,Al Kabeer,Mix Vegetables-Frozen,No Variant,Frozen Vegetables,400 gm,1,CBBO,4 BEEF BURGERS,200 Gms x 30 Pkt,BURGERS,53.52,45.54,85.5,conflict,0.24,,manual_required
18875,19898883,Al Kabeer Chicken Nuggets 270g x 2 ,Al Kabeer,Chicken Nuggets-Frozen,No Variant,Marinated & Breaded,270 gm,1,CBBO,4 BEEF BURGERS,200 Gms x 30 Pkt,BURGERS,53.42,45.28,85.5,conflict,0.15,,manual_required
18877,19931460,Al Kabeer Chicken Seekh Kebab 2x320 gm,Al Kabeer,Seekh Kabab-Frozen,No Variant,Frozen Kabab ,320 gm,1,CCSK,KIRI CHEESE SAMOSA,20 X 240 GMS,SAMOSA,54.35,47.92,85.5,conflict,0.77,,manual_required
18883,19952130,Al Kabeer Chicken Seekh Kebab 320gm x 2,Al Kabeer,Seekh Kabab-Frozen,No Variant,Frozen Kabab ,320 gm,1,CCSK,KIRI CHEESE SAMOSA,20 X 240 GMS,SAMOSA,54.54,48.48,85.5,conflict,0.77,,manual_required
18897,20241123,Al Kabeer Zing Chicken Fillet/Strips 750gm x 2,Al Kabeer,Chicken Strips-Frozen,No Variant,Zing,750 gm,1,CFB,BEEF FRANKS,454 Gms x 20 Pkts,SAUSAGES,53.06,44.23,85.5,conflict,0.08,,manual_required
18898,20241123,Al Kabeer Zing Chicken Fillet/Strips 750gm x 2,Al Kabeer,Chicken Fillets-Frozen,No Variant,Zing,750 gm,1,CFB,BEEF FRANKS,454 Gms x 20 Pkts,SAUSAGES,52.58,42.86,85.5,conflict,0.09,,manual_required
18900,20241148,Al Kabeer Breaded Chicken Fillet 750 gm x 2,Al Kabeer,Chicken Fillets-Frozen,Spicy,Marinated & Breaded,750 gm,1,CBBOA,BEEF BURGERS BULK,2 Kgs x 5 Pkts,BURGERS,54.21,47.52,85.5,conflict,1.28,,manual_required
18901,20243140,Al Kabeer Breaded Chicken Fillet 750 gm x 2,Al Kabeer,Chicken Fillets-Frozen,Spicy,Marinated & Breaded,750 gm,1,CBBOA,BEEF BURGERS BULK,2 Kgs x 5 Pkts,BURGERS,54.21,47.52,85.5,conflict,1.28,,manual_required
18902,20243142,Alkabeer Zing Chicken Fillet/Strip Non Spicy 750gm x 2,Al Kabeer,Chicken Fillets-Frozen,No Variant,Zing,750 gm,1,CFB,BEEF FRANKS,454 Gms x 20 Pkts,SAUSAGES,52.62,42.98,85.5,conflict,0.68,,manual_required
18917,20501272,Al Kabeer Chicken Nuggets 270 gm X 2Pcs,Al Kabeer,Chicken Nuggets-Frozen,No Variant,Marinated & Breaded,270 gm,1,CBBO,4 BEEF BURGERS,200 Gms x 30 Pkt,BURGERS,53.48,45.45,85.5,conflict,0.1,,manual_required
18922,20628323,Al Kabeer Mixed Vegetable 400GM X2PCS,Al Kabeer,Mix Vegetables-Frozen,No Variant,Frozen Vegetables,400 gm,1,CFB,BEEF FRANKS,454 Gms x 20 Pkts,SAUSAGES,53.83,46.43,85.5,conflict,1.06,,manual_required
18935,20984193,Al Kabeer Krazee Nuggets 2x400gm,Al Kabeer,Chicken Nuggets-Frozen,No Variant,Marinated & Breaded,400 gm,1,CFB,BEEF FRANKS,454 Gms x 20 Pkts,SAUSAGES,53.07,44.26,85.5,conflict,0.41,,manual_required
18945,21242774,Al Kabeer Chicken Pop-Corn  2x400gm,Al Kabeer,Chicken Popcorn-Frozen,No Variant,Marinated & Breaded,400 gm,1,CBBAGPR,AK PRO BEEF BURGER 24,1.392 kg x 6 Pkts,BURGERS,52.95,43.94,85.5,conflict,0.55,,manual_required
18948,21352850,Al Kabeer Chicken Pop-Corn 2x400gm,Al Kabeer,Chicken Popcorn-Frozen,No Variant,Marinated & Breaded,400 gm,1,CBBAGPR,AK PRO BEEF BURGER 24,1.392 kg x 6 Pkts,BURGERS,52.95,43.94,85.5,conflict,0.55,,manual_required
18949,21388221,Al Kabeer Chicken Nuggets 2x400gm,Al Kabeer,Chicken Nuggets-Frozen,No Variant,Marinated & Breaded,400 gm,1,CFB,BEEF FRANKS,454 Gms x 20 Pkts,SAUSAGES,53.4,45.22,85.5,conflict,0.06,,manual_required
18964,21607577,AL KABEER Chicken Pop-Corn 2X400GM,Al Kabeer,Chicken Popcorn-Frozen,No Variant,Marinated & Breaded,400 gm,1,CBBAGPR,AK PRO BEEF BURGER 24,1.392 kg x 6 Pkts,BURGERS,52.95,43.94,85.5,conflict,0.55,,manual_required
18975,21876663,AL KABEER CHICKEN POPCORN 2X400GM,Al Kabeer,Chicken Popcorn-Frozen,No Variant,Marinated & Breaded,400 gm,1,CBBAGPR,AK PRO BEEF BURGER 24,1.392 kg x 6 Pkts,BURGERS,54.08,47.15,85.5,conflict,0.45,,manual_required
19029,22622819,Al Kabeer Krazee Nuggets 2x400gm,Al Kabeer,Chicken Nuggets-Frozen,No Variant,Marinated & Breaded,400 gm,1,CFB,BEEF FRANKS,454 Gms x 20 Pkts,SAUSAGES,53.07,44.26,85.5,conflict,0.41,,manual_required
19046,22880574,AL KABEER CHICKEN POPCORN 2X400GM,Al Kabeer,Chicken Popcorn-Frozen,No Variant,Marinated & Breaded,400 gm,1,CBBAGPR,AK PRO BEEF BURGER 24,1.392 kg x 6 Pkts,BURGERS,54.08,47.15,85.5,conflict,0.45,,manual_required
19051,23013056,Al Kabeer Chicken Popcorn 2x400g,Al Kabeer,Chicken Popcorn-Frozen,No Variant,Marinated & Breaded,400 gm,1,CBBO,4 BEEF BURGERS,200 Gms x 30 Pkt,BURGERS,54.08,47.17,85.5,conflict,0.15,,manual_required
19056,23118564,Al Kabeer 8 Chicken Seekh Kebabs 320gm X 2pcs,Al Kabeer,Seekh Kabab-Frozen,No Variant,Frozen Kabab ,320 gm,1,CBBO,4 BEEF BURGERS,200 Gms x 30 Pkt,BURGERS,54.4,48.08,85.5,conflict,0.16,,manual_required
19078,23437520,Al Kabeer Green Peas/Mix Veg 2x400Gm,Al Kabeer,Mix Vegetables-Frozen,No Variant,Frozen Vegetables,400 gm,1,CBBO,4 BEEF BURGERS,200 Gms x 30 Pkt,BURGERS,53.52,45.54,85.5,conflict,0.24,,manual_required
19079,23437520,Al Kabeer Green Peas/Mix Veg 2x400Gm,Al Kabeer,Green/Garden Peas-Frozen,No Variant,Frozen Vegetables,400 gm,1,CFB,BEEF FRANKS,454 Gms x 20 Pkts,SAUSAGES,52.93,43.86,85.5,conflict,0.44,,manual_required
19109,23767129,Al Kabeer Green Peas/Mix Veg 2X400 gm,Al Kabeer,Green/Garden Peas-Frozen,No Variant,Frozen Vegetables,400 gm,1,CFB,BEEF FRANKS,454 Gms x 20 Pkts,SAUSAGES,53.34,45.05,85.5,conflict,0.43,,manual_required
19110,23767129,Al Kabeer Green Peas/Mix Veg 2X400 gm,Al Kabeer,Mix Vegetables-Frozen,No Variant,Frozen Vegetables,400 gm,1,CFB,BEEF FRANKS,454 Gms x 20 Pkts,SAUSAGES,53.73,46.15,85.5,conflict,0.05,,manual_required
19113,23780260,Al Kabeer Green Peas/Mix Veg 2x400gm,Al Kabeer,Green/Garden Peas-Frozen,No Variant,Frozen Vegetables,400 gm,1,CFB,BEEF FRANKS,454 Gms x 20 Pkts,SAUSAGES,52.93,43.86,85.5,conflict,0.44,,manual_required
19114,23780260,Al Kabeer Green Peas/Mix Veg 2x400gm,Al Kabeer,Mix Vegetables-Frozen,No Variant,Frozen Vegetables,400 gm,1,CBBO,4 BEEF BURGERS,200 Gms x 30 Pkt,BURGERS,53.52,45.54,85.5,conflict,0.24,,manual_required
19127,23934062,Al Kabeer Chicken Seekh Kabab 2X320 gm,Al Kabeer,Seekh Kabab-Frozen,No Variant,Frozen Kabab ,320 gm,1,CCSK,KIRI CHEESE SAMOSA,20 X 240 GMS,SAMOSA,53.91,46.67,85.5,conflict,0.42,,manual_required
19130,23962967,Al Kabeer Green Peas/Mix Vegetable 2X400 gm,Al Kabeer,Mix Vegetables-Frozen,No Variant,Frozen Vegetables,400 gm,1,CFB,BEEF FRANKS,454 Gms x 20 Pkts,SAUSAGES,53.48,45.45,85.5,conflict,0.06,,manual_required
19137,24117237,Al Kabeer Mix Vegetable/green peas 2x400 gm,Al Kabeer,Mix Vegetables-Frozen,No Variant,Frozen Vegetables,400 gm,1,CFB,BEEF FRANKS,454 Gms x 20 Pkts,SAUSAGES,53.48,45.45,85.5,conflict,0.06,,manual_required
19139,24186772,Al Kabeer Chicken Seekh Kebab 2x320 gm,Al Kabeer,Seekh Kabab-Frozen,No Variant,Frozen Kabab ,320 gm,1,CCSK,KIRI CHEESE SAMOSA,20 X 240 GMS,SAMOSA,54.35,47.92,85.5,conflict,0.77,,manual_required
19148,24274408,Al Kabeer Mix Vegetable/green peas 2x400 gm,Al Kabeer,Mix Vegetables-Frozen,No Variant,Frozen Vegetables,400 gm,1,CFB,BEEF FRANKS,454 Gms x 20 Pkts,SAUSAGES,53.48,45.45,85.5,conflict,0.06,,manual_required
19155,24364711,Al Kabeer Chicken/Beef Sheesh Kebab 2x320 gm,Al Kabeer,Seekh Kabab-Frozen,No Variant,Frozen Kabab ,320 gm,1,CFB,BEEF FRANKS,454 Gms x 20 Pkts,SAUSAGES,54.45,48.21,85.5,conflict,0.37,,manual_required
19159,24437500,Al Kabeer Chicken Seekh Kebab 2x320 gm,Al Kabeer,Seekh Kabab-Frozen,No Variant,Frozen Kabab ,320 gm,1,CCSK,KIRI CHEESE SAMOSA,20 X 240 GMS,SAMOSA,54.35,47.92,85.5,conflict,0.77,,manual_required
19167,24523626,Al Kabeer Falafel 2X360 gm,Al Kabeer,Falafel-Frozen,Non-Stuffed,"Frozen Pizzas, Wraps, Sandwiches",360 gm,1,CFB,BEEF FRANKS,454 Gms x 20 Pkts,SAUSAGES,51.97,41.12,85.5,conflict,0.02,,manual_required
19169,24538699,Al Kabeer Mix Vegetable/Green Peas 2x400 gm,Al Kabeer,Mix Vegetables-Frozen,No Variant,Frozen Vegetables,400 gm,1,CFB,BEEF FRANKS,454 Gms x 20 Pkts,SAUSAGES,53.48,45.45,85.5,conflict,0.06,,manual_required
19176,24554560,Al Kabeer Green Peas/Mix Vegetable 2X400 gm,Al Kabeer,Mix Vegetables-Frozen,No Variant,Frozen Vegetables,400 gm,1,CFB,BEEF FRANKS,454 Gms x 20 Pkts,SAUSAGES,53.48,45.45,85.5,conflict,0.06,,manual_required
19178,24558079,Al Kabeer Green Peas/Mix Vegetable 2x400 gm,Al Kabeer,Mix Vegetables-Frozen,No Variant,Frozen Vegetables,400 gm,1,CFB,BEEF FRANKS,454 Gms x 20 Pkts,SAUSAGES,53.48,45.45,85.5,conflict,0.06,,manual_required
19185,24718884,Al Kabeer Chicken Seekh Kebab 2x320 gm,Al Kabeer,Seekh Kabab-Frozen,No Variant,Frozen Kabab ,320 gm,1,CCSK,KIRI CHEESE SAMOSA,20 X 240 GMS,SAMOSA,54.35,47.92,85.5,conflict,0.77,,manual_required
19190,24813597,Al Kabeer Green Peas/Mix Vegetable 2x400 gm,Al Kabeer,Mix Vegetables-Frozen,No Variant,Frozen Vegetables,400 gm,1,CFB,BEEF FRANKS,454 Gms x 20 Pkts,SAUSAGES,53.48,45.45,85.5,conflict,0.06,,manual_required
19191,24814117,Al Kabeer Krazee Chicken Nuggets 750 gm / Strips 320 gm x 2,Al Kabeer,Chicken Strips-Frozen,No Variant,Zing,320 gm,1,CCSK,KIRI CHEESE SAMOSA,20 X 240 GMS,SAMOSA,53.63,45.87,85.5,conflict,0.04,,manual_required
19196,24818939,Al Kabeer Green Peas/Mix Vegetable 2x400 gm,Al Kabeer,Mix Vegetables-Frozen,No Variant,Frozen Vegetables,400 gm,1,CFB,BEEF FRANKS,454 Gms x 20 Pkts,SAUSAGES,53.48,45.45,85.5,conflict,0.06,,manual_required
19210,24917425,Al Kabeer Green Peas/Mix Vegetable 2x400 gm,Al Kabeer,Mix Vegetables-Frozen,No Variant,Frozen Vegetables,400 gm,1,CFB,BEEF FRANKS,454 Gms x 20 Pkts,SAUSAGES,53.48,45.45,85.5,conflict,0.06,,manual_required
19214,25062248,Al Kabeer Felafel 360 gm X 2,Al Kabeer,Falafel-Frozen,Non-Stuffed,"Frozen Pizzas, Wraps, Sandwiches",360 gm,1,CFB,BEEF FRANKS,454 Gms x 20 Pkts,SAUSAGES,52.18,41.74,85.5,conflict,0.03,,manual_required
19219,25205994,Al Kabeer Green Peas/Mix Vegetable 2x400 gm,Al Kabeer,Mix Vegetables-Frozen,No Variant,Frozen Vegetables,400 gm,1,CFB,BEEF FRANKS,454 Gms x 20 Pkts,SAUSAGES,53.48,45.45,85.5,conflict,0.06,,manual_required
19232,25439508,Al Kabeer Zing Chicken Fillets Non Spicy 750 gm X 2,Al Kabeer,Chicken Fillets-Frozen,No Variant,Zing,750 gm,1,CFB,BEEF FRANKS,454 Gms x 20 Pkts,SAUSAGES,52.91,43.81,85.5,conflict,0.06,,manual_required
19249,25737686,Al Kabeer Chicken Seekh Kebabs 320 gm X 2,Al Kabeer,Seekh Kabab-Frozen,No Variant,Frozen Kabab ,320 gm,1,CCSK,KIRI CHEESE SAMOSA,20 X 240 GMS,SAMOSA,54.17,47.42,85.5,conflict,0.75,,manual_required
19269,25752298,Al Kabeer Chicken Seekh Kebabs 320 gm X 2,Al Kabeer,Seekh Kabab-Frozen,No Variant,Frozen Kabab ,320 gm,1,CCSK,KIRI CHEESE SAMOSA,20 X 240 GMS,SAMOSA,54.17,47.42,85.5,conflict,0.75,,manual_required
19272,25782809,Al Kabeer Green Peas/Mix Vegetable 2x400 gm,Al Kabeer,Mix Vegetables-Frozen,No Variant,Frozen Vegetables,400 gm,1,CFB,BEEF FRANKS,454 Gms x 20 Pkts,SAUSAGES,53.48,45.45,85.5,conflict,0.06,,manual_required
19277,25851234,Al Kabeer Mix Vegetable/Green Peas 2x400 gm,Al Kabeer,Mix Vegetables-Frozen,No Variant,Frozen Vegetables,400 gm,1,CFB,BEEF FRANKS,454 Gms x 20 Pkts,SAUSAGES,53.48,45.45,85.5,conflict,0.06,,manual_required
19278,25851997,Al Kabeer Green Peas/Mix Vegetable 2x400 gm,Al Kabeer,Mix Vegetables-Frozen,No Variant,Frozen Vegetables,400 gm,1,CFB,BEEF FRANKS,454 Gms x 20 Pkts,SAUSAGES,53.48,45.45,85.5,conflict,0.06,,manual_required
19283,25936881,Al Kabeer Chicken Seekh Kebabs 320 gm X 2,Al Kabeer,Seekh Kabab-Frozen,No Variant,Frozen Kabab ,320 gm,1,CCSK,KIRI CHEESE SAMOSA,20 X 240 GMS,SAMOSA,54.17,47.42,85.5,conflict,0.75,,manual_required
19295,26135540,Al Kabeer Green Peas/Mix Vegetable 2x400 gm,Al Kabeer,Mix Vegetables-Frozen,No Variant,Frozen Vegetables,400 gm,1,CFB,BEEF FRANKS,454 Gms x 20 Pkts,SAUSAGES,53.48,45.45,85.5,conflict,0.06,,manual_required
19297,26211863,Al Kabeer Chicken Seekh Kebabs 320 gm x 2,Al Kabeer,Seekh Kabab-Frozen,No Variant,Frozen Kabab ,320 gm,1,CCSK,KIRI CHEESE SAMOSA,20 X 240 GMS,SAMOSA,54.17,47.42,85.5,conflict,0.75,,manual_required
19299,26211891,Al kabeer Chicken Nuggets 270 gm X 2,Al Kabeer,Chicken Nuggets-Frozen,No Variant,Marinated & Breaded,270 gm,1,CBBO,4 BEEF BURGERS,200 Gms x 30 Pkt,BURGERS,53.42,45.28,85.5,conflict,0.15,,manual_required
19300,26245214,Al Kabeer Green Peas/Mix Vegetable 2x400 gm,Al Kabeer,Mix Vegetables-Frozen,No Variant,Frozen Vegetables,400 gm,1,CFB,BEEF FRANKS,454 Gms x 20 Pkts,SAUSAGES,53.48,45.45,85.5,conflict,0.06,,manual_required
19320,26608601,Al Kabeer Mix Vegetable/Green Peas 2x400 gm,Al Kabeer,Mix Vegetables-Frozen,No Variant,Frozen Vegetables,400 gm,1,CFB,BEEF FRANKS,454 Gms x 20 Pkts,SAUSAGES,53.48,45.45,85.5,conflict,0.06,,manual_required
19327,26713416,Al Kabeer Mix Vegetable/Green Peas 2x400 gm,Al Kabeer,Mix Vegetables-Frozen,No Variant,Frozen Vegetables,400 gm,1,CFB,BEEF FRANKS,454 Gms x 20 Pkts,SAUSAGES,53.48,45.45,85.5,conflict,0.06,,manual_required
19328,26713639,Al Kabeer Green Peas/ Mix Vegetable 2x400 gm,Al Kabeer,Mix Vegetables-Frozen,No Variant,Frozen Vegetables,400 gm,1,CFB,BEEF FRANKS,454 Gms x 20 Pkts,SAUSAGES,53.48,45.45,85.5,conflict,0.06,,manual_required
19338,26954630,Al Kabeer Green Peas/Mix Vegetable 2x400 gm,Al Kabeer,Mix Vegetables-Frozen,No Variant,Frozen Vegetables,400 gm,1,CFB,BEEF FRANKS,454 Gms x 20 Pkts,SAUSAGES,53.48,45.45,85.5,conflict,0.06,,manual_required
19352,27486378,Al Kabeer Green Peas/Mix Vegetable 2x400 gm,Al Kabeer,Mix Vegetables-Frozen,No Variant,Frozen Vegetables,400 gm,1,CFB,BEEF FRANKS,454 Gms x 20 Pkts,SAUSAGES,53.48,45.45,85.5,conflict,0.06,,manual_required
19355,27487173,Al Kabeer Mix Vegetable/Green Peas 2x400 gm,Al Kabeer,Mix Vegetables-Frozen,No Variant,Frozen Vegetables,400 gm,1,CFB,BEEF FRANKS,454 Gms x 20 Pkts,SAUSAGES,53.48,45.45,85.5,conflict,0.06,,manual_required
19362,27632025,Al Kabeer Zing Chicken Fillet Non Spicy 750 gm x 2,Al Kabeer,Chicken Fillets-Frozen,No Variant,Zing,750 gm,1,CFB,BEEF FRANKS,454 Gms x 20 Pkts,SAUSAGES,52.58,42.86,85.5,conflict,0.64,,manual_required
19363,27632029,Al Kabeer Chicken Nuggets 750 gm x 2,Al Kabeer,Chicken Nuggets-Frozen,No Variant,Marinated & Breaded,750 gm,1,CBBO,4 BEEF BURGERS,200 Gms x 30 Pkt,BURGERS,53.42,45.28,85.5,conflict,0.22,,manual_required
19370,27722202,Al Kabeer Green Peas/Mix Vegetable 2x400 gm,Al Kabeer,Mix Vegetables-Frozen,No Variant,Frozen Vegetables,400 gm,1,CFB,BEEF FRANKS,454 Gms x 20 Pkts,SAUSAGES,53.48,45.45,85.5,conflict,0.06,,manual_required
19378,27846354,Al Kabeer Green Peas/Mix Vegetable 2x400 gm,Al Kabeer,Mix Vegetables-Frozen,No Variant,Frozen Vegetables,400 gm,1,CFB,BEEF FRANKS,454 Gms x 20 Pkts,SAUSAGES,53.48,45.45,85.5,conflict,0.06,,manual_required
19381,27868093,Al Kabeer Green Peas/Mix Vegetable 2x400 gm,Al Kabeer,Mix Vegetables-Frozen,No Variant,Frozen Vegetables,400 gm,1,CFB,BEEF FRANKS,454 Gms x 20 Pkts,SAUSAGES,53.48,45.45,85.5,conflict,0.06,,manual_required
19384,27956244,Al Kabeer Green Peas /Mix Vegetable 2x400 gm,Al Kabeer,Mix Vegetables-Frozen,No Variant,Frozen Vegetables,400 gm,1,CFB,BEEF FRANKS,454 Gms x 20 Pkts,SAUSAGES,53.48,45.45,85.5,conflict,0.06,,manual_required
19401,28262895,Al Kabeer Green Peas/Mix Vegetable 2x400 gm,Al Kabeer,Mix Vegetables-Frozen,No Variant,Frozen Vegetables,400 gm,1,CFB,BEEF FRANKS,454 Gms x 20 Pkts,SAUSAGES,53.48,45.45,85.5,conflict,0.06,,manual_required
19405,28331934,Al Kabeer CHICKEN SEEKH KEBAB 2X320 gm,Al Kabeer,Seekh Kabab-Frozen,No Variant,Frozen Kabab ,320 gm,1,CCSK,KIRI CHEESE SAMOSA,20 X 240 GMS,SAMOSA,54.35,47.92,85.5,conflict,0.77,,manual_required
19413,28472401,Al Kabeer Green Peas/Mix Vegetable  2x400 gm,Al Kabeer,Mix Vegetables-Frozen,No Variant,Frozen Vegetables,400 gm,1,CFB,BEEF FRANKS,454 Gms x 20 Pkts,SAUSAGES,53.48,45.45,85.5,conflict,0.06,,manual_required
19415,28503987,Al Kabeer Breaded Chicken Fillet / Nuggets 750 gm,Al Kabeer,Chicken Nuggets-Frozen,No Variant,Marinated & Breaded,750 gm,1,CFBF,BREADED FISH FILLET,330 Gms x 20 Pkts,FILLETS,54.94,49.6,85.5,conflict,0.33,,manual_required
19417,28561883,Al Kabeer Green Peas/Mix Vegetable 2x400 gm,Al Kabeer,Mix Vegetables-Frozen,No Variant,Frozen Vegetables,400 gm,1,CFB,BEEF FRANKS,454 Gms x 20 Pkts,SAUSAGES,53.48,45.45,85.5,conflict,0.06,,manual_required
19425,28727425,Al Kabeer Mix Vegetable/Green Peas 400 gm x 2,Al Kabeer,Mix Vegetables-Frozen,No Variant,Frozen Vegetables,400 gm,1,CFB,BEEF FRANKS,454 Gms x 20 Pkts,SAUSAGES,53.48,45.45,85.5,conflict,0.06,,manual_required
19430,29010522,Al Kabeer CHICKEN SEEKH KEBAB 2X320 gm,Al Kabeer,Seekh Kabab-Frozen,No Variant,Frozen Kabab ,320 gm,1,CCSK,KIRI CHEESE SAMOSA,20 X 240 GMS,SAMOSA,54.35,47.92,85.5,conflict,0.77,,manual_required
19432,29011030,Al Kabeer Mix Vegetable/Green Peas 2x400 gm,Al Kabeer,Mix Vegetables-Frozen,No Variant,Frozen Vegetables,400 gm,1,CFB,BEEF FRANKS,454 Gms x 20 Pkts,SAUSAGES,53.48,45.45,85.5,conflict,0.06,,manual_required
19433,29012034,Al Kabeer Green Peas/Mix Vegetable 2x400 gm,Al Kabeer,Mix Vegetables-Frozen,No Variant,Frozen Vegetables,400 gm,1,CFB,BEEF FRANKS,454 Gms x 20 Pkts,SAUSAGES,53.48,45.45,85.5,conflict,0.06,,manual_required
19439,29106645,Al Kabeer Popcorn Chicken 2x400 gm,Al Kabeer,Chicken Popcorn-Frozen,No Variant,Marinated & Breaded,400 gm,1,CBBO,4 BEEF BURGERS,200 Gms x 30 Pkt,BURGERS,54.08,47.17,85.5,conflict,0.15,,manual_required
19440,29106664,Al Kabeer Green Peas/Mix Vegetable 2x400 gm,Al Kabeer,Mix Vegetables-Frozen,No Variant,Frozen Vegetables,400 gm,1,CFB,BEEF FRANKS,454 Gms x 20 Pkts,SAUSAGES,53.48,45.45,85.5,conflict,0.06,,manual_required
19454,29481016,Al Kabeer Mix Vegetable/Green peas 2x400 gm,Al Kabeer,Mix Vegetables-Frozen,No Variant,Frozen Vegetables,400 gm,1,CFB,BEEF FRANKS,454 Gms x 20 Pkts,SAUSAGES,53.48,45.45,85.5,conflict,0.06,,manual_required
19465,29730693,Al Kabeer Mix Vegetable/Green Peas 2x400 gm,Al Kabeer,Mix Vegetables-Frozen,No Variant,Frozen Vegetables,400 gm,1,CFB,BEEF FRANKS,454 Gms x 20 Pkts,SAUSAGES,53.48,45.45,85.5,conflict,0.06,,manual_required
19468,29734292,Al Kabeer Mix Vegetable/Green Peas 2x400 gm,Al Kabeer,Mix Vegetables-Frozen,No Variant,Frozen Vegetables,400 gm,1,CFB,BEEF FRANKS,454 Gms x 20 Pkts,SAUSAGES,53.48,45.45,85.5,conflict,0.06,,manual_required
19475,29824259,Al Kabeer Green Peas/Mix Vegetable 2x400 gm,Al Kabeer,Mix Vegetables-Frozen,No Variant,Frozen Vegetables,400 gm,1,CFB,BEEF FRANKS,454 Gms x 20 Pkts,SAUSAGES,53.48,45.45,85.5,conflict,0.06,,manual_required
19477,29825101,Al Kabeer Mix Vegetable/Green Peas 2x400 gm,Al Kabeer,Mix Vegetables-Frozen,No Variant,Frozen Vegetables,400 gm,1,CFB,BEEF FRANKS,454 Gms x 20 Pkts,SAUSAGES,53.48,45.45,85.5,conflict,0.06,,manual_required
19485,30093398,Al Kabeer Mix Vegetable/Green Peas 2x400 gm,Al Kabeer,Mix Vegetables-Frozen,No Variant,Frozen Vegetables,400 gm,1,CFB,BEEF FRANKS,454 Gms x 20 Pkts,SAUSAGES,53.48,45.45,85.5,conflict,0.06,,manual_required
19486,30096085,Al Kabeer TANDOORI CHICKEN NUGGETS 270 gm,Al Kabeer,Chicken Nuggets-Frozen,No Variant,Marinated & Breaded,270 gm,1,CCCB,CHICKEN BIRYANI 400,400 Gms x 12 Pkts,READY2EAT,54.05,47.06,85.5,conflict,0.49,,manual_required
19491,30151544,Al Kabeer Chicken Nuggets 270 gm x 2 pcs,Al Kabeer,Chicken Nuggets-Frozen,No Variant,Marinated & Breaded,270 gm,1,CFB,BEEF FRANKS,454 Gms x 20 Pkts,SAUSAGES,54.62,48.7,85.5,conflict,0.35,,manual_required
19493,30151550,Al Kabeer Chicken Seekh Kebab 320 gm x 2 pcs,Al Kabeer,Seekh Kabab-Frozen,No Variant,Frozen Kabab ,320 gm,1,CCSAK,12 CHEESE SAMOSAS,240 Gms x 20 Pkts,SAMOSA,54.43,48.15,85.5,conflict,0.25,,manual_required
19496,30201069,Al Kabeer Mix Vegetable/Green Peas 2x400 gm,Al Kabeer,Mix Vegetables-Frozen,No Variant,Frozen Vegetables,400 gm,1,CFB,BEEF FRANKS,454 Gms x 20 Pkts,SAUSAGES,53.48,45.45,85.5,conflict,0.06,,manual_required
19504,30295140,Al Kabeer Mix Vegetable/Green Peas 2x400 gm,Al Kabeer,Mix Vegetables-Frozen,No Variant,Frozen Vegetables,400 gm,1,CFB,BEEF FRANKS,454 Gms x 20 Pkts,SAUSAGES,53.48,45.45,85.5,conflict,0.06,,manual_required
19507,30320088,ALKABEER FRENCH FRIES 2X2.5 kg,Al Kabeer,French Fries-Frozen,No Variant,Frozen Fries & Onion Rings,2.5 kg,1,CBBO24,24 BEEF BURGERS,1.2 Kgs x 8 Pkts,BURGERS,53.84,46.46,85.5,conflict,0.16,,manual_required
19511,30511971,Al Kabeer Green Peas/ Mix Vegetable 2x400 gm,Al Kabeer,Mix Vegetables-Frozen,No Variant,Frozen Vegetables,400 gm,1,CFB,BEEF FRANKS,454 Gms x 20 Pkts,SAUSAGES,53.48,45.45,85.5,conflict,0.06,,manual_required
19529,30613090,Al Kabeer Mix Vegetable/ Green Peas 2x400 gm,Al Kabeer,Mix Vegetables-Frozen,No Variant,Frozen Vegetables,400 gm,1,CFB,BEEF FRANKS,454 Gms x 20 Pkts,SAUSAGES,53.48,45.45,85.5,conflict,0.06,,manual_required
19530,30708013,Al Kabeer French Fries 1 kg x2,Al Kabeer,French Fries-Frozen,No Variant,Frozen Fries & Onion Rings,1 kg,1,CBBO24,24 BEEF BURGERS,1.2 Kgs x 8 Pkts,BURGERS,54.17,47.42,85.5,conflict,0.17,,manual_required
19532,30794222,AL KABEER FALAFEL 2X360 gm,Al Kabeer,Falafel-Frozen,Non-Stuffed,"Frozen Pizzas, Wraps, Sandwiches",360 gm,1,CFB,BEEF FRANKS,454 Gms x 20 Pkts,SAUSAGES,51.97,41.12,85.5,conflict,0.02,,manual_required
19536,30794375,AL KABEER CHICKEN NUGGETS 2x270 gm,Al Kabeer,Chicken Nuggets-Frozen,No Variant,Marinated & Breaded,270 gm,1,CBBO,4 BEEF BURGERS,200 Gms x 30 Pkt,BURGERS,53.42,45.28,85.5,conflict,0.15,,manual_required
19540,30841535,Al Kabeer Mix Vegetable / Green Peas 400 gm x 2 ,Al Kabeer,Mix Vegetables-Frozen,No Variant,Frozen Vegetables,400 gm,1,CFB,BEEF FRANKS,454 Gms x 20 Pkts,SAUSAGES,53.48,45.45,85.5,conflict,0.06,,manual_required
19543,30885257,Al Kabeer French Fries 1 kg x2,Al Kabeer,French Fries-Frozen,No Variant,Frozen Fries & Onion Rings,1 kg,1,CBBO24,24 BEEF BURGERS,1.2 Kgs x 8 Pkts,BURGERS,54.17,47.42,85.5,conflict,0.17,,manual_required
19545,30896468,Al Kabeer Green Peas/Mix Vegetable 2x400 gm,Al Kabeer,Mix Vegetables-Frozen,No Variant,Frozen Vegetables,400 gm,1,CFB,BEEF FRANKS,454 Gms x 20 Pkts,SAUSAGES,53.48,45.45,85.5,conflict,0.06,,manual_required
19547,30910453,Al Kabeer French Fries 1 kg x2,Al Kabeer,French Fries-Frozen,No Variant,Frozen Fries & Onion Rings,1 kg,1,CBBO24,24 BEEF BURGERS,1.2 Kgs x 8 Pkts,BURGERS,54.17,47.42,85.5,conflict,0.17,,manual_required
19558,31091178,Al Kabeer Green Peas/Mix Vegetable 2x400 gm,Al Kabeer,Mix Vegetables-Frozen,No Variant,Frozen Vegetables,400 gm,1,CFB,BEEF FRANKS,454 Gms x 20 Pkts,SAUSAGES,53.48,45.45,85.5,conflict,0.06,,manual_required
19560,31096542,Al Kabeer FALAFEL 2X360 gm,Al Kabeer,Falafel-Frozen,Non-Stuffed,"Frozen Pizzas, Wraps, Sandwiches",360 gm,1,CFB,BEEF FRANKS,454 Gms x 20 Pkts,SAUSAGES,51.97,41.12,85.5,conflict,0.02,,manual_required
19562,31130020,Al Kabeer Chocolate Paratha 2x270 gm,Al Kabeer,Paratha-Frozen,No Variant,Frozen Pranthas,270 gm,1,CCSK,KIRI CHEESE SAMOSA,20 X 240 GMS,SAMOSA,54.17,47.42,85.5,conflict,0.29,,manual_required
19563,31131804,Al Kabeer Chocolate Parata 2x270 gm,Al Kabeer,Paratha-Frozen,No Variant,Frozen Pranthas,270 gm,1,CFBJ,JUMBO HOTDOGS,400 Gms x 20 Pkts,SAUSAGES,53.48,45.45,85.5,conflict,0.81,,manual_required
19571,31405318,Al Kabeer Green Peas/Mix Vegetable 2x400 gm,Al Kabeer,Mix Vegetables-Frozen,No Variant,Frozen Vegetables,400 gm,1,CFB,BEEF FRANKS,454 Gms x 20 Pkts,SAUSAGES,53.48,45.45,85.5,conflict,0.06,,manual_required
19572,31405660,Al Kabeer Green Peas/Mix Vegetable 2x400 gm,Al Kabeer,Mix Vegetables-Frozen,No Variant,Frozen Vegetables,400 gm,1,CFB,BEEF FRANKS,454 Gms x 20 Pkts,SAUSAGES,53.48,45.45,85.5,conflict,0.06,,manual_required
19580,31482740,Al Kabeer Green Peas/Mix Vegetable 2x400 gm,Al Kabeer,Mix Vegetables-Frozen,No Variant,Frozen Vegetables,400 gm,1,CFB,BEEF FRANKS,454 Gms x 20 Pkts,SAUSAGES,53.48,45.45,85.5,conflict,0.06,,manual_required
19594,31676434,Al Kabeer Green Peas/Mix Vegetable 2x400 gm,Al Kabeer,Mix Vegetables-Frozen,No Variant,Frozen Vegetables,400 gm,1,CFB,BEEF FRANKS,454 Gms x 20 Pkts,SAUSAGES,53.48,45.45,85.5,conflict,0.06,,manual_required
19601,31689635,Al Kabeer Chicken Nuggets (2x270 gm),Al Kabeer,Chicken Nuggets-Frozen,No Variant,Marinated & Breaded,270 gm,1,CBBO,4 BEEF BURGERS,200 Gms x 30 Pkt,BURGERS,53.42,45.28,85.5,conflict,0.15,,manual_required
19605,31760908,Al Kabeer Green Peas/ Mix Vegetable 2x400 gm,Al Kabeer,Mix Vegetables-Frozen,No Variant,Frozen Vegetables,400 gm,1,CFB,BEEF FRANKS,454 Gms x 20 Pkts,SAUSAGES,53.48,45.45,85.5,conflict,0.06,,manual_required
19609,31863808,Al Kabeer Chocolate Paratha 2x270 gm,Al Kabeer,Paratha-Frozen,No Variant,Frozen Pranthas,270 gm,1,CCSK,KIRI CHEESE SAMOSA,20 X 240 GMS,SAMOSA,54.17,47.42,85.5,conflict,0.29,,manual_required
19615,32003034,Al Kabeer Krazee Nugget 2x400 gm,Al Kabeer,Chicken Nuggets-Frozen,No Variant,Marinated & Breaded,400 gm,1,CFB,BEEF FRANKS,454 Gms x 20 Pkts,SAUSAGES,53.13,44.44,85.5,conflict,0.39,,manual_required
19618,32085701,Al Kabeer Green Peas/Mix Vegetable 2X400 gm,Al Kabeer,Mix Vegetables-Frozen,No Variant,Frozen Vegetables,400 gm,1,CFB,BEEF FRANKS,454 Gms x 20 Pkts,SAUSAGES,53.48,45.45,85.5,conflict,0.06,,manual_required
19625,32194216,Al Kabeer Mix Vegetable/Green Peas 2x400 gm,Al Kabeer,Mix Vegetables-Frozen,No Variant,Frozen Vegetables,400 gm,1,CFB,BEEF FRANKS,454 Gms x 20 Pkts,SAUSAGES,53.48,45.45,85.5,conflict,0.06,,manual_required
19632,32415862,Al Kabeer Mix Vegetable/Green Peas 2X400 gm,Al Kabeer,Mix Vegetables-Frozen,No Variant,Frozen Vegetables,400 gm,1,CFB,BEEF FRANKS,454 Gms x 20 Pkts,SAUSAGES,53.48,45.45,85.5,conflict,0.06,,manual_required
19636,32445550,Al Kabeer Green Peas/Mix Vegetable 2x400 gm,Al Kabeer,Mix Vegetables-Frozen,No Variant,Frozen Vegetables,400 gm,1,CFB,BEEF FRANKS,454 Gms x 20 Pkts,SAUSAGES,53.48,45.45,85.5,conflict,0.06,,manual_required
19639,32476150,Al Kabeer French Fries 1 kg x2,Al Kabeer,French Fries-Frozen,No Variant,Frozen Fries & Onion Rings,1 kg,1,CBBO24,24 BEEF BURGERS,1.2 Kgs x 8 Pkts,BURGERS,54.17,47.42,85.5,conflict,0.17,,manual_required
19652,32632183,Al Kabeer Green Peas/mix vegetable 2x400 gm,Al Kabeer,Mix Vegetables-Frozen,No Variant,Frozen Vegetables,400 gm,1,CFB,BEEF FRANKS,454 Gms x 20 Pkts,SAUSAGES,53.48,45.45,85.5,conflict,0.06,,manual_required
19671,33026834,Al Kabeer Mix Vegetable/Green Peas 2x400 gm,Al Kabeer,Mix Vegetables-Frozen,No Variant,Frozen Vegetables,400 gm,1,CFB,BEEF FRANKS,454 Gms x 20 Pkts,SAUSAGES,53.48,45.45,85.5,conflict,0.06,,manual_required
19674,33112761,ALKABEER FRENCH FRIES 2x2.5kg,Al Kabeer,French Fries-Frozen,No Variant,Frozen Fries & Onion Rings,2.5 kg,1,CBBO24,24 BEEF BURGERS,1.2 Kgs x 8 Pkts,BURGERS,53.84,46.46,85.5,conflict,0.16,,manual_required
19677,33272780,Al Kabeer Mix Vegetable/Green Peas 2x400 gm,Al Kabeer,Mix Vegetables-Frozen,No Variant,Frozen Vegetables,400 gm,1,CFB,BEEF FRANKS,454 Gms x 20 Pkts,SAUSAGES,53.48,45.45,85.5,conflict,0.06,,manual_required
19679,33378674,Al Kabeer Mix Vegetable/Green Peas 2x400 gm,Al Kabeer,Mix Vegetables-Frozen,No Variant,Frozen Vegetables,400 gm,1,CFB,BEEF FRANKS,454 Gms x 20 Pkts,SAUSAGES,53.48,45.45,85.5,conflict,0.06,,manual_required
19686,33704713,Al Kabeer Tandoori Nuggets 2x270 gm,Al Kabeer,Chicken Nuggets-Frozen,No Variant,Marinated & Breaded,270 gm,1,CFB,BEEF FRANKS,454 Gms x 20 Pkts,SAUSAGES,53.19,44.63,85.5,conflict,0.62,,manual_required
19691,33795179,Al Kabeer Chicken Seekh Kebabs 2 x 320 gm,Al Kabeer,Seekh Kabab-Frozen,No Variant,Frozen Kabab ,320 gm,1,CCSK,KIRI CHEESE SAMOSA,20 X 240 GMS,SAMOSA,54.17,47.42,85.5,conflict,0.75,,manual_required
19704,33971886,Al Kabeer Chicken Seekh Kebabs 2x320 gm,Al Kabeer,Seekh Kabab-Frozen,No Variant,Frozen Kabab ,320 gm,1,CCSK,KIRI CHEESE SAMOSA,20 X 240 GMS,SAMOSA,54.17,47.42,85.5,conflict,0.75,,manual_required
19710,34182639,Al Kabeer CHICKEN SEEKH KEBAB 2X320 gm,Al Kabeer,Seekh Kabab-Frozen,No Variant,Frozen Kabab ,320 gm,1,CCSK,KIRI CHEESE SAMOSA,20 X 240 GMS,SAMOSA,54.35,47.92,85.5,conflict,0.77,,manual_required
19712,34214437,Al Kabeer Mix Vegetable/Green Peas 400 gm x 2,Al Kabeer,Mix Vegetables-Frozen,No Variant,Frozen Vegetables,400 gm,1,CFB,BEEF FRANKS,454 Gms x 20 Pkts,SAUSAGES,53.48,45.45,85.5,conflict,0.06,,manual_required
19716,34314951,Al Kabeer Mix Vegetable/Green Peas 2x400 gm,Al Kabeer,Mix Vegetables-Frozen,No Variant,Frozen Vegetables,400 gm,1,CFB,BEEF FRANKS,454 Gms x 20 Pkts,SAUSAGES,53.48,45.45,85.5,conflict,0.06,,manual_required
19718,34317088,alkabeer Chicken Seekh Kabab 2X320 gm,Al Kabeer,Seekh Kabab-Frozen,No Variant,Frozen Kabab ,320 gm,1,CCSK,KIRI CHEESE SAMOSA,20 X 240 GMS,SAMOSA,53.91,46.67,85.5,conflict,0.42,,manual_required
19719,34354522,Al Kabeer Chicken Franks 2x340 gm,Al Kabeer,Chicken Franks-Frozen,No Variant, Frozen Franks & Hotdogs,340 gm,1,CFB,BEEF FRANKS,454 Gms x 20 Pkts,SAUSAGES,54.9,49.5,85.5,conflict,0.73,,manual_required
19727,34406738,Al Kabeer Green Peas/Mix Vegetable 2x400 gm,Al Kabeer,Mix Vegetables-Frozen,No Variant,Frozen Vegetables,400 gm,1,CFB,BEEF FRANKS,454 Gms x 20 Pkts,SAUSAGES,53.48,45.45,85.5,conflict,0.06,,manual_required
19730,34446619,Al Kabeer French Fries 1 kg x2,Al Kabeer,French Fries-Frozen,No Variant,Frozen Fries & Onion Rings,1 kg,1,CBBO24,24 BEEF BURGERS,1.2 Kgs x 8 Pkts,BURGERS,54.17,47.42,85.5,conflict,0.17,,manual_required
19736,34528585,Al Kabeer Green Peas/Mix Vegetable 2x400 gm,Al Kabeer,Mix Vegetables-Frozen,No Variant,Frozen Vegetables,400 gm,1,CFB,BEEF FRANKS,454 Gms x 20 Pkts,SAUSAGES,53.48,45.45,85.5,conflict,0.06,,manual_required
19738,34596279,Al Kabeer French Fries 1 kg x2,Al Kabeer,French Fries-Frozen,No Variant,Frozen Fries & Onion Rings,1 kg,1,CBBO24,24 BEEF BURGERS,1.2 Kgs x 8 Pkts,BURGERS,54.17,47.42,85.5,conflict,0.17,,manual_required
19749,34879966,AL KABEER CHICKEN SEEKH KEBAB 2X320 gm,Al Kabeer,Seekh Kabab-Frozen,No Variant,Frozen Kabab ,320 gm,1,CCSK,KIRI CHEESE SAMOSA,20 X 240 GMS,SAMOSA,54.35,47.92,85.5,conflict,0.77,,manual_required
19751,34881262,Al Kabeer Chicken Nuggets (270 gm X 2),Al Kabeer,Chicken Nuggets-Frozen,No Variant,Marinated & Breaded,270 gm,1,CBBO,4 BEEF BURGERS,200 Gms x 30 Pkt,BURGERS,53.42,45.28,85.5,conflict,0.15,,manual_required
19752,34881274,Al Kabeer Zing Chicken Strips - Spicy (320 gm X 2),Al Kabeer,Chicken Strips-Frozen,Spicy,Marinated & Breaded,320 gm,1,CBBO,4 BEEF BURGERS,200 Gms x 30 Pkt,BURGERS,54.91,49.52,85.5,conflict,0.82,,manual_required
19765,35096318,Al Kabeer Green Peas/Mix Vegetable 2x400 gm,Al Kabeer,Mix Vegetables-Frozen,No Variant,Frozen Vegetables,400 gm,1,CFB,BEEF FRANKS,454 Gms x 20 Pkts,SAUSAGES,53.48,45.45,85.5,conflict,0.06,,manual_required
19780,35175583,Al Kabeer Mix Vegetable / Green Peas 400 gm x 2,Al Kabeer,Mix Vegetables-Frozen,No Variant,Frozen Vegetables,400 gm,1,CFB,BEEF FRANKS,454 Gms x 20 Pkts,SAUSAGES,53.48,45.45,85.5,conflict,0.06,,manual_required
19798,35345811,Al Kabeer Green Peas/Mix Vegetable 2x400 gm,Al Kabeer,Mix Vegetables-Frozen,No Variant,Frozen Vegetables,400 gm,1,CFB,BEEF FRANKS,454 Gms x 20 Pkts,SAUSAGES,53.48,45.45,85.5,conflict,0.06,,manual_required
19811,35512177,Al Kabeer Chicken Kibbeh 2X400 gm,Al Kabeer,Chicken Popcorn-Frozen,No Variant,Marinated & Breaded,400 gm,1,CBBO,4 BEEF BURGERS,200 Gms x 30 Pkt,BURGERS,53.68,46.02,85.5,conflict,0.12,,manual_required
19828,35894357,Al Kabeer Mix Vegetable/Green Peas 2x400 gm,Al Kabeer,Mix Vegetables-Frozen,No Variant,Frozen Vegetables,400 gm,1,CFB,BEEF FRANKS,454 Gms x 20 Pkts,SAUSAGES,53.48,45.45,85.5,conflict,0.06,,manual_required
19833,35934893,Al Kabeer Breaded Chicken Fillets 2x(750g),Al Kabeer,Chicken Fillets-Frozen,Spicy,Marinated & Breaded,750 gm,1,CBBOA,BEEF BURGERS BULK,2 Kgs x 5 Pkts,BURGERS,54.7,48.94,85.5,conflict,1.19,,manual_required
19842,36059692,Al Kabeer Green Peas/Mix Vegetable 2x400 gm,Al Kabeer,Mix Vegetables-Frozen,No Variant,Frozen Vegetables,400 gm,1,CFB,BEEF FRANKS,454 Gms x 20 Pkts,SAUSAGES,53.48,45.45,85.5,conflict,0.06,,manual_required
19857,36823584,Al Kabeer Mix Vegetable/Green Peas 2x400 gm,Al Kabeer,Mix Vegetables-Frozen,No Variant,Frozen Vegetables,400 gm,1,CFB,BEEF FRANKS,454 Gms x 20 Pkts,SAUSAGES,53.48,45.45,85.5,conflict,0.06,,manual_required
19867,37167964,Al Kabeer Chicken Seekh Kebab 2 x 320gm,Al Kabeer,Seekh Kabab-Frozen,No Variant,Frozen Kabab ,320 gm,1,CCSK,KIRI CHEESE SAMOSA,20 X 240 GMS,SAMOSA,54.54,48.48,85.5,conflict,0.77,,manual_required
19869,37212591,Al Kabeer Mix Vegetable/Green peas 2x400 gm,Al Kabeer,Mix Vegetables-Frozen,No Variant,Frozen Vegetables,400 gm,1,CFB,BEEF FRANKS,454 Gms x 20 Pkts,SAUSAGES,53.48,45.45,85.5,conflict,0.06,,manual_required
19894,38116500,Al Kabeer Chicken Nuggets 270 gm x 2 pcs,Al Kabeer,Chicken Nuggets-Frozen,No Variant,Marinated & Breaded,270 gm,1,CFB,BEEF FRANKS,454 Gms x 20 Pkts,SAUSAGES,54.62,48.7,85.5,conflict,0.35,,manual_required
19904,38661102,Al Kabeer Mix Vegetable/Green Peas 2x400 gm,Al Kabeer,Mix Vegetables-Frozen,No Variant,Frozen Vegetables,400 gm,1,CFB,BEEF FRANKS,454 Gms x 20 Pkts,SAUSAGES,53.48,45.45,85.5,conflict,0.06,,manual_required
19907,38792604,Al Kabeer Green Peas/Mix Vegetable 2x400 gm,Al Kabeer,Mix Vegetables-Frozen,No Variant,Frozen Vegetables,400 gm,1,CFB,BEEF FRANKS,454 Gms x 20 Pkts,SAUSAGES,53.48,45.45,85.5,conflict,0.06,,manual_required
19912,38928998,Al Kabeer Chicken Strips Zing 2x320 gm,Al Kabeer,Chicken Strips-Frozen,Spicy,Marinated & Breaded,320 gm,1,CBBO,4 BEEF BURGERS,200 Gms x 30 Pkt,BURGERS,54.91,49.52,85.5,conflict,0.82,,manual_required
19915,38958250,Al Kabeer Chicken Nuggets 2x270 gm,Al Kabeer,Chicken Nuggets-Frozen,No Variant,Marinated & Breaded,270 gm,1,CBBO,4 BEEF BURGERS,200 Gms x 30 Pkt,BURGERS,53.42,45.28,85.5,conflict,0.15,,manual_required
19925,39285236,Al Kabeer Green Peas/Mix Vegetable 2x400 gm,Al Kabeer,Mix Vegetables-Frozen,No Variant,Frozen Vegetables,400 gm,1,CFB,BEEF FRANKS,454 Gms x 20 Pkts,SAUSAGES,53.48,45.45,85.5,conflict,0.06,,manual_required
19939,32657863,ALKABEER MANGO PULP 1000 gm (Buy 5 For Price Of 2)	,Al Kabeer,Mango-Frozen,No Variant,Frozen Fruits,1 kg,1,CBBO24,24 BEEF BURGERS,1.2 Kgs x 8 Pkts,BURGERS,54.12,47.27,85.5,conflict,0.49,,manual_required
19964,16490778,Al Kabeer Chicken Franks 3x340gm,Al Kabeer,Chicken Franks-Frozen,No Variant, Frozen Franks & Hotdogs,340 gm,1,CFB,BEEF FRANKS,454 Gms x 20 Pkts,SAUSAGES,54.4,48.08,85.5,conflict,1.43,,manual_required
19982,16935283,Al Kabeer Chicken Franks 3x 340 gm,Al Kabeer,Chicken Franks-Frozen,No Variant, Frozen Franks & Hotdogs,340 gm,1,CFB,BEEF FRANKS,454 Gms x 20 Pkts,SAUSAGES,54.21,47.52,85.5,conflict,0.76,,manual_required
19984,16940985,Al Kabeer Chicken Franks 3x340gm,Al Kabeer,Chicken Franks-Frozen,No Variant, Frozen Franks & Hotdogs,340 gm,1,CFB,BEEF FRANKS,454 Gms x 20 Pkts,SAUSAGES,54.4,48.08,85.5,conflict,1.43,,manual_required
19989,17058969,Al Kabeer GREEN PEAS/MIX VEGETABLE 400 GM x 3,Al Kabeer,Mix Vegetables-Frozen,No Variant,Frozen Vegetables,400 gm,1,CFB,BEEF FRANKS,454 Gms x 20 Pkts,SAUSAGES,52.85,43.64,85.5,conflict,0.08,,manual_required
19991,17108474,Al Kabeer Chicken Franks 3x340 gm,Al Kabeer,Chicken Franks-Frozen,No Variant, Frozen Franks & Hotdogs,340 gm,1,CFB,BEEF FRANKS,454 Gms x 20 Pkts,SAUSAGES,54.21,47.52,85.5,conflict,0.76,,manual_required
19997,17271638,Al Kabeer  CHICKEN FRANKS 3X340 GM,Al Kabeer,Chicken Franks-Frozen,No Variant, Frozen Franks & Hotdogs,340 gm,1,CFB,BEEF FRANKS,454 Gms x 20 Pkts,SAUSAGES,54.21,47.52,85.5,conflict,0.76,,manual_required
19998,17354568,Al Kabeer Chicken Franks 3x340gm,Al Kabeer,Chicken Franks-Frozen,No Variant, Frozen Franks & Hotdogs,340 gm,1,CFB,BEEF FRANKS,454 Gms x 20 Pkts,SAUSAGES,54.4,48.08,85.5,conflict,1.43,,manual_required
20004,17527565,Al Kabeer Chicken Franks 3x340gm,Al Kabeer,Chicken Franks-Frozen,No Variant, Frozen Franks & Hotdogs,340 gm,1,CFB,BEEF FRANKS,454 Gms x 20 Pkts,SAUSAGES,54.4,48.08,85.5,conflict,1.43,,manual_required
20005,17543602,AL KABEER CHICKEN FRANKS 3X340GM,Al Kabeer,Chicken Franks-Frozen,No Variant, Frozen Franks & Hotdogs,340 gm,1,CFB,BEEF FRANKS,454 Gms x 20 Pkts,SAUSAGES,54.4,48.08,85.5,conflict,1.43,,manual_required
20007,17569122,AL KABEER GREEN PEAS/MIX VEGETABLE 3x400G,Al Kabeer,Mix Vegetables-Frozen,No Variant,Frozen Vegetables,400 gm,1,CFB,BEEF FRANKS,454 Gms x 20 Pkts,SAUSAGES,52.85,43.64,85.5,conflict,0.08,,manual_required
20012,17841068,AL KABEER CHICKEN FRANKS 3X340 GM,Al Kabeer,Chicken Franks-Frozen,No Variant, Frozen Franks & Hotdogs,340 gm,1,CFB,BEEF FRANKS,454 Gms x 20 Pkts,SAUSAGES,54.21,47.52,85.5,conflict,0.76,,manual_required
20019,18035724,Al Kabeer Chicken Franks 3X340Gm,Al Kabeer,Chicken Franks-Frozen,No Variant, Frozen Franks & Hotdogs,340 gm,1,CFB,BEEF FRANKS,454 Gms x 20 Pkts,SAUSAGES,54.4,48.08,85.5,conflict,1.43,,manual_required
20026,18306827,AL KABEER GREEN PEAS/MIX VEGETABLE 400 GM x 3,Al Kabeer,Mix Vegetables-Frozen,No Variant,Frozen Vegetables,400 gm,1,CFB,BEEF FRANKS,454 Gms x 20 Pkts,SAUSAGES,52.85,43.64,85.5,conflict,0.08,,manual_required
20038,18725528,Al Kabeer Plain Paratha / Malabar Paratha (400g X 3),Al Kabeer,Paratha-Frozen,No Variant,Frozen Pranthas,400 gm,1,CBBO,4 BEEF BURGERS,200 Gms x 30 Pkt,BURGERS,52.42,42.42,85.5,conflict,0.18,,manual_required
20042,18808025,AL KABEER GREEN PEAS/MIX VEGETABLE 3X400 GM,Al Kabeer,Mix Vegetables-Frozen,No Variant,Frozen Vegetables,400 gm,1,CFB,BEEF FRANKS,454 Gms x 20 Pkts,SAUSAGES,52.85,43.64,85.5,conflict,0.08,,manual_required
20044,18847118,Al Kabeer Plain Paratha/Malabar Paratha (400g X 3),Al Kabeer,Paratha-Frozen,No Variant,Frozen Pranthas,400 gm,1,CBBO,4 BEEF BURGERS,200 Gms x 30 Pkt,BURGERS,52.42,42.42,85.5,conflict,0.18,,manual_required
20045,18864198,Al Kabeer Plain Paratha / Malabar Paratha (400g X 3),Al Kabeer,Paratha-Frozen,No Variant,Frozen Pranthas,400 gm,1,CBBO,4 BEEF BURGERS,200 Gms x 30 Pkt,BURGERS,52.42,42.42,85.5,conflict,0.18,,manual_required
20046,19003760,Al Kabeer Paratha Plain/ Al Kabeer Malabar Paratha 400gm x 3,Al Kabeer,Paratha-Frozen,No Variant,Frozen Pranthas,400 gm,1,CBBO,4 BEEF BURGERS,200 Gms x 30 Pkt,BURGERS,51.99,41.18,85.5,conflict,0.15,,manual_required
20047,19017037,Al Kabeer Paratha Plain/ Al Kabeer Malabar Paratha 400gm x 3,Al Kabeer,Paratha-Frozen,No Variant,Frozen Pranthas,400 gm,1,CBBO,4 BEEF BURGERS,200 Gms x 30 Pkt,BURGERS,51.99,41.18,85.5,conflict,0.15,,manual_required
20050,19096881,AL KABEER CHICKEN FRANKS 3X340GM,Al Kabeer,Chicken Franks-Frozen,No Variant, Frozen Franks & Hotdogs,340 gm,1,CFB,BEEF FRANKS,454 Gms x 20 Pkts,SAUSAGES,54.4,48.08,85.5,conflict,1.43,,manual_required
20068,20223579,Al Kabeer Paratha Plain/Malabar Paratha 400gm x 3,Al Kabeer,Paratha-Frozen,No Variant,Frozen Pranthas,400 gm,1,CBBO,4 BEEF BURGERS,200 Gms x 30 Pkt,BURGERS,51.99,41.18,85.5,conflict,0.15,,manual_required
20070,20250707,Al Kabeer Paratha Plain/ Malabar Paratha 400gm x 3,Al Kabeer,Paratha-Frozen,No Variant,Frozen Pranthas,400 gm,1,CBBO,4 BEEF BURGERS,200 Gms x 30 Pkt,BURGERS,51.99,41.18,85.5,conflict,0.15,,manual_required
20079,21246939,Al Kabeer Paratha Plain/Malabar Paratha 400 gm x 3,Al Kabeer,Paratha-Frozen,No Variant,Frozen Pranthas,400 gm,1,CBBO,4 BEEF BURGERS,200 Gms x 30 Pkt,BURGERS,52.42,42.42,85.5,conflict,0.18,,manual_required
20096,22938339,Al Kabeer Paratha Plain/Malabar Paratha 400gm x 3,Al Kabeer,Paratha-Frozen,No Variant,Frozen Pranthas,400 gm,1,CBBO,4 BEEF BURGERS,200 Gms x 30 Pkt,BURGERS,51.99,41.18,85.5,conflict,0.15,,manual_required
20097,22952828,Al Kabeer Paratha Plain/Malabar Paratha 400gm x 3,Al Kabeer,Paratha-Frozen,No Variant,Frozen Pranthas,400 gm,1,CBBO,4 BEEF BURGERS,200 Gms x 30 Pkt,BURGERS,51.99,41.18,85.5,conflict,0.15,,manual_required
20111,24705513,Al Kabeer Plain Paratha Wheat Paratha 3x400 gm,Al Kabeer,Paratha-Frozen,No Variant,Frozen Pranthas,400 gm,1,CFB,BEEF FRANKS,454 Gms x 20 Pkts,SAUSAGES,52.53,42.72,85.5,conflict,0.52,,manual_required
20125,27158806,Al Kabeer Paratha Plain/Malabar Paratha 3x400 gm,Al Kabeer,Paratha-Frozen,No Variant,Frozen Pranthas,400 gm,1,CBBO,4 BEEF BURGERS,200 Gms x 30 Pkt,BURGERS,52.42,42.42,85.5,conflict,0.18,,manual_required
20129,27928572,Al Kabeer Paratha Plain/ Malabar Paratha 400 gm x 3,Al Kabeer,Paratha-Frozen,No Variant,Frozen Pranthas,400 gm,1,CBBO,4 BEEF BURGERS,200 Gms x 30 Pkt,BURGERS,52.42,42.42,85.5,conflict,0.18,,manual_required
20137,29481148,Al Kabeer Chicken Franks 3x340 gm,Al Kabeer,Chicken Franks-Frozen,No Variant, Frozen Franks & Hotdogs,340 gm,1,CFB,BEEF FRANKS,454 Gms x 20 Pkts,SAUSAGES,54.21,47.52,85.5,conflict,0.76,,manual_required
20140,29734296,Al Kabeer Chicken Franks 3x340 gm,Al Kabeer,Chicken Franks-Frozen,No Variant, Frozen Franks & Hotdogs,340 gm,1,CFB,BEEF FRANKS,454 Gms x 20 Pkts,SAUSAGES,54.21,47.52,85.5,conflict,0.76,,manual_required
20149,30564142,Al Kabeer Chicken Franks 3x340 gm,Al Kabeer,Chicken Franks-Frozen,No Variant, Frozen Franks & Hotdogs,340 gm,1,CFB,BEEF FRANKS,454 Gms x 20 Pkts,SAUSAGES,54.21,47.52,85.5,conflict,0.76,,manual_required
20152,30678048,Al Kabeer Chicken Franks 3x340 gm,Al Kabeer,Chicken Franks-Frozen,No Variant, Frozen Franks & Hotdogs,340 gm,1,CFB,BEEF FRANKS,454 Gms x 20 Pkts,SAUSAGES,54.21,47.52,85.5,conflict,0.76,,manual_required
20175,33471425,Al Kabeer Chicken Franks 3x340 gm,Al Kabeer,Chicken Franks-Frozen,No Variant, Frozen Franks & Hotdogs,340 gm,1,CFB,BEEF FRANKS,454 Gms x 20 Pkts,SAUSAGES,54.21,47.52,85.5,conflict,0.76,,manual_required
20178,33794571,Al Kabeer Chicken Franks 3x340 gm,Al Kabeer,Chicken Franks-Frozen,No Variant, Frozen Franks & Hotdogs,340 gm,1,CFB,BEEF FRANKS,454 Gms x 20 Pkts,SAUSAGES,54.21,47.52,85.5,conflict,0.76,,manual_required
20179,33795023,Al Kabeer Chicken Franks 3 x 340 gm,Al Kabeer,Chicken Franks-Frozen,No Variant, Frozen Franks & Hotdogs,340 gm,1,CFB,BEEF FRANKS,454 Gms x 20 Pkts,SAUSAGES,54.21,47.52,85.5,conflict,0.76,,manual_required
20180,33823974,Al Kabeer Chicken Franks 3X340 gm,Al Kabeer,Chicken Franks-Frozen,No Variant, Frozen Franks & Hotdogs,340 gm,1,CFB,BEEF FRANKS,454 Gms x 20 Pkts,SAUSAGES,54.21,47.52,85.5,conflict,0.76,,manual_required
20182,33936153,Al Kabeer Chicken Franks 3x340 gm,Al Kabeer,Chicken Franks-Frozen,No Variant, Frozen Franks & Hotdogs,340 gm,1,CFB,BEEF FRANKS,454 Gms x 20 Pkts,SAUSAGES,54.21,47.52,85.5,conflict,0.76,,manual_required
20185,33971870,Al Kabeer Chicken Franks 3X340 gm,Al Kabeer,Chicken Franks-Frozen,No Variant, Frozen Franks & Hotdogs,340 gm,1,CFB,BEEF FRANKS,454 Gms x 20 Pkts,SAUSAGES,54.21,47.52,85.5,conflict,0.76,,manual_required
20188,34401007,Al Kabeer Chicken Franks 3x340gm,Al Kabeer,Chicken Franks-Frozen,No Variant, Frozen Franks & Hotdogs,340 gm,1,CFB,BEEF FRANKS,454 Gms x 20 Pkts,SAUSAGES,54.4,48.08,85.5,conflict,1.43,,manual_required
20190,34602680,Al Kabeer Chicken Franks 3x340 gm,Al Kabeer,Chicken Franks-Frozen,No Variant, Frozen Franks & Hotdogs,340 gm,1,CFB,BEEF FRANKS,454 Gms x 20 Pkts,SAUSAGES,54.21,47.52,85.5,conflict,0.76,,manual_required
20193,34856072,Al Kabeer Chicken Franks 3x340gm,Al Kabeer,Chicken Franks-Frozen,No Variant, Frozen Franks & Hotdogs,340 gm,1,CFB,BEEF FRANKS,454 Gms x 20 Pkts,SAUSAGES,54.4,48.08,85.5,conflict,1.43,,manual_required
20194,34879887,AL KABEER CHICKEN FRANKS 3X340 gm,Al Kabeer,Chicken Franks-Frozen,No Variant, Frozen Franks & Hotdogs,340 gm,1,CFB,BEEF FRANKS,454 Gms x 20 Pkts,SAUSAGES,54.21,47.52,85.5,conflict,0.76,,manual_required
20200,35497152,AL KABEER CHICKEN FRANKS 3X340 gm,Al Kabeer,Chicken Franks-Frozen,No Variant, Frozen Franks & Hotdogs,340 gm,1,CFB,BEEF FRANKS,454 Gms x 20 Pkts,SAUSAGES,54.21,47.52,85.5,conflict,0.76,,manual_required
20203,35772301,Al Kabeer Chicken Franks 3x340 gm,Al Kabeer,Chicken Franks-Frozen,No Variant, Frozen Franks & Hotdogs,340 gm,1,CFB,BEEF FRANKS,454 Gms x 20 Pkts,SAUSAGES,54.21,47.52,85.5,conflict,0.76,,manual_required
20204,35901155,Al Kabeer malabar paratha or paratha plain 3X400 gm,Al Kabeer,Paratha-Frozen,No Variant,Frozen Pranthas,400 gm,1,CBBO,4 BEEF BURGERS,200 Gms x 30 Pkt,BURGERS,52.67,43.14,85.5,conflict,0.84,,manual_required
20215,36770597,Al Kabeer CHICKEN FRANKS 3X340 gm,Al Kabeer,Chicken Franks-Frozen,No Variant, Frozen Franks & Hotdogs,340 gm,1,CFB,BEEF FRANKS,454 Gms x 20 Pkts,SAUSAGES,54.21,47.52,85.5,conflict,0.76,,manual_required
20216,37117695,Al Kabeer CHICKEN FRANKS 3X340 gm,Al Kabeer,Chicken Franks-Frozen,No Variant, Frozen Franks & Hotdogs,340 gm,1,CFB,BEEF FRANKS,454 Gms x 20 Pkts,SAUSAGES,54.21,47.52,85.5,conflict,0.76,,manual_required
20218,37511383,Al Kabeer Chicken Franks 3x340 gm,Al Kabeer,Chicken Franks-Frozen,No Variant, Frozen Franks & Hotdogs,340 gm,1,CFB,BEEF FRANKS,454 Gms x 20 Pkts,SAUSAGES,54.21,47.52,85.5,conflict,0.76,,manual_required
20219,37652760,Al Kabeer Chicken Franks 3x340 gm,Al Kabeer,Chicken Franks-Frozen,No Variant, Frozen Franks & Hotdogs,340 gm,1,CFB,BEEF FRANKS,454 Gms x 20 Pkts,SAUSAGES,54.21,47.52,85.5,conflict,0.76,,manual_required
20220,37839103,Al Kabeer CHICKEN FRANKS 3X340 gm,Al Kabeer,Chicken Franks-Frozen,No Variant, Frozen Franks & Hotdogs,340 gm,1,CFB,BEEF FRANKS,454 Gms x 20 Pkts,SAUSAGES,54.21,47.52,85.5,conflict,0.76,,manual_required
20224,38484899,Al Kabeer Chicken Franks 3x340 gm,Al Kabeer,Chicken Franks-Frozen,No Variant, Frozen Franks & Hotdogs,340 gm,1,CFB,BEEF FRANKS,454 Gms x 20 Pkts,SAUSAGES,54.21,47.52,85.5,conflict,0.76,,manual_required
20225,18445666,Al Kabeer Green Peas 900Gm;,Al Kabeer,Green/Garden Peas-Frozen,No Variant,Frozen Vegetables,900 gm,1,VPAN,PANEER CUBES,200 gm x 20 Pkts,TRADING-VEG,53.52,45.54,85.5,conflict,1.53,,manual_required
20226,18741780,Al Kabeer Green Peas 900Gm,Al Kabeer,Green/Garden Peas-Frozen,No Variant,Frozen Vegetables,900 gm,1,VPAN,PANEER CUBES,200 gm x 20 Pkts,TRADING-VEG,53.52,45.54,85.5,conflict,1.53,,manual_required
20227,34207791,al kabeer Tender Chicken Breast 4x(1 kg),Al Kabeer,Chicken Breast-Frozen,No Variant,Frozen Chicken Parts,1 kg,1,CCSAKA,CHEESE SAMOSAS BULK,1.2 Kgs x 4 Pkts,SAMOSA,54.38,48.0,85.5,conflict,0.2,,manual_required
